{"type":"FeatureCollection","crs":{"type":"name","properties":{"name":"EPSG:28992"}},"features":[{"type":"Feature","id":4,"geometry":{"type":"Polygon","coordinates":[[[115851.42909999937,461736.67610000074],[115839.46200000122,461765.58399999887],[115830.50299999863,461786.60200000182],[115807.03299999982,461846.51000000164],[115797.13199999928,461870.94399999827],[115786.73000000045,461895.02800000086],[115775.31100000069,461923.59400000051],[115765.46400000155,461948.68299999833],[115756.67199999839,461969.26900000125],[115750.85500000045,461984.99399999902],[115749.74799999967,461987.09299999848],[115746.2349999994,461987.21000000089],[115742.68100000173,461986.27299999818],[115733.33199999854,461981.8049999997],[115725.6950000003,461979.17700000107],[115715.44200000167,461977.00699999928],[115704.5390000008,461973.32699999958],[115694.38399999961,461969.58199999854],[115687.38599999994,461966.02899999917],[115685.86300000176,461964.84499999881],[115691.89200000092,461952.08999999985],[115697.47700000182,461937.13399999961],[115705.07400000095,461918.02299999818],[115715.68200000003,461892.82999999821],[115725.28000000119,461870.95499999821],[115735.65900000185,461846.16099999845],[115745.22199999914,461824.32400000095],[115758.43100000173,461795.05299999937],[115768.04899999872,461770.78599999845],[115778.2890000008,461745.59400000051],[115790.33900000155,461717.71499999985],[115792.89409999922,461711.43210000172],[115808.24700000137,461673.68100000173],[115822.01000000164,461640.40100000054],[115831.08199999854,461620.71700000018],[115888.45499999821,461643.74300000072],[115874.30600000173,461679.56799999997],[115863.5549999997,461707.38500000164],[115851.42909999937,461736.67610000074]]]},"properties":{"ORACLE_OBJECTID":192,"CODE":"PAW_OR-4.10.OB26","NAAM":"OB Vereniging Natuurmonumenten","STATUSOBJECT":"gerealiseerd","SOORTPEILGEBIED":"Onderbemaling","SOORTAFWATERING":"Bemalen","PEILBEHERENDEINSTANTIE":"KADASTRAAL EIGENAAR","OPPERVLAKTE":24237,"OMTREK":874,"OPMERKING":null,"HYPERLINK":null,"ONTHEFFING":"V59230","SOORTPEILBEHEER":"dynamisch peil","VASTPEIL":-2.0099999999999998,"ZOMERPEIL":null,"WINTERPEIL":null,"FLEXZOMERPEILONDERGRENS":-2.0099999999999998,"FLEXZOMERPEILBOVENGRENS":null,"FLEXWINTERPEILONDERGRENS":-2.0099999999999998,"FLEXWINTERPEILBOVENGRENS":null,"ZOMERPEILTEKST":"bov: / ond:-2.01","WINTERPEILTEKST":"bov: / ond:-2.01","INWINNENDEINSTANTIE":"Hoogheemraadschap van Rijnland","METENDEINSTANTIE":null,"INWINNINGSMETHODE":null,"DIMENSIE":"2D","NAUWKEURIGHEIDXY":null,"NAUWKEURIGHEIDZ":null,"DATUMINWINNING":1410739200000,"GEOKPOBJECTID":11,"LAST_EDITED_DATE":1753434451000,"STATUSPEILGEBIED":"Vigerend definitief","SHAPE_AREA":0,"SHAPE_LEN":0,"BEVAT":null,"VOERTAFOP":null,"LONGITUDE":4.8143544299999999,"LATITUDE":52.143031980000004,"XCOORDINAAT":115787.16,"YCOORDINAAT":461803.96000000002,"VASTBEHEERMARGEBOVEN":null,"VASTBEHEERMARGEONDER":null,"ZPBEHEERMARGEBOVEN":null,"ZPBEHEERMARGEONDER":null,"WPBEHEERMARGEONDER":null,"WPBEHEERMARGEBOVEN":null,"FLEXZPONDERBEHEERMARGEBOVEN":null,"FLEXZPONDERBEHEERMARGEONDER":null,"FLEXZPBOVENBEHEERMARGEBOVEN":null,"FLEXZPBOVENBEHEERMARGEONDER":null,"FLEXWPONDERBEHEERMARGEBOVEN":null,"FLEXWPONDERBEHEERMARGEONDER":null,"FLEXWPBOVENBEHEERMARGEBOVEN":null,"FLEXWPBOVENBEHEERMARGEONDER":null,"OBJECTID2":4}},{"type":"Feature","id":6,"geometry":{"type":"Polygon","coordinates":[[[105645.00800000131,464065.9290000014],[105648.82299999893,464085.25400000066],[105651.57499999925,464099.1959999986],[105655.79199999943,464122.28999999911],[105664.57899999991,464165.79600000009],[105671.5709999986,464202.95800000057],[105678.76099999994,464247.97899999842],[105681.81399999931,464273.82800000161],[105682.31799999997,464278.375],[105682.87099999934,464283.36199999973],[105683.89999999851,464292.64999999851],[105683.94900000095,464293.95100000128],[105682.95399999991,464294.13500000164],[105681.38399999961,464294.25800000131],[105676.45399999991,464294.21499999985],[105652.73900000006,464293.37000000104],[105591.91499999911,464292.11600000039],[105525.62299999967,464290.43200000003],[105476.66099999845,464289.26300000027],[105420.95300000161,464287.86800000072],[105378.29199999943,464287.12200000137],[105239.90100000054,464283.78700000048],[105149.78599999845,464281.42199999839],[105074.66800000146,464279.57299999893],[105016.41499999911,464278.35599999875],[105000.0540000014,464278.06199999899],[104979.45499999821,464277.69399999827],[104962.33100000024,464277.11300000176],[104960.92700000107,464276.98200000077],[104958.25299999863,464276.7340000011],[104956.35000000149,464276.04199999943],[104955.73699999973,464275.18800000101],[104954.65399999917,464271.29699999839],[104952.28599999845,464256.80900000036],[104950.21499999985,464243.02299999818],[104947.86300000176,464235.61699999869],[104945.63699999824,464222.67799999937],[104942.80600000173,464204.09600000083],[104941.125,464193.98000000045],[104939.60099999979,464185.35000000149],[104938.44399999827,464176.8359999992],[104937.66600000113,464174.5709999986],[104934.60599999875,464154.5390000008],[104918.33399999887,464049.08799999952],[104918.61600000039,464046.69000000134],[104919.59400000051,464045.38699999824],[105031.82499999925,464048.14499999955],[105070.00400000066,464049.17700000107],[105119.06100000069,464050.36800000072],[105309.30900000036,464055.2340000011],[105331.0709999986,464055.76300000027],[105373.78200000152,464056.86499999836],[105431.31199999899,464058.375],[105458.79899999872,464059.0700000003],[105493.88800000027,464059.9299999997],[105520.64400000125,464060.6240000017],[105561.01999999955,464061.61699999869],[105601.17300000042,464062.77899999917],[105643.7659999989,464063.76399999857],[105644.57899999991,464063.75600000098],[105645.00800000131,464065.9290000014]]]},"properties":{"ORACLE_OBJECTID":194,"CODE":"PAW_OR-4.06.OB14_1","NAAM":"Polder Vierambacht","STATUSOBJECT":"gerealiseerd","SOORTPEILGEBIED":"Onderbemaling","SOORTAFWATERING":"Bemalen","PEILBEHERENDEINSTANTIE":"VERGUNNINGHOUDER","OPPERVLAKTE":167986,"OMTREK":1921,"OPMERKING":null,"HYPERLINK":null,"ONTHEFFING":"V57679","SOORTPEILBEHEER":"vast peil","VASTPEIL":-6.2199999999999998,"ZOMERPEIL":null,"WINTERPEIL":null,"FLEXZOMERPEILONDERGRENS":null,"FLEXZOMERPEILBOVENGRENS":null,"FLEXWINTERPEILONDERGRENS":null,"FLEXWINTERPEILBOVENGRENS":null,"ZOMERPEILTEKST":"-6.22","WINTERPEILTEKST":"-6.22","INWINNENDEINSTANTIE":"Hoogheemraadschap van Rijnland","METENDEINSTANTIE":null,"INWINNINGSMETHODE":null,"DIMENSIE":"2D","NAUWKEURIGHEIDXY":null,"NAUWKEURIGHEIDZ":null,"DATUMINWINNING":1393286400000,"GEOKPOBJECTID":111,"LAST_EDITED_DATE":1726934520000,"STATUSPEILGEBIED":"Vigerend definitief","SHAPE_AREA":0,"SHAPE_LEN":0,"BEVAT":null,"VOERTAFOP":null,"LONGITUDE":4.6608318400000002,"LATITUDE":52.163451469999998,"XCOORDINAAT":105301.14,"YCOORDINAAT":464169.82000000001,"VASTBEHEERMARGEBOVEN":null,"VASTBEHEERMARGEONDER":null,"ZPBEHEERMARGEBOVEN":null,"ZPBEHEERMARGEONDER":null,"WPBEHEERMARGEONDER":null,"WPBEHEERMARGEBOVEN":null,"FLEXZPONDERBEHEERMARGEBOVEN":null,"FLEXZPONDERBEHEERMARGEONDER":null,"FLEXZPBOVENBEHEERMARGEBOVEN":null,"FLEXZPBOVENBEHEERMARGEONDER":null,"FLEXWPONDERBEHEERMARGEBOVEN":null,"FLEXWPONDERBEHEERMARGEONDER":null,"FLEXWPBOVENBEHEERMARGEBOVEN":null,"FLEXWPBOVENBEHEERMARGEONDER":null,"OBJECTID2":6}},{"type":"Feature","id":7,"geometry":{"type":"Polygon","coordinates":[[[99256.546000000089,457553.92500000075],[99229.742400001734,457735.7071999982],[99228.475999999791,457744.29600000009],[99228.078999999911,457748.00200000033],[99160.261999998242,458231.22599999979],[99156.727000001818,458255.14400000125],[99147.30700000003,458254.74839999899],[99137.394000001252,458254.33199999854],[99119.186000000685,458253.78299999982],[99096.127999998629,458253.14299999923],[99078.103000000119,458252.41099999845],[99055.824000000954,458251.37200000137],[99046.719000000507,458250.94700000063],[99025.491999998689,458250.48900000006],[98999.598000001162,458249.48299999908],[98960.528000000864,458248.38500000164],[98927.405999999493,458247.37799999863],[98917.890000000596,458247.74399999902],[98897.760000001639,458247.10399999842],[98884.219000000507,458246.82899999991],[98859.697000000626,458246.00600000098],[98847.344999998808,458245.27400000021],[98831.057999998331,458243.62700000033],[98824.287000000477,458243.35200000182],[98798.576000001281,458242.71200000122],[98798.57669999823,458242.70789999887],[98803.226700000465,458212.80590000004],[98806.026999998838,458194.79800000042],[98809.57820000127,458171.96009999886],[98938.85000000149,457340.66299999878],[99001.699000000954,457343.41000000015],[99223.973999999464,457353.47800000012],[99196.144000001252,457545.05900000036],[99255.254000000656,457553.7349999994],[99256.546000000089,457553.92500000075]]]},"properties":{"ORACLE_OBJECTID":195,"CODE":"PAW_WW-25.OB06","NAAM":"OB P.W. Foets","STATUSOBJECT":"gerealiseerd","SOORTPEILGEBIED":"Onderbemaling","SOORTAFWATERING":"Bemalen","PEILBEHERENDEINSTANTIE":"VERGUNNINGHOUDER","OPPERVLAKTE":306705,"OMTREK":2520,"OPMERKING":"Wegens hoger peil van peilvak PBS_WW-25AI","HYPERLINK":null,"ONTHEFFING":"V60852","SOORTPEILBEHEER":"vast peil","VASTPEIL":-6.4000000000000004,"ZOMERPEIL":null,"WINTERPEIL":null,"FLEXZOMERPEILONDERGRENS":null,"FLEXZOMERPEILBOVENGRENS":null,"FLEXWINTERPEILONDERGRENS":null,"FLEXWINTERPEILBOVENGRENS":null,"ZOMERPEILTEKST":"-6.40","WINTERPEILTEKST":"-6.40","INWINNENDEINSTANTIE":"Hoogheemraadschap van Rijnland","METENDEINSTANTIE":null,"INWINNINGSMETHODE":"digitaliseren","DIMENSIE":"2D","NAUWKEURIGHEIDXY":null,"NAUWKEURIGHEIDZ":null,"DATUMINWINNING":1423180800000,"GEOKPOBJECTID":93,"LAST_EDITED_DATE":1726934526000,"STATUSPEILGEBIED":"Vigerend definitief","SHAPE_AREA":0,"SHAPE_LEN":0,"BEVAT":null,"VOERTAFOP":null,"LONGITUDE":4.5701972499999997,"LATITUDE":52.105585640000001,"XCOORDINAAT":99027.559999999998,"YCOORDINAAT":457797.90000000002,"VASTBEHEERMARGEBOVEN":null,"VASTBEHEERMARGEONDER":null,"ZPBEHEERMARGEBOVEN":null,"ZPBEHEERMARGEONDER":null,"WPBEHEERMARGEONDER":null,"WPBEHEERMARGEBOVEN":null,"FLEXZPONDERBEHEERMARGEBOVEN":null,"FLEXZPONDERBEHEERMARGEONDER":null,"FLEXZPBOVENBEHEERMARGEBOVEN":null,"FLEXZPBOVENBEHEERMARGEONDER":null,"FLEXWPONDERBEHEERMARGEBOVEN":null,"FLEXWPONDERBEHEERMARGEONDER":null,"FLEXWPBOVENBEHEERMARGEBOVEN":null,"FLEXWPBOVENBEHEERMARGEONDER":null,"OBJECTID2":7}},{"type":"Feature","id":8,"geometry":{"type":"Polygon","coordinates":[[[118084.12700000033,464343.40599999949],[118106.18800000101,464345.75899999961],[118135.19299999997,464348.76999999955],[118154.72899999842,464350.80799999833],[118179.52800000086,464353.3740000017],[118187.25200000033,464354.18600000069],[118205.65599999949,464356.11899999902],[118232.44000000134,464359.19700000063],[118254.92300000042,464361.9140000008],[118280.65599999949,464365.17199999839],[118298.6099999994,464367.44200000167],[118312.27899999917,464369.47500000149],[118314.96229999885,464370.03500000015],[118313.95329999924,464375.6035999991],[118314.01199999824,464375.95109999925],[118314.45870000124,464378.43710000068],[118315.18930000067,464384.41299999878],[118315.51280000061,464386.7675999999],[118315.75459999964,464388.52699999884],[118316.01130000129,464390.39499999955],[118316.57140000165,464394.93939999864],[118316.96070000157,464398.09809999913],[118312.57979999855,464400.68189999834],[118307.02580000088,464402.96840000153],[118303.76689999923,464404.26889999956],[118301.44310000166,464405.19619999826],[118300.23020000011,464405.68879999965],[118295.80840000138,464407.37489999831],[118292.5186999999,464408.59899999946],[118290.43910000101,464409.3729000017],[118284.53819999844,464411.56859999895],[118279.96550000086,464413.25290000066],[118272.78610000014,464415.89719999954],[118267.62929999828,464417.79659999907],[118263.0764000006,464419.48319999874],[118261.94409999996,464419.90269999951],[118260.73690000176,464420.35090000182],[118247.0859999992,464425.41910000145],[118245.04019999877,464426.17859999835],[118244.11580000073,464426.51979999989],[118242.73020000011,464427.03119999915],[118232.96959999949,464430.63360000029],[118228.97100000083,464432.10929999873],[118228.10979999974,464432.42720000073],[118226.22309999913,464433.16970000044],[118222.48820000142,464434.63940000162],[118218.69660000131,464436.07649999857],[118217.99199999869,464434.24500000104],[118216.69399999827,464430.86899999902],[118220.49199999869,464396.52600000054],[118219.93100000173,464396.46299999952],[118212.19000000134,464395.59699999914],[118190.41200000048,464393.89799999818],[118078.40199999884,464380.80600000173],[118083.18200000003,464343.3049999997],[118084.12700000033,464343.40599999949]]]},"properties":{"ORACLE_OBJECTID":196,"CODE":"PAW_OR-4.10.OB28","NAAM":"OB De Jong","STATUSOBJECT":"gerealiseerd","SOORTPEILGEBIED":"Onderbemaling","SOORTAFWATERING":"Bemalen","PEILBEHERENDEINSTANTIE":"KADASTRAAL EIGENAAR","OPPERVLAKTE":10616,"OMTREK":588,"OPMERKING":"PB 2013 \u003e onbekende OB (voorlopige toetsing)","HYPERLINK":null,"ONTHEFFING":"V59087","SOORTPEILBEHEER":"dynamisch peil","VASTPEIL":null,"ZOMERPEIL":null,"WINTERPEIL":null,"FLEXZOMERPEILONDERGRENS":-1.79,"FLEXZOMERPEILBOVENGRENS":null,"FLEXWINTERPEILONDERGRENS":-1.79,"FLEXWINTERPEILBOVENGRENS":null,"ZOMERPEILTEKST":"bov: / ond:-1.79","WINTERPEILTEKST":"bov: / ond:-1.79","INWINNENDEINSTANTIE":"Hoogheemraadschap van Rijnland","METENDEINSTANTIE":null,"INWINNINGSMETHODE":null,"DIMENSIE":"2D","NAUWKEURIGHEIDXY":null,"NAUWKEURIGHEIDZ":null,"DATUMINWINNING":1404086400000,"GEOKPOBJECTID":9,"LAST_EDITED_DATE":1755264505000,"STATUSPEILGEBIED":"Vigerend definitief","SHAPE_AREA":0,"SHAPE_LEN":0,"BEVAT":null,"VOERTAFOP":null,"LONGITUDE":4.8492875700000004,"LATITUDE":52.166437209999998,"XCOORDINAAT":118197.67999999999,"YCOORDINAAT":464389.69,"VASTBEHEERMARGEBOVEN":null,"VASTBEHEERMARGEONDER":null,"ZPBEHEERMARGEBOVEN":null,"ZPBEHEERMARGEONDER":null,"WPBEHEERMARGEONDER":null,"WPBEHEERMARGEBOVEN":null,"FLEXZPONDERBEHEERMARGEBOVEN":null,"FLEXZPONDERBEHEERMARGEONDER":null,"FLEXZPBOVENBEHEERMARGEBOVEN":null,"FLEXZPBOVENBEHEERMARGEONDER":null,"FLEXWPONDERBEHEERMARGEBOVEN":null,"FLEXWPONDERBEHEERMARGEONDER":null,"FLEXWPBOVENBEHEERMARGEBOVEN":null,"FLEXWPBOVENBEHEERMARGEONDER":null,"OBJECTID2":8}},{"type":"Feature","id":10,"geometry":{"type":"Polygon","coordinates":[[[113984.28200000152,464574.9851000011],[113985.32589999959,464575.38929999992],[114176.99240000173,464649.62110000104],[114220.62000000104,464666.51790000126],[114299.59180000052,464697.10330000147],[114445.20800000057,464753.5],[114485.10500000045,464768.95199999958],[114483.75800000131,464772.61699999869],[114483.55900000036,464776.84600000083],[114475.18100000173,464798.35200000182],[114468.67599999905,464816.6799999997],[114463.95800000057,464830.83500000089],[114460.09899999946,464842.41499999911],[114454.53500000015,464857.84099999815],[114449.2490000017,464876.58100000024],[114443.36100000143,464893.69099999964],[114429.85099999979,464931.84099999815],[114423.10300000012,464950.22300000116],[114411.683699999,464984.07789999992],[114408.27699999884,464994.17700000107],[114406.75800000131,464999.11800000072],[114403.98999999836,465008.11499999836],[114402.51000000164,465012.11199999973],[114397.35500000045,465026.03099999949],[114390.14200000092,465046.12200000137],[114385.26399999857,465062.43499999866],[114376.06599999964,465087.69399999827],[114359.40399999917,465135.68299999833],[114349.22899999842,465165.26399999857],[114348.09800000116,465168.55200000107],[114346.88010000065,465172.09270000085],[114346.64990000054,465172.01419999823],[114345.74760000035,465171.70639999956],[114344.9188000001,465171.42370000109],[114343.246199999,465170.85310000181],[114342.70380000025,465170.66809999943],[114341.32119999826,465170.19640000165],[114339.15080000088,465169.45600000024],[114340.42799999937,465165.98600000143],[114345.07999999821,465152.80900000036],[114032.79039999843,465031.39319999889],[113708.08210000023,464905.14900000021],[113708.63100000098,464903.53200000152],[113717.16600000113,464880.34600000083],[113718.78299999982,464877.07600000128],[113719.83999999985,464874.17100000009],[113720.94799999893,464869.33500000089],[113727.86499999836,464850.48999999836],[113749.69099999964,464791.99399999902],[113758.66099999845,464768.70699999854],[113760.45600000024,464763.63100000098],[113766.63800000027,464746.15100000054],[113775.47300000116,464722.7650000006],[113785.74590000138,464696.15089999884],[113788.68629999831,464688.53209999949],[113807.35599999875,464640.1640000008],[113807.62900000066,464637.98699999973],[113812.11899999902,464625.37099999934],[113817.24610000104,464613.39499999955],[113821.61499999836,464603.19000000134],[113825.99300000072,464589.62799999863],[113826.19310000166,464589.1270999983],[113828.08199999854,464584.40100000054],[113828.3200000003,464583.80700000003],[113829.42929999903,464580.39609999955],[113830.13300000131,464578.23299999908],[113832.42399999872,464572.66699999943],[113832.50189999864,464572.54690000042],[113834.61400000006,464569.2890000008],[113836.59200000018,464562.70699999854],[113837.52600000054,464557.33300000057],[113840.20100000128,464549.10300000012],[113847.34800000116,464532.15599999949],[113849.57999999821,464526.86199999973],[113850.83100000024,464523.30000000075],[113984.28200000152,464574.9851000011]]]},"properties":{"ORACLE_OBJECTID":189,"CODE":"PAW_OR-4.09.OB33","NAAM":"OB J.H.J. Nieuwenhuizen","STATUSOBJECT":"gerealiseerd","SOORTPEILGEBIED":"Onderbemaling","SOORTAFWATERING":"Bemalen","PEILBEHERENDEINSTANTIE":"KADASTRAAL EIGENAAR","OPPERVLAKTE":280281,"OMTREK":2224,"OPMERKING":null,"HYPERLINK":null,"ONTHEFFING":"V59163","SOORTPEILBEHEER":"dynamisch peil","VASTPEIL":-6.8399999999999999,"ZOMERPEIL":null,"WINTERPEIL":null,"FLEXZOMERPEILONDERGRENS":-6.8399999999999999,"FLEXZOMERPEILBOVENGRENS":-5.9800000000000004,"FLEXWINTERPEILONDERGRENS":-6.8399999999999999,"FLEXWINTERPEILBOVENGRENS":-5.9800000000000004,"ZOMERPEILTEKST":"bov:-5.98 / ond:-6.84","WINTERPEILTEKST":"bov:-5.98 / ond:-6.84","INWINNENDEINSTANTIE":"Hoogheemraadschap van Rijnland","METENDEINSTANTIE":null,"INWINNINGSMETHODE":null,"DIMENSIE":"2D","NAUWKEURIGHEIDXY":null,"NAUWKEURIGHEIDZ":null,"DATUMINWINNING":1412208000000,"GEOKPOBJECTID":127,"LAST_EDITED_DATE":1745332836000,"STATUSPEILGEBIED":"Vigerend definitief","SHAPE_AREA":0,"SHAPE_LEN":0,"BEVAT":null,"VOERTAFOP":null,"LONGITUDE":4.78929239,"LATITUDE":52.170265110000003,"XCOORDINAAT":114096.59,"YCOORDINAAT":464847.70000000001,"VASTBEHEERMARGEBOVEN":null,"VASTBEHEERMARGEONDER":null,"ZPBEHEERMARGEBOVEN":null,"ZPBEHEERMARGEONDER":null,"WPBEHEERMARGEONDER":null,"WPBEHEERMARGEBOVEN":null,"FLEXZPONDERBEHEERMARGEBOVEN":null,"FLEXZPONDERBEHEERMARGEONDER":null,"FLEXZPBOVENBEHEERMARGEBOVEN":null,"FLEXZPBOVENBEHEERMARGEONDER":null,"FLEXWPONDERBEHEERMARGEBOVEN":null,"FLEXWPONDERBEHEERMARGEONDER":null,"FLEXWPBOVENBEHEERMARGEBOVEN":null,"FLEXWPBOVENBEHEERMARGEONDER":null,"OBJECTID2":10}},{"type":"Feature","id":11,"geometry":{"type":"Polygon","coordinates":[[[98373.56230000034,458558.82970000058],[98334.641399998218,458563.51139999926],[98334.437100000679,458562.06419999897],[98332.910300001502,458551.24720000103],[98300.441300000995,458556.19949999824],[98297.331700000912,458535.81179999933],[98293.295000001788,458509.33900000155],[98293.004200000316,458507.43169999868],[98256.933400001377,458512.93180000037],[98254.001699998975,458493.70540000126],[98230.749699998647,458497.25079999864],[98228.526599999517,458497.39149999991],[98209.118500001729,458500.31909999996],[98209.078999999911,458500.05710000172],[98160.763199999928,458179.76379999891],[98160.487799998373,458177.93820000067],[98159.866900000721,458174.77950000018],[98159.34849999845,458172.84299999848],[98158.403700001538,458170.3713000007],[98157.794399999082,458169.15289999917],[98156.211800001562,458166.72580000013],[98154.704500000924,458165.33289999887],[98153.936099998653,458164.97619999945],[98153.167700000107,458164.86639999971],[98151.059399999678,458164.98009999841],[98149.601399999112,458165.19999999925],[98145.466299999505,458165.82380000129],[98145.400699999183,458165.26810000092],[98134.566500000656,458073.56569999829],[98123.016399998218,457975.80370000005],[98122.374699998647,457973.86760000139],[98121.563299998641,457971.94539999962],[98119.451000001281,457950.13800000027],[98119.401299998164,457949.62519999966],[98140.455299999565,457947.58559999987],[98154.604499999434,457951.98770000041],[98158.668999999762,457953.32149999961],[98162.278999999166,457954.56949999928],[98165.256900001317,457955.69099999964],[98168.033799998462,457956.74540000036],[98178.753800000995,457957.04250000045],[98184.31230000034,457957.52450000122],[98189.183600001037,457958.48110000044],[98192.420400001109,457959.91970000044],[98195.297600001097,457962.28299999982],[98197.095800001174,457964.5951000005],[98198.225400000811,457967.0896999985],[98198.955899998546,457969.80270000175],[98200.242800001055,457978.24859999865],[98201.669100001454,457987.49830000103],[98203.072999998927,457996.2415000014],[98204.021800000221,458000.93090000004],[98204.307500001043,458001.78049999848],[98204.855700001121,458004.6512000002],[98206.645899999887,458016.6325000003],[98208.253100000322,458029.39840000123],[98210.401200000197,458043.95190000162],[98212.047899998724,458056.05669999868],[98213.834499999881,458068.77329999954],[98215.845499999821,458082.20369999856],[98218.098000001162,458097.57629999891],[98220.486099999398,458113.01949999854],[98221.095499999821,458115.73970000073],[98223.802400000393,458118.10350000113],[98224.679800000042,458118.93200000003],[98230.370000001043,458125.19940000027],[98249.824499998242,458143.6623999998],[98256.118000000715,458149.98690000176],[98257.429999999702,458151.21860000119],[98259.186599999666,458152.27250000089],[98262.272300001234,458153.98020000011],[98265.573600001633,458155.70960000157],[98268.717700000852,458157.12950000167],[98273.055199999362,458159.21770000085],[98277.823199998587,458162.28860000148],[98281.963300000876,458165.37330000103],[98286.529399998486,458169.85970000178],[98288.683600001037,458172.75860000029],[98290.389699999243,458175.49650000036],[98292.03069999814,458179.57990000024],[98292.956099998206,458183.20699999854],[98294.307300001383,458189.11080000177],[98294.90150000155,458191.75840000063],[98295.970499999821,458193.66649999842],[98297.034000001848,458194.29699999839],[98299.015000000596,458194.7846999988],[98302.008499998599,458194.91600000113],[98312.307700000703,458194.69660000131],[98314.670000001788,458194.8574000001],[98316.372400000691,458195.2146999985],[98318.986400000751,458196.0859999992],[98321.600299999118,458197.37220000103],[98324.919599998742,458199.57119999826],[98329.276099998504,458202.30959999934],[98329.511999998242,458202.42320000008],[98330.763700000942,458203.02589999884],[98373.56230000034,458558.82970000058]]]},"properties":{"ORACLE_OBJECTID":190,"CODE":"PAW_WW-09.OB03","NAAM":"OB De Jong","STATUSOBJECT":"gerealiseerd","SOORTPEILGEBIED":"Onderbemaling","SOORTAFWATERING":"Bemalen","PEILBEHERENDEINSTANTIE":"VERGUNNINGHOUDER","OPPERVLAKTE":75815,"OMTREK":1544,"OPMERKING":"Peilen in NAP 2005","HYPERLINK":null,"ONTHEFFING":"VWR V.51957","SOORTPEILBEHEER":"seizoensgebonden peil (vast)","VASTPEIL":null,"ZOMERPEIL":-2.5899999999999999,"WINTERPEIL":-2.6499999999999999,"FLEXZOMERPEILONDERGRENS":null,"FLEXZOMERPEILBOVENGRENS":null,"FLEXWINTERPEILONDERGRENS":null,"FLEXWINTERPEILBOVENGRENS":null,"ZOMERPEILTEKST":"-2.59","WINTERPEILTEKST":"-2.65","INWINNENDEINSTANTIE":"Hoogheemraadschap van Rijnland","METENDEINSTANTIE":null,"INWINNINGSMETHODE":null,"DIMENSIE":"2D","NAUWKEURIGHEIDXY":null,"NAUWKEURIGHEIDZ":null,"DATUMINWINNING":1309132800000,"GEOKPOBJECTID":38,"LAST_EDITED_DATE":1726934522000,"STATUSPEILGEBIED":"Vigerend definitief","SHAPE_AREA":0,"SHAPE_LEN":0,"BEVAT":null,"VOERTAFOP":null,"LONGITUDE":4.5587210599999999,"LATITUDE":52.109619039999998,"XCOORDINAAT":98246.479999999996,"YCOORDINAAT":458255.54999999999,"VASTBEHEERMARGEBOVEN":null,"VASTBEHEERMARGEONDER":null,"ZPBEHEERMARGEBOVEN":null,"ZPBEHEERMARGEONDER":null,"WPBEHEERMARGEONDER":null,"WPBEHEERMARGEBOVEN":null,"FLEXZPONDERBEHEERMARGEBOVEN":null,"FLEXZPONDERBEHEERMARGEONDER":null,"FLEXZPBOVENBEHEERMARGEBOVEN":null,"FLEXZPBOVENBEHEERMARGEONDER":null,"FLEXWPONDERBEHEERMARGEBOVEN":null,"FLEXWPONDERBEHEERMARGEONDER":null,"FLEXWPBOVENBEHEERMARGEBOVEN":null,"FLEXWPBOVENBEHEERMARGEONDER":null,"OBJECTID2":11}},{"type":"Feature","id":12,"geometry":{"type":"MultiPolygon","coordinates":[[[[105536.82200000063,449807.57200000063],[105125.52629999816,449764.49159999937],[105121.3984999992,449763.34809999913],[105120.12159999833,449763.01639999822],[105108.20659999922,449761.94709999859],[105105.22989999875,449761.6063000001],[105103.1895999983,449761.52490000054],[105101.43719999865,449761.44519999996],[105100.0139000006,449761.30680000037],[105098.30539999902,449761.27800000086],[105096.72360000014,449761.27499999851],[105093.62739999965,449761.38899999857],[105085.21669999883,449761.39299999923],[105080.48930000141,449760.94819999859],[105080.14530000091,449760.84070000052],[105080.12680000067,449760.82310000062],[105079.91180000082,449760.32829999924],[105079.77699999884,449759.35289999843],[105079.82990000024,449758.43600000069],[105079.94889999926,449756.84120000154],[105080.30209999904,449754.30079999939],[105080.99969999865,449747.34189999849],[105081.56569999829,449742.88980000094],[105081.8088000007,449741.05689999834],[105082.00549999997,449738.54910000041],[105082.44480000064,449734.71730000153],[105082.70760000125,449734.52939999849],[105083.19810000062,449734.29890000075],[105083.9001000002,449734.125],[105084.50800000131,449734.00780000165],[105085.95320000127,449733.97419999912],[105095.2349999994,449734.96730000153],[105098.51799999923,449735.32290000096],[105100.18250000104,449735.32609999925],[105101.76819999889,449735.1464000009],[105103.30590000004,449734.88179999962],[105104.90509999916,449734.39279999956],[105105.9840000011,449733.99340000004],[105107.42269999906,449733.35060000047],[105108.63170000166,449732.74980000034],[105109.88899999857,449732.03249999881],[105112.78819999844,449729.8572999984],[105113.54030000046,449729.41759999841],[105114.54520000145,449729.03750000149],[105115.43439999968,449728.89589999989],[105116.5362999998,449728.85310000181],[105117.92020000145,449729.00329999998],[105122.16569999978,449729.85649999976],[105128.05970000103,449730.96979999915],[105135.4012000002,449731.62029999867],[105136.79769999906,449731.61080000177],[105138.47360000014,449731.52919999883],[105139.64799999818,449731.29549999908],[105140.14779999852,449731.1229000017],[105140.67880000174,449730.9395999983],[105141.92590000108,449730.30490000173],[105142.93809999898,449729.55939999968],[105143.86470000073,449728.57479999959],[105144.63690000027,449727.57449999824],[105145.72879999876,449725.8134999983],[105146.90080000088,449723.67880000174],[105147.67940000072,449721.98279999942],[105148.18780000135,449720.27230000123],[105148.84479999915,449715.60020000115],[105149.36499999836,449712.05469999835],[105149.63589999825,449710.27320000157],[105149.71449999884,449709.44090000167],[105149.72370000184,449709.26920000091],[105150.04500000179,449708.53599999845],[105358.94000000134,449729.33500000089],[105368.50899999961,449727.26900000125],[105379.09299999848,449730.36899999902],[105542.79399999976,449749.00699999928],[105536.82200000063,449807.57200000063]]],[[[105304.80700000003,449800.95600000024],[105377.56500000134,449808.14400000125],[105527.66699999943,449824.34099999815],[105550.88699999824,449828.77699999884],[105555.84499999881,449830.34200000018],[105554.01799999923,449838.95199999958],[105566.01999999955,449879.13199999928],[105563.67199999839,449880.69700000063],[105560.54100000113,449882.52400000021],[105557.93200000003,449885.13300000131],[105553.49599999934,449890.08999999985],[105372.63300000131,449871.86100000143],[105340.3040000014,449868.75899999961],[105208.29399999976,449856.09400000051],[105172.5009999983,449850.49700000137],[105147.13760000095,449848.38030000031],[105143.26399999857,449848.05700000003],[105139.38269999996,449847.73299999908],[105070.41429999843,449841.97599999979],[105074.00319999829,449810.13940000162],[105076.02100000158,449792.23959999904],[105077.89790000021,449792.46440000087],[105099.0821999982,449795.00140000135],[105144.90960000083,449793.91110000014],[105145.04199999943,449793.90799999982],[105148.71550000086,449793.16000000015],[105154.0223999992,449792.07950000092],[105171.7650000006,449788.46700000018],[105183.1959999986,449788.59800000116],[105240.57499999925,449794.50200000033],[105304.80700000003,449800.95600000024]]]]},"properties":{"ORACLE_OBJECTID":210,"CODE":"PAW_WW-32.OB04","NAAM":"Polder Bloemendaal (landelijk gebied)","STATUSOBJECT":"gerealiseerd","SOORTPEILGEBIED":"Onderbemaling","SOORTAFWATERING":"Bemalen","PEILBEHERENDEINSTANTIE":"VERGUNNINGHOUDER","OPPERVLAKTE":55383,"OMTREK":2112,"OPMERKING":null,"HYPERLINK":null,"ONTHEFFING":"V55330","SOORTPEILBEHEER":"seizoensgebonden peil (vast)","VASTPEIL":null,"ZOMERPEIL":-2.4900000000000002,"WINTERPEIL":-2.6899999999999999,"FLEXZOMERPEILONDERGRENS":null,"FLEXZOMERPEILBOVENGRENS":null,"FLEXWINTERPEILONDERGRENS":null,"FLEXWINTERPEILBOVENGRENS":null,"ZOMERPEILTEKST":"-2.49","WINTERPEILTEKST":"-2.69","INWINNENDEINSTANTIE":"Hoogheemraadschap van Rijnland","METENDEINSTANTIE":null,"INWINNINGSMETHODE":null,"DIMENSIE":"2D","NAUWKEURIGHEIDXY":null,"NAUWKEURIGHEIDZ":null,"DATUMINWINNING":1366588800000,"GEOKPOBJECTID":64,"LAST_EDITED_DATE":1726934536000,"STATUSPEILGEBIED":"Vigerend definitief","SHAPE_AREA":0,"SHAPE_LEN":0,"BEVAT":null,"VOERTAFOP":null,"LONGITUDE":4.6631759300000004,"LATITUDE":52.034299109999999,"XCOORDINAAT":105318.22,"YCOORDINAAT":449799.31,"VASTBEHEERMARGEBOVEN":null,"VASTBEHEERMARGEONDER":null,"ZPBEHEERMARGEBOVEN":null,"ZPBEHEERMARGEONDER":null,"WPBEHEERMARGEONDER":null,"WPBEHEERMARGEBOVEN":null,"FLEXZPONDERBEHEERMARGEBOVEN":null,"FLEXZPONDERBEHEERMARGEONDER":null,"FLEXZPBOVENBEHEERMARGEBOVEN":null,"FLEXZPBOVENBEHEERMARGEONDER":null,"FLEXWPONDERBEHEERMARGEBOVEN":null,"FLEXWPONDERBEHEERMARGEONDER":null,"FLEXWPBOVENBEHEERMARGEBOVEN":null,"FLEXWPBOVENBEHEERMARGEONDER":null,"OBJECTID2":12}},{"type":"Feature","id":13,"geometry":{"type":"Polygon","coordinates":[[[115805.46049999818,461646.89570000023],[115800.85830000043,461658.52259999886],[115794.06010000035,461674.33260000125],[115787.40210000053,461690.40179999918],[115784.15129999816,461699.0102000013],[115782.9439000003,461701.77160000056],[115781.9813000001,461703.97320000082],[115780.45010000095,461707.47520000115],[115773.45820000023,461723.99709999934],[115769.07039999962,461734.60750000179],[115765.17100000009,461743.37629999965],[115763.45899999887,461747.07660000026],[115762.47700000182,461750.31030000001],[115760.04450000077,461758.70270000026],[115758.31599999964,461763.17040000111],[115753.62730000168,461774.77639999986],[115748.03810000047,461786.6165000014],[115743.54639999941,461796.81760000065],[115737.54729999974,461810.66550000012],[115730.59430000186,461826.76229999959],[115726.39959999919,461835.38699999824],[115724.53049999848,461839.85370000079],[115720.91079999879,461850.02859999985],[115713.58700000122,461867.66479999945],[115710.49430000037,461874.54529999942],[115705.49599999934,461886.22250000015],[115700.68899999931,461898.35649999976],[115696.73849999905,461908.16250000149],[115692.43659999967,461917.93910000101],[115688.06899999827,461928.66910000145],[115684.18360000104,461938.691300001],[115680.73820000142,461947.37480000034],[115677.56450000033,461954.22989999875],[115674.07880000025,461961.18829999864],[115671.00510000065,461967.61239999905],[115668.97879999876,461972.79500000179],[115666.73169999942,461979.39790000021],[115666.42509999871,461979.82490000129],[115666.28959999979,461979.91169999912],[115666.04329999909,461979.94480000064],[115665.52089999989,461979.86589999869],[115663.59470000118,461979.20930000022],[115653.72170000151,461975.47230000049],[115645.83139999956,461972.30790000036],[115645.53510000184,461972.02199999988],[115645.4151000008,461971.6810999997],[115645.45780000091,461971.10590000078],[115645.70329999924,461970.28579999879],[115648.10669999942,461964.53750000149],[115651.50910000131,461956.86630000174],[115651.82770000026,461955.62000000104],[115651.9739000015,461954.33900000155],[115651.68919999897,461953.12620000169],[115651.17639999837,461952.10060000047],[115650.15199999884,461950.7826000005],[115645.1240000017,461946.90709999949],[115639.24350000173,461942.95800000057],[115635.35949999839,461940.81830000132],[115625.59470000118,461935.71310000122],[115618.97690000013,461931.97239999846],[115614.83960000053,461929.17990000173],[115610.70850000158,461926.07690000162],[115603.69200000167,461921.20490000024],[115595.35669999942,461916.08379999921],[115586.02270000055,461909.78040000051],[115585.09259999916,461909.16039999947],[115580.01269999892,461905.77430000156],[115576.09690000117,461903.59760000184],[115573.24139999971,461902.10500000045],[115567.18809999898,461898.94090000167],[115561.71519999951,461896.23330000043],[115554.58269999921,461893.12939999998],[115546.31780000031,461890.11639999971],[115543.33529999852,461888.81769999862],[115539.98380000144,461886.85170000046],[115530.85960000008,461881.57800000161],[115520.71629999951,461875.79800000042],[115510.45490000024,461870.40810000151],[115500.2303000018,461864.34360000119],[115489.27820000052,461858.05009999871],[115484.40260000154,461854.80370000005],[115479.73580000177,461851.85269999877],[115474.53519999981,461848.90850000083],[115470.14600000158,461846.84739999846],[115466.72580000013,461845.32999999821],[115465.71269999817,461844.67269999906],[115465.56309999898,461844.51099999994],[115465.50580000132,461844.34070000052],[115465.50360000134,461843.90100000054],[115465.64829999954,461843.08909999952],[115465.94920000061,461841.77439999953],[115467.60049999878,461838.03209999949],[115470.80350000039,461831.84340000153],[115474.94680000097,461822.38690000027],[115476.60119999945,461818.16589999944],[115477.57919999957,461814.66930000111],[115478.06920000166,461811.33540000021],[115478.14070000127,461809.27149999887],[115477.87260000035,461807.37249999866],[115476.86070000008,461805.37209999934],[115475.50120000169,461803.71950000152],[115474.22749999911,461802.24309999868],[115472.80759999901,461800.89730000123],[115468.06260000169,461796.80090000108],[115460.46510000154,461791.50279999897],[115448.73869999871,461784.9188000001],[115440.76559999958,461780.81399999931],[115435.72800000012,461777.84549999982],[115428.809799999,461773.42199999839],[115422.43710000068,461769.30810000002],[115419.29930000007,461767.25699999928],[115416.98759999871,461766.16440000013],[115412.98180000111,461764.57539999858],[115410.28159999847,461763.25070000067],[115408.28840000182,461762.01790000126],[115406.77230000123,461761.0800999999],[115402.01700000092,461758.33909999952],[115400.1400000006,461757.25710000098],[115394.96049999818,461754.51179999858],[115391.20930000022,461752.5234999992],[115388.24159999937,461751.40960000083],[115386.0951000005,461751.06700000167],[115384.51520000026,461751.01359999925],[115382.70760000125,461750.97300000116],[115379.57119999826,461750.59189999849],[115377.93180000037,461750.05200000107],[115376.92449999973,461749.72040000185],[115374.04820000008,461748.40329999849],[115372.16660000011,461747.44409999996],[115366.49080000073,461744.55070000142],[115360.01880000159,461741.4851000011],[115358.24419999868,461740.64449999854],[115353.75439999998,461738.07039999962],[115345.58500000089,461733.48119999841],[115335.55040000007,461727.91739999875],[115331.74159999937,461725.63509999961],[115327.93589999899,461723.66789999977],[115321.63309999928,461720.16440000013],[115312.43459999934,461715.10069999844],[115302.51550000161,461709.57719999924],[115293.32169999927,461704.50010000169],[115292.3022999987,461703.93719999865],[115286.35680000111,461700.94099999964],[115281.36890000105,461698.42740000039],[115271.36520000175,461693.12460000068],[115262.15089999884,461688.17480000108],[115256.37680000067,461684.38540000096],[115250.17399999872,461681.07979999855],[115240.46489999816,461676.60799999908],[115231.12999999896,461671.5476000011],[115222.39059999958,461666.70419999957],[115219.26619999856,461664.7974999994],[115211.25239999965,461659.90689999983],[115211.22839999944,461659.89229999855],[115206.74100000039,461656.91719999909],[115204.21790000051,461654.69790000096],[115201.34750000015,461652.59189999849],[115198.72030000016,461651.19189999998],[115195.45540000126,461649.77529999986],[115192.14240000024,461648.72560000047],[115191.64750000089,461648.64820000157],[115188.52270000055,461648.15940000117],[115183.12510000169,461647.81760000065],[115180.84650000185,461647.49709999934],[115178.03130000085,461646.60420000181],[115176.56430000067,461645.85880000144],[115175.00910000131,461645.00360000134],[115173.59750000015,461644.23759999871],[115171.7313000001,461643.39400000125],[115169.70859999955,461642.77270000055],[115167.36919999868,461642.03559999913],[115165.55739999935,461641.63450000063],[115165.41259999946,461641.60240000114],[115165.26429999992,461641.59930000082],[115164.58179999888,461641.58509999886],[115163.79179999977,461641.56859999895],[115162.44359999895,461641.86639999971],[115161.15639999881,461642.67460000142],[115160.07079999894,461643.80350000039],[115158.68030000106,461645.99909999967],[115157.28799999878,461649.10310000181],[115155.64889999852,461654.28460000083],[115154.31100000069,461657.34160000086],[115151.20949999988,461664.96620000154],[115148.14330000058,461672.0727000013],[115144.81590000167,461680.26810000092],[115142.14620000124,461687.28480000049],[115141.03709999844,461689.21599999815],[115140.8077000007,461690.190200001],[115139.87429999933,461691.23020000011],[115138.88630000129,461691.94359999895],[115137.66209999844,461692.28649999946],[115135.10249999911,461691.6854000017],[115133.59959999844,461691.18439999968],[115132.16589999944,461690.73039999977],[115130.2547999993,461689.82880000025],[115129.0784999989,461689.35080000013],[115127.84319999814,461688.74680000171],[115127.31450000033,461687.90179999918],[115126.66110000014,461686.93549999967],[115126.41840000078,461684.43859999999],[115126.29610000178,461683.28099999949],[115125.89689999819,461682.15509999916],[115125.20179999992,461681.23869999871],[115120.11369999871,461677.53049999848],[115119.16200000048,461677.09079999849],[115117.85550000146,461676.87649999931],[115116.69519999996,461677.13859999925],[115115.30290000141,461678.1334999986],[115110.8423999995,461682.81899999827],[115109.15100000054,461685.25970000029],[115107.13100000098,461688.81410000101],[115105.66589999944,461691.8909999989],[115105.05350000039,461693.30900000036],[115104.58989999816,461694.10550000146],[115103.87489999831,461694.91950000077],[115103.47450000048,461695.20600000024],[115103.37849999964,461695.24929999933],[115103.33300000057,461695.24590000138],[115103.05519999936,461695.11100000143],[115102.7322999984,461694.83269999921],[115102.20050000027,461694.22289999947],[115101.25950000063,461693.33850000054],[115100.17339999974,461692.55790000036],[115098.82559999824,461691.84959999844],[115096.55389999971,461691.04800000042],[115094.2276000008,461690.7164000012],[115091.63129999861,461690.41039999947],[115089.59099999815,461690.33060000092],[115087.62460000068,461690.49419999868],[115085.95679999888,461690.85190000013],[115084.34310000017,461691.23640000075],[115083.23690000176,461691.56540000066],[115079.40049999952,461689.00019999966],[115078.21510000154,461686.57019999996],[115078.29050000012,461683.68059999868],[115082.67870000005,461676.91369999945],[115087.79729999974,461668.84090000018],[115090.9550999999,461663.67720000073],[115097.24480000138,461651.48809999973],[115099.45679999888,461646.74329999834],[115100.47320000082,461643.98649999872],[115104.39539999887,461631.31399999931],[115107.32719999924,461621.11349999905],[115108.15469999984,461617.97529999912],[115108.54340000078,461615.02409999818],[115109.26520000026,461608.9272999987],[115110.7928000018,461600.99509999901],[115113.80759999901,461589.72949999943],[115116.34620000049,461580.8702000007],[115117.53929999843,461577.34389999881],[115120.2098999992,461570.94469999894],[115122.87510000169,461565.30669999868],[115124.07470000163,461562.70589999855],[115125.38419999927,461558.94189999998],[115127.12480000034,461553.07299999893],[115128.71249999851,461547.35610000044],[115129.13969999924,461546.08610000089],[115129.57759999856,461544.97340000048],[115130.1202000007,461543.89609999955],[115130.82290000096,461542.81049999967],[115131.76049999893,461541.50910000131],[115135.11320000142,461537.74870000035],[115136.05889999866,461536.30860000104],[115136.81980000064,461535.2313000001],[115137.8984999992,461532.77039999887],[115138.81439999864,461529.71579999849],[115140.66409999877,461521.91530000046],[115141.45729999989,461518.33590000123],[115142.24830000103,461515.52789999917],[115146.6416000016,461504.52829999849],[115149.49960000068,461497.82310000062],[115150.01509999856,461496.59369999915],[115150.74269999936,461495.0987999998],[115151.41699999943,461493.92960000038],[115152.76619999856,461491.77189999819],[115154.125,461489.4272999987],[115158.94090000167,461477.86710000038],[115162.30000000075,461469.36789999902],[115163.81949999928,461464.97199999914],[115164.94139999896,461461.07779999822],[115165.4952000007,461457.53790000081],[115166.32449999824,461451.83790000156],[115166.49700000137,461451.01960000023],[115166.66010000184,461450.76909999922],[115166.89809999987,461450.56650000066],[115167.14059999958,461450.45980000123],[115167.59209999815,461450.39220000058],[115168.35370000079,461450.44779999927],[115170.72700000182,461451.31210000068],[115174.2696999982,461452.60220000148],[115184.77279999852,461456.39380000159],[115185.75860000029,461456.74969999865],[115187.90980000049,461457.30590000004],[115188.80110000074,461457.4151000008],[115190.06260000169,461457.16490000114],[115191.06769999862,461456.49949999899],[115191.83029999956,461455.30689999834],[115192.15890000015,461454.01269999892],[115191.92199999839,461452.41369999945],[115191.26220000163,461451.24579999968],[115190.22540000081,461450.40379999951],[115189.06120000035,461449.80050000176],[115188.72309999913,461449.68310000002],[115180.0410999991,461446.66820000112],[115175.46449999884,461444.64579999819],[115172.81379999965,461443.23919999972],[115171.75189999864,461442.38320000097],[115171.46970000118,461441.97729999945],[115171.33819999918,461441.67799999937],[115171.26190000027,461441.10060000047],[115171.32019999996,461440.37680000067],[115171.76220000163,461439.00329999998],[115176.18079999834,461429.18780000135],[115180.54199999943,461418.69099999964],[115186.43120000139,461404.54340000078],[115191.06080000103,461393.3740000017],[115192.00490000099,461391.09349999949],[115192.84789999947,461389.05700000003],[115193.28449999914,461387.65569999814],[115193.35370000079,461386.99040000141],[115193.28319999948,461386.26069999859],[115193.02129999921,461385.46689999849],[115192.54509999976,461384.76049999893],[115191.96880000085,461384.1623999998],[115190.92469999939,461383.4840000011],[115189.87669999897,461383.04690000042],[115184.41539999843,461381.56579999998],[115176.80189999938,461378.86699999869],[115173.33419999853,461377.41110000014],[115169.6416000016,461375.43699999899],[115166.68149999902,461373.63980000094],[115166.04320000112,461373.04809999838],[115165.55000000075,461372.38949999958],[115165.17669999972,461371.4860999994],[115165.06329999864,461371.09099999815],[115164.57389999926,461370.23189999908],[115164.00279999897,461369.7201000005],[115163.20699999854,461369.24190000072],[115159.48350000009,461367.64009999856],[115155.5465000011,461365.94649999961],[115135.36050000042,461357.74929999933],[115136.76269999892,461354.29639999941],[115138.73580000177,461349.72360000014],[115140.08650000021,461346.59319999814],[115144.06219999865,461336.62990000099],[115148.51469999924,461326.72989999875],[115153.56590000167,461316.6875],[115157.27199999988,461308.75169999897],[115161.48750000075,461300.61569999903],[115164.95859999955,461293.98110000044],[115166.34670000151,461290.89770000055],[115168.18360000104,461286.04069999978],[115170.39860000089,461281.02430000156],[115171.98420000076,461277.98290000111],[115174.40190000087,461274.16000000015],[115178.98270000145,461267.33449999988],[115180.12040000036,461265.21429999918],[115183.00959999859,461259.12040000036],[115186.50409999862,461252.39710000157],[115189.87790000066,461246.68980000168],[115191.34560000151,461244.52160000056],[115192.87700000033,461242.33379999921],[115193.88639999926,461240.34050000086],[115195.93569999933,461236.13630000129],[115198.93129999936,461230.66770000011],[115203.28420000151,461222.24170000106],[115207.65949999914,461214.42469999939],[115212.95450000092,461205.45419999957],[115224.52409999818,461187.21660000086],[115228.05220000073,461181.35319999978],[115232.5474999994,461172.7677000016],[115237.77820000052,461163.46550000086],[115242.81740000099,461155.26399999857],[115248.39770000055,461145.67639999837],[115253.10960000008,461137.31170000136],[115260.38170000166,461125.78099999949],[115270.29879999906,461109.25180000067],[115277.24599999934,461098.95210000128],[115285.36290000007,461086.88899999857],[115292.02600000054,461077.96770000085],[115295.03869999945,461074.3665000014],[115306.84169999883,461062.01610000059],[115316.28480000049,461052.16120000184],[115322.0839000009,461045.63199999928],[115326.41349999979,461040.48270000145],[115332.83449999988,461033.1464000009],[115340.27629999816,461024.68760000169],[115350.96489999816,461013.20589999855],[115354.30689999834,461009.1959999986],[115357.61989999935,461005.40749999881],[115361.65540000051,461000.90819999948],[115363.17559999973,460998.50620000064],[115365.68919999897,460995.58590000123],[115365.69990000129,460995.57809999958],[115366.17100000009,460995.64079999924],[115367.09849999845,460995.95439999923],[115370.12209999934,460998.01220000163],[115374.18329999968,461001.18730000034],[115375.33980000019,461002.0689000003],[115375.95300000161,461002.48319999874],[115376.53249999881,461002.87460000068],[115377.46249999851,461003.62040000036],[115378.40949999914,461004.59360000119],[115379.28069999814,461005.63159999996],[115380.97639999911,461008.30629999936],[115382.60090000182,461011.43829999864],[115383.1596999988,461012.72289999947],[115383.19880000129,461012.87950000167],[115383.34200000018,461013.45389999822],[115383.32380000129,461014.11699999869],[115383.25690000132,461014.39550000057],[115382.08060000092,461016.34409999847],[115380.39429999888,461018.84099999815],[115378.58610000089,461021.85640000179],[115378.21480000019,461023.16679999977],[115378.36450000107,461024.5811999999],[115379.22340000048,461025.79439999908],[115380.86670000106,461027.5784999989],[115381.26810000092,461028.01429999992],[115382.26379999891,461028.77100000158],[115383.38540000096,461029.29619999975],[115383.4151000008,461029.30099999905],[115384.63439999893,461029.49870000035],[115385.28429999948,461029.40349999815],[115385.77899999917,461029.33100000024],[115386.88179999962,461028.8376000002],[115389.84690000117,461026.62739999965],[115390.05930000171,461026.38879999891],[115390.1512000002,461026.64730000123],[115390.70600000024,461030.33740000054],[115391.69660000131,461035.79890000075],[115391.95259999856,461037.21059999987],[115392.32380000129,461041.14759999886],[115392.08729999885,461044.37170000002],[115391.98759999871,461045.73110000044],[115391.62390000001,461049.30200000107],[115391.46449999884,461050.16200000048],[115391.16899999976,461051.15780000016],[115390.72190000117,461052.19849999994],[115388.38899999857,461055.30150000006],[115387.42540000007,461057.12959999964],[115387.10330000147,461058.52270000055],[115387.10750000179,461058.79039999843],[115387.13230000064,461060.33610000089],[115387.27389999852,461061.06569999829],[115387.63049999997,461061.87090000138],[115388.14600000158,461062.71819999814],[115388.27050000057,461062.89299999923],[115390.0709999986,461064.78500000015],[115390.61540000141,461065.61730000004],[115390.75620000064,461066.42309999838],[115390.66789999977,461069.1427000016],[115390.66710000113,461069.8275000006],[115390.63599999994,461070.12319999933],[115389.99069999903,461076.25869999826],[115389.15599999949,461080.66789999977],[115389.10249999911,461080.95089999959],[115388.49969999865,461084.1352000013],[115387.0522999987,461090.62590000033],[115385.34710000083,461098.19370000064],[115383.07220000029,461105.79740000144],[115381.27050000057,461111.32070000097],[115381.04720000178,461112.00510000065],[115379.0839000009,461118.00360000134],[115377.68629999831,461123.11520000175],[115377.21440000087,461125.60949999839],[115377.03229999915,461126.57200000063],[115376.18490000069,461129.1528000012],[115375.28139999881,461130.77070000023],[115373.6651000008,461132.87909999862],[115373.28379999846,461133.31679999828],[115370.30350000039,461136.73750000075],[115368.08249999955,461140.26689999923],[115365.96999999881,461144.18629999831],[115364.0447999984,461147.94750000164],[115363.79340000078,461148.52769999951],[115363.41349999979,461149.4048999995],[115363.00070000067,461150.73360000178],[115362.85880000144,461152.21020000055],[115363.10660000145,461153.45600000024],[115363.54930000007,461154.68919999897],[115364.99289999902,461156.80020000041],[115368.00140000135,461159.8403000012],[115368.77210000157,461161.1596999988],[115370.57449999824,461164.24579999968],[115372.79540000111,461167.21860000119],[115374.15850000083,461170.85489999875],[115375.30649999902,461174.18340000138],[115376.30750000104,461175.99120000005],[115376.31610000134,461176.51080000028],[115376.32539999858,461177.06579999998],[115376.27580000088,461178.0800999999],[115376.1660999991,461179.14090000093],[115376.16479999945,461180.38410000131],[115376.20190000162,461180.5485999994],[115376.48719999939,461181.81309999898],[115376.94830000028,461182.99650000036],[115376.96759999916,461183.0458999984],[115377.57559999824,461184.33040000126],[115378.46939999983,461185.36450000107],[115379.67480000108,461186.37739999965],[115380.86740000173,461186.95540000126],[115382.35220000148,461187.16950000077],[115383.37660000101,461187.10810000077],[115384.38080000132,461187.04270000011],[115385.07959999889,461187.16730000079],[115385.69220000133,461187.57209999859],[115387.28610000014,461189.61609999835],[115389.67339999974,461193.29470000044],[115392.15430000052,461199.06280000135],[115394.23009999841,461202.04019999877],[115395.91620000079,461204.18530000001],[115398.06430000067,461206.59659999982],[115400.55070000142,461209.33949999884],[115402.06909999996,461211.29199999943],[115403.39279999956,461213.02320000157],[115404.30169999972,461215.19759999961],[115404.46319999918,461215.96000000089],[115404.2322999984,461216.97150000185],[115403.99020000175,461218.34219999984],[115402.41270000115,461219.60469999909],[115403.66070000082,461225.48660000041],[115404.80620000139,461228.88489999995],[115405.56870000064,461230.98209999874],[115406.55389999971,461233.25490000099],[115407.51359999925,461235.40549999848],[115409.11450000107,461238.20670000091],[115412.02400000021,461241.42190000042],[115414.52340000123,461244.3759999983],[115417.8311999999,461247.30849999934],[115419.75189999864,461249.22920000181],[115422.27950000018,461251.53310000151],[115424.86520000175,461254.04910000041],[115426.99570000172,461257.59930000082],[115428.4290000014,461259.89440000057],[115429.60190000013,461262.53290000185],[115430.94729999825,461264.90769999847],[115432.64519999921,461267.14579999819],[115435.00450000167,461270.16849999875],[115437.15210000053,461273.16719999909],[115437.9701000005,461274.22709999979],[115438.11600000039,461274.85339999944],[115438.11600000039,461275.20930000022],[115437.99410000071,461275.72269999981],[115437.61080000177,461276.73259999976],[115436.73919999972,461279.31219999865],[115435.43600000069,461282.11670000106],[115434.98919999972,461287.98070000112],[115432.57490000129,461292.02030000091],[115429.72910000011,461297.59169999883],[115428.09829999879,461302.4664000012],[115427.3385999985,461305.23809999973],[115426.99500000104,461309.15870000049],[115427.19029999897,461311.29769999906],[115427.83630000055,461312.34829999879],[115428.87829999998,461313.11259999871],[115431.32699999958,461314.51889999956],[115448.84800000116,461324.58100000024],[115466.35579999909,461325.37159999833],[115472.78599999845,461325.66200000048],[115495.49190000072,461337.24489999935],[115495.56989999861,461337.45160000026],[115496.98200000077,461339.08249999955],[115498.4822999984,461340.61520000175],[115501.38670000061,461342.81879999861],[115503.21689999849,461344.17700000107],[115508.76159999892,461348.29149999842],[115512.23490000144,461350.9550999999],[115515.96460000053,461353.6521999985],[115520.48629999906,461356.80330000073],[115524.98009999841,461359.45039999858],[115532.30510000139,461363.69990000129],[115537.72250000015,461366.73409999907],[115538.88760000095,461367.38670000061],[115543.61030000076,461370.06789999828],[115547.39350000024,461372.25699999928],[115554.84430000186,461376.29679999873],[115555.80150000006,461376.32030000165],[115558.72980000079,461376.10970000178],[115560.87700000033,461376.41730000079],[115563.00869999826,461377.27189999819],[115566.06850000098,461379.06129999831],[115569.94399999827,461381.46070000157],[115571.58549999818,461382.3311999999],[115572.19159999862,461382.80779999867],[115572.65769999847,461383.4924999997],[115573.23110000044,461385.87669999897],[115573.93870000169,461390.44489999861],[115574.15900000185,461393.06129999831],[115573.97529999912,461395.94480000064],[115574.08980000019,461397.1101000011],[115574.49969999865,461398.27910000086],[115575.19370000064,461399.13540000096],[115575.37070000172,461399.35390000045],[115575.86760000139,461399.59400000051],[115577.58590000123,461400.42440000176],[115578.52309999987,461400.72670000046],[115579.79239999875,461400.6799999997],[115580.79300000146,461400.30359999835],[115581.80429999903,461399.48539999872],[115582.86080000177,461397.70080000162],[115585.65430000052,461392.07889999822],[115586.04659999907,461391.71059999987],[115586.37359999865,461391.57409999892],[115586.42740000039,461391.57209999859],[115589.29300000146,461392.66420000046],[115589.81329999864,461393.04060000181],[115590.01209999993,461393.30490000173],[115590.34219999984,461394.07220000029],[115590.96579999849,461394.99340000004],[115591.85590000078,461395.70729999989],[115595.38049999997,461397.52439999953],[115597.56399999931,461398.60119999945],[115602.34019999951,461400.95679999888],[115602.40410000086,461400.98829999939],[115606.58249999955,461403.30600000173],[115608.5214000009,461404.62170000002],[115608.58779999986,461404.69220000133],[115610.44590000063,461406.6640000008],[115613.1986999996,461410.52809999883],[115615.77470000088,461414.45190000162],[115617.5736999996,461418.20859999955],[115618.20419999957,461420.06089999899],[115618.24940000102,461420.40399999917],[115618.46319999918,461422.02749999985],[115618.43290000036,461423.66770000011],[115617.90060000122,461426.18809999898],[115616.7126000002,461429.56049999967],[115616.5802000016,461429.93640000001],[115616.20199999958,461431.36740000173],[115616.18340000138,461431.72879999876],[115616.14079999924,461432.55680000037],[115616.29500000179,461433.70540000126],[115616.80950000137,461434.92430000007],[115617.80050000176,461435.88030000031],[115618.89420000091,461436.72019999847],[115619.9001000002,461437.2947999984],[115621.19750000164,461437.70919999853],[115622.60379999876,461437.77439999953],[115624.35770000145,461437.23889999837],[115624.42350000143,461437.21880000085],[115626.24320000038,461435.66959999874],[115628.41259999946,461432.75019999966],[115628.75420000032,461432.5298999995],[115629.03489999846,461432.47920000181],[115629.15049999952,461432.48290000111],[115629.34109999985,461432.4888000004],[115629.59450000152,461432.60379999876],[115630.19009999931,461433.15780000016],[115630.2351000011,461433.2173999995],[115631.28500000015,461434.60810000077],[115632.96810000017,461437.34129999951],[115634.60810000077,461439.45630000159],[115637.93769999966,461443.00039999932],[115637.96900000051,461443.03370000049],[115639.76060000062,461445.4021999985],[115641.24430000037,461448.56819999963],[115641.98710000142,461451.09039999917],[115642.39710000157,461452.48270000145],[115643.27549999952,461456.78020000085],[115643.92839999869,461458.47190000117],[115645.49350000173,461460.558699999],[115648.36089999974,461463.93079999834],[115651.77329999954,461468.51300000027],[115652.94790000096,461470.41230000183],[115653.26819999889,461471.48189999908],[115653.30620000139,461472.2949000001],[115653.16250000149,461473.16580000147],[115652.83269999921,461474.33850000054],[115651.03220000118,461478.11710000038],[115649.14319999889,461483.29659999907],[115648.69830000028,461484.81469999999],[115648.59420000017,461486.10029999912],[115648.63419999927,461486.5166000016],[115648.72789999843,461487.49020000175],[115649.1099999994,461488.71009999886],[115649.93780000135,461490.14559999853],[115650.46700000018,461490.70820000023],[115650.69399999827,461490.94949999824],[115651.28920000046,461491.25470000133],[115654.15469999984,461492.7237999998],[115656.00979999825,461493.06830000132],[115657.87330000103,461492.74049999937],[115658.93820000067,461490.67550000176],[115659.54659999907,461489.33720000088],[115660.05319999903,461487.74080000073],[115661.20300000161,461484.25560000166],[115661.93969999999,461483.21599999815],[115662.1651000008,461482.7164000012],[115662.18710000068,461482.72899999842],[115662.55829999968,461483.24289999902],[115662.91090000048,461484.04309999943],[115664.46930000186,461487.57899999991],[115664.83350000158,461488.40549999848],[115667.1548999995,461493.61910000071],[115669.94759999961,461498.20380000025],[115671.73380000144,461500.57239999995],[115672.43050000072,461501.35610000044],[115672.71169999987,461501.67229999974],[115673.95939999819,461503.07569999993],[115675.41919999942,461504.12990000099],[115676.06700000167,461504.59769999981],[115680.24219999835,461507.90199999884],[115684.6110999994,461512.16360000148],[115685.23380000144,461513.04199999943],[115685.77859999985,461513.81049999967],[115687.17489999905,461515.78009999916],[115687.53400000185,461516.48539999872],[115688.06529999897,461517.52910000086],[115688.35590000078,461519.08150000125],[115688.61699999869,461520.64570000023],[115688.21269999817,461524.53060000017],[115688.76280000061,461526.42460000142],[115689.51889999956,461527.53709999844],[115690.58549999818,461528.61490000039],[115692.01209999993,461529.56839999929],[115695.31359999999,461530.92540000007],[115695.73169999942,461531.04149999842],[115696.78570000082,461531.3339000009],[115697.92810000107,461531.37920000032],[115698.48420000076,461531.4012000002],[115699.9598999992,461530.87999999896],[115704.77629999816,461527.80579999834],[115707.58320000023,461526.25319999829],[115709.01649999991,461525.80900000036],[115710.96510000154,461525.1585999988],[115714.43769999966,461523.99960000068],[115715.56049999967,461523.82899999991],[115716.43679999933,461523.9215000011],[115716.62799999863,461523.98009999841],[115717.77380000055,461524.3311999999],[115719.76639999822,461523.93259999901],[115721.72819999978,461523.67410000041],[115726.73930000141,461522.69399999827],[115732.1726000011,461521.34959999844],[115734.04659999907,461520.88580000028],[115739.40069999918,461520.07829999924],[115743.27710000053,461519.4935999997],[115745.28929999843,461519.19009999931],[115748.63500000164,461518.65040000156],[115752.75259999931,461518.5960999988],[115758.20690000057,461518.16279999912],[115760.59270000085,461517.18739999831],[115760.65370000154,461517.16250000149],[115763.59290000051,461515.87579999864],[115772.68589999899,461512.54989999905],[115776.33460000157,461511.10500000045],[115778.26680000126,461510.09750000015],[115779.75360000134,461508.80000000075],[115781.15830000117,461507.93120000139],[115782.93629999831,461507.00759999827],[115789.73000000045,461504.67760000005],[115790.12739999965,461504.57470000163],[115790.31419999897,461504.61149999872],[115790.53779999912,461504.82420000061],[115790.8209999986,461505.32189999893],[115790.98189999908,461505.60460000113],[115791.54729999974,461507.02400000021],[115792.10080000013,461507.95470000058],[115792.24430000037,461508.1959999986],[115792.31870000064,461508.25429999828],[115792.94299999997,461508.74300000072],[115793.54969999939,461509.21810000017],[115794.85190000013,461509.72969999909],[115796.31689999998,461510.09620000049],[115798.50609999895,461510.24890000001],[115799.88199999928,461510.14550000057],[115800.50160000101,461509.88509999961],[115801.40179999918,461509.50679999962],[115802.97690000013,461508.565200001],[115803.07820000127,461508.50459999964],[115803.15989999846,461508.32990000024],[115804.10559999943,461506.30660000071],[115805.6026000008,461504.18320000172],[115807.09219999984,461502.26880000159],[115812.07409999892,461497.0298999995],[115818.1446999982,461490.81320000067],[115823.78339999914,461486.4952000007],[115833.14200000092,461480.13709999993],[115842.04500000179,461475.19830000028],[115838.38769999892,461481.64649999887],[115836.92559999973,461485.04390000179],[115834.372299999,461491.67859999835],[115833.13780000061,461495.65239999816],[115832.91149999946,461497.14889999852],[115833.00569999963,461498.56500000134],[115833.04149999842,461498.70219999924],[115833.33940000087,461499.84569999948],[115834.24179999903,461501.02959999815],[115834.39860000089,461501.14699999988],[115835.51649999991,461501.98360000178],[115836.17500000075,461502.23330000043],[115837.78249999881,461502.60049999878],[115838.95859999955,461502.61059999838],[115840.23600000143,461502.27829999849],[115841.67509999871,461501.15249999985],[115842.72580000013,461499.5885999985],[115847.50180000067,461489.91580000147],[115850.65929999948,461482.23059999943],[115852.22239999846,461478.54140000045],[115854.6548999995,461473.81019999832],[115856.1202000007,461471.22670000046],[115857.96840000153,461468.5326000005],[115860.50699999928,461464.1699000001],[115863.07319999859,461459.40340000018],[115864.45059999824,461456.55590000004],[115866.07840000093,461452.84160000086],[115868.18389999866,461448.14090000093],[115870.17590000108,461444.09470000118],[115871.38210000098,461441.86560000107],[115872.08889999986,461440.90309999883],[115873.1026000008,461440.0150000006],[115873.86580000073,461439.55079999939],[115880.96009999886,461434.93780000135],[115889.25939999893,461430.71420000121],[115890.19350000098,461430.31030000001],[115890.48169999942,461430.42159999907],[115890.76559999958,461430.65260000154],[115893.44839999825,461433.68829999864],[115893.53979999945,461433.84800000116],[115893.54600000009,461434.10220000148],[115893.35489999875,461434.97690000013],[115889.53880000114,461441.27250000089],[115888.72040000185,461443.57660000026],[115887.15639999881,461448.22179999948],[115885.62909999862,461454.00939999893],[115884.54369999841,461458.07990000024],[115883.51449999958,461460.69830000028],[115880.34690000117,461468.4626000002],[115875.27230000123,461480.56439999864],[115870.82459999993,461492.21770000085],[115865.27459999919,461505.68699999899],[115857.31679999828,461524.72300000116],[115851.64389999956,461536.77290000021],[115845.37590000033,461551.88690000027],[115840.03510000184,461564.58329999819],[115834.35480000079,461578.24909999967],[115828.62999999896,461591.26379999891],[115823.69610000029,461602.78770000115],[115818.70289999992,461612.80620000139],[115816.34560000151,461618.60709999874],[115814.0476000011,461624.54949999973],[115809.25169999897,461636.22659999877],[115805.46049999818,461646.89570000023]]]},"properties":{"ORACLE_OBJECTID":211,"CODE":"PAW_OR-4.10.OB17","NAAM":"OB B.J. van Bemmel","STATUSOBJECT":"gerealiseerd","SOORTPEILGEBIED":"Onderbemaling","SOORTAFWATERING":"Bemalen","PEILBEHERENDEINSTANTIE":"KADASTRAAL EIGENAAR","OPPERVLAKTE":326276,"OMTREK":3351,"OPMERKING":null,"HYPERLINK":null,"ONTHEFFING":"V59282","SOORTPEILBEHEER":"dynamisch peil","VASTPEIL":-2.0099999999999998,"ZOMERPEIL":null,"WINTERPEIL":null,"FLEXZOMERPEILONDERGRENS":-2.0099999999999998,"FLEXZOMERPEILBOVENGRENS":null,"FLEXWINTERPEILONDERGRENS":-2.0099999999999998,"FLEXWINTERPEILBOVENGRENS":null,"ZOMERPEILTEKST":"bov: / ond:-2.01","WINTERPEILTEKST":"bov: / ond:-2.01","INWINNENDEINSTANTIE":"Hoogheemraadschap van Rijnland","METENDEINSTANTIE":null,"INWINNINGSMETHODE":null,"DIMENSIE":"2D","NAUWKEURIGHEIDXY":null,"NAUWKEURIGHEIDZ":null,"DATUMINWINNING":1406160000000,"GEOKPOBJECTID":143,"LAST_EDITED_DATE":1753360683000,"STATUSPEILGEBIED":"Vigerend definitief","SHAPE_AREA":0,"SHAPE_LEN":0,"BEVAT":null,"VOERTAFOP":null,"LONGITUDE":4.8099900900000003,"LATITUDE":52.140168629999998,"XCOORDINAAT":115485.88,"YCOORDINAAT":461487.76000000001,"VASTBEHEERMARGEBOVEN":null,"VASTBEHEERMARGEONDER":null,"ZPBEHEERMARGEBOVEN":null,"ZPBEHEERMARGEONDER":null,"WPBEHEERMARGEONDER":null,"WPBEHEERMARGEBOVEN":null,"FLEXZPONDERBEHEERMARGEBOVEN":null,"FLEXZPONDERBEHEERMARGEONDER":null,"FLEXZPBOVENBEHEERMARGEBOVEN":null,"FLEXZPBOVENBEHEERMARGEONDER":null,"FLEXWPONDERBEHEERMARGEBOVEN":null,"FLEXWPONDERBEHEERMARGEONDER":null,"FLEXWPBOVENBEHEERMARGEBOVEN":null,"FLEXWPBOVENBEHEERMARGEONDER":null,"OBJECTID2":13}},{"type":"Feature","id":17,"geometry":{"type":"Polygon","coordinates":[[[105842.26799999923,463409.24500000104],[105844.21499999985,463419.6400000006],[105851.81300000101,463457.75699999928],[105859.72399999946,463500.54500000179],[105860.38899999857,463504.14699999988],[105868.66499999911,463548.48999999836],[105883.58500000089,463624.82299999893],[105888.73900000006,463652.52400000021],[105899.15399999917,463708.50299999863],[105906.57600000128,463748.0540000014],[105916.70600000024,463800.55600000173],[105923.60799999908,463837.99500000104],[105943.23299999908,463942.78099999949],[105954.32699999958,464000.56599999964],[105964.21799999848,464052.07999999821],[105848.57499999925,464049.3740000017],[105839.125,463999.44200000167],[105838.20499999821,463994.58500000089],[105822.92199999839,463914.83799999952],[105810.82699999958,463848.45800000057],[105788.68200000003,463731.91699999943],[105768.52100000158,463627.18400000036],[105768.24500000104,463625.75299999863],[105756.27899999917,463561.46999999881],[105744.42799999937,463499.43699999899],[105742.27499999851,463488.16800000146],[105730.17199999839,463418.75800000131],[105730.1400000006,463418.30600000173],[105730.40599999949,463418.07600000128],[105730.84899999946,463417.73299999908],[105731.92599999905,463417.37799999863],[105737.83999999985,463416.07299999893],[105763.52100000158,463411.46799999848],[105769.04399999976,463409.93899999931],[105779.38599999994,463407.56799999997],[105781.79500000179,463406.60000000149],[105782.18400000036,463406.53599999845],[105781.63399999961,463403.18600000069],[105781.52499999851,463402.51999999955],[105780.96900000051,463399.13800000027],[105782.24500000104,463398.98000000045],[105802.22700000182,463396.51099999994],[105839.30299999937,463391.9299999997],[105842.26799999923,463409.24500000104]]]},"properties":{"ORACLE_OBJECTID":216,"CODE":"PAW_OR-4.06.OB18","NAAM":"Polder Vierambacht","STATUSOBJECT":"gerealiseerd","SOORTPEILGEBIED":"Onderbemaling","SOORTAFWATERING":"Bemalen","PEILBEHERENDEINSTANTIE":"VERGUNNINGHOUDER","OPPERVLAKTE":74384,"OMTREK":1549,"OPMERKING":null,"HYPERLINK":null,"ONTHEFFING":"V56392","SOORTPEILBEHEER":"vast peil","VASTPEIL":-6.0499999999999998,"ZOMERPEIL":null,"WINTERPEIL":null,"FLEXZOMERPEILONDERGRENS":null,"FLEXZOMERPEILBOVENGRENS":null,"FLEXWINTERPEILONDERGRENS":null,"FLEXWINTERPEILBOVENGRENS":null,"ZOMERPEILTEKST":"-6.05","WINTERPEILTEKST":"-6.05","INWINNENDEINSTANTIE":"Hoogheemraadschap van Rijnland","METENDEINSTANTIE":null,"INWINNINGSMETHODE":null,"DIMENSIE":"2D","NAUWKEURIGHEIDXY":null,"NAUWKEURIGHEIDZ":null,"DATUMINWINNING":1371772800000,"GEOKPOBJECTID":130,"LAST_EDITED_DATE":1726934535000,"STATUSPEILGEBIED":"Vigerend definitief","SHAPE_AREA":0,"SHAPE_LEN":0,"BEVAT":null,"VOERTAFOP":null,"LONGITUDE":4.6688766099999999,"LATITUDE":52.159475630000003,"XCOORDINAAT":105847.17999999999,"YCOORDINAAT":463722,"VASTBEHEERMARGEBOVEN":null,"VASTBEHEERMARGEONDER":null,"ZPBEHEERMARGEBOVEN":null,"ZPBEHEERMARGEONDER":null,"WPBEHEERMARGEONDER":null,"WPBEHEERMARGEBOVEN":null,"FLEXZPONDERBEHEERMARGEBOVEN":null,"FLEXZPONDERBEHEERMARGEONDER":null,"FLEXZPBOVENBEHEERMARGEBOVEN":null,"FLEXZPBOVENBEHEERMARGEONDER":null,"FLEXWPONDERBEHEERMARGEBOVEN":null,"FLEXWPONDERBEHEERMARGEONDER":null,"FLEXWPBOVENBEHEERMARGEBOVEN":null,"FLEXWPBOVENBEHEERMARGEONDER":null,"OBJECTID2":17}},{"type":"Feature","id":18,"geometry":{"type":"MultiPolygon","coordinates":[[[[105049.625,464908.2509999983],[105049.58500000089,464909.86899999902],[105049.30000000075,464911.66000000015],[105048.53400000185,464911.85000000149],[105047.74300000072,464912.04600000009],[105045.90900000185,464912.13599999994],[105041.20499999821,464911.9849999994],[105000.0700000003,464911.22199999914],[104996.97300000116,464911.16299999878],[104976.30000000075,464910.14400000125],[104907.9450000003,464908.55200000107],[104855.30900000036,464907.56300000101],[104809.92199999839,464906.38100000098],[104761.79500000179,464905.21599999815],[104699.01999999955,464903.85300000012],[104649.14900000021,464902.72500000149],[104612.69000000134,464902.0709999986],[104609.68899999931,464902.15900000185],[104607.76199999824,464902.21599999815],[104605.23999999836,464890.26799999923],[104597.65500000119,464838.8740000017],[104592.92599999905,464805.41699999943],[104590.46000000089,464788.21000000089],[104590.41699999943,464781.96799999848],[104588.48699999973,464778.57800000161],[104584.47199999914,464778.0549999997],[104581.77699999884,464778.04199999943],[104579.04500000179,464778.49500000104],[104571.96700000018,464778.55600000173],[104535.28200000152,464777.42500000075],[104454.78599999845,464775.44999999925],[104383.84899999946,464773.86100000143],[104302.60200000182,464771.90599999949],[104235.41800000146,464770.4840000011],[104129.59299999848,464768.4609999992],[104108.63599999994,464767.79199999943],[104079.56199999899,464767.13599999994],[104060.44299999997,464766.74799999967],[104062.70499999821,464685.69799999893],[104049.68899999931,464681.59099999815],[104056.19999999925,464660.95800000057],[104060.35700000077,464661.20499999821],[104064.34400000051,464661.44200000167],[104082.26000000164,464663.96599999815],[104103.47300000116,464666.50499999896],[104127.82699999958,464667.60099999979],[104175.19200000167,464668.68899999931],[104276.98200000077,464671.50299999863],[104313.97300000116,464672.31199999899],[104357.29800000042,464673.4609999992],[104394.41800000146,464674.56799999997],[104420.29300000146,464675.20899999887],[104454.03599999845,464675.99799999967],[104473.33700000122,464676.21599999815],[104494.65300000086,464676.80299999937],[104519.6259999983,464677.38500000164],[104545.59099999815,464677.75499999896],[104567.42700000107,464678.61600000039],[104578.97899999842,464678.84400000051],[104583.82200000063,464678.94099999964],[104586.83799999952,464679.0009999983],[104619.48600000143,464679.71400000155],[104653.86400000006,464680.54300000146],[104685.72700000182,464681.45600000024],[104715.27699999884,464682.2890000008],[104745.63300000131,464683.32999999821],[104787.77100000158,464683.84400000051],[104823.54300000146,464684.87900000066],[104877.15900000185,464686.28599999845],[104933.1090000011,464687.79100000113],[104971.69999999925,464688.3040000014],[104999.90100000054,464689.23000000045],[105001.625,464689.28700000048],[105009.47599999979,464689.23699999973],[105010.84600000083,464689.30000000075],[105012.33700000122,464698.33399999887],[105012.09200000018,464700.1099999994],[105016.95800000057,464724.07800000161],[105022.15700000152,464754.25200000033],[105026.9990000017,464784.3049999997],[105028.85200000182,464794.37000000104],[105032.31199999899,464810.06500000134],[105036.01399999857,464830.40300000086],[105040.2890000008,464856.02499999851],[105040.94700000063,464859.3599999994],[105043.95100000128,464876.11699999869],[105048.75200000033,464901.59400000051],[105049.625,464908.2509999983]]],[[[105032.73800000176,464690.02699999884],[105042.94399999827,464691.11800000072],[105079.55299999937,464692.03299999982],[105136.76900000125,464692.70899999887],[105174.84099999815,464693.61899999902],[105224.07400000095,464695.17799999937],[105262.67100000009,464695.78000000119],[105307.25699999928,464697],[105339.89400000125,464697.80799999833],[105366.27600000054,464698.00400000066],[105371.37099999934,464698.3740000017],[105371.60000000149,464698.39600000158],[105371.74199999869,464699.15399999917],[105371.47300000116,464702.80299999937],[105368.95300000161,464735.67799999937],[105365.7659999989,464781.38800000027],[105365.72599999979,464796.61600000039],[105370.09699999914,464796.63300000131],[105372.65599999949,464796.82800000161],[105504.10599999875,464799.38500000164],[105508.15599999949,464799.49199999869],[105761.34699999914,464806.18100000173],[105762.55700000003,464809.3049999997],[105762.63100000098,464812.48999999836],[105765.92199999839,464816.88899999857],[105766.14799999818,464817.22700000182],[105769.77800000086,464825.89799999818],[105778.36600000039,464844.6240000017],[105784.75699999928,464859.86499999836],[105791.31300000101,464878.41299999878],[105796.21999999881,464894.98099999875],[105801.4299999997,464913.64400000125],[105805.2109999992,464927.69900000095],[105806.19799999893,464931.36699999869],[105816.01399999857,464974.0859999992],[105570.39999999851,464965.08500000089],[105073.10200000182,464955.25299999863],[105064.74599999934,464912.5159999989],[105064.57200000063,464912.0709999986],[105062.94799999893,464904.83700000122],[105054.66099999845,464857.83399999887],[105053.87700000033,464852.88399999961],[105051.14999999851,464837.43299999833],[105045.37799999863,464803.49399999902],[105042.75899999961,464790.88899999857],[105040.68100000173,464781.06199999899],[105035.86600000039,464752.00499999896],[105030.83900000155,464724.36499999836],[105026.05099999905,464698.65199999884],[105025.65399999917,464696.98099999875],[105025.04500000179,464692.65100000054],[105024.77100000158,464689.81700000167],[105025.39600000158,464689.78099999949],[105028.43699999899,464689.50499999896],[105032.73800000176,464690.02699999884]]]]},"properties":{"ORACLE_OBJECTID":218,"CODE":"PAW_OR-4.06.OB11","NAAM":"Polder Vierambacht","STATUSOBJECT":"gerealiseerd","SOORTPEILGEBIED":"Onderbemaling","SOORTAFWATERING":"Bemalen","PEILBEHERENDEINSTANTIE":"KADASTRAAL EIGENAAR","OPPERVLAKTE":303975,"OMTREK":4425,"OPMERKING":null,"HYPERLINK":null,"ONTHEFFING":null,"SOORTPEILBEHEER":"vast peil","VASTPEIL":-6.5,"ZOMERPEIL":null,"WINTERPEIL":null,"FLEXZOMERPEILONDERGRENS":null,"FLEXZOMERPEILBOVENGRENS":null,"FLEXWINTERPEILONDERGRENS":null,"FLEXWINTERPEILBOVENGRENS":null,"ZOMERPEILTEKST":"-6.50","WINTERPEILTEKST":"-6.50","INWINNENDEINSTANTIE":"Hoogheemraadschap van Rijnland","METENDEINSTANTIE":null,"INWINNINGSMETHODE":null,"DIMENSIE":"2D","NAUWKEURIGHEIDXY":null,"NAUWKEURIGHEIDZ":null,"DATUMINWINNING":1372377600000,"GEOKPOBJECTID":67,"LAST_EDITED_DATE":1726934537000,"STATUSPEILGEBIED":"Vigerend definitief","SHAPE_AREA":0,"SHAPE_LEN":0,"BEVAT":null,"VOERTAFOP":null,"LONGITUDE":4.6553540599999996,"LATITUDE":52.16923929,"XCOORDINAAT":104932.85000000001,"YCOORDINAAT":464817.52000000002,"VASTBEHEERMARGEBOVEN":null,"VASTBEHEERMARGEONDER":null,"ZPBEHEERMARGEBOVEN":null,"ZPBEHEERMARGEONDER":null,"WPBEHEERMARGEONDER":null,"WPBEHEERMARGEBOVEN":null,"FLEXZPONDERBEHEERMARGEBOVEN":null,"FLEXZPONDERBEHEERMARGEONDER":null,"FLEXZPBOVENBEHEERMARGEBOVEN":null,"FLEXZPBOVENBEHEERMARGEONDER":null,"FLEXWPONDERBEHEERMARGEBOVEN":null,"FLEXWPONDERBEHEERMARGEONDER":null,"FLEXWPBOVENBEHEERMARGEBOVEN":null,"FLEXWPBOVENBEHEERMARGEONDER":null,"OBJECTID2":18}},{"type":"Feature","id":20,"geometry":{"type":"Polygon","coordinates":[[[114051.3909999989,460267.11300000176],[114032.79100000113,460296.93800000101],[114032.63800000027,460302.10399999842],[114031.96299999952,460307.03099999949],[114030.40900000185,460310.23800000176],[114026.45100000128,460309.73099999875],[114024.21299999952,460307.5390000008],[114024.07499999925,460304.23099999875],[114024.38699999824,460297.04100000113],[114023.92399999872,460286.6259999983],[114023.44299999997,460284.61300000176],[114024.00699999928,460280.2890000008],[114024.88699999824,460277.90599999949],[114026.59400000051,460274.42799999937],[114032.85399999842,460262.90500000119],[114051.46700000018,460231.10399999842],[114062.96700000018,460213.41600000113],[114082.72700000182,460179.13100000098],[114089.5009999983,460168.29899999872],[114091.66899999976,460164.25800000131],[114084.13599999994,460159.34200000018],[114053.14299999923,460139.83300000057],[114042.67700000107,460133.24500000104],[114043.29500000179,460130.33799999952],[114046.57800000161,460122.86100000143],[114049.02800000086,460119.40500000119],[114049.50699999928,460117.46900000051],[114049.9990000017,460116.24799999967],[114050.77100000158,460114.95600000024],[114053.84600000083,460111.53000000119],[114061.71400000155,460096.64900000021],[114073.27600000054,460077.48800000176],[114077.125,460071.76300000027],[114077.86400000006,460069],[114078.21999999881,460066.05099999905],[114078.23000000045,460064.04899999872],[114077.55299999937,460061.47700000182],[114075.11899999902,460058.56199999899],[114062.91200000048,460051.25],[114060.56300000101,460049.84299999848],[114052.78500000015,460044.92199999839],[114050.44099999964,460043.74100000039],[114048.00499999896,460043.14600000158],[114045.5,460043.35300000012],[114041.71000000089,460045.49100000039],[114038.43499999866,460050.16499999911],[114024.4990000017,460071.58199999854],[114013.3049999997,460088.52499999851],[113997.60500000045,460109.4459999986],[113996.19900000095,460111.30099999905],[113995.6790000014,460111.8209999986],[113994.27299999818,460112.36400000006],[113992.88800000027,460112.42300000042],[113990.82999999821,460113.53700000048],[113988.65399999917,460115.40500000119],[113987.34200000018,460117.25600000098],[113986.3599999994,460119.26099999994],[113985.60500000045,460120.50299999863],[113985.28099999949,460120.85799999908],[113984.72500000149,460121.05299999937],[113983.77499999851,460121.01399999857],[113975.73999999836,460117.38599999994],[113963.68899999931,460106.59400000051],[113949.36600000039,460096.82999999821],[113909.85700000077,460152.89400000125],[113909.75699999928,460152.83900000155],[113904.14999999851,460149.8209999986],[113902.26900000125,460148.69299999997],[113901.23999999836,460147.57299999893],[113900.07200000063,460144.97800000012],[113898.4450000003,460143.1400000006],[113882.92100000009,460132.13800000027],[113861.90900000185,460159.95300000161],[113842.82699999958,460146.15300000086],[113836.87700000033,460141.12900000066],[113832.2109999992,460136.93499999866],[113829.26300000027,460133.20600000024],[113827.57200000063,460129.49399999902],[113827.67199999839,460128.67100000009],[113828.0859999992,460127.51999999955],[113828.9739000015,460125.83190000057],[113828.9990000017,460125.78400000185],[113830.11699999869,460123.99500000104],[113845.20699999854,460102.52100000158],[113860.63300000131,460078.98699999973],[113904.65500000119,460015.5390000008],[113914.55999999866,460001.75],[113937.62799999863,459969.6409999989],[113966.53999999911,459928.30299999937],[114002.45100000128,459878.1090000011],[114069.43200000003,459781.86800000072],[114078.49799999967,459769.04300000146],[114093.09200000018,459749.31300000101],[114136.57899999991,459686.61300000176],[114156.34099999815,459659.45399999991],[114174.56599999964,459632.67399999872],[114204.10700000077,459591.67300000042],[114207.37200000137,459587.35399999842],[114232.62999999896,459606.4459999986],[114199.39799999818,459655.37000000104],[114197.87200000137,459657.61600000039],[114230.96599999815,459680.09600000083],[114248.20199999958,459691.66899999976],[114254.16699999943,459682.78599999845],[114263.98099999875,459668.16899999976],[114267.27299999818,459662.88300000131],[114268.78500000015,459660.72899999842],[114270.68100000173,459657.50200000033],[114270.80999999866,459657.33199999854],[114272.9849999994,459659.4450000003],[114281.78400000185,459671.71900000051],[114285.82699999958,459676.30299999937],[114294.24599999934,459686.78500000015],[114294.27800000086,459686.82299999893],[114296.77199999988,459689.72300000116],[114297.00400000066,459689.99300000072],[114299.4299999997,459692.81399999931],[114304.97700000182,459699.84400000051],[114307.78599999845,459702.67399999872],[114318.88100000098,459709.13899999857],[114336.08199999854,459718.01999999955],[114336.22300000116,459718.08999999985],[114345.91600000113,459721.86800000072],[114358.59299999848,459723.3740000017],[114362.40300000086,459723.55999999866],[114368.42199999839,459726.16299999878],[114370.91299999878,459726.35799999908],[114373.59400000051,459725.95399999991],[114375.49599999934,459724.95100000128],[114379.86800000072,459724.01300000027],[114385.09200000018,459725.125],[114366.62900000066,459755.11300000176],[114051.3909999989,460267.11300000176]]]},"properties":{"ORACLE_OBJECTID":220,"CODE":"PAW_OR-4.10.OB08","NAAM":"OB A.J. van Vliet OB08","STATUSOBJECT":"gerealiseerd","SOORTPEILGEBIED":"Onderbemaling","SOORTAFWATERING":"Bemalen","PEILBEHERENDEINSTANTIE":"KADASTRAAL EIGENAAR","OPPERVLAKTE":132250,"OMTREK":2358,"OPMERKING":null,"HYPERLINK":null,"ONTHEFFING":"V59298","SOORTPEILBEHEER":"seizoensgebonden peil (vast)","VASTPEIL":null,"ZOMERPEIL":-2.2999999999999998,"WINTERPEIL":-2.5,"FLEXZOMERPEILONDERGRENS":null,"FLEXZOMERPEILBOVENGRENS":null,"FLEXWINTERPEILONDERGRENS":null,"FLEXWINTERPEILBOVENGRENS":null,"ZOMERPEILTEKST":"-2.30","WINTERPEILTEKST":"-2.50","INWINNENDEINSTANTIE":"Hoogheemraadschap van Rijnland","METENDEINSTANTIE":null,"INWINNINGSMETHODE":null,"DIMENSIE":"2D","NAUWKEURIGHEIDXY":null,"NAUWKEURIGHEIDZ":null,"DATUMINWINNING":1406764800000,"GEOKPOBJECTID":144,"LAST_EDITED_DATE":1753280685000,"STATUSPEILGEBIED":"Vigerend definitief","SHAPE_AREA":0,"SHAPE_LEN":0,"BEVAT":null,"VOERTAFOP":null,"LONGITUDE":4.7900239300000003,"LATITUDE":52.126236759999998,"XCOORDINAAT":114106.33,"YCOORDINAAT":459948.79999999999,"VASTBEHEERMARGEBOVEN":null,"VASTBEHEERMARGEONDER":null,"ZPBEHEERMARGEBOVEN":null,"ZPBEHEERMARGEONDER":null,"WPBEHEERMARGEONDER":null,"WPBEHEERMARGEBOVEN":null,"FLEXZPONDERBEHEERMARGEBOVEN":null,"FLEXZPONDERBEHEERMARGEONDER":null,"FLEXZPBOVENBEHEERMARGEBOVEN":null,"FLEXZPBOVENBEHEERMARGEONDER":null,"FLEXWPONDERBEHEERMARGEBOVEN":null,"FLEXWPONDERBEHEERMARGEONDER":null,"FLEXWPBOVENBEHEERMARGEBOVEN":null,"FLEXWPBOVENBEHEERMARGEONDER":null,"OBJECTID2":20}},{"type":"Feature","id":22,"geometry":{"type":"Polygon","coordinates":[[[97418.877000000328,457771.46489999816],[97446.52160000056,457777.63800000027],[97498.186500001699,457789.17480000108],[97502.35000000149,457790.10460000113],[97505.3535999991,457790.77529999986],[97504.038100000471,457796.71150000021],[97503.081000000238,457801.0223999992],[97498.926100000739,457819.7025000006],[97496.852800000459,457829.15029999986],[97493.829999998212,457842.53150000051],[97489.747499998659,457861.059799999],[97486.605799999088,457875.12319999933],[97483.811200000346,457877.10429999977],[97482.104600001127,457884.4354000017],[97479.895700000226,457894.62420000136],[97477.247200001031,457906.48369999975],[97474.731300000101,457918.23559999838],[97471.311700001359,457933.84019999951],[97468.399599999189,457947.02380000055],[97467.199099998921,457952.49780000001],[97465.593100000173,457959.82070000097],[97466.388599999249,457962.9534999989],[97466.732599999756,457964.30820000172],[97466.538600001484,457965.08529999852],[97466.056299999356,457967.23970000073],[97463.94830000028,457976.65619999915],[97463.489700000733,457978.70490000024],[97459.737700000405,457994.9833999984],[97454.306000001729,458019.77600000054],[97451.727200001478,458031.90520000085],[97449.897700000554,458039.68919999897],[97445.702300000936,458058.38549999893],[97438.441100001335,458091.60119999945],[97436.037799999118,458102.61219999939],[97432.175599999726,458119.6425999999],[97428.974100001156,458134.68670000136],[97427.628400001675,458140.82429999858],[97426.322399999946,458146.9178000018],[97424.49469999969,458155.44539999962],[97422.882699999958,458162.91299999878],[97421.859499998391,458167.79720000178],[97418.980700001121,458183.58529999852],[97417.281199999154,458190.98580000177],[97415.183899998665,458200.24340000004],[97412.445199999958,458212.46209999919],[97410.127700001001,458223.08529999852],[97408.027300000191,458232.55550000072],[97404.692299999297,458247.00389999896],[97401.930100001395,458258.95569999889],[97398.492899999022,458273.62319999933],[97396.169900000095,458283.51460000128],[97393.543600000441,458295.17489999905],[97391.235599998385,458305.05840000138],[97390.939100001007,458306.32800000161],[97389.135499998927,458314.41959999874],[97388.645300000906,458316.45839999989],[97388.224500000477,458318.35370000079],[97387.43730000034,458321.48950000107],[97386.37480000034,458325.94339999929],[97385.159499999136,458331.1202000007],[97383.835799999535,458336.92570000142],[97382.688900001347,458341.77899999917],[97381.912999998778,458345.10770000145],[97381.177999999374,458348.47500000149],[97380.864799998701,458350.05290000141],[97380.574599999934,458351.5150000006],[97380.160500001162,458353.8275000006],[97379.434799998999,458357.01110000163],[97378.892200000584,458358.8563000001],[97378.198199998587,458361.49340000004],[97377.795899998397,458363.02219999954],[97375.804999999702,458371.67749999836],[97370.465900000185,458393.93090000004],[97365.38069999963,458415.6715000011],[97361.507899999619,458431.85559999943],[97357.051100000739,458450.83249999955],[97353.98050000146,458464.13819999993],[97350.05169999972,458481.0773999989],[97348.911200001836,458486.09490000084],[97346.975699998438,458494.69979999959],[97346.901399999857,458495.03020000085],[97345.20380000025,458501.51669999957],[97342.839800000191,458511.75389999896],[97341.811799999326,458515.91149999946],[97341.038400001824,458517.99089999869],[97339.677200000733,458520.97879999876],[97338.205600000918,458524.74320000038],[97338.019299998879,458525.21970000118],[97337.564300000668,458526.36499999836],[97332.934900000691,458525.76449999958],[97332.051199998707,458525.64990000054],[97317.585900001228,458523.77360000089],[97131.995999999344,458499.70100000128],[97188.679299999028,458161.90300000086],[97190.315000001341,458152.15500000119],[97195.023099999875,458124.09730000049],[97209.331500001252,458038.82710000128],[97210.415600001812,458031.73070000112],[97212.348400000483,458020.05189999938],[97213.846299998462,458011.04060000181],[97215.407800000161,458001.35850000009],[97218.973200000823,457979.42119999975],[97223.921999998391,457949.18030000106],[97226.570099998266,457932.91420000046],[97228.868999999017,457918.9897999987],[97231.243099998683,457904.55090000108],[97233.389299999923,457890.90579999983],[97236.289000000805,457873.42269999906],[97238.83199999854,457857.74010000005],[97241.661200001836,457840.51419999823],[97254.773800000548,457759.55009999871],[97255.084499999881,457757.63190000132],[97268.225499998778,457759.82829999924],[97278.153499998152,457761.48759999871],[97278.664299998432,457758.83520000055],[97289.33199999854,457723.29300000146],[97291.457499999553,457716.21130000055],[97292.628800000995,457712.30889999866],[97361.740699999034,457716.18230000138],[97384.876899998635,457717.47899999842],[97428.065499998629,457725.44940000027],[97427.799499999732,457726.78150000051],[97426.135499998927,457735.11470000073],[97424.221599999815,457744.69959999993],[97418.877000000328,457771.46489999816]]]},"properties":{"ORACLE_OBJECTID":222,"CODE":"PAW_WW-10.OB03","NAAM":"OB Gordijn","STATUSOBJECT":"gerealiseerd","SOORTPEILGEBIED":"Onderbemaling","SOORTAFWATERING":"Bemalen","PEILBEHERENDEINSTANTIE":"VERGUNNINGHOUDER","OPPERVLAKTE":181417,"OMTREK":2062,"OPMERKING":"Peil zoals vermeld in vergunning","HYPERLINK":null,"ONTHEFFING":"V50761","SOORTPEILBEHEER":"seizoensgebonden peil (vast)","VASTPEIL":null,"ZOMERPEIL":-2.3199999999999998,"WINTERPEIL":-2.3999999999999999,"FLEXZOMERPEILONDERGRENS":null,"FLEXZOMERPEILBOVENGRENS":null,"FLEXWINTERPEILONDERGRENS":null,"FLEXWINTERPEILBOVENGRENS":null,"ZOMERPEILTEKST":"-2.32","WINTERPEILTEKST":"-2.40","INWINNENDEINSTANTIE":"Hoogheemraadschap van Rijnland","METENDEINSTANTIE":null,"INWINNINGSMETHODE":"digitaliseren","DIMENSIE":"2D","NAUWKEURIGHEIDXY":null,"NAUWKEURIGHEIDZ":null,"DATUMINWINNING":null,"GEOKPOBJECTID":20,"LAST_EDITED_DATE":1726934544000,"STATUSPEILGEBIED":"Vigerend definitief","SHAPE_AREA":0,"SHAPE_LEN":0,"BEVAT":null,"VOERTAFOP":null,"LONGITUDE":4.5452014800000002,"LATITUDE":52.108298939999997,"XCOORDINAAT":97318.669999999998,"YCOORDINAAT":458119.34000000003,"VASTBEHEERMARGEBOVEN":null,"VASTBEHEERMARGEONDER":null,"ZPBEHEERMARGEBOVEN":null,"ZPBEHEERMARGEONDER":null,"WPBEHEERMARGEONDER":null,"WPBEHEERMARGEBOVEN":null,"FLEXZPONDERBEHEERMARGEBOVEN":null,"FLEXZPONDERBEHEERMARGEONDER":null,"FLEXZPBOVENBEHEERMARGEBOVEN":null,"FLEXZPBOVENBEHEERMARGEONDER":null,"FLEXWPONDERBEHEERMARGEBOVEN":null,"FLEXWPONDERBEHEERMARGEONDER":null,"FLEXWPBOVENBEHEERMARGEBOVEN":null,"FLEXWPBOVENBEHEERMARGEONDER":null,"OBJECTID2":22}},{"type":"Feature","id":24,"geometry":{"type":"MultiPolygon","coordinates":[[[[102870.22800000012,464071.78299999982],[102869.03099999949,464081.09699999914],[102868.83300000057,464082.10300000012],[102867.43299999833,464082.16899999976],[102862.08100000024,464081.22300000116],[102810.64799999818,464069.0549999997],[102727.50800000131,464050.01900000125],[102651.85399999842,464033.38399999961],[102584.89600000158,464017.85000000149],[102567.65799999982,464013.09699999914],[102547.36899999902,464008.69999999925],[102518.53599999845,464002.23099999875],[102495.50699999928,463997.07299999893],[102461.86899999902,463989.53799999878],[102400.44299999997,463975.4299999997],[102333.55600000173,463959.89389999956],[102312.11199999973,463954.91330000013],[102296.32899999991,463951.50629999861],[102292.59800000116,463950.70100000128],[102287.08399999887,463949.59600000083],[102300.7340000011,463928.84400000051],[102307.67100000009,463918.70399999991],[102307.68219999969,463918.68519999832],[102312.53269999847,463910.55539999902],[102313.88199999928,463908.29399999976],[102319.73699999973,463899.27100000158],[102320.66200000048,463898.6259999983],[102321.33199999854,463898.41899999976],[102329.41600000113,463900.1409999989],[102357.83900000155,463906.60500000045],[102393.20399999991,463914.92500000075],[102441.51399999857,463925.15100000054],[102474.3909999989,463932.47300000116],[102507.90799999982,463939.83799999952],[102535.12000000104,463945.71999999881],[102567.86899999902,463953.17300000042],[102586.15300000086,463957.06899999827],[102633.62799999863,463966.91299999878],[102720.74399999902,463986.00699999928],[102781.61699999869,464000.04699999839],[102795.30000000075,464002.93499999866],[102839.59099999815,464012.28500000015],[102866.20899999887,464017.71900000051],[102873.03799999878,464019.06599999964],[102874.39699999988,464019.71599999815],[102874.93100000173,464020.08999999985],[102874.92100000009,464020.48099999875],[102873.4609999992,464032.90300000086],[102873.10200000182,464036.97899999842],[102881.82559999824,464037.76559999958],[102882.78400000185,464037.85200000182],[102879.54899999872,464069.11600000039],[102878.16429999843,464068.94489999861],[102870.71200000122,464068.02400000021],[102870.22800000012,464071.78299999982]]],[[[103765.28799999878,464146.6090000011],[103771.04699999839,464148.37099999934],[103773.06100000069,464149.15399999917],[103769.0513000004,464160.23039999977],[103761.35700000077,464181.4849999994],[103745.02400000021,464222.89699999988],[103729.52199999988,464261.66200000048],[103700.67399999872,464331.58199999854],[103698.55099999905,464330.65100000054],[103693.54699999839,464328.93699999899],[103690.70899999887,464328.00499999896],[103687.04610000178,464327.1678000018],[102885.65500000119,464144.01099999994],[102890.56199999899,464105.83300000057],[102895.47300000116,464067.62999999896],[102908.39200000092,463990.06399999931],[102911.56480000168,463971.0166000016],[102913.50400000066,463959.375],[103765.28799999878,464146.6090000011]]]]},"properties":{"ORACLE_OBJECTID":224,"CODE":"PAW_OR-3.37.OB39","NAAM":"OB G.J. Kroes","STATUSOBJECT":"gerealiseerd","SOORTPEILGEBIED":"Onderbemaling","SOORTAFWATERING":"Bemalen","PEILBEHERENDEINSTANTIE":"KADASTRAAL EIGENAAR","OPPERVLAKTE":198250,"OMTREK":3406,"OPMERKING":null,"HYPERLINK":null,"ONTHEFFING":"\u003cNull\u003e","SOORTPEILBEHEER":"vast peil","VASTPEIL":-5.3700000000000001,"ZOMERPEIL":null,"WINTERPEIL":null,"FLEXZOMERPEILONDERGRENS":null,"FLEXZOMERPEILBOVENGRENS":null,"FLEXWINTERPEILONDERGRENS":null,"FLEXWINTERPEILBOVENGRENS":null,"ZOMERPEILTEKST":"-5.37","WINTERPEILTEKST":"-5.37","INWINNENDEINSTANTIE":"Hoogheemraadschap van Rijnland","METENDEINSTANTIE":null,"INWINNINGSMETHODE":null,"DIMENSIE":"2D","NAUWKEURIGHEIDXY":null,"NAUWKEURIGHEIDZ":null,"DATUMINWINNING":1333411200000,"GEOKPOBJECTID":22,"LAST_EDITED_DATE":1744725508000,"STATUSPEILGEBIED":"Vigerend definitief","SHAPE_AREA":0,"SHAPE_LEN":0,"BEVAT":null,"VOERTAFOP":null,"LONGITUDE":4.6276502300000004,"LATITUDE":52.162749789999999,"XCOORDINAAT":103030.07000000001,"YCOORDINAAT":464115,"VASTBEHEERMARGEBOVEN":null,"VASTBEHEERMARGEONDER":null,"ZPBEHEERMARGEBOVEN":null,"ZPBEHEERMARGEONDER":null,"WPBEHEERMARGEONDER":null,"WPBEHEERMARGEBOVEN":null,"FLEXZPONDERBEHEERMARGEBOVEN":null,"FLEXZPONDERBEHEERMARGEONDER":null,"FLEXZPBOVENBEHEERMARGEBOVEN":null,"FLEXZPBOVENBEHEERMARGEONDER":null,"FLEXWPONDERBEHEERMARGEBOVEN":null,"FLEXWPONDERBEHEERMARGEONDER":null,"FLEXWPBOVENBEHEERMARGEBOVEN":null,"FLEXWPBOVENBEHEERMARGEONDER":null,"OBJECTID2":24}},{"type":"Feature","id":25,"geometry":{"type":"MultiPolygon","coordinates":[[[[112330.03700000048,463272.25],[112329.42550000176,463273.66750000045],[112328.81399999931,463275.08500000089],[112328.09959999844,463276.74399999902],[112328.12539999932,463276.75450000167],[112328.41919999942,463276.87480000034],[112328.75879999995,463277.01289999858],[112329.12060000002,463277.16010000184],[112330.71200000122,463277.68820000067],[112331.78119999915,463278.15430000052],[112332.70279999822,463278.61879999936],[112333.1286999993,463278.97879999876],[112333.34650000185,463279.16299999878],[112333.8936999999,463279.90139999986],[112334.16739999875,463280.67080000043],[112334.21029999852,463281.55840000138],[112334.07389999926,463282.60060000047],[112333.70019999892,463283.70279999822],[112333.01469999924,463285.02129999921],[112332.19370000064,463286.88720000163],[112331.09160000086,463290.48020000011],[112329.52109999955,463294.5978000015],[112326.89750000089,463300.37049999833],[112325.86459999904,463302.39479999989],[112325.69610000029,463302.72560000047],[112325.1035999991,463303.88910000026],[112324.20829999819,463305.29060000181],[112322.95529999956,463307.11609999835],[112322.17559999973,463308.4803000018],[112321.22520000115,463310.20829999819],[112320.21700000018,463311.74179999903],[112319.32889999822,463313.71649999917],[112319.09549999982,463314.34750000015],[112318.80640000105,463315.12909999862],[112318.27199999988,463316.50450000167],[112317.60399999842,463318.29769999906],[112316.9226000011,463319.73460000008],[112316.13679999858,463321.68320000172],[112315.98119999841,463322.08579999954],[112315.5175999999,463323.28559999913],[112315.01440000162,463324.63509999961],[112314.24390000105,463327.16690000147],[112313.90450000018,463328.89209999889],[112313.89620000124,463328.93400000036],[112313.93679999933,463330.51089999825],[112314.14609999955,463331.93450000137],[112314.0876000002,463333.24929999933],[112313.86609999835,463334.83040000126],[112313.53240000084,463335.95279999822],[112312.88269999996,463338.62489999831],[112312.6400000006,463339.93430000171],[112312.27450000122,463341.14959999919],[112311.8685999997,463342.19420000166],[112311.36439999938,463343.40129999816],[112310.83799999952,463344.67960000038],[112309.4822999984,463347.67130000144],[112307.26000000164,463353.14909999818],[112306.9160999991,463353.99689999968],[112306.27950000018,463355.3786999993],[112300.34789999947,463372.36930000037],[112299.63899999857,463372.09499999881],[112297.18499999866,463371.14550000057],[112280.52299999818,463364.69900000095],[112259.3946999982,463356.52419999987],[112100.04769999906,463294.871199999],[111957.5485999994,463239.73680000007],[111911.92599999905,463222.08500000089],[111894.45800000057,463215.32699999958],[111895.01749999821,463213.75200000033],[111895.5876000002,463212.20369999856],[111900.83790000156,463197.04659999907],[111901.49929999933,463195.60040000081],[111908.29069999978,463178.29830000177],[111910.78669999912,463170.42550000176],[111913.08619999886,463164.44990000129],[111919.72080000117,463147.16809999943],[111927.00690000132,463128.70540000126],[111927.82950000092,463127.87139999866],[111928.34209999815,463127.35170000046],[111929.10330000147,463126.47580000013],[111929.74830000103,463125.93980000168],[111930.4550999999,463125.61070000008],[111931.42810000107,463125.3553000018],[111933.35550000146,463124.67709999904],[111933.83549999818,463124.43549999967],[111934.40639999881,463124.14820000157],[111935.31590000167,463123.29919999838],[111935.82330000028,463122.21849999949],[111936.12689999864,463121.29699999839],[111936.23330000043,463120.45710000023],[111936.30829999968,463119.85539999977],[111936.30480000004,463118.88230000064],[111935.84149999917,463117.90680000186],[111935.08469999954,463116.40439999849],[111934.50840000063,463115.33229999989],[111934.22839999944,463114.52879999951],[111934.17790000141,463114.38379999995],[111933.95639999956,463113.51159999892],[111933.92779999971,463112.89169999957],[111934.02299999818,463112.03620000184],[111934.21510000154,463110.82200000063],[111934.33819999918,463109.50149999931],[111934.33540000021,463108.58659999818],[111934.23660000041,463108.19669999927],[111934.06899999827,463107.53590000048],[111933.82090000063,463106.92080000043],[111933.60990000144,463106.23550000042],[111933.55070000142,463105.63729999959],[111934.3311999999,463104.11809999868],[111934.53310000151,463103.91409999877],[111935.66770000011,463103.08749999851],[111936.54300000146,463102.15960000083],[111936.65900000185,463102.01170000061],[111937.14680000022,463101.3900000006],[111938.38529999927,463099.92770000175],[111938.9739000015,463098.60449999943],[111940.49949999899,463095.13199999928],[111942.51680000126,463089.25120000169],[111944.32310000062,463083.77309999987],[111945.44440000132,463080.29690000042],[111945.45740000159,463080.26960000023],[111947.10370000079,463076.79670000076],[111947.83300000057,463075.12099999934],[111948.26260000095,463073.81670000032],[111948.56199999899,463072.42709999904],[111948.74199999869,463070.84079999849],[111948.97239999846,463070.14220000058],[111949.1240000017,463069.68230000138],[111949.25470000133,463069.4076000005],[111949.56159999967,463068.76260000095],[111949.94090000167,463067.84290000051],[111950.37559999898,463066.96629999951],[111950.76280000061,463065.92559999973],[111951.01689999923,463065.11250000075],[111951.23330000043,463064.25959999859],[111951.31899999827,463063.92190000042],[111952.40599999949,463060.62680000067],[111955.07690000162,463053.42110000178],[111956.8134999983,463049.07559999824],[111958.16409999877,463046.35300000012],[111958.39629999921,463045.91079999879],[111958.68800000101,463045.6185999997],[111958.78009999916,463045.57209999859],[111958.89579999819,463045.51379999891],[111959.08680000156,463045.42949999869],[111961.72500000149,463046.33399999887],[111962.98530000076,463046.76610000059],[111963.44310000166,463046.92300000042],[111967.24060000107,463048.2248999998],[111968.38430000097,463048.66209999844],[111975.84939999878,463051.41959999874],[111983.1986999996,463054.40879999846],[111991.81639999896,463057.83049999923],[111999.47920000181,463060.79789999872],[112003.61780000106,463062.26029999927],[112014.92110000178,463066.71799999848],[112021.03880000114,463069.21840000153],[112023.66750000045,463070.2928000018],[112033.09499999881,463073.94099999964],[112044.1352000013,463078.44509999827],[112049.16299999878,463080.1678000018],[112055.52939999849,463082.34910000116],[112065.53220000118,463086.05260000005],[112074.7313000001,463089.9112999998],[112085.25829999894,463093.73829999939],[112094.02010000125,463097.253800001],[112106.66120000184,463102.18519999832],[112117.81850000098,463106.31239999831],[112127.75420000032,463110.31439999864],[112136.9785999991,463113.91349999979],[112144.28420000151,463116.79030000046],[112151.84279999882,463119.97159999982],[112158.82319999859,463123.02070000023],[112164.86250000075,463125.37420000136],[112170.87280000001,463127.85449999943],[112173.43010000139,463128.80750000104],[112178.02470000088,463130.52019999921],[112184.64039999992,463132.85220000148],[112190.23970000073,463135.22619999945],[112195.80970000103,463137.78779999912],[112199.61710000038,463139.33659999818],[112202.52519999817,463140.46979999915],[112204.81399999931,463141.30270000175],[112206.8834999986,463142.184799999],[112208.4151000008,463142.97140000015],[112208.76179999858,463143.14950000122],[112210.13419999927,463143.65749999881],[112210.73559999838,463143.88010000065],[112213.07550000027,463144.39090000093],[112215.61969999969,463145.21310000122],[112218.37159999833,463146.02639999986],[112225.66620000079,463148.37449999899],[112229.51000000164,463149.82440000027],[112234.48750000075,463152.05539999902],[112236.934799999,463152.91580000147],[112239.25,463153.7322999984],[112242.5047999993,463154.85480000079],[112246.21900000051,463156.58139999956],[112250.92489999905,463158.41450000182],[112256.58229999989,463160.50420000032],[112260.82930000126,463162.18340000138],[112266.06379999965,463164.21999999881],[112269.74120000005,463165.74410000071],[112271.77969999984,463166.40019999817],[112273.89110000059,463167.05600000173],[112276.70270000026,463168.0335999988],[112280.49379999936,463169.47740000114],[112283.21159999818,463170.54080000147],[112284.28579999879,463171.39389999956],[112293.2463000007,463174.80999999866],[112305.85069999844,463179.80920000002],[112318.71040000021,463184.59789999947],[112330.11620000005,463189.03299999982],[112339.5923999995,463192.51960000023],[112347.76170000061,463195.74610000104],[112353.2135999985,463197.41099999845],[112354.53119999915,463197.82409999892],[112355.74289999902,463198.15799999982],[112357.04340000078,463198.53130000085],[112358.13309999928,463198.87000000104],[112359.47190000117,463199.36259999871],[112360.61490000039,463199.93589999899],[112362.18730000034,463200.89530000091],[112363.04360000044,463201.44269999862],[112363.4450000003,463201.79120000079],[112363.70380000025,463202.20219999924],[112363.87849999964,463202.7153000012],[112363.86780000106,463203.19909999892],[112363.72069999948,463203.8227000013],[112361.84329999983,463209.13809999824],[112358.32339999825,463218.65909999982],[112355.31819999963,463227.82299999893],[112353.98629999906,463231.85429999977],[112353.53290000185,463232.9860999994],[112349.29360000044,463241.58410000056],[112347.34760000184,463247.05829999968],[112344.21579999849,463255.55240000039],[112341.76229999959,463262.51909999922],[112340.57730000094,463266.25780000165],[112339.99120000005,463267.75090000033],[112339.5476000011,463268.79630000144],[112339.03240000084,463269.70600000024],[112338.41829999909,463270.60220000148],[112338.00670000166,463271.22890000045],[112337.69339999929,463271.50679999962],[112337.06760000065,463271.80900000036],[112336.59439999983,463271.86939999834],[112336.16519999877,463271.84430000186],[112333.72839999944,463270.89770000055],[112331.14249999821,463270.03440000117],[112331.01319999993,463269.99109999835],[112330.03700000048,463272.25]]],[[[111912.59010000154,463116.32259999961],[111912.61510000005,463116.33229999989],[111914.17650000006,463116.94629999995],[111914.86890000105,463117.35850000009],[111915.45289999992,463117.68059999868],[111915.90549999848,463118.06960000098],[111916.61050000042,463118.70369999856],[111916.93760000169,463119.12150000036],[111917.00030000135,463119.28249999881],[111917.06940000132,463119.66789999977],[111917.07209999859,463120.45470000058],[111917.10640000179,463121.30860000104],[111916.86540000141,463122.2547999993],[111916.50670000166,463123.38049999997],[111914.96979999915,463127.51110000163],[111914.24799999967,463129.45129999891],[111911.52980000153,463137.42110000178],[111909.04980000108,463143.69970000163],[111905.84939999878,463151.56109999865],[111903.23660000041,463159.13190000132],[111902.60830000043,463160.76520000026],[111902.61089999974,463161.82019999996],[111902.59789999947,463162.08669999987],[111902.57889999822,463162.47370000184],[111902.49720000103,463163.22989999875],[111902.40900000185,463163.57420000061],[111902.32600000128,463163.91259999946],[111902.003800001,463164.76170000061],[111901.76900000125,463165.40790000185],[111901.57459999993,463166.23570000008],[111901.12009999901,463167.12220000103],[111900.42559999973,463168.24159999937],[111900.11019999906,463168.64420000091],[111899.88320000097,463168.93400000036],[111899.22069999948,463169.83830000088],[111898.67790000141,463171.16189999878],[111895.95380000025,463178.7210999988],[111893.41640000045,463184.91409999877],[111891.30510000139,463189.05779999867],[111890.7965000011,463189.75780000165],[111890.21150000021,463190.56289999932],[111890.07499999925,463190.75719999894],[111889.52100000158,463191.54439999908],[111889.29199999943,463191.92199999839],[111888.90060000122,463192.56920000166],[111888.83520000055,463192.6772999987],[111888.55090000108,463193.83100000024],[111888.52560000122,463194.76859999821],[111888.51309999824,463195.21169999987],[111888.44359999895,463196.53970000148],[111888.22540000081,463198.40989999846],[111888.0084999986,463199.92700000107],[111887.59039999917,463201.87220000103],[111886.20679999888,463205.19359999895],[111884.17929999903,463210.91220000014],[111880.81659999862,463218.42889999971],[111879.95630000159,463220.44170000032],[111879.36129999906,463221.98160000145],[111878.21429999918,463224.21709999815],[111877.80510000139,463225.21550000086],[111877.38360000029,463225.76300000027],[111877.06379999965,463226.0177000016],[111876.9897999987,463226.07660000026],[111876.72129999846,463226.17139999941],[111876.64359999821,463226.1688000001],[111876.17790000141,463226.15320000052],[111876.0800999999,463226.12040000036],[111871.69790000096,463224.65300000086],[111869.43250000104,463223.89440000057],[111868.94720000029,463223.73189999908],[111863.22949999943,463221.78220000118],[111855.67379999906,463219.03420000151],[111847.77629999816,463215.8125],[111839.72540000081,463212.74570000172],[111830.74540000036,463208.91589999944],[111830.52499999851,463208.82189999893],[111830.12350000069,463208.67639999837],[111820.96829999983,463205.36100000143],[111810.17770000175,463201.14609999955],[111801.059799999,463197.49500000104],[111796.46049999818,463195.75840000063],[111787.28000000119,463192.46040000021],[111781.26110000163,463190.13410000131],[111773.44000000134,463187.00400000066],[111764.78049999848,463183.44260000065],[111757.93120000139,463180.79769999906],[111754.35940000042,463179.41849999875],[111744.50090000033,463175.78709999844],[111736.72089999914,463172.86569999903],[111730.23360000178,463169.88120000064],[111728.1147999987,463168.90650000051],[111725.6425999999,463168.10420000181],[111720.43409999833,463166.41389999911],[111713.31159999967,463163.62900000066],[111705.44880000129,463160.88320000097],[111699.07759999856,463158.29529999942],[111690.82039999962,463155.00820000097],[111684.76469999924,463152.50059999898],[111681.85550000146,463151.29600000009],[111674.34910000116,463148.34400000051],[111667.1715000011,463145.61450000107],[111662.7034999989,463144.14990000054],[111661.93230000138,463143.89719999954],[111652.96180000156,463140.54540000111],[111646.48809999973,463138.13899999857],[111640.89299999923,463136.01000000164],[111639.82829999924,463135.5634999983],[111634.13580000028,463133.17599999905],[111627.80559999868,463130.84200000018],[111621.90469999984,463128.44720000029],[111615.55299999937,463125.73360000178],[111611.0588000007,463123.83170000091],[111607.00710000098,463122.11549999937],[111600.75180000067,463119.96420000121],[111599.81030000001,463119.64039999992],[111598.45780000091,463119.02840000018],[111592.83480000123,463116.48389999941],[111584.28180000186,463112.86180000007],[111579.33359999955,463111.09750000015],[111569.04050000012,463107.13210000098],[111558.66169999912,463103.00890000165],[111549.99190000072,463099.42130000144],[111543.52919999883,463096.63329999894],[111536.85520000011,463093.68490000069],[111532.86340000108,463091.96959999949],[111529.18409999833,463090.78909999877],[111524.74010000005,463088.84499999881],[111522.30790000036,463087.99379999936],[111520.00459999964,463087.2333999984],[111516.55620000139,463086.09829999879],[111512.66110000014,463084.77840000018],[111506.79820000008,463082.62700000033],[111496.79930000007,463078.64020000026],[111486.9541000016,463074.73449999839],[111480.22569999844,463072.72560000047],[111471.99100000039,463069.67440000176],[111465.22019999847,463066.86740000173],[111455.40170000121,463062.83430000022],[111447.28689999878,463059.40780000016],[111439.88210000098,463056.35130000114],[111433.1884999983,463053.83610000089],[111429.55350000039,463052.43549999967],[111424.94990000129,463050.59950000048],[111419.92379999906,463048.8478000015],[111413.22749999911,463046.38470000029],[111407.38639999926,463044.17350000143],[111399.75420000032,463041.59870000184],[111392.40909999982,463038.66690000147],[111391.90349999815,463038.50200000033],[111391.42029999942,463038.1361999996],[111390.87469999865,463037.93560000136],[111390.04239999875,463037.6640000008],[111384.84450000152,463035.89499999955],[111374.78929999843,463031.9552000016],[111366.20230000094,463028.48930000141],[111358.18490000069,463025.44060000032],[111348.94920000061,463022.0223999992],[111342.1165000014,463019.39919999987],[111337.37319999933,463017.6484999992],[111330.74780000001,463015.18310000002],[111321.13529999927,463011.43899999931],[111316.5251000002,463009.30939999968],[111308.19779999927,463005.89799999818],[111302.70949999988,463003.89359999821],[111296.72250000015,463001.2023999989],[111290.60889999941,462998.62970000133],[111282.38039999828,462994.75169999897],[111276.31709999964,462992.13179999962],[111267.39519999921,462988.97819999978],[111260.84360000119,462986.99819999933],[111258.5634999983,462986.14400000125],[111258.05700000003,462985.74879999831],[111258.01539999992,462985.63630000129],[111257.97399999946,462985.52430000156],[111258.16820000112,462984.55710000172],[111258.24060000107,462984.377700001],[111261.32059999928,462976.74850000069],[111264.70839999989,462968.03060000017],[111268.79720000178,462958.23160000145],[111269.28840000182,462955.70800000057],[111269.21269999817,462954.88679999858],[111269.41550000012,462953.94370000064],[111271.09640000015,462946.13010000065],[111273.72599999979,462938.59380000085],[111274.93989999965,462935.12530000135],[111275.10779999942,462934.64530000091],[111277.40989999846,462935.5410999991],[111287.92599999905,462939.63289999962],[111384.59400000051,462977.24599999934],[111406.30799999833,462921.41200000048],[111420.76979999989,462881.58480000123],[111425.97399999946,462883.56340000033],[111437.53130000085,462887.84270000085],[111449.69539999962,462892.72210000083],[111452.46000000089,462893.83170000091],[111454.53590000048,462894.57699999958],[111465.34809999913,462898.93659999967],[111476.34259999916,462903.35099999979],[111476.59209999815,462903.4459999986],[111489.64930000156,462907.91679999977],[111494.32889999822,462909.59129999951],[111494.33720000088,462909.59420000017],[111495.73919999972,462910.07730000094],[111497.47890000045,462910.39389999956],[111498.55449999869,462910.26790000126],[111499.81830000132,462909.81549999863],[111499.93899999931,462909.68499999866],[111500.2239000015,462909.37730000168],[111500.62090000138,462908.94839999825],[111500.77450000122,462908.78750000149],[111500.78269999847,462908.77369999886],[111501.1053000018,462908.22599999979],[111501.42550000176,462907.68340000138],[111501.76799999923,462907.09710000083],[111502.03269999847,462906.64389999956],[111502.61419999972,462905.62090000138],[111503.15179999918,462904.67419999838],[111503.26199999824,462903.91629999876],[111504.71790000051,462899.43800000101],[111507.48829999939,462891.46279999986],[111509.79890000075,462884.41380000114],[111511.67760000005,462878.72370000184],[111512.74370000139,462875.74130000174],[111513.68400000036,462873.53000000119],[111513.72430000082,462873.5298999995],[111513.97150000185,462873.61410000175],[111522.09039999917,462876.75340000167],[111527.09870000184,462878.92119999975],[111533.47679999843,462881.49080000073],[111543.74670000002,462885.69139999896],[111552.4833999984,462889.22679999843],[111556.42669999972,462890.67229999974],[111559.41070000082,462891.76639999822],[111563.93670000136,462893.42509999871],[111574.56940000132,462897.61730000004],[111583.97500000149,462901.33249999955],[111595.62189999968,462905.71990000084],[111603.80510000139,462908.83280000091],[111613.48470000178,462912.39880000055],[111625.89600000158,462916.84650000185],[111633.87240000069,462920.01379999891],[111642.12959999964,462923.65529999882],[111652.11470000073,462927.60020000115],[111661.07730000094,462931.2479000017],[111674.42689999938,462936.00409999862],[111686.05810000002,462940.72590000182],[111697.46029999852,462944.93310000002],[111710.97300000116,462949.75400000066],[111722.76309999824,462954.59219999984],[111734.20780000091,462958.71040000021],[111743.67810000107,462962.63300000131],[111752.60220000148,462966.43340000138],[111763.38509999961,462970.50079999864],[111770.9365000017,462973.01630000025],[111782.08659999818,462977.41250000149],[111794.2864000015,462981.96510000154],[111803.1939000003,462985.49500000104],[111814.24830000103,462990.08720000088],[111827.1427000016,462995.34070000052],[111834.15150000155,462997.72839999944],[111841.59670000151,463000.11120000109],[111845.66860000044,463001.41450000182],[111849.28180000186,463002.82229999825],[111859.43659999967,463006.62220000103],[111866.91620000079,463009.53929999843],[111875.44790000096,463012.76509999856],[111879.36180000007,463014.26159999892],[111887.83940000087,463017.4822999984],[111897.22709999979,463021.24799999967],[111905.42559999973,463024.27279999852],[111912.20479999855,463027.21279999986],[111917.34750000015,463029.49080000073],[111924.04720000178,463032.11459999904],[111930.68690000102,463034.69069999829],[111937.6838000007,463037.30820000172],[111943.56929999962,463039.40230000019],[111944.64119999856,463039.88210000098],[111945.52580000088,463040.40249999985],[111946.13430000097,463040.88639999926],[111946.4840000011,463041.2584999986],[111946.76689999923,463041.75039999932],[111946.83320000023,463041.99549999833],[111946.83469999954,463042.01940000057],[111946.85460000113,463042.36419999972],[111946.75250000134,463042.96299999952],[111946.31940000132,463044.20279999822],[111945.74219999835,463046.22929999977],[111943.50180000067,463052.98490000144],[111940.56450000033,463060.5736999996],[111938.72329999879,463065.06379999965],[111937.76199999824,463067.47639999911],[111937.31960000098,463068.58570000157],[111928.87359999865,463089.76749999821],[111927.01099999994,463094.79580000043],[111927.00820000097,463094.80339999869],[111926.49949999899,463096.13280000165],[111922.40480000153,463106.75059999898],[111921.76199999824,463107.46339999884],[111921.23409999907,463107.83790000156],[111920.52580000088,463108.35090000182],[111920.37889999896,463108.43320000172],[111919.60020000115,463108.86919999868],[111918.99260000139,463109.16099999845],[111918.39229999855,463109.28849999979],[111918.04399999976,463109.28950000182],[111917.65459999815,463109.29069999978],[111916.88670000061,463109.17550000176],[111915.75259999931,463108.8013000004],[111915.6015000008,463108.74579999968],[111915.5764000006,463108.73660000041],[111912.59010000154,463116.32259999961]]]]},"properties":{"ORACLE_OBJECTID":226,"CODE":"PAW_OR-4.09.OB13","NAAM":"OB van Tilburg & van Schaik","STATUSOBJECT":"gerealiseerd","SOORTPEILGEBIED":"Onderbemaling","SOORTAFWATERING":"Bemalen","PEILBEHERENDEINSTANTIE":"VERGUNNINGHOUDER","OPPERVLAKTE":190502,"OMTREK":2984,"OPMERKING":null,"HYPERLINK":null,"ONTHEFFING":"V59235","SOORTPEILBEHEER":"dynamisch peil","VASTPEIL":-6.5,"ZOMERPEIL":null,"WINTERPEIL":null,"FLEXZOMERPEILONDERGRENS":-6.2199999999999998,"FLEXZOMERPEILBOVENGRENS":-5.9800000000000004,"FLEXWINTERPEILONDERGRENS":-6.2199999999999998,"FLEXWINTERPEILBOVENGRENS":-5.9800000000000004,"ZOMERPEILTEKST":"bov:-5.98 / ond:-6.22","WINTERPEILTEKST":"bov:-5.98 / ond:-6.22","INWINNENDEINSTANTIE":"Hoogheemraadschap van Rijnland","METENDEINSTANTIE":null,"INWINNINGSMETHODE":null,"DIMENSIE":"2D","NAUWKEURIGHEIDXY":null,"NAUWKEURIGHEIDZ":null,"DATUMINWINNING":1406764800000,"GEOKPOBJECTID":5,"LAST_EDITED_DATE":1744295661000,"STATUSPEILGEBIED":"Vigerend definitief","SHAPE_AREA":0,"SHAPE_LEN":0,"BEVAT":null,"VOERTAFOP":null,"LONGITUDE":4.7561024600000001,"LATITUDE":52.154589999999999,"XCOORDINAAT":111810.92999999999,"YCOORDINAAT":463122.95000000001,"VASTBEHEERMARGEBOVEN":null,"VASTBEHEERMARGEONDER":null,"ZPBEHEERMARGEBOVEN":null,"ZPBEHEERMARGEONDER":null,"WPBEHEERMARGEONDER":null,"WPBEHEERMARGEBOVEN":null,"FLEXZPONDERBEHEERMARGEBOVEN":null,"FLEXZPONDERBEHEERMARGEONDER":null,"FLEXZPBOVENBEHEERMARGEBOVEN":null,"FLEXZPBOVENBEHEERMARGEONDER":null,"FLEXWPONDERBEHEERMARGEBOVEN":null,"FLEXWPONDERBEHEERMARGEONDER":null,"FLEXWPBOVENBEHEERMARGEBOVEN":null,"FLEXWPBOVENBEHEERMARGEONDER":null,"OBJECTID2":25}},{"type":"Feature","id":26,"geometry":{"type":"Polygon","coordinates":[[[105710.24599999934,464541.47899999842],[105710.12000000104,464545.33799999952],[105709.96700000018,464557.78500000015],[105709.08300000057,464629.45899999887],[105708.98099999875,464637.75400000066],[105708.98000000045,464637.86100000143],[105586.89600000158,464641.4450000003],[105553.82200000063,464640.77199999988],[105495.88899999857,464638.93499999866],[105465.86499999836,464638.15300000086],[105394.34800000116,464636.28000000119],[105340.56399999931,464634.81399999931],[105241.68800000101,464632.33700000122],[105158.89499999955,464630.37700000033],[105083.78700000048,464628.38100000098],[105013.15100000054,464626.34699999914],[105009.15100000054,464601.37900000066],[105008.71799999848,464600.0700000003],[105007.52699999884,464591.35599999875],[105004.88300000131,464573.52600000054],[105005.42799999937,464531.77499999851],[105005.55600000173,464521.97309999913],[105008.58300000057,464522.21700000018],[105046.17000000179,464522.83799999952],[105111.15500000119,464523.99599999934],[105170.61800000072,464525.80299999937],[105218.3900000006,464527.19999999925],[105260.54800000042,464528.05299999937],[105315.19399999827,464529.52600000054],[105327.4450000003,464530.28599999845],[105328.1790000014,464530.17100000009],[105328.81799999997,464529.99199999869],[105328.92500000075,464529.91600000113],[105329.23600000143,464529.08300000057],[105328.77600000054,464526.23900000006],[105328.59809999913,464525.17599999905],[105339.36800000072,464524.62900000066],[105337.83900000155,464514.85599999875],[105336.06300000101,464504.27699999884],[105334.88399999961,464499.46999999881],[105334.85500000045,464499.34400000051],[105334.84699999914,464499.30799999833],[105346.09400000051,464499.12799999863],[105379.0859999992,464500.22599999979],[105418.59699999914,464501.32499999925],[105429.45399999991,464501.59400000051],[105488.05999999866,464502.92399999872],[105491.14600000158,464502.9990000017],[105559.50299999863,464504.65900000185],[105605.97500000149,464506.23000000045],[105639.60599999875,464506.94000000134],[105666.77199999988,464507.86499999836],[105698.69999999925,464508.10300000012],[105700.48699999973,464507.93600000069],[105702.25800000131,464507.84200000018],[105708.10000000149,464507.53200000152],[105708.52499999851,464513.49199999869],[105710.39900000021,464529.25200000033],[105710.24599999934,464541.47899999842]]]},"properties":{"ORACLE_OBJECTID":227,"CODE":"PAW_OR-4.06.OB13","NAAM":"Polder Vierambacht","STATUSOBJECT":"gerealiseerd","SOORTPEILGEBIED":"Onderbemaling","SOORTAFWATERING":"Bemalen","PEILBEHERENDEINSTANTIE":"VERGUNNINGHOUDER","OPPERVLAKTE":84773,"OMTREK":1670,"OPMERKING":null,"HYPERLINK":null,"ONTHEFFING":"V56452","SOORTPEILBEHEER":"seizoensgebonden peil (vast)","VASTPEIL":null,"ZOMERPEIL":-6.1399999999999997,"WINTERPEIL":-6.29,"FLEXZOMERPEILONDERGRENS":null,"FLEXZOMERPEILBOVENGRENS":null,"FLEXWINTERPEILONDERGRENS":null,"FLEXWINTERPEILBOVENGRENS":null,"ZOMERPEILTEKST":"-6.14","WINTERPEILTEKST":"-6.29","INWINNENDEINSTANTIE":"Hoogheemraadschap van Rijnland","METENDEINSTANTIE":null,"INWINNINGSMETHODE":null,"DIMENSIE":"2D","NAUWKEURIGHEIDXY":null,"NAUWKEURIGHEIDZ":null,"DATUMINWINNING":1372982400000,"GEOKPOBJECTID":70,"LAST_EDITED_DATE":1726934538000,"STATUSPEILGEBIED":"Vigerend definitief","SHAPE_AREA":0,"SHAPE_LEN":0,"BEVAT":null,"VOERTAFOP":null,"LONGITUDE":4.6615990199999997,"LATITUDE":52.167055650000002,"XCOORDINAAT":105357.64,"YCOORDINAAT":464570.28999999998,"VASTBEHEERMARGEBOVEN":null,"VASTBEHEERMARGEONDER":null,"ZPBEHEERMARGEBOVEN":null,"ZPBEHEERMARGEONDER":null,"WPBEHEERMARGEONDER":null,"WPBEHEERMARGEBOVEN":null,"FLEXZPONDERBEHEERMARGEBOVEN":null,"FLEXZPONDERBEHEERMARGEONDER":null,"FLEXZPBOVENBEHEERMARGEBOVEN":null,"FLEXZPBOVENBEHEERMARGEONDER":null,"FLEXWPONDERBEHEERMARGEBOVEN":null,"FLEXWPONDERBEHEERMARGEONDER":null,"FLEXWPBOVENBEHEERMARGEBOVEN":null,"FLEXWPBOVENBEHEERMARGEONDER":null,"OBJECTID2":26}},{"type":"Feature","id":27,"geometry":{"type":"Polygon","coordinates":[[[98435.173099998385,462072.12390000001],[98461.848999999464,462094.06799999997],[98473.320999998599,462102.66699999943],[98503.397999998182,462119.39699999988],[98515.603000000119,462129.20499999821],[98548.679999999702,462163.01900000125],[98594.846799999475,462210.95109999925],[98630.772999998182,462233.8535999991],[98671.835999999195,462260.03099999949],[98690.535000000149,462316.3359999992],[98719.826999999583,462401.87000000104],[98734.526999998838,462443.58399999887],[98743.736000001431,462476.71900000051],[98770.065999999642,462589.89299999923],[98810.280999999493,462753.81700000167],[98832.302000001073,462844.68699999899],[98847.333999998868,462907.6259999983],[98850.122000001371,462918.97100000083],[98851.168999999762,462923.23200000077],[98851.361000001431,462924.01399999857],[98849.353000000119,462924.52199999988],[98848.653999999166,462924.69889999926],[98839.361000001431,462927.05099999905],[98836.502000000328,462927.77400000021],[98835.258000001311,462928.08700000122],[98819.41099999845,462938.79699999839],[98800.401999998838,462951.64400000125],[98795.949000000954,462952.78999999911],[98779.170000001788,462963.19299999997],[98764.318999998271,462972.40100000054],[98763.787000000477,462972.53599999845],[98758.264100000262,462973.94729999825],[98727.88599999994,462992.94200000167],[98727.519000001252,462993.05200000107],[98724.774000000209,462993.87099999934],[98709.304999999702,462998.51199999824],[98708.22500000149,462994.97899999842],[98697.754999998957,462960.74799999967],[98688.089999999851,462929.8740000017],[98608.947999998927,462682.45499999821],[98580.287000000477,462585.91299999878],[98551.625999998301,462527.08300000057],[98530.506999999285,462489.37099999934],[98505.618000000715,462457.69399999827],[98471.677000001073,462409.42300000042],[98466.241000000387,462401.87799999863],[98469.131999999285,462377.75400000066],[98475.526999998838,462373.62099999934],[98476.40700000152,462373.00899999961],[98479.614999998361,462371.01099999994],[98476.012800000608,462365.22700000182],[98474.357999999076,462362.5700000003],[98473.037999998778,462360.85500000045],[98471.705400001258,462359.25569999963],[98471.394000001252,462358.88199999928],[98472.555100001395,462349.19489999861],[98470.355000000447,462347.12000000104],[98416.065999999642,462295.92300000042],[98359.526000000536,462243.08199999854],[98321.291000001132,462209.28000000119],[98275.102000001818,462168.13699999824],[98246.40700000152,462142.01300000027],[98219.620000001043,462114.11800000072],[98159.63599999994,462045.78700000048],[98104.054000001401,461982.58999999985],[98040.938999999315,461909.14400000125],[98014.076900001615,461877.48809999973],[97970.89600000158,461877.48800000176],[97968.79300000146,461877.64400000125],[97966.300999999046,461878.26700000092],[97964.041999999434,461879.1240000017],[97951.962999999523,461886.04800000042],[97947.08199999854,461889.16800000146],[97941.337999999523,461892.93600000069],[97931.477000001818,461899.42399999872],[97926.789000000805,461893.14900000021],[97909.335999999195,461869.78700000048],[97886.098999999464,461838.68299999833],[97842.850999999791,461779.68499999866],[97807.043999999762,461730.20899999887],[97788.162999998778,461704.12000000104],[97778.646800000221,461690.76909999922],[97755.618999999017,461658.46200000122],[97753.609999999404,461653.93100000173],[97775.969999998808,461640.43100000173],[97779.46400000155,461638.32200000063],[97829.530000001192,461601.59800000116],[97829.598000001162,461601.62700000033],[97829.66800000146,461601.65199999884],[97829.738000001758,461601.67700000107],[97829.809000000358,461601.69900000095],[97829.879999998957,461601.72100000083],[97829.951999999583,461601.73900000006],[97830.02499999851,461601.75699999928],[97830.098000001162,461601.77199999988],[97830.171000000089,461601.78700000048],[97830.245000001043,461601.79800000042],[97830.318999998271,461601.80900000036],[97830.392999999225,461601.81599999964],[97830.467000000179,461601.82400000095],[97830.541000001132,461601.82699999958],[97830.614999998361,461601.83100000024],[97830.688999999315,461601.83100000024],[97832.162999998778,461601.83100000024],[97834.136999998242,461601.04100000113],[97840.914000000805,461595.38100000098],[97844.074999999255,461592.32699999958],[97846.21400000155,461589.85500000045],[97848.000999998301,461587.39600000158],[97849.46400000155,461584.91800000146],[97850.552999999374,461582.63100000098],[97850.929999999702,461581.79600000009],[97871.625999998301,461568.51099999994],[97951.859000001103,461693.50200000033],[98024.596999999136,461806.81599999964],[98083.686000000685,461791.83100000024],[98091.828000001609,461794.0709999986],[98135.920000001788,461806.20100000128],[98218.011999998242,461918.10399999842],[98236.800999999046,461940.69200000167],[98345.285000000149,462069.60099999979],[98388.289999999106,462071.76610000059],[98388.39600000158,462071.77199999988],[98391.692099999636,462069.28510000184],[98395.184000000358,462067.33500000089],[98406.423999998719,462061.05700000003],[98410.177000001073,462066.44099999964],[98411.943999998271,462068.97599999979],[98413.44319999963,462071.0298999995],[98414.229899998754,462071.06960000098],[98435.173099998385,462072.12390000001]]]},"properties":{"ORACLE_OBJECTID":201,"CODE":"PAW_OR-3.10.2.1.OB01","NAAM":"Polder Achthoven","STATUSOBJECT":"gerealiseerd","SOORTPEILGEBIED":"Onderbemaling","SOORTAFWATERING":"Bemalen","PEILBEHERENDEINSTANTIE":"VERGUNNINGHOUDER","OPPERVLAKTE":280793,"OMTREK":3897,"OPMERKING":null,"HYPERLINK":null,"ONTHEFFING":"V64009","SOORTPEILBEHEER":"seizoensgebonden peil (vast)","VASTPEIL":null,"ZOMERPEIL":-2.02,"WINTERPEIL":-2.1200000000000001,"FLEXZOMERPEILONDERGRENS":null,"FLEXZOMERPEILBOVENGRENS":null,"FLEXWINTERPEILONDERGRENS":null,"FLEXWINTERPEILBOVENGRENS":null,"ZOMERPEILTEKST":"-2.02","WINTERPEILTEKST":"-2.12","INWINNENDEINSTANTIE":"Hoogheemraadschap van Rijnland","METENDEINSTANTIE":null,"INWINNINGSMETHODE":null,"DIMENSIE":"2D","NAUWKEURIGHEIDXY":null,"NAUWKEURIGHEIDZ":null,"DATUMINWINNING":1485302400000,"GEOKPOBJECTID":106,"LAST_EDITED_DATE":1744725508000,"STATUSPEILGEBIED":"Vigerend definitief","SHAPE_AREA":0,"SHAPE_LEN":0,"BEVAT":null,"VOERTAFOP":null,"LONGITUDE":4.5588675199999997,"LATITUDE":52.145824920000003,"XCOORDINAAT":98302.490000000005,"YCOORDINAAT":462283.51000000001,"VASTBEHEERMARGEBOVEN":null,"VASTBEHEERMARGEONDER":null,"ZPBEHEERMARGEBOVEN":null,"ZPBEHEERMARGEONDER":null,"WPBEHEERMARGEONDER":null,"WPBEHEERMARGEBOVEN":null,"FLEXZPONDERBEHEERMARGEBOVEN":null,"FLEXZPONDERBEHEERMARGEONDER":null,"FLEXZPBOVENBEHEERMARGEBOVEN":null,"FLEXZPBOVENBEHEERMARGEONDER":null,"FLEXWPONDERBEHEERMARGEBOVEN":null,"FLEXWPONDERBEHEERMARGEONDER":null,"FLEXWPBOVENBEHEERMARGEBOVEN":null,"FLEXWPBOVENBEHEERMARGEONDER":null,"OBJECTID2":27}},{"type":"Feature","id":28,"geometry":{"type":"Polygon","coordinates":[[[112814.61499999836,465277.19700000063],[112816.15599999949,465277.77499999851],[112813.60599999875,465284.57899999991],[112827.21400000155,465289.6799999997],[112822.77100000158,465301.5159999989],[112807.85799999908,465341.71599999815],[112789.74199999869,465390.8759999983],[112786.45800000057,465399.3049999997],[112782.85300000012,465398.0540000014],[112748.8740000017,465384.78200000152],[112666.10200000182,465353.22899999842],[112545.45800000057,465305.98900000006],[112477.32999999821,465279.93100000173],[112476.52490000054,465279.56810000166],[112475.98099999875,465279.32299999893],[112476.09099999815,465276.61899999902],[112468.35399999842,465274.56300000101],[112466.84499999881,465276.60599999875],[112466.54300000146,465276.82400000095],[112466.43299999833,465276.8590000011],[112465.72399999946,465276.7659999989],[112458.82699999958,465274.01799999923],[112445.9609999992,465268.93299999833],[112369.98800000176,465239.55600000173],[112212.63199999928,465179.32899999991],[112140.77299999818,465151.42799999937],[112135.87799999863,465149.52699999884],[112138.10599999875,465143.92799999937],[112148.77499999851,465115.16600000113],[112162.72500000149,465078.30700000003],[112176.07800000161,465043.98200000077],[112177.85799999908,465040.55999999866],[112179.49100000039,465037.55299999937],[112181.51900000125,465033.23299999908],[112183.89799999818,465026.89200000092],[112186.68600000069,465018.49100000039],[112189.27100000158,465009.96700000018],[112191.93600000069,465000.84099999815],[112192.11600000039,465000.22399999946],[112201.89499999955,464974.59800000116],[112202.74989999831,464972.3909999989],[112209.43600000069,464955.12999999896],[112292.5289000012,464986.17819999903],[112312.26209999993,464993.55189999938],[112369.07400000095,465014.78000000119],[112441.27809999883,465043.38879999891],[112451.32690000162,465047.37009999901],[112534.95399999991,465080.50499999896],[112548.9160999991,465041.65480000153],[112554.5998999998,465043.85130000114],[112557.9450000003,465045.14400000125],[112555.54300000146,465051.3599999994],[112556.34860000014,465052.86870000139],[112556.44000000134,465053.03999999911],[112558.56199999899,465053.96499999985],[112624.5700000003,465079.33300000057],[112709.49199999869,465111.9849999994],[112797.85099999979,465146.28000000119],[112756.35200000182,465255.18100000173],[112759.76300000027,465256.48099999875],[112792.70100000128,465268.9840000011],[112814.61499999836,465277.19700000063]]]},"properties":{"ORACLE_OBJECTID":202,"CODE":"PAW_OR-4.09.OB19","NAAM":"OB J.C. de Jong","STATUSOBJECT":"gerealiseerd","SOORTPEILGEBIED":"Onderbemaling","SOORTAFWATERING":"Bemalen","PEILBEHERENDEINSTANTIE":"KADASTRAAL EIGENAAR","OPPERVLAKTE":147132,"OMTREK":1895,"OPMERKING":null,"HYPERLINK":null,"ONTHEFFING":"V59413","SOORTPEILBEHEER":"dynamisch peil","VASTPEIL":-6.29,"ZOMERPEIL":null,"WINTERPEIL":null,"FLEXZOMERPEILONDERGRENS":-6.29,"FLEXZOMERPEILBOVENGRENS":-5.9800000000000004,"FLEXWINTERPEILONDERGRENS":-6.29,"FLEXWINTERPEILBOVENGRENS":-5.9800000000000004,"ZOMERPEILTEKST":"bov:-5.98 / ond:-6.29","WINTERPEILTEKST":"bov:-5.98 / ond:-6.29","INWINNENDEINSTANTIE":"Hoogheemraadschap van Rijnland","METENDEINSTANTIE":null,"INWINNINGSMETHODE":null,"DIMENSIE":"2D","NAUWKEURIGHEIDXY":null,"NAUWKEURIGHEIDZ":null,"DATUMINWINNING":1408579200000,"GEOKPOBJECTID":124,"LAST_EDITED_DATE":1744784393000,"STATUSPEILGEBIED":"Vigerend definitief","SHAPE_AREA":0,"SHAPE_LEN":0,"BEVAT":null,"VOERTAFOP":null,"LONGITUDE":4.7656442500000002,"LATITUDE":52.173104709999997,"XCOORDINAAT":112481.55,"YCOORDINAAT":465177.21999999997,"VASTBEHEERMARGEBOVEN":null,"VASTBEHEERMARGEONDER":null,"ZPBEHEERMARGEBOVEN":null,"ZPBEHEERMARGEONDER":null,"WPBEHEERMARGEONDER":null,"WPBEHEERMARGEBOVEN":null,"FLEXZPONDERBEHEERMARGEBOVEN":null,"FLEXZPONDERBEHEERMARGEONDER":null,"FLEXZPBOVENBEHEERMARGEBOVEN":null,"FLEXZPBOVENBEHEERMARGEONDER":null,"FLEXWPONDERBEHEERMARGEBOVEN":null,"FLEXWPONDERBEHEERMARGEONDER":null,"FLEXWPBOVENBEHEERMARGEBOVEN":null,"FLEXWPBOVENBEHEERMARGEONDER":null,"OBJECTID2":28}},{"type":"Feature","id":29,"geometry":{"type":"MultiPolygon","coordinates":[[[[111901.4626000002,461894.40359999985],[111874.91299999878,461965.31899999827],[111857.15900000185,461958.53700000048],[111765.50299999863,461923.52499999851],[111762.35099999979,461922.3209999986],[111771.08570000157,461897.65830000117],[111752.68499999866,461890.98750000075],[111747.64600000158,461889.38450000063],[111729.72789999843,461882.95850000158],[111711.05200000107,461935.03400000185],[111694.1259999983,461928.63100000098],[111689.74500000104,461926.79899999872],[111674.66000000015,461920.90500000119],[111711.34670000151,461823.33830000088],[111802.56489999965,461580.74720000103],[111818.72250000015,461537.77690000087],[111837.42920000106,461544.81100000069],[111871.99100000039,461558.55900000036],[111875.04300000146,461559.45540000126],[111875.50829999894,461559.59209999815],[111877.59870000184,461560.20600000024],[111877.74780000001,461560.24980000034],[111879.02679999918,461560.62539999932],[111880.79329999909,461555.72700000182],[111882.24670000002,461551.69689999893],[111916.32649999857,461563.98750000075],[111923.09299999848,461566.67139999941],[111945.43299999833,461578.98169999942],[111952.50860000029,461581.54949999973],[111956.71000000089,461583.07420000061],[111959.05640000105,461583.92579999939],[111992.97839999944,461595.78849999979],[111993.41039999947,461595.93950000033],[111996.81419999897,461597.12990000099],[112010.79710000008,461602.3647999987],[111997.85489999875,461636.93409999833],[111901.4626000002,461894.40359999985]]],[[[112068.65100000054,461211.76300000027],[112053.55299999937,461253.08900000155],[112012.46599999815,461364.29300000146],[111975.57019999996,461464.05350000039],[111956.50899999961,461515.59200000018],[111950.50140000135,461531.62920000032],[111946.83830000088,461541.73470000178],[111944.85949999839,461547.19350000098],[111944.08749999851,461548.73649999872],[111942.08579999954,461551.59499999881],[111940.1484999992,461553.65199999884],[111916.9589000009,461544.96519999951],[111888.8284999989,461531.55590000004],[111828.83049999923,461509.17859999835],[111829.40399999917,461507.6409999989],[111832.85319999978,461498.39299999923],[111865.80510000139,461410.04210000113],[111985.81700000167,461088.2659999989],[111994.62299999967,461091.55000000075],[112052.77589999884,460935.61389999837],[112114.00910000131,460771.41789999977],[112124.5903000012,460772.81969999894],[112144.97830000147,460778.21290000156],[112145.35300000012,460776.65900000185],[112145.71779999882,460775.14609999955],[112154.90199999884,460737.0540000014],[112157.47899999842,460737.65300000086],[112166.57499999925,460740.18699999899],[112173.15500000119,460742.44299999997],[112180.38100000098,460745.53999999911],[112186.82699999958,460748.77899999917],[112195.46000000089,460753.85300000012],[112203.20300000161,460758.84600000083],[112228.91099999845,460775.98299999908],[112233.12299999967,460778.97800000012],[112220.04399999976,460797.37200000137],[112212.50899999961,460817.99500000104],[112155.7947999984,460973.23310000077],[112068.65100000054,461211.76300000027]]]]},"properties":{"ORACLE_OBJECTID":203,"CODE":"PAW_OR-4.09.OB10","NAAM":"OB Verhaar","STATUSOBJECT":"gerealiseerd","SOORTPEILGEBIED":"Onderbemaling","SOORTAFWATERING":"Bemalen","PEILBEHERENDEINSTANTIE":"VERGUNNINGHOUDER","OPPERVLAKTE":173826,"OMTREK":3207,"OPMERKING":null,"HYPERLINK":"https://zoek.officielebekendmakingen.nl/wsb-2014-2818.html","ONTHEFFING":"V59086","SOORTPEILBEHEER":"dynamisch peil","VASTPEIL":-6.0999999999999996,"ZOMERPEIL":null,"WINTERPEIL":null,"FLEXZOMERPEILONDERGRENS":-6.0999999999999996,"FLEXZOMERPEILBOVENGRENS":-5.9800000000000004,"FLEXWINTERPEILONDERGRENS":-6.0999999999999996,"FLEXWINTERPEILBOVENGRENS":-5.9800000000000004,"ZOMERPEILTEKST":"bov:-5.98 / ond:-6.10","WINTERPEILTEKST":"bov:-5.98 / ond:-6.10","INWINNENDEINSTANTIE":"Hoogheemraadschap van Rijnland","METENDEINSTANTIE":null,"INWINNINGSMETHODE":null,"DIMENSIE":"2D","NAUWKEURIGHEIDXY":null,"NAUWKEURIGHEIDZ":null,"DATUMINWINNING":1399248000000,"GEOKPOBJECTID":99,"LAST_EDITED_DATE":1741594215000,"STATUSPEILGEBIED":"Vigerend definitief","SHAPE_AREA":0,"SHAPE_LEN":0,"BEVAT":null,"VOERTAFOP":null,"LONGITUDE":4.7584157100000004,"LATITUDE":52.138677430000001,"XCOORDINAAT":111953.89,"YCOORDINAAT":461351.19,"VASTBEHEERMARGEBOVEN":null,"VASTBEHEERMARGEONDER":null,"ZPBEHEERMARGEBOVEN":null,"ZPBEHEERMARGEONDER":null,"WPBEHEERMARGEONDER":null,"WPBEHEERMARGEBOVEN":null,"FLEXZPONDERBEHEERMARGEBOVEN":null,"FLEXZPONDERBEHEERMARGEONDER":null,"FLEXZPBOVENBEHEERMARGEBOVEN":null,"FLEXZPBOVENBEHEERMARGEONDER":null,"FLEXWPONDERBEHEERMARGEBOVEN":null,"FLEXWPONDERBEHEERMARGEONDER":null,"FLEXWPBOVENBEHEERMARGEBOVEN":null,"FLEXWPBOVENBEHEERMARGEONDER":null,"OBJECTID2":29}},{"type":"Feature","id":31,"geometry":{"type":"MultiPolygon","coordinates":[[[[112009.48299999908,464212.00299999863],[112063.56500000134,464232.94200000167],[112107.5549999997,464250.15700000152],[112170.5549999997,464274.47599999979],[112214.93910000101,464291.78489999846],[112234.44799999893,464299.39299999923],[112293.28400000185,464322.02400000021],[112352.68699999899,464344.8209999986],[112410.1640000008,464367.00600000098],[112413.7349999994,464368.38399999961],[112413.17199999839,464369.47700000182],[112411.26000000164,464372.64200000092],[112410.89200000092,464374.64799999818],[112410.86400000006,464375.95100000128],[112410.70300000161,464377.14600000158],[112410.35399999842,464378.88899999857],[112406.66699999943,464390.26999999955],[112399.61800000072,464410.13399999961],[112395.95699999854,464419.18200000003],[112391.60700000077,464430.54399999976],[112390.80900000036,464433.10799999908],[112385.75699999928,464446.09400000051],[112385.65700000152,464446.30200000107],[112383.50200000033,464452.15399999917],[112382.10200000182,464456.77299999818],[112370.35700000077,464486.4290000014],[112369.58100000024,464490.06700000167],[112367.72199999914,464493.5390000008],[112366.43800000101,464496.22399999946],[112365.38399999961,464498.90100000054],[112356.27400000021,464522.03400000185],[112353.14699999988,464529.20199999958],[112349.8599999994,464537.28099999949],[112349.01399999857,464539.78099999949],[112348.60399999842,464540.43299999833],[112339.11499999836,464569.86300000176],[112328.93899999931,464595.02299999818],[112327.48000000045,464595.99300000072],[112326.54500000179,464596.16899999976],[112325.07200000063,464596.07200000063],[112320.28999999911,464595.25800000131],[112258.6790000014,464571.07999999821],[112131.89299999923,464520.86699999869],[112129.93609999865,464520.10700000077],[112070.96000000089,464497.20300000161],[112001.0859999992,464470.06799999997],[111956.51399999857,464452.75899999961],[111931.6400000006,464441.80000000075],[111924.28599999845,464438.76099999994],[111922.68299999833,464437.55299999937],[111922.65399999917,464437.47500000149],[111922.65500000119,464437.45499999821],[111924.0709999986,464433.38699999824],[111926.44700000063,464424.2349999994],[111943.10200000182,464379.55099999905],[111953.38100000098,464354.90300000086],[111960.26900000125,464335.9299999997],[111961.34699999914,464331.96700000018],[111961.67500000075,464329.12999999896],[111962.61400000006,464327.10799999908],[111965.62900000066,464318.81700000167],[111972.57200000063,464297.25200000033],[111974.00699999928,464293.45499999821],[111976.12700000033,464287.84200000018],[111978.95199999958,464280.36499999836],[111988.63300000131,464254.1090000011],[111998.70100000128,464229.22399999946],[112001.48299999908,464221.51300000027],[112002.62099999934,464219.47100000083],[112003.76399999857,464217.41699999943],[112005.04699999839,464214.64799999818],[112006.31500000134,464210.77600000054],[112009.48299999908,464212.00299999863]]],[[[113036.72199999914,464726.80099999905],[113033.70699999854,464736.05700000003],[113031.27600000054,464744.33399999887],[113020.22500000149,464773.54199999943],[113014.0009999983,464791.11899999902],[112997.18699999899,464836.4459999986],[112995.82299999893,464840.12299999967],[112992.88500000164,464847.51999999955],[112991.55900000036,464849.08100000024],[112989.73099999875,464850.35399999842],[112988.21999999881,464850.92000000179],[112986.39999999851,464850.87200000137],[112982.71299999952,464850.35000000149],[112973.1959999986,464847.29500000179],[112958.0390000008,464841.4290000014],[112943.38899999857,464835.52899999917],[112908.33900000155,464822.83199999854],[112885.42300000042,464813.92700000107],[112861.32800000161,464805.10000000149],[112842.72700000182,464797.99300000072],[112806.6400000006,464784.66099999845],[112772.52600000054,464770.67399999872],[112753.20899999887,464763.20199999958],[112742.11400000006,464758.72800000012],[112704.40599999949,464744.24500000104],[112688.38500000164,464738.54899999872],[112680.88899999857,464734.70300000161],[112673.7490000017,464731.52699999884],[112672.24780000001,464730.69669999927],[112670.82899999991,464729.91200000048],[112670.02699999884,464728.50499999896],[112669.91600000113,464727.60799999908],[112664.42100000009,464725.46799999848],[112662.60599999875,464726.06300000101],[112660.7490000017,464726.60399999842],[112656.70100000128,464725.81100000069],[112649.60500000045,464723.14999999851],[112642.64999999851,464720.26099999994],[112617.30999999866,464710.7509999983],[112608.35599999875,464706.98800000176],[112596.88500000164,464702.6959999986],[112581.69000000134,464697.22800000012],[112551.50699999928,464685.58300000057],[112519.00600000098,464672.54300000146],[112503.92500000075,464667.13899999857],[112471.74100000039,464654.01000000164],[112452.80600000173,464647.25],[112438.39600000158,464641.57800000161],[112425.18299999833,464635.8759999983],[112410.03799999878,464629.86899999902],[112371.73800000176,464615.14499999955],[112367.77199999988,464613.0700000003],[112361.79199999943,464611.61400000006],[112343.29199999943,464604.28599999845],[112341.68299999833,464603.31799999997],[112341.16099999845,464602.80099999905],[112341.79500000179,464600.7490000017],[112344.60500000045,464595.77400000021],[112348.51900000125,464586.16800000146],[112362.9299999997,464543.85599999875],[112364.94200000167,464537.00400000066],[112367.4290000014,464530.40300000086],[112369.80200000107,464525.66600000113],[112374.55999999866,464514.28599999845],[112379.05700000003,464500.95899999887],[112380.52699999884,464496.60399999842],[112381.85200000182,464492.01999999955],[112384.28700000048,464484.70899999887],[112394.01700000092,464459.49100000039],[112394.68899999931,464458.91000000015],[112394.74599999934,464458.89200000092],[112395.60799999908,464458.91000000015],[112402.03500000015,464461.2109999992],[112428.29100000113,464471.13199999928],[112476.60599999875,464489.66800000146],[112510.09299999848,464502.79300000146],[112530.20399999991,464510.67500000075],[112653.33999999985,464558.19900000095],[112712.55600000173,464581.23699999973],[112718.87999999896,464585.61100000143],[112723.83430000022,464587.26110000163],[112740.54300000146,464592.82600000128],[112783.36100000143,464609.18899999931],[112831.25600000098,464627.91800000146],[112886.59200000018,464648.25],[112950.72700000182,464672.75499999896],[113043.96499999985,464708.37999999896],[113040.61100000143,464715.97500000149],[113036.72199999914,464726.80099999905]]]]},"properties":{"ORACLE_OBJECTID":206,"CODE":"PAW_OR-4.09.OB37","NAAM":"OB J.F. van Diemen & L.P. Karens","STATUSOBJECT":"gerealiseerd","SOORTPEILGEBIED":"Onderbemaling","SOORTAFWATERING":"Bemalen","PEILBEHERENDEINSTANTIE":"KADASTRAAL EIGENAAR","OPPERVLAKTE":214595,"OMTREK":3057,"OPMERKING":null,"HYPERLINK":null,"ONTHEFFING":"V59521","SOORTPEILBEHEER":"dynamisch peil","VASTPEIL":-6.4800000000000004,"ZOMERPEIL":null,"WINTERPEIL":null,"FLEXZOMERPEILONDERGRENS":-6.4800000000000004,"FLEXZOMERPEILBOVENGRENS":-5.9800000000000004,"FLEXWINTERPEILONDERGRENS":-6.4800000000000004,"FLEXWINTERPEILBOVENGRENS":-5.9800000000000004,"ZOMERPEILTEKST":"bov:-5.98 / ond:-6.48","WINTERPEILTEKST":"bov:-5.98 / ond:-6.48","INWINNENDEINSTANTIE":"Hoogheemraadschap van Rijnland","METENDEINSTANTIE":null,"INWINNINGSMETHODE":null,"DIMENSIE":"2D","NAUWKEURIGHEIDXY":null,"NAUWKEURIGHEIDZ":null,"DATUMINWINNING":1408579200000,"GEOKPOBJECTID":126,"LAST_EDITED_DATE":1745408849000,"STATUSPEILGEBIED":"Vigerend definitief","SHAPE_AREA":0,"SHAPE_LEN":0,"BEVAT":null,"VOERTAFOP":null,"LONGITUDE":4.7657509500000002,"LATITUDE":52.167295609999996,"XCOORDINAAT":112483.31,"YCOORDINAAT":464530.84999999998,"VASTBEHEERMARGEBOVEN":null,"VASTBEHEERMARGEONDER":null,"ZPBEHEERMARGEBOVEN":null,"ZPBEHEERMARGEONDER":null,"WPBEHEERMARGEONDER":null,"WPBEHEERMARGEBOVEN":null,"FLEXZPONDERBEHEERMARGEBOVEN":null,"FLEXZPONDERBEHEERMARGEONDER":null,"FLEXZPBOVENBEHEERMARGEBOVEN":null,"FLEXZPBOVENBEHEERMARGEONDER":null,"FLEXWPONDERBEHEERMARGEBOVEN":null,"FLEXWPONDERBEHEERMARGEONDER":null,"FLEXWPBOVENBEHEERMARGEBOVEN":null,"FLEXWPBOVENBEHEERMARGEONDER":null,"OBJECTID2":31}},{"type":"Feature","id":32,"geometry":{"type":"Polygon","coordinates":[[[103699.00200000033,463937.94700000063],[103698.8590000011,463939.48000000045],[103592.5540000014,463915.50800000131],[103589.79470000044,463914.91270000115],[103547.62099999934,463905.81399999931],[103547.60869999975,463905.81109999865],[103537.61430000141,463903.09380000085],[103532.34930000082,463897.64079999924],[103531.92779999971,463894.45960000157],[103504.03110000119,463895.78669999912],[103452.34699999914,463884.21799999848],[103427.43800000101,463878.64200000092],[103383.04100000113,463868.57090000063],[103382.08590000123,463868.06940000132],[103381.14559999853,463867.41539999843],[103380.78310000151,463866.91279999912],[103380.39449999854,463866.15569999814],[103379.98970000073,463863.0326000005],[103370.00400000066,463799.53799999878],[103330.24300000072,463541.86800000072],[103336.74859999865,463542.77400000021],[103380.78400000185,463552.15599999949],[103405.35500000045,463557.3909999989],[103441.54100000113,463565.10099999979],[103480.41499999911,463573.38369999826],[103480.4290000014,463573.42500000075],[103480.91499999911,463577.77199999988],[103481.06700000167,463579.12900000066],[103489.1959999986,463578.23900000006],[103489.77919999883,463575.37889999896],[103559.39820000157,463589.66569999978],[103677.43699999899,463613.88899999857],[103678.03500000015,463614.20499999821],[103678.15399999917,463614.50800000131],[103689.97899999842,463800.19399999827],[103699.00200000033,463937.94700000063]]]},"properties":{"ORACLE_OBJECTID":207,"CODE":"PAW_OR-3.48.OB01","NAAM":"OB G.J. Kroes","STATUSOBJECT":"gerealiseerd","SOORTPEILGEBIED":"Onderbemaling","SOORTAFWATERING":"Bemalen","PEILBEHERENDEINSTANTIE":"VERGUNNINGHOUDER","OPPERVLAKTE":105790,"OMTREK":1348,"OPMERKING":null,"HYPERLINK":null,"ONTHEFFING":"V52535","SOORTPEILBEHEER":"seizoensgebonden peil (vast)","VASTPEIL":null,"ZOMERPEIL":-5.2199999999999998,"WINTERPEIL":-5.3200000000000003,"FLEXZOMERPEILONDERGRENS":null,"FLEXZOMERPEILBOVENGRENS":null,"FLEXWINTERPEILONDERGRENS":null,"FLEXWINTERPEILBOVENGRENS":null,"ZOMERPEILTEKST":"-5.22","WINTERPEILTEKST":"-5.32","INWINNENDEINSTANTIE":"Hoogheemraadschap van Rijnland","METENDEINSTANTIE":null,"INWINNINGSMETHODE":null,"DIMENSIE":"2D","NAUWKEURIGHEIDXY":null,"NAUWKEURIGHEIDZ":null,"DATUMINWINNING":1333497600000,"GEOKPOBJECTID":47,"LAST_EDITED_DATE":1726934521000,"STATUSPEILGEBIED":"Vigerend definitief","SHAPE_AREA":0,"SHAPE_LEN":0,"BEVAT":null,"VOERTAFOP":null,"LONGITUDE":4.6347881800000001,"LATITUDE":52.159430980000003,"XCOORDINAAT":103514.62,"YCOORDINAAT":463740.66999999998,"VASTBEHEERMARGEBOVEN":null,"VASTBEHEERMARGEONDER":null,"ZPBEHEERMARGEBOVEN":null,"ZPBEHEERMARGEONDER":null,"WPBEHEERMARGEONDER":null,"WPBEHEERMARGEBOVEN":null,"FLEXZPONDERBEHEERMARGEBOVEN":null,"FLEXZPONDERBEHEERMARGEONDER":null,"FLEXZPBOVENBEHEERMARGEBOVEN":null,"FLEXZPBOVENBEHEERMARGEONDER":null,"FLEXWPONDERBEHEERMARGEBOVEN":null,"FLEXWPONDERBEHEERMARGEONDER":null,"FLEXWPBOVENBEHEERMARGEBOVEN":null,"FLEXWPBOVENBEHEERMARGEONDER":null,"OBJECTID2":32}},{"type":"Feature","id":35,"geometry":{"type":"Polygon","coordinates":[[[111779.6640000008,463488.69099999964],[111778.41499999911,463490.87999999896],[111776.76300000027,463495.89600000158],[111775.53200000152,463498.84400000051],[111773.66800000146,463503.3049999997],[111771.9840000011,463508.25800000131],[111764.62700000033,463527.15700000152],[111759.7490000017,463538.80600000173],[111757.27400000021,463546.40599999949],[111746.93800000101,463573.69000000134],[111746.65399999917,463574.3049999997],[111746.53400000185,463574.42700000107],[111746.19299999997,463574.54600000009],[111745.89699999988,463574.53999999911],[111744.13300000131,463574.21599999815],[111714.84600000083,463563.10399999842],[111668.36199999973,463545.22300000116],[111631.32899999991,463530.70399999991],[111587.24399999902,463514.09299999848],[111552.4299999997,463500.57999999821],[111543.36699999869,463497.19000000134],[111532.84200000018,463493.25400000066],[111528.55600000173,463491.4140000008],[111527.63699999824,463490.81799999997],[111527.31500000134,463490.52400000021],[111527.93899999931,463487.23900000006],[111520.86300000176,463484.92100000009],[111519.65300000086,463486.14999999851],[111518.38699999824,463487.20800000057],[111517.52600000054,463487.10799999908],[111501.10399999842,463480.60799999908],[111489.56199999899,463476.0390000008],[111475.2098999992,463470.11160000041],[111451.47500000149,463460.30900000036],[111425.62700000033,463449.44399999827],[111412.93400000036,463444.62900000066],[111408.28700000048,463442.16200000048],[111406.49199999869,463440.86600000039],[111405.11300000176,463439.62200000137],[111403.99300000072,463438.37999999896],[111403.07600000128,463436.74700000137],[111402.17700000107,463434.30900000036],[111401.14200000092,463432.66099999845],[111399.83999999985,463431.63899999857],[111398.40700000152,463430.91000000015],[111395.00899999961,463429.63399999961],[111391.91200000048,463428.83999999985],[111389.83399999887,463428.69099999964],[111386.1259999983,463429.25800000131],[111384.54600000009,463430.89699999988],[111383.41200000048,463432.84400000051],[111382.98000000045,463433.29100000113],[111381.99399999902,463433.32999999821],[111380.10200000182,463433.13199999928],[111377.11600000039,463432.2349999994],[111352.81700000167,463422.65900000185],[111274.21900000051,463392.17599999905],[111228.98099999875,463375.26000000164],[111210.69299999997,463367.97100000083],[111293.79100000113,463149.04600000009],[111268.67300000042,463139.51199999824],[111314.57999999821,463018.5700000003],[111315.8590000011,463019.05600000173],[111429.53299999982,463063.68699999899],[111453.89799999818,463073.05999999866],[111484.35300000012,463083.8900000006],[111498.82600000128,463090.04399999976],[111510.22899999842,463094.8909999989],[111528.77499999851,463101.85200000182],[111545.83199999854,463108.84699999914],[111601.95609999821,463129.96599999815],[111603.01399999857,463130.36400000006],[111620.39900000021,463136.41299999878],[111677.17700000107,463159.14499999955],[111762.73900000006,463192.06799999997],[111796.92199999839,463205.03099999949],[111867.80099999905,463232.53200000152],[111873.77800000086,463235.1959999986],[111873.8200000003,463235.2659999989],[111873.60200000182,463236.19399999827],[111871.99199999869,463240.59899999946],[111858.2659999989,463274.32800000161],[111851.65599999949,463295.17799999937],[111849.40300000086,463300.3040000014],[111847.23000000045,463306.77299999818],[111845.84600000083,463309.36699999869],[111842.26000000164,463318.93699999899],[111821.79100000113,463376.13500000164],[111820.09899999946,463379.73600000143],[111819.57999999821,463380.37799999863],[111819.25899999961,463380.65500000119],[111818.86800000072,463380.86600000039],[111816.49500000104,463381.35599999875],[111814.21000000089,463382.35599999875],[111812.45699999854,463387.06799999997],[111814.7349999994,463390.02100000158],[111815.13899999857,463390.80000000075],[111815.24700000137,463391.23000000045],[111812.8040000014,463398.93800000101],[111811.42500000075,463402.84200000018],[111808.69799999893,463410.83300000057],[111805.94299999997,463417.79500000179],[111804.98600000143,463419.67100000009],[111803.46999999881,463422.84800000116],[111803.31300000101,463423.20699999854],[111802.86699999869,463424.22700000182],[111802.40300000086,463425.76199999824],[111802.33300000057,463425.99599999934],[111801.55900000036,463429.17599999905],[111797.05299999937,463442.09200000018],[111790.81300000101,463457.56300000101],[111788.61199999973,463460.83300000057],[111787.21299999952,463464.37000000104],[111786.66200000048,463467.29600000009],[111784.59899999946,463474.08300000057],[111779.6640000008,463488.69099999964]]]},"properties":{"ORACLE_OBJECTID":236,"CODE":"PAW_OR-4.09.OB45","NAAM":"OB A.W. van Schaik","STATUSOBJECT":"gerealiseerd","SOORTPEILGEBIED":"Onderbemaling","SOORTAFWATERING":"Bemalen","PEILBEHERENDEINSTANTIE":"KADASTRAAL EIGENAAR","OPPERVLAKTE":211547,"OMTREK":1943,"OPMERKING":null,"HYPERLINK":null,"ONTHEFFING":"V59322","SOORTPEILBEHEER":"vast peil","VASTPEIL":-6.3700000000000001,"ZOMERPEIL":null,"WINTERPEIL":null,"FLEXZOMERPEILONDERGRENS":null,"FLEXZOMERPEILBOVENGRENS":null,"FLEXWINTERPEILONDERGRENS":null,"FLEXWINTERPEILBOVENGRENS":null,"ZOMERPEILTEKST":"-6.37","WINTERPEILTEKST":"-6.37","INWINNENDEINSTANTIE":"Hoogheemraadschap van Rijnland","METENDEINSTANTIE":null,"INWINNINGSMETHODE":null,"DIMENSIE":"2D","NAUWKEURIGHEIDXY":null,"NAUWKEURIGHEIDZ":null,"DATUMINWINNING":1404691200000,"GEOKPOBJECTID":136,"LAST_EDITED_DATE":1753178140000,"STATUSPEILGEBIED":"Vigerend definitief","SHAPE_AREA":0,"SHAPE_LEN":0,"BEVAT":null,"VOERTAFOP":null,"LONGITUDE":4.7521545500000002,"LATITUDE":52.156129239999999,"XCOORDINAAT":111542.25999999999,"YCOORDINAAT":463296.56,"VASTBEHEERMARGEBOVEN":null,"VASTBEHEERMARGEONDER":null,"ZPBEHEERMARGEBOVEN":null,"ZPBEHEERMARGEONDER":null,"WPBEHEERMARGEONDER":null,"WPBEHEERMARGEBOVEN":null,"FLEXZPONDERBEHEERMARGEBOVEN":null,"FLEXZPONDERBEHEERMARGEONDER":null,"FLEXZPBOVENBEHEERMARGEBOVEN":null,"FLEXZPBOVENBEHEERMARGEONDER":null,"FLEXWPONDERBEHEERMARGEBOVEN":null,"FLEXWPONDERBEHEERMARGEONDER":null,"FLEXWPBOVENBEHEERMARGEBOVEN":null,"FLEXWPBOVENBEHEERMARGEONDER":null,"OBJECTID2":35}},{"type":"Feature","id":36,"geometry":{"type":"Polygon","coordinates":[[[111492.42599999905,458123.02100000158],[111491.39999999851,458124.42880000174],[111498.56300000101,458129.69240000099],[111615.29270000011,458193.37790000066],[111616.44249999896,458193.94700000063],[111625.8161999993,458198.58650000021],[111627.22850000113,458196.15199999884],[111628.42179999873,458193.85889999941],[111630.940200001,458189.13190000132],[111631.84549999982,458187.29100000113],[111632.50730000064,458185.94269999862],[111632.65529999882,458185.73589999974],[111633.21629999951,458184.95179999992],[111634.67960000038,458182.90529999882],[111636.54839999974,458179.24980000034],[111637.4514000006,458176.51810000092],[111639.43310000002,458173.27320000157],[111642.87319999933,458165.31390000135],[111646.52589999884,458158.33689999953],[111649.43219999969,458152.72659999877],[111651.71000000089,458147.31540000066],[111655.28170000017,458139.98840000108],[111660.19739999995,458131.46169999987],[111664.24720000103,458124.09840000048],[111667.69700000063,458117.70450000092],[111670.72370000184,458110.99289999902],[111673.53620000184,458105.41679999977],[111676.53680000082,458099.10000000149],[111680.79300000146,458091.16070000082],[111682.30070000142,458088.95289999992],[111684.04699999839,458085.502700001],[111685.42060000077,458083.28159999847],[111687.81340000033,458079.16959999874],[111688.81740000099,458078.12990000099],[111689.61569999903,458077.45820000023],[111690.33619999886,458076.85229999945],[111690.84769999981,458076.62840000167],[111691.07979999855,458076.60310000181],[111695.14559999853,458078.37990000099],[111698.28400000185,458079.45160000026],[111705.88929999992,458081.62240000069],[111713.58379999921,458083.8916000016],[111721.10300000012,458085.9112999998],[111728.94280000031,458088.7771999985],[111733.64290000126,458090.87829999998],[111737.86149999872,458092.53550000116],[111744.68820000067,458095.01330000162],[111750.83269999921,458097.64539999887],[111758.55950000137,458100.80799999833],[111761.08509999886,458102.24529999867],[111761.37440000102,458102.51700000092],[111761.63500000164,458102.99590000138],[111762.97349999845,458108.52149999887],[111764.0047999993,458113.2397999987],[111764.5839000009,458116.5186999999],[111764.83210000023,458117.86389999837],[111765.73299999908,458119.20749999955],[111765.60579999909,458119.61699999869],[111764.75580000132,458122.36520000175],[111764.70850000158,458122.87739999965],[111764.69739999995,458123.88899999857],[111764.91829999909,458124.63280000165],[111765.03730000183,458125.23149999976],[111764.97300000116,458125.63379999995],[111764.8022999987,458126.0036999993],[111761.566300001,458125.70210000128],[111760.57710000128,458125.9140000008],[111759.50180000067,458126.36820000038],[111757.94299999997,458127.53339999914],[111756.01709999889,458130.25250000134],[111754.7452000007,458132.10040000081],[111754.04349999875,458133.07569999993],[111753.8674999997,458133.44949999824],[111753.18829999864,458134.88740000129],[111752.33520000055,458138.7050999999],[111752.0326000005,458139.67139999941],[111750.88489999995,458143.34109999985],[111748.90980000049,458147.14059999958],[111748.12530000135,458147.88049999997],[111747.05469999835,458149.17889999971],[111745.78570000082,458151.81030000001],[111745.36690000072,458154.35040000081],[111744.93259999901,458156.09270000085],[111744.88659999892,458156.27739999816],[111742.98389999941,458160.22480000183],[111741.8601000011,458162.33590000123],[111740.6015000008,458164.83190000057],[111739.68470000103,458169.69370000064],[111738.90069999918,458171.75809999928],[111738.51550000161,458173.57550000027],[111738.38610000163,458174.99949999899],[111738.16310000047,458177.45120000094],[111736.93490000069,458181.93290000036],[111735.3515000008,458187.04560000077],[111734.65239999816,458189.76949999854],[111733.98270000145,458192.38179999962],[111732.40940000117,458197.42500000075],[111730.6623999998,458202.8946999982],[111729.48570000008,458207.26370000094],[111729.52430000156,458208.45540000126],[111729.79349999875,458209.74289999902],[111731.1259999983,458213.9514000006],[111731.92220000178,458217.25589999929],[111732.05189999938,458219.37110000104],[111731.79940000176,458221.86630000174],[111731.61760000139,458223.95329999924],[111731.70069999993,458226.58350000158],[111731.5036999993,458228.96860000119],[111731.5150000006,458230.44990000129],[111731.53660000116,458232.23800000176],[111731.93400000036,458236.12370000035],[111732.51399999857,458237.39330000058],[111734.32070000097,458240.06489999965],[111737.41429999843,458243.44660000131],[111739.14249999821,458244.96200000122],[111746.21799999848,458249.12730000168],[111750.93279999867,458251.91340000182],[111753.32800000161,458252.9664000012],[111756.85790000111,458254.33350000158],[111758.91070000082,458254.72300000116],[111762.65210000053,458254.60449999943],[111763.10889999941,458254.73539999872],[111763.26579999924,458254.89579999819],[111763.58819999918,458255.32669999823],[111764.52699999884,458260.15049999952],[111766.08769999817,458266.52679999918],[111766.79699999839,458271.90289999917],[111767.61270000041,458279.47839999944],[111767.72940000147,458283.16360000148],[111767.316300001,458285.63149999827],[111766.41930000111,458290.42859999835],[111764.86879999936,458296.18030000106],[111764.00710000098,458299.44750000164],[111763.53220000118,458301.75470000133],[111763.12009999901,458303.37339999899],[111762.45399999991,458304.44469999894],[111760.14200000092,458309.45670000091],[111757.95589999855,458315.33289999887],[111754.89790000021,458323.53209999949],[111752.0047999993,458331.74370000139],[111749.67579999939,458339.20109999925],[111748.77450000122,458341.87319999933],[111748.20190000162,458343.56870000064],[111747.43969999999,458346.37559999898],[111746.03909999877,458347.60700000077],[111744.97949999943,458348.53860000148],[111743.76309999824,458349.60799999908],[111741.85949999839,458352.06830000132],[111740.32869999856,458356.69060000032],[111739.0449000001,458360.56659999862],[111738.78269999847,458361.07869999856],[111737.86230000108,458362.88049999997],[111739.65749999881,458363.84189999849],[111740.76269999892,458364.67610000074],[111741.34279999882,458365.37519999966],[111741.71049999818,458366.22639999911],[111741.76069999859,458366.34349999949],[111741.84930000082,458370.17889999971],[111741.97509999946,458375.26410000026],[111742.33740000054,458379.21819999814],[111742.30460000038,458380.1539000012],[111742.20340000093,458381.28680000082],[111742.05029999837,458386.17929999903],[111741.53319999948,458392.45740000159],[111741.10040000081,458398.05310000107],[111739.99130000174,458403.79039999843],[111739.05629999936,458409.98680000007],[111738.62860000134,458412.78460000083],[111737.82519999892,458419.81650000066],[111736.96420000121,458425.75840000063],[111735.05420000106,458433.59279999882],[111734.62669999897,458437.76309999824],[111734.2611999996,458444.56340000033],[111733.56260000169,458450.47340000048],[111732.78770000115,458458.52039999887],[111732.21609999985,458468.48900000006],[111731.18439999968,458475.65790000185],[111730.96009999886,458477.34659999982],[111730.16560000181,458483.08410000056],[111728.99029999971,458492.43809999898],[111728.09860000014,458499.08139999956],[111726.60770000145,458505.77430000156],[111725.06260000169,458510.19179999828],[111724.84459999949,458510.49940000102],[111724.70879999921,458510.58709999919],[111724.53370000049,458510.69949999824],[111724.00429999828,458510.87510000169],[111720.32299999893,458510.74069999903],[111713.10460000113,458510.04850000143],[111702.74590000138,458509.28290000185],[111695.47619999945,458508.31489999965],[111688.41349999979,458507.78959999979],[111681.02479999885,458507.26550000161],[111673.63219999894,458506.94860000163],[111667.83139999956,458505.95569999889],[111663.54470000044,458505.46449999884],[111657.21959999949,458505.07470000163],[111653.34319999814,458505.23900000006],[111653.26689999923,458505.23189999908],[111652.61309999973,458505.17130000144],[111651.90949999914,458505.10640000179],[111649.69629999995,458504.89460000023],[111648.1708999984,458504.74850000069],[111647.90040000156,458504.72289999947],[111636.8115000017,458504.05310000107],[111628.4721999988,458504.31540000066],[111620.53770000115,458504.50769999996],[111611.16600000113,458505.07470000163],[111601.92969999835,458505.60770000145],[111594.17020000145,458506.34760000184],[111587.62840000167,458506.85119999945],[111579.10619999841,458508.00649999827],[111569.51720000058,458509.81199999899],[111560.60720000044,458512.17100000009],[111554.64860000089,458514.13589999825],[111549.80059999973,458515.22069999948],[111544.27959999815,458517.02829999849],[111539.08540000021,458519.73710000142],[111534.12379999831,458522.77109999955],[111531.94860000163,458523.94860000163],[111525.76339999959,458526.41120000184],[111523.25829999894,458526.75979999825],[111515.80370000005,458527.06670000032],[111507.81280000135,458526.55059999973],[111505.1147999987,458525.9888000004],[111500.14039999992,458524.38800000027],[111497.69819999859,458523.86030000076],[111495.80759999901,458523.65830000117],[111493.81159999967,458523.9860999994],[111491.24839999899,458524.83900000155],[111483.59349999949,458529.57259999961],[111475.39460000023,458534.26649999991],[111471.13589999825,458537.61389999837],[111469.71660000086,458538.73059999943],[111468.56980000064,458540.04140000045],[111467.99159999937,458541.0438000001],[111467.59849999845,458542.45450000092],[111467.38410000131,458544.1083999984],[111470.19029999897,458551.21009999886],[111473.55040000007,458557.2360999994],[111478.00459999964,458565.01139999926],[111482.10399999842,458573.60640000179],[111486.82620000094,458582.6699000001],[111491.26429999992,458590.83329999819],[111496.4897999987,458599.81909999996],[111499.52549999952,458605.377700001],[111500.32079999894,458606.83410000056],[111502.46040000021,458610.93310000002],[111503.10759999976,458611.61430000141],[111504.30299999937,458611.64710000157],[111506.05180000141,458610.82999999821],[111506.66290000081,458610.54450000077],[111507.18519999832,458611.72030000016],[111506.84540000185,458611.88360000029],[111505.90569999814,458613.0084999986],[111505.56239999831,458614.14539999887],[111505.76700000092,458615.97179999948],[111509.25950000063,458624.00340000167],[111514.49909999967,458633.19269999862],[111519.7228000015,458643.00860000029],[111521.21970000118,458645.98550000042],[111525.17790000141,458653.59010000154],[111529.06089999899,458660.53069999814],[111532.33960000053,458666.70470000058],[111534.35520000011,458671.33650000021],[111537.96159999818,458677.47199999914],[111542.46939999983,458685.09010000154],[111545.75389999896,458691.92379999906],[111549.2890000008,458699.09079999849],[111553.33320000023,458705.21200000122],[111556.67650000006,458710.66860000044],[111557.56019999832,458712.37660000101],[111558.24839999899,458714.02059999853],[111558.85449999943,458715.74029999971],[111563.76469999924,458723.49269999936],[111569.29500000179,458733.91039999947],[111572.39999999851,458738.13470000029],[111544.60379999876,458753.09120000154],[111541.42790000141,458747.18890000135],[111535.94220000133,458737.0661999993],[111530.5150000006,458727.43899999931],[111526.57889999822,458721.08449999988],[111523.19269999862,458716.0234999992],[111522.46079999954,458715.20179999992],[111521.33740000054,458714.55209999904],[111520.19900000095,458714.19920000061],[111519.12609999999,458714.19799999893],[111456.09699999914,458748.27400000021],[111453.76740000024,458743.82119999826],[111452.35770000145,458740.84090000018],[111450.94880000129,458739.24130000174],[111449.70459999889,458738.01000000164],[111447.74529999867,458737.29830000177],[111443.68050000072,458736.08159999922],[111442.94159999862,458735.6875],[111442.30849999934,458735.0960999988],[111439.75189999864,458729.79199999943],[111439.57239999995,458727.66450000182],[111439.05750000104,458726.41789999977],[111438.34219999984,458725.66270000115],[111437.32620000094,458725.16039999947],[111436.47410000116,458724.69079999998],[111435.65909999982,458723.9450000003],[111434.99230000004,458722.90069999918],[111433.69629999995,458720.56760000065],[111432.73290000111,458719.35410000011],[111431.7415000014,458718.46909999847],[111430.71799999848,458717.81720000133],[111429.44889999926,458717.43079999834],[111427.95219999924,458717.47329999879],[111426.11470000073,458717.90870000049],[111422.20320000127,458719.30590000004],[111417.67210000008,458721.28590000048],[111414.38069999963,458722.78840000182],[111412.79560000077,458724.00310000032],[111411.3460999988,458725.3060999997],[111410.33819999918,458726.52760000154],[111409.76000000164,458727.74139999971],[111409.71020000055,458729.61630000174],[111410.27529999986,458731.12480000034],[111412.73959999904,458736.03519999981],[111417.25140000135,458744.24769999832],[111419.77629999816,458748.4673999995],[111419.83309999853,458748.83669999987],[111419.75429999828,458749.17069999874],[111419.49029999971,458749.42190000042],[111414.04899999872,458752.0811999999],[111411.55759999901,458753.84730000049],[111409.70389999822,458755.60460000113],[111407.78750000149,458757.57930000126],[111407.22320000082,458757.8311999999],[111407.15320000052,458757.84160000086],[111406.93699999899,458757.69990000129],[111403.93439999968,458753.21539999917],[111400.56010000035,458747.99540000036],[111399.68459999934,458747.34730000049],[111398.95080000162,458746.9561999999],[111398.58680000156,458746.82409999892],[111391.12299999967,458739.33639999852],[111382.94319999963,458741.84299999848],[111378.8583999984,458742.78099999949],[111378.10289999843,458743.03310000151],[111377.60390000045,458743.19970000163],[111376.6229000017,458744.0859999992],[111375.9477000013,458745.0885999985],[111375.67320000008,458746.41340000182],[111375.82050000131,458747.31610000134],[111375.96590000018,458748.20650000125],[111381.12440000102,458757.56540000066],[111385.25109999999,458765.5764000006],[111388.43329999968,458773.64730000123],[111391.62180000171,458781.41530000046],[111393.56899999827,458785.47870000079],[111393.63159999996,458785.99390000105],[111393.50219999999,458786.33839999884],[111391.683699999,458788.1185999997],[111391.21159999818,458788.27930000052],[111391.10240000114,458788.25989999995],[111389.81430000067,458786.93490000069],[111388.81500000134,458786.64319999889],[111387.7164000012,458786.56410000101],[111386.44260000065,458787.11019999906],[111385.46310000122,458787.99309999868],[111383.01979999989,458792.01559999958],[111381.9123999998,458793.61840000004],[111381.07820000127,458794.73000000045],[111380.45050000027,458796.12950000167],[111378.27070000023,458797.11369999871],[111376.6603000015,458797.07070000097],[111373.11719999835,458798.83619999886],[111368.99280000106,458801.7265000008],[111365.35429999977,458804.64130000025],[111361.4226000011,458807.52710000053],[111358.50629999861,458808.77739999816],[111356.02259999886,458809.52169999853],[111354.32880000025,458810.12840000167],[111353.6810999997,458810.08909999952],[111353.29149999842,458809.95459999889],[111353.19539999962,458809.88969999924],[111352.62000000104,458809.02389999852],[111351.73360000178,458808.1726000011],[111350.59650000185,458807.46339999884],[111349.75409999862,458806.63149999827],[111349.6464000009,458806.42790000141],[111349.61710000038,458803.6715000011],[111349.22670000046,458803.00569999963],[111348.32330000028,458802.27959999815],[111347.32629999891,458801.69469999894],[111346.00450000167,458800.73869999871],[111340.89809999987,458796.80090000108],[111339.24340000004,458796.7762000002],[111336.2490000017,458798.76799999923],[111335.21840000153,458799.49709999934],[111333.3583999984,458800.46269999817],[111333.30169999972,458800.49210000038],[111332.09439999983,458801.08709999919],[111329.93969999999,458802.33779999986],[111325.62480000034,458805.47150000185],[111323.80249999836,458806.30739999935],[111319.3396999985,458808.49340000004],[111316.88450000063,458809.84450000152],[111315.59490000084,458810.58680000156],[111313.30169999972,458811.90670000017],[111310.84600000083,458813.33889999986],[111308.79419999942,458813.29230000079],[111307.30730000138,458812.00120000169],[111306.22430000082,458810.50719999894],[111303.22920000181,458805.10269999877],[111301.27529999986,458802.3610999994],[111295.33469999954,458794.6623999998],[111288.30200000107,458782.09329999983],[111284.00759999827,458776.11960000172],[111282.23889999837,458773.27369999886],[111280.39570000023,458768.6083999984],[111279.27270000055,458766.51559999958],[111277.48750000075,458764.48809999973],[111271.24179999903,458756.71290000156],[111265.12170000002,458748.00030000135],[111262.2397999987,458742.05139999837],[111258.72179999948,458733.65709999949],[111255.89339999855,458728.57860000059],[111252.00079999864,458723.77849999815],[111246.2650000006,458716.02259999886],[111240.77459999919,458707.93420000002],[111235.3852000013,458698.76900000125],[111230.71609999985,458692.1950000003],[111225.39389999956,458685.18320000172],[111220.02639999986,458677.89490000159],[111215.49080000073,458671.1259999983],[111211.13259999827,458665.32339999825],[111204.60810000077,458655.23900000006],[111200.29210000113,458648.59389999881],[111196.39110000059,458641.99740000069],[111189.30669999868,458629.1875],[111184.23209999874,458620.5588000007],[111177.27840000018,458611.01209999993],[111171.62280000001,458603.566300001],[111166.85289999843,458596.90630000085],[111162.75279999897,458591.42570000142],[111158.28970000148,458585.62049999833],[111151.01729999855,458575.70549999923],[111145.89539999887,458567.98589999974],[111143.43439999968,458563.93129999936],[111141.26480000094,458559.78319999948],[111137.60229999945,458553.09039999917],[111132.24010000005,458544.43120000139],[111130.31599999964,458541.32400000095],[111129.31940000132,458539.90450000018],[111125.12759999931,458533.93349999934],[111118.99969999865,458524.58179999888],[111113.99379999936,458517.10350000113],[111108.0465000011,458507.80249999836],[111103.81129999831,458500.54140000045],[111097.1473999992,458491.07160000131],[111091.31940000132,458484.26720000058],[111088.5223999992,458481.02439999953],[111083.4021999985,458473.65569999814],[111079.38699999824,458467.42269999906],[111075.31879999861,458461.29340000078],[111074.11899999902,458459.48580000177],[111069.9486999996,458453.01009999961],[111068.3900000006,458450.12090000138],[111067.95190000162,458449.30889999866],[111066.55909999833,458446.72720000148],[111066.50959999859,458446.63540000096],[111065.07349999994,458444.93919999897],[111063.12480000034,458442.92810000107],[111062.22729999945,458441.75450000167],[111061.92590000108,458441.29969999939],[111060.61829999834,458439.32660000026],[111061.28539999947,458438.88450000063],[111062.44099999964,458438.11870000139],[111063.28400000185,458437.55999999866],[111067.20789999887,458434.95949999988],[111108.61169999838,458407.52039999887],[111082.77100000158,458369.3049999997],[111098.01999999955,458360.44099999964],[111123.16919999942,458343.79940000176],[111119.93180000037,458338.30849999934],[111115.44299999997,458331.53000000119],[111097.55389999971,458303.96400000155],[111082.4765000008,458313.49450000003],[111070.12900000066,458319.27519999817],[111068.35159999877,458319.74890000001],[111066.51830000058,458320.4290000014],[111058.43739999831,458325.29679999873],[111049.50400000066,458330.41580000147],[111048.24190000072,458330.83080000058],[111046.39169999957,458331.43919999897],[111042.95459999889,458332.56929999962],[111041.94909999892,458332.92370000109],[111041.28319999948,458333.1576000005],[111039.75910000131,458334.40249999985],[111038.17669999972,458335.94709999859],[111038.10489999875,458336.00329999998],[111036.24080000073,458337.46119999886],[111026.20470000058,458343.30339999869],[111016.75979999825,458349.19409999996],[111013.37480000034,458351.69079999998],[111010.377700001,458353.90129999816],[111009.14499999955,458354.32559999824],[111008.80169999972,458354.32899999991],[111008.37640000135,458354.33309999853],[111006.96040000021,458353.77149999887],[111006.07829999924,458353.22960000113],[111005.92100000009,458353.13289999962],[111004.95690000057,458352.21609999985],[111000.81159999967,458346.65359999985],[111000.42480000108,458346.09730000049],[110996.41560000181,458340.33210000023],[110991.75470000133,458334.51700000092],[110989.30099999905,458331.45569999889],[110987.96970000118,458329.42650000006],[110985.05449999869,458324.98350000009],[110979.63049999997,458317.98449999839],[110979.45729999989,458317.76089999825],[110978.47969999909,458316.28400000185],[110975.49799999967,458311.77910000086],[110973.7547999993,458309.30220000073],[110973.00560000166,458308.23770000041],[110967.96709999815,458301.73360000178],[110965.40500000119,458298.05590000004],[110964.07609999925,458296.14840000123],[110962.83850000054,458294.37180000171],[110958.72740000114,458288.00580000132],[110955.30669999868,458281.31679999828],[110955.25389999896,458281.2135999985],[110954.85330000147,458280.55240000039],[110950.71669999883,458273.72529999912],[110945.79610000178,458265.91470000148],[110940.82449999824,458257.09459999949],[110934.75490000099,458247.51419999823],[110929.09870000184,458239.71930000186],[110923.83980000019,458231.85040000081],[110920.39110000059,458226.55260000005],[110919.85410000011,458225.60310000181],[110918.27039999887,458223.46599999815],[110915.36809999868,458217.89570000023],[110912.49659999833,458213.24300000072],[110907.46889999881,458205.46079999954],[110902.97960000113,458197.91690000147],[110900.19849999994,458192.48570000008],[110899.69429999962,458191.61300000176],[110897.44440000132,458187.71889999881],[110893.78929999843,458181.18059999868],[110888.95369999856,458173.20450000092],[110884.32779999822,458165.53810000047],[110879.94539999962,458158.7239000015],[110876.49469999969,458153.47300000116],[110874.60610000044,458150.87609999999],[110873.2677000016,458149.45800000057],[110872.31089999899,458148.44420000166],[110870.0896999985,458144.94590000063],[110866.63500000164,458140.18160000071],[110862.27769999951,458132.69649999961],[110858.27490000054,458126.15340000018],[110854.46900000051,458120.14669999853],[110854.03999999911,458119.05290000141],[110853.61719999835,458117.97580000013],[110853.3900000006,458117.39689999819],[110852.30020000041,458114.61829999834],[110849.26089999825,458107.0885999985],[110846.43969999999,458099.92639999837],[110845.95859999955,458098.5234999992],[110844.03880000114,458092.92440000176],[110842.4813000001,458089.96810000017],[110842.2435999997,458089.46810000017],[110840.56789999828,458085.94310000166],[110840.18160000071,458084.73779999837],[110840.11250000075,458084.52070000023],[110840.1325000003,458083.29140000045],[110841.6063000001,458075.28810000047],[110842.12929999828,458072.0839000009],[110842.36639999971,458070.63149999827],[110843.28480000049,458065.0047999993],[110845.19350000098,458053.4215000011],[110845.62539999932,458050.61939999834],[110846.37090000138,458045.78290000185],[110846.38230000064,458045.72989999875],[110846.95050000027,458043.07409999892],[110847.17199999839,458042.03889999911],[110847.80590000004,458040.68629999831],[110849.01280000061,458038.79619999975],[110849.31540000066,458038.32239999995],[110849.86740000173,458037.86549999937],[110852.39249999821,458035.77769999951],[110853.35280000046,458034.69669999927],[110854.13589999825,458033.61430000141],[110854.57649999857,458032.58080000058],[110854.54679999873,458031.21750000119],[110854.18919999897,458029.49570000172],[110849.22360000014,458019.43820000067],[110846.43800000101,458013.86290000007],[110842.61340000108,458007.57479999959],[110838.51159999892,458001.77659999952],[110836.82050000131,457999.433699999],[110829.49830000103,457988.21999999881],[110827.92430000007,457985.95740000159],[110827.46669999883,457985.25120000169],[110826.91250000149,457984.16110000014],[110826.45109999925,457983.30070000142],[110826.02369999886,457982.4803000018],[110825.78550000116,457981.82990000024],[110825.47960000113,457981.01740000024],[110825.30990000069,457980.25789999962],[110824.65320000052,457977.32039999962],[110824.35489999875,457976.38580000028],[110824.13450000063,457975.56060000136],[110824.16499999911,457975.08889999986],[110824.26099999994,457974.31480000168],[110825.07710000128,457971.88280000165],[110825.77560000122,457970.28240000084],[110826.85720000044,457968.98279999942],[110828.2826000005,457967.9310999997],[110833.59650000185,457964.29170000181],[110839.1464000009,457960.79140000045],[110845.46290000156,457956.8916000016],[110851.11939999834,457952.98950000107],[110853.98809999973,457950.87860000134],[110855.52910000086,457949.96299999952],[110857.11340000108,457949.01539999992],[110859.9140000008,457947.22230000049],[110861.20650000125,457946.23079999909],[110861.81579999998,457945.4395999983],[110862.86219999939,457944.1389000006],[110863.91299999878,457943.16580000147],[110865.47470000014,457941.76260000095],[110867.03860000148,457940.35509999841],[110868.21110000089,457939.38430000097],[110869.34459999949,457938.57110000029],[110870.12609999999,457938.06760000065],[110870.88199999928,457937.54830000177],[110871.67069999874,457936.98999999836],[110873.31989999861,457934.94729999825],[110874.09589999914,457934.23699999973],[110875.70459999889,457933.03000000119],[110981.66899999976,458017.03500000015],[110989.69399999827,458012.05999999866],[110997.19099999964,457973.08399999887],[111004.24500000104,457936.40700000152],[111014.26900000125,457930.27199999988],[111057.55799999833,457927.40399999917],[111071.33300000057,457926.49100000039],[111093.96519999951,457913.01590000093],[111102.35500000045,457913.75039999932],[111105.68809999898,457913.96339999884],[111108.53029999882,457914.12310000136],[111109.16050000116,457914.15850000083],[111109.28370000049,457914.17960000038],[111111.43030000106,457914.54679999873],[111113.74139999971,457915.29899999872],[111119.13859999925,457916.86050000042],[111124.37139999866,457918.49069999903],[111126.26089999825,457918.86800000072],[111127.808699999,457919.03400000185],[111129.44799999893,457919.14180000126],[111131.13789999858,457919.27629999816],[111133.3471999988,457919.60350000113],[111134.71719999984,457919.9915000014],[111135.70490000024,457920.42170000076],[111136.16470000148,457920.62189999968],[111137.78599999845,457921.20459999889],[111139.99590000138,457921.86510000005],[111147.2639000006,457922.94889999926],[111149.91939999908,457923.47810000181],[111153.36089999974,457924.2435999997],[111157.72789999843,457925.6612999998],[111157.83199999854,457925.69509999827],[111165.16910000145,457927.71900000051],[111171.88740000129,457929.49049999937],[111178.40089999884,457930.78720000014],[111182.25719999894,457931.64350000024],[111185.39620000124,457932.32449999824],[111188.80779999867,457933.06469999999],[111189.73090000078,457933.3572999984],[111192.24819999933,457934.15500000119],[111197.37799999863,457936.25340000167],[111202.95740000159,457938.27760000154],[111205.0020999983,457939.36780000106],[111207.26410000026,457940.52479999885],[111208.44469999894,457941.24379999936],[111210.0989000015,457941.77450000122],[111211.30710000172,457941.89730000123],[111212.67110000178,457942.29450000077],[111216.94720000029,457944.37849999964],[111217.43400000036,457944.63859999925],[111218.36039999872,457945.13379999995],[111220.95320000127,457947.1473999992],[111222.52699999884,457948.68259999901],[111223.74529999867,457949.87110000104],[111226.07880000025,457952.1473999992],[111228.79500000179,457955.24320000038],[111229.49870000035,457956.27589999884],[111230.16939999908,457957.71559999883],[111230.38259999827,457958.22830000147],[111231.14050000161,457960.05079999939],[111232.15370000154,457961.77100000158],[111232.81850000098,457962.95259999856],[111233.47159999982,457964.11340000108],[111234.58269999921,457966.08810000122],[111237.14649999887,457970.94799999893],[111239.24599999934,457975.13399999961],[111241.01590000093,457978.37390000001],[111241.99870000035,457979.38819999993],[111242.54839999974,457979.53290000185],[111243.41809999943,457979.77010000125],[111244.82290000096,457979.59209999815],[111246.42619999871,457979.06689999998],[111247.30559999868,457978.7789000012],[111248.22810000181,457978.42419999838],[111248.61969999969,457978.22300000116],[111248.65450000018,457978.20499999821],[111249.53460000083,457977.75059999898],[111250.72150000185,457976.83040000126],[111251.82220000029,457975.97700000182],[111258.44799999893,457984.52299999818],[111266.95899999887,457997.62799999863],[111274.07800000161,458011.02499999851],[111276.92100000009,458017.46499999985],[111324.17399999872,458028.57800000161],[111365.34099999815,458037.48999999836],[111394.23099999875,458044.20600000024],[111399.3209999986,458045.38899999857],[111411.75699999928,458048.28000000119],[111487.65700000152,458065.24599999934],[111498.54100000113,458067.52400000021],[111517.11699999869,458072.56199999899],[111523.49430000037,458074.17980000004],[111524.47419999912,458076.8022999987],[111526.00989999995,458080.9123999998],[111526.58989999816,458082.46480000019],[111519.81199999899,458088.45499999821],[111509.30299999937,458099.92799999937],[111506.92799999937,458102.92500000075],[111501.72800000012,458110.71700000018],[111500.06100000069,458112.54500000179],[111493.7201000005,458121.24540000036],[111492.42599999905,458123.02100000158]]]},"properties":{"ORACLE_OBJECTID":237,"CODE":"PAW_OR-4.10.OB02","NAAM":"OB Natuurmonumenten - Meije graslanden 1","STATUSOBJECT":"gerealiseerd","SOORTPEILGEBIED":"Onderbemaling","SOORTAFWATERING":"Bemalen","PEILBEHERENDEINSTANTIE":"VERGUNNINGHOUDER","OPPERVLAKTE":458788,"OMTREK":3888,"OPMERKING":null,"HYPERLINK":null,"ONTHEFFING":"V51913","SOORTPEILBEHEER":"dynamisch peil","VASTPEIL":null,"ZOMERPEIL":null,"WINTERPEIL":null,"FLEXZOMERPEILONDERGRENS":-1.9099999999999999,"FLEXZOMERPEILBOVENGRENS":-2,"FLEXWINTERPEILONDERGRENS":-1.9099999999999999,"FLEXWINTERPEILBOVENGRENS":-2,"ZOMERPEILTEKST":"bov: / ond:-1.91","WINTERPEILTEKST":"bov: / ond:-1.91","INWINNENDEINSTANTIE":"Hoogheemraadschap van Rijnland","METENDEINSTANTIE":null,"INWINNINGSMETHODE":null,"DIMENSIE":"2D","NAUWKEURIGHEIDXY":null,"NAUWKEURIGHEIDZ":null,"DATUMINWINNING":1309305600000,"GEOKPOBJECTID":34,"LAST_EDITED_DATE":1753273782000,"STATUSPEILGEBIED":"Vigerend definitief","SHAPE_AREA":0,"SHAPE_LEN":0,"BEVAT":null,"VOERTAFOP":null,"LONGITUDE":4.7491888800000002,"LATITUDE":52.111771019999999,"XCOORDINAAT":111295.92999999999,"YCOORDINAAT":458363.17999999999,"VASTBEHEERMARGEBOVEN":null,"VASTBEHEERMARGEONDER":null,"ZPBEHEERMARGEBOVEN":null,"ZPBEHEERMARGEONDER":null,"WPBEHEERMARGEONDER":null,"WPBEHEERMARGEBOVEN":null,"FLEXZPONDERBEHEERMARGEBOVEN":null,"FLEXZPONDERBEHEERMARGEONDER":null,"FLEXZPBOVENBEHEERMARGEBOVEN":null,"FLEXZPBOVENBEHEERMARGEONDER":null,"FLEXWPONDERBEHEERMARGEBOVEN":null,"FLEXWPONDERBEHEERMARGEONDER":null,"FLEXWPBOVENBEHEERMARGEBOVEN":null,"FLEXWPBOVENBEHEERMARGEONDER":null,"OBJECTID2":36}},{"type":"Feature","id":37,"geometry":{"type":"Polygon","coordinates":[[[113265.93710000068,464700.20089999959],[113269.54699999839,464701.5009999983],[113270.87629999965,464701.97980000079],[113283.53099999949,464666.84200000018],[113286.19700000063,464667.93600000069],[113293.58100000024,464670.96700000018],[113309.875,464677.27400000021],[113339.20800000057,464689.11300000176],[113385.88100000098,464707.31300000101],[113433.85640000179,464725.78189999983],[113440.29899999872,464728.26199999824],[113481.23800000176,464744.63800000027],[113550.64600000158,464771.14400000125],[113582.22700000182,464783.6259999983],[113611.38399999961,464794.8900000006],[113629.49799999967,464801.66299999878],[113663.02199999988,464815.21799999848],[113716.95199999958,464835.8599999994],[113719.95300000161,464837.0859999992],[113720.23600000143,464837.20199999958],[113719.32899999991,464840.02699999884],[113715.03999999911,464851.89799999818],[113707.39299999923,464871.5009999983],[113703.08900000155,464885.91600000113],[113691.18699999899,464916.7340000011],[113687.65700000152,464925.875],[113686.27100000158,464926.05200000107],[113348.1334999986,464795.36560000107],[113348.02219999954,464795.65139999986],[113345.46909999847,464802.23589999974],[113345.24089999869,464802.82429999858],[113684.5373999998,464933.95320000127],[113674.64319999889,464959.57449999824],[113181.42330000177,464768.29289999977],[113076.84270000085,464727.73429999873],[113082.16079999879,464713.99210000038],[113086.97320000082,464701.80070000142],[113097.28880000114,464705.84849999845],[113106.68349999934,464709.48460000008],[113123.48730000108,464716.02160000056],[113132.97709999979,464719.60289999843],[113147.62440000102,464725.28840000182],[113152.46290000156,464727.07649999857],[113152.59950000048,464726.70670000091],[113153.47700000182,464724.33199999854],[113154.79899999872,464720.75699999928],[113153.15459999815,464720.12189999968],[113174.05700000003,464665.22800000012],[113200.78799999878,464675.5009999983],[113212.20300000161,464680.54699999839],[113238.41270000115,464690.26949999854],[113240.14200000092,464690.91099999845],[113265.93710000068,464700.20089999959]]]},"properties":{"ORACLE_OBJECTID":238,"CODE":"PAW_OR-4.09.OB31","NAAM":"OB Berkelaar","STATUSOBJECT":"gerealiseerd","SOORTPEILGEBIED":"Onderbemaling","SOORTAFWATERING":"Bemalen","PEILBEHERENDEINSTANTIE":"KADASTRAAL EIGENAAR","OPPERVLAKTE":69992,"OMTREK":2274,"OPMERKING":null,"HYPERLINK":null,"ONTHEFFING":"V59427","SOORTPEILBEHEER":"dynamisch peil","VASTPEIL":-6.3099999999999996,"ZOMERPEIL":null,"WINTERPEIL":null,"FLEXZOMERPEILONDERGRENS":-6.3099999999999996,"FLEXZOMERPEILBOVENGRENS":-5.9800000000000004,"FLEXWINTERPEILONDERGRENS":-6.3099999999999996,"FLEXWINTERPEILBOVENGRENS":-5.9800000000000004,"ZOMERPEILTEKST":"bov:-5.98 / ond:-6.31","WINTERPEILTEKST":"bov:-5.98 / ond:-6.31","INWINNENDEINSTANTIE":"Hoogheemraadschap van Rijnland","METENDEINSTANTIE":null,"INWINNINGSMETHODE":null,"DIMENSIE":"2D","NAUWKEURIGHEIDXY":null,"NAUWKEURIGHEIDZ":null,"DATUMINWINNING":1414454400000,"GEOKPOBJECTID":69,"LAST_EDITED_DATE":1744899788000,"STATUSPEILGEBIED":"Vigerend definitief","SHAPE_AREA":0,"SHAPE_LEN":0,"BEVAT":null,"VOERTAFOP":null,"LONGITUDE":4.7790933500000001,"LATITUDE":52.169895760000003,"XCOORDINAAT":113398.53999999999,"YCOORDINAAT":464812.40000000002,"VASTBEHEERMARGEBOVEN":null,"VASTBEHEERMARGEONDER":null,"ZPBEHEERMARGEBOVEN":null,"ZPBEHEERMARGEONDER":null,"WPBEHEERMARGEONDER":null,"WPBEHEERMARGEBOVEN":null,"FLEXZPONDERBEHEERMARGEBOVEN":null,"FLEXZPONDERBEHEERMARGEONDER":null,"FLEXZPBOVENBEHEERMARGEBOVEN":null,"FLEXZPBOVENBEHEERMARGEONDER":null,"FLEXWPONDERBEHEERMARGEBOVEN":null,"FLEXWPONDERBEHEERMARGEONDER":null,"FLEXWPBOVENBEHEERMARGEBOVEN":null,"FLEXWPBOVENBEHEERMARGEONDER":null,"OBJECTID2":37}},{"type":"Feature","id":38,"geometry":{"type":"Polygon","coordinates":[[[108691.76000000164,464504.73200000077],[108683.07499999925,464513.00600000098],[108683.07200000063,464513.00800000131],[108681.96200000122,464514.05799999833],[108680.4990000017,464512.46599999815],[108679.02100000158,464510.88800000027],[108691.87099999934,464498.77699999884],[108686.20899999887,464486.6790000014],[108684.14799999818,464482.74500000104],[108684.13699999824,464482.72300000116],[108684.1099999994,464482.6640000008],[108684.08700000122,464482.60200000182],[108684.06799999997,464482.53999999911],[108684.05299999937,464482.47599999979],[108684.04300000146,464482.41200000048],[108684.03599999845,464482.34600000083],[108684.03400000185,464482.28099999949],[108684.03599999845,464482.21599999815],[108684.04300000146,464482.14999999851],[108684.05299999937,464482.0859999992],[108684.06799999997,464482.02199999988],[108684.08700000122,464481.96000000089],[108684.1099999994,464481.89799999818],[108684.13699999824,464481.83900000155],[108684.16800000146,464481.78099999949],[108684.20300000161,464481.72500000149],[108684.24100000039,464481.67199999839],[108684.28200000152,464481.62200000137],[108684.32699999958,464481.57400000095],[108684.375,464481.52899999917],[108684.42500000075,464481.48800000176],[108684.47800000012,464481.44999999925],[108684.48900000006,464481.44200000167],[108685.62099999934,464480.70699999854],[108685.66600000113,464480.6799999997],[108685.72399999946,464480.64900000021],[108685.78299999982,464480.62200000137],[108685.84499999881,464480.59899999946],[108685.85300000012,464480.59600000083],[108686.47599999979,464480.3909999989],[108686.53000000119,464480.375],[108686.59400000051,464480.3599999994],[108686.65799999982,464480.35000000149],[108686.72399999946,464480.34299999848],[108686.7890000008,464480.34099999815],[108686.85399999842,464480.34299999848],[108691.51720000058,464477.3729000017],[108691.98079999909,464478.35819999874],[108692.25319999829,464478.93789999932],[108693.53079999983,464481.65320000052],[108694.57809999958,464483.87990000099],[108695.89750000089,464486.684799999],[108697.76790000126,464490.54309999943],[108698.28689999878,464491.60599999875],[108698.7639000006,464492.58300000057],[108699.21609999985,464493.50899999961],[108700.80009999871,464496.75299999863],[108702.08790000156,464499.39009999856],[108703.44610000029,464502.17190000042],[108703.59670000151,464502.48009999841],[108699.09600000083,464504.76799999923],[108699.08700000122,464504.82499999925],[108699.07200000063,464504.88899999857],[108699.05299999937,464504.95100000128],[108699.03000000119,464505.01300000027],[108699.00299999863,464505.07200000063],[108698.97199999914,464505.12999999896],[108698.93699999899,464505.18600000069],[108698.89900000021,464505.23900000006],[108698.85799999908,464505.2890000008],[108698.81300000101,464505.33700000122],[108698.7650000006,464505.38199999928],[108698.71499999985,464505.42300000042],[108698.66200000048,464505.4609999992],[108698.65100000054,464505.46799999848],[108697.48000000045,464506.22899999842],[108697.43499999866,464506.25699999928],[108697.37700000033,464506.28799999878],[108697.31799999997,464506.31500000134],[108697.25600000098,464506.33799999952],[108697.19399999827,464506.35700000077],[108697.12999999896,464506.37200000137],[108697.06599999964,464506.38199999928],[108697,464506.38899999857],[108696.93499999866,464506.3909999989],[108696.87000000104,464506.38899999857],[108696.8040000014,464506.38199999928],[108696.73999999836,464506.37200000137],[108696.67599999905,464506.35700000077],[108696.61400000006,464506.33799999952],[108696.55200000107,464506.31500000134],[108696.54500000179,464506.31199999899],[108696.38899999857,464506.24599999934],[108696.33700000122,464506.22199999914],[108696.27899999917,464506.19099999964],[108696.22300000116,464506.15599999949],[108696.17000000179,464506.11800000072],[108696.12000000104,464506.07699999958],[108696.07200000063,464506.03200000152],[108696.02699999884,464505.9840000011],[108695.98600000143,464505.93400000036],[108695.94799999893,464505.88199999928],[108693.87099999934,464502.78200000152],[108691.76000000164,464504.73200000077]]]},"properties":{"ORACLE_OBJECTID":239,"CODE":"PAW_OR-4.07.HW01","NAAM":"HW Westkanaalweg 111A-112 (Hoge pand)","STATUSOBJECT":"gerealiseerd","SOORTPEILGEBIED":"Hoogwatervoorziening","SOORTAFWATERING":"Gestuwd","PEILBEHERENDEINSTANTIE":"KADASTRAAL EIGENAAR","OPPERVLAKTE":317,"OMTREK":106,"OPMERKING":null,"HYPERLINK":null,"ONTHEFFING":null,"SOORTPEILBEHEER":"vast peil","VASTPEIL":-1.1000000000000001,"ZOMERPEIL":null,"WINTERPEIL":null,"FLEXZOMERPEILONDERGRENS":null,"FLEXZOMERPEILBOVENGRENS":null,"FLEXWINTERPEILONDERGRENS":null,"FLEXWINTERPEILBOVENGRENS":null,"ZOMERPEILTEKST":"-1.10","WINTERPEILTEKST":"-1.10","INWINNENDEINSTANTIE":"Hoogheemraadschap van Rijnland","METENDEINSTANTIE":null,"INWINNINGSMETHODE":null,"DIMENSIE":"2D","NAUWKEURIGHEIDXY":null,"NAUWKEURIGHEIDZ":null,"DATUMINWINNING":1363132800000,"GEOKPOBJECTID":1,"LAST_EDITED_DATE":1726934540000,"STATUSPEILGEBIED":"Vigerend definitief","SHAPE_AREA":0,"SHAPE_LEN":0,"BEVAT":null,"VOERTAFOP":null,"LONGITUDE":4.7103328400000004,"LATITUDE":52.166674980000003,"XCOORDINAAT":108691.31,"YCOORDINAAT":464495.71999999997,"VASTBEHEERMARGEBOVEN":null,"VASTBEHEERMARGEONDER":null,"ZPBEHEERMARGEBOVEN":null,"ZPBEHEERMARGEONDER":null,"WPBEHEERMARGEONDER":null,"WPBEHEERMARGEBOVEN":null,"FLEXZPONDERBEHEERMARGEBOVEN":null,"FLEXZPONDERBEHEERMARGEONDER":null,"FLEXZPBOVENBEHEERMARGEBOVEN":null,"FLEXZPBOVENBEHEERMARGEONDER":null,"FLEXWPONDERBEHEERMARGEBOVEN":null,"FLEXWPONDERBEHEERMARGEONDER":null,"FLEXWPBOVENBEHEERMARGEBOVEN":null,"FLEXWPBOVENBEHEERMARGEONDER":null,"OBJECTID2":38}},{"type":"Feature","id":39,"geometry":{"type":"Polygon","coordinates":[[[112690.96799999848,463707.6409999989],[112714.81700000167,463715.15599999949],[112737.46400000155,463724.23000000045],[112810.75899999961,463752.57499999925],[112885.12299999967,463781.28200000152],[112955.57899999991,463808.56300000101],[112998.08680000156,463824.70490000024],[112998.93499999866,463825.02699999884],[113018.61600000039,463832.5009999983],[113086.86400000006,463858.84499999881],[113154.65599999949,463885.14699999988],[113211.82899999991,463907.89699999988],[113195.8049999997,463953.12099999934],[113198.63300000131,463954.12299999967],[113204.32899999991,463956.1409999989],[113201.17500000075,463965.15199999884],[113189.26900000125,463999.17399999872],[113184.48600000143,463997.22199999914],[113173.30299999937,463992.65900000185],[113167.90300000086,463990.84899999946],[113141.04899999872,463979.93699999899],[113100.23999999836,463964.23200000077],[113074.62999999896,463954.76199999824],[113036.89799999818,463939.73999999836],[113031.31399999931,463937.87900000066],[113001.08199999854,463926.19299999997],[112966.40720000118,463912.78959999979],[112934.81799999997,463900.57899999991],[112844.49500000104,463866.02299999818],[112762.29899999872,463833.68100000173],[112722.2890000008,463818.31500000134],[112696.60000000149,463808.74199999869],[112694.85000000149,463808.06700000167],[112693.15799999982,463807.41499999911],[112680.16699999943,463802.21499999985],[112662.30200000107,463795.64900000021],[112660.61300000176,463795.46000000089],[112659.92100000009,463795.2650000006],[112658.77600000054,463794.20899999887],[112652.1099999994,463790.87999999896],[112649.10599999875,463789.17300000042],[112648.19099999964,463788.3759999983],[112647.45600000024,463787.51399999857],[112652.47800000012,463774.55299999937],[112659.59800000116,463756.17700000107],[112678.85799999908,463706.46900000051],[112679.96700000018,463703.60700000077],[112690.96799999848,463707.6409999989]]]},"properties":{"ORACLE_OBJECTID":240,"CODE":"PAW_OR-4.09.OB41","NAAM":"OB L.J. Splinter","STATUSOBJECT":"gerealiseerd","SOORTPEILGEBIED":"Onderbemaling","SOORTAFWATERING":"Bemalen","PEILBEHERENDEINSTANTIE":"KADASTRAAL EIGENAAR","OPPERVLAKTE":53761,"OMTREK":1345,"OPMERKING":null,"HYPERLINK":null,"ONTHEFFING":"V59388 ","SOORTPEILBEHEER":"dynamisch peil","VASTPEIL":-6.5300000000000002,"ZOMERPEIL":null,"WINTERPEIL":null,"FLEXZOMERPEILONDERGRENS":-6.5300000000000002,"FLEXZOMERPEILBOVENGRENS":-5.9800000000000004,"FLEXWINTERPEILONDERGRENS":-6.5300000000000002,"FLEXWINTERPEILBOVENGRENS":-5.9800000000000004,"ZOMERPEILTEKST":"bov:-5.98 / ond:-6.53","WINTERPEILTEKST":"bov:-5.98 / ond:-6.53","INWINNENDEINSTANTIE":"Hoogheemraadschap van Rijnland","METENDEINSTANTIE":null,"INWINNINGSMETHODE":null,"DIMENSIE":"2D","NAUWKEURIGHEIDXY":null,"NAUWKEURIGHEIDZ":null,"DATUMINWINNING":1404691200000,"GEOKPOBJECTID":62,"LAST_EDITED_DATE":1753177128000,"STATUSPEILGEBIED":"Vigerend definitief","SHAPE_AREA":0,"SHAPE_LEN":0,"BEVAT":null,"VOERTAFOP":null,"LONGITUDE":4.7723586300000003,"LATITUDE":52.16122317,"XCOORDINAAT":112929.64,"YCOORDINAAT":463851.39000000001,"VASTBEHEERMARGEBOVEN":null,"VASTBEHEERMARGEONDER":null,"ZPBEHEERMARGEBOVEN":null,"ZPBEHEERMARGEONDER":null,"WPBEHEERMARGEONDER":null,"WPBEHEERMARGEBOVEN":null,"FLEXZPONDERBEHEERMARGEBOVEN":null,"FLEXZPONDERBEHEERMARGEONDER":null,"FLEXZPBOVENBEHEERMARGEBOVEN":null,"FLEXZPBOVENBEHEERMARGEONDER":null,"FLEXWPONDERBEHEERMARGEBOVEN":null,"FLEXWPONDERBEHEERMARGEONDER":null,"FLEXWPBOVENBEHEERMARGEBOVEN":null,"FLEXWPBOVENBEHEERMARGEONDER":null,"OBJECTID2":39}},{"type":"Feature","id":40,"geometry":{"type":"Polygon","coordinates":[[[107533.4609999992,457337.9459999986],[107501.21700000018,457345.3359999992],[107491.56899999827,457300.67199999839],[107486.02800000086,457274.00600000098],[107459.08799999952,457279.60399999842],[107440.96999999881,457283.36899999902],[107393.51199999824,457054.98000000045],[107371.47700000182,456942.60099999979],[107349.44200000167,456835.73099999875],[107332.91600000113,456753.09899999946],[107316.48800000176,456660.00600000098],[107327.34400000051,456657.87200000137],[107332.29899999872,456657.14299999923],[107345.92799999937,456654.24100000039],[107346.35700000077,456656.4299999997],[107363.38500000164,456653.09200000018],[107378.15900000185,456650.1959999986],[107377.71200000122,456648.14499999955],[107392.4849999994,456644.92199999839],[107416.08999999985,456639.77199999988],[107416.38399999961,456641.21000000089],[107438.4450000003,456636.69799999893],[107462.66499999911,456631.74500000104],[107495.2890000008,456808.9459999986],[107518.66299999878,456932.98800000176],[107550.33399999887,457094.25200000033],[107553.66299999878,457111.20499999821],[107564.02100000158,457163.94700000063],[107598.27199999988,457330.10799999908],[107555.86100000143,457340.40199999884],[107554.11600000039,457333.21200000122],[107533.4609999992,457337.9459999986]]]},"properties":{"ORACLE_OBJECTID":241,"CODE":"PAW_WW-26.OB06","NAAM":"Polder Steekt","STATUSOBJECT":"gerealiseerd","SOORTPEILGEBIED":"Onderbemaling","SOORTAFWATERING":"Bemalen","PEILBEHERENDEINSTANTIE":"KADASTRAAL EIGENAAR","OPPERVLAKTE":100543,"OMTREK":1726,"OPMERKING":null,"HYPERLINK":null,"ONTHEFFING":null,"SOORTPEILBEHEER":"seizoensgebonden peil (vast)","VASTPEIL":null,"ZOMERPEIL":-2.5699999999999998,"WINTERPEIL":-2.6200000000000001,"FLEXZOMERPEILONDERGRENS":null,"FLEXZOMERPEILBOVENGRENS":null,"FLEXWINTERPEILONDERGRENS":null,"FLEXWINTERPEILBOVENGRENS":null,"ZOMERPEILTEKST":"-2.57","WINTERPEILTEKST":"-2.62","INWINNENDEINSTANTIE":"Hoogheemraadschap van Rijnland","METENDEINSTANTIE":null,"INWINNINGSMETHODE":null,"DIMENSIE":"2D","NAUWKEURIGHEIDXY":null,"NAUWKEURIGHEIDZ":null,"DATUMINWINNING":1389052800000,"GEOKPOBJECTID":75,"LAST_EDITED_DATE":1726934535000,"STATUSPEILGEBIED":"Vigerend definitief","SHAPE_AREA":0,"SHAPE_LEN":0,"BEVAT":null,"VOERTAFOP":null,"LONGITUDE":4.6933472800000002,"LATITUDE":52.099099989999999,"XCOORDINAAT":107457.38,"YCOORDINAAT":456988.53999999998,"VASTBEHEERMARGEBOVEN":null,"VASTBEHEERMARGEONDER":null,"ZPBEHEERMARGEBOVEN":null,"ZPBEHEERMARGEONDER":null,"WPBEHEERMARGEONDER":null,"WPBEHEERMARGEBOVEN":null,"FLEXZPONDERBEHEERMARGEBOVEN":null,"FLEXZPONDERBEHEERMARGEONDER":null,"FLEXZPBOVENBEHEERMARGEBOVEN":null,"FLEXZPBOVENBEHEERMARGEONDER":null,"FLEXWPONDERBEHEERMARGEBOVEN":null,"FLEXWPONDERBEHEERMARGEONDER":null,"FLEXWPBOVENBEHEERMARGEBOVEN":null,"FLEXWPBOVENBEHEERMARGEONDER":null,"OBJECTID2":40}},{"type":"Feature","id":42,"geometry":{"type":"Polygon","coordinates":[[[112094.93620000035,465223.18969999999],[112090.32409999892,465235.10680000111],[112088.6763000004,465239.36459999904],[112083.52659999952,465252.67110000178],[112079.01199999824,465265.34699999914],[112067.93200000003,465294.3200000003],[112066.27800000086,465297.87099999934],[112066.04199999943,465297.93600000069],[112065.33399999887,465297.96900000051],[112063.91899999976,465297.67199999839],[112027.73800000176,465283.4849999994],[112012.33900000155,465277.51700000092],[112001.10500000045,465273.06399999931],[111986.06100000069,465267.10099999979],[111925.46700000018,465243.80600000173],[111873.31410000101,465224.2276000008],[111823.39799999818,465205.48900000006],[111727.47199999914,465168.47199999914],[111670.16200000048,465146.04500000179],[111661.92300000042,465142.19799999893],[111659.18400000036,465140.62200000137],[111658.64900000021,465140.13100000098],[111658.64600000158,465140.1240000017],[111658.68100000173,465139.42500000075],[111660.59899999946,465133.48999999836],[111667.94299999997,465114.11600000039],[111670.90500000119,465107.76900000125],[111672.50299999863,465104.13100000098],[111673.50800000131,465098.29899999872],[111680.57899999991,465078.88199999928],[111683.54600000009,465073.27699999884],[111686.40700000152,465066.50299999863],[111688.55700000003,465057.55600000173],[111698.0700000003,465033.98000000045],[111701.12799999863,465027.38500000164],[111702.74500000104,465020.53200000152],[111705.77299999818,465011.24700000137],[111708.53200000152,465004.13199999928],[111709.77699999884,465001.15900000185],[111711.19000000134,464997.78400000185],[111712.29199999943,464995.61699999869],[111712.82499999925,464994.87700000033],[111714.47800000012,464994.39200000092],[111715.32899999991,464994.72500000149],[111718.02600000054,464987.8359999992],[111716.4840000011,464985.86199999973],[111716.36899999902,464985.67700000107],[111716.39400000125,464984.88100000098],[111716.96200000122,464982.42300000042],[111721.49599999934,464969.11800000072],[111723.11199999973,464965.34099999815],[111729.14699999988,464950.55200000107],[111732.83100000024,464939.20699999854],[111735.51099999994,464932.36699999869],[111743.90199999884,464910.94799999893],[111750.29899999872,464894.24199999869],[111760.82899999991,464865.84499999881],[111773.12999999896,464833.15100000054],[111786.17500000075,464799.50299999863],[111792.57499999925,464802.04199999943],[111793.61300000176,464802.45399999991],[111794.70600000024,464799.69999999925],[111796.37900000066,464795.40199999884],[111797.28000000119,464795.75200000033],[111799.35599999875,464796.55999999866],[111851.10099999979,464816.69399999827],[111899.23099999875,464835.5549999997],[111961.84499999881,464859.55299999937],[112001.08199999854,464874.72500000149],[112006.87649999931,464876.9653000012],[112020.64600000158,464882.2890000008],[112094.27400000021,464910.52199999988],[112167.17700000107,464938.69399999827],[112190.97720000148,464948.58850000054],[112191.72399999946,464948.89900000021],[112193.90610000119,464949.80620000139],[112195.45289999992,464953.55440000072],[112182.47199999914,464987.9840000011],[112178.30200000107,464998.93200000003],[112166.00499999896,465031.21900000051],[112158.07140000165,465051.82090000063],[112146.76550000161,465081.64539999887],[112123.42309999838,465143.22140000015],[112121.15349999815,465149.20839999989],[112105.17760000005,465191.35190000013],[112100.49859999865,465203.69480000064],[112098.21400000155,465214.71999999881],[112094.93620000035,465223.18969999999]]]},"properties":{"ORACLE_OBJECTID":244,"CODE":"PAW_OR-4.09.OB18","NAAM":"OB J.C. de Jong","STATUSOBJECT":"gerealiseerd","SOORTPEILGEBIED":"Onderbemaling","SOORTAFWATERING":"Bemalen","PEILBEHERENDEINSTANTIE":"KADASTRAAL EIGENAAR","OPPERVLAKTE":162687,"OMTREK":1618,"OPMERKING":null,"HYPERLINK":null,"ONTHEFFING":"V59414","SOORTPEILBEHEER":"dynamisch peil","VASTPEIL":-6.2999999999999998,"ZOMERPEIL":null,"WINTERPEIL":null,"FLEXZOMERPEILONDERGRENS":-6.2999999999999998,"FLEXZOMERPEILBOVENGRENS":-5.9800000000000004,"FLEXWINTERPEILONDERGRENS":-6.2999999999999998,"FLEXWINTERPEILBOVENGRENS":-5.9800000000000004,"ZOMERPEILTEKST":"bov:-5.98 / ond:-6.30","WINTERPEILTEKST":"bov:-5.98 / ond:-6.30","INWINNENDEINSTANTIE":"Hoogheemraadschap van Rijnland","METENDEINSTANTIE":null,"INWINNINGSMETHODE":null,"DIMENSIE":"2D","NAUWKEURIGHEIDXY":null,"NAUWKEURIGHEIDZ":null,"DATUMINWINNING":1408579200000,"GEOKPOBJECTID":125,"LAST_EDITED_DATE":1744784393000,"STATUSPEILGEBIED":"Vigerend definitief","SHAPE_AREA":0,"SHAPE_LEN":0,"BEVAT":null,"VOERTAFOP":null,"LONGITUDE":4.7575553199999998,"LATITUDE":52.171888590000002,"XCOORDINAAT":111927.05,"YCOORDINAAT":465046.69,"VASTBEHEERMARGEBOVEN":null,"VASTBEHEERMARGEONDER":null,"ZPBEHEERMARGEBOVEN":null,"ZPBEHEERMARGEONDER":null,"WPBEHEERMARGEONDER":null,"WPBEHEERMARGEBOVEN":null,"FLEXZPONDERBEHEERMARGEBOVEN":null,"FLEXZPONDERBEHEERMARGEONDER":null,"FLEXZPBOVENBEHEERMARGEBOVEN":null,"FLEXZPBOVENBEHEERMARGEONDER":null,"FLEXWPONDERBEHEERMARGEBOVEN":null,"FLEXWPONDERBEHEERMARGEONDER":null,"FLEXWPBOVENBEHEERMARGEBOVEN":null,"FLEXWPBOVENBEHEERMARGEONDER":null,"OBJECTID2":42}},{"type":"Feature","id":43,"geometry":{"type":"Polygon","coordinates":[[[98392.219000000507,454515.02600000054],[98392.133999999613,454515.06399999931],[98386.096000000834,454517.78700000048],[98385.563000001013,454517.80469999835],[98384.21799999848,454517.84899999946],[98359.550999999046,454517.08500000089],[98333.02499999851,454516.07999999821],[98324.289999999106,454515.7490000017],[98317.796999998391,454515.50299999863],[98310.951999999583,454515.25],[98278.335000000894,454514.19209999964],[98270.896999999881,454513.95100000128],[98266.831000000238,454513.92520000041],[98265.521999999881,454513.91699999943],[98253.254000000656,454513.48889999837],[98231.877999998629,454512.74300000072],[98231.861000001431,454513.3200000003],[98231.780000001192,454516.04199999943],[98227.627999998629,454515.97700000182],[98227.01099999994,454515.96700000018],[98217.870000001043,454515.82200000063],[98214.68200000003,454515.77199999988],[98214.27499999851,454515.7659999989],[98214.278999999166,454514.34899999946],[98214.278999999166,454507.91000000015],[98213.881999999285,454478.2509999983],[98213.960999999195,454441.65900000185],[98214.359999999404,454376.69000000134],[98214.60000000149,454361.1799999997],[98214.73900000006,454340.66200000048],[98214.75,454339.0700000003],[98214.78200000152,454335.81899999827],[98215.019999999553,454311.8599999994],[98215.170000001788,454300.87999999896],[98215.170000001788,454295.23999999836],[98215.401000000536,454278.97599999979],[98254.866000000387,454278.02199999988],[98321.934000000358,454278.48000000045],[98321.732000000775,454290.53500000015],[98345.903000000864,454317.17000000179],[98395.046000000089,454371.65399999917],[98394.410000000149,454400.45899999887],[98393.510000001639,454446.15100000054],[98392.699999999255,454488.54100000113],[98392.219000000507,454515.02600000054]]]},"properties":{"ORACLE_OBJECTID":245,"CODE":"PAW_WW-25.HW92","NAAM":"HW Nieuwe Hoefweg","STATUSOBJECT":"gerealiseerd","SOORTPEILGEBIED":"Hoogwatervoorziening","SOORTAFWATERING":"Gestuwd","PEILBEHERENDEINSTANTIE":"VERGUNNINGHOUDER","OPPERVLAKTE":38745,"OMTREK":790,"OPMERKING":null,"HYPERLINK":null,"ONTHEFFING":"V62411","SOORTPEILBEHEER":"vast peil","VASTPEIL":-5.75,"ZOMERPEIL":null,"WINTERPEIL":null,"FLEXZOMERPEILONDERGRENS":null,"FLEXZOMERPEILBOVENGRENS":null,"FLEXWINTERPEILONDERGRENS":null,"FLEXWINTERPEILBOVENGRENS":null,"ZOMERPEILTEKST":"-5.75","WINTERPEILTEKST":"-5.75","INWINNENDEINSTANTIE":"Hoogheemraadschap van Rijnland","METENDEINSTANTIE":null,"INWINNINGSMETHODE":null,"DIMENSIE":"2D","NAUWKEURIGHEIDXY":null,"NAUWKEURIGHEIDZ":null,"DATUMINWINNING":1467331200000,"GEOKPOBJECTID":96,"LAST_EDITED_DATE":1726934519000,"STATUSPEILGEBIED":"Vigerend definitief","SHAPE_AREA":0,"SHAPE_LEN":0,"BEVAT":null,"VOERTAFOP":null,"LONGITUDE":4.5602088299999997,"LATITUDE":52.074955619999997,"XCOORDINAAT":98304.460000000006,"YCOORDINAAT":454397.94,"VASTBEHEERMARGEBOVEN":null,"VASTBEHEERMARGEONDER":null,"ZPBEHEERMARGEBOVEN":null,"ZPBEHEERMARGEONDER":null,"WPBEHEERMARGEONDER":null,"WPBEHEERMARGEBOVEN":null,"FLEXZPONDERBEHEERMARGEBOVEN":null,"FLEXZPONDERBEHEERMARGEONDER":null,"FLEXZPBOVENBEHEERMARGEBOVEN":null,"FLEXZPBOVENBEHEERMARGEONDER":null,"FLEXWPONDERBEHEERMARGEBOVEN":null,"FLEXWPONDERBEHEERMARGEONDER":null,"FLEXWPBOVENBEHEERMARGEBOVEN":null,"FLEXWPBOVENBEHEERMARGEONDER":null,"OBJECTID2":43}},{"type":"Feature","id":46,"geometry":{"type":"Polygon","coordinates":[[[107880.28799999878,458046.90700000152],[107897.10099999979,458115.06599999964],[107898.08399999887,458118.46799999848],[107906.25200000033,458149.9459999986],[107918.70899999887,458200.65300000086],[107921.04899999872,458212.32299999893],[107927.01399999857,458237.83100000024],[107932.79600000009,458259.08999999985],[107937.48999999836,458277.51199999824],[107942.08500000089,458295.86100000143],[107950.33999999985,458330.91099999845],[107964.59600000083,458387.55000000075],[107965.55600000173,458391.51199999824],[107966.03000000119,458393.66499999911],[107966.875,458397.50299999863],[107813.36600000039,458434.98800000176],[107807.47199999914,458436.42700000107],[107799.64600000158,458437.55799999833],[107792.30299999937,458386.75299999863],[107777.47300000116,458273.13800000027],[107776.09499999881,458264.87000000104],[107788.60399999842,458262.78500000015],[107787.1799999997,458252.99399999902],[107793.14699999988,458245.62299999967],[107793.57789999992,458245.09090000018],[107795.31899999827,458242.94000000134],[107797.79800000042,458239.68400000036],[107801.00499999896,458235.51399999857],[107803.04600000009,458232.33700000122],[107804.72399999946,458228.89999999851],[107806.06199999899,458225.08900000155],[107806.39699999988,458220.8900000006],[107806.30799999833,458216.9140000008],[107805.82299999893,458213.03200000152],[107804.10000000149,458203.70100000128],[107803.20300000161,458200.15500000119],[107801.64999999851,458196.78400000185],[107801.50400000066,458196.53599999845],[107799.12799999863,458193.01000000164],[107796.44900000095,458189.76099999994],[107796.33399999887,458189.62999999896],[107793.20800000057,458186.49300000072],[107793.16200000048,458186.44099999964],[107793.12099999934,458186.24300000072],[107791.95199999958,458181.42300000042],[107775.54500000179,458155.76799999923],[107773.80799999833,458148.89299999923],[107754.22500000149,458071.69200000167],[107754.04300000146,458071.15799999982],[107785.07200000063,458059.00800000131],[107824.93400000036,458043.78099999949],[107874.91899999976,458024.54300000146],[107880.28799999878,458046.90700000152]]]},"properties":{"ORACLE_OBJECTID":232,"CODE":"PAW_WW-26.OB04","NAAM":"OB J. Bulk II","STATUSOBJECT":"gerealiseerd","SOORTPEILGEBIED":"Onderbemaling","SOORTAFWATERING":"Bemalen","PEILBEHERENDEINSTANTIE":"KADASTRAAL EIGENAAR","OPPERVLAKTE":53477,"OMTREK":1082,"OPMERKING":null,"HYPERLINK":null,"ONTHEFFING":null,"SOORTPEILBEHEER":"vast peil","VASTPEIL":-2.7999999999999998,"ZOMERPEIL":null,"WINTERPEIL":null,"FLEXZOMERPEILONDERGRENS":null,"FLEXZOMERPEILBOVENGRENS":null,"FLEXWINTERPEILONDERGRENS":null,"FLEXWINTERPEILBOVENGRENS":null,"ZOMERPEILTEKST":"-2.80","WINTERPEILTEKST":"-2.80","INWINNENDEINSTANTIE":"Hoogheemraadschap van Rijnland","METENDEINSTANTIE":null,"INWINNINGSMETHODE":null,"DIMENSIE":"2D","NAUWKEURIGHEIDXY":null,"NAUWKEURIGHEIDZ":null,"DATUMINWINNING":1389225600000,"GEOKPOBJECTID":116,"LAST_EDITED_DATE":1726934523000,"STATUSPEILGEBIED":"Vigerend definitief","SHAPE_AREA":0,"SHAPE_LEN":0,"BEVAT":null,"VOERTAFOP":null,"LONGITUDE":4.6990576900000001,"LATITUDE":52.110301499999998,"XCOORDINAAT":107860.46000000001,"YCOORDINAAT":458231.04999999999,"VASTBEHEERMARGEBOVEN":null,"VASTBEHEERMARGEONDER":null,"ZPBEHEERMARGEBOVEN":null,"ZPBEHEERMARGEONDER":null,"WPBEHEERMARGEONDER":null,"WPBEHEERMARGEBOVEN":null,"FLEXZPONDERBEHEERMARGEBOVEN":null,"FLEXZPONDERBEHEERMARGEONDER":null,"FLEXZPBOVENBEHEERMARGEBOVEN":null,"FLEXZPBOVENBEHEERMARGEONDER":null,"FLEXWPONDERBEHEERMARGEBOVEN":null,"FLEXWPONDERBEHEERMARGEONDER":null,"FLEXWPBOVENBEHEERMARGEBOVEN":null,"FLEXWPBOVENBEHEERMARGEONDER":null,"OBJECTID2":46}},{"type":"Feature","id":49,"geometry":{"type":"Polygon","coordinates":[[[112012.61600000039,459247.71829999983],[112012.07119999826,459247.81969999894],[112011.54080000147,459247.98070000112],[112011.03159999847,459248.19949999824],[112010.51350000128,459248.49390000105],[112009.73669999838,459248.99430000037],[112009.13450000063,459249.32189999893],[112008.4785999991,459249.56030000001],[112005.73840000108,459250.3275000006],[112004.38320000097,459250.74130000174],[112002.94139999896,459251.25919999927],[112001.13010000065,459251.96200000122],[111999.7164000012,459252.55200000107],[111998.308699999,459253.22459999844],[111992.65230000019,459255.83040000126],[111983.53449999914,459259.20569999889],[111981.11969999969,459260.09950000048],[111978.10539999977,459260.87909999862],[111975.98640000075,459259.96159999818],[111975.0560999997,459258.44269999862],[111973.69240000099,459256.79320000112],[111971.57110000029,459250.79670000076],[111967.35110000148,459241.6240000017],[111967.10759999976,459241.10269999877],[111966.21700000018,459239.31659999862],[111960.68070000038,459228.74010000005],[111959.96269999817,459227.31320000067],[111959.12429999933,459225.4840000011],[111957.01889999956,459220.63329999894],[111956.872299999,459220.25329999998],[111956.69060000032,459219.54610000178],[111956.62070000172,459218.85049999878],[111956.55959999934,459216.36140000075],[111956.55380000174,459216.21829999983],[111956.48840000108,459215.63809999824],[111956.36580000073,459215.09769999981],[111956.18400000036,459214.57409999892],[111955.92749999836,459214.03620000184],[111953.816300001,459210.17650000006],[111953.52019999921,459209.61340000108],[111950.27879999951,459203.19209999964],[111950.11560000107,459202.86740000173],[111948.88089999929,459200.30930000171],[111947.71579999849,459197.70859999955],[111946.62939999998,459195.08549999818],[111941.49390000105,459182.16899999976],[111940.60599999875,459180.00939999893],[111939.46719999984,459177.42990000173],[111929.62489999831,459155.95690000057],[111928.51689999923,459153.61939999834],[111922.02470000088,459140.36459999904],[111921.55070000142,459139.38340000063],[111920.36899999902,459136.80920000002],[111912.95439999923,459120.02980000153],[111912.24540000036,459118.38540000096],[111907.99139999971,459108.26880000159],[111907.90349999815,459108.05909999833],[111903.96090000123,459098.622299999],[111903.82679999992,459098.30460000038],[111903.00769999996,459096.48279999942],[111898.28400000185,459086.5075000003],[111897.92689999938,459085.73660000041],[111897.13030000031,459083.87840000167],[111896.76839999855,459082.92980000004],[111896.41200000048,459081.99540000036],[111895.68760000169,459079.97370000184],[111895.68050000072,459079.95380000025],[111894.9728000015,459078.09910000116],[111894.58559999987,459077.19310000166],[111894.19839999825,459076.28720000014],[111893.34679999948,459074.49379999936],[111892.32279999927,459072.44260000065],[111891.9103000015,459071.63489999995],[111891.90720000118,459071.62929999828],[111890.95309999958,459069.88650000095],[111888.69099999964,459065.9411999993],[111888.02580000088,459064.74320000038],[111887.10339999944,459062.93969999999],[111886.25930000097,459061.10960000008],[111880.65709999949,459048.28559999913],[111880.30319999903,459047.4550999999],[111879.57079999894,459045.58659999818],[111878.18519999832,459041.82829999924],[111877.96070000157,459041.20690000057],[111877.32559999824,459039.28909999877],[111876.7659999989,459037.33709999919],[111876.28610000014,459035.36400000006],[111875.88969999924,459033.38800000027],[111875.17379999906,459029.40100000054],[111875.0362999998,459028.66690000147],[111874.61589999869,459026.71719999984],[111872.5177000016,459017.83980000019],[111872.35289999843,459017.11870000139],[111871.9571999982,459015.13690000027],[111871.64319999889,459013.14620000124],[111871.51709999889,459012.22529999912],[111871.3403000012,459010.77760000154],[111871.16519999877,459008.75879999995],[111871.07200000063,459006.73039999977],[111871.06129999831,459004.71499999985],[111871.08889999986,459002.8740000017],[111871.09629999846,459002.25109999999],[111871.16699999943,458994.23460000008],[111871.16809999943,458994.11430000141],[111871.23680000007,458991.27560000122],[111871.38679999858,458988.42969999835],[111871.61789999902,458985.58929999918],[111871.92859999835,458982.76720000058],[111872.30810000002,458979.7210999988],[111872.44920000061,458978.5298999995],[111872.72410000116,458975.73000000045],[111872.92060000077,458972.91890000179],[111873.10069999844,458969.69269999862],[111873.32110000029,458964.80150000006],[111873.566300001,458960.44579999894],[111872.52160000056,458957.10269999877],[111869.23079999909,458955.99350000173],[111867.1895999983,458956.60830000043],[111864.6922999993,458957.36050000042],[111861.88179999962,458958.20699999854],[111860.51819999889,458958.74940000102],[111860.40049999952,458958.81140000001],[111859.53400000185,458959.19570000097],[111858.61329999939,458959.50129999965],[111857.66739999875,458959.71620000154],[111856.74130000174,458959.8339000009],[111851.0401000008,458960.2789000012],[111850.08709999919,458960.34400000051],[111839.25079999864,458960.9785999991],[111838.64519999921,458961.0177000016],[111833.55530000106,458961.37689999864],[111831.96810000017,458961.51419999823],[111830.00930000097,458961.75409999862],[111828.04969999939,458962.07290000096],[111821.03649999946,458963.35610000044],[111819.7564000003,458963.57310000062],[111817.74949999899,458963.84490000084],[111815.72789999843,458964.03539999947],[111813.71539999917,458964.14299999923],[111812.70120000094,458964.17650000006],[111811.82479999959,458964.16569999978],[111810.86250000075,458964.06300000101],[111809.94680000097,458963.87420000136],[111809.83540000021,458963.84540000185],[111808.81760000065,458963.53400000185],[111807.80139999837,458963.12900000066],[111806.82209999859,458962.6416000016],[111805.8861999996,458962.07519999892],[111805.00019999966,458961.433699999],[111804.1699000001,458960.72140000015],[111803.4012000002,458959.94319999963],[111802.69920000061,458959.10429999977],[111802.06859999895,458958.21040000021],[111801.53709999844,458957.30719999969],[111801.31159999967,458956.90480000153],[111799.66490000114,458954.0987999998],[111799.60810000077,458954.00109999999],[111799.18059999868,458953.16770000011],[111798.82360000163,458952.26570000127],[111798.56569999829,458951.36850000173],[111797.96539999917,458948.82019999996],[111797.95230000094,458948.76579999924],[111797.70439999923,458947.9076000005],[111795.26729999855,458940.62379999831],[111795.1576000005,458940.27569999918],[111794.94220000133,458939.39110000059],[111793.49329999834,458931.87139999866],[111793.08419999853,458929.95030000061],[111792.59479999915,458928.0260999985],[111789.85599999875,458918.08229999989],[111789.64959999919,458917.30860000104],[111789.1838000007,458915.34160000086],[111788.79949999973,458913.36320000142],[111788.07330000028,458909.17280000076],[111785.61059999838,458893.9096999988],[111785.48550000042,458893.16950000077],[111783.67440000176,458882.91230000183],[111783.29699999839,458880.99320000038],[111782.8414000012,458879.07580000162],[111782.31060000136,458877.17810000107],[111781.70089999959,458875.28869999945],[111779.53590000048,458869.00560000166],[111779.18470000103,458867.94790000096],[111774.73649999872,458854.0234999992],[111774.52180000022,458853.32229999825],[111774.12359999865,458851.81529999897],[111772.83740000054,458846.36699999869],[111772.72599999979,458845.8770999983],[111772.43389999866,458844.34899999946],[111771.22040000185,458836.94009999931],[111770.39400000125,458831.89490000159],[111769.55629999936,458826.96559999883],[111769.19330000132,458824.3040000014],[111769.34479999915,458821.99610000104],[111769.63129999861,458817.00519999862],[111769.74480000138,458814.72019999847],[111769.87929999828,458812.01190000027],[111769.92009999976,458809.51319999993],[111769.99590000138,458807.0175999999],[111770.15249999985,458805.15320000052],[111770.31049999967,458803.27309999987],[111770.66519999877,458801.21169999987],[111770.73000000045,458800.83559999987],[111771.31749999896,458798.42770000175],[111772.88390000165,458795.00769999996],[111774.11659999937,458792.63729999959],[111775.4188000001,458790.6911999993],[111777.81219999865,458787.45439999923],[111778.86039999872,458786.24560000002],[111780.07169999927,458784.84870000184],[111782.57459999993,458782.73149999976],[111784.97679999843,458781.55970000103],[111785.23730000108,458781.43259999901],[111788.29740000144,458781.20039999858],[111795.08779999986,458782.84070000052],[111795.64889999852,458782.97619999945],[111797.99549999833,458783.54300000146],[111801.60449999943,458784.25809999928],[111806.40439999849,458784.72370000184],[111831.6174999997,458789.83240000159],[111833.07449999824,458790.09380000085],[111857.28959999979,458794.07299999893],[111858.20769999921,458794.23259999976],[111860.18899999931,458794.63800000027],[111862.14539999887,458795.12170000002],[111877.90560000017,458799.3601000011],[111881.23250000179,458800.2547999993],[111882.12390000001,458800.48570000008],[111882.69539999962,458800.61620000005],[111884.05260000005,458800.9263000004],[111886.00400000066,458801.29179999977],[111897.48319999874,458803.20850000158],[111898.79160000011,458803.4450000003],[111900.75659999996,458803.86879999936],[111913.43950000033,458806.87530000135],[111914.68739999831,458807.18840000033],[111929.72960000113,458811.17190000042],[111931.04540000111,458811.53970000148],[111932.97659999877,458812.1510999985],[111934.87170000002,458812.83689999953],[111937.09219999984,458813.69189999998],[111937.71209999919,458813.92590000108],[111939.58269999921,458814.57600000128],[111941.48220000044,458815.15329999849],[111943.57899999991,458815.74579999968],[111943.73200000077,458815.7890000008],[111945.98479999974,458816.42550000176],[111946.88650000095,458816.68030000106],[111948.39059999958,458817.10520000011],[111949.73140000179,458817.48409999907],[111950.90929999948,458817.80150000006],[111952.84730000049,458818.25789999962],[111963.89510000125,458820.6314000003],[111966.03830000013,458821.09189999849],[111970.54960000142,458822.06100000069],[111971.27439999953,458822.22250000015],[111992.87280000001,458827.20450000092],[111993.01469999924,458827.23770000041],[111994.26209999993,458827.57730000094],[111995.50549999997,458828.00549999997],[111996.75059999898,458828.52809999883],[111999.60889999941,458830.12719999999],[112000.7509999983,458830.76610000059],[112002.28480000049,458831.41739999875],[112002.45419999957,458831.48939999938],[112003.10130000114,458831.76419999823],[112006.51370000094,458833.21319999918],[112008.69619999826,458835.03550000116],[112009.02650000155,458835.31129999831],[112010.04740000144,458835.83630000055],[112011.24500000104,458836.49810000136],[112012.33540000021,458837.14440000057],[112012.41919999942,458837.19399999827],[112013.20309999958,458837.68580000103],[112014.38340000063,458838.46849999949],[112014.86930000037,458838.8647999987],[112015.32400000095,458839.29780000076],[112015.74399999902,458839.76570000127],[112016.12620000169,458840.26509999856],[112016.46169999987,458840.7826000005],[112016.65579999983,458841.1270999983],[112016.92440000176,458841.68230000138],[112017.15329999849,458842.26799999923],[112017.33570000157,458842.86980000138],[112017.46930000186,458843.47800000012],[112017.48350000009,458843.57440000027],[112017.57730000094,458844.07889999822],[112017.69949999824,458844.55440000072],[112017.85339999944,458845.02050000057],[112018.04120000079,458845.48189999908],[112018.12790000066,458845.66389999911],[112018.31439999864,458845.99780000001],[112018.52050000057,458846.30519999936],[112018.75090000033,458846.59479999915],[112019.00409999862,458846.8647999987],[112019.27829999849,458847.11329999939],[112019.57189999893,458847.3387000002],[112019.88269999996,458847.53959999979],[112020.20879999921,458847.71460000053],[112020.54809999838,458847.86250000075],[112020.91910000145,458847.98950000107],[112021.01419999823,458848.0166000016],[112021.16259999946,458848.05900000036],[112021.82950000092,458848.22230000049],[112022.49280000106,458848.34800000116],[112023.16180000082,458848.43829999864],[112023.83630000055,458848.49320000038],[112024.45490000024,458848.51199999824],[112025.13149999827,458848.49799999967],[112026.05099999905,458848.43019999936],[112029.42570000142,458849.11740000173],[112029.76440000162,458849.23389999941],[112031.85810000077,458849.95439999923],[112033.76689999923,458850.61129999906],[112035.23440000042,458851.13569999859],[112036.70069999993,458851.7490000017],[112038.11450000107,458852.43039999902],[112053.93730000034,458860.58069999889],[112068.14609999955,458868.77549999952],[112068.85520000011,458869.21150000021],[112069.65599999949,458869.78090000153],[112069.78990000114,458869.87609999999],[112070.65439999849,458870.59690000117],[112071.03400000185,458870.93910000101],[112071.37200000137,458871.24370000139],[112071.41569999978,458871.28269999847],[112072.08410000056,458871.82699999958],[112072.77219999954,458872.29780000076],[112073.52439999953,458872.72509999946],[112079.5139000006,458875.80469999835],[112083.8759999983,458878.0474999994],[112084.86620000005,458878.53400000185],[112086.25539999828,458879.14310000092],[112086.33529999852,458879.17350000143],[112087.66869999841,458879.67969999835],[112088.65929999948,458879.99960000068],[112089.12530000135,458880.1501000002],[112092.66250000149,458881.1950000003],[112093.08779999986,458881.33139999956],[112093.96840000153,458881.6138000004],[112095.4534999989,458882.17269999906],[112096.8909999989,458882.80249999836],[112104.96350000054,458886.59699999914],[112106.52730000019,458887.29969999939],[112108.35500000045,458888.04170000181],[112110.20859999955,458888.71029999852],[112112.08720000088,458889.30550000072],[112113.98770000041,458889.82609999925],[112115.92170000076,458890.27479999885],[112124.0335999988,458891.98900000006],[112125.62939999998,458892.36059999838],[112125.99650000036,458892.44610000029],[112127.95389999822,458892.98649999872],[112129.88769999892,458893.60599999875],[112130.50090000033,458893.83029999956],[112131.79470000044,458894.30350000039],[112133.65780000016,458895.07209999859],[112136.85660000145,458896.46829999983],[112138.36930000037,458897.09939999878],[112140.2303000018,458897.79830000177],[112148.84499999881,458900.84129999951],[112148.87759999931,458900.85280000046],[112150.76249999925,458901.47509999946],[112152.67080000043,458902.02270000055],[112155.06340000033,458902.6585999988],[112160.01859999821,458903.97549999878],[112173.47269999981,458907.55099999905],[112174.79300000146,458907.91160000116],[112175.55710000172,458908.1259999983],[112177.66710000113,458908.71799999848],[112184.70569999889,458910.69289999828],[112195.80840000138,458913.80799999833],[112195.92489999905,458913.84059999883],[112197.50989999995,458914.28330000117],[112200.95690000057,458915.24590000138],[112205.56219999865,458916.53209999949],[112205.74819999933,458916.58410000056],[112217.28130000085,458919.8049999997],[112217.96759999916,458919.99670000002],[112229.49830000103,458923.41479999945],[112244.84980000183,458930.59259999916],[112309.13179999962,458949.05370000005],[112320.59310000017,458952.12810000032],[112324.88329999894,458953.2789000012],[112325.91389999911,458953.55530000106],[112341.49639999866,458957.51990000159],[112342.94539999962,458957.92850000039],[112354.05169999972,458961.37159999833],[112358.12350000069,458962.78150000051],[112360.00759999827,458963.39279999956],[112361.90450000018,458963.92660000175],[112363.83529999852,458964.38870000094],[112370.02070000023,458965.74069999903],[112370.21920000017,458965.78449999914],[112372.17850000039,458966.26260000095],[112374.13010000065,458966.82360000163],[112376.0428000018,458967.45859999955],[112395.99929999933,458974.53730000183],[112397.10330000147,458974.91450000182],[112399.00699999928,458975.49890000001],[112426.62790000066,458983.38670000061],[112427.14499999955,458983.53139999881],[112469.22679999843,458995.06870000064],[112470.25950000063,458995.34019999951],[112487.39809999987,458999.65340000018],[112504.98000000045,459004.20980000123],[112505.64950000122,459004.38830000162],[112507.58700000122,459004.96150000021],[112509.49480000138,459005.61120000109],[112512.84530000016,459006.82880000025],[112513.02529999986,459006.89460000023],[112514.90370000154,459007.62849999964],[112516.74960000068,459008.4375],[112517.66420000046,459008.86070000008],[112517.88870000094,459008.96460000053],[112518.13269999996,459009.0775000006],[112519.44920000061,459009.64919999987],[112520.86459999904,459010.18340000138],[112522.30409999937,459010.64530000091],[112523.78319999948,459011.03889999911],[112538.1147999987,459014.46849999949],[112538.50219999999,459014.56280000135],[112540.44060000032,459015.08469999954],[112562.20980000123,459021.56080000103],[112562.31540000066,459021.60090000182],[112563.35500000045,459021.97349999845],[112564.39530000091,459022.30579999834],[112565.45389999822,459022.6035999991],[112566.76029999927,459022.93659999967],[112568.64889999852,459023.38329999894],[112569.65929999948,459023.60570000112],[112571.5588000007,459023.99269999936],[112573.51799999923,459024.35049999878],[112577.73580000177,459025.36389999837],[112578.45450000092,459025.44159999862],[112580.99839999899,459025.7435999997],[112583.31049999967,459026.05279999971],[112587.78649999946,459026.93589999899],[112589.81650000066,459027.72410000116],[112592.30519999936,459028.93510000035],[112590.95569999889,459031.90720000118],[112587.61789999902,459038.5251000002],[112587.13679999858,459039.86329999939],[112585.99370000139,459043.04349999875],[112585.88470000029,459043.33659999818],[112585.80810000002,459043.51979999989],[112585.38439999893,459044.53229999915],[112584.80930000171,459045.68719999865],[112583.16290000081,459048.73750000075],[112580.60709999874,459053.84270000085],[112580.45059999824,459054.16259999946],[112579.94260000065,459055.31430000067],[112578.79039999843,459058.1585999988],[112578.66429999843,459058.46240000054],[112577.00730000064,459062.36019999906],[112576.63800000027,459063.17570000142],[112574.98950000107,459066.60159999877],[112574.40900000185,459067.39209999889],[112572.19139999896,459070.41160000116],[112568.60949999839,459075.48310000077],[112568.5139000006,459075.61850000173],[112568.37519999966,459075.75149999931],[112564.08540000021,459079.86809999868],[112559.30139999837,459080.48090000078],[112558.94110000134,459080.4849999994],[112553.24460000172,459080.55050000176],[112550.59739999846,459079.8759999983],[112549.04149999842,459079.47949999943],[112547.01649999991,459078.89889999852],[112546.60819999874,459078.78189999983],[112545.43329999968,459078.40469999984],[112544.23360000178,459077.93250000104],[112542.73270000145,459077.28409999982],[112541.9803000018,459076.97679999843],[112540.80020000041,459076.56329999864],[112533.79250000045,459074.34519999847],[112533.68239999935,459074.31060000136],[112532.44819999859,459073.79289999977],[112527.34360000119,459072.3936999999],[112526.1688000001,459072.07169999927],[112523.33729999885,459071.40439999849],[112522.41580000147,459071.50349999964],[112521.38340000063,459072.54470000044],[112520.55719999969,459073.82319999859],[112519.20120000094,459075.92190000042],[112517.92969999835,459079.09050000086],[112517.45919999853,459080.26309999824],[112516.59420000017,459082.41869999841],[112514.6389000006,459086.99300000072],[112513.92880000174,459088.67390000075],[112511.37079999968,459094.72870000079],[112510.8348999992,459095.99720000103],[112510.36589999869,459097.0223999992],[112507.91010000184,459102.00019999966],[112506.81089999899,459104.22839999944],[112506.60049999878,459104.64299999923],[112505.9739000015,459105.75259999931],[112500.59840000048,459114.58089999855],[112500.32869999856,459115.03970000148],[112500.27169999853,459115.13659999892],[112495.17020000145,459124.1325000003],[112494.86679999903,459124.68690000102],[112494.18620000035,459125.97709999979],[112490.7014000006,459132.58329999819],[112490.64829999954,459132.68320000172],[112489.21579999849,459135.36059999838],[112488.81639999896,459136.10689999908],[112487.6464000009,459138.29369999841],[112487.35110000148,459138.80570000038],[112485.93820000067,459141.08350000158],[112484.54500000179,459143.71990000084],[112484.50129999965,459143.80270000175],[112479.53559999913,459151.01289999858],[112476.19260000065,459157.44280000031],[112475.04069999978,459161.64880000055],[112474.0390000008,459164.46920000017],[112469.32939999923,459177.72929999977],[112469.0800999999,459178.49590000138],[112468.95419999957,459178.84739999846],[112466.50030000135,459185.50230000168],[112466.14440000057,459186.46759999916],[112465.88919999823,459187.20190000162],[112464.45100000128,459191.60339999944],[112462.88589999825,459196.39359999821],[112462.82360000163,459196.6110999994],[112462.74069999903,459197.07899999991],[112462.72599999979,459197.20859999955],[112462.5364000015,459198.45309999958],[112462.25800000131,459199.70360000059],[112461.89559999853,459200.93230000138],[112461.45059999824,459202.13360000029],[112460.93840000033,459203.27299999818],[112460.8478000015,459203.46150000021],[112460.12440000102,459205.00070000067],[112459.91099999845,459205.48739999905],[112459.59620000049,459206.36270000041],[112458.71660000086,459208.59849999845],[112458.60130000114,459208.8916000016],[112457.04610000178,459213.22769999877],[112455.9849999994,459215.87390000001],[112455.92110000178,459216.04710000008],[112453.79120000079,459221.81909999996],[112453.04659999907,459224.46389999986],[112452.87159999833,459225.01810000092],[112451.62759999931,459228.56569999829],[112450.62480000034,459231.42529999837],[112450.52739999816,459231.71790000051],[112450.33850000054,459232.41670000181],[112450.29659999907,459232.57180000097],[112450.0148999989,459233.81839999929],[112449.29720000178,459239.36410000175],[112448.54969999939,459242.63960000128],[112448.35979999974,459243.47170000151],[112445.54219999909,459249.79470000044],[112443.62280000001,459251.4028000012],[112441.64449999854,459252.13879999891],[112440.2584999986,459252.65439999849],[112435.06909999996,459252.13309999928],[112427.22260000184,459251.1229000017],[112425.32510000095,459250.95690000057],[112424.52919999883,459250.88720000163],[112423.13789999858,459250.67100000009],[112422.40749999881,459250.54349999875],[112421.15989999846,459250.25879999995],[112417.11899999902,459249.19579999894],[112416.65459999815,459249.0775000006],[112412.95939999819,459248.16690000147],[112409.54190000147,459247.2835999988],[112407.29890000075,459246.68989999965],[112406.121199999,459245.75340000167],[112403.71110000089,459242.57239999995],[112399.32899999991,459237.20659999922],[112389.8396999985,459224.93710000068],[112388.25950000063,459222.90379999951],[112386.26089999825,459214.93739999831],[112386.24100000039,459214.8574000001],[112386.13569999859,459214.22159999982],[112385.88060000166,459211.34789999947],[112385.86719999835,459210.80570000038],[112386.00129999965,459207.38060000166],[112386.00189999864,459206.99069999903],[112385.94619999826,459206.38360000029],[112385.65790000185,459204.43569999933],[112385.64799999818,459204.36840000004],[112385.60000000149,459203.6699000001],[112385.6576000005,459202.97320000082],[112386.04050000012,459200.57220000029],[112386.13709999993,459199.89449999854],[112386.54149999842,459196.68010000139],[112386.64189999923,459195.98490000144],[112386.89180000126,459194.45219999924],[112386.96750000119,459193.94709999859],[112386.99879999831,459193.6510999985],[112387.09730000049,459192.72089999914],[112387.15239999816,459191.47949999943],[112387.16640000045,459190.47789999843],[112387.19860000163,459188.16290000081],[112387.24969999865,459187.82569999993],[112387.3115000017,459187.61609999835],[112387.3770999983,459187.41470000148],[112387.6026000008,459186.95710000023],[112387.95169999823,459186.36609999835],[112388.09360000119,459186.12579999864],[112388.47129999846,459185.34970000014],[112388.78460000083,459184.54580000043],[112389.03159999847,459183.71930000186],[112389.21079999954,459182.87539999932],[112389.28959999979,459182.26260000095],[112389.32079999894,459182.0196999982],[112389.3610999994,459181.15790000185],[112389.33130000159,459180.29569999874],[112389.2248999998,459179.37999999896],[112389.19179999828,459179.10170000046],[112389.19009999931,459179.08749999851],[112389.11969999969,459178.20839999989],[112389.10779999942,459177.7248999998],[112389.13949999958,459177.09600000083],[112389.14999999851,459176.88870000094],[112389.2846999988,459175.5903000012],[112389.50180000067,459174.31830000132],[112390.92819999903,459167.35289999843],[112390.96970000118,459167.1297999993],[112391.00879999995,459166.91910000145],[112391.06230000034,459166.6314000003],[112391.23070000112,459165.39090000093],[112391.54300000146,459162.41010000184],[112391.58289999887,459162.05860000104],[112391.77849999815,459160.80160000175],[112392.48739999905,459157.06080000103],[112392.51110000163,459156.93730000034],[112392.79179999977,459155.71319999918],[112393.18870000169,459154.1090000011],[112393.54529999942,459152.41389999911],[112393.60090000182,459152.14970000088],[112393.93620000035,459150.17859999835],[112394.07119999826,459149.14229999855],[112394.19449999928,459148.19610000029],[112394.37570000067,459146.20499999821],[112394.47929999977,459144.20829999819],[112394.50549999997,459142.18690000102],[112394.50690000132,459141.81280000135],[112394.51619999856,459141.1334999986],[112394.60339999944,459134.78099999949],[112394.6083999984,459134.53200000152],[112394.8487999998,459125.51729999855],[112394.8574000001,459125.31969999894],[112394.95329999924,459124.30279999971],[112395.14220000058,459123.27109999955],[112395.42020000145,459122.25970000029],[112395.78510000184,459121.27639999986],[112396.23420000076,459120.3284999989],[112396.76410000026,459119.42330000177],[112397.35119999945,459118.5951000005],[112397.38729999959,459118.54850000143],[112398.12970000133,459117.52470000088],[112400.3563000001,459114.24850000069],[112400.55040000007,459113.9571999982],[112401.20670000091,459112.88300000131],[112401.60179999843,459112.18969999999],[112405.64339999855,459105.09690000117],[112405.99300000072,459104.45650000125],[112406.53889999911,459103.32979999855],[112407.07959999889,459102.1213000007],[112408.86120000109,459098.13879999891],[112408.99280000106,459097.83810000122],[112409.5736999996,459096.48250000179],[112409.9103000015,459095.7415000014],[112410.11969999969,459095.28390000015],[112410.14290000126,459095.22500000149],[112410.47830000147,459094.36910000071],[112410.76419999823,459093.44350000098],[112410.98070000112,459092.49929999933],[112411.01300000027,459092.28779999912],[112411.07559999824,459091.87739999965],[112411.12680000067,459091.54160000011],[112411.20160000026,459090.57569999993],[112411.20199999958,459090.45120000094],[112411.20479999855,459089.60700000077],[112411.1361999996,459088.64070000127],[112410.9963000007,459087.68210000172],[112410.78590000048,459086.73649999872],[112410.50600000098,459085.80900000036],[112410.15769999847,459084.90509999916],[112409.82169999927,459084.19209999964],[112409.74460000172,459084.0289000012],[112409.26720000058,459083.18589999899],[112409.18290000036,459083.05970000103],[112408.72879999876,459082.38060000166],[112408.13219999894,459081.61730000004],[112407.45789999887,459080.87510000169],[112407.33610000089,459080.74850000069],[112406.5923999995,459079.84950000048],[112406.11630000174,459079.27380000055],[112405.47199999914,459078.67859999835],[112404.64350000024,459077.91330000013],[112403.93719999865,459077.28510000184],[112402.95340000093,459076.40909999982],[112401.12640000135,459075.4299999997],[112398.89939999953,459074.23660000041],[112393.44590000063,459071.79509999976],[112393.25899999961,459071.71139999852],[112393.1035999991,459071.62849999964],[112391.87249999866,459070.96070000157],[112384.71730000153,459067.07919999957],[112384.63679999858,459067.03550000116],[112384.38329999894,459066.89279999956],[112383.25079999864,459066.23149999976],[112375.53940000013,459061.72879999876],[112375.51619999856,459061.71510000154],[112367.43640000001,459056.96570000052],[112367.17709999904,459056.81810000166],[112366.60220000148,459056.50129999965],[112359.67500000075,459052.68389999866],[112359.24410000071,459052.45899999887],[112353.4550999999,459049.60209999979],[112353.13729999959,459049.45169999823],[112351.65199999884,459048.77820000052],[112348.75420000032,459047.46409999952],[112346.89759999886,459046.62220000103],[112346.73999999836,459046.55079999939],[112346.43129999936,459046.41649999842],[112342.28510000184,459044.69079999998],[112338.13709999993,459042.96429999918],[112337.87950000167,459042.86100000143],[112328.45560000092,459039.2210999988],[112327.86459999904,459039.01240000129],[112315.83289999887,459035.15459999815],[112315.62519999966,459035.08529999852],[112301.003800001,459030.01260000095],[112300.90049999952,459029.97610000148],[112279.75050000101,459021.7276000008],[112277.30359999835,459021.42799999937],[112274.42300000042,459021.43250000104],[112273.20129999891,459021.9888000004],[112272.39249999821,459022.30999999866],[112271.70789999887,459022.65509999916],[112271.04219999909,459023.06850000098],[112270.89919999987,459023.17100000009],[112270.31740000099,459023.6603000015],[112267.75710000098,459025.30009999871],[112264.41180000082,459025.64759999886],[112261.84809999913,459025.43510000035],[112259.71970000118,459024.5773999989],[112258.9653000012,459024.12840000167],[112258.82389999926,459024.0353000015],[112258.81089999899,459024.02739999816],[112257.76550000161,459023.38940000162],[112256.66730000079,459022.80779999867],[112256.4365000017,459022.69449999928],[112253.08430000022,459020.71400000155],[112249.29199999943,459019.61930000037],[112244.52290000021,459021.22360000014],[112243.62689999864,459021.88450000063],[112242.96609999985,459022.44029999897],[112242.32409999892,459022.97879999876],[112237.88969999924,459026.06170000136],[112236.85069999844,459027.00470000133],[112235.87689999864,459027.3770999983],[112235.05249999836,459027.58410000056],[112234.20939999819,459027.69159999862],[112233.35940000042,459027.69810000062],[112232.55939999968,459027.60850000009],[112232.51619999856,459027.60099999979],[112230.95059999824,459027.37180000171],[112216.92199999839,459025.04729999974],[112211.48660000041,459024.66360000148],[112210.82349999994,459024.48530000076],[112209.76689999923,459024.25840000063],[112208.71000000089,459024.10599999875],[112207.64519999921,459024.0262000002],[112206.5775000006,459024.01929999888],[112205.51170000061,459024.08529999852],[112204.45300000161,459024.2239000015],[112203.40619999915,459024.43450000137],[112202.24340000004,459024.75250000134],[112200.31190000102,459025.04809999838],[112199.91070000082,459025.09010000154],[112193.4395999983,459025.45879999921],[112187.12700000033,459025.79340000078],[112179.2034999989,459026.73039999977],[112178.877700001,459026.77400000021],[112178.68890000135,459026.80150000006],[112177.18180000037,459026.9737999998],[112175.64930000156,459027.06399999931],[112174.11419999972,459027.06969999894],[112172.58109999821,459026.99080000073],[112171.05469999835,459026.82770000026],[112169.56120000035,459026.58430000022],[112169.50450000167,459026.57360000163],[112159.46150000021,459024.68769999966],[112158.99740000069,459024.62180000171],[112158.3936999999,459024.59679999948],[112156.83509999886,459024.61879999936],[112156.17269999906,459024.64959999919],[112155.33799999952,459024.75070000067],[112154.49080000073,459024.92579999939],[112147.15080000088,459026.76539999992],[112147.05380000174,459026.78929999843],[112146.13459999859,459026.96629999951],[112145.16869999841,459027.05660000071],[112144.2351000011,459027.05299999937],[112141.62299999967,459026.9160999991],[112139.97740000114,459026.82979999855],[112138.50690000132,459026.752700001],[112138.13800000027,459026.74029999971],[112137.28720000014,459026.76289999858],[112136.42740000039,459026.85790000111],[112128.94810000062,459028.00129999965],[112128.64530000091,459028.04610000178],[112127.08260000125,459028.22729999945],[112125.51619999856,459028.32519999892],[112119.90060000122,459028.5271999985],[112118.88470000029,459028.58060000092],[112102.1699000001,459029.73629999906],[112100.83949999884,459029.79789999872],[112089.10009999946,459030.07389999926],[112087.81560000032,459030.07580000162],[112084.98690000176,459030.01810000092],[112084.85979999974,459030.01570000127],[112074.43079999834,459029.54839999974],[112066.52580000088,459028.73389999941],[112065.18760000169,459028.84169999883],[112064.52369999886,459028.80480000004],[112064.05359999835,459028.83619999886],[112063.59079999849,459028.92469999939],[112063.14229999855,459029.0689000003],[112062.71460000053,459029.26669999957],[112062.31430000067,459029.51509999856],[112061.94720000029,459029.81049999967],[112061.61890000105,459030.14840000123],[112061.33419999853,459030.52380000055],[112061.09730000049,459030.93100000173],[112060.92540000007,459031.33249999955],[112060.62999999896,459032.55660000071],[112059.86300000176,459035.73530000076],[112059.8487999998,459035.7947999984],[112059.59950000048,459037.01060000062],[112059.42460000142,459038.24100000039],[112058.65940000117,459045.12460000068],[112058.61100000143,459045.60960000008],[112058.39869999886,459047.55310000107],[112058.62339999899,459049.21090000123],[112058.67880000174,459049.79309999943],[112058.75679999962,459050.48429999873],[112058.95659999922,459051.72089999914],[112061.11340000108,459062.89609999955],[112061.21440000087,459063.44819999859],[112063.86329999939,459078.74509999901],[112064.07239999995,459080.15300000086],[112064.22419999912,459081.71319999918],[112064.26089999825,459082.23250000179],[112064.2677000016,459082.33280000091],[112064.23649999872,459082.94090000167],[112064.12840000167,459083.31379999965],[112064.04320000112,459083.60750000179],[112063.7025000006,459084.21200000122],[112063.2322999984,459084.72239999846],[112062.73000000045,459085.06269999966],[112061.9411999993,459085.47309999913],[112061.83689999953,459085.52650000155],[112061.34439999983,459085.70670000091],[112058.9851000011,459086.27219999954],[112056.69920000061,459086.82009999827],[112055.25510000065,459087.14339999855],[112051.14130000025,459087.99960000068],[112050.00310000032,459088.50259999931],[112047.41099999845,459089.58150000125],[112044.78379999846,459090.58709999919],[112042.1286999993,459091.51639999822],[112039.44790000096,459092.3685999997],[112037.24689999968,459092.99890000001],[112036.7435999997,459093.14299999923],[112034.01799999923,459093.83900000155],[112030.76099999994,459094.57129999995],[112029.72569999844,459094.0346999988],[112028.809799999,459093.62579999864],[112027.87689999864,459093.28819999844],[112026.92199999839,459093.01909999922],[112025.94999999925,459092.82009999827],[112024.96620000154,459092.69220000133],[112023.97569999844,459092.63589999825],[112022.98369999975,459092.65179999918],[112021.99549999833,459092.73950000107],[112021.01619999856,459092.89880000055],[112020.05110000074,459093.1286999993],[112019.10520000011,459093.42810000107],[112018.18360000104,459093.79540000111],[112017.29100000113,459094.22850000113],[112016.43230000138,459094.72529999912],[112015.61180000007,459095.28310000151],[112014.83399999887,459095.89900000021],[112014.10300000012,459096.56980000064],[112013.35200000182,459097.36659999937],[112012.59430000186,459098.07339999825],[112011.20659999922,459099.28079999983],[112009.76000000164,459100.42940000072],[112008.26330000162,459101.51190000027],[112006.71939999983,459102.52600000054],[112005.04729999974,459103.51979999989],[112004.05319999903,459103.89519999921],[111996.47720000148,459106.72329999879],[111996.43010000139,459106.74199999869],[111996.10289999843,459106.90900000185],[111995.49969999865,459107.31450000033],[111994.90949999914,459107.79270000011],[111994.36470000073,459108.32140000165],[111993.86930000037,459108.89669999853],[111993.4272999987,459109.5139000006],[111993.04230000079,459110.16829999909],[111992.71730000153,459110.85440000147],[111992.50090000033,459111.44220000133],[111992.45499999821,459111.56679999828],[111992.29890000075,459112.14579999819],[111992.25739999861,459112.29980000108],[111992.23680000007,459112.41710000113],[111992.12609999999,459113.0474999994],[111992.06219999865,459113.8040000014],[111992.0661999993,459114.56320000067],[111992.13800000027,459115.31899999827],[111992.27749999985,459116.06709999964],[111992.33089999855,459116.25919999927],[111995.26940000057,459125.31379999965],[111995.45369999856,459125.91499999911],[111997.00649999827,459131.29170000181],[111997.34169999883,459132.4039000012],[111997.97569999844,459134.29170000181],[111999.35500000045,459138.14510000125],[111999.59420000017,459138.82860000059],[112000.2041000016,459140.73919999972],[112006.38560000062,459161.55029999837],[112006.64189999923,459162.44420000166],[112011.0615000017,459178.42309999838],[112011.10799999908,459178.58989999816],[112014.66180000082,459191.27019999921],[112015.10130000114,459192.95069999993],[112015.53669999912,459194.91629999876],[112017.22659999877,459203.35339999944],[112017.36050000042,459203.99969999865],[112017.81670000032,459205.94189999998],[112018.62489999831,459209.10209999979],[112019.0709999986,459211.00250000134],[112020.99159999937,459219.98020000011],[112021.33190000057,459221.46209999919],[112021.50389999896,459222.16270000115],[112021.82160000131,459223.35220000148],[112022.27899999917,459224.79690000042],[112022.81379999965,459226.23099999875],[112025.38149999827,459232.61939999834],[112026.19660000131,459235.7239000015],[112026.35090000182,459236.31140000001],[112027.57550000027,459240.85700000077],[112027.02910000086,459243.61340000108],[112024.77800000086,459245.88630000129],[112018.3125,459247.22300000116],[112016.90949999914,459247.5811999999],[112016.26009999961,459247.67009999976],[112015.98449999839,459247.70419999957],[112015.04289999977,459247.76220000163],[112014.10990000144,459247.72910000011],[112013.7135999985,459247.69570000097],[112013.17240000144,459247.67770000175],[112012.61600000039,459247.71829999983]]]},"properties":{"ORACLE_OBJECTID":4483,"CODE":"PAW_OR-4.10.OB31","NAAM":"HW Meijegraslanden - Deelgebied 1","STATUSOBJECT":"gerealiseerd","SOORTPEILGEBIED":"Onderbemaling","SOORTAFWATERING":"Gestuwd","PEILBEHERENDEINSTANTIE":"VERGUNNINGHOUDER","OPPERVLAKTE":142000,"OMTREK":2646,"OPMERKING":null,"HYPERLINK":null,"ONTHEFFING":"2022-001812 / 2024-004525","SOORTPEILBEHEER":"dynamisch peil","VASTPEIL":null,"ZOMERPEIL":null,"WINTERPEIL":null,"FLEXZOMERPEILONDERGRENS":-3,"FLEXZOMERPEILBOVENGRENS":-1.6000000000000001,"FLEXWINTERPEILONDERGRENS":-3,"FLEXWINTERPEILBOVENGRENS":-1.6000000000000001,"ZOMERPEILTEKST":"bov:-1.60 / ond:-3.00","WINTERPEILTEKST":"bov:-1.60 / ond:-3.00","INWINNENDEINSTANTIE":"Hoogheemraadschap van Rijnland","METENDEINSTANTIE":null,"INWINNINGSMETHODE":"digitaliseren","DIMENSIE":"2D","NAUWKEURIGHEIDXY":null,"NAUWKEURIGHEIDZ":null,"DATUMINWINNING":null,"GEOKPOBJECTID":56353,"LAST_EDITED_DATE":1744725508000,"STATUSPEILGEBIED":"Vigerend definitief","SHAPE_AREA":0,"SHAPE_LEN":0,"BEVAT":null,"VOERTAFOP":null,"LONGITUDE":4.7620224499999999,"LATITUDE":52.117752779999996,"XCOORDINAAT":112180.75,"YCOORDINAAT":459021.03999999998,"VASTBEHEERMARGEBOVEN":null,"VASTBEHEERMARGEONDER":null,"ZPBEHEERMARGEBOVEN":null,"ZPBEHEERMARGEONDER":null,"WPBEHEERMARGEONDER":null,"WPBEHEERMARGEBOVEN":null,"FLEXZPONDERBEHEERMARGEBOVEN":null,"FLEXZPONDERBEHEERMARGEONDER":null,"FLEXZPBOVENBEHEERMARGEBOVEN":null,"FLEXZPBOVENBEHEERMARGEONDER":null,"FLEXWPONDERBEHEERMARGEBOVEN":null,"FLEXWPONDERBEHEERMARGEONDER":null,"FLEXWPBOVENBEHEERMARGEBOVEN":null,"FLEXWPBOVENBEHEERMARGEONDER":null,"OBJECTID2":49}},{"type":"Feature","id":50,"geometry":{"type":"MultiPolygon","coordinates":[[[[114012.11499999836,465217.84690000117],[114019.40680000186,465220.65560000017],[114066.64730000123,465238.85190000013],[114101.18329999968,465252.15469999984],[114119.34200000018,465259.0615000017],[114200.43800000101,465289.90700000152],[114208.29529999942,465292.85110000148],[114241.69000000134,465305.36400000006],[114223.71269999817,465351.77840000018],[114215.21999999881,465373.70499999821],[114204.47199999914,465369.35500000045],[114202.28299999982,465374.10500000045],[114195.91699999943,465376.42700000107],[114193.15700000152,465377.33700000122],[114165.75800000131,465387.85200000182],[114142.82899999991,465397.04100000113],[114116.91200000048,465406.90300000086],[114094.33199999854,465414.89900000021],[114078.21900000051,465420.90799999982],[114062.35300000012,465426.45499999821],[114058.90599999949,465428.02499999851],[114054.34899999946,465430.3900000006],[114049.77400000021,465433.30000000075],[114048.20600000024,465434.75800000131],[114041.57999999821,465441.85500000045],[114023.47800000012,465464.08300000057],[114014.96799999848,465474.84299999848],[114002.48200000077,465491.07400000095],[113997.68899999931,465496.86699999869],[113996.68100000173,465498.12999999896],[113990.90100000054,465505.38100000098],[113989.55200000107,465506.91200000048],[113989.16499999911,465506.97700000182],[113988.10399999842,465506.76700000092],[113985.19099999964,465505.70199999958],[113965.78200000152,465497.23600000143],[113959.06599999964,465494.49300000072],[113937.55999999866,465486.1790000014],[113911.48900000006,465476.46900000051],[113874.93499999866,465462.58700000122],[113838.06500000134,465448.19700000063],[113776.65199999884,465424.8040000014],[113736.01999999955,465408.85200000182],[113658.33100000024,465378.92599999905],[113610.51799999923,465360.91699999943],[113563.56399999931,465342.67599999905],[113552.61600000039,465338.78400000185],[113550.61100000143,465337.82999999821],[113549.33100000024,465336.91899999976],[113549.12200000137,465336.71599999815],[113549.03200000152,465336.5],[113549.01099999994,465336.30600000173],[113549.06100000069,465335.65799999982],[113550.47700000182,465330.87999999896],[113565.73099999875,465289.49100000039],[113565.43299999833,465289.07299999893],[113566.67199999839,465285.90599999949],[113566.81700000167,465285.79800000042],[113567.8740000017,465284.62099999934],[113569.07299999893,465282.28500000015],[113572.45199999958,465273.40700000152],[113578.54500000179,465255.76700000092],[113584.59200000018,465240.53400000185],[113585.94900000095,465237.47899999842],[113590.61400000006,465224.88699999824],[113592.52100000158,465218.5859999992],[113593.66499999911,465215.28500000015],[113598.71200000122,465201.7340000011],[113601.1099999994,465195.84299999848],[113604.45300000161,465186.53200000152],[113608.22800000012,465176.50699999928],[113608.81599999964,465174.19900000095],[113610.04300000146,465171.73699999973],[113611.07400000095,465170.62700000033],[113611.90399999917,465169.11100000143],[113613.87700000033,465162.57999999821],[113616.6799999997,465154.47199999914],[113617.04699999839,465153.63100000098],[113618.6240000017,465148.875],[113620.51700000092,465142.35200000182],[113622.86609999835,465135.3973999992],[113624.49859999865,465130.56419999897],[113626.11600000039,465125.77600000054],[113627.02230000123,465123.69579999894],[113629.44700000063,465118.12999999896],[113632.41369999945,465110.48460000008],[113634.28700000048,465105.65700000152],[113636.38699999824,465097.58100000024],[113638.57550000027,465092.3889000006],[113641.25,465085.93499999866],[113642.26240000129,465082.79560000077],[113645.00230000168,465075.29540000111],[113668.18840000033,465084.58650000021],[113713.30339999869,465102.66490000114],[113766.27210000157,465123.08900000155],[113853.96139999852,465156.90089999884],[113922.58920000121,465183.36290000007],[113968.68259999901,465201.11740000173],[113979.80999999866,465205.40349999815],[114008.07360000163,465216.29019999877],[114012.11499999836,465217.84690000117]]],[[[113313.13699999824,464995.17100000009],[113330.59809999913,465001.6185999997],[113333.82200000063,465002.80900000036],[113347.19999999925,465007.89499999955],[113358.5150000006,465012.53299999982],[113368.9990000017,465016.59099999815],[113392.65100000054,465025.33199999854],[113416.58199999854,465035.09499999881],[113491.95399999991,465063.89499999955],[113537.4299999997,465081.40100000054],[113561.47199999914,465090.47899999842],[113597.69999999925,465104.75400000066],[113606.10200000182,465108.81700000167],[113612.78799999878,465110.94299999997],[113614.38500000164,465111.92500000075],[113615.54199999943,465114.46299999952],[113615.42500000075,465119.01900000125],[113615.34950000048,465119.23389999941],[113614.59400000051,465121.38199999928],[113596.78099999949,465166.16000000015],[113595.53599999845,465169.84600000083],[113590.13800000027,465184.06700000167],[113580.96200000122,465207.4290000014],[113574.9459999986,465224.49100000039],[113563.72700000182,465255.25],[113555.0549999997,465279.67100000009],[113554.86100000143,465281.60500000045],[113554.92000000179,465281.75299999863],[113553.36400000006,465285.94200000167],[113545.14299999923,465307.07600000128],[113536.60099999979,465329.59600000083],[113533.78700000048,465337.47700000182],[113532.10500000045,465341.42700000107],[113528.37799999863,465352.06100000069],[113519.65199999884,465374.65900000185],[113510.0700000003,465400.85300000012],[113504.41499999911,465415.59200000018],[113496.68800000101,465435.17500000075],[113494.39299999923,465441.61400000006],[113491.88699999824,465448.64600000158],[113484.71200000122,465446.08900000155],[113451.18200000003,465433.53000000119],[113402.35200000182,465414.83399999887],[113311.08300000057,465379.28700000048],[113293.18200000003,465372.60200000182],[113205.18699999899,465338.57699999958],[113203.14299999923,465337.75730000064],[113198.49399999902,465335.89299999923],[113117.17599999905,465304.99100000039],[113001.07800000161,465260.2659999989],[112951.7490000017,465241.26199999824],[112895.48800000176,465218.79699999839],[112895.56100000069,465218.58799999952],[112896.13300000131,465215.96900000051],[112896.53599999845,465212.89299999923],[112894.92399999872,465210.37999999896],[112892.87099999934,465209.49799999967],[112884.31100000069,465206.3759999983],[112962.19999999925,464997.84800000116],[112965.01099999994,464990.33900000155],[112975.46000000089,464994.2509999983],[112978.23000000045,464994.79399999976],[112980.99500000104,464993.64999999851],[112982.91899999976,464989.17799999937],[112982.98000000045,464989.02400000021],[112997.52800000086,464949.3040000014],[113002.80299999937,464935.4609999992],[113011.25800000131,464913.27499999851],[113016.40399999917,464899.07800000161],[113018.4849999994,464891.08469999954],[113020.34400000051,464883.94399999827],[113020.74399999902,464883.61199999973],[113022.08399999887,464883.91499999911],[113028.46700000018,464886.32499999925],[113039.15399999917,464890.12000000104],[113062.59400000051,464899.09299999848],[113077.67300000042,464905.18600000069],[113089.39699999988,464908.60000000149],[113103.29100000113,464915.11899999902],[113119.14600000158,464920.83300000057],[113140.22199999914,464927.73800000176],[113155.70300000161,464933.3590000011],[113182.09600000083,464944.38199999928],[113198.17799999937,464950.32400000095],[113219.55000000075,464957.95399999991],[113237.69399999827,464964.76300000027],[113258.70800000057,464973.13399999961],[113274.82899999991,464979.72100000083],[113294.89799999818,464987.35200000182],[113313.13699999824,464995.17100000009]]]]},"properties":{"ORACLE_OBJECTID":332,"CODE":"PAW_OR-4.09.OB29","NAAM":"OB J.J.M. Nieuwenhuizen & T. Kool","STATUSOBJECT":"gerealiseerd","SOORTPEILGEBIED":"Onderbemaling","SOORTAFWATERING":"Bemalen","PEILBEHERENDEINSTANTIE":"VERGUNNINGHOUDER","OPPERVLAKTE":388560,"OMTREK":3760,"OPMERKING":"ligging peilgebied is aangepast zie verg V64736 peil tussen -6,74 en -7,54","HYPERLINK":null,"ONTHEFFING":"V64736","SOORTPEILBEHEER":"seizoensgebonden peil (flexibel)","VASTPEIL":null,"ZOMERPEIL":-7.54,"WINTERPEIL":-6.7400000000000002,"FLEXZOMERPEILONDERGRENS":-7.54,"FLEXZOMERPEILBOVENGRENS":-5.9800000000000004,"FLEXWINTERPEILONDERGRENS":-6.7400000000000002,"FLEXWINTERPEILBOVENGRENS":-5.9800000000000004,"ZOMERPEILTEKST":"bov:-5.98 / ond:-7.54","WINTERPEILTEKST":"bov:-5.98 / ond:-6.74","INWINNENDEINSTANTIE":"Hoogheemraadschap van Rijnland","METENDEINSTANTIE":null,"INWINNINGSMETHODE":"digitaliseren","DIMENSIE":"2D","NAUWKEURIGHEIDXY":null,"NAUWKEURIGHEIDZ":null,"DATUMINWINNING":1538092800000,"GEOKPOBJECTID":15041,"LAST_EDITED_DATE":1744725508000,"STATUSPEILGEBIED":"Vigerend definitief","SHAPE_AREA":0,"SHAPE_LEN":0,"BEVAT":null,"VOERTAFOP":null,"LONGITUDE":4.7814505199999999,"LATITUDE":52.173349369999997,"XCOORDINAAT":113563,"YCOORDINAAT":465195.28999999998,"VASTBEHEERMARGEBOVEN":null,"VASTBEHEERMARGEONDER":null,"ZPBEHEERMARGEBOVEN":null,"ZPBEHEERMARGEONDER":null,"WPBEHEERMARGEONDER":null,"WPBEHEERMARGEBOVEN":null,"FLEXZPONDERBEHEERMARGEBOVEN":null,"FLEXZPONDERBEHEERMARGEONDER":null,"FLEXZPBOVENBEHEERMARGEBOVEN":null,"FLEXZPBOVENBEHEERMARGEONDER":null,"FLEXWPONDERBEHEERMARGEBOVEN":null,"FLEXWPONDERBEHEERMARGEONDER":null,"FLEXWPBOVENBEHEERMARGEBOVEN":null,"FLEXWPBOVENBEHEERMARGEONDER":null,"OBJECTID2":50}},{"type":"Feature","id":53,"geometry":{"type":"Polygon","coordinates":[[[108933.12000000104,456628.43100000173],[108838.4299999997,456595.54399999976],[108831.77699999884,456593.99399999902],[108825.95600000024,456593.39900000021],[108820.53200000152,456593.73000000045],[108812.66000000015,456594.92000000179],[108804.45800000057,456595.84600000083],[108798.12099999934,456595.96700000018],[108796.3740000017,456596],[108790.22199999914,456593.87299999967],[108783.08700000122,456589.46900000051],[108779.81700000167,456587.19799999893],[108776.80799999833,456584.42599999905],[108773.19399999827,456581.05700000003],[108762.34899999946,456572.61499999836],[108745.01300000027,456563.10000000149],[108696.33399999887,456546.19399999827],[108713.3900000006,456497.08199999854],[108827.97700000182,456536.8759999983],[108830.91200000048,456537.96200000122],[108838.25699999928,456541.37000000104],[108845.3049999997,456545.35500000045],[108852.01300000027,456549.88899999857],[108857.40399999917,456554.19900000095],[108865.21900000051,456558.63199999928],[108867.37900000066,456559.85700000077],[108878.11800000072,456565.13100000098],[108889.15100000054,456569.75899999961],[108946.51099999994,456589.8740000017],[108933.12000000104,456628.43100000173]]]},"properties":{"ORACLE_OBJECTID":553,"CODE":"PAW_WW-27.HW19","NAAM":"HW Staatsbosbeheer","STATUSOBJECT":"gerealiseerd","SOORTPEILGEBIED":"Hoogwatervoorziening","SOORTAFWATERING":"Gestuwd","PEILBEHERENDEINSTANTIE":"VERGUNNINGHOUDER","OPPERVLAKTE":12620,"OMTREK":600,"OPMERKING":null,"HYPERLINK":null,"ONTHEFFING":"V67133","SOORTPEILBEHEER":"vast peil","VASTPEIL":-2.0099999999999998,"ZOMERPEIL":null,"WINTERPEIL":null,"FLEXZOMERPEILONDERGRENS":null,"FLEXZOMERPEILBOVENGRENS":null,"FLEXWINTERPEILONDERGRENS":null,"FLEXWINTERPEILBOVENGRENS":null,"ZOMERPEILTEKST":"-2.01","WINTERPEILTEKST":"-2.01","INWINNENDEINSTANTIE":"Hoogheemraadschap van Rijnland","METENDEINSTANTIE":null,"INWINNINGSMETHODE":"digitaliseren","DIMENSIE":"2D","NAUWKEURIGHEIDXY":null,"NAUWKEURIGHEIDZ":null,"DATUMINWINNING":1557446400000,"GEOKPOBJECTID":27201,"LAST_EDITED_DATE":1744725508000,"STATUSPEILGEBIED":"Vigerend definitief","SHAPE_AREA":0,"SHAPE_LEN":0,"BEVAT":null,"VOERTAFOP":null,"LONGITUDE":4.71331101,"LATITUDE":52.095388739999997,"XCOORDINAAT":108821.42,"YCOORDINAAT":456562.76000000001,"VASTBEHEERMARGEBOVEN":null,"VASTBEHEERMARGEONDER":null,"ZPBEHEERMARGEBOVEN":null,"ZPBEHEERMARGEONDER":null,"WPBEHEERMARGEONDER":null,"WPBEHEERMARGEBOVEN":null,"FLEXZPONDERBEHEERMARGEBOVEN":null,"FLEXZPONDERBEHEERMARGEONDER":null,"FLEXZPBOVENBEHEERMARGEBOVEN":null,"FLEXZPBOVENBEHEERMARGEONDER":null,"FLEXWPONDERBEHEERMARGEBOVEN":null,"FLEXWPONDERBEHEERMARGEONDER":null,"FLEXWPBOVENBEHEERMARGEBOVEN":null,"FLEXWPBOVENBEHEERMARGEONDER":null,"OBJECTID2":53}},{"type":"Feature","id":55,"geometry":{"type":"Polygon","coordinates":[[[109380.10310000181,462695.07809999958],[109369.78099999949,462705.48999999836],[109405.50600000098,462740.90700000152],[109383.44709999859,462764.9541000016],[109307.49799999967,462689.56799999997],[109272.87099999934,462656.49799999967],[109249.45600000024,462635.25400000066],[109237.45100000128,462624.36100000143],[109209.02199999988,462597.41699999943],[109184.52899999917,462573.91200000048],[109166.36800000072,462556.81899999827],[109147.96400000155,462537.98699999973],[109133.39400000125,462524.27400000021],[109085.66499999911,462477.40100000054],[108999.09400000051,462397.12799999863],[108931.76399999857,462331.00499999896],[108881.54199999943,462284.24700000137],[108876.30900000036,462279.375],[108866.00499999896,462271.25200000033],[108851.53299999982,462259.84400000051],[108819.41299999878,462235.28500000015],[108798.37299999967,462219.19799999893],[108770.69399999827,462198.03400000185],[108719.45199999958,462156.65900000185],[108655.08300000057,462105.93299999833],[108632.79800000042,462088.80900000036],[108566.96799999848,462034.86199999973],[108533.15399999917,462007.95399999991],[108504.39600000158,461985.91899999976],[108469.62099999934,461958.57499999925],[108459.5549999997,461950.87999999896],[108455.13500000164,461947.3590000011],[108438.40799999982,461933.65300000086],[108424.6409999989,461922.0540000014],[108401.11400000006,461903.9990000017],[108401.59340000153,461903.29360000044],[108402.10970000178,461902.53379999846],[108414.565200001,461884.20109999925],[108424.30799999833,461869.86100000143],[108433.27899999917,461876.66899999976],[108454.88500000164,461892.93299999833],[108479.49399999902,461911.66099999845],[108494.33399999887,461922.13899999857],[108518.32299999893,461940.16899999976],[108558.14600000158,461968.81399999931],[108607.13100000098,462006.20800000057],[108657.32999999821,462044.04500000179],[108670.61699999869,462053.88100000098],[108703.01099999994,462077.87299999967],[108744.54699999839,462108.78099999949],[108789.73000000045,462142.30299999937],[108825.22800000012,462168.27100000158],[108834.80200000107,462175.13100000098],[108848.50299999863,462184.94799999893],[108871.30799999833,462201.99599999934],[108914.46299999952,462234.86699999869],[108915.81799999997,462236.25899999961],[108920.66299999878,462243.6640000008],[108926.86499999836,462249.92399999872],[108971.63800000027,462293.88300000131],[109043.31199999899,462364.68600000069],[109075.22899999842,462393.78400000185],[109095.62200000137,462414.71000000089],[109102.6240000017,462422.26900000125],[109117.36100000143,462436.1090000011],[109143.84699999914,462462.64200000092],[109163.72800000012,462482.38199999928],[109190.12799999863,462507.41499999911],[109198.37200000137,462515.79600000009],[109210.01000000164,462526.67599999905],[109221.39200000092,462538.95300000161],[109234.78299999982,462552.06899999827],[109252.25299999863,462568.01000000164],[109269.95600000024,462585.18499999866],[109281.2509999983,462596.88899999857],[109298.47100000083,462614.52199999988],[109323.20499999821,462636.96000000089],[109328.44900000095,462643.05900000036],[109334.8759999983,462649.55900000036],[109338.91800000146,462653.64699999988],[109342.34099999815,462657.10799999908],[109348.08799999952,462662.78599999845],[109354.15799999982,462668.92599999905],[109359.49500000104,462674.47100000083],[109380.10310000181,462695.07809999958]]]},"properties":{"ORACLE_OBJECTID":529,"CODE":"PAW_OR-4.12.OB04","NAAM":"OB T.H. Clemens","STATUSOBJECT":"gerealiseerd","SOORTPEILGEBIED":"Onderbemaling","SOORTAFWATERING":"Bemalen","PEILBEHERENDEINSTANTIE":"VERGUNNINGHOUDER","OPPERVLAKTE":66142,"OMTREK":2713,"OPMERKING":"onderbemaling OR-4.12.OB04","HYPERLINK":null,"ONTHEFFING":"V63013","SOORTPEILBEHEER":"vast peil","VASTPEIL":-2.4700000000000002,"ZOMERPEIL":null,"WINTERPEIL":null,"FLEXZOMERPEILONDERGRENS":null,"FLEXZOMERPEILBOVENGRENS":null,"FLEXWINTERPEILONDERGRENS":null,"FLEXWINTERPEILBOVENGRENS":null,"ZOMERPEILTEKST":"-2.47","WINTERPEILTEKST":"-2.47","INWINNENDEINSTANTIE":"Hoogheemraadschap van Rijnland","METENDEINSTANTIE":null,"INWINNINGSMETHODE":null,"DIMENSIE":"2D","NAUWKEURIGHEIDXY":null,"NAUWKEURIGHEIDZ":null,"DATUMINWINNING":1472774400000,"GEOKPOBJECTID":26,"LAST_EDITED_DATE":1726934524000,"STATUSPEILGEBIED":"Vigerend definitief","SHAPE_AREA":0,"SHAPE_LEN":0,"BEVAT":null,"VOERTAFOP":null,"LONGITUDE":4.7137268099999998,"LATITUDE":52.14711535,"XCOORDINAAT":108903.31,"YCOORDINAAT":462317.40999999997,"VASTBEHEERMARGEBOVEN":null,"VASTBEHEERMARGEONDER":null,"ZPBEHEERMARGEBOVEN":null,"ZPBEHEERMARGEONDER":null,"WPBEHEERMARGEONDER":null,"WPBEHEERMARGEBOVEN":null,"FLEXZPONDERBEHEERMARGEBOVEN":null,"FLEXZPONDERBEHEERMARGEONDER":null,"FLEXZPBOVENBEHEERMARGEBOVEN":null,"FLEXZPBOVENBEHEERMARGEONDER":null,"FLEXWPONDERBEHEERMARGEBOVEN":null,"FLEXWPONDERBEHEERMARGEONDER":null,"FLEXWPBOVENBEHEERMARGEBOVEN":null,"FLEXWPBOVENBEHEERMARGEONDER":null,"OBJECTID2":55}},{"type":"Feature","id":57,"geometry":{"type":"Polygon","coordinates":[[[104054.7490000017,464106.56399999931],[104090.24599999934,464108.93299999833],[104092.8590000011,464108.73600000143],[104094.76900000125,464106.88300000131],[104095.54800000042,464098.49199999869],[104098.47500000149,464048.90500000119],[104100.43600000069,464022.93600000069],[104100.4849999994,464021.56599999964],[104125.84200000018,464022.08500000089],[104171.53099999949,464023.09299999848],[104213.89299999923,464024.3200000003],[104264.90100000054,464025.58300000057],[104305.05799999833,464026.56899999827],[104350.60200000182,464027.85399999842],[104363.60099999979,464028.90599999949],[104411.93200000003,464030.74700000137],[104467.52199999988,464032.14200000092],[104524.05600000173,464033.1959999986],[104567.09499999881,464033.89999999851],[104602.66699999943,464034.37700000033],[104630.30900000036,464035.87000000104],[104660.6790000014,464036.46799999848],[104695.82800000161,464037.0859999992],[104729.34299999848,464037.47199999914],[104762.42100000009,464037.97700000182],[104788.0700000003,464038.97899999842],[104800.03200000152,464039.32499999925],[104810.4849999994,464038.80099999905],[104890.99199999869,464042.17599999905],[104896.34099999815,464042.63399999961],[104900.05700000003,464043.52600000054],[104901.64299999923,464044.01399999857],[104902.20199999958,464044.38699999824],[104902.6640000008,464045.11300000176],[104917.37900000066,464132.11899999902],[104921.5709999986,464160.65500000119],[104923.03299999982,464168.61400000006],[104924.63300000131,464176.93600000069],[104926.06700000167,464186.81700000167],[104932.78999999911,464243.44999999925],[104935.04500000179,464250.29699999839],[104937.24599999934,464261.19700000063],[104939.05700000003,464272.36699999869],[104939.43100000173,464274.57899999991],[104939.41600000113,464275.86199999973],[104938.50899999961,464275.90100000054],[104921.78799999878,464275.75699999928],[104893.8209999986,464274.92100000009],[104869.47300000116,464274.15199999884],[104828.79399999976,464273.46799999848],[104805.8209999986,464272.64799999818],[104772.95800000057,464271.6640000008],[104733.9459999986,464270.73999999836],[104695.73000000045,464269.64499999955],[104661.61600000039,464268.4990000017],[104618.30099999905,464267.70600000024],[104589.65599999949,464266.90199999884],[104551.40799999982,464266.21599999815],[104516.0159999989,464265.37999999896],[104483.19000000134,464264.58500000089],[104450.30700000003,464263.59899999946],[104416.52899999917,464262.93299999833],[104390.11199999973,464262.32499999925],[104353.69999999925,464261.00400000066],[104318.5390000008,464259.78200000152],[104284.14900000021,464259.0540000014],[104266.00800000131,464258.73299999908],[104217.75200000033,464257.28500000015],[104134.12000000104,464255.06500000134],[104065.96900000051,464253.21799999848],[104045.16000000015,464252.31599999964],[104037.31799999997,464251.12299999967],[104033.3209999986,464250.33900000155],[103998.95609999821,464242.15399999917],[104013.74599999934,464180.05700000003],[104024.34299999848,464133.55700000003],[104031.96400000155,464101.19799999893],[104054.7490000017,464106.56399999931]]]},"properties":{"ORACLE_OBJECTID":571,"CODE":"PAW_OR-4.06.OB14_2","NAAM":"Polder Vierambacht","STATUSOBJECT":"gerealiseerd","SOORTPEILGEBIED":"Onderbemaling","SOORTAFWATERING":"Bemalen","PEILBEHERENDEINSTANTIE":"VERGUNNINGHOUDER","OPPERVLAKTE":203700,"OMTREK":2274,"OPMERKING":null,"HYPERLINK":null,"ONTHEFFING":"V57679","SOORTPEILBEHEER":"vast peil","VASTPEIL":-6.0099999999999998,"ZOMERPEIL":null,"WINTERPEIL":null,"FLEXZOMERPEILONDERGRENS":null,"FLEXZOMERPEILBOVENGRENS":null,"FLEXWINTERPEILONDERGRENS":null,"FLEXWINTERPEILBOVENGRENS":null,"ZOMERPEILTEKST":"-6.01","WINTERPEILTEKST":"-6.01","INWINNENDEINSTANTIE":"Hoogheemraadschap van Rijnland","METENDEINSTANTIE":null,"INWINNINGSMETHODE":null,"DIMENSIE":"2D","NAUWKEURIGHEIDXY":null,"NAUWKEURIGHEIDZ":null,"DATUMINWINNING":1393286400000,"GEOKPOBJECTID":4,"LAST_EDITED_DATE":1726934536000,"STATUSPEILGEBIED":"Vigerend definitief","SHAPE_AREA":0,"SHAPE_LEN":0,"BEVAT":null,"VOERTAFOP":null,"LONGITUDE":4.6486766299999998,"LATITUDE":52.163186459999999,"XCOORDINAAT":104469.19,"YCOORDINAAT":464148.72999999998,"VASTBEHEERMARGEBOVEN":null,"VASTBEHEERMARGEONDER":null,"ZPBEHEERMARGEBOVEN":null,"ZPBEHEERMARGEONDER":null,"WPBEHEERMARGEONDER":null,"WPBEHEERMARGEBOVEN":null,"FLEXZPONDERBEHEERMARGEBOVEN":null,"FLEXZPONDERBEHEERMARGEONDER":null,"FLEXZPBOVENBEHEERMARGEBOVEN":null,"FLEXZPBOVENBEHEERMARGEONDER":null,"FLEXWPONDERBEHEERMARGEBOVEN":null,"FLEXWPONDERBEHEERMARGEONDER":null,"FLEXWPBOVENBEHEERMARGEBOVEN":null,"FLEXWPBOVENBEHEERMARGEONDER":null,"OBJECTID2":57}},{"type":"Feature","id":58,"geometry":{"type":"Polygon","coordinates":[[[96717.611000001431,457426.51300000027],[96723.548999998719,456993.33500000089],[96794.403000000864,456994.39900000021],[97065.83900000155,456999.98999999836],[97078.432999998331,457000.14799999818],[97078.103000000119,457027.26799999923],[97078.168999999762,457409.98900000006],[97078.787000000477,457559.31100000069],[97077.72899999842,457650.40700000152],[96748.629000000656,457686.21799999848],[96749.144000001252,457518.89600000158],[96750.828000001609,457427.3900000006],[96717.611000001431,457426.51300000027]]]},"properties":{"ORACLE_OBJECTID":573,"CODE":"PAW_WW-25.HW77","NAAM":"Polder de Noordplas","STATUSOBJECT":"gerealiseerd","SOORTPEILGEBIED":"Hoogwatervoorziening","SOORTAFWATERING":"Gestuwd","PEILBEHERENDEINSTANTIE":"VERGUNNINGHOUDER","OPPERVLAKTE":233296,"OMTREK":2062,"OPMERKING":null,"HYPERLINK":null,"ONTHEFFING":"V60693","SOORTPEILBEHEER":"vast peil","VASTPEIL":-5.75,"ZOMERPEIL":null,"WINTERPEIL":null,"FLEXZOMERPEILONDERGRENS":null,"FLEXZOMERPEILBOVENGRENS":null,"FLEXWINTERPEILONDERGRENS":null,"FLEXWINTERPEILBOVENGRENS":null,"ZOMERPEILTEKST":"-5.75","WINTERPEILTEKST":"-5.75","INWINNENDEINSTANTIE":"Hoogheemraadschap van Rijnland","METENDEINSTANTIE":null,"INWINNINGSMETHODE":null,"DIMENSIE":"2D","NAUWKEURIGHEIDXY":null,"NAUWKEURIGHEIDZ":null,"DATUMINWINNING":1429056000000,"GEOKPOBJECTID":21,"LAST_EDITED_DATE":1726934526000,"STATUSPEILGEBIED":"Vigerend definitief","SHAPE_AREA":0,"SHAPE_LEN":0,"BEVAT":null,"VOERTAFOP":null,"LONGITUDE":4.5391971599999996,"LATITUDE":52.101248869999999,"XCOORDINAAT":96898.199999999997,"YCOORDINAAT":457339.78000000003,"VASTBEHEERMARGEBOVEN":null,"VASTBEHEERMARGEONDER":null,"ZPBEHEERMARGEBOVEN":null,"ZPBEHEERMARGEONDER":null,"WPBEHEERMARGEONDER":null,"WPBEHEERMARGEBOVEN":null,"FLEXZPONDERBEHEERMARGEBOVEN":null,"FLEXZPONDERBEHEERMARGEONDER":null,"FLEXZPBOVENBEHEERMARGEBOVEN":null,"FLEXZPBOVENBEHEERMARGEONDER":null,"FLEXWPONDERBEHEERMARGEBOVEN":null,"FLEXWPONDERBEHEERMARGEONDER":null,"FLEXWPBOVENBEHEERMARGEBOVEN":null,"FLEXWPBOVENBEHEERMARGEONDER":null,"OBJECTID2":58}},{"type":"Feature","id":60,"geometry":{"type":"Polygon","coordinates":[[[109452.55600000173,459018.69099999964],[109451.37000000104,459019.4450000003],[109427.78200000152,459034.44200000167],[109403.29100000113,458995.92399999872],[109382.61600000039,459009.06899999827],[109369.10599999875,458987.6099999994],[109367.04100000113,458984.33100000024],[109343.39699999988,458946.77699999884],[109342.20899999887,458944.8900000006],[109327.76300000027,458921.94399999827],[109332.18299999833,458919.37099999934],[109333.28500000015,458918.73000000045],[109324.05600000173,458903.78999999911],[109316.6090000011,458908.08900000155],[109305.30099999905,458914.61699999869],[109296.9990000017,458902.23299999908],[109195.56199999899,458742.96999999881],[109172.25299999863,458706.46700000018],[109104.8209999986,458600.8599999994],[109087.61100000143,458573.90799999982],[109009.68600000069,458454.18800000101],[108972.93400000036,458397.72599999979],[108972.76199999824,458397.4609999992],[108978.14799999818,458386.34800000116],[108980.79600000009,458384.82699999958],[109000,458373.79500000179],[109017.82400000095,458363.5549999997],[109032.11899999902,458355.34299999848],[109212.16479999945,458641.16310000047],[109212.21799999848,458641.24799999967],[109214.26819999889,458644.50290000066],[109214.31610000134,458644.57889999822],[109214.68879999965,458645.17009999976],[109252.49300000072,458705.18400000036],[109364.11199999973,458878.9849999994],[109354.12700000033,458884.71599999815],[109360.16200000048,458894.32499999925],[109360.96200000122,458895.59800000116],[109371.24599999934,458890.09200000018],[109386.06199999899,458913.16200000048],[109390.24799999967,458919.85500000045],[109418.8200000003,458965.53500000015],[109452.55600000173,459018.69099999964]]]},"properties":{"ORACLE_OBJECTID":576,"CODE":"PAW_OR-4.12.HW09","NAAM":"HW 09 (Kortsteekterweg 14-16)","STATUSOBJECT":"gerealiseerd","SOORTPEILGEBIED":"Hoogwatervoorziening","SOORTAFWATERING":"Gestuwd","PEILBEHERENDEINSTANTIE":"VERGUNNINGHOUDER","OPPERVLAKTE":50752,"OMTREK":1746,"OPMERKING":null,"HYPERLINK":null,"ONTHEFFING":"V26594","SOORTPEILBEHEER":"vast peil","VASTPEIL":-2.1499999999999999,"ZOMERPEIL":null,"WINTERPEIL":null,"FLEXZOMERPEILONDERGRENS":null,"FLEXZOMERPEILBOVENGRENS":null,"FLEXWINTERPEILONDERGRENS":null,"FLEXWINTERPEILBOVENGRENS":null,"ZOMERPEILTEKST":"-2.15","WINTERPEILTEKST":"-2.15","INWINNENDEINSTANTIE":"Hoogheemraadschap van Rijnland","METENDEINSTANTIE":null,"INWINNINGSMETHODE":"digitaliseren","DIMENSIE":"2D","NAUWKEURIGHEIDXY":null,"NAUWKEURIGHEIDZ":null,"DATUMINWINNING":1467849600000,"GEOKPOBJECTID":77,"LAST_EDITED_DATE":1744725508000,"STATUSPEILGEBIED":"Vigerend definitief","SHAPE_AREA":0,"SHAPE_LEN":0,"BEVAT":null,"VOERTAFOP":null,"LONGITUDE":4.7187335299999997,"LATITUDE":52.11458382,"XCOORDINAAT":109212.66,"YCOORDINAAT":458694.89000000001,"VASTBEHEERMARGEBOVEN":null,"VASTBEHEERMARGEONDER":null,"ZPBEHEERMARGEBOVEN":null,"ZPBEHEERMARGEONDER":null,"WPBEHEERMARGEONDER":null,"WPBEHEERMARGEBOVEN":null,"FLEXZPONDERBEHEERMARGEBOVEN":null,"FLEXZPONDERBEHEERMARGEONDER":null,"FLEXZPBOVENBEHEERMARGEBOVEN":null,"FLEXZPBOVENBEHEERMARGEONDER":null,"FLEXWPONDERBEHEERMARGEBOVEN":null,"FLEXWPONDERBEHEERMARGEONDER":null,"FLEXWPBOVENBEHEERMARGEBOVEN":null,"FLEXWPBOVENBEHEERMARGEONDER":null,"OBJECTID2":60}},{"type":"Feature","id":61,"geometry":{"type":"MultiPolygon","coordinates":[[[[109688.9140000008,465014.68899999931],[109691.71599999815,465028.1799999997],[109699.77299999818,465065.46999999881],[109703.29699999839,465079.98699999973],[109706.5700000003,465097.04500000179],[109706.5540000014,465097.28400000185],[109706.3049999997,465097.98200000077],[109706.05700000003,465098.25699999928],[109705.93699999899,465098.3200000003],[109704.625,465098.34899999946],[109695.07600000128,465097.03799999878],[109633.55999999866,465088.10399999842],[109545.95499999821,465075.80000000075],[109450.15500000119,465061.94000000134],[109385.87900000066,465053.02499999851],[109383.07999999821,465052.63699999824],[109381.03200000152,464970.94900000095],[109688.9140000008,465014.68899999931]]],[[[110105.61499999836,465210.92799999937],[110112.54800000042,465228.64200000092],[110104.41899999976,465231.12700000033],[110106.29399999976,465237.11400000006],[110106.29800000042,465237.55700000003],[110106.05299999937,465237.93800000101],[110105.3209999986,465238.10599999875],[110059.45899999887,465231.57699999958],[110000.28799999878,465222.96999999881],[109903.96799999848,465208.95800000057],[109793.02600000054,465192.71000000089],[109771.62200000137,465190.13800000027],[109745.63100000098,465186.50899999961],[109741.59099999815,465185.64299999923],[109739.73000000045,465185.02299999818],[109738.96900000051,465184.52499999851],[109738.1950000003,465182.96999999881],[109734.58100000024,465165.31500000134],[109726.06100000069,465124.07200000063],[109720.00299999863,465092.0159999989],[109717.53400000185,465083.52899999917],[109715.79500000179,465075.875],[109714.33900000155,465068.92100000009],[109711.02199999988,465053.73600000143],[109704.45699999854,465023.60200000182],[109702.94999999925,465017.17199999839],[109708.87999999896,465018.11199999973],[110037.02600000054,465064.27600000054],[110038.66899999976,465064.28200000152],[110038.06500000134,465062.5709999986],[110023.62299999967,465026.24399999902],[110031.36899999902,465023.12299999967],[110105.61499999836,465210.92799999937]]]]},"properties":{"ORACLE_OBJECTID":577,"CODE":"PAW_OR-4.08.OB03","NAAM":"OB Verkerk","STATUSOBJECT":"gerealiseerd","SOORTPEILGEBIED":"Onderbemaling","SOORTAFWATERING":"Bemalen","PEILBEHERENDEINSTANTIE":"VERGUNNINGHOUDER","OPPERVLAKTE":85037,"OMTREK":1972,"OPMERKING":"PAW vergunnen (OB heeft bestaansrecht - PBS 2014)","HYPERLINK":null,"ONTHEFFING":"V60513","SOORTPEILBEHEER":"vast peil","VASTPEIL":-5.9100000000000001,"ZOMERPEIL":null,"WINTERPEIL":null,"FLEXZOMERPEILONDERGRENS":null,"FLEXZOMERPEILBOVENGRENS":null,"FLEXWINTERPEILONDERGRENS":null,"FLEXWINTERPEILBOVENGRENS":null,"ZOMERPEILTEKST":"-5.91","WINTERPEILTEKST":"-5.91","INWINNENDEINSTANTIE":"Hoogheemraadschap van Rijnland","METENDEINSTANTIE":null,"INWINNINGSMETHODE":null,"DIMENSIE":"2D","NAUWKEURIGHEIDXY":null,"NAUWKEURIGHEIDZ":null,"DATUMINWINNING":null,"GEOKPOBJECTID":18,"LAST_EDITED_DATE":1726934544000,"STATUSPEILGEBIED":"Vigerend definitief","SHAPE_AREA":0,"SHAPE_LEN":0,"BEVAT":null,"VOERTAFOP":null,"LONGITUDE":4.7256781600000002,"LATITUDE":52.172234109999998,"XCOORDINAAT":109746.78999999999,"YCOORDINAAT":465104.53000000003,"VASTBEHEERMARGEBOVEN":null,"VASTBEHEERMARGEONDER":null,"ZPBEHEERMARGEBOVEN":null,"ZPBEHEERMARGEONDER":null,"WPBEHEERMARGEONDER":null,"WPBEHEERMARGEBOVEN":null,"FLEXZPONDERBEHEERMARGEBOVEN":null,"FLEXZPONDERBEHEERMARGEONDER":null,"FLEXZPBOVENBEHEERMARGEBOVEN":null,"FLEXZPBOVENBEHEERMARGEONDER":null,"FLEXWPONDERBEHEERMARGEBOVEN":null,"FLEXWPONDERBEHEERMARGEONDER":null,"FLEXWPBOVENBEHEERMARGEBOVEN":null,"FLEXWPBOVENBEHEERMARGEONDER":null,"OBJECTID2":61}},{"type":"Feature","id":64,"geometry":{"type":"Polygon","coordinates":[[[110126.45199999958,462108.84499999881],[110509.13899999857,462255.92199999839],[110485.85000000149,462313.81100000069],[110104.85200000182,462165.36100000143],[109993.77899999917,462120.06899999827],[110000.10599999875,462070.37900000066],[110003.65700000152,462060.91000000015],[110126.45199999958,462108.84499999881]]]},"properties":{"ORACLE_OBJECTID":582,"CODE":"PAW_OR-4.09.OB49","NAAM":"OB Molenaar","STATUSOBJECT":"gerealiseerd","SOORTPEILGEBIED":"Onderbemaling","SOORTAFWATERING":"Bemalen","PEILBEHERENDEINSTANTIE":"KADASTRAAL EIGENAAR","OPPERVLAKTE":32714,"OMTREK":1193,"OPMERKING":null,"HYPERLINK":null,"ONTHEFFING":"V59297","SOORTPEILBEHEER":"vast peil","VASTPEIL":-6.1799999999999997,"ZOMERPEIL":null,"WINTERPEIL":null,"FLEXZOMERPEILONDERGRENS":null,"FLEXZOMERPEILBOVENGRENS":null,"FLEXWINTERPEILONDERGRENS":null,"FLEXWINTERPEILBOVENGRENS":null,"ZOMERPEILTEKST":"-6.18","WINTERPEILTEKST":"-6.18","INWINNENDEINSTANTIE":"Hoogheemraadschap van Rijnland","METENDEINSTANTIE":null,"INWINNINGSMETHODE":null,"DIMENSIE":"2D","NAUWKEURIGHEIDXY":null,"NAUWKEURIGHEIDZ":null,"DATUMINWINNING":1411603200000,"GEOKPOBJECTID":146,"LAST_EDITED_DATE":1753183353000,"STATUSPEILGEBIED":"Vigerend definitief","SHAPE_AREA":0,"SHAPE_LEN":0,"BEVAT":null,"VOERTAFOP":null,"LONGITUDE":4.7334392599999999,"LATITUDE":52.14605735,"XCOORDINAAT":110251.46000000001,"YCOORDINAAT":462187.35999999999,"VASTBEHEERMARGEBOVEN":null,"VASTBEHEERMARGEONDER":null,"ZPBEHEERMARGEBOVEN":null,"ZPBEHEERMARGEONDER":null,"WPBEHEERMARGEONDER":null,"WPBEHEERMARGEBOVEN":null,"FLEXZPONDERBEHEERMARGEBOVEN":null,"FLEXZPONDERBEHEERMARGEONDER":null,"FLEXZPBOVENBEHEERMARGEBOVEN":null,"FLEXZPBOVENBEHEERMARGEONDER":null,"FLEXWPONDERBEHEERMARGEBOVEN":null,"FLEXWPONDERBEHEERMARGEONDER":null,"FLEXWPBOVENBEHEERMARGEBOVEN":null,"FLEXWPBOVENBEHEERMARGEONDER":null,"OBJECTID2":64}},{"type":"Feature","id":65,"geometry":{"type":"Polygon","coordinates":[[[107687.30900000036,458539.91899999976],[107685.25,458537.70800000057],[107683.99909999967,458536.3647999987],[107678.62939999998,458539.55220000073],[107677.53620000184,458539.47250000015],[107676.74089999869,458538.92199999839],[107672.41160000116,458531.57079999894],[107669.1875,458525.23020000011],[107667.65799999982,458522.0821999982],[107665.99029999971,458518.08029999956],[107660.47850000113,458501.4272999987],[107641.76810000092,458374.56399999931],[107640.5390000008,458366.38309999928],[107639.22439999878,458356.62489999831],[107637.74549999833,458346.18609999865],[107635.7723999992,458329.86059999838],[107624.75679999962,458238.2351000011],[107616.52490000054,458158.4990000017],[107615.8590000011,458152.59710000083],[107615.84540000185,458152.47569999844],[107614.78929999843,458141.43439999968],[107614.41539999843,458136.07290000096],[107613.30700000003,458124.60269999877],[107619.85300000012,458122.07299999893],[107653.03400000185,458109.2509999983],[107738.44299999997,458076.7650000006],[107742.31599999964,458097.51099999994],[107753.21599999815,458180.54699999839],[107753.70399999991,458186.03700000048],[107753.73000000045,458186.32899999991],[107746.13699999824,458187.76000000164],[107747.86400000006,458200],[107750.55999999866,458219.09200000018],[107752.33300000057,458218.71799999848],[107762.4290000014,458217.76799999923],[107760.2509999983,458227.9299999997],[107761.68600000069,458245.87000000104],[107780.58199999854,458391.77600000054],[107793.73800000176,458488.88800000027],[107794.14900000021,458497.11400000006],[107687.30900000036,458539.91899999976]]]},"properties":{"ORACLE_OBJECTID":583,"CODE":"PAW_WW-26.OB03","NAAM":"OB J. Bulk I","STATUSOBJECT":"gerealiseerd","SOORTPEILGEBIED":"Onderbemaling","SOORTAFWATERING":"Bemalen","PEILBEHERENDEINSTANTIE":"KADASTRAAL EIGENAAR","OPPERVLAKTE":56635,"OMTREK":1127,"OPMERKING":null,"HYPERLINK":null,"ONTHEFFING":null,"SOORTPEILBEHEER":"seizoensgebonden peil (vast)","VASTPEIL":null,"ZOMERPEIL":-2.8199999999999998,"WINTERPEIL":-2.9199999999999999,"FLEXZOMERPEILONDERGRENS":null,"FLEXZOMERPEILBOVENGRENS":null,"FLEXWINTERPEILONDERGRENS":null,"FLEXWINTERPEILBOVENGRENS":null,"ZOMERPEILTEKST":"-2.82","WINTERPEILTEKST":"-2.92","INWINNENDEINSTANTIE":"Hoogheemraadschap van Rijnland","METENDEINSTANTIE":null,"INWINNINGSMETHODE":null,"DIMENSIE":"2D","NAUWKEURIGHEIDXY":null,"NAUWKEURIGHEIDZ":null,"DATUMINWINNING":1386806400000,"GEOKPOBJECTID":25,"LAST_EDITED_DATE":1726934527000,"STATUSPEILGEBIED":"Vigerend definitief","SHAPE_AREA":0,"SHAPE_LEN":0,"BEVAT":null,"VOERTAFOP":null,"LONGITUDE":4.6967591500000001,"LATITUDE":52.11098277,"XCOORDINAAT":107703.73,"YCOORDINAAT":458308.34000000003,"VASTBEHEERMARGEBOVEN":null,"VASTBEHEERMARGEONDER":null,"ZPBEHEERMARGEBOVEN":null,"ZPBEHEERMARGEONDER":null,"WPBEHEERMARGEONDER":null,"WPBEHEERMARGEBOVEN":null,"FLEXZPONDERBEHEERMARGEBOVEN":null,"FLEXZPONDERBEHEERMARGEONDER":null,"FLEXZPBOVENBEHEERMARGEBOVEN":null,"FLEXZPBOVENBEHEERMARGEONDER":null,"FLEXWPONDERBEHEERMARGEBOVEN":null,"FLEXWPONDERBEHEERMARGEONDER":null,"FLEXWPBOVENBEHEERMARGEBOVEN":null,"FLEXWPBOVENBEHEERMARGEONDER":null,"OBJECTID2":65}},{"type":"Feature","id":66,"geometry":{"type":"Polygon","coordinates":[[[108292.89799999818,458418.08500000089],[108302.35099999979,458446.55999999866],[108304.32800000161,458454.38199999928],[108308.81599999964,458465.96499999985],[108315.52400000021,458485.35700000077],[108293.6799999997,458492.91299999878],[108291.05299999937,458493.6959999986],[108279.54500000179,458497.125],[108277.39499999955,458497.7659999989],[108227.12799999863,458512.74300000072],[108224.52899999917,458513.66899999976],[108219.6799999997,458514.80700000003],[108219.67599999905,458514.81399999931],[108219.77100000158,458515.21700000018],[108214.47800000012,458516.86600000039],[108211.6099999994,458506.6959999986],[108210.44999999925,458501.11899999902],[108210.20300000161,458499.53799999878],[108210.13500000164,458499.10000000149],[108209.95300000161,458496.1099999994],[108217.36100000143,458446.23600000143],[108217.00600000098,458438.08700000122],[108215.94200000167,458432.40599999949],[108211.98000000045,458427.79899999872],[108200.57699999958,458417.875],[108199.38399999961,458417.26199999824],[108198.04500000179,458417.27299999818],[108195.1790000014,458417.99799999967],[108184.82200000063,458420.43400000036],[108171.12299999967,458423.82999999821],[108151.80200000107,458429.14999999851],[108150.17700000107,458429.63500000164],[108148.01000000164,458430.28200000152],[108145.80200000107,458422.36300000176],[108128.79100000113,458361.37700000033],[108123.99500000104,458348.28299999982],[108123.83900000155,458347.85599999875],[108123.60799999908,458347.46400000155],[108123.36400000006,458347.04800000042],[108123.04399999976,458346.68699999899],[108122.71200000122,458346.31199999899],[108122.31199999899,458346.00899999961],[108121.90300000086,458345.70100000128],[108121.44000000134,458345.48099999875],[108120.97700000182,458345.26199999824],[108120.47899999842,458345.1409999989],[108119.99100000039,458345.02299999818],[108119.48999999836,458345.00400000066],[108119.00800000131,458344.98600000143],[108118.53200000152,458345.05999999866],[108118.08300000057,458345.12999999896],[108117.65300000086,458345.28000000119],[108109.41299999878,458348.56799999997],[108059.97599999979,458365.7659999989],[108058.57999999821,458360.54800000042],[108054.57699999958,458345.59099999815],[108032.39699999988,458271.79500000179],[108027.14200000092,458256.47800000012],[108024.44700000063,458246.36300000176],[108020.51000000164,458232.78000000119],[108016.96700000018,458219.82499999925],[108010.81599999964,458199.16800000146],[108006.16499999911,458182.54800000042],[108002.87799999863,458171.36899999902],[107997.66600000113,458153.63899999857],[107990.50400000066,458127.86499999836],[107977.09800000116,458078.77699999884],[107964.33300000057,458034.63199999928],[107953.88500000164,457999.15300000086],[107952.37900000066,457994.03700000048],[107952.37900000066,457994.00499999896],[107952.57499999925,457993.78999999911],[107988.875,457979.80700000003],[108001.09200000018,457975.03099999949],[108049.70699999854,457956.02600000054],[108090.54899999872,457940.22899999842],[108130.43100000173,457924.92199999839],[108162.85300000012,457912.57600000128],[108164.5549999997,457911.97700000182],[108165.58500000089,457911.69999999925],[108165.93600000069,457911.69999999925],[108167.60000000149,457915.10000000149],[108197.69900000095,457989.82899999991],[108202.27699999884,458001.12700000033],[108225.1799999997,458057.65500000119],[108258.34299999848,458138.57999999821],[108301.36699999869,458244.59400000051],[108312.48699999973,458271.17300000042],[108315.06100000069,458278.1950000003],[108315.15900000185,458278.68100000173],[108315.12900000066,458278.88699999824],[108314.57899999991,458279.43699999899],[108290.10500000045,458288.94700000063],[108275.78000000119,458294.14299999923],[108266.91299999878,458296.59099999815],[108263.93800000101,458297.82400000095],[108259.38800000027,458299.53999999911],[108257.88599999994,458300.43899999931],[108256.7509999983,458301.4459999986],[108255.79800000042,458302.53700000048],[108255.03200000152,458303.95399999991],[108254.53999999911,458305.61800000072],[108254.42300000042,458307.31300000101],[108254.43800000101,458309.10300000012],[108254.6959999986,458310.93499999866],[108254.97300000116,458312.1240000017],[108256.57499999925,458316.05099999905],[108257.25899999961,458317.60000000149],[108257.9990000017,458319.66600000113],[108264.34699999914,458338.03299999982],[108265.15399999917,458341.44700000063],[108273.58500000089,458366.06100000069],[108273.59699999914,458366.09400000051],[108288.09699999914,458405.42599999905],[108292.89799999818,458418.08500000089]]]},"properties":{"ORACLE_OBJECTID":584,"CODE":"PAW_WW-26.OB05","NAAM":"OB J. Bulk III","STATUSOBJECT":"gerealiseerd","SOORTPEILGEBIED":"Onderbemaling","SOORTAFWATERING":"Bemalen","PEILBEHERENDEINSTANTIE":"KADASTRAAL EIGENAAR","OPPERVLAKTE":119697,"OMTREK":1692,"OPMERKING":null,"HYPERLINK":null,"ONTHEFFING":null,"SOORTPEILBEHEER":"vast peil","VASTPEIL":-2.7999999999999998,"ZOMERPEIL":null,"WINTERPEIL":null,"FLEXZOMERPEILONDERGRENS":null,"FLEXZOMERPEILBOVENGRENS":null,"FLEXWINTERPEILONDERGRENS":null,"FLEXWINTERPEILBOVENGRENS":null,"ZOMERPEILTEKST":"-2.80","WINTERPEILTEKST":"-2.80","INWINNENDEINSTANTIE":"Hoogheemraadschap van Rijnland","METENDEINSTANTIE":null,"INWINNINGSMETHODE":null,"DIMENSIE":"2D","NAUWKEURIGHEIDXY":null,"NAUWKEURIGHEIDZ":null,"DATUMINWINNING":1389139200000,"GEOKPOBJECTID":115,"LAST_EDITED_DATE":1726934523000,"STATUSPEILGEBIED":"Vigerend definitief","SHAPE_AREA":0,"SHAPE_LEN":0,"BEVAT":null,"VOERTAFOP":null,"LONGITUDE":4.7030521800000002,"LATITUDE":52.110174030000003,"XCOORDINAAT":108133.95,"YCOORDINAAT":458214.28000000003,"VASTBEHEERMARGEBOVEN":null,"VASTBEHEERMARGEONDER":null,"ZPBEHEERMARGEBOVEN":null,"ZPBEHEERMARGEONDER":null,"WPBEHEERMARGEONDER":null,"WPBEHEERMARGEBOVEN":null,"FLEXZPONDERBEHEERMARGEBOVEN":null,"FLEXZPONDERBEHEERMARGEONDER":null,"FLEXZPBOVENBEHEERMARGEBOVEN":null,"FLEXZPBOVENBEHEERMARGEONDER":null,"FLEXWPONDERBEHEERMARGEBOVEN":null,"FLEXWPONDERBEHEERMARGEONDER":null,"FLEXWPBOVENBEHEERMARGEBOVEN":null,"FLEXWPBOVENBEHEERMARGEONDER":null,"OBJECTID2":66}},{"type":"Feature","id":67,"geometry":{"type":"Polygon","coordinates":[[[112344.93939999864,462173.59769999981],[112343.86250000075,462176.70839999989],[112342.45369999856,462181.70230000094],[112340.66890000179,462187.50780000165],[112340.14799999818,462188.9021999985],[112339.90419999883,462189.30490000173],[112339.69750000164,462189.56780000031],[112339.36439999938,462189.78079999983],[112338.85909999907,462189.92159999907],[112338.14750000089,462189.90890000015],[112337.26330000162,462189.8172999993],[112335.98330000043,462189.5064000003],[112329.99269999936,462187.32059999928],[112324.78139999881,462184.84580000117],[112318.54830000177,462182.46590000018],[112313.90799999982,462180.72179999948],[112312.25059999898,462179.70199999958],[112311.18250000104,462178.70329999924],[112310.7360999994,462178.13039999828],[112310.27439999953,462177.33850000054],[112309.86050000042,462176.63190000132],[112309.16070000082,462175.68809999898],[112308.01880000159,462174.80660000071],[112307.29969999939,462174.29450000077],[112306.42440000176,462173.71979999915],[112306.20210000128,462173.62049999833],[112305.42119999975,462173.26920000091],[112305.21330000088,462173.30260000005],[112303.86239999905,462173.51920000091],[112302.03550000116,462175.08419999853],[112301.69729999825,462175.30799999833],[112301.3936999999,462175.50879999995],[112300.86340000108,462175.71939999983],[112300.3471999988,462175.7751000002],[112299.70930000022,462175.70459999889],[112299.04679999873,462175.57479999959],[112293.64240000024,462174.03249999881],[112291.48020000011,462173.43019999936],[112289.28029999882,462172.68299999833],[112285.96319999918,462171.55849999934],[112281.90370000154,462170.36059999838],[112275.43859999999,462168.26539999992],[112273.68329999968,462167.65019999817],[112273.01999999955,462167.24020000175],[112272.2890000008,462166.66470000148],[112271.82860000059,462166.18070000038],[112271.51069999859,462165.71130000055],[112271.4123999998,462165.2910999991],[112271.61780000106,462163.77980000153],[112272.64719999954,462161.17529999837],[112273.7611999996,462158.99509999901],[112274.15049999952,462158.11490000039],[112275.74489999935,462153.71220000088],[112276.13129999861,462152.67060000077],[112276.60649999976,462151.72509999946],[112277.14799999818,462150.66000000015],[112280.03420000151,462142.50019999966],[112282.04639999941,462137.26720000058],[112285.02100000158,462130.01559999958],[112287.27230000123,462124.46189999953],[112288.61290000007,462121.07470000163],[112289.41319999844,462119.05279999971],[112289.76130000129,462118.04069999978],[112291.79890000075,462112.11600000039],[112294.38360000029,462105.38540000096],[112296.97159999982,462098.03500000015],[112299.89609999955,462090.68219999969],[112300.64029999822,462088.35029999912],[112304.10000000149,462079.27259999886],[112307.17159999907,462070.3925999999],[112311.95270000026,462057.92509999871],[112312.43969999999,462055.91710000113],[112312.64550000057,462055.06899999827],[112312.73970000073,462054.00739999861],[112312.70670000091,462053.8574000001],[112312.50569999963,462052.94240000099],[112312.46939999983,462052.7771999985],[112312.34039999917,462052.56749999896],[112312.01509999856,462052.03860000148],[112311.90659999847,462051.88379999995],[112310.29140000045,462051.27259999886],[112307.71319999918,462050.29690000042],[112306.95919999853,462050.01159999892],[112306.70069999993,462050.01529999822],[112305.9860999994,462050.25039999932],[112305.3936999999,462050.60790000111],[112304.93279999867,462051.04870000109],[112304.45230000094,462051.69509999827],[112303.73930000141,462052.65450000018],[112302.70080000162,462055.18980000168],[112302.62249999866,462055.42100000009],[112300.76550000161,462060.90630000085],[112298.64130000025,462067.09519999847],[112297.13919999823,462071.2938000001],[112295.59039999917,462075.26399999857],[112295.01209999993,462076.5727000013],[112294.59349999949,462077.59099999815],[112293.95580000058,462078.79580000043],[112292.00930000097,462083.87829999998],[112291.27149999887,462085.76720000058],[112284.89570000023,462102.87079999968],[112283.059799999,462107.61369999871],[112279.53830000013,462116.80999999866],[112278.19839999825,462120.61389999837],[112277.7237999998,462121.82930000126],[112276.85480000079,462123.70169999823],[112274.31920000166,462131.11930000037],[112270.73259999976,462141.51920000091],[112269.6425999999,462144.61989999935],[112268.55000000075,462147.72800000012],[112268.21519999951,462148.71130000055],[112266.48220000044,462153.80000000075],[112265.76940000057,462156.08790000156],[112265.42799999937,462158.36690000072],[112264.40249999985,462161.06549999863],[112263.41369999945,462161.63210000098],[112262.39699999988,462161.82510000095],[112262.09739999846,462161.81599999964],[112261.48220000044,462161.65150000155],[112260.87220000103,462161.44449999928],[112258.94299999997,462160.66070000082],[112250.47810000181,462157.52419999987],[112244.1473999992,462155.18430000171],[112236.93189999834,462152.81560000032],[112236.1603000015,462152.37539999932],[112235.68490000069,462151.94509999827],[112234.48530000076,462150.07389999926],[112234.43320000172,462149.99240000173],[112233.87939999998,462149.12559999898],[112233.78429999948,462148.97679999843],[112232.89229999855,462147.96400000155],[112231.23460000008,462146.97210000083],[112229.60860000178,462146.41409999877],[112226.96400000155,462145.50670000166],[112226.41369999945,462145.16099999845],[112225.29069999978,462145.19590000063],[112223.40819999948,462145.81089999899],[112223.11740000173,462145.84200000018],[112222.82660000026,462145.87319999933],[112222.29270000011,462145.82499999925],[112217.86930000037,462144.50569999963],[112214.88190000132,462143.57019999996],[112209.06359999999,462140.92170000076],[112203.88019999862,462138.62640000135],[112199.77030000091,462136.73790000007],[112197.11639999971,462135.55550000072],[112194.96449999884,462134.51990000159],[112193.63100000098,462133.78510000184],[112191.91809999943,462132.36089999974],[112190.99709999934,462131.77290000021],[112190.19629999995,462131.35799999908],[112189.88650000095,462131.27670000121],[112188.8284999989,462130.99980000034],[112187.62040000036,462130.76170000061],[112186.67920000106,462130.56810000166],[112185.37929999828,462130.27919999883],[112183.96169999987,462129.88910000026],[112182.6939000003,462129.5476000011],[112181.07360000163,462129.06830000132],[112180.01700000092,462128.85640000179],[112179.01040000096,462128.53550000116],[112177.8189000003,462127.95309999958],[112172.87959999964,462125.11910000071],[112172.00580000132,462124.56289999932],[112170.97670000046,462124.04729999974],[112170.80119999871,462123.99020000175],[112169.90870000049,462123.69999999925],[112168.76099999994,462123.27690000087],[112167.5289000012,462122.92419999838],[112166.12000000104,462122.69729999825],[112163.85249999911,462122.37460000068],[112162.57660000026,462122.01099999994],[112161.62559999898,462121.6259999983],[112160.74599999934,462121.17969999835],[112160.14479999989,462120.69940000027],[112159.34789999947,462119.89799999818],[112159.13039999828,462119.67920000106],[112156.53379999846,462116.94260000065],[112155.83379999921,462116.31439999864],[112155.09059999883,462115.7974999994],[112154.8583999984,462115.63549999893],[112154.22360000014,462115.30050000176],[112153.1174999997,462114.80990000069],[112152.87939999998,462114.7771999985],[112151.15269999951,462114.5401000008],[112150.82809999958,462114.50629999861],[112148.23350000009,462114.23800000176],[112147.10399999842,462113.92449999973],[112146.37379999831,462113.66759999841],[112145.67300000042,462113.36290000007],[112145.01330000162,462113.08410000056],[112144.17660000175,462112.84099999815],[112143.1576000005,462112.56639999896],[112142.23449999839,462112.31060000136],[112141.40740000084,462111.96110000089],[112140.78680000082,462111.59369999915],[112139.87620000169,462111.06780000031],[112139.11890000105,462110.77650000155],[112138.09250000119,462110.38960000128],[112137.09109999985,462109.78489999846],[112132.98279999942,462107.85790000111],[112131.83920000121,462107.33940000087],[112130.64900000021,462106.69779999927],[112128.18640000001,462105.11740000173],[112124.53750000149,462102.33150000125],[112120.44839999825,462099.11630000174],[112119.77409999818,462098.57389999926],[112118.92590000108,462098.14200000092],[112117.55889999866,462097.81549999863],[112117.35500000045,462097.76649999991],[112116.8984999992,462097.65740000084],[112115.22980000079,462097.2452000007],[112114.89090000093,462097.16000000015],[112114.84530000016,462097.1473999992],[112111.08190000057,462096.08630000055],[112110.28689999878,462095.87000000104],[112109.35810000077,462095.63300000131],[112108.29050000012,462095.57310000062],[112106.90830000117,462095.71570000052],[112105.76000000164,462095.79940000176],[112104.91149999946,462095.80889999866],[112104.23959999904,462095.6799999997],[112103.17049999908,462095.26449999958],[112102.12950000167,462094.91479999945],[112100.22910000011,462093.79699999839],[112099.23710000142,462093.43530000001],[112098.03220000118,462093.18059999868],[112097.30840000138,462092.99100000039],[112096.71119999886,462092.63159999996],[112095.22679999843,462091.99020000175],[112093.47720000148,462091.75589999929],[112092.34809999913,462091.40769999847],[112091.16019999981,462091.15949999914],[112089.87539999932,462090.93809999898],[112089.22769999877,462090.74100000039],[112088.27659999952,462090.30480000004],[112087.73090000078,462089.89110000059],[112087.02670000121,462089.17920000106],[112086.28579999879,462088.56320000067],[112085.38589999825,462087.97949999943],[112084.60069999844,462087.37260000035],[112084.2536999993,462086.98559999838],[112083.95289999992,462086.43200000003],[112083.76929999888,462085.86430000141],[112083.62530000135,462085.14380000159],[112083.53130000085,462084.18699999899],[112083.55389999971,462083.32160000131],[112083.61369999871,462082.63699999824],[112083.7360999994,462081.80000000075],[112083.92559999973,462081.21869999915],[112084.53339999914,462080.1623999998],[112085.38839999959,462078.62510000169],[112087.63699999824,462073.40879999846],[112089.30600000173,462070.03209999949],[112090.67110000178,462067.40379999951],[112091.11300000176,462065.92370000109],[112091.41580000147,462064.73669999838],[112091.71689999849,462063.70459999889],[112092.10880000144,462062.64970000088],[112092.86230000108,462059.69959999993],[112093.89669999853,462054.56159999967],[112095.7509999983,462046.84519999847],[112096.98460000008,462042.95219999924],[112098.33549999818,462038.75429999828],[112098.96979999915,462036.70939999819],[112099.8759999983,462034.55020000041],[112100.09789999947,462033.95439999923],[112101.54219999909,462030.0764000006],[112102.09090000018,462028.62609999999],[112102.39730000123,462027.51099999994],[112102.69550000131,462026.42559999973],[112103.0064000003,462025.13470000029],[112103.43580000103,462023.52160000056],[112103.91930000111,462022.19640000165],[112104.32999999821,462021.11180000007],[112104.72549999878,462019.95430000126],[112105.61149999872,462017.54509999976],[112108.94979999959,462007.96409999952],[112110.2985999994,462003.81300000101],[112110.66789999977,462002.55110000074],[112111.02679999918,462000.99610000104],[112111.21920000017,462000.31830000132],[112112.04219999909,461998.19970000163],[112113.31540000066,461995.82299999893],[112114.95809999853,461990.77710000053],[112116.95800000057,461984.99089999869],[112119.37939999998,461978.40309999883],[112121.51779999956,461972.7034999989],[112124.01429999992,461965.74680000171],[112126.7248999998,461959.29369999841],[112128.19619999826,461955.40610000119],[112130.58960000053,461948.7463000007],[112134.35310000181,461940.00959999859],[112136.3200000003,461934.31599999964],[112139.07330000028,461927.82800000161],[112141.46790000051,461921.39719999954],[112144.34270000085,461913.8385999985],[112146.7109999992,461906.91070000082],[112149.89880000055,461898.79369999841],[112152.90230000019,461889.88100000098],[112155.02959999815,461884.96819999814],[112156.92590000108,461880.33729999885],[112157.71449999884,461878.36690000072],[112159.46990000084,461872.46079999954],[112161.96169999987,461866.30539999902],[112162.50589999929,461864.90170000121],[112164.58740000054,461859.10209999979],[112166.70430000126,461852.16840000078],[112170.41690000147,461843.21829999983],[112173.1147999987,461836.60000000149],[112175.50759999827,461829.85209999979],[112178.05029999837,461823.17390000075],[112179.71609999985,461818.0577000007],[112182.74890000001,461810.56120000035],[112185.23330000043,461804.42610000074],[112187.33839999884,461798.15610000119],[112188.4486999996,461795.02079999819],[112190.24850000069,461791.73539999872],[112192.74599999934,461785.52899999917],[112194.74289999902,461780.29949999973],[112197.83350000158,461773.21420000121],[112200.45089999959,461766.30200000107],[112202.55429999903,461760.77730000019],[112206.53810000047,461751.33229999989],[112209.65139999986,461743.04580000043],[112211.9728000015,461737.14209999889],[112213.70749999955,461732.92229999974],[112214.15590000153,461731.83159999922],[112216.94920000061,461725.13589999825],[112220.15029999986,461717.86019999906],[112223.25409999862,461710.20129999891],[112224.50930000097,461706.11529999971],[112224.99879999831,461704.52180000022],[112226.62640000135,461699.5989000015],[112227.33049999923,461698.49210000038],[112227.64350000024,461698.32110000029],[112228.26790000126,461698.23629999906],[112231.76749999821,461698.61360000074],[112236.69399999827,461699.1072999984],[112238.3471999988,461698.89829999954],[112238.99659999833,461698.51700000092],[112239.55700000003,461698.18789999932],[112239.74949999899,461697.91710000113],[112240.08100000024,461697.65300000086],[112243.78500000015,461693.14400000125],[112243.84600000083,461693.09899999946],[112244.98200000077,461693.56100000069],[112260.6959999986,461703.83399999887],[112267.26900000125,461706.35200000182],[112269.57200000063,461707.2349999994],[112282.54199999943,461709.43899999931],[112284.36899999902,461709.75],[112285.84099999815,461709.56399999931],[112287.33100000024,461709.02699999884],[112291.8759999983,461705.13399999961],[112296.08040000126,461693.85709999874],[112411.50499999896,461384.26999999955],[112481.31700000167,461410.29800000042],[112495.71799999848,461372.25499999896],[112503.10799999908,461352.91200000048],[112508.47399999946,461340.60300000012],[112509.81199999899,461337.53299999982],[112541.3740000017,461328.99399999902],[112545.61100000143,461344.65399999917],[112548.3209999986,461353.98099999875],[112548.97800000012,461356.31599999964],[112562.82999999821,461403.46999999881],[112568.89799999818,461426.11800000072],[112575.51700000092,461451.38599999994],[112576.63599999994,461455.66000000015],[112540.61199999973,461465.09600000083],[112539.6400000006,461465.42399999872],[112538.7153000012,461465.74810000136],[112537.75569999963,461466.50340000167],[112537.16459999979,461467.68569999933],[112537.03759999946,461468.18739999831],[112536.95930000022,461469.66340000182],[112537.21319999918,461472.15069999918],[112537.46119999886,461473.25719999894],[112537.75439999998,461474.48449999839],[112539.02870000154,461477.42590000108],[112539.89240000024,461480.67810000107],[112541.28489999846,461486.47630000114],[112543.13789999858,461491.99909999967],[112545.85399999842,461499.90150000155],[112546.84849999845,461505.22989999875],[112548.35469999909,461511.27290000021],[112548.53409999982,461511.99210000038],[112548.93859999999,461516.45320000127],[112549.48849999905,461521.81239999831],[112550.4384999983,461525.33529999852],[112550.59730000049,461525.92449999973],[112552.61080000177,461530.39770000055],[112553.66360000148,461532.49560000002],[112555.22250000015,461537.26999999955],[112556.25439999998,461541.38870000094],[112556.79250000045,461544.75939999893],[112556.99100000039,461546.6035999991],[112557.17139999941,461547.27879999951],[112557.50519999862,461548.52849999815],[112558.19709999859,461550.87460000068],[112559.22210000083,461553.3359999992],[112563.34109999985,461559.87440000102],[112566.23519999906,461563.65920000151],[112566.70789999887,461564.09549999982],[112567.79690000042,461565.10049999878],[112570.32539999858,461567.35709999874],[112570.80110000074,461568.27800000086],[112571.11620000005,461569.34070000052],[112571.14570000023,461570.15610000119],[112571.15210000053,461570.32479999959],[112570.99989999831,461571.06949999928],[112567.47879999876,461576.76579999924],[112565.78130000085,461579.75120000169],[112563.89409999922,461582.43679999933],[112560.87220000103,461586.31359999999],[112560.81219999865,461586.39059999958],[112557.91840000078,461590.71130000055],[112557.17309999838,461592.46920000017],[112556.95470000058,461593.46609999985],[112556.63809999824,461594.91120000184],[112556.05209999904,461600.59219999984],[112555.57569999993,461602.7666000016],[112554.89499999955,461604.6229000017],[112553.60229999945,461606.28280000016],[112552.19469999894,461607.73440000042],[112551.52580000088,461608.77490000054],[112551.14750000089,461609.98580000177],[112550.752700001,461611.91019999981],[112550.1790000014,461615.57979999855],[112549.67669999972,461617.97030000016],[112548.7025000006,461623.01089999825],[112547.70109999925,461626.50560000166],[112546.39029999822,461630.68400000036],[112543.25429999828,461637.57950000092],[112541.13940000162,461643.16250000149],[112539.43809999898,461647.19759999961],[112538.53790000081,461648.6297999993],[112536.38210000098,461651.44610000029],[112534.23440000042,461654.90839999914],[112533.68090000004,461656.066300001],[112533.14400000125,461657.51960000023],[112531.97080000117,461660.87350000069],[112531.92130000144,461661.04170000181],[112530.57380000129,461665.5540000014],[112529.67440000176,461669.84580000117],[112528.78040000051,461675.77639999986],[112528.27870000154,461679.37200000137],[112528.06019999832,461682.04019999877],[112528.05290000141,461683.94220000133],[112528.35289999843,461687.97500000149],[112528.12170000002,461689.02389999852],[112527.79500000179,461689.61430000141],[112526.79619999975,461690.59870000184],[112523.34789999947,461693.91849999875],[112522.02930000052,461696.12860000134],[112521.34499999881,461697.95169999823],[112520.62590000033,461700.5577000007],[112519.71790000051,461705.83650000021],[112518.54100000113,461709.43420000002],[112517.33199999854,461712.54600000009],[112513.21700000018,461721.21730000153],[112510.28519999981,461728.09099999815],[112508.72179999948,461731.80810000002],[112507.41200000048,461734.24060000107],[112504.38969999924,461738.37990000099],[112502.96559999883,461740.61540000141],[112501.54740000144,461744.22720000148],[112500.58850000054,461746.41250000149],[112498.26850000024,461750.57070000097],[112497.39600000158,461752.24989999831],[112496.90359999985,461753.92350000143],[112496.5784999989,461756.05590000004],[112495.79089999944,461763.94179999828],[112494.81579999998,461768.76339999959],[112494.51240000129,461772.19249999896],[112493.66860000044,461774.69799999893],[112492.53299999982,461777.98149999976],[112491.72179999948,461779.51579999924],[112489.91470000148,461782.38039999828],[112488.96249999851,461784.06030000001],[112488.15650000051,461786.40320000052],[112487.03379999846,461790.8786999993],[112484.78570000082,461799.3227000013],[112483.36899999902,461803.91039999947],[112482.21299999952,461808.46920000017],[112481.25829999894,461811.74749999866],[112480.75930000097,461813.46079999954],[112479.8414000012,461816.21200000122],[112478.91770000011,461818.98050000146],[112476.71040000021,461825.54870000109],[112474.26579999924,461832.63549999893],[112471.59019999951,461840.53500000015],[112468.43430000171,461847.68420000002],[112466.16070000082,461854.6074000001],[112463.60850000009,461861.64409999922],[112461.82809999958,461866.58879999816],[112460.87609999999,461868.36070000008],[112459.48669999838,461870.94660000131],[112457.9188000001,461873.65370000154],[112456.19000000134,461876.4263000004],[112455.37159999833,461877.81300000101],[112454.94489999861,461879.47670000046],[112454.20160000026,461882.06410000101],[112453.34569999948,461883.96750000119],[112452.66899999976,461885.92080000043],[112451.63109999895,461888.14420000091],[112449.98600000143,461891.03079999983],[112449.00400000066,461892.43560000136],[112446.12409999967,461895.17370000109],[112444.55909999833,461896.92870000005],[112443.82310000062,461897.92449999973],[112443.31390000135,461898.79360000044],[112442.46950000152,461901.55669999868],[112441.87849999964,461903.76929999888],[112441.61690000072,461907.36870000139],[112441.40599999949,461909.99450000003],[112441.18690000102,461914.4673999995],[112440.89790000021,461916.25389999896],[112439.60889999941,461920.44090000167],[112438.33850000054,461924.60200000182],[112436.78040000051,461929.15549999848],[112435.16840000078,461934.22069999948],[112432.99029999971,461939.96040000021],[112431.10709999874,461944.7435999997],[112427.73360000178,461953.09540000185],[112425.37889999896,461959.42790000141],[112423.41770000011,461964.18140000105],[112421.1895999983,461969.99700000137],[112418.16660000011,461977.58280000091],[112415.35390000045,461984.91690000147],[112412.14240000024,461993.79639999941],[112410.18059999868,461999.66809999943],[112409.51300000027,462001.47370000184],[112407.28999999911,462007.70850000158],[112404.74700000137,462014.11540000141],[112402.28249999881,462020.18499999866],[112399.60949999839,462027.29839999974],[112397.34549999982,462033.70210000128],[112396.39299999923,462036.59860000014],[112396.02789999917,462037.6854000017],[112395.51260000095,462038.80930000171],[112392.95179999992,462044.14660000056],[112389.12440000102,462052.08579999954],[112387.96970000118,462054.65399999917],[112387.14209999889,462056.96860000119],[112386.03799999878,462060.19189999998],[112385.31390000135,462063.02959999815],[112384.80119999871,462064.98519999906],[112384.34640000015,462066.27299999818],[112383.99139999971,462067.29190000147],[112383.71779999882,462068.59870000184],[112383.65890000015,462069.64840000123],[112383.52809999883,462070.59490000084],[112383.38199999928,462071.0791000016],[112381.76240000129,462074.91479999945],[112379.8200000003,462080.8702000007],[112378.14220000058,462084.94660000131],[112377.14900000021,462086.9338000007],[112376.62519999966,462087.94159999862],[112376.13549999893,462088.9197999984],[112375.53400000185,462090.1950000003],[112375.03550000116,462091.43659999967],[112374.64530000091,462092.68079999834],[112374.44379999861,462094.44720000029],[112373.93939999864,462096.00459999964],[112372.39589999989,462100.59409999847],[112370.11369999871,462106.4226000011],[112368.07600000128,462112.09540000185],[112364.98600000143,462119.55299999937],[112364.20459999889,462121.87900000066],[112363.93019999936,462122.77930000052],[112363.69269999862,462123.44629999995],[112360.89579999819,462130.65430000052],[112359.13839999959,462135.48999999836],[112357.38230000064,462140.57589999959],[112355.39490000159,462146.26570000127],[112353.46689999849,462152.24610000104],[112352.93310000002,462153.90190000087],[112351.86300000176,462156.83069999889],[112350.11659999937,462160.38390000165],[112350.10009999946,462160.41739999875],[112347.74540000036,462166.27439999953],[112345.93200000003,462170.63269999996],[112344.93939999864,462173.59769999981]]]},"properties":{"ORACLE_OBJECTID":585,"CODE":"PAW_OR-4.09.OB11","NAAM":"OB R. Rodenburg","STATUSOBJECT":"gerealiseerd","SOORTPEILGEBIED":"Onderbemaling","SOORTAFWATERING":"Bemalen","PEILBEHERENDEINSTANTIE":"VERGUNNINGHOUDER","OPPERVLAKTE":193413,"OMTREK":2489,"OPMERKING":null,"HYPERLINK":"https://zoek.officielebekendmakingen.nl/wsb-2014-2817.html","ONTHEFFING":"V59167","SOORTPEILBEHEER":"dynamisch peil","VASTPEIL":-6.25,"ZOMERPEIL":null,"WINTERPEIL":null,"FLEXZOMERPEILONDERGRENS":-6.25,"FLEXZOMERPEILBOVENGRENS":-5.9800000000000004,"FLEXWINTERPEILONDERGRENS":-6.25,"FLEXWINTERPEILBOVENGRENS":-5.9800000000000004,"ZOMERPEILTEKST":"bov:-5.98 / ond:-6.25","WINTERPEILTEKST":"bov:-5.98 / ond:-6.25","INWINNENDEINSTANTIE":"Hoogheemraadschap van Rijnland","METENDEINSTANTIE":null,"INWINNINGSMETHODE":null,"DIMENSIE":"2D","NAUWKEURIGHEIDXY":null,"NAUWKEURIGHEIDZ":null,"DATUMINWINNING":1399248000000,"GEOKPOBJECTID":101,"LAST_EDITED_DATE":1753447307000,"STATUSPEILGEBIED":"Vigerend definitief","SHAPE_AREA":0,"SHAPE_LEN":0,"BEVAT":null,"VOERTAFOP":null,"LONGITUDE":4.7638593399999998,"LATITUDE":52.142375940000001,"XCOORDINAAT":112330.08,"YCOORDINAAT":461759.46000000002,"VASTBEHEERMARGEBOVEN":null,"VASTBEHEERMARGEONDER":null,"ZPBEHEERMARGEBOVEN":null,"ZPBEHEERMARGEONDER":null,"WPBEHEERMARGEONDER":null,"WPBEHEERMARGEBOVEN":null,"FLEXZPONDERBEHEERMARGEBOVEN":null,"FLEXZPONDERBEHEERMARGEONDER":null,"FLEXZPBOVENBEHEERMARGEBOVEN":null,"FLEXZPBOVENBEHEERMARGEONDER":null,"FLEXWPONDERBEHEERMARGEBOVEN":null,"FLEXWPONDERBEHEERMARGEONDER":null,"FLEXWPBOVENBEHEERMARGEBOVEN":null,"FLEXWPBOVENBEHEERMARGEONDER":null,"OBJECTID2":67}},{"type":"Feature","id":69,"geometry":{"type":"Polygon","coordinates":[[[103572.77959999815,463562.84160000086],[103558.01790000126,463564.73779999837],[103551.67119999975,463565.55310000107],[103544.8590000011,463565.13960000128],[103495.98790000007,463554.96709999815],[103495.79500000179,463562.54910000041],[103495.72300000116,463565.37640000135],[103484.6026000008,463563.10249999911],[103472.33889999986,463560.6072999984],[103472.01080000028,463555.23770000041],[103471.77849999815,463551.4354000017],[103469.55040000007,463549.46400000155],[103464.25189999864,463544.77560000122],[103423.71579999849,463236.71389999986],[103435.50809999928,463235.16220000014],[103501.42449999973,463226.70499999821],[103506.94849999994,463226.23099999875],[103517.74870000035,463226.29839999974],[103559.19150000066,463226.55700000003],[103564.27849999815,463226.07299999893],[103587.71629999951,463224.36219999939],[103605.83320000023,463445.38780000061],[103613.0736999996,463533.72179999948],[103594.33900000155,463536.1400000006],[103593.8040000014,463536.2109999992],[103592.84899999946,463536.33700000122],[103592.57400000095,463536.37299999967],[103569.75609999895,463539.30409999937],[103572.77959999815,463562.84160000086]]]},"properties":{"ORACLE_OBJECTID":589,"CODE":"PAW_OR-3.48.OB04","NAAM":"OB A. Kroes","STATUSOBJECT":"gerealiseerd","SOORTPEILGEBIED":"Onderbemaling","SOORTAFWATERING":"Bemalen","PEILBEHERENDEINSTANTIE":"VERGUNNINGHOUDER","OPPERVLAKTE":51171,"OMTREK":985,"OPMERKING":null,"HYPERLINK":null,"ONTHEFFING":"V52535","SOORTPEILBEHEER":"vast peil","VASTPEIL":-5.4199999999999999,"ZOMERPEIL":null,"WINTERPEIL":null,"FLEXZOMERPEILONDERGRENS":null,"FLEXZOMERPEILBOVENGRENS":null,"FLEXWINTERPEILONDERGRENS":null,"FLEXWINTERPEILBOVENGRENS":null,"ZOMERPEILTEKST":"-5.42","WINTERPEILTEKST":"-5.42","INWINNENDEINSTANTIE":"Hoogheemraadschap van Rijnland","METENDEINSTANTIE":null,"INWINNINGSMETHODE":null,"DIMENSIE":"2D","NAUWKEURIGHEIDXY":null,"NAUWKEURIGHEIDZ":null,"DATUMINWINNING":1333497600000,"GEOKPOBJECTID":48,"LAST_EDITED_DATE":1726934521000,"STATUSPEILGEBIED":"Vigerend definitief","SHAPE_AREA":0,"SHAPE_LEN":0,"BEVAT":null,"VOERTAFOP":null,"LONGITUDE":4.6348956799999996,"LATITUDE":52.156324269999999,"XCOORDINAAT":103518.39,"YCOORDINAAT":463394.96000000002,"VASTBEHEERMARGEBOVEN":null,"VASTBEHEERMARGEONDER":null,"ZPBEHEERMARGEBOVEN":null,"ZPBEHEERMARGEONDER":null,"WPBEHEERMARGEONDER":null,"WPBEHEERMARGEBOVEN":null,"FLEXZPONDERBEHEERMARGEBOVEN":null,"FLEXZPONDERBEHEERMARGEONDER":null,"FLEXZPBOVENBEHEERMARGEBOVEN":null,"FLEXZPBOVENBEHEERMARGEONDER":null,"FLEXWPONDERBEHEERMARGEBOVEN":null,"FLEXWPONDERBEHEERMARGEONDER":null,"FLEXWPBOVENBEHEERMARGEBOVEN":null,"FLEXWPBOVENBEHEERMARGEONDER":null,"OBJECTID2":69}},{"type":"Feature","id":70,"geometry":{"type":"Polygon","coordinates":[[[111680.92720000073,464930.22560000047],[111679.90049999952,464930.66789999977],[111678.57420000061,464931.55220000073],[111677.3264000006,464932.8973999992],[111676.1799999997,464934.48369999975],[111675.61879999936,464935.89660000056],[111672.81190000102,464943.83359999955],[111664.22890000045,464968.10390000045],[111663.27120000124,464970.81199999899],[111663.02629999816,464971.50450000167],[111655.75739999861,464992.0588000007],[111654.04430000111,464996.90300000086],[111652.3311999999,465001.74720000103],[111651.05790000036,465005.34769999981],[111649.56030000001,465009.78610000014],[111645.58359999955,465008.20279999822],[111622.71999999881,464999.0859999992],[111451.9140000008,464933.30299999937],[111397.69790000096,464912.2164000012],[111373.93870000169,464902.97549999878],[111358.92199999839,464897.13500000164],[111339.58799999952,464889.78000000119],[111281.59980000183,464867.71819999814],[111278.37139999866,464866.48990000039],[111278.1640000008,464866.41099999845],[111276.50970000029,464865.78170000017],[111287.50829999894,464836.30700000003],[111304.02059999853,464791.96719999984],[111321.53799999878,464744.98110000044],[111339.32250000164,464697.10860000178],[111355.68149999902,464653.32779999822],[111373.17370000109,464607.05669999868],[111388.33680000156,464566.49320000038],[111393.68219999969,464551.82809999958],[111395.83410000056,464546.22679999843],[111397.53269999847,464541.42029999942],[111400.37810000032,464533.88010000065],[111402.32149999961,464528.64519999921],[111403.4439000003,464525.62159999833],[111404.5800999999,464522.69139999896],[111407.10049999878,464516.19110000134],[111409.81659999862,464509.1436999999],[111413.63479999825,464498.85979999974],[111413.74289999902,464498.56850000098],[111417.44480000064,464488.51330000162],[111420.65399999917,464480.02849999815],[111423.25010000169,464472.83920000121],[111425.77699999884,464466.15199999884],[111427.60819999874,464461.38430000097],[111429.53550000116,464455.80680000037],[111432.17410000041,464448.79210000113],[111435.7536999993,464439.66000000015],[111438.60669999942,464432.09970000014],[111440.77340000123,464426.47789999843],[111442.87790000066,464421.31060000136],[111443.91479999945,464418.40500000119],[111444.28409999982,464417.25070000067],[111444.47839999944,464416.63500000164],[111445.02549999952,464415.31060000136],[111446.80290000141,464410.77309999987],[111447.91450000182,464407.93499999866],[111450.06789999828,464401.73420000076],[111451.39350000024,464397.96909999847],[111452.12370000035,464395.89449999854],[111454.55380000174,464389.35750000179],[111456.25290000066,464384.78090000153],[111457.64319999889,464381.16420000046],[111460.24549999833,464373.82710000128],[111462.83960000053,464366.81190000102],[111463.91360000148,464363.78090000153],[111464.48490000144,464362.16890000179],[111467.55150000006,464353.9299999997],[111470.10460000113,464346.94099999964],[111472.52250000089,464340.61059999838],[111474.88479999825,464333.91519999877],[111477.37379999831,464327.26330000162],[111479.42269999906,464321.75930000097],[111481.58999999985,464316.43870000169],[111484.1612999998,464309.88800000027],[111485.77360000089,464305.9822999984],[111487.31920000166,464301.87950000167],[111488.37339999899,464299.43169999868],[111489.7575000003,464296.11529999971],[111489.86630000174,464295.90830000117],[111490.253800001,464295.4541000016],[111490.8385999985,464294.83100000024],[111490.94619999826,464294.71629999951],[111491.70450000092,464293.96460000053],[111491.9739000015,464293.88300000131],[111492.28500000015,464293.8414000012],[111492.30530000106,464293.83989999816],[111492.44680000097,464293.8515000008],[111492.9365000017,464293.99010000005],[111532.8740000017,464309.26410000026],[111669.12339999899,464362.08729999885],[111688.66319999844,464369.68620000035],[111802.7109999992,464414.03889999911],[111818.65129999816,464420.29659999907],[111887.23070000112,464447.21900000051],[111895.18629999831,464450.38289999962],[111895.76449999958,464450.74029999971],[111895.95879999921,464450.86450000107],[111897.06260000169,464451.57160000131],[111897.24430000037,464451.70780000091],[111897.44189999998,464451.85520000011],[111897.97780000046,464452.35509999841],[111898.17639999837,464452.59750000015],[111898.76709999889,464453.94649999961],[111898.87519999966,464454.41019999981],[111898.88210000098,464455.75109999999],[111898.76350000128,464456.43939999864],[111898.32620000094,464457.7564000003],[111897.73669999838,464459.18459999934],[111893.87550000101,464469.64090000093],[111893.80409999937,464469.83449999988],[111866.67990000173,464543.28869999945],[111865.73180000111,464546.02089999989],[111864.34369999915,464549.61740000173],[111864.01720000058,464550.21869999915],[111863.58619999886,464550.86620000005],[111862.52980000153,464552.45309999958],[111862.09699999914,464553.02039999887],[111861.68530000001,464553.46429999918],[111861.67639999837,464553.47140000015],[111861.54309999943,464553.57580000162],[111861.38599999994,464553.70820000023],[111861.23470000178,464553.84530000016],[111861.08830000088,464553.98750000075],[111860.94709999859,464554.13470000029],[111860.81089999899,464554.28700000048],[111860.67960000038,464554.44489999861],[111860.55469999835,464554.6063000001],[111860.43530000001,464554.7723999992],[111860.32180000097,464554.94289999828],[111860.21510000154,464555.11600000039],[111860.11360000074,464555.29419999942],[111860.01889999956,464555.47560000047],[111859.93070000038,464555.65960000083],[111859.84899999946,464555.84730000049],[111859.77389999852,464556.03759999946],[111859.69970000163,464556.24720000103],[111859.60069999844,464556.5821999982],[111859.19310000166,464558.12609999999],[111858.8674999997,464559.36290000007],[111858.84019999951,464559.74269999936],[111858.83210000023,464559.9739000015],[111858.83260000125,464560.20459999889],[111858.84129999951,464560.43510000035],[111858.85860000178,464560.66539999843],[111858.88419999927,464560.89440000057],[111858.91820000112,464561.12269999832],[111858.96049999818,464561.35000000149],[111859.01110000163,464561.57490000129],[111859.06969999894,464561.79780000076],[111859.13670000061,464562.01909999922],[111859.21159999818,464562.23750000075],[111859.27670000121,464562.40670000017],[111859.29439999908,464562.45279999822],[111859.35190000013,464562.58749999851],[111859.3396999985,464562.65989999846],[111858.44440000132,464565.92839999869],[111846.74740000069,464597.85669999942],[111844.78929999843,464603.20149999857],[111833.15949999914,464634.94629999995],[111832.45219999924,464636.86850000173],[111823.11410000175,464662.24799999967],[111818.77279999852,464674.04710000008],[111817.28480000049,464678.09129999951],[111810.98220000044,464695.22069999948],[111809.62909999862,464699.00800000131],[111808.44920000061,464701.61529999971],[111806.89889999852,464705.58350000158],[111804.99439999834,464710.5903000012],[111802.14169999957,464717.86219999939],[111799.75230000168,464723.92590000108],[111796.90790000185,464731.62790000066],[111793.9048999995,464739.75279999897],[111792.32339999825,464743.58799999952],[111790.19819999859,464749.04820000008],[111789.6446999982,464750.22349999845],[111789.20059999824,464751.51949999854],[111788.85700000077,464752.44150000066],[111788.32490000129,464753.81920000166],[111788.06430000067,464754.62750000134],[111787.77490000054,464755.58029999956],[111787.47239999846,464756.440200001],[111787.10410000011,464757.31419999897],[111786.82939999923,464758.03720000014],[111786.48250000179,464758.98209999874],[111786.0876000002,464760.11829999834],[111783.96460000053,464764.92289999872],[111782.5802000016,464768.84540000185],[111781.00919999927,464773.16470000148],[111778.3487999998,464780.11569999903],[111777.18140000105,464783.003800001],[111776.65870000049,464784.33109999821],[111776.17199999839,464785.33779999986],[111774.45129999891,464788.72549999878],[111773.67080000043,464790.50349999964],[111773.28189999983,464791.65040000156],[111773.27679999918,464791.66409999877],[111772.8590000011,464792.84120000154],[111772.5390000008,464793.88120000064],[111771.17119999975,464798.14110000059],[111767.7135999985,464807.7675999999],[111763.72879999876,464818.66770000011],[111754.97439999878,464840.33940000087],[111754.84580000117,464840.65900000185],[111754.28310000151,464841.66629999876],[111753.01379999891,464843.93870000169],[111744.15080000088,464868.38760000095],[111738.05860000104,464886.03790000081],[111736.40579999983,464890.56949999928],[111734.62570000067,464895.46350000054],[111733.55660000071,464898.5353000015],[111733.43070000038,464898.89719999954],[111733.32699999958,464899.15069999918],[111733.10929999873,464899.68310000002],[111728.12819999829,464912.62209999934],[111727.73719999939,464913.78420000151],[111725.96950000152,464918.64400000125],[111723.05710000172,464926.72140000015],[111719.97800000012,464935.89149999991],[111719.30350000039,464937.80020000041],[111718.6286999993,464939.70960000157],[111717.51830000058,464941.07380000129],[111716.2109999992,464941.57959999889],[111714.43620000035,464941.36300000176],[111699.32400000095,464935.7201000005],[111694.05820000172,464933.58610000089],[111689.2276000008,464931.76649999991],[111686.07730000094,464930.72899999842],[111685.06359999999,464930.50459999964],[111684.1352000013,464930.29910000041],[111682.36050000042,464930.09329999983],[111680.92720000073,464930.22560000047]]]},"properties":{"ORACLE_OBJECTID":590,"CODE":"PAW_OR-4.09.OB02","NAAM":"OB C.M.M. Kelder","STATUSOBJECT":"gerealiseerd","SOORTPEILGEBIED":"Onderbemaling","SOORTAFWATERING":"Bemalen","PEILBEHERENDEINSTANTIE":"VERGUNNINGHOUDER","OPPERVLAKTE":265282,"OMTREK":2095,"OPMERKING":null,"HYPERLINK":null,"ONTHEFFING":"V60579","SOORTPEILBEHEER":"dynamisch peil","VASTPEIL":-6.7400000000000002,"ZOMERPEIL":null,"WINTERPEIL":null,"FLEXZOMERPEILONDERGRENS":-6.7400000000000002,"FLEXZOMERPEILBOVENGRENS":null,"FLEXWINTERPEILONDERGRENS":-6.7400000000000002,"FLEXWINTERPEILBOVENGRENS":null,"ZOMERPEILTEKST":"bov: / ond:-6.74","WINTERPEILTEKST":"bov: / ond:-6.74","INWINNENDEINSTANTIE":"Hoogheemraadschap van Rijnland","METENDEINSTANTIE":null,"INWINNINGSMETHODE":null,"DIMENSIE":"2D","NAUWKEURIGHEIDXY":null,"NAUWKEURIGHEIDZ":null,"DATUMINWINNING":1431043200000,"GEOKPOBJECTID":71,"LAST_EDITED_DATE":1742478376000,"STATUSPEILGEBIED":"Vigerend definitief","SHAPE_AREA":0,"SHAPE_LEN":0,"BEVAT":null,"VOERTAFOP":null,"LONGITUDE":4.7526453499999999,"LATITUDE":52.168313120000001,"XCOORDINAAT":111587.7,"YCOORDINAAT":464651.81,"VASTBEHEERMARGEBOVEN":null,"VASTBEHEERMARGEONDER":null,"ZPBEHEERMARGEBOVEN":null,"ZPBEHEERMARGEONDER":null,"WPBEHEERMARGEONDER":null,"WPBEHEERMARGEBOVEN":null,"FLEXZPONDERBEHEERMARGEBOVEN":null,"FLEXZPONDERBEHEERMARGEONDER":null,"FLEXZPBOVENBEHEERMARGEBOVEN":null,"FLEXZPBOVENBEHEERMARGEONDER":null,"FLEXWPONDERBEHEERMARGEBOVEN":null,"FLEXWPONDERBEHEERMARGEONDER":null,"FLEXWPBOVENBEHEERMARGEBOVEN":null,"FLEXWPBOVENBEHEERMARGEONDER":null,"OBJECTID2":70}},{"type":"Feature","id":71,"geometry":{"type":"Polygon","coordinates":[[[115573.48600000143,464318.93600000069],[115566.18899999931,464316.44099999964],[115559.11400000006,464314.16699999943],[115548.03000000119,464310.60300000012],[115541.33199999854,464308.44999999925],[115533.71000000089,464306],[115527.02299999818,464303.70399999991],[115495.07999999821,464293.12900000066],[115488.10799999908,464291.30200000107],[115483.47800000012,464290.07699999958],[115472.72800000012,464287.23200000077],[115475.60099999979,464279.21799999848],[115505.19099999964,464196.68499999866],[115515,464164.56100000069],[115517.32999999821,464153.66099999845],[115527.95499999821,464119.75699999928],[115580.04899999872,463973.16499999911],[115584.30099999905,463961.19799999893],[115589.22399999946,463963.98600000143],[115604.42399999872,463971.66600000113],[115610.18499999866,463974.92399999872],[115619.32899999991,463981.24599999934],[115630.46700000018,463987.5009999983],[115657.06300000101,464001.6640000008],[115661.67500000075,464002.89799999818],[115672.22399999946,464005.72100000083],[115662.35099999979,464035.28099999949],[115657.1790000014,464051.2109999992],[115674.7650000006,464057.83700000122],[115658.74100000039,464103.99399999902],[115665.15599999949,464106.22199999914],[115652.79199999943,464142.20399999991],[115629.49300000072,464211.47899999842],[115605.94900000095,464279.82299999893],[115589.92599999905,464319.05099999905],[115587.95300000161,464323.88199999928],[115585.45499999821,464323.02800000086],[115579.65199999884,464321.04399999976],[115573.48600000143,464318.93600000069]]]},"properties":{"ORACLE_OBJECTID":593,"CODE":"PAW_OR-4.09.OB48","NAAM":"OB Natuurmonumenten","STATUSOBJECT":"gerealiseerd","SOORTPEILGEBIED":"Onderbemaling","SOORTAFWATERING":"Bemalen","PEILBEHERENDEINSTANTIE":"VERGUNNINGHOUDER","OPPERVLAKTE":39654,"OMTREK":918,"OPMERKING":null,"HYPERLINK":null,"ONTHEFFING":"V59229","SOORTPEILBEHEER":"vast peil","VASTPEIL":-6.3799999999999999,"ZOMERPEIL":null,"WINTERPEIL":null,"FLEXZOMERPEILONDERGRENS":null,"FLEXZOMERPEILBOVENGRENS":null,"FLEXWINTERPEILONDERGRENS":null,"FLEXWINTERPEILBOVENGRENS":null,"ZOMERPEILTEKST":"-6.38","WINTERPEILTEKST":"-6.38","INWINNENDEINSTANTIE":"Hoogheemraadschap van Rijnland","METENDEINSTANTIE":null,"INWINNINGSMETHODE":null,"DIMENSIE":"2D","NAUWKEURIGHEIDXY":null,"NAUWKEURIGHEIDZ":null,"DATUMINWINNING":1428019200000,"GEOKPOBJECTID":50,"LAST_EDITED_DATE":1753183353000,"STATUSPEILGEBIED":"Vigerend definitief","SHAPE_AREA":0,"SHAPE_LEN":0,"BEVAT":null,"VOERTAFOP":null,"LONGITUDE":4.8109656599999999,"LATITUDE":52.164034899999997,"XCOORDINAAT":115573.75,"YCOORDINAAT":464142.53999999998,"VASTBEHEERMARGEBOVEN":null,"VASTBEHEERMARGEONDER":null,"ZPBEHEERMARGEBOVEN":null,"ZPBEHEERMARGEONDER":null,"WPBEHEERMARGEONDER":null,"WPBEHEERMARGEBOVEN":null,"FLEXZPONDERBEHEERMARGEBOVEN":null,"FLEXZPONDERBEHEERMARGEONDER":null,"FLEXZPBOVENBEHEERMARGEBOVEN":null,"FLEXZPBOVENBEHEERMARGEONDER":null,"FLEXWPONDERBEHEERMARGEBOVEN":null,"FLEXWPONDERBEHEERMARGEONDER":null,"FLEXWPBOVENBEHEERMARGEBOVEN":null,"FLEXWPBOVENBEHEERMARGEONDER":null,"OBJECTID2":71}},{"type":"Feature","id":72,"geometry":{"type":"Polygon","coordinates":[[[106348.77800000086,464962.93899999931],[106350.93200000003,464973.48600000143],[106356.85399999842,465000.63899999857],[106357.47599999979,465003.49300000072],[106401.05600000173,465219.01700000092],[106411.54500000179,465272.36300000176],[106417.69299999997,465305.62700000033],[106417.67599999905,465305.7509999983],[106416.77299999818,465306.00400000066],[106401.71499999985,465305.6640000008],[106362.36199999973,465304.51099999994],[106333.26999999955,465304.08199999854],[106330.59400000051,465303.91899999976],[106324.52299999818,465303.90100000054],[106324.33399999887,465313.95300000161],[106242.28400000185,465312.41299999878],[106186.80900000036,465311.6409999989],[106185.1790000014,465311.61400000006],[106185.18100000173,465309.36100000143],[106185.18899999931,465301.73900000006],[106192.30799999833,465301.79300000146],[106206.48900000006,465301.90100000054],[106246.98900000006,465302.98000000045],[106248.18800000101,465302.95399999991],[106248.26199999824,465302.9290000014],[106248.19700000063,465301.30799999833],[106239.26199999824,465256.6790000014],[106226.77199999988,465193.65500000119],[106213.51199999824,465128.60500000045],[106195.52499999851,465040.4609999992],[106187.80900000036,465000.5700000003],[106175.90700000152,464939.03200000152],[106156.13899999857,464838.74199999869],[106144.88199999928,464780.09299999848],[106144.46400000155,464775.7340000011],[106149.78599999845,464774.69900000095],[106155.96299999952,464773.49700000137],[106178.65900000185,464769.08999999985],[106215.34800000116,464761.96499999985],[106213.62299999967,464753.07800000161],[106263.125,464742.76000000164],[106263.87000000104,464746.44900000095],[106269.17700000107,464772.74500000104],[106281.91000000015,464835.22700000182],[106308.34699999914,464968.1099999994],[106308.94999999925,464971.06399999931],[106315.4299999997,464969.74199999869],[106348.77800000086,464962.93899999931]]]},"properties":{"ORACLE_OBJECTID":560,"CODE":"PAW_OR-4.06.OB19","NAAM":"Polder Vierambacht","STATUSOBJECT":"gerealiseerd","SOORTPEILGEBIED":"Onderbemaling","SOORTAFWATERING":"Bemalen","PEILBEHERENDEINSTANTIE":"KADASTRAAL EIGENAAR","OPPERVLAKTE":84537,"OMTREK":1608,"OPMERKING":null,"HYPERLINK":null,"ONTHEFFING":null,"SOORTPEILBEHEER":"seizoensgebonden peil (vast)","VASTPEIL":null,"ZOMERPEIL":-6.2000000000000002,"WINTERPEIL":-6.3499999999999996,"FLEXZOMERPEILONDERGRENS":null,"FLEXZOMERPEILBOVENGRENS":null,"FLEXWINTERPEILONDERGRENS":null,"FLEXWINTERPEILBOVENGRENS":null,"ZOMERPEILTEKST":"-6.20","WINTERPEILTEKST":"-6.35","INWINNENDEINSTANTIE":"Hoogheemraadschap van Rijnland","METENDEINSTANTIE":null,"INWINNINGSMETHODE":null,"DIMENSIE":"2D","NAUWKEURIGHEIDXY":null,"NAUWKEURIGHEIDZ":null,"DATUMINWINNING":1397088000000,"GEOKPOBJECTID":60,"LAST_EDITED_DATE":1726934535000,"STATUSPEILGEBIED":"Vigerend definitief","SHAPE_AREA":0,"SHAPE_LEN":0,"BEVAT":null,"VOERTAFOP":null,"LONGITUDE":4.6750298600000004,"LATITUDE":52.171254699999999,"XCOORDINAAT":106281.08,"YCOORDINAAT":465028.35999999999,"VASTBEHEERMARGEBOVEN":null,"VASTBEHEERMARGEONDER":null,"ZPBEHEERMARGEBOVEN":null,"ZPBEHEERMARGEONDER":null,"WPBEHEERMARGEONDER":null,"WPBEHEERMARGEBOVEN":null,"FLEXZPONDERBEHEERMARGEBOVEN":null,"FLEXZPONDERBEHEERMARGEONDER":null,"FLEXZPBOVENBEHEERMARGEBOVEN":null,"FLEXZPBOVENBEHEERMARGEONDER":null,"FLEXWPONDERBEHEERMARGEBOVEN":null,"FLEXWPONDERBEHEERMARGEONDER":null,"FLEXWPBOVENBEHEERMARGEBOVEN":null,"FLEXWPBOVENBEHEERMARGEONDER":null,"OBJECTID2":72}},{"type":"Feature","id":73,"geometry":{"type":"Polygon","coordinates":[[[96946.754999998957,454857.20100000128],[96949.618000000715,454861.41600000113],[96943.13599999994,454926.23000000045],[96941.307999998331,454941.35300000012],[96940.644000001252,454967.27800000086],[96939.97899999842,455033.42100000009],[96938.482999999076,455145.10000000149],[96938.317000001669,455187.47800000012],[96888.307999998331,455185.37000000104],[96890.953000001609,454860.43299999833],[96911.208000000566,454860.27299999818],[96914.815999999642,454860.7239000015],[96916.017999999225,454860.87460000068],[96923.159000001848,454861.77600000054],[96924.530999999493,454861.94519999996],[96928.644999999553,454862.45300000161],[96933.306000001729,454862.15199999884],[96936.98900000006,454861.55099999905],[96940.822000000626,454860.42300000042],[96941.866099998355,454859.94310000166],[96943.603000000119,454859.14499999955],[96946.754999998957,454857.20100000128]]]},"properties":{"ORACLE_OBJECTID":562,"CODE":"PAW_WW-25.HW98","NAAM":"Polder de Noordplas","STATUSOBJECT":"gerealiseerd","SOORTPEILGEBIED":"Hoogwatervoorziening","SOORTAFWATERING":"Gestuwd","PEILBEHERENDEINSTANTIE":"VERGUNNINGHOUDER","OPPERVLAKTE":16753,"OMTREK":764,"OPMERKING":null,"HYPERLINK":null,"ONTHEFFING":"V56912","SOORTPEILBEHEER":"vast peil","VASTPEIL":-5.7000000000000002,"ZOMERPEIL":null,"WINTERPEIL":null,"FLEXZOMERPEILONDERGRENS":null,"FLEXZOMERPEILBOVENGRENS":null,"FLEXWINTERPEILONDERGRENS":null,"FLEXWINTERPEILBOVENGRENS":null,"ZOMERPEILTEKST":"-5.70","WINTERPEILTEKST":"-5.70","INWINNENDEINSTANTIE":"Hoogheemraadschap van Rijnland","METENDEINSTANTIE":null,"INWINNINGSMETHODE":null,"DIMENSIE":"2D","NAUWKEURIGHEIDXY":null,"NAUWKEURIGHEIDZ":null,"DATUMINWINNING":1393286400000,"GEOKPOBJECTID":14,"LAST_EDITED_DATE":1726934526000,"STATUSPEILGEBIED":"Vigerend definitief","SHAPE_AREA":0,"SHAPE_LEN":0,"BEVAT":null,"VOERTAFOP":null,"LONGITUDE":4.5398949000000002,"LATITUDE":52.08042373,"XCOORDINAAT":96918.960000000006,"YCOORDINAAT":455022.34000000003,"VASTBEHEERMARGEBOVEN":null,"VASTBEHEERMARGEONDER":null,"ZPBEHEERMARGEBOVEN":null,"ZPBEHEERMARGEONDER":null,"WPBEHEERMARGEONDER":null,"WPBEHEERMARGEBOVEN":null,"FLEXZPONDERBEHEERMARGEBOVEN":null,"FLEXZPONDERBEHEERMARGEONDER":null,"FLEXZPBOVENBEHEERMARGEBOVEN":null,"FLEXZPBOVENBEHEERMARGEONDER":null,"FLEXWPONDERBEHEERMARGEBOVEN":null,"FLEXWPONDERBEHEERMARGEONDER":null,"FLEXWPBOVENBEHEERMARGEBOVEN":null,"FLEXWPBOVENBEHEERMARGEONDER":null,"OBJECTID2":73}},{"type":"Feature","id":74,"geometry":{"type":"Polygon","coordinates":[[[108743.49100000039,464583.77299999818],[108735.20399999991,464589.72199999914],[108725.71499999985,464577.83199999854],[108726.33700000122,464577.39799999818],[108736.69099999964,464570.17300000042],[108743.49100000039,464583.77299999818]]]},"properties":{"ORACLE_OBJECTID":563,"CODE":"PAW_OR-4.07.HW03","NAAM":"HW Westkanaalweg 104-105","STATUSOBJECT":"gerealiseerd","SOORTPEILGEBIED":"Hoogwatervoorziening","SOORTAFWATERING":"Gestuwd","PEILBEHERENDEINSTANTIE":"KADASTRAAL EIGENAAR","OPPERVLAKTE":178,"OMTREK":54,"OPMERKING":null,"HYPERLINK":null,"ONTHEFFING":null,"SOORTPEILBEHEER":"vast peil","VASTPEIL":-1.1000000000000001,"ZOMERPEIL":null,"WINTERPEIL":null,"FLEXZOMERPEILONDERGRENS":null,"FLEXZOMERPEILBOVENGRENS":null,"FLEXWINTERPEILONDERGRENS":null,"FLEXWINTERPEILBOVENGRENS":null,"ZOMERPEILTEKST":"-1.10","WINTERPEILTEKST":"-1.10","INWINNENDEINSTANTIE":"Hoogheemraadschap van Rijnland","METENDEINSTANTIE":null,"INWINNINGSMETHODE":null,"DIMENSIE":"2D","NAUWKEURIGHEIDXY":null,"NAUWKEURIGHEIDZ":null,"DATUMINWINNING":1336003200000,"GEOKPOBJECTID":52,"LAST_EDITED_DATE":1726934526000,"STATUSPEILGEBIED":"Vigerend definitief","SHAPE_AREA":0,"SHAPE_LEN":0,"BEVAT":null,"VOERTAFOP":null,"LONGITUDE":4.7109541400000001,"LATITUDE":52.167435640000001,"XCOORDINAAT":108734.60000000001,"YCOORDINAAT":464579.95000000001,"VASTBEHEERMARGEBOVEN":null,"VASTBEHEERMARGEONDER":null,"ZPBEHEERMARGEBOVEN":null,"ZPBEHEERMARGEONDER":null,"WPBEHEERMARGEONDER":null,"WPBEHEERMARGEBOVEN":null,"FLEXZPONDERBEHEERMARGEBOVEN":null,"FLEXZPONDERBEHEERMARGEONDER":null,"FLEXZPBOVENBEHEERMARGEBOVEN":null,"FLEXZPBOVENBEHEERMARGEONDER":null,"FLEXWPONDERBEHEERMARGEBOVEN":null,"FLEXWPONDERBEHEERMARGEONDER":null,"FLEXWPBOVENBEHEERMARGEBOVEN":null,"FLEXWPBOVENBEHEERMARGEONDER":null,"OBJECTID2":74}},{"type":"Feature","id":75,"geometry":{"type":"MultiPolygon","coordinates":[[[[104695.81199999899,465038.69299999997],[104750.51799999923,465040.21299999952],[104821.13199999928,465041.39600000158],[104900.18200000003,465042.71799999848],[104970.99399999902,465044.91800000146],[104999.89499999955,465045.7890000008],[105030.34600000083,465046.70699999854],[105065.41699999943,465048.14799999818],[105070.35599999875,465048.96599999815],[105073.03200000152,465049.50600000098],[105073.64499999955,465050.04300000146],[105073.96999999881,465050.33700000122],[105076.26700000092,465058.75],[105091.12099999934,465140.06899999827],[105092.70699999854,465145.88199999928],[105093.41099999845,465150.40900000185],[105094.75899999961,465156.22800000012],[105097.21400000155,465164.77800000086],[105097.97599999979,465169.09499999881],[105101.43600000069,465195.40500000119],[105107.29600000009,465228.62099999934],[105107.35599999875,465231.58900000155],[105108.70899999887,465239.05000000075],[105114.65500000119,465274.36600000039],[105115.7349999994,465279.19700000063],[105116.9459999986,465283.29699999839],[105117.19399999827,465285.55099999905],[105116.82699999958,465285.94900000095],[105115.21200000122,465285.94200000167],[105114.30000000075,465285.85599999875],[105062.37299999967,465284.68899999931],[105000.04500000179,465283.74199999869],[104997.23099999875,465283.69999999925],[104922.36199999973,465281.3359999992],[104883.89900000021,465280.74100000039],[104831.82999999821,465279.56700000167],[104769.98699999973,465278.125],[104714.0859999992,465276.5549999997],[104672.36600000039,465275.38800000027],[104668.38500000164,465274.98299999908],[104664.44799999893,465274.96799999848],[104662.38399999961,465274.95199999958],[104659.49599999934,465254.63699999824],[104655.26900000125,465222.95100000128],[104654.15100000054,465214.61300000176],[104651.66499999911,465199.24700000137],[104645.69799999893,465160.8359999992],[104643.62700000033,465143.1099999994],[104642.1799999997,465130.71499999985],[104637.80799999833,465103.31300000101],[104629.67399999872,465051.81899999827],[104628.07800000161,465037.81500000134],[104629.38399999961,465037.96999999881],[104631.00699999928,465038.05099999905],[104651.96799999848,465037.50499999896],[104695.81199999899,465038.69299999997]]],[[[105106.46400000155,465148.33399999887],[105105.68600000069,465143.84899999946],[105099.48200000077,465107.52400000021],[105092.34699999914,465067.50499999896],[105089.34400000051,465049.29699999839],[105089.49700000137,465048.5009999983],[105089.79699999839,465048.29199999943],[105090.79300000146,465047.94000000134],[105097.01300000027,465047.91499999911],[105149.5150000006,465049.10399999842],[105256.36699999869,465051.51999999955],[105320.63500000164,465053.38199999928],[105382.6400000006,465054.82200000063],[105427.3049999997,465056.20199999958],[105514.59200000018,465059.01900000125],[105584.08500000089,465060.25],[105657.30600000173,465061.85500000045],[105708.27699999884,465063.19900000095],[105760.60000000149,465063.59200000018],[105809.52100000158,465065.12000000104],[105832.11699999869,465065.62000000104],[105834.08999999985,465065.86800000072],[105834.47199999914,465065.94200000167],[105836.46200000122,465078.28700000048],[105845.97700000182,465126.7349999994],[105846.77600000054,465130.79699999839],[105846.89299999923,465131.39200000092],[105857.63500000164,465184.64499999955],[105865.33500000089,465225.70300000161],[105868.79600000009,465245.3359999992],[105869.50899999961,465249.37900000066],[105873.15700000152,465270.07999999821],[105880.56199999899,465304.49500000104],[105882.03310000151,465311.33289999887],[105882.66499999911,465314.26999999955],[105880.7890000008,465314.70499999821],[105876.24599999934,465315.11300000176],[105866.10200000182,465315.22700000182],[105843.04100000113,465314.5540000014],[105783.99500000104,465313.11499999836],[105755.22300000116,465312.0540000014],[105724.4299999997,465311.37200000137],[105683.90900000185,465310.41099999845],[105647.04699999839,465309.41899999976],[105618.94299999997,465308.9609999992],[105578.71400000155,465307.65700000152],[105531.29699999839,465306.69900000095],[105487.25200000033,465305.69399999827],[105437.35700000077,465304.24500000104],[105373.67100000009,465302.88699999824],[105298.02600000054,465301.21900000051],[105237.48140000179,465299.8414000012],[105221.15799999982,465299.46999999881],[105135.71499999985,465297.96499999985],[105132.35599999875,465287.5150000006],[105132.00800000131,465285.99599999934],[105130.28799999878,465281.58399999887],[105128.69000000134,465277.59200000018],[105127.46400000155,465272.6409999989],[105124.27499999851,465252.15700000152],[105120.5150000006,465230.7349999994],[105119.98200000077,465227.69999999925],[105119.03200000152,465222.28799999878],[105112.33100000024,465186.13399999961],[105111.6854000017,465181.38610000163],[105110.91389999911,465172.64770000055],[105110.41699999943,465169.30099999905],[105109.77199999988,465164.95699999854],[105109.27699999884,465161.62339999899],[105106.60590000078,465149.10759999976],[105106.46400000155,465148.33399999887]]]]},"properties":{"ORACLE_OBJECTID":564,"CODE":"PAW_OR-4.06.OB08","NAAM":"Polder Vierambacht","STATUSOBJECT":"gerealiseerd","SOORTPEILGEBIED":"Onderbemaling","SOORTAFWATERING":"Bemalen","PEILBEHERENDEINSTANTIE":"VERGUNNINGHOUDER","OPPERVLAKTE":292685,"OMTREK":3380,"OPMERKING":null,"HYPERLINK":null,"ONTHEFFING":"V56452","SOORTPEILBEHEER":"seizoensgebonden peil (vast)","VASTPEIL":null,"ZOMERPEIL":-5.8399999999999999,"WINTERPEIL":-5.9900000000000002,"FLEXZOMERPEILONDERGRENS":null,"FLEXZOMERPEILBOVENGRENS":null,"FLEXWINTERPEILONDERGRENS":null,"FLEXWINTERPEILBOVENGRENS":null,"ZOMERPEILTEKST":"-5.84","WINTERPEILTEKST":"-5.99","INWINNENDEINSTANTIE":"Hoogheemraadschap van Rijnland","METENDEINSTANTIE":null,"INWINNINGSMETHODE":null,"DIMENSIE":"2D","NAUWKEURIGHEIDXY":null,"NAUWKEURIGHEIDZ":null,"DATUMINWINNING":1372982400000,"GEOKPOBJECTID":57,"LAST_EDITED_DATE":1771413738000,"STATUSPEILGEBIED":"Vigerend definitief","SHAPE_AREA":0,"SHAPE_LEN":0,"BEVAT":null,"VOERTAFOP":null,"LONGITUDE":4.66001552,"LATITUDE":52.17249348,"XCOORDINAAT":105255.37,"YCOORDINAAT":465176.37,"VASTBEHEERMARGEBOVEN":null,"VASTBEHEERMARGEONDER":null,"ZPBEHEERMARGEBOVEN":null,"ZPBEHEERMARGEONDER":null,"WPBEHEERMARGEONDER":null,"WPBEHEERMARGEBOVEN":null,"FLEXZPONDERBEHEERMARGEBOVEN":null,"FLEXZPONDERBEHEERMARGEONDER":null,"FLEXZPBOVENBEHEERMARGEBOVEN":null,"FLEXZPBOVENBEHEERMARGEONDER":null,"FLEXWPONDERBEHEERMARGEBOVEN":null,"FLEXWPONDERBEHEERMARGEONDER":null,"FLEXWPBOVENBEHEERMARGEBOVEN":null,"FLEXWPBOVENBEHEERMARGEONDER":null,"OBJECTID2":75}},{"type":"Feature","id":79,"geometry":{"type":"Polygon","coordinates":[[[101666.89600000158,457502.90799999982],[101666.96900000051,457506.16800000146],[101666.86800000072,457511.37900000066],[101666.85300000012,457516.27400000021],[101666.91499999911,457523.27600000054],[101667.19299999997,457529.37299999967],[101667.12999999896,457535.78099999949],[101667.07400000095,457540.08500000089],[101667.17700000107,457547.68699999899],[101667.28299999982,457554.46499999985],[101667.17799999937,457560.97700000182],[101667.28400000185,457567.47199999914],[101667.5540000014,457575.88699999824],[101667.66299999878,457581.6099999994],[101667.64200000092,457588.32800000161],[101667.9140000008,457595.89299999923],[101667.97899999842,457602.07400000095],[101668.16200000048,457611.29399999976],[101668.22399999946,457618.51300000027],[101668.62299999967,457625.95399999991],[101668.72899999842,457632.61199999973],[101668.78700000048,457641.15700000152],[101668.81799999997,457644.79300000146],[101668.86699999869,457649.53099999949],[101668.94799999893,457659.73099999875],[101668.94900000095,457671.20899999887],[101668.74500000104,457681.71299999952],[101668.71900000051,457691.26199999824],[101668.9290000014,457700.38300000131],[101669.16699999943,457709.09800000116],[101669.23900000006,457719.04500000179],[101669.37200000137,457729.49300000072],[101669.43699999899,457738.1240000017],[101669.53700000048,457746.54399999976],[101669.5390000008,457754.58399999887],[101669.67300000042,457763.92500000075],[101669.8590000011,457774.66299999878],[101670.11100000143,457784.89299999923],[101670.29300000146,457793.25],[101670.88199999928,457802.30700000003],[101671.46499999985,457810.04699999839],[101671.57699999958,457816.49500000104],[101671.72199999914,457822.70300000161],[101671.85000000149,457826.17500000075],[101671.90199999884,457837.86400000006],[101671.95199999958,457844.93299999833],[101671.9299999997,457851.19799999893],[101671.95600000024,457857.62799999863],[101671.9450000003,457866.48000000045],[101671.80200000107,457876.33900000155],[101671.96599999815,457886.4840000011],[101671.9609999992,457897.78099999949],[101672.27199999988,457911.52100000158],[101672.27600000054,457912.76099999994],[101672.2890000008,457916.30299999937],[101671.98200000077,457916.32999999821],[101671.07299999893,457916.40799999982],[101670.69799999893,457916.43600000069],[101668.59699999914,457916.51799999923],[101668.55700000003,457916.51900000125],[101667.97599999979,457916.54199999943],[101648.42100000009,457917.30299999937],[101647.65300000086,457913.15700000152],[101647.12900000066,457908.38599999994],[101646.91499999911,457906.53200000152],[101646.80600000173,457905.38699999824],[101646.25699999928,457893.98099999875],[101646.16000000015,457884.51399999857],[101645.79600000009,457872.37900000066],[101645.5549999997,457859.01900000125],[101645.31500000134,457847.94999999925],[101645.32699999958,457838.0150000006],[101645.30600000173,457829.42599999905],[101645.34800000116,457820.28500000015],[101645.33900000155,457812.03500000015],[101645.40700000152,457803.55600000173],[101645.1799999997,457795.14999999851],[101644.66699999943,457787.00200000033],[101644.46000000089,457779.11600000039],[101644.26399999857,457770.38899999857],[101643.6950000003,457760.73600000143],[101643.80299999937,457751.10700000077],[101643.69700000063,457742.51199999824],[101643.62099999934,457729.02400000021],[101643.66499999911,457721.06599999964],[101643.61199999973,457712.76000000164],[101643.40100000054,457703.63199999928],[101643.4609999992,457686.96200000122],[101643.34299999848,457676.92000000179],[101643.02800000086,457666.1240000017],[101643.33500000089,457658.50299999863],[101644.0859999992,457647.93899999931],[101644.31100000069,457642.52800000086],[101644.35599999875,457639.28599999845],[101644.05799999833,457630.51199999824],[101643.81100000069,457622.46999999881],[101643.49799999967,457616.42100000009],[101643.16299999878,457608.09699999914],[101642.8359999992,457600.53999999911],[101642.59800000116,457589.1240000017],[101642.15900000185,457578.80799999833],[101641.94200000167,457569.48699999973],[101641.97599999979,457560.0150000006],[101641.80999999866,457551.59400000051],[101641.72100000083,457542.50499999896],[101641.5859999992,457532.98900000006],[101641.44200000167,457522.49700000137],[101641.22599999979,457513.38899999857],[101640.69799999893,457502.57499999925],[101640.69399999827,457502.2109999992],[101640.66899999976,457500.22700000182],[101641.19000000134,457500.21900000051],[101647.25,457500.15100000054],[101648.37200000137,457500.13800000027],[101661.55200000107,457499.99100000039],[101661.59200000018,457502.28000000119],[101662.06700000167,457502.27800000086],[101662.81899999827,457502.27499999851],[101665.07400000095,457502.26700000092],[101666.8900000006,457502.26000000164],[101666.89600000158,457502.90799999982]]]},"properties":{"ORACLE_OBJECTID":568,"CODE":"PAW_WW-20.OB01","NAAM":"OB De Groot","STATUSOBJECT":"gerealiseerd","SOORTPEILGEBIED":"Onderbemaling","SOORTAFWATERING":"Bemalen","PEILBEHERENDEINSTANTIE":"KADASTRAAL EIGENAAR","OPPERVLAKTE":10642,"OMTREK":884,"OPMERKING":null,"HYPERLINK":null,"ONTHEFFING":null,"SOORTPEILBEHEER":"vast peil","VASTPEIL":-2.6499999999999999,"ZOMERPEIL":null,"WINTERPEIL":null,"FLEXZOMERPEILONDERGRENS":null,"FLEXZOMERPEILBOVENGRENS":null,"FLEXWINTERPEILONDERGRENS":null,"FLEXWINTERPEILBOVENGRENS":null,"ZOMERPEILTEKST":"-2.65","WINTERPEILTEKST":"-2.65","INWINNENDEINSTANTIE":"Hoogheemraadschap van Rijnland","METENDEINSTANTIE":null,"INWINNINGSMETHODE":"digitaliseren","DIMENSIE":"2D","NAUWKEURIGHEIDXY":null,"NAUWKEURIGHEIDZ":null,"DATUMINWINNING":null,"GEOKPOBJECTID":6,"LAST_EDITED_DATE":1726934548000,"STATUSPEILGEBIED":"Vigerend definitief","SHAPE_AREA":0,"SHAPE_LEN":0,"BEVAT":null,"VOERTAFOP":null,"LONGITUDE":4.6085809600000003,"LATITUDE":52.105043139999999,"XCOORDINAAT":101656.48,"YCOORDINAAT":457708.65000000002,"VASTBEHEERMARGEBOVEN":null,"VASTBEHEERMARGEONDER":null,"ZPBEHEERMARGEBOVEN":null,"ZPBEHEERMARGEONDER":null,"WPBEHEERMARGEONDER":null,"WPBEHEERMARGEBOVEN":null,"FLEXZPONDERBEHEERMARGEBOVEN":null,"FLEXZPONDERBEHEERMARGEONDER":null,"FLEXZPBOVENBEHEERMARGEBOVEN":null,"FLEXZPBOVENBEHEERMARGEONDER":null,"FLEXWPONDERBEHEERMARGEBOVEN":null,"FLEXWPONDERBEHEERMARGEONDER":null,"FLEXWPBOVENBEHEERMARGEBOVEN":null,"FLEXWPBOVENBEHEERMARGEONDER":null,"OBJECTID2":79}},{"type":"Feature","id":85,"geometry":{"type":"Polygon","coordinates":[[[96753.962400000542,463137.2089000009],[96765.699400000274,463138.41640000045],[96800.81760000065,463142.23079999909],[96820.310499999672,463156.4525000006],[96824.892999999225,463159.76399999857],[96836.056499999017,463168.16750000045],[96837.092199999839,463168.9140000008],[96831.576000001281,463176.56700000167],[96819.044799998403,463193.53310000151],[96818.592399999499,463194.14559999853],[96805.699499998242,463198.91750000045],[96783.28200000152,463224.14909999818],[96779.749299999326,463221.02659999952],[96775.857000000775,463217.58630000055],[96771.132100000978,463213.13369999826],[96778.674199998379,463205.13019999862],[96780.08900000155,463203.62900000066],[96789.947999998927,463193.16699999943],[96795.219000000507,463187.39900000021],[96799.618000000715,463181.2659999989],[96802.938000001013,463175.69099999964],[96803.965999998152,463172.04699999839],[96804.153000000864,463168.30900000036],[96803.357999999076,463164.19700000063],[96801.629000000656,463160.97199999914],[96798.918999999762,463158.21599999815],[96793.638999998569,463154.99100000039],[96788.453000001609,463152.88899999857],[96782.331000000238,463151.01999999955],[96777.238000001758,463149.9450000003],[96765.55700000003,463148.26300000027],[96749.670000001788,463146.39400000125],[96729.951000001281,463144.47800000012],[96729.546000000089,463144.44299999997],[96730.442200001329,463136.08399999887],[96734.569299999624,463136.52650000155],[96740.477000001818,463137.14629999921],[96741.384500000626,463137.08949999884],[96744.938700001687,463136.79199999943],[96747.116500001401,463136.61050000042],[96753.962400000542,463137.2089000009]]]},"properties":{"ORACLE_OBJECTID":595,"CODE":"PAW_OR-3.35.1.1.HW01","NAAM":"Munniken-, Zijllaan en Meijepolder","STATUSOBJECT":"gerealiseerd","SOORTPEILGEBIED":"Hoogwatervoorziening","SOORTAFWATERING":"Gestuwd","PEILBEHERENDEINSTANTIE":"KADASTRAAL EIGENAAR","OPPERVLAKTE":2501,"OMTREK":359,"OPMERKING":null,"HYPERLINK":null,"ONTHEFFING":null,"SOORTPEILBEHEER":"vast peil","VASTPEIL":-1.2,"ZOMERPEIL":null,"WINTERPEIL":null,"FLEXZOMERPEILONDERGRENS":null,"FLEXZOMERPEILBOVENGRENS":null,"FLEXWINTERPEILONDERGRENS":null,"FLEXWINTERPEILBOVENGRENS":null,"ZOMERPEILTEKST":"-1.20","WINTERPEILTEKST":"-1.20","INWINNENDEINSTANTIE":"Hoogheemraadschap van Rijnland","METENDEINSTANTIE":null,"INWINNINGSMETHODE":null,"DIMENSIE":"2D","NAUWKEURIGHEIDXY":null,"NAUWKEURIGHEIDZ":null,"DATUMINWINNING":1404432000000,"GEOKPOBJECTID":134,"LAST_EDITED_DATE":1726934526000,"STATUSPEILGEBIED":"Vigerend definitief","SHAPE_AREA":0,"SHAPE_LEN":0,"BEVAT":null,"VOERTAFOP":null,"LONGITUDE":4.53652166,"LATITUDE":52.1537249,"XCOORDINAAT":96783.320000000007,"YCOORDINAAT":463180.12,"VASTBEHEERMARGEBOVEN":null,"VASTBEHEERMARGEONDER":null,"ZPBEHEERMARGEBOVEN":null,"ZPBEHEERMARGEONDER":null,"WPBEHEERMARGEONDER":null,"WPBEHEERMARGEBOVEN":null,"FLEXZPONDERBEHEERMARGEBOVEN":null,"FLEXZPONDERBEHEERMARGEONDER":null,"FLEXZPBOVENBEHEERMARGEBOVEN":null,"FLEXZPBOVENBEHEERMARGEONDER":null,"FLEXWPONDERBEHEERMARGEBOVEN":null,"FLEXWPONDERBEHEERMARGEONDER":null,"FLEXWPBOVENBEHEERMARGEBOVEN":null,"FLEXWPBOVENBEHEERMARGEONDER":null,"OBJECTID2":85}},{"type":"Feature","id":86,"geometry":{"type":"Polygon","coordinates":[[[107869.97800000012,463127.13899999857],[107868.25169999897,463129.46579999849],[107865.73200000077,463132.86199999973],[107863.90399999917,463135.32499999925],[107858.11600000039,463143.12299999967],[107852.33500000089,463151.39600000158],[107850.72700000182,463153.24799999967],[107849.38800000027,463154.11899999902],[107848.94099999964,463154.25200000033],[107848.58999999985,463154.22300000116],[107848.35099999979,463154.07699999958],[107847.54399999976,463153.21200000122],[107846.51199999824,463151.6959999986],[107844.6790000014,463148.13399999961],[107838.56500000134,463126.88899999857],[107838.21999999881,463122.45899999887],[107838.98000000045,463119.11600000039],[107841.16699999943,463114.30299999937],[107848.4450000003,463103.16800000146],[107850.6090000011,463100.53200000152],[107850.04800000042,463097.04699999839],[107848.18499999866,463094.8909999989],[107845.67799999937,463093.4990000017],[107842.15700000152,463093.89900000021],[107839.81300000101,463096.91499999911],[107832.68699999899,463106.96799999848],[107832.28700000048,463107.29300000146],[107832.1259999983,463107.30900000036],[107831.81199999899,463107.23299999908],[107830.62000000104,463105.93400000036],[107829.15500000119,463103.68899999931],[107825.94700000063,463096.38100000098],[107818.95699999854,463079.07499999925],[107817.40300000086,463075.32499999925],[107816.96000000089,463072.00499999896],[107815.44700000063,463068.80299999937],[107815.31300000101,463067.96799999848],[107816.8909999989,463066.11400000006],[107818.63699999824,463064.97899999842],[107821.59699999914,463064.09400000051],[107824.44200000167,463061.35399999842],[107829.05099999905,463058.68299999833],[107836.35599999875,463055.12000000104],[107839.05799999833,463053.24700000137],[107839.79500000179,463049.0150000006],[107837.51199999824,463046.26099999994],[107835.72300000116,463044.58799999952],[107834.50299999863,463041.80700000003],[107833.59200000018,463039.39999999851],[107833.98800000176,463037.47100000083],[107835.3759999983,463034.22599999979],[107835.73600000143,463030.36600000039],[107834.67599999905,463026.73800000176],[107831.14200000092,463024.30600000173],[107827.79800000042,463024.58199999854],[107824.64299999923,463025.59200000018],[107821.65100000054,463029.86400000006],[107812.94799999893,463041.42500000075],[107807.09099999815,463049.08799999952],[107806.76099999994,463048.90399999917],[107805.76099999994,463047.21299999952],[107803.71999999881,463044.29500000179],[107800.06599999964,463036.6259999983],[107798.32400000095,463032.6259999983],[107796.60300000012,463027.86100000143],[107796.38599999994,463026.57299999893],[107796.31300000101,463025.13599999994],[107796.38500000164,463023.93600000069],[107797.17700000107,463022.04100000113],[107806.32699999958,463006.23200000077],[107809.53500000015,463001.71000000089],[107815.86300000176,462992.38399999961],[107815.9459999986,462992.26099999994],[107816.01700000092,462992.12999999896],[107816.43800000101,462991.35300000012],[107816.56399999931,462990.47899999842],[107816.69900000095,462989.53999999911],[107816.47700000182,462988.61800000072],[107816.25400000066,462987.69700000063],[107815.70600000024,462986.92300000042],[107815.1950000003,462986.20300000161],[107814.46599999815,462985.70499999821],[107813.73699999973,462985.20699999854],[107812.88100000098,462984.99300000072],[107811.9609999992,462984.76300000027],[107811.02100000158,462984.8909999989],[107810.08100000024,462985.01799999923],[107809.25400000066,462985.4849999994],[107808.4849999994,462985.92000000179],[107807.9140000008,462986.59400000051],[107807.8359999992,462986.68600000069],[107807.7659999989,462986.78400000185],[107799.53500000015,462998.2509999983],[107796.26099999994,463002.81300000101],[107794.8359999992,463004.58500000089],[107793.9609999992,463005.31799999997],[107793.08100000024,463005.65900000185],[107792.46499999985,463005.6959999986],[107791.93600000069,463005.5700000003],[107791.24199999869,463005.16200000048],[107788.69900000095,463003.19799999893],[107786.22199999914,463001.12900000066],[107784.30900000036,462998.89900000021],[107783.37000000104,462998.03299999982],[107782.91699999943,462997.36100000143],[107781.44799999893,462994.86699999869],[107780.62700000033,462993.21299999952],[107780.47500000149,462992.66000000015],[107780.97199999914,462991.57400000095],[107795.06500000134,462974.35000000149],[107795.7490000017,462970.24399999902],[107795.7490000017,462968.90799999982],[107795.90399999917,462968.69099999964],[107798.72500000149,462967.7509999983],[107800.6790000014,462965.79600000009],[107806.48999999836,462957.69700000063],[107809.28799999878,462953.79600000009],[107815.84499999881,462944.35300000012],[107820.69799999893,462934.10799999908],[107822.48200000077,462926.52299999818],[107821.875,462925.75699999928],[107815.41299999878,462925.75699999928],[107813.37299999967,462925.75699999928],[107809.00600000098,462932.71999999881],[107803.00400000066,462942.29100000113],[107796.63800000027,462952.73299999908],[107784.09299999848,462970.79800000042],[107776.35700000077,462977.56700000167],[107774.44000000134,462978.76099999994],[107773.65500000119,462978.97199999914],[107773.57699999958,462978.95199999958],[107772.40599999949,462977.73200000077],[107767.44900000095,462965.40599999949],[107766.68800000101,462962.93400000036],[107766.07400000095,462959.87999999896],[107765.95899999887,462956.90100000054],[107766.35700000077,462954.82600000128],[107766.81100000069,462953.18100000173],[107767.70600000024,462950.97700000182],[107769.15399999917,462947.82699999958],[107771.59699999914,462943.71499999985],[107777.32499999925,462935.31899999827],[107780.77100000158,462932.13899999857],[107784.05600000173,462928.73200000077],[107785.32699999958,462926.07299999893],[107788.33199999854,462920.35399999842],[107791.48299999908,462915.3740000017],[107793.35799999908,462911.94999999925],[107795.22100000083,462909.50800000131],[107796.93499999866,462908.41800000146],[107800.54300000146,462906.36400000006],[107804.18299999833,462903.17000000179],[107807.93299999833,462898.40700000152],[107818.29800000042,462884.3359999992],[107826.4990000017,462872.89799999818],[107827.18800000101,462872.86400000006],[107831.6799999997,462874.13500000164],[107836.60399999842,462865.49799999967],[107838.11699999869,462861.44700000063],[107850.39900000021,462843.2659999989],[107867.57800000161,462818.83900000155],[107878.68600000069,462803.56100000069],[107879.79199999943,462803.38300000131],[107880.23460000008,462803.26680000126],[107883.36699999869,462802.44399999827],[107890.87299999967,462790.76900000125],[107894.11800000072,462783.64799999818],[107898.09099999815,462776.14900000021],[107904.04699999839,462768.02800000086],[107912.32200000063,462755.66899999976],[107920.7650000006,462742.69099999964],[107928.48000000045,462729.91699999943],[107934.82200000063,462720.30900000036],[107940.58700000122,462712.05200000107],[107950.61199999973,462698.02199999988],[107956.21200000122,462689.74599999934],[107959.03299999982,462684.42199999839],[107969.1409999989,462670.55200000107],[107976.34600000083,462661.27100000158],[107979.25,462656.09099999815],[107982.71599999815,462648.37799999863],[107987.30600000173,462638.96999999881],[107989.08199999854,462633.7659999989],[107993.18200000003,462625.68299999833],[108001.15500000119,462614.34899999946],[108008.88599999994,462603.85799999908],[108011.35500000045,462600.57999999821],[108014.5709999986,462597.52299999818],[108017.35099999979,462596.04199999943],[108022.02400000021,462593.06399999931],[108024.78700000048,462589.55200000107],[108038.42799999937,462603.41299999878],[108040.34699999914,462606.65799999982],[108041.01199999824,462608.11400000006],[108042.55299999937,462611.77699999884],[108045.61800000072,462616.56700000167],[108048.01399999857,462621.09600000083],[108051.28599999845,462626.25400000066],[108052.9140000008,462631.65500000119],[108054.95899999887,462637.44700000063],[108056.17300000042,462641.66899999976],[108057.94200000167,462649.07400000095],[108059.12799999863,462655.60200000182],[108060.18899999931,462662.31100000069],[108060.99199999869,462668.96799999848],[108062.5540000014,462676.2349999994],[108063.80099999905,462683.14799999818],[108065.68899999931,462690.81399999931],[108066.9459999986,462697.84600000083],[108068.29600000009,462706.5150000006],[108068.63699999824,462711.59299999848],[108069.43400000036,462717.71400000155],[108069.9450000003,462725.36600000039],[108070.57999999821,462733.08199999854],[108072.22700000182,462745.0390000008],[108073.72800000012,462755.04100000113],[108073.61899999902,462763.4299999997],[108070.60300000012,462771.81599999964],[108066.95600000024,462777.66200000048],[108066.68699999899,462780.23099999875],[108067.61800000072,462782.22800000012],[108069.67700000107,462787.00699999928],[108072.20300000161,462790.85300000012],[108071.23099999875,462794.02600000054],[108070.07400000095,462797.37799999863],[108066.87000000104,462803.88500000164],[108047.82600000128,462830.72100000083],[108031.6950000003,462852.28400000185],[108020.36899999902,462869.3740000017],[108016.42599999905,462875.32400000095],[108016.01799999923,462877.3909999989],[108016.34200000018,462879.44700000063],[108017.2490000017,462883.21299999952],[108019.63599999994,462888.97700000182],[108021.46400000155,462893.26399999857],[108023.64499999955,462898.56799999997],[108027.36499999836,462903.73000000045],[108030.38300000131,462908.02699999884],[108032.25200000033,462912.46799999848],[108034.28099999949,462917.08300000057],[108036.99799999967,462924.36100000143],[108039.41899999976,462932.89699999988],[108040.72300000116,462938.63599999994],[108041.66899999976,462942.8040000014],[108040.64699999988,462944.09099999815],[108037.92300000042,462947.52600000054],[108036.27299999818,462950.16699999943],[108034.97500000149,462952.70199999958],[108033.33700000122,462954.67500000075],[108030.52600000054,462957.72300000116],[108028.04300000146,462961.99599999934],[108025.27400000021,462964.15199999884],[108022.70800000057,462965.45300000161],[108020.62200000137,462968.96400000155],[108019.22100000083,462971.82800000161],[108018.11800000072,462974.26199999824],[108016.76000000164,462973.76799999923],[108014.3040000014,462976.31500000134],[108013.2650000006,462979.05000000075],[108014.3759999983,462981.32299999893],[108014.16000000015,462981.63699999824],[108003.78299999982,462998.32299999893],[107989.58700000122,463017.83900000155],[107927.86300000176,463102.6950000003],[107906.42599999905,463086.90300000086],[107903.36199999973,463085.43699999899],[107900.30299999937,463086.37799999863],[107897.65399999917,463089.42700000107],[107869.97800000012,463127.13899999857]]]},"properties":{"ORACLE_OBJECTID":596,"CODE":"PAW_OR-4.18.OB01","NAAM":"OB Golfbaan I","STATUSOBJECT":"gerealiseerd","SOORTPEILGEBIED":"Onderbemaling","SOORTAFWATERING":"Bemalen","PEILBEHERENDEINSTANTIE":"KADASTRAAL EIGENAAR","OPPERVLAKTE":82122,"OMTREK":1699,"OPMERKING":null,"HYPERLINK":null,"ONTHEFFING":null,"SOORTPEILBEHEER":"seizoensgebonden peil (vast)","VASTPEIL":null,"ZOMERPEIL":-2.6299999999999999,"WINTERPEIL":-2.6800000000000002,"FLEXZOMERPEILONDERGRENS":null,"FLEXZOMERPEILBOVENGRENS":null,"FLEXWINTERPEILONDERGRENS":null,"FLEXWINTERPEILBOVENGRENS":null,"ZOMERPEILTEKST":"-2.63","WINTERPEILTEKST":"-2.68","INWINNENDEINSTANTIE":"Hoogheemraadschap van Rijnland","METENDEINSTANTIE":null,"INWINNINGSMETHODE":null,"DIMENSIE":"2D","NAUWKEURIGHEIDXY":null,"NAUWKEURIGHEIDZ":null,"DATUMINWINNING":1396915200000,"GEOKPOBJECTID":108,"LAST_EDITED_DATE":1726934522000,"STATUSPEILGEBIED":"Vigerend definitief","SHAPE_AREA":0,"SHAPE_LEN":0,"BEVAT":null,"VOERTAFOP":null,"LONGITUDE":4.69928247,"LATITUDE":52.152015919999997,"XCOORDINAAT":107919.84,"YCOORDINAAT":462871.90000000002,"VASTBEHEERMARGEBOVEN":null,"VASTBEHEERMARGEONDER":null,"ZPBEHEERMARGEBOVEN":null,"ZPBEHEERMARGEONDER":null,"WPBEHEERMARGEONDER":null,"WPBEHEERMARGEBOVEN":null,"FLEXZPONDERBEHEERMARGEBOVEN":null,"FLEXZPONDERBEHEERMARGEONDER":null,"FLEXZPBOVENBEHEERMARGEBOVEN":null,"FLEXZPBOVENBEHEERMARGEONDER":null,"FLEXWPONDERBEHEERMARGEBOVEN":null,"FLEXWPONDERBEHEERMARGEONDER":null,"FLEXWPBOVENBEHEERMARGEBOVEN":null,"FLEXWPBOVENBEHEERMARGEONDER":null,"OBJECTID2":86}},{"type":"Feature","id":88,"geometry":{"type":"Polygon","coordinates":[[[106049.70300000161,465313.89200000092],[106049.78460000083,465314.32339999825],[106056.24199999869,465348.46200000122],[106070.31100000069,465419.64400000125],[106081.17500000075,465473.39900000021],[106086.21599999815,465499.4299999997],[106093.04600000009,465534.69999999925],[106107.3909999989,465608.90500000119],[106120.86600000039,465676.06100000069],[106132.79699999839,465735.93100000173],[106147.18100000173,465808.19200000167],[106158.55099999905,465866.49300000072],[106168.41000000015,465916.39799999818],[106179.12999999896,465969.36100000143],[106185.24700000137,465999.40100000054],[106192.61899999902,466035.6099999994],[106202.29600000009,466086.7340000011],[106211.55000000075,466131.24700000137],[106215.99199999869,466153.26399999857],[106217.12200000137,466158.86699999869],[106213.753800001,466159.19849999994],[106213.64699999988,466159.20899999887],[106161.61600000039,466164.81300000101],[106126.31599999964,466168.14799999818],[106107.38599999994,466170.0150000006],[106095.60099999979,466171.20600000024],[106087.41200000048,466171.88800000027],[106086.8900000006,466169.63300000131],[106084.20699999854,466157.13599999994],[106078.24599999934,466126.59600000083],[106072.56799999997,466095.47199999914],[106066.98999999836,466067.49100000039],[106061.97800000012,466040.7659999989],[106053.80000000075,466002.80999999866],[106053.11800000072,465999.41000000015],[106048.1240000017,465974.52199999988],[106040.73600000143,465935.43100000173],[106033.74100000039,465901.87999999896],[106026.22399999946,465862.55000000075],[106019.00600000098,465824.2659999989],[106011.54399999976,465787.06599999964],[106006.51399999857,465758.20300000161],[106003.46900000051,465744.13800000027],[106002.94999999925,465741.3209999986],[106000.52699999884,465728.14999999851],[105991.00400000066,465682.12999999896],[105985.94000000134,465654.96799999848],[105972.93400000036,465587.79500000179],[105961.67599999905,465527.12299999967],[105956.47500000149,465499.4459999986],[105950.2650000006,465466.38899999857],[105940.22800000012,465416.75],[105930.65900000185,465366.82800000161],[105924.67599999905,465333.32400000095],[105922.1240000017,465316.70899999887],[105921.9851000011,465312.04500000179],[105921.85200000182,465307.57400000095],[105919.99399999902,465297.99199999869],[105918.69200000167,465295.21900000051],[105917.93100000173,465293.06899999827],[105917.4459999986,465290.86400000006],[105915.00499999896,465277.63399999961],[105905.38899999857,465228.26000000164],[105898.65500000119,465192.06500000134],[105891.63800000027,465152.73299999908],[105885.75200000033,465117.24300000072],[105882.08700000122,465092.23900000006],[105878.1259999983,465065.27899999917],[105875.94700000063,465044.48600000143],[105874.12900000066,465021.67599999905],[105871.65399999917,464999.66499999911],[105870.80299999937,464992.10000000149],[105869.18400000036,464969.12700000033],[105860.09499999881,464905.6790000014],[105848.5150000006,464849.03299999982],[105841.50899999961,464814.48299999908],[105837.49199999869,464791.99300000072],[105834.67199999839,464780.07999999821],[105831.78299999982,464766.03200000152],[105827.37299999967,464742.24199999869],[105822.01199999824,464716.58999999985],[105820.3200000003,464707.2340000011],[105820.26099999994,464706.54699999839],[105820.42100000009,464705.97100000083],[105821.02499999851,464704.87099999934],[105823.04199999943,464702.88100000098],[105843.78299999982,464698.18200000003],[105866.29399999976,464693.08199999854],[105869.84099999815,464693.18100000173],[105869.88599999994,464693.18400000036],[105881.53700000048,464693.97300000116],[105883.39200000092,464694.21599999815],[105885.36800000072,464706.65300000086],[105887.04800000042,464717.22700000182],[105895.72399999946,464716.0009999983],[105893.04800000042,464702.93200000003],[105891.50899999961,464695.41699999943],[105894.71400000155,464695.66899999976],[105913.55900000036,464697.15399999917],[105920.77800000086,464697.92700000107],[105920.83500000089,464698.15799999982],[105921.3200000003,464702.31899999827],[105923.35000000149,464709.64999999851],[105924.50499999896,464716.16499999911],[105929.12900000066,464738.17500000075],[105932.15500000119,464751.37000000104],[105932.77400000021,464752.50200000033],[105934.12999999896,464754.9840000011],[105937.22500000149,464755.41000000015],[105939.7650000006,464754.90500000119],[105941.64400000125,464753.06399999931],[105942.15100000054,464750.81599999964],[105941.89699999988,464749.40100000054],[105938.64900000021,464730.37200000137],[105934.17399999872,464701.30299999937],[105933.22700000182,464696.35200000182],[105961.30000000075,464696.21000000089],[105964.77400000021,464697.05799999833],[105966.34200000018,464695.33900000155],[105968.15100000054,464694.78400000185],[105969.21999999881,464694.69000000134],[105972.43800000101,464695.16699999943],[105974.60799999908,464696.46000000089],[105975.89299999923,464696.26900000125],[105987.92399999872,464696.65599999949],[105993.67199999839,464696.96400000155],[106001.98999999836,464697.91499999911],[106010.57800000161,464698.86800000072],[106046.31700000167,464698.54399999976],[106058.55600000173,464699.00299999863],[106062.34099999815,464699.13899999857],[106073.02800000086,464698.95100000128],[106090.67300000042,464699.59299999848],[106092.78099999949,464699.21400000155],[106094.62700000033,464698.58100000024],[106095.09800000116,464698.12700000033],[106130.67700000107,464698.72199999914],[106131.95899999887,464706.8740000017],[106134.97700000182,464730.95800000057],[106140.96400000155,464758.19299999997],[106144.28999999911,464773.91699999943],[106144.46400000155,464775.7340000011],[106144.88199999928,464780.09299999848],[106156.13899999857,464838.74199999869],[106175.90700000152,464939.03200000152],[106187.80900000036,465000.5700000003],[106195.52499999851,465040.4609999992],[106213.51199999824,465128.60500000045],[106226.77199999988,465193.65500000119],[106239.26199999824,465256.6790000014],[106248.19700000063,465301.30799999833],[106248.26199999824,465302.9290000014],[106248.18800000101,465302.95399999991],[106246.98900000006,465302.98000000045],[106206.48900000006,465301.90100000054],[106192.30799999833,465301.79300000146],[106185.18899999931,465301.73900000006],[106185.18100000173,465309.36100000143],[106185.1790000014,465311.61400000006],[106145.48000000045,465310.94999999925],[106081.20600000024,465308.8759999983],[106048.56899999827,465307.89499999955],[106049.70300000161,465313.89200000092]]]},"properties":{"ORACLE_OBJECTID":598,"CODE":"PAW_OR-4.06.OB09","NAAM":"Polder Vierambacht","STATUSOBJECT":"gerealiseerd","SOORTPEILGEBIED":"Onderbemaling","SOORTAFWATERING":"Bemalen","PEILBEHERENDEINSTANTIE":"VERGUNNINGHOUDER","OPPERVLAKTE":305357,"OMTREK":3786,"OPMERKING":null,"HYPERLINK":null,"ONTHEFFING":"V57819","SOORTPEILBEHEER":"seizoensgebonden peil (vast)","VASTPEIL":null,"ZOMERPEIL":-5.8300000000000001,"WINTERPEIL":-5.9800000000000004,"FLEXZOMERPEILONDERGRENS":null,"FLEXZOMERPEILBOVENGRENS":null,"FLEXWINTERPEILONDERGRENS":null,"FLEXWINTERPEILBOVENGRENS":null,"ZOMERPEILTEKST":"-5.83","WINTERPEILTEKST":"-5.98","INWINNENDEINSTANTIE":"Hoogheemraadschap van Rijnland","METENDEINSTANTIE":null,"INWINNINGSMETHODE":null,"DIMENSIE":"2D","NAUWKEURIGHEIDXY":null,"NAUWKEURIGHEIDZ":null,"DATUMINWINNING":1387497600000,"GEOKPOBJECTID":113,"LAST_EDITED_DATE":1726934520000,"STATUSPEILGEBIED":"Vigerend definitief","SHAPE_AREA":0,"SHAPE_LEN":0,"BEVAT":null,"VOERTAFOP":null,"LONGITUDE":4.6713638800000004,"LATITUDE":52.174864909999997,"XCOORDINAAT":106034.25999999999,"YCOORDINAAT":465432.47999999998,"VASTBEHEERMARGEBOVEN":null,"VASTBEHEERMARGEONDER":null,"ZPBEHEERMARGEBOVEN":null,"ZPBEHEERMARGEONDER":null,"WPBEHEERMARGEONDER":null,"WPBEHEERMARGEBOVEN":null,"FLEXZPONDERBEHEERMARGEBOVEN":null,"FLEXZPONDERBEHEERMARGEONDER":null,"FLEXZPBOVENBEHEERMARGEBOVEN":null,"FLEXZPBOVENBEHEERMARGEONDER":null,"FLEXWPONDERBEHEERMARGEBOVEN":null,"FLEXWPONDERBEHEERMARGEONDER":null,"FLEXWPBOVENBEHEERMARGEBOVEN":null,"FLEXWPBOVENBEHEERMARGEONDER":null,"OBJECTID2":88}},{"type":"Feature","id":89,"geometry":{"type":"Polygon","coordinates":[[[115842.22300000116,461981.41600000113],[115827.70899999887,462016.90799999982],[115784.91600000113,461999.63599999994],[115799.93899999931,461963.73299999908],[115785.39900000021,461957.65199999884],[115871.10689999908,461745.16200000048],[115950.10000000149,461549.31899999827],[115988.62999999896,461564.8599999994],[115990.83500000089,461565.62700000033],[116002.67199999839,461570.24700000137],[115982.94000000134,461620.81199999899],[116000.94999999925,461626.72899999842],[116022.99599999934,461633.97199999914],[116026.86499999836,461635.24300000072],[116024.53000000119,461641.1090000011],[116016.70199999958,461660.76900000125],[116001.16800000146,461700.18400000036],[115985.59800000116,461740.17700000107],[115967.49610000104,461786.72910000011],[115966.12189999968,461790.26300000027],[115962.15799999982,461800.45699999854],[115946.55299999937,461840.44299999997],[115929.9840000011,461882.7659999989],[115919.9990000017,461908.72399999946],[115894.88800000027,461899.20899999887],[115888.82299999893,461914.79500000179],[115885.96299999952,461922.39799999818],[115867.87200000137,461915.68800000101],[115842.22300000116,461981.41600000113]]]},"properties":{"ORACLE_OBJECTID":600,"CODE":"PAW_OR-4.10.OB18","NAAM":"Polder Nieuwkoop en Noorden","STATUSOBJECT":"gerealiseerd","SOORTPEILGEBIED":"Onderbemaling","SOORTAFWATERING":"Bemalen","PEILBEHERENDEINSTANTIE":"KADASTRAAL EIGENAAR","OPPERVLAKTE":41733,"OMTREK":1172,"OPMERKING":null,"HYPERLINK":null,"ONTHEFFING":"V59845","SOORTPEILBEHEER":"vast peil","VASTPEIL":-2.25,"ZOMERPEIL":null,"WINTERPEIL":null,"FLEXZOMERPEILONDERGRENS":null,"FLEXZOMERPEILBOVENGRENS":null,"FLEXWINTERPEILONDERGRENS":null,"FLEXWINTERPEILBOVENGRENS":null,"ZOMERPEILTEKST":"-2.25","WINTERPEILTEKST":"-2.25","INWINNENDEINSTANTIE":"Hoogheemraadschap van Rijnland","METENDEINSTANTIE":null,"INWINNINGSMETHODE":null,"DIMENSIE":"2D","NAUWKEURIGHEIDXY":null,"NAUWKEURIGHEIDZ":null,"DATUMINWINNING":1408579200000,"GEOKPOBJECTID":43,"LAST_EDITED_DATE":1753360683000,"STATUSPEILGEBIED":"Vigerend definitief","SHAPE_AREA":0,"SHAPE_LEN":0,"BEVAT":null,"VOERTAFOP":null,"LONGITUDE":4.8160912600000003,"LATITUDE":52.142853000000002,"XCOORDINAAT":115905.89,"YCOORDINAAT":461783.10999999999,"VASTBEHEERMARGEBOVEN":null,"VASTBEHEERMARGEONDER":null,"ZPBEHEERMARGEBOVEN":null,"ZPBEHEERMARGEONDER":null,"WPBEHEERMARGEONDER":null,"WPBEHEERMARGEBOVEN":null,"FLEXZPONDERBEHEERMARGEBOVEN":null,"FLEXZPONDERBEHEERMARGEONDER":null,"FLEXZPBOVENBEHEERMARGEBOVEN":null,"FLEXZPBOVENBEHEERMARGEONDER":null,"FLEXWPONDERBEHEERMARGEBOVEN":null,"FLEXWPONDERBEHEERMARGEONDER":null,"FLEXWPBOVENBEHEERMARGEBOVEN":null,"FLEXWPBOVENBEHEERMARGEONDER":null,"OBJECTID2":89}},{"type":"Feature","id":90,"geometry":{"type":"Polygon","coordinates":[[[114345.18800000101,460143.71900000051],[114338.37900000066,460156.01399999857],[114321.67300000042,460186.05600000173],[114315.67199999839,460195.90300000086],[114310.42300000042,460206.82899999991],[114300.0859999992,460224.78799999878],[114288.33500000089,460247.32699999958],[114273.9450000003,460271.92399999872],[114266.73200000077,460284.26199999824],[114258.99199999869,460299.80299999937],[114249.0859999992,460318.65700000152],[114227.49399999902,460307.31300000101],[114238.94999999925,460286.02499999851],[114259.04199999943,460249.08199999854],[114277.04800000042,460215.10799999908],[114295.5540000014,460182.79699999839],[114314.01700000092,460151.18200000003],[114324.91699999943,460130.96799999848],[114281.21000000089,460105.95899999887],[114145.27499999851,460343.52800000086],[114122.49799999967,460383.33399999887],[114110.45100000128,460376.44099999964],[114107.48699999973,460373.8900000006],[114108.35700000077,460370.15399999917],[114113.13300000131,460363.74599999934],[114114.42799999937,460361.32699999958],[114105.07999999821,460356.52710000053],[114095.32999999821,460351.52100000158],[114078.19200000167,460343.41800000146],[114076.94799999893,460342.19900000095],[114076.41699999943,460340.95800000057],[114079.73999999836,460335.03599999845],[114081.06899999827,460334.85500000045],[114083.57499999925,460336.15799999982],[114084.67199999839,460337.04800000042],[114091.63500000164,460341.25899999961],[114099.06599999964,460344.86100000143],[114132.60200000182,460285.07200000063],[114122.87000000104,460279.07999999821],[114090.38399999961,460259.07800000161],[114076.07800000161,460282.31300000101],[114051.3909999989,460267.11300000176],[114366.62900000066,459755.11300000176],[114389.96400000155,459768.95699999854],[114406.67300000042,459740.79399999976],[114436.81100000069,459747.87299999967],[114464.04300000146,459751.9290000014],[114468.61400000006,459753.32800000161],[114472.21900000051,459754.79600000009],[114479.67199999839,459759.05999999866],[114474.02699999884,459768.92700000107],[114503.89400000125,459786.01399999857],[114521.56300000101,459794.91299999878],[114532.25899999961,459800.71299999952],[114527.22100000083,459810.00499999896],[114476.64200000092,459903.2890000008],[114425.66600000113,459997.8209999986],[114364.9849999994,460109.29899999872],[114345.18800000101,460143.71900000051]]]},"properties":{"ORACLE_OBJECTID":601,"CODE":"PAW_OR-4.10.OB10","NAAM":"OB A.J. van Vliet OB10","STATUSOBJECT":"gerealiseerd","SOORTPEILGEBIED":"Onderbemaling","SOORTAFWATERING":"Bemalen","PEILBEHERENDEINSTANTIE":"KADASTRAAL EIGENAAR","OPPERVLAKTE":102733,"OMTREK":2280,"OPMERKING":null,"HYPERLINK":null,"ONTHEFFING":"V59294 ","SOORTPEILBEHEER":"seizoensgebonden peil (vast)","VASTPEIL":null,"ZOMERPEIL":-2.3999999999999999,"WINTERPEIL":-2.6000000000000001,"FLEXZOMERPEILONDERGRENS":null,"FLEXZOMERPEILBOVENGRENS":null,"FLEXWINTERPEILONDERGRENS":null,"FLEXWINTERPEILBOVENGRENS":null,"ZOMERPEILTEKST":"-2.40","WINTERPEILTEKST":"-2.60","INWINNENDEINSTANTIE":"Hoogheemraadschap van Rijnland","METENDEINSTANTIE":null,"INWINNINGSMETHODE":null,"DIMENSIE":"2D","NAUWKEURIGHEIDXY":null,"NAUWKEURIGHEIDZ":null,"DATUMINWINNING":1406764800000,"GEOKPOBJECTID":41,"LAST_EDITED_DATE":1753280685000,"STATUSPEILGEBIED":"Vigerend definitief","SHAPE_AREA":0,"SHAPE_LEN":0,"BEVAT":null,"VOERTAFOP":null,"LONGITUDE":4.7927190399999997,"LATITUDE":52.127268450000003,"XCOORDINAAT":114291.82000000001,"YCOORDINAAT":460062.06,"VASTBEHEERMARGEBOVEN":null,"VASTBEHEERMARGEONDER":null,"ZPBEHEERMARGEBOVEN":null,"ZPBEHEERMARGEONDER":null,"WPBEHEERMARGEONDER":null,"WPBEHEERMARGEBOVEN":null,"FLEXZPONDERBEHEERMARGEBOVEN":null,"FLEXZPONDERBEHEERMARGEONDER":null,"FLEXZPBOVENBEHEERMARGEBOVEN":null,"FLEXZPBOVENBEHEERMARGEONDER":null,"FLEXWPONDERBEHEERMARGEBOVEN":null,"FLEXWPONDERBEHEERMARGEONDER":null,"FLEXWPBOVENBEHEERMARGEBOVEN":null,"FLEXWPBOVENBEHEERMARGEONDER":null,"OBJECTID2":90}},{"type":"Feature","id":91,"geometry":{"type":"Polygon","coordinates":[[[106811.6959999986,464019.4849999994],[106832.36100000143,464110.07200000063],[106849.26000000164,464178.14900000021],[106858.78500000015,464216.02899999917],[106873.91200000048,464280.14799999818],[106882.41200000048,464316.8209999986],[106889.42599999905,464346.65300000086],[106903.03099999949,464403.71999999881],[106904.26900000125,464410.04899999872],[106905.65199999884,464415.7890000008],[106901.61699999869,464421.70399999991],[106706.63899999857,464591.3359999992],[106706.1790000014,464591.52199999988],[106705.89499999955,464591.52199999988],[106705.7109999992,464591.40700000152],[106705.51999999955,464591.20699999854],[106614.00499999896,464109.04100000113],[106602.95399999991,464046.84200000018],[106600.32299999893,464031.01199999824],[106605.63399999961,464030.00499999896],[106641.66499999911,464023.17100000009],[106713.54399999976,464008.14699999988],[106716.00800000131,464008.37000000104],[106717.97300000116,464009.84699999914],[106718.34299999848,464011.46299999952],[106720.35599999875,464014.25499999896],[106723.1240000017,464014.43899999931],[106726.8359999992,464014.50800000131],[106765.73099999875,464006.08300000057],[106781.27400000021,464002.94000000134],[106798.39600000158,463999.47800000012],[106806.51099999994,463997.55799999833],[106807.25200000033,464000.69000000134],[106811.6959999986,464019.4849999994]]]},"properties":{"ORACLE_OBJECTID":602,"CODE":"PAW_OR-4.06.OB20","NAAM":"Polder Vierambacht","STATUSOBJECT":"gerealiseerd","SOORTPEILGEBIED":"Onderbemaling","SOORTAFWATERING":"Bemalen","PEILBEHERENDEINSTANTIE":"VERGUNNINGHOUDER","OPPERVLAKTE":110739,"OMTREK":1480,"OPMERKING":null,"HYPERLINK":null,"ONTHEFFING":"WVR-V56261","SOORTPEILBEHEER":"vast peil","VASTPEIL":-6.2599999999999998,"ZOMERPEIL":null,"WINTERPEIL":null,"FLEXZOMERPEILONDERGRENS":null,"FLEXZOMERPEILBOVENGRENS":null,"FLEXWINTERPEILONDERGRENS":null,"FLEXWINTERPEILBOVENGRENS":null,"ZOMERPEILTEKST":"-6.26","WINTERPEILTEKST":"-6.26","INWINNENDEINSTANTIE":"Hoogheemraadschap van Rijnland","METENDEINSTANTIE":null,"INWINNINGSMETHODE":null,"DIMENSIE":"2D","NAUWKEURIGHEIDXY":null,"NAUWKEURIGHEIDZ":null,"DATUMINWINNING":1370908800000,"GEOKPOBJECTID":12,"LAST_EDITED_DATE":1726934525000,"STATUSPEILGEBIED":"Vigerend definitief","SHAPE_AREA":0,"SHAPE_LEN":0,"BEVAT":null,"VOERTAFOP":null,"LONGITUDE":4.6820319599999998,"LATITUDE":52.164701049999998,"XCOORDINAAT":106752.99000000001,"YCOORDINAAT":464294.53999999998,"VASTBEHEERMARGEBOVEN":null,"VASTBEHEERMARGEONDER":null,"ZPBEHEERMARGEBOVEN":null,"ZPBEHEERMARGEONDER":null,"WPBEHEERMARGEONDER":null,"WPBEHEERMARGEBOVEN":null,"FLEXZPONDERBEHEERMARGEBOVEN":null,"FLEXZPONDERBEHEERMARGEONDER":null,"FLEXZPBOVENBEHEERMARGEBOVEN":null,"FLEXZPBOVENBEHEERMARGEONDER":null,"FLEXWPONDERBEHEERMARGEBOVEN":null,"FLEXWPONDERBEHEERMARGEONDER":null,"FLEXWPBOVENBEHEERMARGEBOVEN":null,"FLEXWPBOVENBEHEERMARGEONDER":null,"OBJECTID2":91}},{"type":"Feature","id":92,"geometry":{"type":"Polygon","coordinates":[[[97923.68200000003,457928.78500000015],[97905.778000000864,457937.51999999955],[97895.712999999523,457943.26399999857],[97874.559000000358,457957.66499999911],[97854.284000001848,457971.64299999923],[97838.960999999195,457981.79600000009],[97817.796000000089,457997.70399999991],[97811.26099999994,458002.46799999848],[97806.199000000954,458005.30099999905],[97804.609000001103,458005.97100000083],[97803.074000000954,458006.24700000137],[97801.515999998897,458006.1799999997],[97799.850999999791,458005.72899999842],[97787.83900000155,458000.99399999902],[97781.620000001043,457997.42300000042],[97773.66099999845,457989.02400000021],[97769.125,457981.61300000176],[97766.52499999851,457976.37000000104],[97759.517000000924,457963.95100000128],[97754.822000000626,457954.58999999985],[97749.298999998719,457943.77299999818],[97747.879000000656,457939.86600000039],[97745.43200000003,457928.92199999839],[97745.651000000536,457917.01199999824],[97746.063000001013,457914.26000000164],[97756.697999998927,457908.0009999983],[97758.734000001103,457906.96900000051],[97774.572999998927,457896.70499999821],[97782.335999999195,457891.67000000179],[97801.554999999702,457879.44700000063],[97811.565000001341,457872.94099999964],[97827.765999998897,457861.64799999818],[97837.912000000477,457854.21999999881],[97870.927999999374,457831.23900000006],[97874.153999999166,457829.95499999821],[97881.175999999046,457827.80000000075],[97883.627000000328,457826.95699999854],[97886.499000001699,457831.48900000006],[97892.475999999791,457840.68200000003],[97894.315999999642,457843.91699999943],[97894.84299999848,457845.1090000011],[97894.868999999017,457845.18600000069],[97899.10399999842,457845.21799999848],[97901.800900001079,457845.23820000142],[97903.407499998808,457844.35669999942],[97917.740899998695,457863.16589999944],[97930.412900000811,457879.7949000001],[97931.28770000115,457879.1895999983],[97944.142999999225,457870.29399999976],[97962.399000000209,457857.72599999979],[97969.40019999817,457852.9561999999],[97973.015999998897,457858.08999999985],[97968.771999999881,457865.95800000057],[97973.978000000119,457873.34899999946],[97937.557999998331,457898.99300000072],[97951.348000001162,457919.99100000039],[97949.418999999762,457921.73999999836],[97949.085000000894,457922.02800000086],[97942.969999998808,457926.34699999914],[97939.065000001341,457928.08500000089],[97934.094000000507,457928.70699999854],[97931.804000001401,457928.71200000122],[97927.56799999997,457928.21400000155],[97923.68200000003,457928.78500000015]]]},"properties":{"ORACLE_OBJECTID":603,"CODE":"PAW_WW-10.OB05B","NAAM":"OB J. Voskamp","STATUSOBJECT":"gerealiseerd","SOORTPEILGEBIED":"Onderbemaling","SOORTAFWATERING":"Bemalen","PEILBEHERENDEINSTANTIE":"VERGUNNINGHOUDER","OPPERVLAKTE":20610,"OMTREK":670,"OPMERKING":null,"HYPERLINK":null,"ONTHEFFING":"V53463","SOORTPEILBEHEER":"vast peil","VASTPEIL":-2.6200000000000001,"ZOMERPEIL":null,"WINTERPEIL":null,"FLEXZOMERPEILONDERGRENS":null,"FLEXZOMERPEILBOVENGRENS":null,"FLEXWINTERPEILONDERGRENS":null,"FLEXWINTERPEILBOVENGRENS":null,"ZOMERPEILTEKST":"-2.62","WINTERPEILTEKST":"-2.62","INWINNENDEINSTANTIE":"Hoogheemraadschap van Rijnland","METENDEINSTANTIE":null,"INWINNINGSMETHODE":"digitaliseren","DIMENSIE":"2D","NAUWKEURIGHEIDXY":null,"NAUWKEURIGHEIDZ":null,"DATUMINWINNING":null,"GEOKPOBJECTID":51,"LAST_EDITED_DATE":1726934543000,"STATUSPEILGEBIED":"Vigerend definitief","SHAPE_AREA":0,"SHAPE_LEN":0,"BEVAT":null,"VOERTAFOP":null,"LONGITUDE":4.5531323500000003,"LATITUDE":52.106533050000003,"XCOORDINAAT":97859.710000000006,"YCOORDINAAT":457916.59999999998,"VASTBEHEERMARGEBOVEN":null,"VASTBEHEERMARGEONDER":null,"ZPBEHEERMARGEBOVEN":null,"ZPBEHEERMARGEONDER":null,"WPBEHEERMARGEONDER":null,"WPBEHEERMARGEBOVEN":null,"FLEXZPONDERBEHEERMARGEBOVEN":null,"FLEXZPONDERBEHEERMARGEONDER":null,"FLEXZPBOVENBEHEERMARGEBOVEN":null,"FLEXZPBOVENBEHEERMARGEONDER":null,"FLEXWPONDERBEHEERMARGEBOVEN":null,"FLEXWPONDERBEHEERMARGEONDER":null,"FLEXWPBOVENBEHEERMARGEBOVEN":null,"FLEXWPBOVENBEHEERMARGEONDER":null,"OBJECTID2":92}},{"type":"Feature","id":93,"geometry":{"type":"Polygon","coordinates":[[[106163.64950000122,464662.44240000099],[106160.30900000036,464662.24100000039],[106133.93499999866,464662.10300000012],[106132.33300000057,464662.18499999866],[106121.8759999983,464661.78400000185],[106098.81700000167,464660.84899999946],[106058.88100000098,464659.7349999994],[106056.3599999994,464659.83100000024],[106025.64200000092,464658.18600000069],[105992.97300000116,464656.56500000134],[105985.65300000086,464655.81599999964],[105973.56100000069,464654.6240000017],[105958.39999999851,464653.04399999976],[105938.15399999917,464650.60500000045],[105918.15199999884,464647.67700000107],[105912.31399999931,464646.42799999937],[105903.05900000036,464643.38699999824],[105891.35799999908,464639.48699999973],[105879.69799999893,464635.60000000149],[105878.89699999988,464631.83100000024],[105878.1400000006,464628.26999999955],[105870.56100000069,464589.11300000176],[105861.90799999982,464543.92399999872],[105853.58700000122,464499.63599999994],[105853.55099999905,464499.44399999827],[105843.38199999928,464445.46999999881],[105837.10399999842,464412.09600000083],[105830.46700000018,464376.83399999887],[105830.18699999899,464375.04300000146],[105830.17300000042,464374.42399999872],[105830.13399999961,464372.98800000176],[105830.21000000089,464372.8040000014],[105830.44799999893,464372.64499999955],[105848.55900000036,464369.4990000017],[105858.36199999973,464367.77400000021],[105858.57800000161,464367.97700000182],[105859.83500000089,464369.08100000024],[105861.94700000063,464369.74399999902],[105865.53099999949,464370.04699999839],[105868.88500000164,464368.58900000155],[105869.06700000167,464362.1400000006],[105864.03999999911,464335.46400000155],[105856.9459999986,464301.46799999848],[105848.82600000128,464258.11199999973],[105841.03999999911,464219.2650000006],[105832.21499999985,464172.57999999821],[105819.59299999848,464105.40199999884],[105812.50299999863,464069.71000000089],[105812.64600000158,464068.45199999958],[106050.45899999887,464074.38699999824],[106051.21000000089,464074.33700000122],[106051.55200000107,464074.90900000185],[106053.77699999884,464085.58999999985],[106081.2340000011,464231.00699999928],[106091.24700000137,464283.41800000146],[106095.77600000054,464307.11899999902],[106103.52899999917,464347.70199999958],[106107.26700000092,464363.64699999988],[106107.25299999863,464364.04100000113],[106107.25299999863,464364.0549999997],[106163.64950000122,464662.44240000099]]]},"properties":{"ORACLE_OBJECTID":605,"CODE":"PAW_OR-4.06.OB16","NAAM":"Polder Vierambacht","STATUSOBJECT":"gerealiseerd","SOORTPEILGEBIED":"Onderbemaling","SOORTAFWATERING":"Bemalen","PEILBEHERENDEINSTANTIE":"VERGUNNINGHOUDER","OPPERVLAKTE":150786,"OMTREK":1737,"OPMERKING":null,"HYPERLINK":null,"ONTHEFFING":"V57820","SOORTPEILBEHEER":"seizoensgebonden peil (vast)","VASTPEIL":null,"ZOMERPEIL":-6.1500000000000004,"WINTERPEIL":-6.2999999999999998,"FLEXZOMERPEILONDERGRENS":null,"FLEXZOMERPEILBOVENGRENS":null,"FLEXWINTERPEILONDERGRENS":null,"FLEXWINTERPEILBOVENGRENS":null,"ZOMERPEILTEKST":"-6.15","WINTERPEILTEKST":"-6.30","INWINNENDEINSTANTIE":"Hoogheemraadschap van Rijnland","METENDEINSTANTIE":null,"INWINNINGSMETHODE":null,"DIMENSIE":"2D","NAUWKEURIGHEIDXY":null,"NAUWKEURIGHEIDZ":null,"DATUMINWINNING":1387497600000,"GEOKPOBJECTID":10,"LAST_EDITED_DATE":1726934525000,"STATUSPEILGEBIED":"Vigerend definitief","SHAPE_AREA":0,"SHAPE_LEN":0,"BEVAT":null,"VOERTAFOP":null,"LONGITUDE":4.6708427300000004,"LATITUDE":52.165270980000003,"XCOORDINAAT":105988.08,"YCOORDINAAT":464365.45000000001,"VASTBEHEERMARGEBOVEN":null,"VASTBEHEERMARGEONDER":null,"ZPBEHEERMARGEBOVEN":null,"ZPBEHEERMARGEONDER":null,"WPBEHEERMARGEONDER":null,"WPBEHEERMARGEBOVEN":null,"FLEXZPONDERBEHEERMARGEBOVEN":null,"FLEXZPONDERBEHEERMARGEONDER":null,"FLEXZPBOVENBEHEERMARGEBOVEN":null,"FLEXZPBOVENBEHEERMARGEONDER":null,"FLEXWPONDERBEHEERMARGEBOVEN":null,"FLEXWPONDERBEHEERMARGEONDER":null,"FLEXWPBOVENBEHEERMARGEBOVEN":null,"FLEXWPBOVENBEHEERMARGEONDER":null,"OBJECTID2":93}},{"type":"Feature","id":95,"geometry":{"type":"Polygon","coordinates":[[[113300.84699999914,464851.82400000095],[113302.77210000157,464852.59180000052],[113303.05600000173,464852.70499999821],[113304.40790000185,464853.24419999868],[113308.43609999865,464854.85080000013],[113326.42500000075,464862.02499999851],[113351.94700000063,464871.59800000116],[113375.77309999987,464880.94150000066],[113377.03400000185,464881.43600000069],[113402.18499999866,464890.78299999982],[113404.70100000128,464892.23600000143],[113437.37999999896,464904.60099999979],[113471.89600000158,464918.07600000128],[113499.45800000057,464929.2890000008],[113530.41000000015,464940.73200000077],[113559.15100000054,464951.8590000011],[113583.96299999952,464961.6950000003],[113627.30900000036,464978.52499999851],[113659.10000000149,464990.4840000011],[113659.25950000063,464990.54439999908],[113658.95699999854,464991.41160000116],[113662.36300000176,464992.70499999821],[113660.11600000039,464998.98999999836],[113649.64299999923,465028.28000000119],[113638.53200000152,465057.37099999934],[113623.70600000024,465097.5150000006],[113623.60700000077,465097.70300000161],[113614.21000000089,465093.88599999994],[113586.6090000011,465083.49700000137],[113411.31599999964,465016.09899999946],[113362.47599999979,464997.20199999958],[113336.07530000061,464986.98730000108],[113285.53299999982,464967.43200000003],[113258.24500000104,464957.09600000083],[113174.21799999848,464924.69900000095],[113152.18800000101,464916.47899999842],[113130.62200000137,464908.03599999845],[113112.01700000092,464900.99799999967],[113088.62099999934,464891.58700000122],[113069.50899999961,464884.96200000122],[113051.625,464877.66899999976],[113025.33199999854,464867.26000000164],[113028.62000000104,464858.05299999937],[113036.00200000033,464838.44399999827],[113045.05799999833,464842.08300000057],[113049.37999999896,464843.56500000134],[113050.93100000173,464843.36600000039],[113053.2490000017,464837.22100000083],[113066.48200000077,464802.14400000125],[113067.88500000164,464798.23800000176],[113058.46900000051,464794.21400000155],[113054.25699999928,464792.4140000008],[113053.13300000131,464792],[113053.14600000158,464791.82600000128],[113054.54800000042,464788.50800000131],[113060.83999999985,464771.07699999958],[113064.26999999955,464761.97599999979],[113065.03000000119,464760.77699999884],[113125.05730000138,464783.90230000019],[113189.86199999973,464808.86800000072],[113248.87700000033,464831.8209999986],[113300.84699999914,464851.82400000095]]]},"properties":{"ORACLE_OBJECTID":607,"CODE":"PAW_OR-4.09.OB30A","NAAM":"OB W.J. Rijlaarsdam","STATUSOBJECT":"gerealiseerd","SOORTPEILGEBIED":"Onderbemaling","SOORTAFWATERING":"Bemalen","PEILBEHERENDEINSTANTIE":"VERGUNNINGHOUDER","OPPERVLAKTE":71879,"OMTREK":1539,"OPMERKING":null,"HYPERLINK":null,"ONTHEFFING":"V60568","SOORTPEILBEHEER":"dynamisch peil","VASTPEIL":-6.5800000000000001,"ZOMERPEIL":null,"WINTERPEIL":null,"FLEXZOMERPEILONDERGRENS":-6.5800000000000001,"FLEXZOMERPEILBOVENGRENS":-5.9800000000000004,"FLEXWINTERPEILONDERGRENS":-6.5800000000000001,"FLEXWINTERPEILBOVENGRENS":-5.9800000000000004,"ZOMERPEILTEKST":"bov:-5.98 / ond:-6.58","WINTERPEILTEKST":"bov:-5.98 / ond:-6.58","INWINNENDEINSTANTIE":"Hoogheemraadschap van Rijnland","METENDEINSTANTIE":null,"INWINNINGSMETHODE":null,"DIMENSIE":"2D","NAUWKEURIGHEIDXY":null,"NAUWKEURIGHEIDZ":null,"DATUMINWINNING":null,"GEOKPOBJECTID":33,"LAST_EDITED_DATE":1744897741000,"STATUSPEILGEBIED":"Vigerend definitief","SHAPE_AREA":0,"SHAPE_LEN":0,"BEVAT":null,"VOERTAFOP":null,"LONGITUDE":4.7782796000000003,"LATITUDE":52.170941720000002,"XCOORDINAAT":113343.85000000001,"YCOORDINAAT":464929.23999999999,"VASTBEHEERMARGEBOVEN":null,"VASTBEHEERMARGEONDER":null,"ZPBEHEERMARGEBOVEN":null,"ZPBEHEERMARGEONDER":null,"WPBEHEERMARGEONDER":null,"WPBEHEERMARGEBOVEN":null,"FLEXZPONDERBEHEERMARGEBOVEN":null,"FLEXZPONDERBEHEERMARGEONDER":null,"FLEXZPBOVENBEHEERMARGEBOVEN":null,"FLEXZPBOVENBEHEERMARGEONDER":null,"FLEXWPONDERBEHEERMARGEBOVEN":null,"FLEXWPONDERBEHEERMARGEONDER":null,"FLEXWPBOVENBEHEERMARGEBOVEN":null,"FLEXWPBOVENBEHEERMARGEONDER":null,"OBJECTID2":95}},{"type":"Feature","id":96,"geometry":{"type":"Polygon","coordinates":[[[106411.9990000017,460651.72800000012],[106414.36699999869,460643.21299999952],[106439.47300000116,460626.32999999821],[106464.78200000152,460609.30999999866],[106477.16099999845,460627.59400000051],[106478.76799999923,460629.96700000018],[106494.81700000167,460653.67300000042],[106485.08199999854,460676.59299999848],[106475.82339999825,460672.66079999879],[106475.81509999931,460672.65729999915],[106475.64499999955,460672.58509999886],[106475.63809999824,460672.58269999921],[106475.63100000098,460672.57999999821],[106475.60399999842,460672.56799999997],[106475.57229999825,460672.55550000072],[106475.56909999996,460672.55429999903],[106460.63399999961,460666.68400000036],[106460.56199999899,460666.65799999982],[106437.82200000063,460658.91299999878],[106437.7340000011,460658.88500000164],[106411.9990000017,460651.72800000012]]]},"properties":{"ORACLE_OBJECTID":608,"CODE":"PAW_OR-4.14.HW01","NAAM":"HW Verlegde Aarkade 22","STATUSOBJECT":"gerealiseerd","SOORTPEILGEBIED":"Hoogwatervoorziening","SOORTAFWATERING":"Gestuwd","PEILBEHERENDEINSTANTIE":"KADASTRAAL EIGENAAR","OPPERVLAKTE":2862,"OMTREK":225,"OPMERKING":null,"HYPERLINK":null,"ONTHEFFING":null,"SOORTPEILBEHEER":"vast peil","VASTPEIL":-0.62,"ZOMERPEIL":null,"WINTERPEIL":null,"FLEXZOMERPEILONDERGRENS":null,"FLEXZOMERPEILBOVENGRENS":null,"FLEXWINTERPEILONDERGRENS":null,"FLEXWINTERPEILBOVENGRENS":null,"ZOMERPEILTEKST":"-0.62","WINTERPEILTEKST":"-0.62","INWINNENDEINSTANTIE":"Hoogheemraadschap van Rijnland","METENDEINSTANTIE":null,"INWINNINGSMETHODE":"digitaliseren","DIMENSIE":"2D","NAUWKEURIGHEIDXY":null,"NAUWKEURIGHEIDZ":null,"DATUMINWINNING":null,"GEOKPOBJECTID":40,"LAST_EDITED_DATE":1726934544000,"STATUSPEILGEBIED":"Vigerend definitief","SHAPE_AREA":0,"SHAPE_LEN":0,"BEVAT":null,"VOERTAFOP":null,"LONGITUDE":4.6781750600000001,"LATITUDE":52.131856599999999,"XCOORDINAAT":106453.41,"YCOORDINAAT":460642.95000000001,"VASTBEHEERMARGEBOVEN":null,"VASTBEHEERMARGEONDER":null,"ZPBEHEERMARGEBOVEN":null,"ZPBEHEERMARGEONDER":null,"WPBEHEERMARGEONDER":null,"WPBEHEERMARGEBOVEN":null,"FLEXZPONDERBEHEERMARGEBOVEN":null,"FLEXZPONDERBEHEERMARGEONDER":null,"FLEXZPBOVENBEHEERMARGEBOVEN":null,"FLEXZPBOVENBEHEERMARGEONDER":null,"FLEXWPONDERBEHEERMARGEBOVEN":null,"FLEXWPONDERBEHEERMARGEONDER":null,"FLEXWPBOVENBEHEERMARGEBOVEN":null,"FLEXWPBOVENBEHEERMARGEONDER":null,"OBJECTID2":96}},{"type":"Feature","id":97,"geometry":{"type":"Polygon","coordinates":[[[106300.29839999974,464665.23330000043],[106289.30000000075,464665.58399999887],[106288.47500000149,464665.53299999982],[106277.94799999893,464664.89900000021],[106276.36899999902,464664.53999999911],[106274.80600000173,464664.17599999905],[106264.28500000015,464662.66200000048],[106249.37099999934,464660.59699999914],[106238.31899999827,464660.1400000006],[106236.02800000086,464660.1790000014],[106232.15300000086,464660.36300000176],[106223.74100000039,464661.51199999824],[106212.68800000101,464662.39900000021],[106211.78000000119,464662.4849999994],[106211.23800000176,464662.46000000089],[106189.95100000128,464661.88100000098],[106179.82299999893,464662.98200000077],[106175.84200000018,464662.7890000008],[106172.19999999925,464662.95800000057],[106163.64950000122,464662.44240000099],[106107.25299999863,464364.0549999997],[106107.25299999863,464364.04100000113],[106107.26700000092,464363.64699999988],[106103.52899999917,464347.70199999958],[106095.77600000054,464307.11899999902],[106091.24700000137,464283.41800000146],[106081.2340000011,464231.00699999928],[106053.77699999884,464085.58999999985],[106051.55200000107,464074.90900000185],[106051.21000000089,464074.33700000122],[106096.02299999818,464075.21299999952],[106096.60700000077,464075.22399999946],[106098.97500000149,464075.34099999815],[106101.0150000006,464075.35300000012],[106139.95100000128,464075.93299999833],[106175.7340000011,464076.80999999866],[106175.76000000164,464076.85700000077],[106218.4096999988,464077.59259999916],[106332.04839999974,464665.89479999989],[106300.29839999974,464665.23330000043]]]},"properties":{"ORACLE_OBJECTID":609,"CODE":"PAW_OR-4.06.OB17","NAAM":"Polder Vierambacht","STATUSOBJECT":"gerealiseerd","SOORTPEILGEBIED":"Onderbemaling","SOORTAFWATERING":"Bemalen","PEILBEHERENDEINSTANTIE":"VERGUNNINGHOUDER","OPPERVLAKTE":97994,"OMTREK":1534,"OPMERKING":"bestaande onderbemaling is vergund, ligging aangepast ivm demping water nav projectplan 99921","HYPERLINK":null,"ONTHEFFING":"V66966","SOORTPEILBEHEER":"seizoensgebonden peil (vast)","VASTPEIL":null,"ZOMERPEIL":-6.2000000000000002,"WINTERPEIL":-6.3499999999999996,"FLEXZOMERPEILONDERGRENS":null,"FLEXZOMERPEILBOVENGRENS":null,"FLEXWINTERPEILONDERGRENS":null,"FLEXWINTERPEILBOVENGRENS":null,"ZOMERPEILTEKST":"-6.20","WINTERPEILTEKST":"-6.35","INWINNENDEINSTANTIE":"Hoogheemraadschap van Rijnland","METENDEINSTANTIE":null,"INWINNINGSMETHODE":"digitaliseren","DIMENSIE":"2D","NAUWKEURIGHEIDXY":null,"NAUWKEURIGHEIDZ":null,"DATUMINWINNING":1530835200000,"GEOKPOBJECTID":12482,"LAST_EDITED_DATE":1744725508000,"STATUSPEILGEBIED":"Vigerend definitief","SHAPE_AREA":0,"SHAPE_LEN":0,"BEVAT":null,"VOERTAFOP":null,"LONGITUDE":4.6738169699999998,"LATITUDE":52.165330969999999,"XCOORDINAAT":106191.63,"YCOORDINAAT":464370.12,"VASTBEHEERMARGEBOVEN":null,"VASTBEHEERMARGEONDER":null,"ZPBEHEERMARGEBOVEN":null,"ZPBEHEERMARGEONDER":null,"WPBEHEERMARGEONDER":null,"WPBEHEERMARGEBOVEN":null,"FLEXZPONDERBEHEERMARGEBOVEN":null,"FLEXZPONDERBEHEERMARGEONDER":null,"FLEXZPBOVENBEHEERMARGEBOVEN":null,"FLEXZPBOVENBEHEERMARGEONDER":null,"FLEXWPONDERBEHEERMARGEBOVEN":null,"FLEXWPONDERBEHEERMARGEONDER":null,"FLEXWPBOVENBEHEERMARGEBOVEN":null,"FLEXWPBOVENBEHEERMARGEONDER":null,"OBJECTID2":97}},{"type":"Feature","id":100,"geometry":{"type":"Polygon","coordinates":[[[103668.49199999869,464073.19299999997],[103659.28999999911,464113.02400000021],[103186.15799999982,464008.28599999845],[103198.9224999994,463951.06410000101],[103210.65799999982,463898.45499999821],[103531.9450000003,463969.06399999931],[103534.04800000042,463958.85099999979],[103111.75,463868.59899999946],[103119.43710000068,463830.78959999979],[103149.06989999861,463837.03060000017],[103235.67610000074,463855.27079999819],[103351.60889999941,463879.68739999831],[103379.82999999821,463885.63109999895],[103515.3209999986,463914.16690000147],[103542.24689999968,463919.80930000171],[103591.20699999854,463930.02450000122],[103616.56399999931,463935.31509999931],[103649.02199999988,463942.08729999885],[103693.53099999949,463951.37390000001],[103687.20710000023,463988.37999999896],[103685.77699999884,463996.7490000017],[103681.3013000004,464016.67709999904],[103674.93879999965,464045.00789999962],[103674.7061999999,464046.04300000146],[103672.24909999967,464056.98369999975],[103668.67500000075,464072.89799999818],[103668.56500000134,464072.8740000017],[103668.49199999869,464073.19299999997]]]},"properties":{"ORACLE_OBJECTID":615,"CODE":"PAW_OR-3.37.OB40","NAAM":"Polder Oudendijk","STATUSOBJECT":"gerealiseerd","SOORTPEILGEBIED":"Onderbemaling","SOORTAFWATERING":"Bemalen","PEILBEHERENDEINSTANTIE":"VERGUNNINGHOUDER","OPPERVLAKTE":79647,"OMTREK":2159,"OPMERKING":null,"HYPERLINK":null,"ONTHEFFING":"V52759","SOORTPEILBEHEER":"vast peil","VASTPEIL":-5.4199999999999999,"ZOMERPEIL":null,"WINTERPEIL":null,"FLEXZOMERPEILONDERGRENS":null,"FLEXZOMERPEILBOVENGRENS":null,"FLEXWINTERPEILONDERGRENS":null,"FLEXWINTERPEILBOVENGRENS":null,"ZOMERPEILTEKST":"-5.42","WINTERPEILTEKST":"-5.42","INWINNENDEINSTANTIE":"Hoogheemraadschap van Rijnland","METENDEINSTANTIE":null,"INWINNINGSMETHODE":null,"DIMENSIE":"2D","NAUWKEURIGHEIDXY":null,"NAUWKEURIGHEIDZ":null,"DATUMINWINNING":1333584000000,"GEOKPOBJECTID":23,"LAST_EDITED_DATE":1726934527000,"STATUSPEILGEBIED":"Vigerend definitief","SHAPE_AREA":0,"SHAPE_LEN":0,"BEVAT":null,"VOERTAFOP":null,"LONGITUDE":4.6331166799999997,"LATITUDE":52.161498680000001,"XCOORDINAAT":103402.64,"YCOORDINAAT":463971.90999999997,"VASTBEHEERMARGEBOVEN":null,"VASTBEHEERMARGEONDER":null,"ZPBEHEERMARGEBOVEN":null,"ZPBEHEERMARGEONDER":null,"WPBEHEERMARGEONDER":null,"WPBEHEERMARGEBOVEN":null,"FLEXZPONDERBEHEERMARGEBOVEN":null,"FLEXZPONDERBEHEERMARGEONDER":null,"FLEXZPBOVENBEHEERMARGEBOVEN":null,"FLEXZPBOVENBEHEERMARGEONDER":null,"FLEXWPONDERBEHEERMARGEBOVEN":null,"FLEXWPONDERBEHEERMARGEONDER":null,"FLEXWPBOVENBEHEERMARGEBOVEN":null,"FLEXWPBOVENBEHEERMARGEONDER":null,"OBJECTID2":100}},{"type":"Feature","id":101,"geometry":{"type":"Polygon","coordinates":[[[108725.57589999959,461408.11690000072],[108715.4290000014,461428.06700000167],[108712.56700000167,461433.69399999827],[108711.71200000122,461434.20699999854],[108709.73099999875,461434.38699999824],[108707.7490000017,461434.74700000137],[108705.36100000143,461436.34299999848],[108703.12200000137,461439.31300000101],[108699.71900000051,461446.30700000003],[108680.95399999991,461484.79300000146],[108677.27400000021,461492.6790000014],[108650.20399999991,461550.68200000003],[108649.89699999988,461551.33999999985],[108630.97100000083,461541.20100000128],[108617.78999999911,461533.39699999988],[108614.10799999908,461531.21700000018],[108613.3359999992,461530.15700000152],[108612.40199999884,461527.64200000092],[108611.90599999949,461524.65199999884],[108612.06500000134,461522.76999999955],[108613.44399999827,461520.26199999824],[108619.17100000009,461507.45399999991],[108622.78799999878,461499.36400000006],[108625.99500000104,461492.18899999931],[108648.1090000011,461444.18200000003],[108650.56599999964,461437.68400000036],[108653.97500000149,461428.66899999976],[108654.625,461427.36899999902],[108656.0549999997,461420.87000000104],[108656.18499999866,461418.53099999949],[108656.18499999866,461416.45100000128],[108656.0549999997,461414.50200000033],[108655.66499999911,461412.29199999943],[108653.06599999964,461408.39299999923],[108612.56300000101,461388.90399999917],[108598.58500000089,461382.7650000006],[108555.85599999875,461363.99799999967],[108532.51689999923,461353.2041000016],[108498.83300000057,461337.6259999983],[108449.96599999815,461314.06399999931],[108396.25,461290.21700000018],[108368.15670000017,461277.39660000056],[108338.51799999923,461263.87099999934],[108326.64499999955,461258.20699999854],[108324.37999999896,461256.87700000033],[108321.08700000122,461254.56100000069],[108318.73699999973,461252.30000000075],[108317.20800000057,461250.17500000075],[108313.86499999836,461241.87200000137],[108307.83300000057,461226.8900000006],[108307.68200000003,461223.71700000018],[108307.9840000011,461219.93899999931],[108313.12099999934,461206.33999999985],[108319.46799999848,461191.38100000098],[108337.57119999826,461154.0410999991],[108338.80799999833,461151.48999999836],[108358.84800000116,461109.49100000039],[108360.91800000146,461105.15300000086],[108366.38699999824,461093.95600000024],[108409.63569999859,461005.40190000087],[108416.01300000027,460992.34400000051],[108423.0802000016,460978.17309999838],[108427.44009999931,460969.43100000173],[108431.90700000152,460960.47500000149],[108455.82999999821,460912.50499999896],[108475.02600000054,460875.73900000006],[108495.0150000006,460835.19000000134],[108502.22100000083,460819.47700000182],[108514.55700000003,460793.86100000143],[108516.84200000018,460789.11600000039],[108522.01099999994,460778.38500000164],[108550.38100000098,460721.47500000149],[108556.49399999902,460710.08799999952],[108557.80999999866,460707.33100000024],[108565.78299999982,460711.34899999946],[108611.40300000086,460723.45199999958],[108617.75200000033,460725.65300000086],[108650.59899999946,460738.11199999973],[108961.75400000066,460899.89200000092],[108962.94909999892,460899.70380000025],[108969.89600000158,460898.6099999994],[108974.52800000086,460905.28500000015],[108977.32189999893,460906.71299999952],[108977.18699999899,460906.97700000182],[108939.89900000021,460979.96700000018],[108895.6409999989,461066.28999999911],[108869.13399999961,461117.72800000012],[108864.48600000143,461129.30299999937],[108857.33309999853,461144.70100000128],[108855.10700000077,461149.49300000072],[108841.41200000048,461177.55700000003],[108819.45199999958,461219.97700000182],[108811.93299999833,461234.67599999905],[108810.5700000003,461236.81500000134],[108790.50200000033,461279.05299999937],[108761.35399999842,461337.43200000003],[108755.20100000128,461349.87000000104],[108744.02369999886,461371.85489999875],[108743.58130000159,461372.72509999946],[108726.69200000167,461405.9450000003],[108727.64799999818,461406.41099999845],[108730.69700000063,461407.91499999911],[108731.05799999833,461408.0709999986],[108732.62099999934,461408.74590000138],[108732.67610000074,461408.77169999853],[108732.66560000181,461408.80180000141],[108732.59400000051,461408.9653000012],[108732.01689999923,461410.24570000172],[108731.96290000156,461410.22370000184],[108731.5700000003,461410.05099999905],[108725.87000000104,461407.54600000009],[108725.57589999959,461408.11690000072]]]},"properties":{"ORACLE_OBJECTID":616,"CODE":"PAW_OR-4.11.OB02","NAAM":"OB 02 (Nieuwkoopseweg 5-9)","STATUSOBJECT":"gerealiseerd","SOORTPEILGEBIED":"Onderbemaling","SOORTAFWATERING":"Bemalen","PEILBEHERENDEINSTANTIE":"VERGUNNINGHOUDER","OPPERVLAKTE":283145,"OMTREK":2356,"OPMERKING":null,"HYPERLINK":null,"ONTHEFFING":"V59747","SOORTPEILBEHEER":"seizoensgebonden peil (vast)","VASTPEIL":null,"ZOMERPEIL":-4.54,"WINTERPEIL":-4.6200000000000001,"FLEXZOMERPEILONDERGRENS":null,"FLEXZOMERPEILBOVENGRENS":null,"FLEXWINTERPEILONDERGRENS":null,"FLEXWINTERPEILBOVENGRENS":null,"ZOMERPEILTEKST":"-4.54","WINTERPEILTEKST":"-4.62","INWINNENDEINSTANTIE":"Hoogheemraadschap van Rijnland","METENDEINSTANTIE":null,"INWINNINGSMETHODE":null,"DIMENSIE":"2D","NAUWKEURIGHEIDXY":null,"NAUWKEURIGHEIDZ":null,"DATUMINWINNING":1418688000000,"GEOKPOBJECTID":107,"LAST_EDITED_DATE":1726934522000,"STATUSPEILGEBIED":"Vigerend definitief","SHAPE_AREA":0,"SHAPE_LEN":0,"BEVAT":null,"VOERTAFOP":null,"LONGITUDE":4.7100785700000003,"LATITUDE":52.136415810000003,"XCOORDINAAT":108642.5,"YCOORDINAAT":461129.34000000003,"VASTBEHEERMARGEBOVEN":null,"VASTBEHEERMARGEONDER":null,"ZPBEHEERMARGEBOVEN":null,"ZPBEHEERMARGEONDER":null,"WPBEHEERMARGEONDER":null,"WPBEHEERMARGEBOVEN":null,"FLEXZPONDERBEHEERMARGEBOVEN":null,"FLEXZPONDERBEHEERMARGEONDER":null,"FLEXZPBOVENBEHEERMARGEBOVEN":null,"FLEXZPBOVENBEHEERMARGEONDER":null,"FLEXWPONDERBEHEERMARGEBOVEN":null,"FLEXWPONDERBEHEERMARGEONDER":null,"FLEXWPBOVENBEHEERMARGEBOVEN":null,"FLEXWPBOVENBEHEERMARGEONDER":null,"OBJECTID2":101}},{"type":"Feature","id":103,"geometry":{"type":"Polygon","coordinates":[[[113428.91800000146,463210.4849999994],[113358.88699999824,463183.48600000143],[113356.11499999836,463182.47800000012],[113326.28000000119,463170.89299999923],[113320.75800000131,463168.94000000134],[113249.90900000185,463141.92700000107],[113244.14510000125,463140.54259999841],[113242.10700000077,463140.05299999937],[113233.45199999958,463139.14299999923],[113227.73000000045,463139.0700000003],[113226.15399999917,463139.05000000075],[113214.88199999928,463138.90599999949],[113209.20399999991,463139.78200000152],[113199.61600000039,463142.46499999985],[113198.34200000018,463142.89400000125],[113193.80999999866,463144.56199999899],[113183.05200000107,463149.06500000134],[113066.09800000116,463103.78099999949],[112959.61699999869,463062.57400000095],[112949.53799999878,463058.67399999872],[112952.11199999973,463052.02100000158],[113006.85599999875,462910.53700000048],[113081.87999999896,462939.30099999905],[113108.02299999818,462949.32400000095],[113115.07899999991,462952.03000000119],[113119.91299999878,462953.88300000131],[113120.5540000014,462955.07299999893],[113123.41800000146,462959.77699999884],[113124.46599999815,462961.54899999872],[113124.68899999931,462961.90399999917],[113127.13800000027,462965.83300000057],[113132.29600000009,462962.62200000137],[113227.66200000048,462998.71499999985],[113233.25699999928,463000.83199999854],[113287.06749999896,463021.19739999995],[113305.84499999881,463028.3040000014],[113467.15799999982,463091.16699999943],[113468.19799999893,463091.69099999964],[113469.14299999923,463092.37000000104],[113469.97199999914,463093.18800000101],[113470.66299999878,463094.125],[113471.19999999925,463095.15799999982],[113471.5700000003,463096.26199999824],[113471.76399999857,463097.41099999845],[113471.77699999884,463098.57499999925],[113471.60799999908,463099.72700000182],[113468.53999999911,463107.68899999931],[113428.91800000146,463210.4849999994]]]},"properties":{"ORACLE_OBJECTID":620,"CODE":"PAW_OR-4.09.OB03","NAAM":"OB Sportpark De Dulen","STATUSOBJECT":"gerealiseerd","SOORTPEILGEBIED":"Onderbemaling","SOORTAFWATERING":"Bemalen","PEILBEHERENDEINSTANTIE":"VERGUNNINGHOUDER","OPPERVLAKTE":71605,"OMTREK":1299,"OPMERKING":null,"HYPERLINK":null,"ONTHEFFING":"V61935","SOORTPEILBEHEER":"dynamisch peil","VASTPEIL":-6.8200000000000003,"ZOMERPEIL":null,"WINTERPEIL":null,"FLEXZOMERPEILONDERGRENS":-6.8200000000000003,"FLEXZOMERPEILBOVENGRENS":null,"FLEXWINTERPEILONDERGRENS":-6.8200000000000003,"FLEXWINTERPEILBOVENGRENS":null,"ZOMERPEILTEKST":"bov: / ond:-6.82","WINTERPEILTEKST":"bov: / ond:-6.82","INWINNENDEINSTANTIE":"Hoogheemraadschap van Rijnland","METENDEINSTANTIE":null,"INWINNINGSMETHODE":"digitaliseren","DIMENSIE":"2D","NAUWKEURIGHEIDXY":null,"NAUWKEURIGHEIDZ":null,"DATUMINWINNING":1467936000000,"GEOKPOBJECTID":104,"LAST_EDITED_DATE":1744725508000,"STATUSPEILGEBIED":"Vigerend definitief","SHAPE_AREA":0,"SHAPE_LEN":0,"BEVAT":null,"VOERTAFOP":null,"LONGITUDE":4.7765626000000001,"LATITUDE":52.154136459999997,"XCOORDINAAT":113210.66,"YCOORDINAAT":463060.51000000001,"VASTBEHEERMARGEBOVEN":null,"VASTBEHEERMARGEONDER":null,"ZPBEHEERMARGEBOVEN":null,"ZPBEHEERMARGEONDER":null,"WPBEHEERMARGEONDER":null,"WPBEHEERMARGEBOVEN":null,"FLEXZPONDERBEHEERMARGEBOVEN":null,"FLEXZPONDERBEHEERMARGEONDER":null,"FLEXZPBOVENBEHEERMARGEBOVEN":null,"FLEXZPBOVENBEHEERMARGEONDER":null,"FLEXWPONDERBEHEERMARGEBOVEN":null,"FLEXWPONDERBEHEERMARGEONDER":null,"FLEXWPBOVENBEHEERMARGEBOVEN":null,"FLEXWPBOVENBEHEERMARGEONDER":null,"OBJECTID2":103}},{"type":"Feature","id":104,"geometry":{"type":"Polygon","coordinates":[[[116627.33300000057,464228.87810000032],[116628.25299999863,464229.06599999964],[116658.93200000003,464235.62900000066],[116673.12999999896,464238.52299999818],[116709.20800000057,464245.32800000161],[116738.81799999997,464251.32999999821],[116757.9840000011,464255.21499999985],[116774.46200000122,464258.31199999899],[116779.13899999857,464259.23809999973],[116781.36789999902,464259.67949999869],[116816.52899999917,464266.64200000092],[116824.49399999902,464268.36899999902],[116848.01700000092,464272.75699999928],[116848.03610000014,464272.76060000062],[116858.82699999958,464274.79500000179],[116861.21799999848,464275.24579999968],[116864.49700000137,464275.86400000006],[116864.46220000088,464276.07220000029],[116863.91099999845,464279.3900000006],[116863.90839999914,464279.40509999916],[116860.64299999923,464299.03799999878],[116859.48999999836,464305.12000000104],[116856.43699999899,464317.9990000017],[116855.32999999821,464323.4849999994],[116854.72509999946,464328.1790000014],[116854.47749999911,464330.10090000182],[116770.33999999985,464315.63100000098],[116748.26700000092,464311.83500000089],[116692.36100000143,464296.99300000072],[116674.04699999839,464292.12700000033],[116618.18200000003,464273.68800000101],[116618.44200000167,464272.89900000021],[116619.85099999979,464265.87000000104],[116627.33300000057,464228.87810000032]]]},"properties":{"ORACLE_OBJECTID":622,"CODE":"PAW_OR-4.09.HW14","NAAM":"Polder Nieuwkoop","STATUSOBJECT":"gerealiseerd","SOORTPEILGEBIED":"Hoogwatervoorziening","SOORTAFWATERING":"Gestuwd","PEILBEHERENDEINSTANTIE":"KADASTRAAL EIGENAAR","OPPERVLAKTE":13119,"OMTREK":586,"OPMERKING":null,"HYPERLINK":null,"ONTHEFFING":"V61933","SOORTPEILBEHEER":"vast peil","VASTPEIL":-5.1299999999999999,"ZOMERPEIL":null,"WINTERPEIL":null,"FLEXZOMERPEILONDERGRENS":null,"FLEXZOMERPEILBOVENGRENS":null,"FLEXWINTERPEILONDERGRENS":null,"FLEXWINTERPEILBOVENGRENS":null,"ZOMERPEILTEKST":"-5.13","WINTERPEILTEKST":"-5.13","INWINNENDEINSTANTIE":"Hoogheemraadschap van Rijnland","METENDEINSTANTIE":null,"INWINNINGSMETHODE":"digitaliseren","DIMENSIE":"2D","NAUWKEURIGHEIDXY":null,"NAUWKEURIGHEIDZ":null,"DATUMINWINNING":1467849600000,"GEOKPOBJECTID":85,"LAST_EDITED_DATE":1744725508000,"STATUSPEILGEBIED":"Vigerend definitief","SHAPE_AREA":0,"SHAPE_LEN":0,"BEVAT":null,"VOERTAFOP":null,"LONGITUDE":4.82801451,"LATITUDE":52.165347830000002,"XCOORDINAAT":116741.34,"YCOORDINAAT":464279.48999999999,"VASTBEHEERMARGEBOVEN":null,"VASTBEHEERMARGEONDER":null,"ZPBEHEERMARGEBOVEN":null,"ZPBEHEERMARGEONDER":null,"WPBEHEERMARGEONDER":null,"WPBEHEERMARGEBOVEN":null,"FLEXZPONDERBEHEERMARGEBOVEN":null,"FLEXZPONDERBEHEERMARGEONDER":null,"FLEXZPBOVENBEHEERMARGEBOVEN":null,"FLEXZPBOVENBEHEERMARGEONDER":null,"FLEXWPONDERBEHEERMARGEBOVEN":null,"FLEXWPONDERBEHEERMARGEONDER":null,"FLEXWPBOVENBEHEERMARGEBOVEN":null,"FLEXWPBOVENBEHEERMARGEONDER":null,"OBJECTID2":104}},{"type":"Feature","id":105,"geometry":{"type":"Polygon","coordinates":[[[96411.73919999972,462968.96979999915],[96413.325500000268,462969.93299999833],[96415.068999998271,462970.98550000042],[96423.875900000334,462976.29140000045],[96438.439800001681,462982.74350000173],[96438.238400001079,462983.19810000062],[96436.754799999297,462986.54690000042],[96434.620999999344,462991.36300000176],[96430.30700000003,463000.82899999991],[96428.923999998719,463003.86400000006],[96425.14600000158,463011.54199999943],[96420.820000000298,463020.77100000158],[96412.000999998301,463040.84200000018],[96410.627000000328,463043.42700000107],[96409.598000001162,463044.8049999997],[96405.805199999362,463049.8909999989],[96405.71799999848,463050.00800000131],[96402.997800000012,463053.65560000017],[96387.999299999326,463042.49139999971],[96372.577100001276,463031.11250000075],[96374.210200000554,463028.89909999818],[96374.767400000244,463028.14400000125],[96375.302999999374,463027.41809999943],[96376.108600001782,463026.31089999899],[96378.872600000352,463021.9199000001],[96385.605399999768,463011.2239000015],[96391.577399998903,463001.32869999856],[96397.774599999189,462991.18760000169],[96403.622299998999,462981.79870000109],[96406.862799998373,462976.58100000024],[96410.123900000006,462971.32380000129],[96411.606199998409,462968.88910000026],[96411.73919999972,462968.96979999915]]]},"properties":{"ORACLE_OBJECTID":623,"CODE":"PAW_OR-3.53-HW01","NAAM":"HW Hoogmadeseweg 58","STATUSOBJECT":"gerealiseerd","SOORTPEILGEBIED":"Hoogwatervoorziening","SOORTAFWATERING":"Gestuwd","PEILBEHERENDEINSTANTIE":"VERGUNNINGHOUDER","OPPERVLAKTE":2641,"OMTREK":221,"OPMERKING":null,"HYPERLINK":null,"ONTHEFFING":"V62015","SOORTPEILBEHEER":"vast peil","VASTPEIL":-0.62,"ZOMERPEIL":null,"WINTERPEIL":null,"FLEXZOMERPEILONDERGRENS":null,"FLEXZOMERPEILBOVENGRENS":null,"FLEXWINTERPEILONDERGRENS":null,"FLEXWINTERPEILBOVENGRENS":null,"ZOMERPEILTEKST":"-0.62","WINTERPEILTEKST":"-0.62","INWINNENDEINSTANTIE":"Hoogheemraadschap van Rijnland","METENDEINSTANTIE":null,"INWINNINGSMETHODE":null,"DIMENSIE":"2D","NAUWKEURIGHEIDXY":null,"NAUWKEURIGHEIDZ":null,"DATUMINWINNING":1467763200000,"GEOKPOBJECTID":103,"LAST_EDITED_DATE":1726934525000,"STATUSPEILGEBIED":"Vigerend definitief","SHAPE_AREA":0,"SHAPE_LEN":0,"BEVAT":null,"VOERTAFOP":null,"LONGITUDE":4.5310306499999999,"LATITUDE":52.152167550000001,"XCOORDINAAT":96405.509999999995,"YCOORDINAAT":463011.27000000002,"VASTBEHEERMARGEBOVEN":null,"VASTBEHEERMARGEONDER":null,"ZPBEHEERMARGEBOVEN":null,"ZPBEHEERMARGEONDER":null,"WPBEHEERMARGEONDER":null,"WPBEHEERMARGEBOVEN":null,"FLEXZPONDERBEHEERMARGEBOVEN":null,"FLEXZPONDERBEHEERMARGEONDER":null,"FLEXZPBOVENBEHEERMARGEBOVEN":null,"FLEXZPBOVENBEHEERMARGEONDER":null,"FLEXWPONDERBEHEERMARGEBOVEN":null,"FLEXWPONDERBEHEERMARGEONDER":null,"FLEXWPBOVENBEHEERMARGEBOVEN":null,"FLEXWPBOVENBEHEERMARGEONDER":null,"OBJECTID2":105}},{"type":"Feature","id":106,"geometry":{"type":"Polygon","coordinates":[[[103916.3925999999,463664.37660000101],[103916.16470000148,463669.05920000002],[103915.8909999989,463674.92000000179],[103915.19839999825,463717.27679999918],[103913.84600000083,463799.98299999908],[103913.90329999849,463811.32200000063],[103914.01000000164,463832.46000000089],[103915.97800000012,463870.42199999839],[103933.99379999936,463870.86300000176],[103934.22100000083,463884.1259999983],[103934.99700000137,463907.78700000048],[103935.19099999964,463919.81100000069],[103934.99700000137,463922.9140000008],[103934.41499999911,463925.72599999979],[103933.54199999943,463928.44099999964],[103932.28200000152,463931.44700000063],[103930.63300000131,463934.55000000075],[103928.5,463937.65300000086],[103925.78500000015,463940.94999999925],[103922.3909999989,463945.02299999818],[103916.86400000006,463950.74399999902],[103910.65799999982,463956.94999999925],[103905.32400000095,463962.96299999952],[103900.18499999866,463968.97500000149],[103889.51799999923,463981.4840000011],[103884.29100000113,463987.14600000158],[103883.91699999943,463987.55099999905],[103880.11199999973,463990.77100000158],[103875.0540000014,463993.93200000003],[103870.62799999863,463996.25],[103869.04800000042,463996.56599999964],[103865.88699999824,463996.35500000045],[103862.3040000014,463995.40700000152],[103859.48999999836,463994.65379999951],[103851.72700000182,463992.57600000128],[103827.96299999952,463986.95399999991],[103766.23200000077,463972.16800000146],[103753.82200000063,463964.63800000027],[103710.02600000054,463954.97690000013],[103710.07800000161,463953.26799999923],[103709.84200000018,463946.81599999964],[103707.77699999884,463916.44900000095],[103699.84600000083,463799.80600000173],[103698.48620000109,463777.67330000177],[103694.45210000128,463712.01309999824],[103688.57400000095,463616.33999999985],[103688.58199999854,463616.25899999961],[103700.45100000128,463618.31399999931],[103849.80939999968,463649.59360000119],[103877.10500000045,463655.30999999866],[103877.23889999837,463658.49920000136],[103886.87440000102,463658.09479999915],[103916.3925999999,463664.37660000101]]]},"properties":{"ORACLE_OBJECTID":624,"CODE":"PAW_OR-3.48.OB05","NAAM":"OB J. van Stralen","STATUSOBJECT":"gerealiseerd","SOORTPEILGEBIED":"Onderbemaling","SOORTAFWATERING":"Bemalen","PEILBEHERENDEINSTANTIE":"VERGUNNINGHOUDER","OPPERVLAKTE":73567,"OMTREK":1117,"OPMERKING":null,"HYPERLINK":null,"ONTHEFFING":"V52760","SOORTPEILBEHEER":"vast peil","VASTPEIL":-5.4199999999999999,"ZOMERPEIL":null,"WINTERPEIL":null,"FLEXZOMERPEILONDERGRENS":null,"FLEXZOMERPEILBOVENGRENS":null,"FLEXWINTERPEILONDERGRENS":null,"FLEXWINTERPEILBOVENGRENS":null,"ZOMERPEILTEKST":"-5.42","WINTERPEILTEKST":"-5.42","INWINNENDEINSTANTIE":"Hoogheemraadschap van Rijnland","METENDEINSTANTIE":null,"INWINNINGSMETHODE":null,"DIMENSIE":"2D","NAUWKEURIGHEIDXY":null,"NAUWKEURIGHEIDZ":null,"DATUMINWINNING":1333497600000,"GEOKPOBJECTID":28,"LAST_EDITED_DATE":1726934524000,"STATUSPEILGEBIED":"Vigerend definitief","SHAPE_AREA":0,"SHAPE_LEN":0,"BEVAT":null,"VOERTAFOP":null,"LONGITUDE":4.6391221299999996,"LATITUDE":52.160049409999999,"XCOORDINAAT":103811.88,"YCOORDINAAT":463806.40999999997,"VASTBEHEERMARGEBOVEN":null,"VASTBEHEERMARGEONDER":null,"ZPBEHEERMARGEBOVEN":null,"ZPBEHEERMARGEONDER":null,"WPBEHEERMARGEONDER":null,"WPBEHEERMARGEBOVEN":null,"FLEXZPONDERBEHEERMARGEBOVEN":null,"FLEXZPONDERBEHEERMARGEONDER":null,"FLEXZPBOVENBEHEERMARGEBOVEN":null,"FLEXZPBOVENBEHEERMARGEONDER":null,"FLEXWPONDERBEHEERMARGEBOVEN":null,"FLEXWPONDERBEHEERMARGEONDER":null,"FLEXWPBOVENBEHEERMARGEBOVEN":null,"FLEXWPBOVENBEHEERMARGEONDER":null,"OBJECTID2":106}},{"type":"Feature","id":107,"geometry":{"type":"Polygon","coordinates":[[[97324.616000000387,459279.49199999869],[97334.019999999553,459305.36100000143],[97344.263999998569,459334.68800000101],[97344.969999998808,459336.71000000089],[97356.85399999842,459373.85700000077],[97367.238000001758,459407.65799999982],[97378.800999999046,459445.29399999976],[97390.973000001162,459485.05000000075],[97396.960999999195,459504.82499999925],[97400.772999998182,459517.45199999958],[97403.267000000924,459524.84899999946],[97405.671000000089,459531.1950000003],[97408.495999999344,459536.27499999851],[97410.576000001281,459539.92500000075],[97413.31799999997,459542.60700000077],[97412.607000000775,459546.50699999928],[97412.840999998152,459552.55200000107],[97416.578999999911,459566.01099999994],[97419.443999998271,459576.12799999863],[97419.89999999851,459580.48800000176],[97419.447000000626,459584.53700000048],[97418.302999999374,459587.07699999958],[97416.493000000715,459589.07800000161],[97413.997000001371,459590.48099999875],[97404.829999998212,459593.52899999917],[97406.151999998838,459597.8200000003],[97407.403000000864,459601.87799999863],[97419.25,459640.32200000063],[97340.188000001013,459665.88300000131],[97351.894999999553,459704.19799999893],[97352.822200000286,459707.23259999976],[97266.049300000072,459733.74590000138],[97265.414000000805,459731.83799999952],[97250.094000000507,459685.83300000057],[97236.517000000924,459641.34099999815],[97221.636999998242,459587.21700000018],[97208.655000001192,459538.9299999997],[97163.822999998927,459374.97399999946],[97141.894000001252,459293.6099999994],[97136.542599998415,459274.02769999951],[97139.591499999166,459272.54120000079],[97142.825699999928,459270.95089999959],[97142.999899998307,459270.86529999971],[97145.006299998611,459269.98110000044],[97147.708799999207,459268.94640000165],[97149.326200000942,459268.47619999945],[97150.536400001496,459268.12429999933],[97153.486699998379,459267.35570000112],[97160.107599999756,459265.03669999912],[97163.243599999696,459263.77809999883],[97166.106199998409,459263.21460000053],[97167.532299999148,459263.18840000033],[97169.037200000137,459263.30009999871],[97170.88030000031,459263.32360000163],[97172.957499999553,459263.23209999874],[97175.296100001782,459262.9701000005],[97177.10020000115,459262.77629999816],[97179.360500000417,459262.31089999899],[97181.552000001073,459261.80299999937],[97183.652699999511,459261.05990000069],[97188.060899998993,459257.94000000134],[97195.588199999183,459252.56430000067],[97207.13030000031,459243.50569999963],[97218.731400001794,459235.56980000064],[97220.467300001532,459234.57539999858],[97221.996500000358,459233.96860000119],[97225.976399999112,459232.4589000009],[97226.52499999851,459232.28400000185],[97229.225999999791,459231.42399999872],[97230.063999999315,459231.15300000086],[97231.328999999911,459230.4990000017],[97232.31799999997,459229.40100000054],[97232.79300000146,459228.55200000107],[97233.046999998391,459227.8040000014],[97233.059999998659,459227.76700000092],[97233.162999998778,459227.46200000122],[97233.197000000626,459227.14799999818],[97233.291999999434,459226.27499999851],[97233.287000000477,459224.96999999881],[97233.046999998391,459224.22800000012],[97231.147999998182,459217.92700000107],[97241.848999999464,459215.0540000014],[97244.596000000834,459214.44799999893],[97248.109000001103,459213.96999999881],[97252.396999999881,459213.55700000003],[97259.291000001132,459213.19999999925],[97263.587999999523,459213.23800000176],[97267.642000000924,459213.54100000113],[97271.506999999285,459214.27100000158],[97275.173999998719,459215.23999999836],[97280.072000000626,459216.92599999905],[97284.875,459219.1240000017],[97287.254000000656,459220.47700000182],[97289.58199999854,459221.80000000075],[97294.727000001818,459225.36800000072],[97298.79300000146,459228.75699999928],[97302.629999998957,459232.57499999925],[97306.565999999642,459237.43800000101],[97310.326000001281,459243.61300000176],[97313.443999998271,459250.26300000027],[97317.894999999553,459261.90799999982],[97324.616000000387,459279.49199999869]]]},"properties":{"ORACLE_OBJECTID":625,"CODE":"PAW_WW-09.OB07","NAAM":"OB VOF De Wit en Zn","STATUSOBJECT":"gerealiseerd","SOORTPEILGEBIED":"Onderbemaling","SOORTAFWATERING":"Bemalen","PEILBEHERENDEINSTANTIE":"VERGUNNINGHOUDER","OPPERVLAKTE":85885,"OMTREK":1333,"OPMERKING":"Peilen in NAP 2005 PAW aangepast met verg V56345","HYPERLINK":null,"ONTHEFFING":"VWR V.47105","SOORTPEILBEHEER":"vast peil","VASTPEIL":-2.6200000000000001,"ZOMERPEIL":null,"WINTERPEIL":null,"FLEXZOMERPEILONDERGRENS":null,"FLEXZOMERPEILBOVENGRENS":null,"FLEXWINTERPEILONDERGRENS":null,"FLEXWINTERPEILBOVENGRENS":null,"ZOMERPEILTEKST":"-2.62","WINTERPEILTEKST":"-2.62","INWINNENDEINSTANTIE":"Hoogheemraadschap van Rijnland","METENDEINSTANTIE":null,"INWINNINGSMETHODE":null,"DIMENSIE":"2D","NAUWKEURIGHEIDXY":null,"NAUWKEURIGHEIDZ":null,"DATUMINWINNING":1318809600000,"GEOKPOBJECTID":37,"LAST_EDITED_DATE":1726934522000,"STATUSPEILGEBIED":"Vigerend definitief","SHAPE_AREA":0,"SHAPE_LEN":0,"BEVAT":null,"VOERTAFOP":null,"LONGITUDE":4.54438152,"LATITUDE":52.120464609999999,"XCOORDINAAT":97278.220000000001,"YCOORDINAAT":459473.46999999997,"VASTBEHEERMARGEBOVEN":null,"VASTBEHEERMARGEONDER":null,"ZPBEHEERMARGEBOVEN":null,"ZPBEHEERMARGEONDER":null,"WPBEHEERMARGEONDER":null,"WPBEHEERMARGEBOVEN":null,"FLEXZPONDERBEHEERMARGEBOVEN":null,"FLEXZPONDERBEHEERMARGEONDER":null,"FLEXZPBOVENBEHEERMARGEBOVEN":null,"FLEXZPBOVENBEHEERMARGEONDER":null,"FLEXWPONDERBEHEERMARGEBOVEN":null,"FLEXWPONDERBEHEERMARGEONDER":null,"FLEXWPBOVENBEHEERMARGEBOVEN":null,"FLEXWPBOVENBEHEERMARGEONDER":null,"OBJECTID2":107}},{"type":"Feature","id":109,"geometry":{"type":"Polygon","coordinates":[[[97436.58350000158,462983.93450000137],[97451.048200000077,462996.05070000142],[97551.517799999565,463089.98449999839],[97619.562199998647,463156.57679999992],[97626.691500000656,463162.66450000182],[97615.865800000727,463175.3423999995],[97602.995999999344,463190.22360000014],[97591.084699999541,463203.87269999832],[97575.84849999845,463221.32620000094],[97579.527300000191,463224.49839999899],[97582.409099999815,463226.98319999874],[97593.841299999505,463237.62590000033],[97604.97839999944,463248.058699999],[97613.424400001764,463255.96009999886],[97625.144799999893,463266.94830000028],[97637.811700001359,463278.73649999872],[97648.701400000602,463288.8311999999],[97658.39660000056,463297.81810000166],[97667.968899998814,463306.69159999862],[97679.23939999938,463317.13899999857],[97692.417700000107,463329.35539999977],[97706.297800000757,463342.22179999948],[97718.027399998158,463353.09519999847],[97730.744600001723,463364.88379999995],[97750.168499998748,463383.05990000069],[97760.05150000006,463392.70030000061],[97769.574700001627,463401.79740000144],[97770.629099998623,463402.80710000172],[97782.14979999885,463413.83940000087],[97798.812199998647,463429.47480000183],[97794.175700001419,463435.94750000164],[97785.128899998963,463448.5727000013],[97772.977899998426,463465.52980000153],[97763.246800001711,463479.11050000042],[97755.26610000059,463490.2479000017],[97747.993799999356,463500.39689999819],[97741.429499998689,463509.55779999867],[97736.517499998212,463516.58309999853],[97734.519200000912,463519.4411999993],[97732.616099998355,463522.02320000157],[97729.762200001627,463525.89490000159],[97723.806699998677,463534.15190000087],[97718.966800000519,463540.90599999949],[97713.680500000715,463548.28319999948],[97708.356699999422,463555.71319999918],[97708.260299999267,463555.8478000015],[97706.981400001794,463554.8925999999],[97704.079399999231,463552.72520000115],[97701.097199998796,463550.43329999968],[97697.601199999452,463547.74670000002],[97690.19790000096,463542.15199999884],[97682.204900000244,463536.31799999997],[97674.384100001305,463530.61510000005],[97666.776799999177,463525.06379999965],[97658.319400001317,463518.89559999853],[97650.343499999493,463513.07559999824],[97641.997000001371,463506.99120000005],[97632.767900001258,463500.25840000063],[97621.404199998826,463491.96979999915],[97611.924899999052,463485.0522999987],[97603.068999998271,463478.49120000005],[97589.781500000507,463468.61459999904],[97577.699900001287,463459.6110999994],[97565.65509999916,463450.5848999992],[97553.833099998534,463441.72540000081],[97541.181600000709,463432.26159999892],[97531.135699998587,463424.78669999912],[97529.903299998492,463423.86960000172],[97526.827100001276,463421.58069999889],[97514.10929999873,463412.11369999871],[97501.557799998671,463402.77180000022],[97488.444200001657,463393.09360000119],[97480.138599999249,463386.98699999973],[97469.081199999899,463378.85660000145],[97458.774500001222,463371.27769999951],[97448.068500000983,463363.34760000184],[97432.430700000376,463351.89660000056],[97420.558499999344,463343.20300000161],[97408.037099998444,463334.03420000151],[97397.371800001711,463326.21880000085],[97386.663199998438,463318.29160000011],[97378.157299999148,463311.9215000011],[97369.584699999541,463305.49879999831],[97357.640999998897,463296.55339999869],[97345.628299999982,463287.64440000057],[97330.711699999869,463276.58350000158],[97319.101700000465,463267.97470000014],[97307.040100000799,463258.97529999912],[97295.095800001174,463250.0298999995],[97283.971400000155,463241.70580000058],[97273.495099999011,463233.87409999967],[97263.527399998158,463226.42269999906],[97294.867800001055,463152.87799999863],[97312.222500000149,463114.23350000009],[97339.346000000834,463053.24399999902],[97359.114999998361,463032.2928000018],[97389.539999999106,463005.68400000036],[97405.098999999464,462994.41899999976],[97422.911200001836,462987.27290000021],[97434.140000000596,462983.50149999931],[97436.58350000158,462983.93450000137]]]},"properties":{"ORACLE_OBJECTID":736,"CODE":"PAW_OR-3.35.HW04","NAAM":"Munniken-, Zijllaan- en Meijepolder","STATUSOBJECT":"gerealiseerd","SOORTPEILGEBIED":"Hoogwatervoorziening","SOORTAFWATERING":"Gestuwd","PEILBEHERENDEINSTANTIE":"VERGUNNINGHOUDER","OPPERVLAKTE":130737,"OMTREK":1664,"OPMERKING":null,"HYPERLINK":null,"ONTHEFFING":"V62325","SOORTPEILBEHEER":"seizoensgebonden peil (flexibel)","VASTPEIL":null,"ZOMERPEIL":null,"WINTERPEIL":null,"FLEXZOMERPEILONDERGRENS":-1.6200000000000001,"FLEXZOMERPEILBOVENGRENS":-1.2,"FLEXWINTERPEILONDERGRENS":-1.6200000000000001,"FLEXWINTERPEILBOVENGRENS":-1.2,"ZOMERPEILTEKST":"bov:-1.20 / ond:-1.62","WINTERPEILTEKST":"bov:-1.20 / ond:-1.62","INWINNENDEINSTANTIE":"Hoogheemraadschap van Rijnland","METENDEINSTANTIE":null,"INWINNINGSMETHODE":null,"DIMENSIE":"2D","NAUWKEURIGHEIDXY":null,"NAUWKEURIGHEIDZ":null,"DATUMINWINNING":1467331200000,"GEOKPOBJECTID":95,"LAST_EDITED_DATE":1726934524000,"STATUSPEILGEBIED":"Vigerend definitief","SHAPE_AREA":0,"SHAPE_LEN":0,"BEVAT":null,"VOERTAFOP":null,"LONGITUDE":4.5474332300000002,"LATITUDE":52.154608060000001,"XCOORDINAAT":97531.169999999998,"YCOORDINAAT":463269.66999999998,"VASTBEHEERMARGEBOVEN":null,"VASTBEHEERMARGEONDER":null,"ZPBEHEERMARGEBOVEN":null,"ZPBEHEERMARGEONDER":null,"WPBEHEERMARGEONDER":null,"WPBEHEERMARGEBOVEN":null,"FLEXZPONDERBEHEERMARGEBOVEN":null,"FLEXZPONDERBEHEERMARGEONDER":null,"FLEXZPBOVENBEHEERMARGEBOVEN":null,"FLEXZPBOVENBEHEERMARGEONDER":null,"FLEXWPONDERBEHEERMARGEBOVEN":null,"FLEXWPONDERBEHEERMARGEONDER":null,"FLEXWPBOVENBEHEERMARGEBOVEN":null,"FLEXWPBOVENBEHEERMARGEONDER":null,"OBJECTID2":109}},{"type":"Feature","id":112,"geometry":{"type":"Polygon","coordinates":[[[114166.86290000007,459622.13459999859],[114163.90850000083,459626.59540000185],[114156.31740000099,459636.86690000072],[114147.65410000086,459648.54199999943],[114140.34870000184,459659.02409999818],[114133.59679999948,459668.70569999889],[114125.78139999881,459679.5],[114118.23539999872,459690.27919999883],[114110.1213000007,459701.1585999988],[114101.86560000107,459712.79219999909],[114095.02290000021,459723.16629999876],[114089.95069999993,459730.2452000007],[114083.87429999933,459738.75439999998],[114078.53700000048,459746.17029999942],[114071.01960000023,459757.03240000084],[114063.12110000104,459767.95490000024],[114055.81850000098,459778.70259999856],[114048.9646999985,459788.66389999911],[114040.74230000004,459798.86230000108],[114035.85200000182,459805.39310000092],[114033.30689999834,459809.69509999827],[114032.77899999917,459810.52980000153],[114030.45850000158,459814.19920000061],[114025.82110000029,459821.67440000176],[114018.99240000173,459831.7340000011],[114014.33650000021,459838.87370000035],[114008.62570000067,459846.89770000055],[114003.37299999967,459854.4178000018],[113999.17599999905,459860.34620000049],[113994.19649999961,459867.80009999871],[113991.55950000137,459870.58689999953],[113989.56140000001,459873.48640000075],[113988.4199000001,459875.13300000131],[113988.06540000066,459875.64429999888],[113985.08309999853,459879.69000000134],[113982.50239999965,459883.19060000032],[113975.47679999843,459894.2575000003],[113973.01110000163,459897.56749999896],[113970.87669999897,459900.31540000066],[113969.51889999956,459902.94579999894],[113967.35500000045,459906.78180000186],[113962.65069999918,459912.22870000079],[113959.23649999872,459916.31940000132],[113952.95270000026,459925.27459999919],[113946.9541000016,459932.39970000088],[113940.41670000181,459942.60029999912],[113932.93760000169,459951.38269999996],[113931.75050000101,459952.77659999952],[113927.51080000028,459959.17940000072],[113924.41450000182,459963.85550000146],[113917.27149999887,459973.9737999998],[113909.22560000047,459986.21310000122],[113901.96299999952,459996.40989999846],[113899.98860000074,459999.42740000039],[113896.80889999866,460003.7050999999],[113895.27589999884,460005.73180000111],[113890.47470000014,460012.07930000126],[113884.38109999895,460021.01469999924],[113880.8770999983,460026.02499999851],[113877.4646999985,460031.82310000062],[113876.29239999875,460033.91739999875],[113873.7536999993,460038.45289999992],[113871.34279999882,460042.58799999952],[113867.47320000082,460047.10139999911],[113861.99680000171,460053.16679999977],[113860.44449999928,460054.79549999908],[113859.54050000012,460055.9785999991],[113855.93290000036,460061.36589999869],[113851.56329999864,460067.70050000027],[113846.68809999898,460074.74419999868],[113840.28790000081,460084.2509999983],[113834.46900000051,460092.35289999843],[113828.91310000047,460100.0186999999],[113822.88830000162,460107.10229999945],[113822.20389999822,460107.83060000092],[113817.08249999955,460113.28139999881],[113811.82600000128,460118.16360000148],[113811.5773999989,460118.36300000176],[113811.2014000006,460118.66459999979],[113811.1436999999,460118.68620000035],[113810.99040000141,460118.66110000014],[113810.64200000092,460118.60410000011],[113809.05530000106,460117.82389999926],[113802.06929999962,460113.89050000161],[113795.58269999921,460109.39429999888],[113794.17990000173,460108.42199999839],[113793.30180000141,460107.76740000024],[113788.94539999962,460104.51790000126],[113788.38010000065,460103.9813000001],[113787.98869999871,460103.60979999974],[113785.30939999968,460100.01199999824],[113784.46429999918,460099.10319999978],[113781.94970000163,460097.25259999931],[113774.15610000119,460092.58029999956],[113767.85449999943,460089.38010000065],[113767.55000000075,460089.11820000038],[113767.41380000114,460088.81480000168],[113767.34349999949,460088.59310000017],[113767.35830000043,460088.35069999844],[113767.47309999913,460087.74879999831],[113768.21620000154,460085.00600000098],[113771.81109999865,460078.07200000063],[113776.15359999985,460070.49500000104],[113778.44680000097,460067.47120000049],[113782.50950000063,460062.94440000132],[113785.01029999927,460059.63269999996],[113788.22729999945,460053.55660000071],[113790.10929999873,460049.70630000159],[113790.54179999977,460048.98759999871],[113792.77039999887,460045.28370000049],[113795.72960000113,460040.82789999992],[113801.65049999952,460032.21460000053],[113806.70980000123,460024.54500000179],[113811.1911999993,460017.58269999921],[113816.34360000119,460010.6229000017],[113821.76089999825,460002.30449999869],[113822.940200001,460000.56480000168],[113829.18809999898,459991.52259999886],[113835.3984999992,459982.15799999982],[113843.1735999994,459970.6939000003],[113845.09600000083,459967.37359999865],[113847.6726000011,459963.62609999999],[113853.64689999819,459955.76280000061],[113854.95729999989,459953.52039999887],[113855.19310000166,459952.1521999985],[113855.11149999872,459950.68789999932],[113854.83790000156,459950.3515000008],[113854.19249999896,459949.55799999833],[113850.63089999929,459946.81109999865],[113845.86050000042,459943.35550000146],[113827.66389999911,459930.17419999838],[113825.87299999967,459928.87689999864],[113825.04089999944,459928.27409999818],[113824.83080000058,459928.12189999968],[113826.28860000148,459926.2322999984],[113826.80310000107,459925.56529999897],[113830.54419999942,459920.46660000086],[113836.55000000075,459912.28130000085],[113843.60929999873,459902.54320000112],[113849.2928000018,459894.07090000063],[113853.69489999861,459888.37460000068],[113856.65450000018,459884.7789000012],[113860.31749999896,459880.3284999989],[113868.86470000073,459868.77499999851],[113879.57319999859,459853.70039999858],[113883.8515000008,459847.59230000153],[113888.61459999904,459840.79230000079],[113897.88500000164,459827.10520000011],[113908.65670000017,459811.31839999929],[113917.26889999956,459799.37519999966],[113924.65029999986,459789.1576000005],[113932.8264000006,459778.78720000014],[113940.97619999945,459766.1724999994],[113945.61609999835,459759.78159999847],[113948.40069999918,459756.28590000048],[113948.90260000154,459755.65590000153],[113949.25499999896,459755.28819999844],[113951.54679999873,459752.89689999819],[113951.99549999833,459752.16290000081],[113952.53840000182,459751.27490000054],[113954.05099999905,459748.80090000108],[113956.71819999814,459745.74560000002],[113957.14880000055,459745.25239999965],[113959.57649999857,459742.11529999971],[113964.13749999925,459736.22140000015],[113968.53299999982,459730.92100000009],[113970.08240000159,459728.98860000074],[113970.35949999839,459727.99289999902],[113970.50290000066,459727.47749999911],[113969.8359999992,459726.17139999941],[113968.99130000174,459725.53950000182],[113968.20769999921,459724.95230000094],[113962.72049999982,459721.67520000041],[113956.02919999883,459716.78720000014],[113954.73070000112,459715.88060000166],[113949.14959999919,459711.9840000011],[113946.34160000086,459709.61910000071],[113944.65379999951,459707.73809999973],[113942.66649999842,459705.22870000079],[113942.01749999821,459704.4646999985],[113940.81450000033,459703.57279999927],[113938.99139999971,459702.72720000148],[113938.28350000083,459702.65509999916],[113937.54360000044,459702.58100000024],[113935.83700000122,459702.93439999968],[113933.54809999838,459703.93039999902],[113930.84349999949,459705.82479999959],[113928.36169999838,459707.98829999939],[113927.85069999844,459708.4338000007],[113926.02419999987,459710.45199999958],[113923.20879999921,459714.51330000162],[113918.76740000024,459720.92020000145],[113913.99879999831,459727.49700000137],[113910.06989999861,459732.91560000181],[113909.2351000011,459734.06689999998],[113901.93079999834,459742.45769999921],[113896.17540000007,459750.66180000082],[113888.622299999,459761.72430000082],[113885.06909999996,459766.99879999831],[113878.80739999935,459775.69509999827],[113869.89719999954,459788.29789999872],[113859.27030000091,459803.03170000017],[113848.00450000167,459817.5428000018],[113840.78959999979,459827.39209999889],[113838.35720000044,459831.08370000124],[113834.61879999936,459836.28049999848],[113832.14530000091,459839.15129999816],[113828.74500000104,459842.39600000158],[113827.6763000004,459843.41580000147],[113821.77160000056,459850.62209999934],[113818.23200000077,459855.34910000116],[113815.35799999908,459859.18730000034],[113814.70259999856,459860.06260000169],[113807.08779999986,459870.44550000131],[113800.89519999921,459879.246199999],[113795.70169999823,459886.46379999816],[113792.31179999933,459891.86960000172],[113790.14310000092,459894.76449999958],[113784.10429999977,459902.58069999889],[113775.9096999988,459913.36210000142],[113766.64959999919,459925.30810000002],[113758.73990000039,459934.98380000144],[113750.36840000004,459944.89070000127],[113742.09560000151,459955.50829999894],[113733.54270000011,459965.35229999945],[113727.11520000175,459972.95659999922],[113720.43320000172,459981.43499999866],[113715.30550000072,459989.11710000038],[113713.04679999873,459991.33779999986],[113710.67680000141,459993.91789999977],[113706.7089000009,459999.44570000097],[113705.5522999987,460001.32569999993],[113700.41290000081,460008.07440000027],[113693.85579999909,460017.01979999989],[113690.69359999895,460021.44709999859],[113685.32939999923,460029.33449999988],[113683.08940000087,460031.75250000134],[113676.56219999865,460037.45010000095],[113669.76040000096,460043.08359999955],[113668.38379999995,460043.80299999937],[113667.94509999827,460043.91719999909],[113667.70450000092,460043.90439999849],[113667.67449999973,460043.9028000012],[113666.96999999881,460043.66640000045],[113661.45780000091,460040.68299999833],[113660.20679999888,460039.64900000021],[113658.99460000172,460038.55539999902],[113655.7686999999,460034.06419999897],[113649.21700000018,460023.83830000088],[113648.15549999848,460022.42440000176],[113646.82820000127,460021.12070000172],[113646.35770000145,460020.74029999971],[113645.62370000035,460020.14680000022],[113643.76520000026,460018.35520000011],[113641.88969999924,460015.87819999829],[113636.69299999997,460007.41600000113],[113634.00530000031,460000.53189999983],[113633.76379999891,459999.81210000068],[113633.66569999978,459997.88030000031],[113633.57860000059,459996.16310000047],[113633.94179999828,459992.64310000092],[113634.23640000075,459989.04230000079],[113634.22300000116,459987.55939999968],[113633.90199999884,459986.17210000008],[113633.26610000059,459985.28770000115],[113632.3740000017,459984.28170000017],[113631.62049999833,459983.63109999895],[113630.99199999869,459983.0885999985],[113628.51040000096,459980.85779999942],[113626.88300000131,459980.01509999856],[113625.46209999919,459979.77470000088],[113622.0689000003,459980.14959999919],[113617.05810000002,459981.5102000013],[113616.69819999859,459981.51359999925],[113616.2265000008,459981.36800000072],[113612.62719999999,459977.30739999935],[113606.29340000078,459968.26909999922],[113604.79899999872,459966.19099999964],[113602.37249999866,459963.33989999816],[113602.00820000097,459962.91189999878],[113599.75959999859,459961.28849999979],[113592.68180000037,459956.27820000052],[113587.79390000179,459951.67449999973],[113579.11549999937,459942.83439999819],[113575.12779999897,459938.68180000037],[113574.57079999894,459937.79219999909],[113574.58779999986,459937.41039999947],[113574.82380000129,459936.1724999994],[113577.12029999867,459930.67700000107],[113579.9598999992,459925.91299999878],[113582.50160000101,459922.29179999977],[113588.10379999876,459915.48070000112],[113593.0885999985,459909.24120000005],[113598.27389999852,459903.30249999836],[113602.41530000046,459897.52219999954],[113603.30209999904,459896.41499999911],[113604.52059999853,459893.63030000031],[113604.79560000077,459892.43569999933],[113605.28720000014,459891.43310000002],[113607.81599999964,459888.03669999912],[113613.39479999989,459880.90379999951],[113619.24949999899,459873.2071999982],[113624.07919999957,459866.47040000185],[113629.27739999816,459858.98020000011],[113636.6389000006,459849.21249999851],[113640.01700000092,459844.99109999835],[113640.07050000131,459844.78310000151],[113640.42619999871,459843.39990000054],[113640.32510000095,459842.25600000098],[113640.30009999871,459841.97269999981],[113639.42480000108,459840.80279999971],[113638.36980000138,459840.00030000135],[113637.04170000181,459839.53110000119],[113634.90100000054,459839.23849999905],[113633.47199999914,459838.67430000007],[113628.6099999994,459835.64130000025],[113619.88919999823,459829.24949999899],[113616.58339999989,459826.82629999891],[113609.80579999834,459821.316300001],[113606.19559999928,459817.77789999917],[113606.04879999906,459817.46750000119],[113606.04219999909,459817.12330000103],[113606.31760000065,459816.34479999915],[113609.78920000046,459811.60700000077],[113614.33179999888,459805.92520000041],[113618.21480000019,459800.30629999936],[113620.25600000098,459797.34959999844],[113621.21649999917,459797.35440000147],[113651.82470000163,459758.35469999909],[113658.07899999991,459747.90150000155],[113659.04069999978,459742.53579999879],[113652.3077000007,459742.48369999975],[113651.82510000095,459741.87990000099],[113651.42819999903,459740.84519999847],[113650.76810000092,459738.84299999848],[113649.78869999945,459737.69669999927],[113645.83960000053,459734.49780000001],[113639.91860000044,459729.25230000168],[113638.93459999934,459727.87730000168],[113638.61520000175,459726.89029999822],[113638.7071999982,459726.5951000005],[113638.78709999844,459726.34180000052],[113638.79600000009,459724.82880000025],[113639.683699999,459722.19319999963],[113642.78170000017,459719.39240000024],[113645.39680000022,459715.21290000156],[113650.00090000033,459708.20789999887],[113653.89499999955,459703.3077000007],[113662.54560000077,459692.04630000144],[113669.85779999942,459682.87310000136],[113679.32889999822,459670.52769999951],[113688.32279999927,459658.92740000039],[113697.84589999914,459647.77279999852],[113706.79560000077,459636.86410000175],[113715.18600000069,459626.73690000176],[113718.86419999972,459621.15410000086],[113721.74269999936,459617.0458999984],[113729.5634999983,459607.27059999853],[113738.11969999969,459596.16649999842],[113750.75290000066,459580.04019999877],[113765.11850000173,459561.36620000005],[113773.58379999921,459550.44759999961],[113779.23380000144,459542.51280000061],[113788.00519999862,459531.03429999948],[113798.29019999877,459517.51669999957],[113803.40320000052,459510.73319999874],[113807.26480000094,459504.89110000059],[113811.70179999992,459499.9021999985],[113816.58559999987,459493.89999999851],[113823.59470000118,459485.00310000032],[113829.77600000054,459476.65650000051],[113838.77639999986,459463.9384999983],[113845.80990000069,459454.82110000029],[113857.36360000074,459440.32999999821],[113868.10489999875,459426.61740000173],[113878.8460999988,459412.90480000153],[113892.10830000043,459395.98539999872],[113900.83350000158,459384.22100000083],[113909.38340000063,459372.58720000088],[113917.93340000138,459360.95329999924],[113931.46400000155,459343.47740000114],[113942.82609999925,459329.63390000165],[113946.84589999914,459324.37079999968],[113950.2901000008,459319.86140000075],[113950.88549999893,459319.02380000055],[113959.86389999837,459306.39400000125],[113963.31549999863,459301.40080000088],[113964.94069999829,459299.59070000052],[113966.30139999837,459297.92469999939],[113967.2340000011,459296.78290000185],[113967.56749999896,459295.3284999989],[113968.52309999987,459293.91519999877],[113971.76139999926,459289.67920000106],[113979.62449999899,459279.80429999903],[114015.90769999847,459308.69570000097],[114022.17300000042,459313.27360000089],[114023.22030000016,459314.11369999871],[114044.47040000185,459331.15940000117],[114049.91560000181,459335.26469999924],[114056.64730000123,459326.2835999988],[114062.74100000039,459318.33650000021],[114065.37620000169,459315.05689999834],[114068.01139999926,459311.7771999985],[114068.49940000102,459311.1699000001],[114072.36149999872,459314.33680000156],[114072.59160000086,459314.52549999952],[114072.67300000042,459314.44999999925],[114106.5020999983,459320.84899999946],[114109.71880000085,459322.29100000113],[114122.42170000076,459344.10570000112],[114141.48699999973,459358.8740000017],[114159.26099999994,459337.13159999996],[114160.35850000009,459335.78909999877],[114167.82710000128,459341.89449999854],[114180.29740000144,459352.0887000002],[114182.9299999997,459353.3359999992],[114189.12900000066,459352.63800000027],[114212.18299999833,459329.53999999911],[114220.87900000066,459337.81599999964],[114222.70699999854,459339.09200000018],[114223.23000000045,459339.07299999893],[114224.03000000119,459341.09800000116],[114224.18400000036,459342.40080000088],[114221.72120000049,459346.73200000077],[114218.34589999914,459352.00629999861],[114216.98660000041,459354.13039999828],[114213.28979999945,459359.80900000036],[114211.14209999889,459362.32380000129],[114210.77329999954,459362.86039999872],[114209.89719999954,459364.13509999961],[114209.76839999855,459365.58790000156],[114210.7666000016,459367.37640000135],[114211.52749999985,459368.17980000004],[114213.38580000028,459370.14220000058],[114213.65850000083,459370.43010000139],[114215.02879999951,459371.87700000033],[114216.19880000129,459372.52659999952],[114217.41160000116,459372.61760000139],[114218.65329999849,459372.20169999823],[114219.89479999989,459371.00200000033],[114220.87849999964,459369.58179999888],[114221.0700000003,459369.3460999988],[114221.69689999893,459371.13679999858],[114222.10420000181,459373.60649999976],[114222.95560000092,459378.67009999976],[114223.29670000076,459384.01949999854],[114223.19170000032,459389.21719999984],[114223.27369999886,459395.81199999899],[114223.95499999821,459398.90379999951],[114224.47810000181,459401.92889999971],[114224.2873999998,459402.83819999918],[114223.97439999878,459403.59849999845],[114223.30519999936,459404.5150000006],[114222.88320000097,459405.11529999971],[114222.15720000118,459405.81720000133],[114219.24139999971,459407.90830000117],[114217.73889999837,459409.11419999972],[114216.996199999,459410.3740000017],[114216.77840000018,459411.62420000136],[114217.06830000132,459412.85449999943],[114219.375,459415.2650000006],[114222.94999999925,459419.35399999842],[114225.53610000014,459422.7146999985],[114225.66180000082,459422.85229999945],[114226.03570000082,459423.52629999816],[114226.46059999987,459425.07539999858],[114226.84650000185,459427.59389999881],[114226.73099999875,459429.6688000001],[114225.95080000162,459432.50780000165],[114225.80029999837,459433.05550000072],[114225.15769999847,459436.16970000044],[114224.92449999973,459441.05209999904],[114224.99769999832,459443.42639999837],[114225.39110000059,459450.48710000142],[114225.19900000095,459456.03269999847],[114225.12319999933,459458.67110000178],[114224.44310000166,459461.78920000046],[114223.08080000058,459464.23039999977],[114221.89930000156,459465.84219999984],[114219.93349999934,459467.2873999998],[114218.3348999992,459468.44110000134],[114217.33329999819,459470.64519999921],[114217.14730000123,459472.22080000117],[114217.25560000166,459474.96009999886],[114219.96840000153,459478.8638000004],[114221.37220000103,459481.73479999974],[114222.7490000017,459484.55070000142],[114224.31639999896,459488.2873999998],[114224.4103000015,459489.07349999994],[114223.67410000041,459490.64499999955],[114222.02809999883,459494.15300000086],[114221.80370000005,459496.3900000006],[114221.68090000004,459497.61300000176],[114222.59420000017,459499.7696999982],[114223.82690000162,459502.79149999842],[114224.4151000008,459505.55510000139],[114224.73319999874,459509.69409999996],[114224.90960000083,459511.99190000072],[114223.74579999968,459519.99670000002],[114223.75010000169,459523.14730000123],[114224.07490000129,459526.32690000162],[114224.91019999981,459531.98020000011],[114225.25039999932,459534.28269999847],[114224.97989999875,459535.71680000052],[114223.66429999843,459539.72700000182],[114221.08639999852,459546.49489999935],[114220.45179999992,459547.95459999889],[114216.0821999982,459553.76130000129],[114215.26150000095,459554.53240000084],[114213.82569999993,459556.08650000021],[114209.73119999841,459561.31839999929],[114204.78720000014,459568.52279999852],[114204.33810000122,459569.17720000073],[114199.191300001,459576.05189999938],[114196.2714000009,459579.95710000023],[114192.51810000092,459584.97679999843],[114185.5775000006,459594.19429999962],[114181.55779999867,459600.0289000012],[114177.64009999856,459605.71539999917],[114174.98770000041,459609.22210000083],[114172.40249999985,459613.44790000096],[114169.8172999993,459617.67379999906],[114166.86290000007,459622.13459999859]]]},"properties":{"ORACLE_OBJECTID":1761,"CODE":"PAW_OR-4.10.OB06","NAAM":"Polder Nieuwkoop en Noorden","STATUSOBJECT":"gerealiseerd","SOORTPEILGEBIED":"Onderbemaling","SOORTAFWATERING":"Bemalen","PEILBEHERENDEINSTANTIE":"VERGUNNINGHOUDER","OPPERVLAKTE":254190,"OMTREK":3246,"OPMERKING":"Vergunde peil is te vinden onder stuknummer: 15.009796","HYPERLINK":null,"ONTHEFFING":"V59067","SOORTPEILBEHEER":"dynamisch peil","VASTPEIL":-2.3199999999999998,"ZOMERPEIL":null,"WINTERPEIL":null,"FLEXZOMERPEILONDERGRENS":-2.3199999999999998,"FLEXZOMERPEILBOVENGRENS":null,"FLEXWINTERPEILONDERGRENS":-2.3199999999999998,"FLEXWINTERPEILBOVENGRENS":null,"ZOMERPEILTEKST":"bov: / ond:-2.32","WINTERPEILTEKST":"bov: / ond:-2.32","INWINNENDEINSTANTIE":"Hoogheemraadschap van Rijnland","METENDEINSTANTIE":null,"INWINNINGSMETHODE":null,"DIMENSIE":"2D","NAUWKEURIGHEIDXY":null,"NAUWKEURIGHEIDZ":null,"DATUMINWINNING":1427846400000,"GEOKPOBJECTID":49,"LAST_EDITED_DATE":1753278710000,"STATUSPEILGEBIED":"Vigerend definitief","SHAPE_AREA":0,"SHAPE_LEN":0,"BEVAT":null,"VOERTAFOP":null,"LONGITUDE":4.7870514499999999,"LATITUDE":52.123978659999999,"XCOORDINAAT":113900.71000000001,"YCOORDINAAT":459699.25,"VASTBEHEERMARGEBOVEN":null,"VASTBEHEERMARGEONDER":null,"ZPBEHEERMARGEBOVEN":null,"ZPBEHEERMARGEONDER":null,"WPBEHEERMARGEONDER":null,"WPBEHEERMARGEBOVEN":null,"FLEXZPONDERBEHEERMARGEBOVEN":null,"FLEXZPONDERBEHEERMARGEONDER":null,"FLEXZPBOVENBEHEERMARGEBOVEN":null,"FLEXZPBOVENBEHEERMARGEONDER":null,"FLEXWPONDERBEHEERMARGEBOVEN":null,"FLEXWPONDERBEHEERMARGEONDER":null,"FLEXWPBOVENBEHEERMARGEBOVEN":null,"FLEXWPBOVENBEHEERMARGEONDER":null,"OBJECTID2":112}},{"type":"Feature","id":113,"geometry":{"type":"Polygon","coordinates":[[[97901.377000000328,457840.65599999949],[97900.51099999994,457837.79100000113],[97900.349700000137,457837.48930000141],[97948.977699998766,457804.24300000072],[97953.388500001281,457801.22740000114],[98008.35869999975,457763.64510000125],[98025.252999998629,457787.4459999986],[98037.660500001162,457804.92579999939],[97999.188999999315,457832.18699999899],[97977.927000001073,457847.14699999988],[97969.40019999817,457852.9561999999],[97962.399000000209,457857.72599999979],[97944.142999999225,457870.29399999976],[97931.28770000115,457879.1895999983],[97930.412900000811,457879.7949000001],[97917.740899998695,457863.16589999944],[97903.407499998808,457844.35669999942],[97901.377000000328,457840.65599999949]]]},"properties":{"ORACLE_OBJECTID":1824,"CODE":"PAW_WW-10.OB05A","NAAM":"OB H. van Rooijen","STATUSOBJECT":"gerealiseerd","SOORTPEILGEBIED":"Onderbemaling","SOORTAFWATERING":"Bemalen","PEILBEHERENDEINSTANTIE":"VERGUNNINGHOUDER","OPPERVLAKTE":6772,"OMTREK":364,"OPMERKING":null,"HYPERLINK":null,"ONTHEFFING":"V50747","SOORTPEILBEHEER":"onbekend","VASTPEIL":null,"ZOMERPEIL":null,"WINTERPEIL":null,"FLEXZOMERPEILONDERGRENS":null,"FLEXZOMERPEILBOVENGRENS":null,"FLEXWINTERPEILONDERGRENS":null,"FLEXWINTERPEILBOVENGRENS":null,"ZOMERPEILTEKST":null,"WINTERPEILTEKST":null,"INWINNENDEINSTANTIE":"Hoogheemraadschap van Rijnland","METENDEINSTANTIE":null,"INWINNINGSMETHODE":null,"DIMENSIE":"2D","NAUWKEURIGHEIDXY":null,"NAUWKEURIGHEIDZ":null,"DATUMINWINNING":1312761600000,"GEOKPOBJECTID":47713,"LAST_EDITED_DATE":1726934534000,"STATUSPEILGEBIED":"Vigerend definitief","SHAPE_AREA":0,"SHAPE_LEN":0,"BEVAT":null,"VOERTAFOP":null,"LONGITUDE":4.5547435099999998,"LATITUDE":52.1056916,"XCOORDINAAT":97969.009999999995,"YCOORDINAAT":457821.71999999997,"VASTBEHEERMARGEBOVEN":null,"VASTBEHEERMARGEONDER":null,"ZPBEHEERMARGEBOVEN":null,"ZPBEHEERMARGEONDER":null,"WPBEHEERMARGEONDER":null,"WPBEHEERMARGEBOVEN":null,"FLEXZPONDERBEHEERMARGEBOVEN":null,"FLEXZPONDERBEHEERMARGEONDER":null,"FLEXZPBOVENBEHEERMARGEBOVEN":null,"FLEXZPBOVENBEHEERMARGEONDER":null,"FLEXWPONDERBEHEERMARGEBOVEN":null,"FLEXWPONDERBEHEERMARGEONDER":null,"FLEXWPBOVENBEHEERMARGEBOVEN":null,"FLEXWPBOVENBEHEERMARGEONDER":null,"OBJECTID2":113}},{"type":"Feature","id":114,"geometry":{"type":"Polygon","coordinates":[[[108680.4990000017,464512.46599999815],[108681.96200000122,464514.05799999833],[108680.16600000113,464515.75899999961],[108680.16000000015,464515.7650000006],[108665.72399999946,464529.18899999931],[108665.70199999958,464529.20899999887],[108665.67000000179,464529.23600000143],[108665.19200000167,464529.62099999934],[108663.95899999887,464528.28099999949],[108662.60099999979,464526.86199999973],[108662.60399999842,464526.8599999994],[108663.14799999818,464526.4990000017],[108677.16200000048,464512.6409999989],[108677.1790000014,464512.6240000017],[108679.02100000158,464510.88800000027],[108680.4990000017,464512.46599999815]]]},"properties":{"ORACLE_OBJECTID":1826,"CODE":"PAW_OR-4.07.HW02","NAAM":"HW Westkanaalweg 111A-112 (Lage pand)","STATUSOBJECT":"gerealiseerd","SOORTPEILGEBIED":"Hoogwatervoorziening","SOORTAFWATERING":"Gestuwd","PEILBEHERENDEINSTANTIE":"KADASTRAAL EIGENAAR","OPPERVLAKTE":93,"OMTREK":54,"OPMERKING":null,"HYPERLINK":null,"ONTHEFFING":null,"SOORTPEILBEHEER":"seizoensgebonden peil (vast)","VASTPEIL":null,"ZOMERPEIL":-1.5,"WINTERPEIL":-1.6000000000000001,"FLEXZOMERPEILONDERGRENS":null,"FLEXZOMERPEILBOVENGRENS":null,"FLEXWINTERPEILONDERGRENS":null,"FLEXWINTERPEILBOVENGRENS":null,"ZOMERPEILTEKST":"-1.50","WINTERPEILTEKST":"-1.60","INWINNENDEINSTANTIE":"Hoogheemraadschap van Rijnland","METENDEINSTANTIE":null,"INWINNINGSMETHODE":null,"DIMENSIE":"2D","NAUWKEURIGHEIDXY":null,"NAUWKEURIGHEIDZ":null,"DATUMINWINNING":1363132800000,"GEOKPOBJECTID":8,"LAST_EDITED_DATE":1726934519000,"STATUSPEILGEBIED":"Vigerend definitief","SHAPE_AREA":0,"SHAPE_LEN":0,"BEVAT":null,"VOERTAFOP":null,"LONGITUDE":4.7100514000000002,"LATITUDE":52.166893930000001,"XCOORDINAAT":108672.28,"YCOORDINAAT":464520.25,"VASTBEHEERMARGEBOVEN":null,"VASTBEHEERMARGEONDER":null,"ZPBEHEERMARGEBOVEN":null,"ZPBEHEERMARGEONDER":null,"WPBEHEERMARGEONDER":null,"WPBEHEERMARGEBOVEN":null,"FLEXZPONDERBEHEERMARGEBOVEN":null,"FLEXZPONDERBEHEERMARGEONDER":null,"FLEXZPBOVENBEHEERMARGEBOVEN":null,"FLEXZPBOVENBEHEERMARGEONDER":null,"FLEXWPONDERBEHEERMARGEBOVEN":null,"FLEXWPONDERBEHEERMARGEONDER":null,"FLEXWPBOVENBEHEERMARGEBOVEN":null,"FLEXWPBOVENBEHEERMARGEONDER":null,"OBJECTID2":114}},{"type":"Feature","id":115,"geometry":{"type":"Polygon","coordinates":[[[107700.01199999824,462665.3599999994],[107693.92100000009,462676.3590000011],[107686.54699999839,462687.55799999833],[107663.42000000179,462720.45699999854],[107649.95399999991,462739.39600000158],[107636.81199999899,462757.43299999833],[107629.1799999997,462767.35000000149],[107627.60399999842,462768.7340000011],[107627.47800000012,462768.81500000134],[107626.3599999994,462769.31799999997],[107625.72700000182,462769.5709999986],[107625.35300000012,462769.58399999887],[107624.40700000152,462769.30799999833],[107619.31100000069,462766.00699999928],[107605.20300000161,462754.47599999979],[107599.14499999955,462748.67799999937],[107594.89900000021,462745.27899999917],[107590.60599999875,462741.78599999845],[107589.45199999958,462740.62299999967],[107583.00800000131,462733.71499999985],[107582.16099999845,462732.56500000134],[107581.72300000116,462731.75600000098],[107581.37799999863,462730.96400000155],[107581.08500000089,462729.14699999988],[107581.08999999985,462727.58399999887],[107581.24700000137,462726.27199999988],[107581.73800000176,462724.5859999992],[107582.95499999821,462722.13100000098],[107585.72700000182,462717.52100000158],[107592.63699999824,462707.26000000164],[107599.42500000075,462698.47700000182],[107603.36499999836,462693.95800000057],[107606.51099999994,462690.6959999986],[107609.68299999833,462687.7509999983],[107617.6640000008,462675.33300000057],[107620.29199999943,462671.99799999967],[107624.02400000021,462667.61300000176],[107633.52600000054,462654.09099999815],[107636.56100000069,462649.50499999896],[107637.44099999964,462648.72399999946],[107638.17399999872,462648.20199999958],[107642.14999999851,462646.67399999872],[107643.90799999982,462645.64400000125],[107645.29699999839,462643.69200000167],[107652.99100000039,462633.43200000003],[107653.76799999923,462631.70199999958],[107655.77199999988,462619.6950000003],[107656.14999999851,462618.58199999854],[107657.47500000149,462616.09400000051],[107666.3909999989,462602.9459999986],[107670.96599999815,462596.4849999994],[107680.55799999833,462582.45399999991],[107689.46999999881,462569.28700000048],[107693.58199999854,462563.9840000011],[107698.41099999845,462559.10200000182],[107702.10700000077,462555.07899999991],[107706.51999999955,462550.50400000066],[107710.14299999923,462547.44999999925],[107714.65100000054,462544.85000000149],[107716.50899999961,462542.47199999914],[107716.85799999908,462539.33100000024],[107716.06500000134,462536.28799999878],[107714.72700000182,462533.48900000006],[107713.87200000137,462532.42100000009],[107713.92300000042,462532.18200000003],[107714.88300000131,462530.67799999937],[107723.98999999836,462517.53400000185],[107729.51999999955,462508.48999999836],[107735.28700000048,462500.22899999842],[107739.65799999982,462493.60099999979],[107745.43499999866,462485.64600000158],[107752.84899999946,462475.07999999821],[107760.95800000057,462463.04199999943],[107768.92700000107,462451.66699999943],[107776.55600000173,462441.01999999955],[107783.94000000134,462430.55999999866],[107787.95600000024,462424.95899999887],[107789.0709999986,462423.63800000027],[107790.39499999955,462423.16899999976],[107791.16099999845,462422.9849999994],[107791.78299999982,462423.16099999845],[107793.07899999991,462424.36800000072],[107799.64600000158,462430.70699999854],[107807.19700000063,462438.45699999854],[107807.82299999893,462439.12099999934],[107814.8359999992,462431.2490000017],[107812.32800000161,462428.82899999991],[107806.62799999863,462424.0009999983],[107800.0859999992,462417.50600000098],[107797.59800000116,462414.73999999836],[107800.4290000014,462410.40399999917],[107807.14699999988,462401.42000000179],[107813.85200000182,462392.62700000033],[107818.10700000077,462387.20399999991],[107821.51300000027,462383.01000000164],[107825.44399999827,462379.77199999988],[107829.06700000167,462376.95100000128],[107831.09400000051,462373.5390000008],[107832.22300000116,462370.2349999994],[107833.33900000155,462366.54399999976],[107834.54899999872,462363.17500000075],[107839.74799999967,462353.55999999866],[107842.16099999845,462349.43499999866],[107843.61499999836,462346.31500000134],[107900.39409999922,462254.4824000001],[107977.82699999958,462129.24500000104],[107982.58500000089,462120.41200000048],[107988.0159999989,462114.06100000069],[107993.51999999955,462110.33399999887],[107999.875,462107.51799999923],[108006.90199999884,462103.22599999979],[108011.97399999946,462098.22199999914],[108014.09099999815,462096.63899999857],[108021.99700000137,462101.01900000125],[108027.20100000128,462104.04300000146],[108033.37999999896,462109.19700000063],[108039.01999999955,462114.33100000024],[108044.78799999878,462120.39900000021],[108050.04399999976,462128.73699999973],[108052.74599999934,462135.77800000086],[108053.99399999902,462145.28500000015],[108054.69799999893,462153.12299999967],[108055.01700000092,462157.05099999905],[108055.98900000006,462165.98600000143],[108056.70499999821,462174.66600000113],[108057.85700000077,462183.75499999896],[108059.51300000027,462189.80200000107],[108060.93899999931,462195.4609999992],[108061.73900000006,462200.26099999994],[108060.46900000051,462210.80200000107],[108059.79300000146,462218.49100000039],[108059.0390000008,462228.90399999917],[108058.07899999991,462238.30900000036],[108057.4849999994,462247.21499999985],[108056.5540000014,462255.3909999989],[108055.125,462261.36199999973],[108052.65700000152,462267.76900000125],[108050.87999999896,462273.17100000009],[108049.62099999934,462276.73900000006],[108049.57499999925,462284.48600000143],[108050.42599999905,462297.32699999958],[108051.9140000008,462317.81199999899],[108054.2890000008,462338.87799999863],[108055.25600000098,462358.14299999923],[108056.67500000075,462371.09200000018],[108057.05099999905,462388.80600000173],[108058.26199999824,462400.79300000146],[108058.57600000128,462407.96700000018],[108061.29600000009,462427.36600000039],[108062.23800000176,462438.07499999925],[108063.46200000122,462450.65300000086],[108064.02600000054,462461.2490000017],[108064.54600000009,462473.0009999983],[108065.20899999887,462482.31399999931],[108066.73699999973,462490.97800000012],[108067.66699999943,462500.96700000018],[108068.33900000155,462510.58799999952],[108069.01700000092,462516.8759999983],[108068.92500000075,462526.06100000069],[108068.21499999985,462532.84600000083],[108066.05000000075,462540.28999999911],[108063.05600000173,462547.28099999949],[108062.11400000006,462548.88699999824],[108049.15300000086,462550.49199999869],[108046.60500000045,462547.21799999848],[108042.9140000008,462542.67500000075],[108039.21999999881,462538.48600000143],[108036.81700000167,462534.32200000063],[108034.79500000179,462529.60399999842],[108031.51099999994,462524.02499999851],[108028.11199999973,462519.8359999992],[108023.53400000185,462514.5],[108018.20800000057,462508.80799999833],[108014.36600000039,462505.09899999946],[108011.89299999923,462503.00400000066],[108008.61699999869,462501.52600000054],[108003.79300000146,462500.13599999994],[107998.71599999815,462498.8359999992],[107994.59899999946,462497.18600000069],[107990.23900000006,462495.19799999893],[107986.41000000015,462492.14299999923],[107977.03400000185,462482.47100000083],[107972.36699999869,462476.8599999994],[107968.04399999976,462472.44200000167],[107964.67199999839,462468.63500000164],[107960.39900000021,462464.57299999893],[107956.16200000048,462459.56899999827],[107952.29199999943,462456.80200000107],[107949.37999999896,462454.22899999842],[107946.88899999857,462453.58700000122],[107944.55999999866,462454.09600000083],[107942.12099999934,462456.16699999943],[107939.09400000051,462460.17100000009],[107934.52800000086,462467.38899999857],[107928.47700000182,462475.4459999986],[107924.52699999884,462481.76799999923],[107918.74399999902,462489.81899999827],[107913.39600000158,462496.12900000066],[107908.51099999994,462502.33799999952],[107890.67579999939,462519.03480000049],[107791.65399999917,462611.73600000143],[107787.07600000128,462619.80600000173],[107784.77400000021,462622.95100000128],[107783.37900000066,462625.29100000113],[107782.45199999958,462629.04100000113],[107745.06899999827,462668.78500000015],[107742.52400000021,462672.79199999943],[107739.56100000069,462676.71799999848],[107737.1240000017,462681.56199999899],[107734.90799999982,462684.15599999949],[107732.67300000042,462687.13800000027],[107729.79500000179,462691.33500000089],[107729.49199999869,462691.71400000155],[107729.06899999827,462691.95300000161],[107728.94299999997,462692.00499999896],[107728.17100000009,462691.97399999946],[107726.76999999955,462691.29300000146],[107726.02299999818,462690.84899999946],[107714.83900000155,462682.68899999931],[107712.81300000101,462680.84299999848],[107712.01000000164,462680.17199999839],[107711.36300000176,462679.3040000014],[107708.54600000009,462675.13100000098],[107708.32699999958,462674.68699999899],[107708.25400000066,462674.17500000075],[107708.25600000098,462673.60599999875],[107708.36300000176,462673.11100000143],[107709.5700000003,462670.71599999815],[107708.58100000024,462668.54199999943],[107707.52199999988,462667.05700000003],[107705.49500000104,462665.6950000003],[107703.25499999896,462665.16000000015],[107700.01199999824,462665.3599999994]]]},"properties":{"ORACLE_OBJECTID":1828,"CODE":"PAW_OR-4.18.OB02","NAAM":"OB Golfbaan II","STATUSOBJECT":"gerealiseerd","SOORTPEILGEBIED":"Onderbemaling","SOORTAFWATERING":"Bemalen","PEILBEHERENDEINSTANTIE":"KADASTRAAL EIGENAAR","OPPERVLAKTE":104864,"OMTREK":2017,"OPMERKING":null,"HYPERLINK":null,"ONTHEFFING":null,"SOORTPEILBEHEER":"seizoensgebonden peil (vast)","VASTPEIL":null,"ZOMERPEIL":-2.6499999999999999,"WINTERPEIL":-2.7000000000000002,"FLEXZOMERPEILONDERGRENS":null,"FLEXZOMERPEILBOVENGRENS":null,"FLEXWINTERPEILONDERGRENS":null,"FLEXWINTERPEILBOVENGRENS":null,"ZOMERPEILTEKST":"-2.65","WINTERPEILTEKST":"-2.70","INWINNENDEINSTANTIE":"Hoogheemraadschap van Rijnland","METENDEINSTANTIE":null,"INWINNINGSMETHODE":null,"DIMENSIE":"2D","NAUWKEURIGHEIDXY":null,"NAUWKEURIGHEIDZ":null,"DATUMINWINNING":1396915200000,"GEOKPOBJECTID":109,"LAST_EDITED_DATE":1726934522000,"STATUSPEILGEBIED":"Vigerend definitief","SHAPE_AREA":0,"SHAPE_LEN":0,"BEVAT":null,"VOERTAFOP":null,"LONGITUDE":4.6979583800000002,"LATITUDE":52.148064249999997,"XCOORDINAAT":107825.05,"YCOORDINAAT":462433.10999999999,"VASTBEHEERMARGEBOVEN":null,"VASTBEHEERMARGEONDER":null,"ZPBEHEERMARGEBOVEN":null,"ZPBEHEERMARGEONDER":null,"WPBEHEERMARGEONDER":null,"WPBEHEERMARGEBOVEN":null,"FLEXZPONDERBEHEERMARGEBOVEN":null,"FLEXZPONDERBEHEERMARGEONDER":null,"FLEXZPBOVENBEHEERMARGEBOVEN":null,"FLEXZPBOVENBEHEERMARGEONDER":null,"FLEXWPONDERBEHEERMARGEBOVEN":null,"FLEXWPONDERBEHEERMARGEONDER":null,"FLEXWPBOVENBEHEERMARGEBOVEN":null,"FLEXWPBOVENBEHEERMARGEONDER":null,"OBJECTID2":115}},{"type":"Feature","id":116,"geometry":{"type":"Polygon","coordinates":[[[112350.96700000018,460689.15700000152],[112344.69000000134,460690.37299999967],[112316.91200000048,460689.59699999914],[112317.37900000066,460672.89499999955],[112319.17300000042,460617.29399999976],[112323.47800000012,460532.7650000006],[112325.60599999875,460489.8900000006],[112326.41099999845,460473.66299999878],[112335.05999999866,460474.09230000153],[112345.42599999905,460474.60700000077],[112345.94099999964,460464.48000000045],[112346.58900000155,460443.93800000101],[112368.9411999993,460445.26130000129],[112370.0009999983,460445.32400000095],[112369.20800000057,460457.44299999997],[112368.22529999912,460472.46220000088],[112365.59299999848,460512.68800000101],[112359.33999999985,460588.74100000039],[112346.23999999836,460588.26099999994],[112345.71409999952,460592.93100000173],[112345.26689999923,460596.90300000086],[112344.1799999997,460606.5549999997],[112343.56399999931,460613.23600000143],[112341.01000000164,460639.55299999937],[112363.37299999967,460646.0709999986],[112363.43879999965,460654.34530000016],[112363.72100000083,460689.83999999985],[112362.50910000131,460689.67309999838],[112357.65900000185,460689.00499999896],[112354.22399999946,460688.87299999967],[112350.96700000018,460689.15700000152]]]},"properties":{"ORACLE_OBJECTID":1829,"CODE":"PAW_OR-4.10.OB27","NAAM":"Polder Nieuwkoop en Noorden","STATUSOBJECT":"gerealiseerd","SOORTPEILGEBIED":"Onderbemaling","SOORTAFWATERING":"Bemalen","PEILBEHERENDEINSTANTIE":"VERGUNNINGHOUDER","OPPERVLAKTE":8761,"OMTREK":612,"OPMERKING":"PB 2013 \u003e onbekende OB (voorlopige toetsing)","HYPERLINK":null,"ONTHEFFING":"V59348","SOORTPEILBEHEER":"vast peil","VASTPEIL":-2.4500000000000002,"ZOMERPEIL":null,"WINTERPEIL":null,"FLEXZOMERPEILONDERGRENS":null,"FLEXZOMERPEILBOVENGRENS":null,"FLEXWINTERPEILONDERGRENS":null,"FLEXWINTERPEILBOVENGRENS":null,"ZOMERPEILTEKST":"-2.45","WINTERPEILTEKST":"-2.45","INWINNENDEINSTANTIE":"Hoogheemraadschap van Rijnland","METENDEINSTANTIE":null,"INWINNINGSMETHODE":null,"DIMENSIE":"2D","NAUWKEURIGHEIDXY":null,"NAUWKEURIGHEIDZ":null,"DATUMINWINNING":1430352000000,"GEOKPOBJECTID":112,"LAST_EDITED_DATE":1726934520000,"STATUSPEILGEBIED":"Vigerend definitief","SHAPE_AREA":0,"SHAPE_LEN":0,"BEVAT":null,"VOERTAFOP":null,"LONGITUDE":4.7642041800000001,"LATITUDE":52.131661129999998,"XCOORDINAAT":112343.46000000001,"YCOORDINAAT":460567.15999999997,"VASTBEHEERMARGEBOVEN":null,"VASTBEHEERMARGEONDER":null,"ZPBEHEERMARGEBOVEN":null,"ZPBEHEERMARGEONDER":null,"WPBEHEERMARGEONDER":null,"WPBEHEERMARGEBOVEN":null,"FLEXZPONDERBEHEERMARGEBOVEN":null,"FLEXZPONDERBEHEERMARGEONDER":null,"FLEXZPBOVENBEHEERMARGEBOVEN":null,"FLEXZPBOVENBEHEERMARGEONDER":null,"FLEXWPONDERBEHEERMARGEBOVEN":null,"FLEXWPONDERBEHEERMARGEONDER":null,"FLEXWPBOVENBEHEERMARGEBOVEN":null,"FLEXWPBOVENBEHEERMARGEONDER":null,"OBJECTID2":116}},{"type":"Feature","id":117,"geometry":{"type":"Polygon","coordinates":[[[101344.20270000026,455502.15850000083],[101348.36679999903,455498.16000000015],[101367.63340000063,455496.98209999874],[101422.51269999892,455489.59290000051],[101454.8423999995,455486.56399999931],[101467.88980000094,455486.22789999843],[101481.64799999818,455483.6409999989],[101502.17599999905,455482.15689999983],[101527.11210000142,455478.75120000169],[101544.54439999908,455477.91569999978],[101547.34290000051,455477.78159999847],[101549.93640000001,455477.65729999915],[101559.89669999853,455481.51979999989],[101561.90529999882,455482.56940000132],[101563.28480000049,455483.29030000046],[101565.96950000152,455522.0588000007],[101567.03709999844,455537.47540000081],[101570.502700001,455569.17749999836],[101599.53519999981,455834.75340000167],[101599.90729999915,455848.50809999928],[101601.88379999995,455921.58540000021],[101579.14110000059,455915.3049999997],[101569.03049999848,455912.51300000027],[101521.34540000185,455917.27549999952],[101473.18580000103,455922.2826000005],[101422.93600000069,455927.64429999888],[101389.25149999931,455944.06599999964],[101382.36230000108,455876.48600000143],[101344.20270000026,455502.15850000083]]]},"properties":{"ORACLE_OBJECTID":4488,"CODE":"PAW_WW-25AH.HW01","NAAM":null,"STATUSOBJECT":"gerealiseerd","SOORTPEILGEBIED":"Hoogwatervoorziening","SOORTAFWATERING":"Gestuwd","PEILBEHERENDEINSTANTIE":"VERGUNNINGHOUDER","OPPERVLAKTE":95597,"OMTREK":1326,"OPMERKING":null,"HYPERLINK":null,"ONTHEFFING":"2022-016089/ 2024-004525","SOORTPEILBEHEER":"onbekend","VASTPEIL":null,"ZOMERPEIL":null,"WINTERPEIL":null,"FLEXZOMERPEILONDERGRENS":null,"FLEXZOMERPEILBOVENGRENS":null,"FLEXWINTERPEILONDERGRENS":null,"FLEXWINTERPEILBOVENGRENS":null,"ZOMERPEILTEKST":null,"WINTERPEILTEKST":null,"INWINNENDEINSTANTIE":"Hoogheemraadschap van Rijnland","METENDEINSTANTIE":null,"INWINNINGSMETHODE":"digitaliseren","DIMENSIE":"2D","NAUWKEURIGHEIDXY":null,"NAUWKEURIGHEIDZ":null,"DATUMINWINNING":null,"GEOKPOBJECTID":56358,"LAST_EDITED_DATE":1744725508000,"STATUSPEILGEBIED":"Ontwerp","SHAPE_AREA":0,"SHAPE_LEN":0,"BEVAT":null,"VOERTAFOP":null,"LONGITUDE":4.6062173800000004,"LATITUDE":52.087070650000001,"XCOORDINAAT":101473.03999999999,"YCOORDINAAT":455710.85999999999,"VASTBEHEERMARGEBOVEN":null,"VASTBEHEERMARGEONDER":null,"ZPBEHEERMARGEBOVEN":null,"ZPBEHEERMARGEONDER":null,"WPBEHEERMARGEONDER":null,"WPBEHEERMARGEBOVEN":null,"FLEXZPONDERBEHEERMARGEBOVEN":null,"FLEXZPONDERBEHEERMARGEONDER":null,"FLEXZPBOVENBEHEERMARGEBOVEN":null,"FLEXZPBOVENBEHEERMARGEONDER":null,"FLEXWPONDERBEHEERMARGEBOVEN":null,"FLEXWPONDERBEHEERMARGEONDER":null,"FLEXWPBOVENBEHEERMARGEBOVEN":null,"FLEXWPBOVENBEHEERMARGEONDER":null,"OBJECTID2":117}},{"type":"Feature","id":119,"geometry":{"type":"Polygon","coordinates":[[[112459.72100000083,464294.60399999842],[112482.61199999973,464303.60500000045],[112511.85599999875,464314.31599999964],[112539.87900000066,464325.08199999854],[112571.97599999979,464338.18600000069],[112601.2340000011,464349.16200000048],[112631.57400000095,464361.17199999839],[112693.0390000008,464385.01000000164],[112725.47199999914,464397.73299999908],[112757.51300000027,464409.97500000149],[112783.88120000064,464420.3013000004],[112790.13899999857,464422.75200000033],[112824.38899999857,464435.77600000054],[112857.64499999955,464448.60799999908],[112919.98000000045,464473.32600000128],[112958.66099999845,464487.85099999979],[112968.125,464492.11899999902],[112981.70800000057,464497.18899999931],[112984.3040000014,464498.15799999982],[113001.11199999973,464504.87099999934],[113003.92599999905,464505.99399999902],[113020.93899999931,464511.77699999884],[113024.81899999827,464513.38399999961],[113025.98600000143,464514.54800000042],[113021.95899999887,464526.19999999925],[113007.22399999946,464568.83199999854],[112985.16200000048,464632.6640000008],[112979.43299999833,464630.58199999854],[112949.39600000158,464619.20600000024],[112917.94099999964,464607.02400000021],[112884.85300000012,464593.80700000003],[112850.85099999979,464581.09200000018],[112784.47899999842,464555.28799999878],[112741.19469999894,464538.99080000073],[112736.56599999964,464537.24799999967],[112709.55600000173,464526.59299999848],[112657.33100000024,464506.33799999952],[112632.92799999937,464497.19099999964],[112630.92300000042,464496.43899999931],[112595.31399999931,464482.2659999989],[112565.99399999902,464471.37799999863],[112516.34200000018,464452.29500000179],[112482.80200000107,464439.58700000122],[112458.76099999994,464430.20499999821],[112414.38500000164,464412.52400000021],[112412.11100000143,464411.61800000072],[112412.5859999992,464410.25200000033],[112422.49599999934,464383.30799999833],[112424.40700000152,464380.71900000051],[112425.14799999818,464380.06700000167],[112427.78299999982,464378.73200000077],[112429.15399999917,464374.40599999949],[112427.42399999872,464371.63500000164],[112427.96700000018,464368.91800000146],[112429.84400000051,464362.83199999854],[112441.51099999994,464333.35700000077],[112448.67700000107,464314.72599999979],[112453.07400000095,464303.73600000143],[112453.81300000101,464302.76700000092],[112454.19099999964,464302.37900000066],[112454.21900000051,464302.36499999836],[112455.94000000134,464300.27400000021],[112456.64200000092,464296.58999999985],[112457.3359999992,464293.66600000113],[112459.72100000083,464294.60399999842]]]},"properties":{"ORACLE_OBJECTID":1830,"CODE":"PAW_OR-4.09.OB40","NAAM":"OB L.P. Karens & J.F. van Diemen","STATUSOBJECT":"gerealiseerd","SOORTPEILGEBIED":"Onderbemaling","SOORTAFWATERING":"Bemalen","PEILBEHERENDEINSTANTIE":"VERGUNNINGHOUDER","OPPERVLAKTE":77216,"OMTREK":1478,"OPMERKING":null,"HYPERLINK":"https://zoek.officielebekendmakingen.nl/wsb-2014-2787.html","ONTHEFFING":"V59162","SOORTPEILBEHEER":"dynamisch peil","VASTPEIL":-6.3799999999999999,"ZOMERPEIL":null,"WINTERPEIL":null,"FLEXZOMERPEILONDERGRENS":-6.3799999999999999,"FLEXZOMERPEILBOVENGRENS":-5.9800000000000004,"FLEXWINTERPEILONDERGRENS":-6.3799999999999999,"FLEXWINTERPEILBOVENGRENS":-5.9800000000000004,"ZOMERPEILTEKST":"bov:-5.98 / ond:-6.38","WINTERPEILTEKST":"bov:-5.98 / ond:-6.38","INWINNENDEINSTANTIE":"Hoogheemraadschap van Rijnland","METENDEINSTANTIE":null,"INWINNINGSMETHODE":null,"DIMENSIE":"2D","NAUWKEURIGHEIDXY":null,"NAUWKEURIGHEIDZ":null,"DATUMINWINNING":1398988800000,"GEOKPOBJECTID":100,"LAST_EDITED_DATE":1753174556000,"STATUSPEILGEBIED":"Vigerend definitief","SHAPE_AREA":0,"SHAPE_LEN":0,"BEVAT":null,"VOERTAFOP":null,"LONGITUDE":4.7692049000000001,"LATITUDE":52.166705409999999,"XCOORDINAAT":112719.05,"YCOORDINAAT":464463.16999999998,"VASTBEHEERMARGEBOVEN":null,"VASTBEHEERMARGEONDER":null,"ZPBEHEERMARGEBOVEN":null,"ZPBEHEERMARGEONDER":null,"WPBEHEERMARGEONDER":null,"WPBEHEERMARGEBOVEN":null,"FLEXZPONDERBEHEERMARGEBOVEN":null,"FLEXZPONDERBEHEERMARGEONDER":null,"FLEXZPBOVENBEHEERMARGEBOVEN":null,"FLEXZPBOVENBEHEERMARGEONDER":null,"FLEXWPONDERBEHEERMARGEBOVEN":null,"FLEXWPONDERBEHEERMARGEONDER":null,"FLEXWPBOVENBEHEERMARGEBOVEN":null,"FLEXWPBOVENBEHEERMARGEONDER":null,"OBJECTID2":119}},{"type":"Feature","id":120,"geometry":{"type":"Polygon","coordinates":[[[101666.8900000006,457502.26000000164],[101665.07400000095,457502.26700000092],[101662.81899999827,457502.27499999851],[101662.06700000167,457502.27800000086],[101661.59200000018,457502.28000000119],[101661.55200000107,457499.99100000039],[101648.37200000137,457500.13800000027],[101647.25,457500.15100000054],[101641.19000000134,457500.21900000051],[101640.66899999976,457500.22700000182],[101639.77199999988,457437.72300000116],[101664.48999999836,457437.2890000008],[101667.82299999893,457437.23099999875],[101674.64999999851,457436.99399999902],[101687.15500000119,457436.55820000172],[101687.28099999949,457436.5540000014],[101688.02899999917,457460.60599999875],[101688.42700000107,457473.38800000027],[101689.32200000063,457502.1790000014],[101687.61800000072,457502.18499999866],[101666.8900000006,457502.26000000164]]]},"properties":{"ORACLE_OBJECTID":1831,"CODE":"PAW_WW-20.HW05","NAAM":"HW De Groot","STATUSOBJECT":"gerealiseerd","SOORTPEILGEBIED":"Hoogwatervoorziening","SOORTAFWATERING":"Gestuwd","PEILBEHERENDEINSTANTIE":"KADASTRAAL EIGENAAR","OPPERVLAKTE":3081,"OMTREK":227,"OPMERKING":null,"HYPERLINK":null,"ONTHEFFING":null,"SOORTPEILBEHEER":"seizoensgebonden peil (vast)","VASTPEIL":null,"ZOMERPEIL":-2.3999999999999999,"WINTERPEIL":-2.5,"FLEXZOMERPEILONDERGRENS":null,"FLEXZOMERPEILBOVENGRENS":null,"FLEXWINTERPEILONDERGRENS":null,"FLEXWINTERPEILBOVENGRENS":null,"ZOMERPEILTEKST":"-2.40","WINTERPEILTEKST":"-2.50","INWINNENDEINSTANTIE":"Hoogheemraadschap van Rijnland","METENDEINSTANTIE":null,"INWINNINGSMETHODE":"digitaliseren","DIMENSIE":"2D","NAUWKEURIGHEIDXY":null,"NAUWKEURIGHEIDZ":null,"DATUMINWINNING":null,"GEOKPOBJECTID":7,"LAST_EDITED_DATE":1726934548000,"STATUSPEILGEBIED":"Vigerend definitief","SHAPE_AREA":0,"SHAPE_LEN":0,"BEVAT":null,"VOERTAFOP":null,"LONGITUDE":4.6087361600000003,"LATITUDE":52.102893870000003,"XCOORDINAAT":101664.55,"YCOORDINAAT":457469.41999999998,"VASTBEHEERMARGEBOVEN":null,"VASTBEHEERMARGEONDER":null,"ZPBEHEERMARGEBOVEN":null,"ZPBEHEERMARGEONDER":null,"WPBEHEERMARGEONDER":null,"WPBEHEERMARGEBOVEN":null,"FLEXZPONDERBEHEERMARGEBOVEN":null,"FLEXZPONDERBEHEERMARGEONDER":null,"FLEXZPBOVENBEHEERMARGEBOVEN":null,"FLEXZPBOVENBEHEERMARGEONDER":null,"FLEXWPONDERBEHEERMARGEBOVEN":null,"FLEXWPONDERBEHEERMARGEONDER":null,"FLEXWPBOVENBEHEERMARGEBOVEN":null,"FLEXWPBOVENBEHEERMARGEONDER":null,"OBJECTID2":120}},{"type":"Feature","id":121,"geometry":{"type":"MultiPolygon","coordinates":[[[[111936.90060000122,464467.52169999853],[111936.93050000072,464467.53880000114],[111950.68459999934,464472.87359999865],[111986.03020000085,464486.58289999887],[112066.42000000179,464517.75809999928],[112077.02749999985,464522.31659999862],[112099.24879999831,464530.48919999972],[112111.88239999861,464535.38850000128],[112135.94880000129,464545.08029999956],[112136.60060000047,464545.36670000106],[112139.0485999994,464546.27540000156],[112139.26520000026,464546.34690000117],[112197.6416000016,464569.01790000126],[112198.98919999972,464569.78570000082],[112199.74540000036,464569.83500000089],[112318.07400000095,464615.78920000046],[112314.73849999905,464624.86100000143],[112309.79520000145,464637.91369999945],[112308.375,464641.66360000148],[112307.08779999986,464645.29349999875],[112306.83879999816,464645.99390000105],[112306.45600000024,464647.07070000097],[112295.6950000003,464676.75530000031],[112295.16259999946,464678.22410000116],[112293.24139999971,464682.99469999969],[112292.61960000172,464684.69170000032],[112283.25109999999,464710.2611999996],[112281.41539999843,464715.27129999921],[112281.12159999833,464716.07319999859],[112281.05820000172,464716.24610000104],[112278.94200000167,464721.21669999883],[112279.28620000184,464721.08249999955],[112278.87660000101,464722.20030000061],[112277.95980000123,464724.7023999989],[112276.03830000013,464729.94660000131],[112273.29870000109,464737.9395999983],[112272.37359999865,464739.93840000033],[112270.01590000093,464746.37000000104],[112258.2762000002,464776.59459999949],[112258.2762000002,464777.31969999894],[112255.27789999917,464785.4721999988],[112255.06469999999,464786.04740000144],[112250.43030000106,464799.04600000009],[112239.32339999825,464828.89589999989],[112227.74810000136,464859.78550000116],[112216.40190000087,464890.21810000017],[112205.88580000028,464918.79030000046],[112197.16869999841,464941.95839999989],[112193.90610000119,464949.80620000139],[112191.72399999946,464948.89900000021],[112167.17700000107,464938.69399999827],[112094.27400000021,464910.52199999988],[112020.64600000158,464882.2890000008],[112006.87649999931,464876.9653000012],[112001.08199999854,464874.72500000149],[111961.84499999881,464859.55299999937],[111899.23099999875,464835.5549999997],[111851.10099999979,464816.69399999827],[111799.35599999875,464796.55999999866],[111797.28000000119,464795.75200000033],[111796.37900000066,464795.40199999884],[111795.20300000161,464794.94399999827],[111788.30200000107,464792.25899999961],[111830.47199999914,464680.30299999937],[111896.37700000033,464505.33900000155],[111897.15199999884,464501.14900000021],[111899.8759999983,464494.57800000161],[111910.58669999987,464467.59470000118],[111910.59699999914,464467.56899999827],[111911.21059999987,464466.1875],[111913.28950000182,464461.5064000003],[111914.61960000172,464458.51139999926],[111915.17689999938,464458.80330000073],[111916.76779999956,464459.4851000011],[111918.94799999893,464460.41959999874],[111918.98580000177,464460.43580000103],[111920.6678000018,464461.15659999847],[111931.27499999851,464465.26110000163],[111931.45789999887,464465.33460000157],[111936.90060000122,464467.52169999853]]],[[[112915.40300000086,465050.92799999937],[112913.78700000048,465055.70899999887],[112911.08500000089,465064.35599999875],[112894.42199999839,465109.31700000167],[112879.04500000179,465150.37799999863],[112873.10599999875,465164.55000000075],[112872.28000000119,465165.91499999911],[112871.46000000089,465167.08500000089],[112868.68200000003,465174.1950000003],[112867.52499999851,465173.74300000072],[112824.70800000057,465157.01399999857],[112799.61899999902,465146.98600000143],[112797.85099999979,465146.28000000119],[112709.49199999869,465111.9849999994],[112624.5700000003,465079.33300000057],[112558.56199999899,465053.96499999985],[112556.44000000134,465053.03999999911],[112556.34860000014,465052.86870000139],[112555.54300000146,465051.3599999994],[112557.9450000003,465045.14400000125],[112554.5998999998,465043.85130000114],[112548.9160999991,465041.65480000153],[112534.95399999991,465080.50499999896],[112451.32690000162,465047.37009999901],[112441.27809999883,465043.38879999891],[112369.07400000095,465014.78000000119],[112312.26209999993,464993.55189999938],[112292.5289000012,464986.17819999903],[112209.43600000069,464955.12999999896],[112224.12799999863,464916.13800000027],[112225.47399999946,464911.26900000125],[112230.35099999979,464898.78799999878],[112245.15900000185,464858.85000000149],[112253.86400000006,464835.10200000182],[112260.47300000116,464818.06700000167],[112265.68800000101,464807.23999999836],[112267.75899999961,464801.60099999979],[112272.27100000158,464788.65799999982],[112275.91600000113,464778.51700000092],[112278.21599999815,464773.56100000069],[112281.75600000098,464766.14299999923],[112283.72899999842,464760.31599999964],[112286.28599999845,464751.53099999949],[112288.9459999986,464744.13399999961],[112292.02100000158,464734.06300000101],[112293.52299999818,464730.20100000128],[112297.83300000057,464718.05700000003],[112306.17599999905,464694.89600000158],[112316.45300000161,464667.29399999976],[112324.17700000107,464646.55000000075],[112331.41710000113,464628.45569999889],[112333.03400000185,464624.41499999911],[112333.73200000077,464623.11300000176],[112334.34299999848,464622.67300000042],[112335.70600000024,464622.21599999815],[112337.51000000164,464622.20600000024],[112339.66099999845,464622.34899999946],[112343.93699999899,464623.18800000101],[112351.61100000143,464625.78000000119],[112367.18299999833,464631.82400000095],[112396.33100000024,464642.67000000179],[112434.32499999925,464656.98600000143],[112470.82800000161,464670.78400000185],[112502.36100000143,464683.31700000167],[112542.82400000095,464698.95800000057],[112577.79100000113,464712.34400000051],[112622.71499999985,464729.58900000155],[112653.79300000146,464742.2340000011],[112665.50299999863,464746.9290000014],[112666.30260000005,464747.22720000148],[112675.75699999928,464750.75299999863],[112685.25899999961,464754.50600000098],[112696.56300000101,464759.03599999845],[112704.87200000137,464763.02100000158],[112715.95899999887,464767.97800000012],[112728.56100000069,464772.27899999917],[112754.30799999833,464781.23800000176],[112767.65900000185,464786.12200000137],[112800.79800000042,464798.64299999923],[112836.11499999836,464812.35000000149],[112868.72399999946,464825.29500000179],[112897.68600000069,464836.17199999839],[112926.27699999884,464848.22199999914],[112940.84299999848,464853.93499999866],[112949.95300000161,464857.47800000012],[112960.73299999908,464862.43800000101],[112970.81500000134,464864.96299999952],[112976.86699999869,464866.70499999821],[112979.55999999866,464867.66899999976],[112981.21000000089,464868.51900000125],[112982.51300000027,464869.81899999827],[112982.5549999997,464869.90900000185],[112982.62799999863,464870.98200000077],[112982.17300000042,464872.68200000003],[112980.73360000178,464876.65419999883],[112978.18699999899,464883.68200000003],[112975.00400000066,464892.5390000008],[112973.73200000077,464895.32600000128],[112972.24300000072,464897.65599999949],[112971.19900000095,464900.08100000024],[112970.52199999988,464902.48000000045],[112969.89299999923,464904.8900000006],[112969.00499999896,464907.44000000134],[112962.43100000173,464925.45600000024],[112960.43200000003,464930.25800000131],[112924.49700000137,464916.62299999967],[112906.30600000173,464909.72100000083],[112874.30099999905,464990.27800000086],[112929.6090000011,465011.40399999917],[112927.98299999908,465014.8040000014],[112927.42700000107,465017.9459999986],[112927.0009999983,465020.00600000098],[112926.48000000045,465021.81100000069],[112920.0540000014,465039.17300000042],[112915.40300000086,465050.92799999937]]]]},"properties":{"ORACLE_OBJECTID":1833,"CODE":"PAW_OR-4.09.OB17","NAAM":"OB J.T.M. Nieuwenhuizen","STATUSOBJECT":"gerealiseerd","SOORTPEILGEBIED":"Onderbemaling","SOORTAFWATERING":"Bemalen","PEILBEHERENDEINSTANTIE":"KADASTRAAL EIGENAAR","OPPERVLAKTE":386988,"OMTREK":3818,"OPMERKING":null,"HYPERLINK":null,"ONTHEFFING":"V59671","SOORTPEILBEHEER":"dynamisch peil","VASTPEIL":-6.9199999999999999,"ZOMERPEIL":null,"WINTERPEIL":null,"FLEXZOMERPEILONDERGRENS":-6.9199999999999999,"FLEXZOMERPEILBOVENGRENS":-5.9800000000000004,"FLEXWINTERPEILONDERGRENS":-6.9199999999999999,"FLEXWINTERPEILBOVENGRENS":-5.9800000000000004,"ZOMERPEILTEKST":"bov:-5.98 / ond:-6.92","WINTERPEILTEKST":"bov:-5.98 / ond:-6.92","INWINNENDEINSTANTIE":"Hoogheemraadschap van Rijnland","METENDEINSTANTIE":null,"INWINNINGSMETHODE":null,"DIMENSIE":"2D","NAUWKEURIGHEIDXY":null,"NAUWKEURIGHEIDZ":null,"DATUMINWINNING":1414713600000,"GEOKPOBJECTID":140,"LAST_EDITED_DATE":1744781888000,"STATUSPEILGEBIED":"Vigerend definitief","SHAPE_AREA":0,"SHAPE_LEN":0,"BEVAT":null,"VOERTAFOP":null,"LONGITUDE":4.7642850499999998,"LATITUDE":52.169854039999997,"XCOORDINAAT":112385.46000000001,"YCOORDINAAT":464816.34999999998,"VASTBEHEERMARGEBOVEN":null,"VASTBEHEERMARGEONDER":null,"ZPBEHEERMARGEBOVEN":null,"ZPBEHEERMARGEONDER":null,"WPBEHEERMARGEONDER":null,"WPBEHEERMARGEBOVEN":null,"FLEXZPONDERBEHEERMARGEBOVEN":null,"FLEXZPONDERBEHEERMARGEONDER":null,"FLEXZPBOVENBEHEERMARGEBOVEN":null,"FLEXZPBOVENBEHEERMARGEONDER":null,"FLEXWPONDERBEHEERMARGEBOVEN":null,"FLEXWPONDERBEHEERMARGEONDER":null,"FLEXWPBOVENBEHEERMARGEBOVEN":null,"FLEXWPBOVENBEHEERMARGEONDER":null,"OBJECTID2":121}},{"type":"Feature","id":122,"geometry":{"type":"Polygon","coordinates":[[[108264.89380000159,462494.99810000136],[108251.00809999928,462500.33729999885],[108250.80900000036,462500.4140000008],[108250.80359999835,462500.39809999987],[108244.32299999893,462482.20100000128],[108241.69099999964,462480.4459999986],[108224.10700000077,462468.72100000083],[108220.71299999952,462458.23600000143],[108212.11400000006,462416.7659999989],[108210.0700000003,462404.00200000033],[108208.1790000014,462389.07200000063],[108208.13789999858,462387.08399999887],[108208.12999999896,462386.70899999887],[108208.26099999994,462386.66090000048],[108208.38210000098,462386.61630000174],[108235.90370000154,462376.51300000027],[108235.86899999902,462378.66099999845],[108237.03000000119,462390.54100000113],[108239.28299999982,462404.40300000086],[108243.03799999878,462421.88199999928],[108249.18400000036,462447.76099999994],[108255.19200000167,462469.06500000134],[108262.63500000164,462488.93499999866],[108264.89380000159,462494.99810000136]]]},"properties":{"ORACLE_OBJECTID":1762,"CODE":"PAW_OR-4.18.HW01","NAAM":"Polder Oudshoorn-Noord","STATUSOBJECT":"gerealiseerd","SOORTPEILGEBIED":"Hoogwatervoorziening","SOORTAFWATERING":"Gestuwd","PEILBEHERENDEINSTANTIE":"KADASTRAAL EIGENAAR","OPPERVLAKTE":3169,"OMTREK":294,"OPMERKING":null,"HYPERLINK":null,"ONTHEFFING":null,"SOORTPEILBEHEER":"onbekend","VASTPEIL":null,"ZOMERPEIL":null,"WINTERPEIL":null,"FLEXZOMERPEILONDERGRENS":null,"FLEXZOMERPEILBOVENGRENS":null,"FLEXWINTERPEILONDERGRENS":null,"FLEXWINTERPEILBOVENGRENS":null,"ZOMERPEILTEKST":null,"WINTERPEILTEKST":null,"INWINNENDEINSTANTIE":"Hoogheemraadschap van Rijnland","METENDEINSTANTIE":null,"INWINNINGSMETHODE":null,"DIMENSIE":"2D","NAUWKEURIGHEIDXY":null,"NAUWKEURIGHEIDZ":null,"DATUMINWINNING":1372291200000,"GEOKPOBJECTID":65,"LAST_EDITED_DATE":1726934526000,"STATUSPEILGEBIED":"Vigerend definitief","SHAPE_AREA":0,"SHAPE_LEN":0,"BEVAT":null,"VOERTAFOP":null,"LONGITUDE":4.7039688399999999,"LATITUDE":52.148147309999999,"XCOORDINAAT":108236.50999999999,"YCOORDINAAT":462438.46000000002,"VASTBEHEERMARGEBOVEN":null,"VASTBEHEERMARGEONDER":null,"ZPBEHEERMARGEBOVEN":null,"ZPBEHEERMARGEONDER":null,"WPBEHEERMARGEONDER":null,"WPBEHEERMARGEBOVEN":null,"FLEXZPONDERBEHEERMARGEBOVEN":null,"FLEXZPONDERBEHEERMARGEONDER":null,"FLEXZPBOVENBEHEERMARGEBOVEN":null,"FLEXZPBOVENBEHEERMARGEONDER":null,"FLEXWPONDERBEHEERMARGEBOVEN":null,"FLEXWPONDERBEHEERMARGEONDER":null,"FLEXWPBOVENBEHEERMARGEBOVEN":null,"FLEXWPBOVENBEHEERMARGEONDER":null,"OBJECTID2":122}},{"type":"Feature","id":123,"geometry":{"type":"Polygon","coordinates":[[[107685.16000000015,464097.79800000042],[107690.58999999985,464108.06500000134],[107695.91600000113,464118.46000000089],[107700.74300000072,464127.83199999854],[107702.18200000003,464130.78999999911],[107695.73999999836,464136.66600000113],[107592.125,464231.17500000075],[107461.39999999851,464351.33700000122],[107360.26199999824,464444.39799999818],[107358.10700000077,464446.19299999997],[107357.875,464445.89699999988],[107347.10200000182,464418.67599999905],[107337.79100000113,464396.85599999875],[107322.78000000119,464359.8900000006],[107305.76900000125,464319.52800000086],[107290.67399999872,464281.48099999875],[107288.41299999878,464276.15900000185],[107284.80999999866,464268.03999999911],[107283.74100000039,464265.74300000072],[107281.52499999851,464261.62099999934],[107280.36499999836,464258.38300000131],[107277.4609999992,464249.68499999866],[107277.32699999958,464247.13500000164],[107277.61499999836,464245.70399999991],[107277.33799999952,464242.90599999949],[107276.01300000027,464240.3040000014],[107274,464238.48299999908],[107273.06700000167,464237.9140000008],[107272.83100000024,464237.60099999979],[107269.58300000057,464229.77100000158],[107259.71900000051,464205.86600000039],[107253.35799999908,464190.77199999988],[107248.67100000009,464178.16499999911],[107243.81300000101,464168.57400000095],[107241.0549999997,464163.37099999934],[107237.82699999958,464154.67599999905],[107237.20899999887,464152.62799999863],[107235.88500000164,464150.54300000146],[107239.17000000179,464148.56700000167],[107241.22300000116,464146.93699999899],[107242.37000000104,464145.48800000176],[107250.52100000158,464132.02400000021],[107253.66099999845,464127.07200000063],[107255.53200000152,464124.71799999848],[107258.31899999827,464121.36899999902],[107260.96700000018,464118.80099999905],[107267.24599999934,464113.06399999931],[107343.6090000011,464041.89200000092],[107456.5859999992,463937.06100000069],[107498.29199999943,463899.08300000057],[107505.87200000137,463892.69000000134],[107512.51900000125,463887.70499999821],[107514.83399999887,463886.28000000119],[107515.65799999982,463885.94999999925],[107523.63399999961,463902.32400000095],[107528.45100000128,463912.21299999952],[107542.76000000164,463940.00499999896],[107548.63500000164,463951.0390000008],[107556.41800000146,463966.12099999934],[107559.27199999988,463970.63599999994],[107563.80900000036,463975.84899999946],[107566.55799999833,463979.00699999928],[107582.26199999824,463963.6640000008],[107582.80000000075,463963.17300000042],[107584.54600000009,463961.6099999994],[107586.29699999839,463963.56599999964],[107607.90300000086,463987.44000000134],[107623.09299999848,464003.85000000149],[107639.76300000027,464021.78400000185],[107649.84400000051,464032.62999999896],[107656.66000000015,464045.6090000011],[107661.26700000092,464054.38100000098],[107668.25699999928,464068.15199999884],[107675.25600000098,464080.68800000101],[107680.42100000009,464088.97199999914],[107681.48999999836,464090.8590000011],[107685.16000000015,464097.79800000042]]]},"properties":{"ORACLE_OBJECTID":1854,"CODE":"PAW_OR-4.06.OB22","NAAM":"Polder Vierambacht","STATUSOBJECT":"gerealiseerd","SOORTPEILGEBIED":"Onderbemaling","SOORTAFWATERING":"Bemalen","PEILBEHERENDEINSTANTIE":"VERGUNNINGHOUDER","OPPERVLAKTE":131660,"OMTREK":1513,"OPMERKING":null,"HYPERLINK":null,"ONTHEFFING":"WVR V56261","SOORTPEILBEHEER":"vast peil","VASTPEIL":-6.1600000000000001,"ZOMERPEIL":null,"WINTERPEIL":null,"FLEXZOMERPEILONDERGRENS":null,"FLEXZOMERPEILBOVENGRENS":null,"FLEXWINTERPEILONDERGRENS":null,"FLEXWINTERPEILBOVENGRENS":null,"ZOMERPEILTEKST":"-6.16","WINTERPEILTEKST":"-6.16","INWINNENDEINSTANTIE":"Hoogheemraadschap van Rijnland","METENDEINSTANTIE":null,"INWINNINGSMETHODE":null,"DIMENSIE":"2D","NAUWKEURIGHEIDXY":null,"NAUWKEURIGHEIDZ":null,"DATUMINWINNING":1364947200000,"GEOKPOBJECTID":13,"LAST_EDITED_DATE":1726934525000,"STATUSPEILGEBIED":"Vigerend definitief","SHAPE_AREA":0,"SHAPE_LEN":0,"BEVAT":null,"VOERTAFOP":null,"LONGITUDE":4.6925148200000004,"LATITUDE":52.163608529999998,"XCOORDINAAT":107469.03,"YCOORDINAAT":464166.07000000001,"VASTBEHEERMARGEBOVEN":null,"VASTBEHEERMARGEONDER":null,"ZPBEHEERMARGEBOVEN":null,"ZPBEHEERMARGEONDER":null,"WPBEHEERMARGEONDER":null,"WPBEHEERMARGEBOVEN":null,"FLEXZPONDERBEHEERMARGEBOVEN":null,"FLEXZPONDERBEHEERMARGEONDER":null,"FLEXZPBOVENBEHEERMARGEBOVEN":null,"FLEXZPBOVENBEHEERMARGEONDER":null,"FLEXWPONDERBEHEERMARGEBOVEN":null,"FLEXWPONDERBEHEERMARGEONDER":null,"FLEXWPBOVENBEHEERMARGEBOVEN":null,"FLEXWPBOVENBEHEERMARGEONDER":null,"OBJECTID2":123}},{"type":"Feature","id":127,"geometry":{"type":"MultiPolygon","coordinates":[[[[105311.22599999979,464409.97100000083],[105311.06100000069,464413.58199999854],[105310.89400000125,464417.24799999967],[105311.78700000048,464417.34899999946],[105314.83999999985,464417.81300000101],[105314.94099999964,464417.8900000006],[105315.09299999848,464424.8040000014],[105315.76999999955,464444.38100000098],[105316.38699999824,464452.47500000149],[105317.38800000027,464462.44900000095],[105321.07600000128,464480.72500000149],[105322.62799999863,464495.11199999973],[105323.71700000018,464500.5859999992],[105324.37999999896,464503.91800000146],[105326.84099999815,464514.6799999997],[105328.59809999913,464525.17599999905],[105328.77600000054,464526.23900000006],[105329.23600000143,464529.08300000057],[105328.92500000075,464529.91600000113],[105328.81799999997,464529.99199999869],[105328.1790000014,464530.17100000009],[105327.4450000003,464530.28599999845],[105315.19399999827,464529.52600000054],[105260.54800000042,464528.05299999937],[105218.3900000006,464527.19999999925],[105170.61800000072,464525.80299999937],[105111.15500000119,464523.99599999934],[105046.17000000179,464522.83799999952],[105008.58300000057,464522.21700000018],[105005.55600000173,464521.97309999913],[105002.2650000006,464521.70800000057],[105000.48200000077,464521.41800000146],[104997.16899999976,464520.87900000066],[104995.65500000119,464517.12999999896],[104993.13399999961,464501.14400000125],[104992.06500000134,464493.71200000122],[104984.50600000098,464450.19700000063],[104979.3909999989,464419.2509999983],[104976.69200000167,464406.68800000101],[104976.30200000107,464403.04899999872],[104976.03999999911,464400.60500000045],[104973.72500000149,464384.46200000122],[104971.63199999928,464376.27600000054],[104971.58900000155,464375.68899999931],[104971.10000000149,464369.0159999989],[105166.57499999925,464373.09200000018],[105228.43299999833,464374.38199999928],[105270.65100000054,464375.27400000021],[105306.36800000072,464375.98999999836],[105312.83100000024,464376.71799999848],[105313.81399999931,464389.63599999994],[105314.44900000095,464403.32200000063],[105314.32800000161,464405.96000000089],[105314.10500000045,464406.6799999997],[105313.83500000089,464406.7490000017],[105312.33100000024,464406.88100000098],[105311.3740000017,464406.7340000011],[105311.22599999979,464409.97100000083]]],[[[104979.67199999839,464510.38800000027],[104980.19900000095,464517.63199999928],[104980.08300000057,464518.57200000063],[104978.75800000131,464519.1790000014],[104977.74599999934,464519.41200000048],[104904.92700000107,464517.70199999958],[104869.34400000051,464516.37099999934],[104851.5859999992,464516.09200000018],[104809.3900000006,464515.69299999997],[104781.34800000116,464514.44099999964],[104746.35099999979,464513.0159999989],[104710.06799999997,464512.34499999881],[104676.39900000021,464511.1790000014],[104637.27699999884,464510.05099999905],[104606.38199999928,464509.05000000075],[104567.64200000092,464508.44200000167],[104537.94900000095,464507.78400000185],[104513.3590000011,464507.68100000173],[104509.90799999982,464507.46499999985],[104496.90500000119,464506.64799999818],[104467.53700000048,464506.37900000066],[104431.34899999946,464505.71499999985],[104403.99399999902,464505.03999999911],[104381.04399999976,464503.65199999884],[104357.83100000024,464503.82999999821],[104341.60000000149,464503.4459999986],[104325.16200000048,464502.72899999842],[104304.87000000104,464501.90399999917],[104257.50600000098,464500.85000000149],[104231.20499999821,464500.66800000146],[104205.67300000042,464500.62200000137],[104177.5700000003,464500.1240000017],[104148.3040000014,464499.51099999994],[104135.13599999994,464499.26000000164],[104133.43800000101,464498.9299999997],[104133.28999999911,464498.85000000149],[104133.16200000048,464497.7109999992],[104133.75400000066,464465.21799999848],[104133.9840000011,464441.79699999839],[104134.1950000003,464431.78999999911],[104134.26099999994,464428.66699999943],[104124.88699999824,464428.46900000051],[104125.63199999928,464393.21900000051],[104127.24700000137,464347.05600000173],[104128.31500000134,464347.09299999848],[104158.85399999842,464348.29699999839],[104199.40799999982,464349.20399999991],[104238.19299999997,464350.13899999857],[104269.40900000185,464351.28299999982],[104317.59400000051,464352.5159999989],[104360.31700000167,464353.09600000083],[104417.92599999905,464354.83300000057],[104469.19099999964,464355.97300000116],[104506.22800000012,464356.47899999842],[104510.89200000092,464356.51300000027],[104566.8759999983,464357.79199999943],[104645.84800000116,464359.82999999821],[104684.55000000075,464360.97500000149],[104729.61499999836,464362.14200000092],[104769.02899999917,464362.85200000182],[104809.62900000066,464363.87700000033],[104851.71799999848,464365.14900000021],[104890.71599999815,464366.00499999896],[104923.90199999884,464366.7109999992],[104948.87000000104,464367.81100000069],[104953.14600000158,464368.29199999943],[104955.06899999827,464368.68299999833],[104955.72899999842,464369.77199999988],[104955.96400000155,464370.33300000057],[104956.32200000063,464372.39600000158],[104957.1640000008,464377.22899999842],[104957.2890000008,464377.94900000095],[104958.02499999851,464383.81199999899],[104961.85500000045,464403.47700000182],[104961.89400000125,464403.67599999905],[104964.34099999815,464422.96000000089],[104970.95300000161,464458.93600000069],[104976.08300000057,464487.06300000101],[104977.73000000045,464497.76700000092],[104978.41499999911,464502.21799999848],[104979.67199999839,464510.38800000027]]]]},"properties":{"ORACLE_OBJECTID":1855,"CODE":"PAW_OR-4.06.OB12","NAAM":"Polder Vierambacht","STATUSOBJECT":"gerealiseerd","SOORTPEILGEBIED":"Onderbemaling","SOORTAFWATERING":"Bemalen","PEILBEHERENDEINSTANTIE":"KADASTRAAL EIGENAAR","OPPERVLAKTE":177501,"OMTREK":2978,"OPMERKING":null,"HYPERLINK":null,"ONTHEFFING":null,"SOORTPEILBEHEER":"vast peil","VASTPEIL":-6.1100000000000003,"ZOMERPEIL":null,"WINTERPEIL":null,"FLEXZOMERPEILONDERGRENS":null,"FLEXZOMERPEILBOVENGRENS":null,"FLEXWINTERPEILONDERGRENS":null,"FLEXWINTERPEILBOVENGRENS":null,"ZOMERPEILTEKST":"-6.11","WINTERPEILTEKST":"-6.11","INWINNENDEINSTANTIE":"Hoogheemraadschap van Rijnland","METENDEINSTANTIE":null,"INWINNINGSMETHODE":null,"DIMENSIE":"2D","NAUWKEURIGHEIDXY":null,"NAUWKEURIGHEIDZ":null,"DATUMINWINNING":1372377600000,"GEOKPOBJECTID":66,"LAST_EDITED_DATE":1726934537000,"STATUSPEILGEBIED":"Vigerend definitief","SHAPE_AREA":0,"SHAPE_LEN":0,"BEVAT":null,"VOERTAFOP":null,"LONGITUDE":4.6524022599999997,"LATITUDE":52.16581575,"XCOORDINAAT":104727.06,"YCOORDINAAT":464438.66999999998,"VASTBEHEERMARGEBOVEN":null,"VASTBEHEERMARGEONDER":null,"ZPBEHEERMARGEBOVEN":null,"ZPBEHEERMARGEONDER":null,"WPBEHEERMARGEONDER":null,"WPBEHEERMARGEBOVEN":null,"FLEXZPONDERBEHEERMARGEBOVEN":null,"FLEXZPONDERBEHEERMARGEONDER":null,"FLEXZPBOVENBEHEERMARGEBOVEN":null,"FLEXZPBOVENBEHEERMARGEONDER":null,"FLEXWPONDERBEHEERMARGEBOVEN":null,"FLEXWPONDERBEHEERMARGEONDER":null,"FLEXWPBOVENBEHEERMARGEBOVEN":null,"FLEXWPBOVENBEHEERMARGEONDER":null,"OBJECTID2":127}},{"type":"Feature","id":130,"geometry":{"type":"Polygon","coordinates":[[[97917.977299999446,458194.30110000074],[97917.959199998528,458193.79030000046],[97917.512800000608,458190.5326000005],[97917.270500000566,458188.37590000033],[97917.024399999529,458186.49060000107],[97917.153599999845,458182.65320000052],[97917.58960000053,458176.5689000003],[97917.765299998224,458174.88289999962],[97917.673000000417,458173.07589999959],[97917.132100000978,458171.28449999914],[97916.471299998462,458169.30939999968],[97915.801399998367,458167.37550000101],[97914.770899999887,458165.61490000039],[97913.763999998569,458164.18950000033],[97912.207100000232,458162.74599999934],[97910.781700000167,458161.70459999889],[97908.816199999303,458160.34620000049],[97907.434599999338,458159.27769999951],[97906.221599999815,458157.91420000046],[97905.472399998456,458156.7071999982],[97904.828499998897,458155.65529999882],[97903.688200000674,458154.26240000129],[97902.479100000113,458153.03400000185],[97901.426399998367,458151.91759999841],[97899.5410999991,458149.30270000175],[97896.645899999887,458143.98580000177],[97892.738200001419,458136.18219999969],[97891.691100001335,458133.41539999843],[97890.959899999201,458130.61850000173],[97889.149000000209,458123.34319999814],[97888.852600000799,458120.21590000018],[97888.983500000089,458117.51619999856],[97889.313900001347,458115.6501000002],[97889.75869999826,458114.73169999942],[97890.774500001222,458113.76550000161],[97892.665199998766,458112.29419999942],[97894.346400000155,458111.13670000061],[97895.820399999619,458110.12180000171],[97896.161400001496,458109.85700000077],[97895.561200000346,458109.05700000003],[97890.984000001103,458102.95630000159],[97889.600999999791,458101.11300000176],[97880.857500001788,458089.45939999819],[97873.906300000846,458080.19460000098],[97923.048799999058,458044.98070000112],[97964.877000000328,458015.00800000131],[97975.557700000703,458007.19460000098],[98009.011999998242,457982.72100000083],[98051.542599998415,457952.23559999838],[98058.239799998701,457947.4010999985],[98071.109700001776,457965.21979999915],[98074.236600000411,457969.54910000041],[98076.334399998188,457972.4534999989],[98076.820199999958,457973.12609999999],[98079.115400001407,457994.51790000126],[98081.570700000972,458017.40049999952],[98083.081700000912,458019.49260000139],[98101.153700001538,458044.51269999892],[98101.941300000995,458045.60310000181],[98102.724399998784,458046.68730000034],[98103.28220000118,458047.58260000125],[98103.539900001138,458048.23539999872],[98103.781899999827,458049.28929999843],[98104.581900000572,458053.9637000002],[98104.985599998385,458056.64070000127],[98105.052400000393,458057.88859999925],[98105.131099998951,458060.67749999836],[98105.127799998969,458063.08060000092],[98105.550500001758,458065.55009999871],[98106.352800000459,458067.90680000186],[98108.409600000829,458073.18239999935],[98109.951299998909,458077.51940000057],[98111.433299999684,458082.76579999924],[98111.649500001222,458083.64079999924],[98113.446899998933,458090.91620000079],[98115.16039999947,458099.43670000136],[98115.605700001121,458103.35099999979],[98115.763799998909,458105.6726000011],[98115.603900000453,458107.17069999874],[98114.690999999642,458109.77019999921],[98114.246899999678,458110.83529999852],[98113.762299999595,458112.33929999918],[98113.585799999535,458113.57239999995],[98113.539599999785,458114.71189999953],[98113.551800001413,458116.00800000131],[98113.793600000441,458117.24489999935],[98114.194899998605,458118.47500000149],[98115.957400001585,458121.67960000038],[98118.043999999762,458124.85579999909],[98120.350699998438,458128.18450000137],[98120.959699999541,458129.43059999868],[98121.429099999368,458131.11400000006],[98121.82330000028,458134.78330000117],[98122.753800000995,458141.25129999965],[98122.907699998468,458144.49309999868],[98122.681299999356,458146.52230000123],[98122.46970000118,458147.16589999944],[98122.112700000405,458147.96070000157],[98121.662599999458,458148.68070000038],[98119.308600001037,458150.95859999955],[98113.772500000894,458154.99100000039],[98106.291999999434,458160.56850000098],[98098.650499999523,458167.0362999998],[98092.850099999458,458172.42599999905],[98087.584399998188,458177.57220000029],[98079.916900001466,458184.36059999838],[98072.46930000186,458190.9952000007],[98066.308400001377,458196.31359999999],[98064.235500000417,458198.00840000063],[98062.098900001496,458199.75519999862],[98060.704399999231,458200.89600000158],[98060.687600001693,458200.90909999982],[98058.279100000858,458202.79399999976],[98055.04300000146,458206.01049999893],[98054.991500001401,458206.06170000136],[98050.999400001019,458210.65239999816],[98049.187199998647,458212.58529999852],[98045.877399999648,458215.47610000148],[98035.674400001764,458223.40839999914],[98028.327599998564,458229.58179999888],[98020.202100001276,458236.38690000027],[98008.169300001115,458246.89359999821],[97998.628100000322,458255.97269999981],[97995.433600001037,458258.9561999999],[97990.404300000519,458263.18989999965],[97988.18730000034,458264.98649999872],[97986.280000001192,458266.23629999906],[97985.03770000115,458266.8861999996],[97983.192499998957,458267.4523999989],[97980.835299998522,458267.64570000023],[97969.750599998981,458267.33339999989],[97958.55209999904,458266.3964000009],[97948.992300000042,458266.58210000023],[97945.928199999034,458266.90870000049],[97944.012200001627,458266.99430000037],[97943.089800000191,458266.89649999887],[97942.4178000018,458266.55139999837],[97940.971299998462,458265.29520000145],[97939.239700000733,458263.60970000178],[97934.91230000183,458259.04679999873],[97933.24980000034,458256.8786999993],[97931.501699998975,458254.62429999933],[97930.342300001532,458252.8647999987],[97929.464299999177,458251.26590000093],[97928.217500001192,458249.38269999996],[97926.623399998993,458247.41530000046],[97925.2089000009,458245.7173999995],[97923.938299998641,458244.3460999988],[97922.352600000799,458242.85909999907],[97922.143500000238,458242.67579999939],[97920.678599998355,458241.39180000126],[97916.73959999904,458237.93930000067],[97915.753299999982,458236.76999999955],[97914.474500000477,458235.20259999856],[97913.685800001025,458233.85619999841],[97913.026799999177,458232.61510000005],[97912.563299998641,458231.39750000089],[97912.486499998719,458230.38630000129],[97912.657299999148,458229.2686999999],[97912.892400000244,458228.56340000033],[97913.485399998724,458227.69330000132],[97914.305700000376,458226.78290000185],[97920.295400001109,458220.67060000077],[97922.299300000072,458218.22659999877],[97923.346999999136,458216.03229999915],[97924.013300001621,458214.31830000132],[97924.330699998885,458212.46189999953],[97924.391800001264,458212.11309999973],[97924.138199999928,458210.33419999853],[97923.599899999797,458208.47329999879],[97923.59259999916,458208.46020000055],[97923.41039999947,458208.13529999927],[97922.506099998951,458206.52250000089],[97920.152800001204,458202.71070000157],[97919.603900000453,458201.76179999858],[97919.286400001496,458201.28799999878],[97919.086100000888,458201.04340000078],[97918.695500001311,458200.70340000093],[97918.48580000177,458200.53709999844],[97918.19319999963,458200.37950000167],[97918.022900000215,458195.58439999819],[97917.977299999446,458194.30110000074]]]},"properties":{"ORACLE_OBJECTID":1781,"CODE":"PAW_WW-10.OB06","NAAM":"Oostbroekpolder - Het Lange Land","STATUSOBJECT":"gerealiseerd","SOORTPEILGEBIED":"Onderbemaling","SOORTAFWATERING":"Bemalen","PEILBEHERENDEINSTANTIE":"VERGUNNINGHOUDER","OPPERVLAKTE":47404,"OMTREK":893,"OPMERKING":null,"HYPERLINK":null,"ONTHEFFING":"V50855","SOORTPEILBEHEER":"vast peil","VASTPEIL":-2.52,"ZOMERPEIL":null,"WINTERPEIL":null,"FLEXZOMERPEILONDERGRENS":null,"FLEXZOMERPEILBOVENGRENS":null,"FLEXWINTERPEILONDERGRENS":null,"FLEXWINTERPEILBOVENGRENS":null,"ZOMERPEILTEKST":"-2.52","WINTERPEILTEKST":"-2.52","INWINNENDEINSTANTIE":"Hoogheemraadschap van Rijnland","METENDEINSTANTIE":null,"INWINNINGSMETHODE":"digitaliseren","DIMENSIE":"2D","NAUWKEURIGHEIDXY":null,"NAUWKEURIGHEIDZ":null,"DATUMINWINNING":1608595200000,"GEOKPOBJECTID":42882,"LAST_EDITED_DATE":1744725508000,"STATUSPEILGEBIED":"Vigerend definitief","SHAPE_AREA":0,"SHAPE_LEN":0,"BEVAT":null,"VOERTAFOP":null,"LONGITUDE":4.5551248199999996,"LATITUDE":52.108263209999997,"XCOORDINAAT":97998.410000000003,"YCOORDINAAT":458107.52000000002,"VASTBEHEERMARGEBOVEN":null,"VASTBEHEERMARGEONDER":null,"ZPBEHEERMARGEBOVEN":null,"ZPBEHEERMARGEONDER":null,"WPBEHEERMARGEONDER":null,"WPBEHEERMARGEBOVEN":null,"FLEXZPONDERBEHEERMARGEBOVEN":null,"FLEXZPONDERBEHEERMARGEONDER":null,"FLEXZPBOVENBEHEERMARGEBOVEN":null,"FLEXZPBOVENBEHEERMARGEONDER":null,"FLEXWPONDERBEHEERMARGEBOVEN":null,"FLEXWPONDERBEHEERMARGEONDER":null,"FLEXWPBOVENBEHEERMARGEBOVEN":null,"FLEXWPBOVENBEHEERMARGEONDER":null,"OBJECTID2":130}},{"type":"Feature","id":132,"geometry":{"type":"Polygon","coordinates":[[[112240.72170000151,463538.55860000104],[112240.6325000003,463538.60799999908],[112240.26909999922,463538.82559999824],[112239.60860000178,463539.30110000074],[112239.29509999976,463540.07719999924],[112239.13430000097,463540.60689999908],[112238.37590000033,463542.20100000128],[112238.38509999961,463542.96319999918],[112238.39279999956,463543.5978000015],[112238.04919999838,463544.54720000178],[112237.74300000072,463545.25409999862],[112237.31399999931,463546.22269999981],[112236.67040000111,463548.12469999865],[112236.43019999936,463548.80420000106],[112236.1799999997,463549.29720000178],[112235.78099999949,463550.03110000119],[112235.44110000134,463550.97080000117],[112235.31929999962,463551.30920000002],[112234.94810000062,463551.70930000022],[112234.35489999875,463552.64350000024],[112234.1099999994,463553.71909999847],[112234.12099999934,463554.65439999849],[112234.1959999986,463554.97969999909],[112234.01049999893,463555.50259999931],[112233.66340000182,463556.28610000014],[112233.33280000091,463556.85249999911],[112232.90850000083,463557.30750000104],[112232.33669999987,463557.92410000041],[112231.68939999864,463558.90670000017],[112231.08289999887,463559.79879999906],[112230.20850000158,463561.27769999951],[112228.23570000008,463566.38899999857],[112226.98869999871,463570.44590000063],[112226.83370000124,463570.84730000049],[112226.81799999997,463570.88780000061],[112226.49340000004,463571.72839999944],[112225.90749999881,463572.77230000123],[112225.43100000173,463573.51999999955],[112224.99740000069,463574.20050000027],[112224.03950000182,463575.85889999941],[112223.3936999999,463577.45879999921],[112222.92709999904,463579.06480000168],[112222.55160000175,463581.18160000071],[112222.24049999937,463582.75690000132],[112222.23669999838,463582.77589999884],[112221.89939999953,463584.4664000012],[112221.44099999964,463586.45190000162],[112220.92700000107,463588.433699999],[112220.44990000129,463590.27600000054],[112220.07880000025,463591.92240000144],[112219.69949999824,463593.46959999949],[112219.27840000018,463594.78709999844],[112218.69220000133,463596.33080000058],[112218.23429999873,463597.50299999863],[112217.84169999883,463599.0428000018],[112217.52769999951,463600.24240000173],[112216.93609999865,463601.55519999936],[112216.10190000013,463602.93030000106],[112215.36710000038,463604.50820000097],[112215.06219999865,463605.88170000166],[112214.76779999956,463607.14900000021],[112214.22019999847,463608.56720000133],[112213.70760000125,463609.67469999939],[112213.02400000021,463610.91770000011],[112212.49529999867,463612.28779999912],[112211.81989999861,463613.86589999869],[112210.97520000115,463615.95699999854],[112209.29699999839,463620.47830000147],[112208.64200000092,463622.05040000007],[112208.21049999818,463622.78950000182],[112207.69519999996,463623.44940000027],[112207.55669999868,463623.60119999945],[112207.01990000159,463624.18939999864],[112206.33080000058,463624.86809999868],[112205.64070000127,463625.69330000132],[112205.19709999859,463627.0353000015],[112205.21310000122,463628.36459999904],[112205.25679999962,463628.48750000075],[112205.54439999908,463629.2958999984],[112205.5064000003,463629.97360000014],[112205.24060000107,463630.93640000001],[112204.57420000061,463632.80920000002],[112203.3599999994,463636.62819999829],[112202.93710000068,463638.12860000134],[112202.23730000108,463639.67049999908],[112201.49280000106,463641.17680000141],[112200.83689999953,463642.75239999965],[112200.20080000162,463644.41369999945],[112199.82970000058,463645.38709999993],[112198.98559999838,463647.45270000026],[112198.35559999943,463649.39079999924],[112197.85869999975,463651.26630000025],[112197.3898999989,463652.73290000111],[112196.91470000148,463654.37379999831],[112196.49100000039,463655.33940000087],[112195.94839999825,463656.41120000184],[112195.19060000032,463657.51099999994],[112194.60220000148,463658.82019999996],[112194.15410000086,463660.5634999983],[112193.61089999974,463662.46810000017],[112193.03840000182,463663.87469999865],[112192.44700000063,463665.31659999862],[112191.69299999997,463666.62759999931],[112191.14579999819,463668.18090000004],[112190.7509999983,463669.78909999877],[112190.42559999973,463671.39479999989],[112188.60880000144,463676.33460000157],[112188.05790000036,463677.82180000097],[112187.57999999821,463679.11190000176],[112187.01810000092,463680.628800001],[112186.11259999871,463683.40670000017],[112185.20609999821,463686.08029999956],[112184.41970000044,463687.96130000055],[112183.71379999816,463689.65540000051],[112183.0214000009,463691.32629999891],[112182.21559999883,463693.52279999852],[112181.66230000183,463694.9160999991],[112180.97439999878,463696.36100000143],[112180.26049999893,463697.88819999993],[112179.78849999979,463699.2052000016],[112179.60920000076,463700.33570000157],[112179.29580000043,463701.53209999949],[112178.91050000116,463702.64110000059],[112178.26300000027,463704.10240000114],[112177.52690000087,463705.64680000022],[112176.78150000051,463707.37330000103],[112175.97199999914,463709.30860000104],[112174.45879999921,463712.93299999833],[112173.79830000177,463714.54690000042],[112173.24289999902,463716.44420000166],[112172.80790000036,463717.62359999865],[112172.16690000147,463719.39759999886],[112171.89820000157,463720.71999999881],[112171.53040000051,463721.73110000044],[112170.98389999941,463722.93219999969],[112170.37090000138,463724.16939999908],[112169.91589999944,463725.21950000152],[112168.25510000065,463729.46709999815],[112167.1436999999,463732.07889999822],[112166.61730000004,463733.47159999982],[112166.21649999917,463734.7221999988],[112165.67880000174,463735.78970000148],[112165.14829999954,463736.37200000137],[112164.62379999831,463736.84959999844],[112163.77309999987,463737.34910000116],[112162.87079999968,463738.05119999871],[112162.40269999951,463738.53110000119],[112161.98409999907,463738.3574000001],[112161.35319999978,463738.09560000151],[112158.02089999989,463736.71269999817],[112156.86160000041,463736.23160000145],[112156.10720000044,463735.91849999875],[112145.59310000017,463731.62139999866],[112128.5848999992,463725.16310000047],[112108.88360000029,463717.47430000082],[112085.6772999987,463708.44799999893],[112065.43169999868,463700.9197999984],[112045.61969999969,463693.13699999824],[112037.68679999933,463689.84629999846],[112034.23690000176,463688.73180000111],[112019.20580000058,463682.83700000122],[112005.38390000165,463677.27519999817],[112000.53750000149,463675.46950000152],[111986.69079999998,463669.99859999865],[111976.63809999824,463666.24879999831],[111967.76190000027,463662.85399999842],[111964.54349999875,463661.62280000001],[111951.11710000038,463656.49639999866],[111941.4728000015,463652.90709999949],[111933.01909999922,463649.50310000032],[111925.18600000069,463646.55840000138],[111918.75079999864,463643.95789999887],[111909.91719999909,463640.58159999922],[111901.00409999862,463637.41169999912],[111895.17540000007,463635.12779999897],[111884.9188000001,463631.003800001],[111878.03009999916,463628.04610000178],[111871.62139999866,463625.71049999818],[111863.7650000006,463622.46480000019],[111857.04320000112,463619.82019999996],[111849.76240000129,463616.95560000092],[111842.23209999874,463613.85240000114],[111832.86980000138,463610.25149999931],[111822.77690000087,463606.34739999846],[111813.01700000092,463602.72030000016],[111804.66620000079,463599.30990000069],[111796.23009999841,463596.32239999995],[111790.62950000167,463594.22780000046],[111779.47320000082,463589.87260000035],[111773.06780000031,463587.32149999961],[111768.93389999866,463585.60869999975],[111761.99700000137,463582.73449999839],[111761.99029999971,463582.44909999892],[111761.90569999814,463582.19440000132],[111761.55160000175,463581.12909999862],[111761.03880000114,463580.12480000034],[111760.80779999867,463579.31120000035],[111760.66499999911,463578.42940000072],[111760.68050000072,463578.05680000037],[111760.70800000057,463577.39699999988],[111760.74980000034,463576.75569999963],[111760.75820000097,463576.62719999999],[111760.78750000149,463576.17810000107],[111760.99969999865,463574.96950000152],[111761.3273999989,463573.79149999842],[111763.26449999958,463568.03579999879],[111766.82079999894,463558.43100000173],[111769.37330000103,463552.12649999931],[111772.49859999865,463544.64350000024],[111773.01779999956,463543.27629999816],[111774.57550000027,463538.84910000116],[111775.19200000167,463536.37260000035],[111775.68519999832,463534.72610000148],[111776.79540000111,463532.32899999991],[111777.66360000148,463530.36870000139],[111779.07349999994,463526.47430000082],[111780.4486999996,463521.7723999992],[111782.52910000086,463515.74100000039],[111785.57110000029,463507.76550000161],[111787.39299999923,463504.31159999967],[111788.20089999959,463502.5111999996],[111791.24960000068,463494.12950000167],[111793.92199999839,463485.67000000179],[111795.80820000172,463480.308699999],[111798.50939999893,463473.94949999824],[111799.97329999879,463470.47659999877],[111800.56670000032,463468.9525000006],[111800.96869999915,463467.76880000159],[111801.49020000175,463466.01240000129],[111801.8022999987,463464.4963000007],[111802.15879999846,463462.96489999816],[111802.56700000167,463461.79300000146],[111803.16490000114,463460.50539999828],[111805.49080000073,463454.72920000181],[111807.2947999984,463449.42969999835],[111808.88309999928,463445.01610000059],[111810.09499999881,463442.09950000048],[111813.20019999892,463434.56199999899],[111815.26419999823,463429.33109999821],[111816.16479999945,463427.18939999864],[111816.66279999912,463425.62559999898],[111816.94700000063,463424.34259999916],[111817.31390000135,463422.49949999899],[111817.59270000085,463421.57809999958],[111818.29980000108,463419.42240000144],[111819.16849999875,463417.18349999934],[111819.90040000156,463415.83909999952],[111819.94249999896,463415.62519999966],[111820.07699999958,463415.27710000053],[111821.83980000019,463410.7237999998],[111822.19810000062,463409.79899999872],[111822.47140000015,463409.59629999846],[111823.53830000013,463408.07660000026],[111823.57110000029,463408.003800001],[111824.6314000003,463405.64990000054],[111825.56320000067,463402.61030000076],[111828.46810000017,463394.58269999921],[111830.88300000131,463386.71959999949],[111831.67650000006,463384.13599999994],[111833.03759999946,463380.06340000033],[111835.2089000009,463374.15139999986],[111837.00360000134,463369.27089999989],[111839.25800000131,463363.30299999937],[111841.54980000108,463357.18100000173],[111842.87469999865,463353.76280000061],[111844.04360000044,463351.0474999994],[111845.08879999816,463348.61980000138],[111848.01170000061,463341.56760000065],[111850.36309999973,463335.34919999912],[111850.91149999946,463333.69260000065],[111851.26999999955,463332.60979999974],[111851.82420000061,463331.23559999838],[111852.30840000138,463330.10399999842],[111852.47729999945,463329.73600000143],[111852.82869999856,463328.97030000016],[111853.18079999834,463328.20320000127],[111854.09569999948,463326.20960000157],[111855.25039999932,463322.72850000113],[111856.34050000086,463319.44189999998],[111858.05350000039,463314.63360000029],[111860.12189999968,463309.33520000055],[111862.57600000128,463302.79199999943],[111864.74560000002,463297.41319999844],[111866.73119999841,463293.06159999967],[111868.74260000139,463288.63439999893],[111868.87819999829,463288.33579999954],[111868.97150000185,463288.05590000004],[111870.13929999992,463284.55150000006],[111870.71579999849,463282.56700000167],[111871.12530000135,463281.28790000081],[111871.78029999882,463279.41950000077],[111873.00989999995,463275.41569999978],[111874.7322999984,463270.23039999977],[111876.26240000129,463265.43349999934],[111877.34149999917,463262.3189000003],[111879.17579999939,463256.13129999861],[111881.37420000136,463250.12070000172],[111883.20710000023,463245.72839999944],[111884.753800001,463241.95690000057],[111886.30970000103,463238.87689999864],[111887.13430000097,463237.31740000099],[111887.69090000167,463235.8145999983],[111888.01449999958,463234.50349999964],[111889.54919999838,463228.54500000179],[111891.29740000144,463223.83229999989],[111892.38300000131,463220.90599999949],[111892.75649999827,463219.8916000016],[111893.80920000002,463217.03299999982],[111894.45800000057,463215.32699999958],[111911.92599999905,463222.08500000089],[111957.5485999994,463239.73680000007],[111965.92700000107,463242.97850000113],[112100.04769999906,463294.871199999],[112259.3946999982,463356.52419999987],[112280.52299999818,463364.69900000095],[112294.22879999876,463370.00180000067],[112297.18499999866,463371.14550000057],[112299.63899999857,463372.09499999881],[112300.34789999947,463372.36930000037],[112300.06760000065,463373.17199999839],[112298.95309999958,463376.36439999938],[112298.5298999995,463377.57660000026],[112296.61430000141,463383.06340000033],[112296.49410000071,463383.40780000016],[112295.21519999951,463386.22690000013],[112294.14240000024,463387.60599999875],[112293.33350000158,463388.18079999834],[112292.40529999882,463388.45600000024],[112291.78150000051,463388.45600000024],[112290.31480000168,463388.31379999965],[112290.20179999992,463388.30290000141],[112289.18030000106,463389.06850000098],[112288.94920000061,463389.24240000173],[112287.78200000152,463390.5438000001],[112287.2479000017,463392.07149999961],[112287.55160000175,463393.59580000117],[112288.0364000015,463394.31659999862],[112288.20010000095,463394.55999999866],[112288.57209999859,463395.17529999837],[112288.75950000063,463396.14429999888],[112289.03139999881,463397.54969999939],[112289.13309999928,463398.72450000048],[112288.90650000051,463400.86050000042],[112288.59389999881,463401.93160000071],[112288.44790000096,463402.44209999964],[112287.58419999853,463405.46110000089],[112285.56300000101,463411.38100000098],[112282.1325000003,463419.37040000036],[112281.8376000002,463419.92419999838],[112280.76199999824,463421.94420000166],[112279.68629999831,463423.96420000121],[112278.07459999993,463427.39519999921],[112277.16079999879,463429.41739999875],[112276.18780000135,463432.17300000042],[112275.77199999988,463433.84230000153],[112275.40680000186,463435.43679999933],[112274.97089999914,463437.03330000117],[112273.94209999964,463440.59459999949],[112273.67449999973,463441.35190000013],[112273.40900000185,463442.16759999841],[112273.14339999855,463442.9833999984],[112272.55420000106,463444.79949999973],[112272.05559999868,463446.76240000129],[112271.28000000119,463449.31799999997],[112270.69539999962,463450.93600000069],[112270.13369999826,463452.41569999978],[112269.65260000154,463453.89559999853],[112268.87950000167,463455.53830000013],[112268.26539999992,463456.65019999817],[112267.61369999871,463457.85790000111],[112267.03920000046,463459.04100000113],[112266.53940000013,463460.0989000015],[112265.85509999841,463461.45120000094],[112265.46819999814,463462.74599999934],[112265.16270000115,463463.46110000089],[112264.60280000046,463464.40269999951],[112264.04569999874,463465.71599999815],[112263.74830000103,463467.32990000024],[112263.4550999999,463468.89400000125],[112262.83920000121,463472.39689999819],[112261.84160000086,463475.69720000029],[112261.43930000067,463477.06359999999],[112261.31450000033,463477.50879999995],[112261.1895999983,463477.95399999991],[112261.0148999989,463478.57679999992],[112260.57400000095,463480.11549999937],[112260.19979999959,463481.31219999865],[112259.7650000006,463482.83540000021],[112259.42419999838,463484.19260000065],[112258.66059999913,463486.60500000045],[112258.28709999844,463487.84919999912],[112257.9609999992,463488.57899999991],[112257.56049999967,463489.04729999974],[112257.50979999825,463489.10669999942],[112256.70340000093,463490.29980000108],[112256.2479000017,463491.75250000134],[112255.93769999966,463493.03220000118],[112255.63789999858,463494.35229999945],[112255.45829999819,463495.19909999892],[112255.38230000064,463495.55710000172],[112255.03409999982,463496.62180000171],[112254.79230000079,463497.14770000055],[112254.57470000163,463497.621199999],[112254.17709999904,463498.62090000138],[112254.07829999924,463498.98299999908],[112253.8526000008,463499.81010000035],[112253.58619999886,463500.87840000167],[112253.22509999946,463502.05579999834],[112252.73939999938,463503.15379999951],[112252.11120000109,463504.47670000046],[112251.1473999992,463506.60379999876],[112250.80820000172,463507.84659999982],[112250.62900000066,463508.65819999948],[112249.98990000039,463511.49060000107],[112249.75450000167,463512.55970000103],[112249.41809999943,463513.69810000062],[112249.24740000069,463514.79899999872],[112248.98970000073,463515.72100000083],[112248.40260000154,463517.31379999965],[112247.90549999848,463518.17689999938],[112247.76720000058,463519.37299999967],[112247.71770000085,463519.5447999984],[112247.49230000004,463519.877700001],[112246.7723999992,463520.7153000012],[112246.38500000164,463522.0672999993],[112246.01399999857,463523.33900000155],[112245.75649999827,463524.80270000175],[112245.59710000083,463525.75800000131],[112245.48319999874,463526.20080000162],[112245.10680000111,463526.91450000182],[112244.66149999946,463527.64119999856],[112244.23910000175,463528.51209999993],[112243.85819999874,463529.58540000021],[112243.50059999898,463530.62159999833],[112243.25869999826,463531.37719999999],[112243.05059999973,463531.91719999909],[112242.65709999949,463532.43250000104],[112241.97320000082,463533.65500000119],[112241.41660000011,463535.04890000075],[112241.12359999865,463536.31260000169],[112240.80959999934,463537.53959999979],[112240.28519999981,463538.78119999915],[112240.72170000151,463538.55860000104]]]},"properties":{"ORACLE_OBJECTID":1786,"CODE":"PAW_OR-4.09.OB14","NAAM":"OB van Tilburg & van Schaik","STATUSOBJECT":"gerealiseerd","SOORTPEILGEBIED":"Onderbemaling","SOORTAFWATERING":"Bemalen","PEILBEHERENDEINSTANTIE":"KADASTRAAL EIGENAAR","OPPERVLAKTE":170169,"OMTREK":1657,"OPMERKING":null,"HYPERLINK":null,"ONTHEFFING":"V59321","SOORTPEILBEHEER":"dynamisch peil","VASTPEIL":-6.4800000000000004,"ZOMERPEIL":null,"WINTERPEIL":null,"FLEXZOMERPEILONDERGRENS":-6.4800000000000004,"FLEXZOMERPEILBOVENGRENS":-5.9800000000000004,"FLEXWINTERPEILONDERGRENS":-6.4800000000000004,"FLEXWINTERPEILBOVENGRENS":-5.9800000000000004,"ZOMERPEILTEKST":"bov:-5.98 / ond:-6.48","WINTERPEILTEKST":"bov:-5.98 / ond:-6.48","INWINNENDEINSTANTIE":"Hoogheemraadschap van Rijnland","METENDEINSTANTIE":null,"INWINNINGSMETHODE":null,"DIMENSIE":"2D","NAUWKEURIGHEIDXY":null,"NAUWKEURIGHEIDZ":null,"DATUMINWINNING":1404691200000,"GEOKPOBJECTID":135,"LAST_EDITED_DATE":1744697909000,"STATUSPEILGEBIED":"Vigerend definitief","SHAPE_AREA":0,"SHAPE_LEN":0,"BEVAT":null,"VOERTAFOP":null,"LONGITUDE":4.7592661400000003,"LATITUDE":52.157788500000002,"XCOORDINAAT":112030.50999999999,"YCOORDINAAT":463476.92999999999,"VASTBEHEERMARGEBOVEN":null,"VASTBEHEERMARGEONDER":null,"ZPBEHEERMARGEBOVEN":null,"ZPBEHEERMARGEONDER":null,"WPBEHEERMARGEONDER":null,"WPBEHEERMARGEBOVEN":null,"FLEXZPONDERBEHEERMARGEBOVEN":null,"FLEXZPONDERBEHEERMARGEONDER":null,"FLEXZPBOVENBEHEERMARGEBOVEN":null,"FLEXZPBOVENBEHEERMARGEONDER":null,"FLEXWPONDERBEHEERMARGEBOVEN":null,"FLEXWPONDERBEHEERMARGEONDER":null,"FLEXWPBOVENBEHEERMARGEBOVEN":null,"FLEXWPBOVENBEHEERMARGEONDER":null,"OBJECTID2":132}},{"type":"Feature","id":133,"geometry":{"type":"Polygon","coordinates":[[[115035.99500000104,460050.17399999872],[114990.98800000176,460134.1259999983],[114956.57990000024,460198.54690000042],[114921.99799999967,460263.29300000146],[114921.96599999815,460263.35300000012],[114862.00299999863,460374.38300000131],[114826.83520000055,460440.64409999922],[114800.20399999991,460490.8209999986],[114790.10880000144,460509.35579999909],[114743.73800000176,460594.49199999869],[114683.91099999845,460694.93200000003],[114662.62310000136,460730.71599999815],[114656.5848999992,460740.86589999869],[114615.8740000017,460809.29899999872],[114543.44799999893,460930.63800000027],[114521.10119999945,460968.02809999883],[114493.79360000044,461013.71880000085],[114480.59200000018,461035.80700000003],[114455.8759999983,461077.78700000048],[114446.29199999943,461090.77800000086],[114434.76199999824,461103.66200000048],[114393.82400000095,461149.9849999994],[114393.78099999949,461149.88599999994],[114393.08100000024,461148.2659999989],[114392.27400000021,461145.8590000011],[114391.8900000006,461144.06399999931],[114391.73600000143,461141.75],[114391.77699999884,461139.89400000125],[114392.32899999991,461135.87999999896],[114393.09299999848,461134.37099999934],[114395.86600000039,461130.88899999857],[114397.79399999976,461127.625],[114398.4609999992,461125.16200000048],[114397.46900000051,461122.80799999833],[114395.91389999911,461121.07710000128],[114394.43600000069,461119.43200000003],[114392.49300000072,461118.78390000015],[114391.3900000006,461118.41600000113],[114388.46299999952,461120.04500000179],[114384.88300000131,461123.38800000027],[114384.02199999988,461124.33500000089],[114383.14900000021,461124.91499999911],[114382.46799999848,461125.13599999994],[114381.98800000176,461125.14699999988],[114381.30900000036,461124.97199999914],[114379.18299999833,461123.48299999908],[114378.40100000054,461122.43699999899],[114377.62099999934,461121.01900000125],[114377.04899999872,461119.5549999997],[114376.76000000164,461117.78999999911],[114375.92599999905,461109.04699999839],[114375.87799999863,461105.65199999884],[114376.37799999863,461097.01799999923],[114377.22300000116,461093.09499999881],[114377.54300000146,461092.23000000045],[114378.13800000027,461091.42599999905],[114379.45100000128,461090.08100000024],[114382.11899999902,461086.85500000045],[114387.09200000018,461081.86300000176],[114388.63899999857,461079.72100000083],[114389.29500000179,461078.61600000039],[114390.07999999821,461077.82899999991],[114391.10700000077,461077.07600000128],[114393.94399999827,461073.0709999986],[114393.2109999992,461070.78299999982],[114387.70699999854,461064.84800000116],[114384.2650000006,461064.57499999925],[114381.82200000063,461066.1240000017],[114379.82299999893,461068.23999999836],[114370.82499999925,461075.74399999902],[114369.77499999851,461076.48699999973],[114367.1259999983,461078.05099999905],[114366.35799999908,461078.36400000006],[114364.75,461078.50400000066],[114364.33700000122,461078.44200000167],[114364.10500000045,461078.33300000057],[114363.36400000006,461077.45800000057],[114361.70399999991,461073.76999999955],[114359.46999999881,461070.19799999893],[114354.83900000155,461061.16899999976],[114354.64699999988,461060.65599999949],[114354.6240000017,461060.49300000072],[114354.86699999869,461058.46599999815],[114354.59299999848,461056.16600000113],[114354.70800000057,461055.5],[114356.99799999967,461052.87799999863],[114364.8900000006,461044.48800000176],[114366.17700000107,461042.3759999983],[114364.55200000107,461037.95100000128],[114362.99300000072,461035.29600000009],[114358.77299999818,461031.76099999994],[114355.75400000066,461033.20800000057],[114353.89999999851,461034.58399999887],[114347.87799999863,461024.54500000179],[114349.61600000039,461023.11800000072],[114355.55600000173,461018.24199999869],[114364.07299999893,461009.12700000033],[114374.6409999989,460997.68800000101],[114387.72800000012,460977.84499999881],[114404.89299999923,460948.89999999851],[114519.98600000143,460756.49700000137],[114644.58199999854,460548.23299999908],[114652.57999999821,460533.92599999905],[114656.4609999992,460526.95800000057],[114629.16099999845,460510.0390000008],[114768.28200000152,460256.26300000027],[114730.90399999917,460236.93699999899],[114934.83500000089,459842.89600000158],[114973.39999999851,459863.32699999958],[114973.81599999964,459866.85200000182],[114975.1400000006,459873.81399999931],[114974.32899999991,459878.56399999931],[114971.16699999943,459884.21299999952],[114969.2650000006,459889.93100000173],[114970.08399999887,459892.53799999878],[114972.10799999908,459894.5549999997],[114975.64799999818,459894.54399999976],[114977.72899999842,459893.07800000161],[114980.50800000131,459889.46999999881],[114981.92000000179,459892.05799999833],[114982.77199999988,459893.98000000045],[114982.86600000039,459896.76199999824],[114983.46000000089,459900.86800000072],[114985.19000000134,459905.23600000143],[114985.91699999943,459907.38899999857],[114989.78700000048,459918.84299999848],[114990.03299999982,459920.9299999997],[114989.78200000152,459923.02400000021],[114988.07899999991,459928.77100000158],[114988.8200000003,459932.28700000048],[114991.54500000179,459934.18200000003],[114993.22500000149,459934.52600000054],[114995.19200000167,459934.63399999961],[114995.25899999961,459934.64900000021],[114996.66699999943,459936.34099999815],[114997.23000000045,459937.6950000003],[114997.78000000119,459939.01799999923],[115000.35700000077,459942.86800000072],[115002.53299999982,459946.4990000017],[115004.23699999973,459952.15199999884],[115007.83100000024,459961.88500000164],[115008.39200000092,459964.91099999845],[115008.11300000176,459967.21400000155],[115009.21900000051,459970.80600000173],[115013.13599999994,459972.8740000017],[115021.72399999946,459977.46599999815],[115022.91800000146,459979.49399999902],[115025.40300000086,459983.71599999815],[115029.18299999833,459988.33900000155],[115033.27499999851,459992.93699999899],[115036.06300000101,459996.58799999952],[115036.8590000011,459998.15100000054],[115036.6409999989,459999.86400000006],[115036.74500000104,460002.77100000158],[115039.09200000018,460004.95600000024],[115054.99500000104,460014.78200000152],[115042.24700000137,460038.52899999917],[115035.99500000104,460050.17399999872]]]},"properties":{"ORACLE_OBJECTID":1787,"CODE":"PAW_OR-4.10.OB13","NAAM":"OB A.E.M. Zoest","STATUSOBJECT":"gerealiseerd","SOORTPEILGEBIED":"Onderbemaling","SOORTAFWATERING":"Bemalen","PEILBEHERENDEINSTANTIE":"KADASTRAAL EIGENAAR","OPPERVLAKTE":182490,"OMTREK":3177,"OPMERKING":null,"HYPERLINK":null,"ONTHEFFING":"V59247","SOORTPEILBEHEER":"vast peil","VASTPEIL":-2.0899999999999999,"ZOMERPEIL":null,"WINTERPEIL":null,"FLEXZOMERPEILONDERGRENS":null,"FLEXZOMERPEILBOVENGRENS":null,"FLEXWINTERPEILONDERGRENS":null,"FLEXWINTERPEILBOVENGRENS":null,"ZOMERPEILTEKST":"-2.09","WINTERPEILTEKST":"-2.09","INWINNENDEINSTANTIE":"Hoogheemraadschap van Rijnland","METENDEINSTANTIE":null,"INWINNINGSMETHODE":null,"DIMENSIE":"2D","NAUWKEURIGHEIDXY":null,"NAUWKEURIGHEIDZ":null,"DATUMINWINNING":1412208000000,"GEOKPOBJECTID":128,"LAST_EDITED_DATE":1753350741000,"STATUSPEILGEBIED":"Vigerend definitief","SHAPE_AREA":0,"SHAPE_LEN":0,"BEVAT":null,"VOERTAFOP":null,"LONGITUDE":4.7986490899999996,"LATITUDE":52.131202440000003,"XCOORDINAAT":114701.44,"YCOORDINAAT":460496.44,"VASTBEHEERMARGEBOVEN":null,"VASTBEHEERMARGEONDER":null,"ZPBEHEERMARGEBOVEN":null,"ZPBEHEERMARGEONDER":null,"WPBEHEERMARGEONDER":null,"WPBEHEERMARGEBOVEN":null,"FLEXZPONDERBEHEERMARGEBOVEN":null,"FLEXZPONDERBEHEERMARGEONDER":null,"FLEXZPBOVENBEHEERMARGEBOVEN":null,"FLEXZPBOVENBEHEERMARGEONDER":null,"FLEXWPONDERBEHEERMARGEBOVEN":null,"FLEXWPONDERBEHEERMARGEONDER":null,"FLEXWPBOVENBEHEERMARGEBOVEN":null,"FLEXWPBOVENBEHEERMARGEONDER":null,"OBJECTID2":133}},{"type":"Feature","id":134,"geometry":{"type":"Polygon","coordinates":[[[109914.41800000146,464866.27400000021],[109957.84600000083,464870.83500000089],[109969.95899999887,464867.88899999857],[110031.36899999902,465023.12299999967],[110023.62299999967,465026.24399999902],[110038.06500000134,465062.5709999986],[110038.66899999976,465064.28200000152],[110037.02600000054,465064.27600000054],[109708.87999999896,465018.11199999973],[109702.94999999925,465017.17199999839],[109686.92000000179,464943.89799999818],[109684.7659999989,464933.16299999878],[109676.82999999821,464893.61499999836],[109649.03500000015,464772.18699999899],[109621.56399999931,464650.23699999973],[109621.09299999848,464648.14600000158],[109621.47500000149,464645.13199999928],[109624.58100000024,464644.47700000182],[109881.96400000155,464683.63899999857],[109886.91800000146,464684.39299999923],[109893.36600000039,464701.04800000042],[109902.48600000143,464697.51799999923],[109912.21499999985,464721.20300000161],[109920.3040000014,464740.89699999988],[109944.13899999857,464801.65500000119],[109942.89999999851,464809.48299999908],[109942.16699999943,464811.74300000072],[109940.14799999818,464813.99500000104],[109938.15199999884,464814.74799999967],[109935.29500000179,464814.78299999982],[109929.1400000006,464813.61199999973],[109920.09699999914,464812.50200000033],[109919.39499999955,464821.85099999979],[109917.41200000048,464836.14900000021],[109914.41800000146,464866.27400000021]]]},"properties":{"ORACLE_OBJECTID":1788,"CODE":"PAW_OR-4.08.OB02","NAAM":"OB P. Rodenburg","STATUSOBJECT":"gerealiseerd","SOORTPEILGEBIED":"Onderbemaling","SOORTAFWATERING":"Bemalen","PEILBEHERENDEINSTANTIE":"VERGUNNINGHOUDER","OPPERVLAKTE":109046,"OMTREK":1489,"OPMERKING":"PAW vergunnen (OB heeft bestaansrecht - PBS 2014)","HYPERLINK":null,"ONTHEFFING":"V60229","SOORTPEILBEHEER":"vast peil","VASTPEIL":-6.1699999999999999,"ZOMERPEIL":null,"WINTERPEIL":null,"FLEXZOMERPEILONDERGRENS":null,"FLEXZOMERPEILBOVENGRENS":null,"FLEXWINTERPEILONDERGRENS":null,"FLEXWINTERPEILBOVENGRENS":null,"ZOMERPEILTEKST":"-6.17","WINTERPEILTEKST":"-6.17","INWINNENDEINSTANTIE":"Hoogheemraadschap van Rijnland","METENDEINSTANTIE":null,"INWINNINGSMETHODE":null,"DIMENSIE":"2D","NAUWKEURIGHEIDXY":null,"NAUWKEURIGHEIDZ":null,"DATUMINWINNING":null,"GEOKPOBJECTID":16,"LAST_EDITED_DATE":1726934544000,"STATUSPEILGEBIED":"Vigerend definitief","SHAPE_AREA":0,"SHAPE_LEN":0,"BEVAT":null,"VOERTAFOP":null,"LONGITUDE":4.7269260099999997,"LATITUDE":52.169992720000003,"XCOORDINAAT":109829.88,"YCOORDINAAT":464854.38,"VASTBEHEERMARGEBOVEN":null,"VASTBEHEERMARGEONDER":null,"ZPBEHEERMARGEBOVEN":null,"ZPBEHEERMARGEONDER":null,"WPBEHEERMARGEONDER":null,"WPBEHEERMARGEBOVEN":null,"FLEXZPONDERBEHEERMARGEBOVEN":null,"FLEXZPONDERBEHEERMARGEONDER":null,"FLEXZPBOVENBEHEERMARGEBOVEN":null,"FLEXZPBOVENBEHEERMARGEONDER":null,"FLEXWPONDERBEHEERMARGEBOVEN":null,"FLEXWPONDERBEHEERMARGEONDER":null,"FLEXWPBOVENBEHEERMARGEBOVEN":null,"FLEXWPBOVENBEHEERMARGEONDER":null,"OBJECTID2":134}},{"type":"Feature","id":135,"geometry":{"type":"MultiPolygon","coordinates":[[[[111535.51069999859,464284.64449999854],[111535.34019999951,464284.60909999907],[111531.35979999974,464283.7826000005],[111530.19220000133,464283.60929999873],[111528.58900000155,464282.86499999836],[111509.0159999989,464274.91699999943],[111503.14240000024,464272.70899999887],[111502.51040000096,464270.27400000021],[111509.68140000105,464250.66890000179],[111512.10330000147,464244.04740000144],[111518.26350000128,464227.20560000092],[111518.84540000185,464225.50149999931],[111519.7221999988,464223.40170000121],[111521.07440000027,464220.7360999994],[111523.84230000153,464214.22410000116],[111524.42660000175,464212.62070000172],[111525.68989999965,464209.90680000186],[111538.39809999987,464174.5102000013],[111540.85949999839,464168.0148999989],[111562.61340000108,464110.60220000148],[111563.39039999992,464108.64409999922],[111572.42320000008,464084.72360000014],[111573.04179999977,464083.08549999818],[111573.03970000148,464077.94110000134],[111573.03950000182,464077.63080000132],[111573.28139999881,464076.98149999976],[111576.22089999914,464068.42529999837],[111578.85669999942,464060.82189999893],[111580.89389999956,464054.9076000005],[111582.08590000123,464051.41629999876],[111585.13650000095,464043.1213000007],[111588.56269999966,464034.36719999835],[111591.52230000123,464026.20760000125],[111594.25400000066,464019.09340000153],[111597.26850000024,464011.52459999919],[111600.45600000024,464003.76720000058],[111601.70729999989,464000.51179999858],[111603.11219999939,463996.40100000054],[111604.73649999872,463992.12519999966],[111607.02380000055,463986.21860000119],[111608.77059999853,463981.33779999986],[111611.35069999844,463974.76339999959],[111613.90980000049,463968.14389999956],[111616.60949999839,463960.34200000018],[111618.94539999962,463954.01359999925],[111620.2602000013,463949.15810000151],[111622.26850000024,463944.27210000157],[111623.6286999993,463941.31839999929],[111624.28290000185,463940.25549999997],[111624.69429999962,463939.7798999995],[111624.98259999976,463939.50499999896],[111625.06940000132,463939.42300000042],[111625.34899999946,463939.2965000011],[111625.79219999909,463939.22709999979],[111626.21409999952,463939.23470000178],[111631.93600000069,463941.4290000014],[111633.14820000157,463941.89389999956],[111635.22060000151,463942.68870000169],[111645.15399999917,463946.49799999967],[111661.55700000003,463952.47300000116],[111686.59499999881,463962.13100000098],[111707.95899999887,463970.5540000014],[111746.92700000107,463985.48600000143],[111768.70399999991,463993.97399999946],[111790.64999999851,464002.78400000185],[111795.36600000039,464004.67700000107],[111820.03500000015,464013.85200000182],[111839.58729999885,464021.58740000054],[111843.63800000027,464023.19000000134],[111866.33700000122,464031.55999999866],[111917.35399999842,464052.68699999899],[111939.52499999851,464060.97899999842],[111964.37000000104,464070.86100000143],[111979.10049999878,464076.28139999881],[111980.96040000021,464076.94260000065],[111988.51709999889,464079.65569999814],[111996.14490000159,464082.39530000091],[111998.3227000013,464083.28029999882],[111999.37530000135,464083.84620000049],[112002.01850000024,464084.85310000181],[112011.65659999847,464088.67529999837],[112014.14649999887,464089.72679999843],[112014.19949999824,464089.74920000136],[112017.05660000071,464090.95549999923],[112017.96070000157,464091.2164000012],[112018.61019999906,464091.4039000012],[112020.6015000008,464091.86899999902],[112021.86070000008,464092.23930000141],[112025.52639999986,464093.94700000063],[112026.75539999828,464094.48079999909],[112027.82140000165,464094.82169999927],[112028.93490000069,464095.12469999865],[112030.02730000019,464095.46819999814],[112030.53840000182,464095.68219999969],[112030.89460000023,464095.87590000033],[112031.05119999871,464096.00429999828],[112031.07589999959,464096.03979999945],[112031.26859999821,464096.49340000004],[112031.39620000124,464096.83439999819],[112031.50869999826,464097.23939999938],[112031.53330000117,464097.53940000013],[112031.51559999958,464097.93939999864],[112031.44509999827,464098.2864000015],[112031.32519999892,464098.56419999897],[112031.24020000175,464098.70190000162],[112031.12819999829,464098.79230000079],[112030.59409999847,464099.26539999992],[112030.03150000051,464099.99199999869],[112028.88679999858,464102.8161999993],[112026.98279999942,464108.15799999982],[112025.30029999837,464113.27969999984],[112023.66840000078,464117.09050000086],[112023.2333999984,464118.01610000059],[112021.2237999998,464122.29170000181],[112020.83639999852,464123.1409999989],[112020.51949999854,464124.59930000082],[112020.3339000009,464125.8040000014],[112019.95129999891,464128.28819999844],[112019.6473999992,464129.37189999968],[112017.9598999992,464133.84439999983],[112015.74139999971,464139.20630000159],[112012.82829999924,464146.35579999909],[112009.86850000173,464153.10770000145],[112006.87240000069,464160.51999999955],[112004.88560000062,464165.58320000023],[112002.84620000049,464170.31899999827],[112001.26399999857,464174.75840000063],[112000.98330000043,464175.5458999984],[112000.3909999989,464177.28929999843],[112000.19170000032,464177.87559999898],[111998.57119999826,464183.83989999816],[111997.72659999877,464186.08190000057],[111996.83669999987,464187.76649999991],[111996.55150000006,464188.41930000111],[111996.34659999982,464188.88819999993],[111996.0987999998,464189.7313000001],[111995.93490000069,464190.2890000008],[111995.34310000017,464192.49309999868],[111994.46240000054,464195.12420000136],[111993.19460000098,464199.02710000053],[111992.18360000104,464201.79899999872],[111991.73000000045,464202.62110000104],[111991.22789999843,464203.65320000052],[111990.82380000129,464204.76529999822],[111989.20780000091,464209.58320000023],[111988.23110000044,464212.4178000018],[111987.58040000126,464213.86419999972],[111985.88569999859,464217.52439999953],[111985.68219999969,464217.96400000155],[111984.90569999814,464220.18409999833],[111983.68519999832,464223.67410000041],[111982.73849999905,464226.48669999838],[111982.60420000181,464226.79670000076],[111982.04399999976,464228.08999999985],[111981.47069999948,464229.45800000057],[111981.11089999974,464230.70820000023],[111980.98669999838,464231.49340000004],[111980.97639999911,464231.55440000072],[111980.91499999911,464231.91649999842],[111980.76889999956,464232.31709999964],[111980.61980000138,464232.59650000185],[111980.50429999828,464232.81300000101],[111980.03029999882,464233.62889999896],[111979.73930000141,464234.56989999861],[111978.00149999931,464240.24909999967],[111977.79060000181,464240.93829999864],[111976.65170000121,464244.92110000178],[111976.00560000166,464247.10559999943],[111974.39770000055,464252.54259999841],[111973.16829999909,464256.12480000034],[111972.91750000045,464256.56789999828],[111972.58089999855,464257.07019999996],[111972.16759999841,464257.63289999962],[111971.86160000041,464258.26520000026],[111970.87029999867,464262.11710000038],[111970.66120000184,464262.57580000162],[111970.29549999908,464263.1596999988],[111969.71629999951,464264.06509999931],[111969.20120000094,464265.14499999955],[111968.22580000013,464268.85790000111],[111966.93160000071,464272.4737999998],[111964.37350000069,464279.2050999999],[111962.059799999,464284.9215000011],[111959.39339999855,464291.77030000091],[111956.78170000017,464298.46489999816],[111956.46990000084,464299.47639999911],[111956.27299999818,464300.36030000076],[111955.90459999815,464301.47870000079],[111954.24410000071,464305.01729999855],[111953.53319999948,464306.53240000084],[111952.37739999965,464309.30370000005],[111950.7659999989,464314.02950000018],[111950.42689999938,464315.02409999818],[111948.72150000185,464319.98449999839],[111947.54190000147,464322.93580000103],[111946.58320000023,464324.91380000114],[111946.53180000186,464325.02070000023],[111946.02380000055,464326.18939999864],[111945.46409999952,464327.34319999814],[111944.96869999915,464328.40769999847],[111943.80299999937,464331.37510000169],[111942.16670000181,464335.36329999939],[111941.46889999881,464337.00739999861],[111940.88479999825,464338.1325000003],[111940.50230000168,464338.88489999995],[111940.06720000133,464340.14090000093],[111939.86100000143,464341.1099999994],[111939.57140000165,464342.21719999984],[111939.26880000159,464343.12339999899],[111938.74909999967,464344.17460000142],[111938.05799999833,464345.53370000049],[111937.51920000091,464346.66629999876],[111937.10759999976,464347.54039999843],[111936.62099999934,464348.56780000031],[111936.24120000005,464349.68019999936],[111935.88069999963,464350.73999999836],[111935.46849999949,464352.12249999866],[111934.71299999952,464355.43470000103],[111933.55889999866,464359.34899999946],[111931.5971999988,464365.81140000001],[111930.04960000142,464370.55240000039],[111927.03350000083,464378.86850000173],[111924.23829999939,464386.24450000003],[111921.89189999923,464392.65720000118],[111919.66360000148,464398.70949999988],[111917.98770000041,464403.35830000043],[111915.16039999947,464410.6772999987],[111912.46669999883,464417.52690000087],[111909.73600000143,464424.21139999852],[111908.54940000176,464426.98570000008],[111908.23180000111,464427.59980000183],[111907.61490000039,464428.20910000056],[111907.03889999911,464428.59679999948],[111906.42810000107,464428.83639999852],[111905.6521999985,464429.01300000027],[111904.59160000086,464428.98770000041],[111903.9160999991,464428.84479999915],[111899.4721999988,464427.24590000138],[111889.74670000002,464423.42610000074],[111881.0987999998,464419.83720000088],[111876.64999999851,464418.10319999978],[111857.27210000157,464410.55050000176],[111853.90639999881,464409.27050000057],[111843.88219999894,464405.45789999887],[111839.61349999905,464403.83439999819],[111834.29060000181,464401.80990000069],[111820.41569999978,464396.33570000157],[111815.92330000177,464394.56329999864],[111814.34829999879,464393.92000000179],[111808.73660000041,464391.63610000163],[111802.76979999989,464389.24579999968],[111797.62990000099,464387.33069999889],[111788.42920000106,464383.69940000027],[111787.07919999957,464383.16649999842],[111773.00200000033,464377.61050000042],[111768.61089999974,464375.87739999965],[111767.06799999997,464375.26850000024],[111762.46119999886,464373.45019999892],[111747.9525000006,464367.7237999998],[111746.16299999878,464367.01749999821],[111731.88919999823,464361.38390000165],[111669.78510000184,464337.71400000155],[111650.02930000052,464330.08399999887],[111645.9028000012,464328.49029999971],[111622.93730000034,464319.62070000172],[111621.51850000024,464319.0727000013],[111613.87739999965,464316.12159999833],[111602.55640000105,464311.55429999903],[111602.17500000075,464311.40040000156],[111594.76460000128,464308.41079999879],[111591.87620000169,464307.24549999833],[111585.23490000144,464304.5661999993],[111574.99969999865,464300.43699999899],[111570.38179999962,464298.57389999926],[111551.95169999823,464291.13859999925],[111548.44469999894,464289.72370000184],[111537.19330000132,464285.18450000137],[111535.51069999859,464284.64449999854]]],[[[111054.9822999984,463969.04349999875],[111139.55380000174,463751.34209999815],[111147.8852000013,463754.24120000005],[111159.02749999985,463758.76260000095],[111164.79919999838,463761.25580000132],[111167.99689999968,463762.37970000133],[111169.4199000001,463762.87990000099],[111171.68910000101,463763.88039999828],[111178.08579999954,463766.70089999959],[111180.33509999886,463767.43360000104],[111180.67210000008,463767.53159999847],[111182.72269999981,463768.12810000032],[111184.01749999821,463768.54690000042],[111185.00149999931,463769.01509999856],[111186.05059999973,463769.65029999986],[111187.10200000182,463770.11089999974],[111187.99139999971,463770.41560000181],[111188.68010000139,463770.64330000058],[111190.80040000007,463771.55930000171],[111196.2853000015,463773.74909999967],[111207.72309999913,463778.1735999994],[111217.37510000169,463781.76130000129],[111225.25039999932,463784.78209999949],[111227.6603000015,463785.73169999942],[111229.11939999834,463786.16349999979],[111231.74289999902,463786.99139999971],[111233.01839999855,463787.44480000064],[111234.31419999897,463787.89130000025],[111235.9635999985,463788.57429999858],[111236.7762000002,463788.9635999985],[111237.55310000107,463789.41939999908],[111237.62440000102,463789.44999999925],[111238.34650000185,463789.75979999825],[111240.43310000002,463790.52210000157],[111246.48790000007,463792.64840000123],[111247.24329999834,463792.90300000086],[111255.56489999965,463795.70800000057],[111264.31399999931,463798.96090000123],[111271.86589999869,463801.96920000017],[111273.78330000117,463802.83370000124],[111275.52939999849,463803.46090000123],[111277.15810000151,463803.9450000003],[111279.12409999967,463804.58790000156],[111280.85410000011,463805.2014000006],[111290.11939999834,463808.79410000145],[111294.6875,463810.89130000025],[111297.49549999833,463812.42650000006],[111301.77079999819,463814.12060000002],[111313.2098999992,463818.36389999837],[111322.52380000055,463821.55620000139],[111330.42080000043,463824.43640000001],[111338.36620000005,463827.75340000167],[111344.79899999872,463830.25429999828],[111344.9653000012,463830.31879999861],[111351.12060000002,463832.69900000095],[111359.0971999988,463835.92009999976],[111366.73730000108,463838.90500000119],[111373.45089999959,463841.55990000069],[111380.94179999828,463844.49049999937],[111387.87260000035,463847.57180000097],[111393.69359999895,463849.90940000117],[111399.37159999833,463852.15540000051],[111402.86419999972,463853.55829999968],[111404.45399999991,463854.08469999954],[111405.8909999989,463854.4561999999],[111407.76460000128,463855.14900000021],[111411.85110000148,463857.00789999962],[111417.73220000044,463859.31509999931],[111423.44269999862,463861.44289999828],[111425.94550000131,463862.45980000123],[111426.4048999995,463862.7164000012],[111427.17920000106,463863.14880000055],[111428.19429999962,463863.54210000113],[111429.15890000015,463863.80389999971],[111429.47619999945,463863.83610000089],[111430.06540000066,463863.89589999989],[111431.06340000033,463864.25200000033],[111431.48959999904,463864.57019999996],[111431.51009999961,463864.58549999818],[111432.33170000091,463865.01779999956],[111433.18549999967,463865.30669999868],[111435.88309999928,463866.17199999839],[111438.5736999996,463867.03510000184],[111443.97370000184,463869.11690000072],[111449.56549999863,463871.00769999996],[111452.89860000089,463872.37570000067],[111454.59789999947,463873.07319999859],[111460.8300999999,463875.4915000014],[111466.15399999917,463877.5335999988],[111467.83749999851,463878.21489999816],[111468.07079999894,463878.27749999985],[111470.35539999977,463878.89050000161],[111472.11829999834,463879.55660000071],[111478.15909999982,463881.93360000104],[111483.20340000093,463883.69399999827],[111487.73800000176,463885.66310000047],[111490.51749999821,463887.33879999816],[111491.11589999869,463887.69959999993],[111492.60110000148,463888.2025000006],[111492.66580000147,463888.22439999878],[111492.85209999979,463888.30649999902],[111497.93719999865,463890.54839999974],[111499.17269999906,463890.9263000004],[111500.54659999907,463891.34659999982],[111507.4888000004,463894.02980000153],[111510.29399999976,463895.07009999827],[111512.1473999992,463895.66429999843],[111513.67850000039,463896.11930000037],[111515.06720000133,463896.5791000016],[111519.39829999954,463898.63010000065],[111521.02210000157,463899.48490000144],[111524.9028000012,463901.20419999957],[111530.49399999902,463902.95089999959],[111535.26579999924,463904.92199999839],[111542.0549999997,463907.70910000056],[111545.24340000004,463908.82019999996],[111551.57290000096,463911.41420000046],[111558.06780000031,463914.06850000098],[111562.67330000177,463915.85660000145],[111566.63960000128,463916.9851000011],[111568.82019999996,463917.81340000033],[111570.12330000103,463918.3583999984],[111573.50890000165,463919.43549999967],[111577.81500000134,463921.21029999852],[111582.56700000167,463923.00560000166],[111584.25609999895,463923.64070000127],[111587.28079999983,463924.7778000012],[111587.60040000081,463924.8674999997],[111590.45569999889,463925.6678000018],[111592.91679999977,463926.31179999933],[111594.07290000096,463926.88060000166],[111595.63120000064,463927.50820000097],[111596.87590000033,463928.02079999819],[111598.95360000059,463928.71229999885],[111601.0364000015,463929.12269999832],[111602.23360000178,463929.53599999845],[111604.25189999864,463930.30649999902],[111606.82939999923,463931.51689999923],[111607.67839999869,463931.87359999865],[111608.78229999915,463932.32530000061],[111609.70899999887,463932.4653000012],[111610.7313000001,463932.60000000149],[111611.15159999952,463932.72309999913],[111611.18239999935,463932.95800000057],[111611.18919999897,463933.08170000091],[111611.21620000154,463933.58280000091],[111611.12849999964,463934.32409999892],[111610.92610000074,463935.33399999887],[111610.47120000049,463936.96779999882],[111609.98189999908,463939.53489999846],[111609.44079999998,463941.60929999873],[111608.72399999946,463943.77210000157],[111607.72819999978,463945.94640000165],[111607.70010000095,463946.00789999962],[111605.81049999967,463951.36070000008],[111603.91160000116,463957.1838000007],[111602.93310000002,463960.07239999995],[111602.46279999986,463960.92500000075],[111601.89220000058,463961.95780000091],[111601.28539999947,463963.35929999873],[111600.56960000098,463965.12570000067],[111599.94099999964,463966.48259999976],[111599.60069999844,463967.47800000012],[111599.47320000082,463968.49989999831],[111599.30700000003,463969.57809999958],[111598.98299999908,463970.67139999941],[111597.27409999818,463974.59389999881],[111596.41290000081,463975.96209999919],[111596.06030000001,463976.67810000107],[111595.90450000018,463977.4860999994],[111595.79540000111,463978.20329999924],[111595.57079999894,463979.22810000181],[111594.95769999921,463980.72089999914],[111594.23620000109,463982.14900000021],[111593.04030000046,463984.97729999945],[111592.78249999881,463985.55990000069],[111592.28040000051,463986.18180000037],[111591.67599999905,463986.75019999966],[111591.61910000071,463986.80370000005],[111590.97590000182,463988.11120000109],[111590.52699999884,463989.79089999944],[111589.65500000119,463993.05330000073],[111588.45569999889,463997.43499999866],[111587.78420000151,463999.53090000153],[111587.10880000144,464001.52849999815],[111586.6939000003,464002.59479999915],[111586.12280000001,464003.66189999878],[111585.04659999907,464005.55180000141],[111584.52950000018,464006.74089999869],[111584.07279999927,464008.07389999926],[111583.34039999917,464010.8797999993],[111581.53139999881,464016.01819999889],[111579.12379999831,464022.26610000059],[111577.44079999998,464026.42839999869],[111574.13839999959,464035.08240000159],[111573.77849999815,464036.00649999827],[111571.00809999928,464043.11939999834],[111569.17489999905,464048.46669999883],[111568.2061999999,464051.54659999907],[111567.3451000005,464054.28440000117],[111565.21719999984,464060.21200000122],[111564.20630000159,464063.06320000067],[111562.82600000128,464066.55099999905],[111562.26630000025,464067.96510000154],[111559.89169999957,464073.32669999823],[111559.09870000184,464075.14669999853],[111558.24780000001,464077.76960000023],[111557.57759999856,464079.55380000174],[111556.21489999816,464082.87909999862],[111554.80050000176,464086.3013000004],[111554.30920000002,464087.83060000092],[111554.20659999922,464088.52409999818],[111553.86369999871,464090.84189999849],[111553.77939999849,464091.07169999927],[111553.51280000061,464091.79340000078],[111553.3200000003,464091.9039000012],[111552.3638000004,464092.58720000088],[111551.49599999934,464094.64420000091],[111550.89319999889,464096.01889999956],[111550.95600000024,464098.04340000078],[111551.17559999973,464098.16629999876],[111551.21049999818,464098.18580000103],[111550.89119999856,464099.23440000042],[111550.15749999881,464101.64449999854],[111550.12469999865,464101.75219999999],[111549.15610000119,464104.75409999862],[111547.81289999932,464108.59530000016],[111545.43699999899,464114.33830000088],[111543.11030000076,464120.84149999917],[111542.32299999893,464122.61699999869],[111541.2835999988,464126.18699999899],[111540.79989999905,464127.42300000042],[111540.19559999928,464128.58980000019],[111537.68890000135,464133.58709999919],[111537.07239999995,464134.80070000142],[111536.63379999995,464136.05220000073],[111536.49139999971,464136.809799999],[111535.50149999931,464140.02760000154],[111534.49439999834,464142.79450000077],[111533.26429999992,464146.43840000033],[111531.2778000012,464153.30380000174],[111530.23589999974,464156.01630000025],[111529.05570000038,464159.50160000101],[111528.63379999995,464160.75739999861],[111528.26410000026,464161.68980000168],[111527.75730000064,464162.7061999999],[111527.75090000033,464162.71759999916],[111526.53449999914,464164.84959999844],[111525.91499999911,464166.28799999878],[111525.55310000107,464167.43899999931],[111525.33669999987,464168.83210000023],[111525.07209999859,464169.83729999885],[111524.73570000008,464170.66360000148],[111522.18679999933,464176.18600000069],[111521.61899999902,464177.48350000009],[111521.33379999921,464178.61360000074],[111521.11300000176,464179.73719999939],[111520.91569999978,464180.39860000089],[111520.10880000144,464182.3189000003],[111519.32530000061,464183.90630000085],[111517.74399999902,464188.34200000018],[111517.18840000033,464189.84479999915],[111516.87099999934,464190.51269999892],[111516.84580000117,464190.56579999998],[111516.00860000029,464192.17540000007],[111515.03220000118,464194.3964000009],[111513.97450000048,464197.24280000106],[111513.68989999965,464198.39020000026],[111512.22969999909,464201.04230000079],[111512.04839999974,464201.37009999901],[111511.21319999918,464204.45859999955],[111510.99610000104,464205.26150000095],[111509.39719999954,464209.55550000072],[111509.39070000127,464209.57459999993],[111507.32019999996,464215.6286999993],[111505.00769999996,464221.68620000035],[111504.52199999988,464221.49700000137],[111495.98380000144,464218.17119999975],[111234.42810000107,464116.2910999991],[111029.88699999824,464036.61899999902],[111045.66600000113,463994.91200000048],[110906.83410000056,463940.62249999866],[110902.19399999827,463938.80799999833],[110901.85539999977,463938.67559999973],[110905.71810000017,463928.28680000082],[110907.17799999937,463924.3599999994],[110908.9114000015,463920.40040000156],[110911.40419999883,463914.70569999889],[110911.71350000054,463913.9990000017],[110917.12620000169,463916.07180000097],[111022.48910000175,463956.42069999874],[111054.9822999984,463969.04349999875]]]]},"properties":{"ORACLE_OBJECTID":1865,"CODE":"PAW_OR-4.09.OB16","NAAM":"OB van Egmond","STATUSOBJECT":"gerealiseerd","SOORTPEILGEBIED":"Onderbemaling","SOORTAFWATERING":"Bemalen","PEILBEHERENDEINSTANTIE":"VERGUNNINGHOUDER","OPPERVLAKTE":314962,"OMTREK":3519,"OPMERKING":"V59085 is ingetrokken, OB ligging aangepast","HYPERLINK":null,"ONTHEFFING":"V61655","SOORTPEILBEHEER":"dynamisch peil","VASTPEIL":-6.9000000000000004,"ZOMERPEIL":null,"WINTERPEIL":null,"FLEXZOMERPEILONDERGRENS":-6.9000000000000004,"FLEXZOMERPEILBOVENGRENS":-5.9800000000000004,"FLEXWINTERPEILONDERGRENS":-6.9000000000000004,"FLEXWINTERPEILBOVENGRENS":-5.9800000000000004,"ZOMERPEILTEKST":"bov:-5.98 / ond:-6.90","WINTERPEILTEKST":"bov:-5.98 / ond:-6.90","INWINNENDEINSTANTIE":"Hoogheemraadschap van Rijnland","METENDEINSTANTIE":null,"INWINNINGSMETHODE":null,"DIMENSIE":"2D","NAUWKEURIGHEIDXY":null,"NAUWKEURIGHEIDZ":null,"DATUMINWINNING":1439942400000,"GEOKPOBJECTID":131,"LAST_EDITED_DATE":1753452241000,"STATUSPEILGEBIED":"Vigerend definitief","SHAPE_AREA":0,"SHAPE_LEN":0,"BEVAT":null,"VOERTAFOP":null,"LONGITUDE":4.7509487500000001,"LATITUDE":52.163255919999997,"XCOORDINAAT":111466.69,"YCOORDINAAT":464090.17999999999,"VASTBEHEERMARGEBOVEN":null,"VASTBEHEERMARGEONDER":null,"ZPBEHEERMARGEBOVEN":null,"ZPBEHEERMARGEONDER":null,"WPBEHEERMARGEONDER":null,"WPBEHEERMARGEBOVEN":null,"FLEXZPONDERBEHEERMARGEBOVEN":null,"FLEXZPONDERBEHEERMARGEONDER":null,"FLEXZPBOVENBEHEERMARGEBOVEN":null,"FLEXZPBOVENBEHEERMARGEONDER":null,"FLEXWPONDERBEHEERMARGEBOVEN":null,"FLEXWPONDERBEHEERMARGEONDER":null,"FLEXWPBOVENBEHEERMARGEBOVEN":null,"FLEXWPBOVENBEHEERMARGEONDER":null,"OBJECTID2":135}},{"type":"Feature","id":136,"geometry":{"type":"Polygon","coordinates":[[[116887.28099999949,462475.9450000003],[116886.76199999824,462476.65500000119],[116886.68200000003,462476.82899999991],[116886.53000000119,462476.97100000083],[116884.7509999983,462476.90100000054],[116876.74599999934,462476.02800000086],[116871.50499999896,462475.62900000066],[116869.12999999896,462475.44799999893],[116865.95800000057,462475.35700000077],[116855.72399999946,462474.16099999845],[116851.35300000012,462473.84299999848],[116843.29100000113,462474.50299999863],[116835.26199999824,462473.6799999997],[116831.54300000146,462473.78700000048],[116829.20899999887,462473.02400000021],[116829.0150000006,462472.46200000122],[116830.42000000179,462465.35799999908],[116832.46499999985,462453.29600000009],[116834.89900000021,462437.54800000042],[116837.79300000146,462425.98600000143],[116839.15900000185,462422.14600000158],[116840.11600000039,462417.91899999976],[116838.54199999943,462412.87700000033],[116835.88800000027,462409.06100000069],[116833.75299999863,462406.48900000006],[116833.22800000012,462403.45699999854],[116832.72100000083,462395.46000000089],[116831.95899999887,462387.3599999994],[116831.47899999842,462379.34099999815],[116831.49199999869,462375.48000000045],[116831.74599999934,462371.36800000072],[116830.9990000017,462359.1099999994],[116830.85599999875,462347.1400000006],[116831.67700000107,462339.36600000039],[116832.50499999896,462335.75699999928],[116835.03000000119,462328.3040000014],[116836.36800000072,462324.97599999979],[116838.32800000161,462322.15199999884],[116840.87999999896,462319.62200000137],[116843.86899999902,462317.33900000155],[116846.69000000134,462315.46700000018],[116847.42500000075,462316.87000000104],[116848.67700000107,462320.31500000134],[116852.19299999997,462323.1959999986],[116857.06399999931,462320.87200000137],[116860.00899999961,462317.43299999833],[116860.73900000006,462314.38800000027],[116860.78700000048,462311.97599999979],[116861.21799999848,462310.44999999925],[116862.33399999887,462308.39200000092],[116865.7650000006,462303.88899999857],[116868.99700000137,462300.2349999994],[116867.67500000075,462294.81399999931],[116866.43499999866,462290.52100000158],[116865.33700000122,462289.8599999994],[116867.83399999887,462271.72399999946],[116873.42850000039,462241.97590000182],[116877.21999999881,462221.81500000134],[116864.08999999985,462218.38100000098],[116803.1099999994,462202.43200000003],[116802.19990000129,462206.51300000027],[116801.89900000021,462207.86199999973],[116801.49300000072,462210.55299999937],[116799.68899999931,462218.90500000119],[116797.40399999917,462227.55099999905],[116795.37700000033,462237.22399999946],[116792.03599999845,462247.82200000063],[116789.82899999991,462257.67500000075],[116788.28200000152,462265.875],[116787.33199999854,462269.77699999884],[116784.76799999923,462281.95699999854],[116783.69000000134,462285.92000000179],[116782.79500000179,462290.0390000008],[116780.85099999979,462302.02199999988],[116778.21799999848,462313.93100000173],[116777.49700000137,462317.90799999982],[116773.68600000069,462334.28400000185],[116773.68600000069,462334.62700000033],[116773.68400000036,462337.64200000092],[116773.03200000152,462341.27400000021],[116771.38100000098,462348.84400000051],[116769.88100000098,462352.48200000077],[116768.67399999872,462356.5859999992],[116766.9459999986,462364.66200000048],[116764.01900000125,462376.64699999988],[116762.45300000161,462384.60200000182],[116760.53999999911,462392.67799999937],[116759.25499999896,462400.82999999821],[116753.93299999833,462424.38199999928],[116751.72300000116,462432.0540000014],[116750.30900000036,462435.96700000018],[116744.98000000045,462455.62200000137],[116743.55200000107,462462.76199999824],[116742.41600000113,462462.55299999937],[116737.34800000116,462461.84400000051],[116733.59699999914,462461.46599999815],[116731.36100000143,462461.17100000009],[116731.24700000137,462461.12900000066],[116728.09499999881,462460.26199999824],[116728.01700000092,462460.23999999836],[116720.68499999866,462458.22300000116],[116718.92799999937,462457.73900000006],[116707.41200000048,462454.5709999986],[116700.32899999991,462451.8200000003],[116698.21200000122,462451.11199999973],[116697.88800000027,462451.02199999988],[116697.68499999866,462450.89699999988],[116696.50400000066,462450.39699999988],[116695.10599999875,462450.96799999848],[116693.69399999827,462452.03099999949],[116693.58399999887,462452.06100000069],[116691.13599999994,462452.05799999833],[116684.92700000107,462450.39600000158],[116676.90700000152,462448.49599999934],[116670.57400000095,462447.34699999914],[116646.40500000119,462441.26399999857],[116625.50600000098,462435.17599999905],[116606.79800000042,462430.73999999836],[116611.32200000063,462414.84699999914],[116610.04500000179,462410.49199999869],[116600.53999999911,462408.29500000179],[116596.68299999833,462417.21599999815],[116595.14600000158,462420.77199999988],[116589.41899999976,462438.96499999985],[116586.1959999986,462451.10500000045],[116584.40399999917,462454.76199999824],[116582.70300000161,462455.52100000158],[116579.47800000012,462455.9299999997],[116574.23999999836,462455.06199999899],[116565.5009999983,462452.80700000003],[116563.29699999839,462450.92399999872],[116562.46499999985,462448.80799999833],[116561.31599999964,462442.16899999976],[116561.82699999958,462433.39600000158],[116564.80999999866,462414.17100000009],[116564.62299999967,462409.52400000021],[116561.92100000009,462407.33199999854],[116553.7509999983,462405.09400000051],[116548.90399999917,462405.65900000185],[116542.51900000125,462417.14299999923],[116537.96900000051,462428.82600000128],[116535.10300000012,462429.90799999982],[116534.50899999961,462429.83199999854],[116519.44200000167,462424.17000000179],[116509.15199999884,462419.91000000015],[116508.31199999899,462419.28500000015],[116506.30099999905,462414.44900000095],[116505.29600000009,462410.23999999836],[116506.59600000083,462402.02100000158],[116509.62299999967,462391.22899999842],[116516.02499999851,462368.40300000086],[116548.11100000143,462258.24799999967],[116570.3909999989,462174.90300000086],[116579.66699999943,462142.57499999925],[116583.29300000146,462129.44299999997],[116589.79600000009,462105.89600000158],[116592.47199999914,462103.22899999842],[116593.08379999921,462102.40289999917],[116593.37700000033,462102.00699999928],[116595.20600000024,462099.66600000113],[116595.82999999821,462098.84200000018],[116596.17399999872,462097.46000000089],[116596.00299999863,462095.60700000077],[116595.12999999896,462094.17700000107],[116593.59099999815,462093.29500000179],[116590.80000000075,462093.28500000015],[116586.98699999973,462093.56599999964],[116581.98200000077,462093.83999999985],[116579.82299999893,462093.75699999928],[116578.46200000122,462093.1959999986],[116571.67300000042,462090.01099999994],[116565.06399999931,462086.70100000128],[116560.1950000003,462085.26399999857],[116559.38589999825,462085.62559999898],[116555.29500000179,462087.45399999991],[116551.23099999875,462096.7659999989],[116548.00200000033,462101.78799999878],[116546.44399999827,462104.10000000149],[116545.42399999872,462105.89200000092],[116544.84200000018,462107.16899999976],[116544.74599999934,462109.05700000003],[116545.33900000155,462110.66800000146],[116545.62900000066,462113.18400000036],[116545.28999999911,462117.33700000122],[116544.69099999964,462119.30900000036],[116539.92000000179,462135.00299999863],[116536.89499999955,462138.71499999985],[116535.74399999902,462142.8909999989],[116535.92300000042,462147.39400000125],[116524.16600000113,462190.35000000149],[116521.54399999976,462196.26700000092],[116520.66200000048,462199.12799999863],[116520.15700000152,462204.40599999949],[116516.79199999943,462212.50600000098],[116514.79300000146,462219.07899999991],[116514.02400000021,462225.47500000149],[116509.47700000182,462237.8740000017],[116506.12200000137,462250.37299999967],[116503.60200000182,462262.06399999931],[116500.02800000086,462269.55099999905],[116498.36199999973,462276.9609999992],[116493.5700000003,462287.48600000143],[116494.30600000173,462294.27499999851],[116489.67399999872,462303.93299999833],[116487.52299999818,462311.09499999881],[116486.52499999851,462321.17599999905],[116481.22899999842,462337.96799999848],[116474.66499999911,462360.45899999887],[116468.26099999994,462381.31799999997],[116462.63199999928,462401.55299999937],[116461.82299999893,462403.34600000083],[116455.9990000017,462402.94999999925],[116450.06500000134,462401.25699999928],[116449.65700000152,462400.74700000137],[116448.95300000161,462397.86600000039],[116452.46900000051,462386.73800000176],[116452.38399999961,462381.83799999952],[116452.78599999845,462377.69700000063],[116455.0390000008,462371.85300000012],[116455.26000000164,462366.1959999986],[116453.40900000185,462361.03099999949],[116459.89400000125,462351.48200000077],[116462.80200000107,462345.76999999955],[116465.56500000134,462333.75299999863],[116468.97199999914,462321.9450000003],[116467.14400000125,462316.10000000149],[116459.23900000006,462314.62900000066],[116450.06599999964,462314.37000000104],[116440.48099999875,462311.73299999908],[116427.78099999949,462307.41600000113],[116423.73600000143,462307.62000000104],[116419.02699999884,462312.21799999848],[116416.05600000173,462320.11899999902],[116416.25499999896,462324.72500000149],[116418.57899999991,462328.85300000012],[116418.30099999905,462330.69399999827],[116415.60700000077,462340.43600000069],[116414.69700000063,462344.56199999899],[116412.86899999902,462344.04899999872],[116408.93400000036,462343.95300000161],[116406.35099999979,462344.55099999905],[116398.20809999853,462341.934799999],[116398.12200000137,462341.90700000152],[116394.72800000012,462340.96000000089],[116391.36300000176,462338.4450000003],[116390.00800000131,462336.50400000066],[116389.33100000024,462333.90599999949],[116389.86199999973,462331.65799999982],[116391.48900000006,462328.33500000089],[116391.84299999848,462323.42700000107],[116391.67100000009,462316.95100000128],[116394.24399999902,462307.76199999824],[116402.11600000039,462285.38300000131],[116411.61600000039,462253.13599999994],[116450.72899999842,462122.69299999997],[116458.74199999869,462096.74599999934],[116463.60000000149,462081.01199999824],[116462.48000000045,462074.67300000042],[116458.51300000027,462072.22700000182],[116457.61100000143,462071.67100000009],[116453.17700000107,462072.23600000143],[116449.50200000033,462078.84200000018],[116445.14799999818,462093.17700000107],[116440.87700000033,462107.24500000104],[116436.375,462121.2109999992],[116433.44299999997,462130.99300000072],[116425.63100000098,462157.06199999899],[116413.31399999931,462196.43499999866],[116400.93699999899,462237.04800000042],[116389.07499999925,462274.28500000015],[116380.00600000098,462300.09400000051],[116379.62999999896,462307.39900000021],[116379.41299999878,462308.99100000039],[116376.74300000072,462313.3590000011],[116374.8359999992,462318.22300000116],[116359.66299999878,462317.76399999857],[116352.11400000006,462314.95100000128],[116348.4299999997,462313.37799999863],[116347.0009999983,462312.17599999905],[116346.85300000012,462311.75],[116347.54100000113,462309.45600000024],[116350.02100000158,462305.41699999943],[116350.52299999818,462300.11699999869],[116349.73200000077,462295.2650000006],[116343.59099999815,462292.72500000149],[116332.25499999896,462289.81799999997],[116326.97199999914,462287.78099999949],[116324.32200000063,462285.53799999878],[116322.70100000128,462283.43299999833],[116321.54800000042,462281.6959999986],[116321.625,462279.17500000075],[116321.69680000097,462278.96990000084],[116323.71499999985,462273.19900000095],[116326.32899999991,462267.20899999887],[116326.6240000017,462266.84299999848],[116330.35300000012,462266.42199999839],[116336.87700000033,462250.26399999857],[116338.96999999881,462246.42799999937],[116339.61699999869,462242.03500000015],[116340.04500000179,462237.94999999925],[116344.64900000021,462228.99500000104],[116354.63100000098,462196.58799999952],[116357.83500000089,462183.80900000036],[116365.52299999818,462162.11800000072],[116372.9990000017,462141.65100000054],[116377.90300000086,462126.29399999976],[116386.10399999842,462099.55200000107],[116397.37000000104,462063.93200000003],[116415.7890000008,462000.84099999815],[116429.56799999997,461953.6409999989],[116439.84499999881,461921.58900000155],[116450.02100000158,461887.70399999991],[116458.09099999815,461863.33900000155],[116460.08999999985,461859.8900000006],[116462.9290000014,461859.77100000158],[116464.8909999989,461854.08100000024],[116461.93499999866,461852.75899999961],[116468.25499999896,461832.43200000003],[116470.99399999902,461820.83700000122],[116471.52400000021,461813.63199999928],[116471.34800000116,461808.94999999925],[116472.16000000015,461803.02499999851],[116487.77199999988,461751.94399999827],[116493.47800000012,461732.77499999851],[116550.52600000054,461750.56799999997],[116542.95199999958,461775.01799999923],[116533.30999999866,461806.7490000017],[116533.19299999997,461807.13399999961],[116533.02800000086,461812.96299999952],[116537.37900000066,461815.20300000161],[116568.01000000164,461824.59499999881],[116575.30799999833,461825.94999999925],[116578.19399999827,461815.66499999911],[116600.06799999997,461747.48000000045],[116600.99399999902,461744.59400000051],[116601.37900000066,461744.44700000063],[116602.78700000048,461743.26900000125],[116604.43400000036,461741.18600000069],[116606.62999999896,461738.35399999842],[116607.78400000185,461737.05200000107],[116608.63100000098,461736.3209999986],[116609.13699999824,461736.00600000098],[116610.2340000011,461735.52100000158],[116611.2349999994,461735.1259999983],[116612.00200000033,461734.97700000182],[116612.70199999958,461734.98000000045],[116615.05600000173,461735.44999999925],[116616.10599999875,461735.83300000057],[116616.79500000179,461736.17700000107],[116617.2509999983,461736.53400000185],[116617.72199999914,461736.94399999827],[116618.1099999994,461737.43800000101],[116618.63599999994,461738.27800000086],[116619.46200000122,461740.19999999925],[116620.74599999934,461743.16600000113],[116621.30299999937,461745.15799999982],[116622.23000000045,461748.15300000086],[116622.76700000092,461749.72500000149],[116623.06199999899,461750.58700000122],[116623.56799999997,461752.06599999964],[116625.34899999946,461753.91099999845],[116631.21900000051,461755.65799999982],[116634.12900000066,461755.17399999872],[116636.96400000155,461753.02299999818],[116641.9840000011,461749.40300000086],[116643.33399999887,461748.53099999949],[116643.93400000036,461748.28000000119],[116644.33100000024,461748.24500000104],[116645.26300000027,461748.31899999827],[116646.35200000182,461748.5709999986],[116648.01399999857,461749.11199999973],[116649.45300000161,461749.72899999842],[116650.17799999937,461750.15300000086],[116657.02699999884,461755.67000000179],[116663.11899999902,461761.18800000101],[116664.34400000051,461762.55099999905],[116666.30700000003,461764.07999999821],[116669.16699999943,461765.87700000033],[116671.89600000158,461766.79399999976],[116677.24100000039,461769],[116686.17000000179,461773.28799999878],[116686.92399999872,461773.75600000098],[116688.67799999937,461774.72500000149],[116690.22500000149,461775.58399999887],[116693.06899999827,461777.46599999815],[116697.55099999905,461782.19299999997],[116700.51300000027,461785.05900000036],[116701.5150000006,461786.11100000143],[116702.26199999824,461786.95300000161],[116702.99599999934,461787.95499999821],[116703.86600000039,461789.00299999863],[116704.98999999836,461789.93299999833],[116706.19099999964,461790.54500000179],[116707.02699999884,461791.00499999896],[116710.72399999946,461793.85099999979],[116714.41499999911,461796.75],[116715.67799999937,461798.125],[116716.43400000036,461798.94399999827],[116716.79300000146,461799.49100000039],[116717.02800000086,461800.00400000066],[116717.33700000122,461800.93899999931],[116717.65799999982,461802.2650000006],[116717.76900000125,461803.59600000083],[116717.74399999902,461805.12900000066],[116718.06300000101,461808.72700000182],[116718.36199999973,461809.96200000122],[116718.47500000149,461810.89499999955],[116718.8359999992,461814.89299999923],[116718.53599999845,461819.41200000048],[116717.39400000125,461823.9290000014],[116717.20100000128,461825.82800000161],[116717.57200000063,461827.46400000155],[116717.54800000042,461827.60799999908],[116715.90500000119,461834.27499999851],[116716.17500000075,461834.34200000018],[116720.9609999992,461835.52199999988],[116722.31799999997,461830.01900000125],[116722.94299999997,461828.75899999961],[116723.21599999815,461828.69200000167],[116725.10500000045,461827.28799999878],[116727.35200000182,461822.11800000072],[116727.86899999902,461821.06599999964],[116727.95199999958,461820.9450000003],[116728.18899999931,461820.96900000051],[116728.88100000098,461821.11400000006],[116729.11400000006,461821.19200000167],[116730.03500000015,461821.65199999884],[116734.81700000167,461823.85200000182],[116738.65900000185,461825.20699999854],[116739.96599999815,461825.72899999842],[116741.40399999917,461825.90900000185],[116742.94700000063,461825.87700000033],[116743.92399999872,461825.93899999931],[116746.71799999848,461826.49500000104],[116753.0540000014,461828.49500000104],[116755.42199999839,461829.48200000077],[116756.36800000072,461829.81199999899],[116756.67000000179,461830.04100000113],[116756.89200000092,461830.35200000182],[116757.13300000131,461830.88699999824],[116757.89799999818,461832.5709999986],[116760.59400000051,461834.19799999893],[116762.96000000089,461833.99599999934],[116763.4459999986,461833.80099999905],[116764.43299999833,461833.40399999917],[116766.62000000104,461832.52600000054],[116768.82999999821,461831.68100000173],[116769.86400000006,461831.28599999845],[116771.80200000107,461830.68600000069],[116774.9459999986,461829.88500000164],[116776.94399999827,461829.71400000155],[116778.54800000042,461829.80900000036],[116783.38199999928,461830.92700000107],[116785.49399999902,461831.9840000011],[116788.93299999833,461833.70300000161],[116790.85500000045,461834.78200000152],[116792.66699999943,461835.33300000057],[116794.54500000179,461835.48600000143],[116796.32400000095,461835.0150000006],[116797.48600000143,461834.06100000069],[116800.37000000104,461830.85000000149],[116804.45300000161,461832.14799999818],[116806.36400000006,461834.38399999961],[116807.59200000018,461835.92199999839],[116809.0859999992,461837.07499999925],[116810.52499999851,461837.76199999824],[116811.01999999955,461837.99700000137],[116813.16600000113,461838.54800000042],[116815.01300000027,461838.70600000024],[116818.625,461838.97500000149],[116819.71299999952,461839.08199999854],[116822.13899999857,461839.3200000003],[116823.40399999917,461839.73099999875],[116824.35599999875,461840.3049999997],[116825.33300000057,461840.9609999992],[116827.55000000075,461841.83399999887],[116829.23800000176,461842.00600000098],[116829.53099999949,461842.96900000051],[116830.35599999875,461844.79699999839],[116830.95499999821,461846.46999999881],[116831.27100000158,461847.91200000048],[116832.88800000027,461849.99100000039],[116843.17399999872,461854.4990000017],[116843.99799999967,461854.99300000072],[116849.6959999986,461859.14600000158],[116849.83900000155,461859.48999999836],[116850.94799999893,461861.12799999863],[116865.38300000131,461869.68699999899],[116869.53099999949,461872.8209999986],[116871.78000000119,461874.74599999934],[116873.24700000137,461876.32200000063],[116875.15599999949,461878.25400000066],[116887.06100000069,461885.23099999875],[116887.79399999976,461885.64499999955],[116890.42100000009,461887.60799999908],[116896.94299999997,461893.03999999911],[116901.58700000122,461896.0390000008],[116902.8759999983,461896.76199999824],[116903.20600000024,461896.94700000063],[116903.66800000146,461897.28799999878],[116903.9140000008,461897.54699999839],[116904.38300000131,461898.19099999964],[116905.09400000051,461899.16800000146],[116906.64299999923,461900.4990000017],[116907.06799999997,461900.89499999955],[116907.34800000116,461901.27499999851],[116907.51799999923,461901.65900000185],[116907.74100000039,461902.39900000021],[116908.07899999991,461904.21499999985],[116908.61199999973,461907.07800000161],[116908.57400000095,461909.05200000107],[116907.23999999836,461918.09699999914],[116908.07699999958,461920.81199999899],[116910.18400000036,461922.3040000014],[116914.17700000107,461923.85399999842],[116917.58300000057,461922.29199999943],[116920.0700000003,461918.84400000051],[116921.6400000006,461915.10200000182],[116921.90900000185,461914.71700000018],[116922.07699999958,461914.69799999893],[116926.01999999955,461915.01300000027],[116929.39900000021,461915.98900000006],[116936.81199999899,461920.89200000092],[116940.82899999991,461923.33900000155],[116943.1099999994,461925.09899999946],[116944.29899999872,461926.29399999976],[116944.85700000077,461927.38899999857],[116944.54500000179,461930.42100000009],[116944.34699999914,461932.34499999881],[116944.22700000182,461936.44000000134],[116944.38199999928,461939.40900000185],[116944.7490000017,461941.67199999839],[116946.07999999821,461944.67199999839],[116945.33500000089,461947.5150000006],[116950.56599999964,461948.88599999994],[116951.33999999985,461945.9299999997],[116953.39900000021,461945.24100000039],[116955.22399999946,461943.75],[116956.96400000155,461939.95300000161],[116957.60200000182,461938.81100000069],[116958.31399999931,461937.81300000101],[116958.57499999925,461937.59299999848],[116958.58300000057,461937.59200000018],[116959.66099999845,461938.06199999899],[116962.84400000051,461940.24199999869],[116968.50699999928,461944.59200000018],[116971.61600000039,461946.3040000014],[116974.04699999839,461948.04800000042],[116975.88599999994,461949.97399999946],[116976.49500000104,461951.04899999872],[116977.61899999902,461953.7509999983],[116978.36499999836,461956.32400000095],[116978.3964000009,461958.37999999896],[116978.41200000048,461959.39699999988],[116977.48900000006,461965.15500000119],[116974.92500000075,461974.96499999985],[116972.93100000173,461985.60700000077],[116972.60599999875,461988.14299999923],[116972.00800000131,461990.61800000072],[116971.42599999905,461996.83700000122],[116969.90399999917,462009.24199999869],[116968.4990000017,462015.18699999899],[116966.06100000069,462032.55999999866],[116963.11100000143,462050.53000000119],[116961.00800000131,462061.37000000104],[116955.76300000027,462094.35300000012],[116950.50499999896,462124.83500000089],[116946.20199999958,462144.82200000063],[116944.35000000149,462155.1799999997],[116944.34299999848,462155.21799999848],[116943.01399999857,462161.67000000179],[116941.97100000083,462166.0549999997],[116933.46440000087,462203.30310000107],[116931.93499999866,462210],[116931.11899999902,462222.36600000039],[116929.875,462233.84099999815],[116926.36699999869,462258.37299999967],[116925.51300000027,462263.1799999997],[116924.54699999839,462267.35799999908],[116924.5353000015,462267.42009999976],[116923.56199999899,462272.60000000149],[116922.95199999958,462278.09099999815],[116921.06500000134,462287.69099999964],[116918.91800000146,462296.80900000036],[116914.22300000116,462320.48000000045],[116910.44700000063,462341.9990000017],[116909.4459999986,462349.04300000146],[116906.86800000072,462361.80099999905],[116907.26999999955,462364.54100000113],[116906.56199999899,462369.87200000137],[116905.31899999827,462376.77199999988],[116903.04100000113,462386.3040000014],[116899.20899999887,462403.58100000024],[116898.33100000024,462408.77699999884],[116897.05700000003,462414],[116896.06700000167,462420.90300000086],[116894.65799999982,462434.54500000179],[116893.83100000024,462440.61499999836],[116893.00699999928,462445.43499999866],[116891.56500000134,462451.03500000015],[116888.3590000011,462473.65399999917],[116887.28099999949,462475.9450000003]]]},"properties":{"ORACLE_OBJECTID":1867,"CODE":"PAW_OR-4.10.OB22","NAAM":"OB Natuurmonumenten - Meije graslanden 2","STATUSOBJECT":"gerealiseerd","SOORTPEILGEBIED":"Onderbemaling","SOORTAFWATERING":"Bemalen","PEILBEHERENDEINSTANTIE":"KADASTRAAL EIGENAAR","OPPERVLAKTE":298264,"OMTREK":4523,"OPMERKING":null,"HYPERLINK":null,"ONTHEFFING":"V59225","SOORTPEILBEHEER":"dynamisch peil","VASTPEIL":null,"ZOMERPEIL":null,"WINTERPEIL":null,"FLEXZOMERPEILONDERGRENS":-2.3500000000000001,"FLEXZOMERPEILBOVENGRENS":-2,"FLEXWINTERPEILONDERGRENS":-2.3500000000000001,"FLEXWINTERPEILBOVENGRENS":-2,"ZOMERPEILTEKST":"bov:-2.00 / ond:-2.35","WINTERPEILTEKST":"bov:-2.00 / ond:-2.35","INWINNENDEINSTANTIE":"Hoogheemraadschap van Rijnland","METENDEINSTANTIE":null,"INWINNINGSMETHODE":null,"DIMENSIE":"2D","NAUWKEURIGHEIDXY":null,"NAUWKEURIGHEIDZ":null,"DATUMINWINNING":1407974400000,"GEOKPOBJECTID":36,"LAST_EDITED_DATE":1753429656000,"STATUSPEILGEBIED":"Vigerend definitief","SHAPE_AREA":0,"SHAPE_LEN":0,"BEVAT":null,"VOERTAFOP":null,"LONGITUDE":4.8269246199999998,"LATITUDE":52.145796959999998,"XCOORDINAAT":116649.98,"YCOORDINAAT":462104.87,"VASTBEHEERMARGEBOVEN":null,"VASTBEHEERMARGEONDER":null,"ZPBEHEERMARGEBOVEN":null,"ZPBEHEERMARGEONDER":null,"WPBEHEERMARGEONDER":null,"WPBEHEERMARGEBOVEN":null,"FLEXZPONDERBEHEERMARGEBOVEN":null,"FLEXZPONDERBEHEERMARGEONDER":null,"FLEXZPBOVENBEHEERMARGEBOVEN":null,"FLEXZPBOVENBEHEERMARGEONDER":null,"FLEXWPONDERBEHEERMARGEBOVEN":null,"FLEXWPONDERBEHEERMARGEONDER":null,"FLEXWPBOVENBEHEERMARGEBOVEN":null,"FLEXWPBOVENBEHEERMARGEONDER":null,"OBJECTID2":136}},{"type":"Feature","id":137,"geometry":{"type":"MultiPolygon","coordinates":[[[[111768.93389999866,463585.60869999975],[111773.06780000031,463587.32149999961],[111779.47320000082,463589.87260000035],[111790.62950000167,463594.22780000046],[111796.23009999841,463596.32239999995],[111804.66620000079,463599.30990000069],[111813.01700000092,463602.72030000016],[111822.77690000087,463606.34739999846],[111832.86980000138,463610.25149999931],[111842.23209999874,463613.85240000114],[111849.76240000129,463616.95560000092],[111857.04320000112,463619.82019999996],[111863.7650000006,463622.46480000019],[111871.62139999866,463625.71049999818],[111878.03009999916,463628.04610000178],[111884.9188000001,463631.003800001],[111895.17540000007,463635.12779999897],[111901.00409999862,463637.41169999912],[111909.91719999909,463640.58159999922],[111918.75079999864,463643.95789999887],[111925.18600000069,463646.55840000138],[111933.01909999922,463649.50310000032],[111941.4728000015,463652.90709999949],[111951.11710000038,463656.49639999866],[111964.54349999875,463661.62280000001],[111967.76190000027,463662.85399999842],[111976.63809999824,463666.24879999831],[111986.69079999998,463669.99859999865],[112000.53750000149,463675.46950000152],[112005.38390000165,463677.27519999817],[112019.20580000058,463682.83700000122],[112034.23690000176,463688.73180000111],[112037.68679999933,463689.84629999846],[112045.61969999969,463693.13699999824],[112065.43169999868,463700.9197999984],[112085.6772999987,463708.44799999893],[112108.88360000029,463717.47430000082],[112128.5848999992,463725.16310000047],[112145.59310000017,463731.62139999866],[112156.10720000044,463735.91849999875],[112156.86160000041,463736.23160000145],[112158.02089999989,463736.71269999817],[112161.35319999978,463738.09560000151],[112161.98409999907,463738.3574000001],[112162.40269999951,463738.53110000119],[112162.09070000052,463738.85750000179],[112161.66550000012,463739.23059999943],[112161.31659999862,463739.53669999912],[112160.54780000076,463740.3601000011],[112160.00129999965,463741.48860000074],[112160.03249999881,463742.0373999998],[112160.06709999964,463742.6165000014],[112160.22610000148,463743.10460000113],[112160.34039999917,463743.45560000092],[112160.45179999992,463744.88569999859],[112160.4552000016,463744.91470000148],[112160.58630000055,463746.03240000084],[112160.62759999931,463746.38459999859],[112160.71930000186,463747.21609999985],[112160.4897999987,463748.41679999977],[112160.23020000011,463750.01330000162],[112159.9552000016,463751.12649999931],[112159.62159999833,463752.47690000013],[112159.04239999875,463754.07880000025],[112158.47260000184,463755.73420000076],[112157.95230000094,463756.75789999962],[112156.9263000004,463758.56780000031],[112156.57140000165,463759.19399999827],[112155.78709999844,463760.40179999918],[112155.24870000035,463761.4785999991],[112154.71709999815,463763.02760000154],[112154.15909999982,463764.63479999825],[112153.51240000129,463766.71059999987],[112153.18120000139,463768.10880000144],[112153.03539999947,463768.71150000021],[112152.82800000161,463769.56940000132],[112152.41670000181,463770.7575000003],[112151.76190000027,463772.32770000026],[112151.0540000014,463773.59169999883],[112150.81170000136,463773.99870000035],[112150.4721999988,463774.5689000003],[112149.90659999847,463775.73580000177],[112149.35550000146,463776.72679999843],[112148.6213000007,463777.77730000019],[112148.00160000101,463778.43760000169],[112147.3740000017,463779.26429999992],[112146.71440000087,463780.33590000123],[112146.41299999878,463781.81359999999],[112146.59580000117,463783.07290000096],[112146.62469999865,463783.27199999988],[112146.80669999868,463784.20839999989],[112146.74610000104,463784.68789999932],[112146.50250000134,463785.24230000004],[112145.94539999962,463786.11439999938],[112145.77279999852,463786.57649999857],[112145.53610000014,463787.21020000055],[112145.45270000026,463787.73600000143],[112145.35370000079,463788.3599999994],[112145.09840000048,463789.38709999993],[112144.63120000064,463790.53110000119],[112144.03720000014,463792.04919999838],[112143.47940000147,463793.58940000087],[112143.0364000015,463794.73169999942],[112142.48589999974,463795.88010000065],[112142.07559999824,463796.7677000016],[112141.45800000057,463798.05900000036],[112141.02809999883,463799.20039999858],[112140.74040000141,463800.29219999909],[112140.41869999841,463801.29820000008],[112140.23910000175,463801.89130000025],[112139.92889999971,463802.91580000147],[112139.28799999878,463805.28649999946],[112138.70870000124,463807.06280000135],[112138.09809999913,463808.42309999838],[112137.91180000082,463808.78750000149],[112137.42720000073,463809.73559999838],[112136.94330000132,463810.68329999968],[112136.371199999,463811.6501000002],[112135.84919999912,463812.49610000104],[112135.16649999842,463813.56740000099],[112134.53319999948,463814.50620000064],[112133.87739999965,463815.42660000175],[112133.28510000184,463816.29960000142],[112132.69480000064,463817.40549999848],[112132.19469999894,463818.5177000016],[112131.84250000119,463819.50120000169],[112131.63549999893,463820.68560000136],[112131.77800000086,463821.51009999961],[112131.88109999895,463822.10370000079],[112132.02100000158,463822.90890000015],[112132.67320000008,463824.03280000016],[112132.86510000005,463824.40190000087],[112132.6697999984,463825.08130000159],[112132.24579999968,463826.05200000107],[112131.70259999856,463827.42650000006],[112131.38360000029,463828.18769999966],[112130.96330000088,463829.06819999963],[112130.48730000108,463830.30290000141],[112130.03489999846,463831.57559999824],[112129.5036999993,463832.75860000029],[112128.86549999937,463833.83320000023],[112128.3451000005,463834.63969999924],[112127.92650000006,463835.20980000123],[112127.88760000095,463835.26269999892],[112127.4197999984,463835.9450000003],[112126.94509999827,463836.76810000092],[112126.5672999993,463837.4459999986],[112126.12519999966,463838.25730000064],[112125.90100000054,463839.16459999979],[112125.82530000061,463840.07930000126],[112125.73889999837,463841.09050000086],[112125.72100000083,463841.68600000069],[112125.69110000134,463841.81960000098],[112125.52219999954,463842.57429999858],[112125.31159999967,463843.51469999924],[112124.85550000146,463844.81120000035],[112124.03860000148,463847.06159999967],[112123.04160000011,463849.66279999912],[112122.76069999859,463850.04529999942],[112122.50989999995,463850.42920000106],[112122.19539999962,463850.91050000116],[112121.73620000109,463851.47940000147],[112121.440200001,463851.82699999958],[112121.22210000083,463852.08309999853],[112120.51289999858,463852.72019999847],[112120.26429999992,463853.26529999822],[112119.125,463855.76060000062],[112118.83819999918,463856.63309999928],[112118.69619999826,463857.06410000101],[112118.27199999988,463858.35469999909],[112117.46810000017,463860.8013000004],[112117.33689999953,463861.1015000008],[112116.02030000091,463864.10550000146],[112115.31370000169,463865.71559999883],[112113.57939999923,463870.2153000012],[112111.83790000156,463875.28229999915],[112108.99109999835,463881.60790000111],[112107.15599999949,463885.94610000029],[112105.61419999972,463890.44700000063],[112105.48449999839,463890.70190000162],[112104.29800000042,463893.04309999943],[112102.63949999958,463895.4589000009],[112101.92779999971,463896.49500000104],[112100.99289999902,463898.71660000086],[112100.71489999816,463899.95030000061],[112100.42489999905,463901.23710000142],[112100.25589999929,463901.8900000006],[112099.84769999981,463903.46590000018],[112099.06239999831,463905.12110000104],[112098.24740000069,463907.36400000006],[112097.61600000039,463909.98800000176],[112097.52290000021,463910.64110000059],[112097.30759999901,463912.1510999985],[112096.40819999948,463914.45309999958],[112094.90439999849,463917.39460000023],[112094.7696999982,463917.65819999948],[112094.17579999939,463918.72360000014],[112093.70080000162,463919.57569999993],[112092.47679999843,463921.7723999992],[112090.7789000012,463924.00219999999],[112089.6501000002,463925.01790000126],[112088.18349999934,463925.84270000085],[112086.79329999909,463926.53779999912],[112085.57530000061,463926.77499999851],[112083.91450000182,463926.77499999851],[112081.97540000081,463926.5271999985],[112080.70710000023,463926.15459999815],[112079.59420000017,463925.82880000025],[112077.90439999849,463925.38269999996],[112075.54190000147,463924.75910000131],[112074.92980000004,463924.44940000027],[112073.29699999839,463923.62440000102],[112073.18899999931,463923.57140000165],[112072.32530000061,463923.14699999988],[112071.83199999854,463922.83549999818],[112071.06720000133,463922.35579999909],[112070.31069999933,463921.96319999918],[112069.55829999968,463921.73160000145],[112068.54039999843,463921.37099999934],[112067.27939999849,463920.85579999909],[112066.27580000088,463920.46059999987],[112065.15590000153,463920.04140000045],[112064.06579999998,463919.76460000128],[112062.87200000137,463919.43050000072],[112061.8385999985,463919.19049999863],[112061.75789999962,463919.18030000106],[112060.83399999887,463919.06320000067],[112060.2023999989,463918.98800000176],[112059.36450000107,463918.68360000104],[112058.53150000051,463918.30330000073],[112057.60709999874,463917.84560000151],[112056.33469999954,463917.24010000005],[112055.53790000081,463916.85929999873],[112055.13879999891,463916.66849999875],[112054.10810000077,463916.32820000127],[112053.65960000083,463916.18019999936],[112052.47610000148,463915.84699999914],[112051.67350000143,463915.49210000038],[112051.15430000052,463915.23119999841],[112050.94469999894,463915.12590000033],[112049.69509999827,463914.44519999996],[112048.29919999838,463913.76639999822],[112046.68899999931,463913.32899999991],[112045.39029999822,463913.0148999989],[112044.93519999832,463912.92139999941],[112044.45910000056,463912.82360000163],[112043.22080000117,463912.53519999981],[112042.0791000016,463912.35920000076],[112041.17100000009,463912.10570000112],[112039.90080000088,463911.68629999831],[112038.77169999853,463911.21700000018],[112037.56329999864,463910.65419999883],[112036.26429999992,463910.04910000041],[112035.02739999816,463909.49740000069],[112033.66110000014,463908.98039999977],[112032.17799999937,463908.5775000006],[112030.753800001,463908.10310000181],[112029.57699999958,463907.67639999837],[112028.06529999897,463907.15810000151],[112026.11829999834,463906.46339999884],[112024.79500000179,463905.97819999978],[112023.34589999914,463905.37920000032],[112021.63489999995,463904.78519999981],[112019.12339999899,463903.85339999944],[112017.91110000014,463903.32409999892],[112016.44200000167,463902.65469999984],[112015.15639999881,463902.10489999875],[112013.52840000018,463901.36199999973],[112012.28229999915,463900.85680000111],[112011.64389999956,463900.63190000132],[112010.69179999828,463900.13899999857],[112009.27679999918,463899.55590000004],[112008.27499999851,463899.51559999958],[112007.42660000175,463899.20630000159],[112006.34420000017,463898.83280000091],[112004.69240000099,463898.16479999945],[112001.70459999889,463897.20450000092],[112000.5914000012,463896.75019999966],[111999.13859999925,463896.09640000015],[111993.81480000168,463893.83999999985],[111988.22850000113,463891.51520000026],[111987.5914000012,463891.21009999886],[111987.17020000145,463890.87359999865],[111986.48669999838,463890.32380000129],[111985.47199999914,463889.73209999874],[111984.51649999991,463889.46539999917],[111983.64950000122,463889.10200000182],[111982.62260000035,463888.54809999838],[111982.11980000138,463888.22289999947],[111981.88340000063,463888.0700000003],[111981.1425999999,463887.58449999988],[111980.19200000167,463887.10619999841],[111978.98220000044,463886.67940000072],[111972.2650000006,463884.55070000142],[111971.12510000169,463884.19139999896],[111966.1986999996,463882.63859999925],[111960.49920000136,463880.83549999818],[111955.16429999843,463879.02540000156],[111948.1715000011,463876.4609999992],[111941.34840000048,463873.8590000011],[111934.70059999824,463870.95930000022],[111925.99850000069,463867.69660000131],[111919.30000000075,463865.15320000052],[111913.23660000041,463862.78579999879],[111907.19469999894,463860.29580000043],[111900.44619999826,463857.58089999855],[111894.81069999933,463855.57889999822],[111890.02459999919,463853.58630000055],[111884.57580000162,463851.59849999845],[111877.83570000157,463849.20789999887],[111873.59950000048,463847.65639999881],[111865.14420000091,463844.67320000008],[111856.02969999984,463841.17839999869],[111845.31500000134,463836.93470000103],[111840.72569999844,463834.85579999909],[111835.15150000155,463832.46629999951],[111831.89389999956,463831.3115000017],[111825.22260000184,463828.72439999878],[111819.27070000023,463826.61719999835],[111815.80220000073,463825.24340000004],[111810.25899999961,463823.04930000007],[111806.20859999955,463821.44640000165],[111800.11439999938,463818.82299999893],[111795.87429999933,463817.36369999871],[111788.79540000111,463814.59760000184],[111780.69629999995,463811.37299999967],[111773.97670000046,463808.8478000015],[111772.97899999842,463808.6334999986],[111772.60709999874,463808.50780000165],[111770.9765000008,463808.0177000016],[111759.56430000067,463803.32140000165],[111751.76049999893,463799.93079999834],[111741.87750000134,463796.19339999929],[111738.13120000064,463794.80180000141],[111736.48640000075,463793.95050000027],[111736.0577000007,463793.7285999991],[111730.23730000108,463791.53170000017],[111727.85139999911,463790.76229999959],[111721.48750000075,463788.71020000055],[111713.42839999869,463785.80680000037],[111708.59849999845,463783.88430000097],[111700.63419999927,463780.43919999897],[111694.0148999989,463777.76029999927],[111692.6314000003,463777.19060000032],[111689.05480000004,463775.33889999986],[111687.72450000048,463774.03610000014],[111686.78170000017,463773.11290000007],[111686.74100000039,463772.65709999949],[111686.70360000059,463772.24179999903],[111686.93100000173,463770.45760000125],[111687.10709999874,463770.1165000014],[111689.57990000024,463765.32649999857],[111690.82220000029,463762.92020000145],[111692.02519999817,463760.12029999867],[111693.01370000094,463757.08320000023],[111693.59919999912,463754.14970000088],[111694.35410000011,463752.04919999838],[111696.67190000042,463746.15469999984],[111698.22320000082,463741.11290000007],[111698.80700000003,463739.56010000035],[111699.26689999923,463738.33799999952],[111700.21119999886,463735.76990000159],[111702.58590000123,463729.71880000085],[111705.51419999823,463721.95910000056],[111708.45069999993,463713.62550000101],[111710.7164000012,463708.13030000031],[111713.65729999915,463700.42110000178],[111715.13500000164,463695.9112999998],[111717.33190000057,463690.5214000009],[111719.19999999925,463684.95850000158],[111720.92139999941,463679.45019999892],[111722.82829999924,463674.48589999974],[111725.87009999901,463667.50730000064],[111728.60720000044,463661.04839999974],[111730.97410000116,463654.48310000077],[111733.49460000172,463648.40839999914],[111735.96730000153,463642.26399999857],[111738.35000000149,463635.22729999945],[111740.50629999861,463630.41250000149],[111742.46829999983,463625.51060000062],[111743.91759999841,463621.44370000064],[111744.6612999998,463618.65370000154],[111745.38599999994,463616.7536999993],[111746.3264000006,463613.48860000074],[111747.53660000116,463609.88549999893],[111748.42020000145,463607.61850000173],[111749.87609999999,463604.49060000107],[111751.23680000007,463601.56320000067],[111753.04699999839,463596.31700000167],[111753.77589999884,463593.99069999903],[111754.42009999976,463592.69530000165],[111755.00530000031,463591.82129999995],[111755.43789999932,463591.36829999834],[111755.9411999993,463591.09059999883],[111757.9990000017,463590.58700000122],[111758.71480000019,463590.43310000002],[111758.90410000086,463590.39240000024],[111759.71680000052,463590.07649999857],[111760.55169999972,463589.27470000088],[111761.01630000025,463588.43490000069],[111761.24219999835,463587.53429999948],[111761.54100000113,463586.34369999915],[111761.75620000064,463585.48380000144],[111761.82059999928,463585.04580000043],[111762.01960000023,463583.69099999964],[111762.01480000094,463583.4897999987],[111761.99700000137,463582.73449999839],[111768.93389999866,463585.60869999975]]],[[[111726.12299999967,463631.17819999903],[111725.25699999928,463634.16550000012],[111725.21319999918,463634.4525000006],[111725.04459999874,463635.55590000004],[111724.79580000043,463636.84800000116],[111722.97960000113,463641.8134999983],[111721.13360000029,463646.89930000156],[111720.3115000017,463648.87939999998],[111719.95360000059,463649.67130000144],[111719.44900000095,463650.31540000066],[111719.02470000088,463650.85689999908],[111718.53119999915,463652.51350000128],[111718.52230000123,463652.54349999875],[111718.31549999863,463653.76579999924],[111718.30959999934,463655.15019999817],[111718.10819999874,463656.25470000133],[111717.75890000165,463657.3900000006],[111715.47210000083,463662.92590000108],[111714.00649999827,463666.60280000046],[111711.83060000092,463671.9541000016],[111710.81419999897,463674.92220000178],[111710.13470000029,463676.60049999878],[111709.24089999869,463678.78510000184],[111707.09380000085,463684.92599999905],[111704.90689999983,463690.53720000014],[111703.10550000146,463695.33889999986],[111702.0549999997,463698.50050000101],[111701.71819999814,463699.40459999815],[111701.34059999883,463700.23990000039],[111700.9990000017,463700.77859999985],[111700.48580000177,463701.39869999886],[111699.69929999858,463702.78240000084],[111698.29969999939,463706.33720000088],[111696.28130000085,463711.8471999988],[111694.47360000014,463717.38720000163],[111691.9737999998,463724.18090000004],[111689.32609999925,463730.92559999973],[111687.23739999905,463735.47679999843],[111687.09970000014,463735.78810000047],[111684.69940000027,463741.1895999983],[111684.16820000112,463742.82719999924],[111683.49010000005,463744.94860000163],[111681.13039999828,463751.45030000061],[111679.2650000006,463756.75560000166],[111678.57899999991,463758.98629999906],[111678.13470000029,463761.64279999956],[111678.01399999857,463762.06219999865],[111677.7340000011,463763.10029999912],[111677.07510000095,463765.5428000018],[111675.69000000134,463768.10399999842],[111674.34400000051,463769.92599999905],[111674.25200000033,463770.01900000125],[111674.03099999949,463769.97500000149],[111657.72300000116,463763.75600000098],[111628.29100000113,463751.78999999911],[111616.53400000185,463747.95600000024],[111599.89699999988,463741.77800000086],[111583.16899999976,463735.40199999884],[111569.17000000179,463729.54600000009],[111505.10000000149,463704.05600000173],[111501.06399999931,463702.52499999851],[111445.06300000101,463681.28700000048],[111402.69999999925,463664.70419999957],[111389.79100000113,463659.65100000054],[111346.42419999838,463642.32999999821],[111351.83080000058,463628.69790000096],[111345.04360000044,463626.71629999951],[111344.55240000039,463628.01240000129],[111344.21799999848,463628.8946999982],[111344.19260000065,463628.96169999987],[111341.44319999963,463636.21609999985],[111339.88630000129,463639.71869999915],[111339.81850000098,463639.87139999866],[111339.77010000125,463639.99269999936],[111339.75739999861,463640.01799999923],[111339.74350000173,463640.04030000046],[111339.72349999845,463640.06679999828],[111339.7025000006,463640.08999999985],[111339.68239999935,463640.10860000178],[111339.66380000114,463640.1229000017],[111339.64009999856,463640.13780000061],[111339.61259999871,463640.15190000087],[111339.58449999988,463640.16319999844],[111339.55539999902,463640.17210000008],[111339.53700000048,463640.1763000004],[111338.89290000126,463640.15920000151],[111326.79190000147,463635.45329999924],[111319.29199999943,463632.53669999912],[111293.32119999826,463622.43710000068],[111292.05350000039,463621.94409999996],[111262.25389999896,463610.34430000186],[111229.20340000093,463597.47910000011],[111226.90359999985,463596.53420000151],[111228.48849999905,463592.67660000175],[111232.61800000072,463582.62519999966],[111238.62189999968,463568.01179999858],[111165.1950000003,463539.36389999837],[111143.75180000067,463530.99769999832],[111148.59360000119,463519.37759999931],[111152.78159999847,463509.32669999823],[111154.91789999977,463504.19990000129],[111154.40639999881,463502.8273999989],[111149.85220000148,463490.60700000077],[111078.87009999901,463462.88879999891],[111080.32209999859,463459.17029999942],[111080.52340000123,463458.63769999892],[111080.99120000005,463456.97150000185],[111081.1799999997,463456.29899999872],[111081.68730000034,463454.49639999866],[111081.70450000092,463454.4354000017],[111081.93400000036,463453.77670000121],[111082.53330000117,463452.05640000105],[111083.38379999995,463449.66429999843],[111084.07710000128,463447.70399999991],[111086.65129999816,463441.55119999871],[111088.79450000077,463435.91499999911],[111092.43129999936,463426.30460000038],[111095.3200000003,463418.17399999872],[111098.7034999989,463408.9327000007],[111103.02290000021,463397.28620000184],[111106.38289999962,463388.87660000101],[111106.39200000092,463388.85130000114],[111108.46150000021,463383.07979999855],[111110.52760000154,463377.31780000031],[111112.93499999866,463370.87689999864],[111116.00189999864,463363.03959999979],[111119.10110000148,463355.12029999867],[111122.11400000006,463347.72459999844],[111123.39299999923,463345.19729999825],[111123.78680000082,463344.57899999991],[111123.91039999947,463344.46689999849],[111123.94359999895,463344.45050000027],[111123.95600000024,463344.44429999962],[111124.25030000135,463344.29809999838],[111124.71790000051,463344.14249999821],[111124.97360000014,463344.10660000145],[111125.21790000051,463344.12200000137],[111132.22199999914,463346.75609999895],[111140.7349999994,463350.2520999983],[111150.14620000124,463353.79160000011],[111161.22399999946,463358.17179999873],[111171.60500000045,463362.54430000111],[111173.93180000037,463363.2714000009],[111179.39730000123,463365.45769999921],[111180.15269999951,463365.75979999825],[111182.54170000181,463366.79870000109],[111195.44350000098,463371.79890000075],[111207.87620000169,463376.6053000018],[111215.4021999985,463379.63760000095],[111221.69339999929,463382.21709999815],[111224.92550000176,463383.48600000143],[111227.38340000063,463384.28180000186],[111240.44779999927,463388.79659999907],[111243.37539999932,463389.97989999875],[111245.97269999981,463391.17100000009],[111254.50820000097,463394.90520000085],[111263.5458999984,463398.78950000182],[111267.90379999951,463400.33249999955],[111277.04250000045,463403.752700001],[111284.75989999995,463406.81379999965],[111292.62079999968,463409.75160000101],[111302.09360000119,463413.6035999991],[111305.80829999968,463414.87269999832],[111309.13529999927,463415.89919999987],[111313.98770000041,463417.61780000106],[111319.72100000083,463419.94099999964],[111323.25160000101,463421.77010000125],[111324.73690000176,463422.80270000175],[111325.45050000027,463423.42760000005],[111326.33579999954,463424.28189999983],[111326.53489999846,463424.45670000091],[111327.32459999993,463425.14869999886],[111328.59129999951,463425.74659999833],[111329.70740000159,463425.96730000153],[111330.82440000027,463426.25459999964],[111332.25699999928,463426.65670000017],[111334.26749999821,463427.22590000182],[111336.12900000066,463427.82580000162],[111339.30220000073,463429.03269999847],[111345.00899999961,463431.3590000011],[111350.07829999924,463433.32200000063],[111355.08579999954,463435.42830000073],[111361.66420000046,463438.39440000057],[111363.50580000132,463439.33509999886],[111365.46319999918,463440.42870000005],[111367.3861999996,463441.35449999943],[111368.8275000006,463441.98429999873],[111370.64029999822,463442.66539999843],[111375.77279999852,463444.54459999874],[111378.19689999893,463445.5289000012],[111379.01839999855,463445.86219999939],[111380.36659999937,463446.69680000097],[111383.2479000017,463448.56839999929],[111385.13470000029,463449.66970000044],[111386.56269999966,463450.52749999985],[111388.01480000094,463451.2639000006],[111389.5923999995,463451.89550000057],[111390.76649999991,463452.32710000128],[111392.42749999836,463452.90029999986],[111395.38659999892,463453.75679999962],[111397.74799999967,463454.50259999931],[111400.74419999868,463455.51949999854],[111402.86710000038,463456.42040000111],[111403.88720000163,463456.84279999882],[111404.9272999987,463457.2910999991],[111405.11259999871,463457.35130000114],[111406.18629999831,463457.69669999927],[111407.14400000125,463457.98759999871],[111408.53920000046,463458.31969999894],[111410.34899999946,463458.49929999933],[111412.51330000162,463458.60869999975],[111413.9354000017,463458.69379999861],[111415.03130000085,463458.94619999826],[111416.22700000182,463459.3489000015],[111419.13580000028,463460.66019999981],[111422.33949999884,463462.23470000178],[111424.02100000158,463463.23559999838],[111425.34640000015,463463.95320000127],[111426.71570000052,463464.61180000007],[111428.37819999829,463465.20089999959],[111430.49780000001,463465.90439999849],[111432.50360000134,463466.4979000017],[111434.44570000097,463467.00800000131],[111436.23290000111,463467.47540000081],[111438.21409999952,463468.0362999998],[111445.16079999879,463470.45089999959],[111451.59169999883,463472.74410000071],[111459.92770000175,463475.8574000001],[111469.51080000028,463479.30480000004],[111477.53409999982,463482.42960000038],[111482.68140000105,463484.32930000126],[111490.33289999887,463486.88709999993],[111496.95439999923,463489.39959999919],[111505.14559999853,463492.50050000101],[111510.38470000029,463494.09439999983],[111512.61879999936,463494.72560000047],[111515.1640000008,463495.94209999964],[111515.68809999898,463496.4160999991],[111516.19220000133,463496.99370000139],[111516.70949999988,463497.67520000041],[111517.44179999828,463498.52450000122],[111518.24599999934,463499.03500000015],[111518.69889999926,463499.19330000132],[111519.29230000079,463499.39990000054],[111520.42130000144,463499.37370000035],[111521.19849999994,463499.26850000024],[111524.84750000015,463498.75389999896],[111526.87939999998,463499.16679999977],[111529.37889999896,463500.15890000015],[111536.07319999859,463503.17770000175],[111546.26359999925,463507.21440000087],[111557.95210000128,463511.90199999884],[111567.08329999819,463515.49689999968],[111577.70109999925,463519.31579999998],[111587.96440000087,463523.40949999914],[111597.54820000008,463527.10370000079],[111605.5709999986,463530.16110000014],[111614.6614000015,463534.04540000111],[111618.62139999866,463535.70490000024],[111620.07339999825,463536.50200000033],[111621.19959999993,463537.05240000039],[111623.32009999827,463537.95100000128],[111625.55139999837,463538.57239999995],[111631.0390000008,463540.47720000148],[111639.81190000102,463543.67709999904],[111648.25189999864,463546.79780000076],[111654.64869999886,463549.50890000165],[111662.60159999877,463552.66340000182],[111670.34479999915,463555.70039999858],[111675.61160000041,463557.74419999868],[111679.38969999924,463559.27760000154],[111683.87730000168,463561.12319999933],[111686.12409999967,463561.92159999907],[111687.80820000172,463562.3498999998],[111689.65590000153,463562.98070000112],[111691.22329999879,463563.53689999878],[111692.93950000033,463564.32730000094],[111697.66550000012,463566.36309999973],[111703.19750000164,463568.60520000011],[111710.3852000013,463571.4589000009],[111717.34219999984,463574.31700000167],[111726.21779999882,463577.87049999833],[111729.4160999991,463579.16519999877],[111730.32389999926,463579.48200000077],[111731.35410000011,463579.94929999858],[111732.68070000038,463580.46920000017],[111734.25879999995,463580.89209999889],[111736.15560000017,463581.69299999997],[111736.48600000143,463581.83249999955],[111739.06819999963,463583.03229999915],[111739.89220000058,463583.56509999931],[111740.22470000014,463583.83709999919],[111740.61169999838,463584.15359999985],[111741.2677000016,463584.78020000085],[111741.8376000002,463585.35599999875],[111742.15949999914,463585.81500000134],[111742.31269999966,463586.1660999991],[111742.37469999865,463586.30799999833],[111742.43679999933,463586.89539999887],[111742.39600000158,463587.95499999821],[111742.19299999997,463589.41019999981],[111741.0271999985,463592.84530000016],[111738.44889999926,463598.73680000007],[111738.31140000001,463599.05099999905],[111737.97949999943,463599.96599999815],[111737.94610000029,463600.26049999893],[111737.87280000001,463600.90639999881],[111737.55689999834,463602.23000000045],[111737.15639999881,463603.41589999944],[111734.71409999952,463609.56650000066],[111732.40920000151,463615.67880000174],[111730.60929999873,463620.57950000092],[111728.434799999,463625.12480000034],[111727.94799999893,463626.14240000024],[111726.12299999967,463631.17819999903]]]]},"properties":{"ORACLE_OBJECTID":1868,"CODE":"PAW_OR-4.09.OB15","NAAM":"OB A.W. van Schaik","STATUSOBJECT":"gerealiseerd","SOORTPEILGEBIED":"Onderbemaling","SOORTAFWATERING":"Bemalen","PEILBEHERENDEINSTANTIE":"KADASTRAAL EIGENAAR","OPPERVLAKTE":211793,"OMTREK":3026,"OPMERKING":null,"HYPERLINK":null,"ONTHEFFING":"V59323","SOORTPEILBEHEER":"fout in FME of vak met ongeldige streefpeilencombinatie (2)","VASTPEIL":-6.4400000000000004,"ZOMERPEIL":null,"WINTERPEIL":null,"FLEXZOMERPEILONDERGRENS":-6.4400000000000004,"FLEXZOMERPEILBOVENGRENS":-5.9800000000000004,"FLEXWINTERPEILONDERGRENS":-6.4400000000000004,"FLEXWINTERPEILBOVENGRENS":-5.9800000000000004,"ZOMERPEILTEKST":null,"WINTERPEILTEKST":null,"INWINNENDEINSTANTIE":"Hoogheemraadschap van Rijnland","METENDEINSTANTIE":null,"INWINNINGSMETHODE":null,"DIMENSIE":"2D","NAUWKEURIGHEIDXY":null,"NAUWKEURIGHEIDZ":null,"DATUMINWINNING":1404691200000,"GEOKPOBJECTID":61,"LAST_EDITED_DATE":1744702881000,"STATUSPEILGEBIED":"Vigerend definitief","SHAPE_AREA":0,"SHAPE_LEN":0,"BEVAT":null,"VOERTAFOP":null,"LONGITUDE":4.7532565900000003,"LATITUDE":52.159181099999998,"XCOORDINAAT":111620.64,"YCOORDINAAT":463635.44,"VASTBEHEERMARGEBOVEN":null,"VASTBEHEERMARGEONDER":null,"ZPBEHEERMARGEBOVEN":null,"ZPBEHEERMARGEONDER":null,"WPBEHEERMARGEONDER":null,"WPBEHEERMARGEBOVEN":null,"FLEXZPONDERBEHEERMARGEBOVEN":null,"FLEXZPONDERBEHEERMARGEONDER":null,"FLEXZPBOVENBEHEERMARGEBOVEN":null,"FLEXZPBOVENBEHEERMARGEONDER":null,"FLEXWPONDERBEHEERMARGEBOVEN":null,"FLEXWPONDERBEHEERMARGEONDER":null,"FLEXWPBOVENBEHEERMARGEBOVEN":null,"FLEXWPBOVENBEHEERMARGEONDER":null,"OBJECTID2":137}},{"type":"Feature","id":138,"geometry":{"type":"MultiPolygon","coordinates":[[[[114544.9140000008,459780.11800000072],[114545.42700000107,459780.5159999989],[114545.65700000152,459780.80999999866],[114547.37799999863,459783.80900000036],[114549.80600000173,459785.39499999955],[114552.34499999881,459787.99399999902],[114555.07899999991,459790.27800000086],[114559.90399999917,459793.21799999848],[114565.48800000176,459795.46599999815],[114566.71400000155,459796.44900000095],[114569.85599999875,459799.67199999839],[114581.86600000039,459807.69200000167],[114583.35099999979,459809.18299999833],[114583.45399999991,459809.33399999887],[114583.45800000057,459809.61100000143],[114583.39799999818,459810.07899999991],[114582.75600000098,459812.57899999991],[114581.45499999821,459815.51799999923],[114579.51099999994,459818.07200000063],[114576.52499999851,459823.28099999949],[114573.45100000128,459827.66800000146],[114567.72100000083,459839.34099999815],[114554.96299999952,459866.21900000051],[114523.54899999872,459926.55900000036],[114511.46299999952,459947.44900000095],[114509.86899999902,459949.83500000089],[114508.65199999884,459952.35500000045],[114504.04500000179,459963.04699999839],[114502.59200000018,459966.12299999967],[114500.23200000077,459970.23900000006],[114491.58100000024,459983.60700000077],[114488.25699999928,459991.76999999955],[114484.2340000011,459998.45300000161],[114482.06500000134,460002.05600000173],[114467.08399999887,460030.0159999989],[114464.88399999961,460036.95199999958],[114462.56300000101,460042.27600000054],[114461.73600000143,460043.39600000158],[114460.19999999925,460044.8359999992],[114457.15399999917,460048.84800000116],[114453.125,460055.5709999986],[114449.63309999928,460061.81810000166],[114441.97300000116,460075.52199999988],[114425.61600000039,460106.82999999821],[114421.64900000021,460116.46400000155],[114420.3740000017,460119.26799999923],[114417.9290000014,460123.99799999967],[114411.91699999943,460133.73699999973],[114399.01700000092,460156.16000000015],[114390.96999999881,460170.73299999908],[114376.79399999976,460162.90599999949],[114356.58199999854,460150.27299999818],[114345.18800000101,460143.71900000051],[114364.9849999994,460109.29899999872],[114425.66600000113,459997.8209999986],[114476.64200000092,459903.2890000008],[114527.22100000083,459810.00499999896],[114532.25899999961,459800.71299999952],[114543.76399999857,459779.49399999902],[114544.9140000008,459780.11800000072]]],[[[114648.53099999949,459845.42300000042],[114650.56500000134,459846.38599999994],[114653.02199999988,459848.13699999824],[114655.99799999967,459849.88500000164],[114659.6400000006,459850.57699999958],[114661.11800000072,459851.31300000101],[114663.86100000143,459852.43600000069],[114664.72899999842,459853.19399999827],[114664.75699999928,459853.6090000011],[114662.78099999949,459857.88100000098],[114657.60399999842,459869.09400000051],[114650.14699999988,459883.68200000003],[114645.88300000131,459890.62900000066],[114641.83799999952,459895.57400000095],[114639.81899999827,459901.61400000006],[114626.64400000125,459928.93100000173],[114590.71900000051,459998.6259999983],[114589.71900000051,460000.56700000167],[114582.22800000012,460013.46799999848],[114580.02600000054,460018.18400000036],[114562.42399999872,460051.99500000104],[114547.73000000045,460077.14999999851],[114536.75600000098,460098.8040000014],[114503.90900000185,460160.02800000086],[114499.16299999878,460170.14999999851],[114492.69999999925,460180.65100000054],[114477.15799999982,460209.17000000179],[114446.09600000083,460269.08799999952],[114438.31399999931,460282.96700000018],[114427.39900000021,460301.41299999878],[114426.43400000036,460302.87449999899],[114425.6810999997,460304.01460000128],[114425.37079999968,460304.48449999839],[114424.38039999828,460305.98420000076],[114420.45699999854,460311.92599999905],[114411.63699999824,460329.25600000098],[114403.51900000125,460344.6240000017],[114392.36699999869,460363.56899999827],[114385.84400000051,460375.73699999973],[114384.29199999943,460378.08399999887],[114381.67100000009,460380.54600000009],[114379.3909999989,460383.39799999818],[114376.7340000011,460392.58100000024],[114372.37299999967,460403.04500000179],[114364.85000000149,460417.91000000015],[114355.14600000158,460434.54399999976],[114351.60099999979,460441.91000000015],[114341.82999999821,460461.08100000024],[114328.64999999851,460484.27800000086],[114320.32899999991,460498.4840000011],[114318.52299999818,460501.56700000167],[114307.31500000134,460521.69900000095],[114298.68299999833,460534.49500000104],[114288.57800000161,460549.00299999863],[114278.39600000158,460566.38300000131],[114273.10700000077,460577.23200000077],[114269.54600000009,460583.4849999994],[114268.11699999869,460587.89299999923],[114266.71200000122,460591.40799999982],[114263.52800000086,460597.53400000185],[114259.62299999967,460604.57899999991],[114252.4840000011,460618.27199999988],[114219.63899999857,460678.01099999994],[114198.49799999967,460714.09800000116],[114188.79100000113,460731.17399999872],[114187.2089000009,460733.45690000057],[114182.25899999961,460740.59899999946],[114177.65199999884,460748.50499999896],[114175.04199999943,460751.82699999958],[114174.02299999818,460751.68400000036],[114173.05299999937,460750.86199999973],[114168.17000000179,460746.34499999881],[114163.07400000095,460742.34200000018],[114159.30900000036,460739.07200000063],[114158.28500000015,460737.09400000051],[114158.11499999836,460736.25699999928],[114158.1950000003,460735.38599999994],[114159.07400000095,460733.08999999985],[114159.87000000104,460731.19399999827],[114160.52199999988,460727.53299999982],[114157.69799999893,460724.77499999851],[114154.27600000054,460721.81899999827],[114154.33399999887,460720.23200000077],[114151.18200000003,460717.72599999979],[114143.94099999964,460712.49599999934],[114140.04500000179,460710.14299999923],[114135.67500000075,460706.46599999815],[114134.42799999937,460702.88100000098],[114133.2650000006,460697.98800000176],[114131.82699999958,460695.20399999991],[114127.20800000057,460690.66899999976],[114122.50200000033,460687.58100000024],[114116.13800000027,460682.78000000119],[114111.58300000057,460678.93499999866],[114110.73200000077,460677.85500000045],[114110.68400000036,460677.42500000075],[114110.81300000101,460676.98200000077],[114116.75600000098,460669.63899999857],[114123.51399999857,460658.05299999937],[114129.64779999852,460646.65890000015],[114130.20600000024,460645.62200000137],[114138.71799999848,460631.09899999946],[114145.43699999899,460620.60200000182],[114148.55700000003,460616.65599999949],[114151.48600000143,460613.88899999857],[114153.16699999943,460610.83799999952],[114153.9299999997,460605.13399999961],[114157.07800000161,460598.15300000086],[114172.41499999911,460570.95199999958],[114176.71000000089,460563.62900000066],[114180.64400000125,460556.08300000057],[114188.91600000113,460542.46299999952],[114197.79399999976,460528.88500000164],[114204.875,460515.70100000128],[114212.35200000182,460501.38899999857],[114212.58999999985,460500.93299999833],[114213.81700000167,460498.96999999881],[114214.42599999905,460498.35799999908],[114215.62299999967,460497.56899999827],[114220.72300000116,460488.86699999869],[114220.94799999893,460485.89600000158],[114220.25899999961,460484.13399999961],[114223.24799999967,460477.63699999824],[114232.49199999869,460460.95399999991],[114252.31100000069,460425.70600000024],[114260.24599999934,460411.11100000143],[114266.97800000012,460398.33199999854],[114273.84299999848,460386.03299999982],[114282.67100000009,460371.07200000063],[114298.06899999827,460345.88800000027],[114301.08999999985,460338.89799999818],[114303.22100000083,460335.31399999931],[114304.92500000075,460333.06500000134],[114307.43499999866,460330.78799999878],[114309.86400000006,460329.30600000173],[114313.00200000033,460327.67700000107],[114317.2109999992,460324.69900000095],[114322.5390000008,460319.81399999931],[114327.2490000017,460314.33999999985],[114332.06500000134,460307.7109999992],[114336.75400000066,460298.00800000131],[114340.69999999925,460291.15500000119],[114351.24300000072,460272.10000000149],[114353.45600000024,460265.93499999866],[114363.85300000012,460247.22899999842],[114365.55900000036,460243.46700000018],[114369.61499999836,460235.64699999988],[114386.5700000003,460201.47599999979],[114392.46700000018,460191.23900000006],[114400.16299999878,460177.48800000176],[114413.82200000063,460152.52899999917],[114415.46400000155,460147.71400000155],[114415.57600000128,460147.07999999821],[114420.57699999958,460139.30099999905],[114421.55200000107,460137.32999999821],[114432.625,460117.45899999887],[114435.25800000131,460112.01900000125],[114454.56399999931,460078.12999999896],[114457.25800000131,460072.62000000104],[114458.99020000175,460069.51309999824],[114465.19099999964,460058.39200000092],[114482.13100000098,460026.56300000101],[114495.81300000101,460001.4140000008],[114514.625,459965.54800000042],[114521.05700000003,459954.32400000095],[114532.33300000057,459933.37799999863],[114540.58799999952,459917.55999999866],[114550.81899999827,459899.01199999824],[114559.34400000051,459882.05600000173],[114563.24799999967,459875.58399999887],[114574.78700000048,459853.18400000036],[114583.37999999896,459835.95100000128],[114593.60099999979,459819.36800000072],[114594.25899999961,459818.83199999854],[114594.98699999973,459818.51399999857],[114595.5390000008,459818.61600000039],[114596.28299999982,459819.07299999893],[114598.43699999899,459821.10700000077],[114604.2109999992,459823.99300000072],[114604.25499999896,459824.06799999997],[114604.55999999866,459828.72199999914],[114606.74799999967,459830.20600000024],[114608.90199999884,459831.13199999928],[114610.94999999925,459830.90500000119],[114613.27100000158,459830.15599999949],[114615.47899999842,459829.02699999884],[114616.39900000021,459828.71200000122],[114619.81300000101,459829.62799999863],[114634.77400000021,459838.41099999845],[114636.53299999982,459840.7340000011],[114637.32999999821,459842.86699999869],[114639.37999999896,459844.73299999908],[114643.74700000137,459845.40700000152],[114647.54300000146,459845.07600000128],[114648.53099999949,459845.42300000042]]],[[[114072.42100000009,461086.67199999839],[114057.56199999899,461099.97800000012],[114049.24500000104,461105.53299999982],[114045.92100000009,461105.8759999983],[114044.28799999878,461106.35599999875],[114040.70499999821,461105.78000000119],[114041.49599999934,461103.95199999958],[114042.50800000131,461100.50299999863],[114044.87200000137,461089.28700000048],[114045.77699999884,461085.89999999851],[114047.46700000018,461085.96499999985],[114051.27800000086,461085.19000000134],[114055.10000000149,461083.70499999821],[114054.84400000051,461079.27100000158],[114053.89999999851,461077.36699999869],[114053.66000000015,461074.77499999851],[114054.3900000006,461071.37099999934],[114051.65399999917,461068.33999999985],[114050.34699999914,461065.31399999931],[114048.81300000101,461059.01099999994],[114048.83399999887,461050.36100000143],[114047.35799999908,461047.11899999902],[114047.30999999866,461046.58300000057],[114047.99399999902,461044.64699999988],[114049.22599999979,461042.33900000155],[114045.48699999973,461032.77299999818],[114044.09600000083,461028.20600000024],[114044.01000000164,461022.69299999997],[114043.40300000086,461019.75400000066],[114043.14299999923,461015.16800000146],[114043.38599999994,461009.25600000098],[114044.55099999905,461006.62200000137],[114047.00200000033,461003.66699999943],[114048.52100000158,461002.06300000101],[114052.04199999943,460998.34600000083],[114059.30299999937,460991.33999999985],[114074.31399999931,460978.03400000185],[114101.15300000086,460951.88599999994],[114116.82600000128,460937.14699999988],[114135.54500000179,460918.90300000086],[114149.84600000083,460904.5540000014],[114166.99799999967,460889.55900000036],[114178.76000000164,460879.59299999848],[114192.42300000042,460866.41699999943],[114204.28999999911,460855.71900000051],[114206.02899999917,460855.61899999902],[114207.53999999911,460857.10399999842],[114211.11100000143,460861.73699999973],[114215.64999999851,460869.94700000063],[114219.24300000072,460872.00899999961],[114222.53400000185,460870.08999999985],[114224.61800000072,460867.93499999866],[114224.74100000039,460864.25499999896],[114222.61100000143,460860.68299999833],[114219.98800000176,460856.72700000182],[114215.22700000182,460848.00600000098],[114214.99300000072,460846.72800000012],[114215.60700000077,460843.60300000012],[114218.34200000018,460839.38500000164],[114224.44700000063,460830.62299999967],[114231.86600000039,460821.32600000128],[114238.69799999893,460809.54500000179],[114243.31300000101,460801.30999999866],[114249.22700000182,460792.88399999961],[114260.69099999964,460777.30600000173],[114264.85700000077,460770.71700000018],[114269.40100000054,460762.49799999967],[114284.25,460737.90199999884],[114291.45100000128,460727.18600000069],[114302.14299999923,460709.43899999931],[114308.03099999949,460700.88500000164],[114314.21000000089,460689.86899999902],[114322.32699999958,460676.34200000018],[114326.32400000095,460668.8590000011],[114330.65100000054,460661.93800000101],[114333.81100000069,460655.85399999842],[114336.11300000176,460649.52199999988],[114339.93800000101,460642.40500000119],[114350.12299999967,460627.39999999851],[114352.89200000092,460621.95800000057],[114357.96499999985,460611.05299999937],[114361.15500000119,460606.07400000095],[114365.72500000149,460600.23800000176],[114369.43299999833,460595.0709999986],[114370.87999999896,460592.29300000146],[114370.78299999982,460590.11300000176],[114372.44900000095,460584.22500000149],[114375.39799999818,460578.12299999967],[114378.86600000039,460572.87299999967],[114381.59299999848,460569.11800000072],[114385.06300000101,460565.25200000033],[114386.1259999983,460561.30000000075],[114386.96700000018,460559.03099999949],[114390.41499999911,460553.52800000086],[114392.68899999931,460550.59200000018],[114394.82400000095,460545.46599999815],[114399.43200000003,460536.66299999878],[114404.29399999976,460528.15100000054],[114406.92000000179,460524.10300000012],[114409.01700000092,460521.42300000042],[114413.91600000113,460511.45199999958],[114415.99599999934,460505.47300000116],[114418.13599999994,460501.39299999923],[114426.56199999899,460485.32899999991],[114434.57699999958,460471.40599999949],[114440.67399999872,460460.41899999976],[114449.58300000057,460444.88399999961],[114455.34499999881,460434.26300000027],[114470.52800000086,460408.54600000009],[114484.65599999949,460383.98800000176],[114490.94799999893,460373.92000000179],[114496.1090000011,460366.94399999827],[114498.8900000006,460363.53999999911],[114500.35200000182,460360.13100000098],[114500.8049999997,460355.40100000054],[114500.03200000152,460352.03200000152],[114497.08399999887,460348.50600000098],[114484.25899999961,460340.74300000072],[114474.72800000012,460336.66299999878],[114463.56899999827,460331.30099999905],[114454.24300000072,460326.23999999836],[114441.61879999936,460318.89389999956],[114439.99500000104,460317.94900000095],[114439.23800000176,460317.13800000027],[114438.80000000075,460314.91499999911],[114439.10319999978,460313.97419999912],[114439.26099999994,460313.4849999994],[114442.98800000176,460305.60500000045],[114446.35700000077,460298.91499999911],[114447.22300000116,460296.53599999845],[114451.96499999985,460285.57899999991],[114455.0159999989,460278.86199999973],[114461.0150000006,460267.90100000054],[114465.1790000014,460262.05799999833],[114470.04199999943,460254.66200000048],[114479.72199999914,460236.38199999928],[114488.11600000039,460219.86800000072],[114502.56199999899,460191.89900000021],[114513.53299999982,460169.12799999863],[114524.55700000003,460148.7650000006],[114537.64299999923,460125.77899999917],[114569.4459999986,460067.73999999836],[114574.62000000104,460055.43899999931],[114575.92500000075,460052.61899999902],[114580.47800000012,460045.52199999988],[114588.13300000131,460029.52499999851],[114591.63800000027,460024.35599999875],[114593.60799999908,460021.22700000182],[114602.55000000075,460006.41899999976],[114605.22300000116,460001.32999999821],[114612.70800000057,459985.20899999887],[114617.55299999937,459974.29199999943],[114619.66600000113,459969.81100000069],[114635.64400000125,459940.22800000012],[114641.95499999821,459929.9299999997],[114644.6799999997,459923.41499999911],[114645.85799999908,459920.17000000179],[114648.52199999988,459914.27400000021],[114651.02299999818,459909.17100000009],[114653.07899999991,459906.72700000182],[114656.83100000024,459900.20399999991],[114657.50400000066,459897.21599999815],[114676.25400000066,459864.25600000098],[114677.78299999982,459861.56799999997],[114736.09930000082,459880.25120000169],[114740.86800000072,459881.77899999917],[114791.71299999952,459905.6790000014],[114819.74100000039,459846.05099999905],[114878.05099999905,459873.45899999887],[114905.87700000033,459820.93600000069],[114931.59800000116,459834.56199999899],[114928.8599999994,459839.73000000045],[114934.83500000089,459842.89600000158],[114730.90399999917,460236.93699999899],[114742.10390000045,460242.72780000046],[114768.28200000152,460256.26300000027],[114763.37739999965,460265.20960000157],[114629.16099999845,460510.0390000008],[114641.50490000099,460517.68910000101],[114656.4609999992,460526.95800000057],[114652.57999999821,460533.92599999905],[114644.58199999854,460548.23299999908],[114519.98600000143,460756.49700000137],[114404.89299999923,460948.89999999851],[114387.72800000012,460977.84499999881],[114374.6409999989,460997.68800000101],[114364.07299999893,461009.12700000033],[114355.55600000173,461018.24199999869],[114349.61600000039,461023.11800000072],[114347.87799999863,461024.54500000179],[114341.15300000086,461012.80999999866],[114337.45100000128,461008.86800000072],[114334.77400000021,461008.46299999952],[114333.10500000045,461009.00600000098],[114330.82499999925,461010.2650000006],[114326.89499999955,461011.64999999851],[114325.27499999851,461011.41600000113],[114324.4299999997,461011.20199999958],[114323.11199999973,461010.57800000161],[114322.52600000054,461009.93299999833],[114321.77699999884,461008.70399999991],[114318.15599999949,461001.4849999994],[114316.19399999827,460998.39299999923],[114314.30000000075,460995.40799999982],[114313.29500000179,460993.125],[114313.30000000075,460992.64900000021],[114313.83900000155,460989.55099999905],[114315.48600000143,460986.30700000003],[114318.26300000027,460981.57800000161],[114319.89499999955,460978.34499999881],[114320.51900000125,460976.26199999824],[114320.12200000137,460973.97800000012],[114318.23000000045,460971.29600000009],[114316.33399999887,460969.79399999976],[114313.02899999917,460969.11699999869],[114310.50499999896,460969.50299999863],[114308.05999999866,460970.97899999842],[114306.51799999923,460972.16299999878],[114304.42399999872,460974.22700000182],[114304.36600000039,460974.20600000024],[114303.44700000063,460973.48200000077],[114295.79699999839,460962.53500000015],[114293.25400000066,460957.30000000075],[114291.78200000152,460953.53999999911],[114290.76999999955,460949.71400000155],[114290.76300000027,460949.39400000125],[114291.00299999863,460948.11400000006],[114291.32400000095,460947.16099999845],[114293.2490000017,460943.54800000042],[114295.06300000101,460940.6959999986],[114300.48600000143,460933.51700000092],[114306.53200000152,460926.0009999983],[114307.15500000119,460924.80600000173],[114307.5700000003,460923.24199999869],[114307.42500000075,460921.1400000006],[114306.88899999857,460918.8599999994],[114305.68400000036,460917.22599999979],[114305.65650000051,460917.20399999991],[114304.19000000134,460916.03299999982],[114302.31300000101,460915.24300000072],[114299.56599999964,460915.02400000021],[114297.14299999923,460916.55299999937],[114290.42500000075,460923.68699999899],[114282.16899999976,460931.94000000134],[114278.00499999896,460936.54300000146],[114277.7890000008,460936.70699999854],[114277.3759999983,460936.89600000158],[114277.32499999925,460936.90500000119],[114276.76900000125,460936.53999999911],[114275.46000000089,460935.13399999961],[114270.97800000012,460928.46000000089],[114269.93499999866,460926.2340000011],[114269.63399999961,460925.02100000158],[114267.67399999872,460920.20499999821],[114264.84600000083,460917.59800000116],[114259.88100000098,460914.39999999851],[114256.51700000092,460912.58199999854],[114252.06899999827,460912.94799999893],[114246.19799999893,460917.63199999928],[114243.20100000128,460919.77400000021],[114239.91499999911,460921.78700000048],[114238.88399999961,460927.20800000057],[114237.80000000075,460929.82899999991],[114234.54800000042,460933.59899999946],[114227.85700000077,460940.64600000158],[114218.53599999845,460949.66299999878],[114208.40199999884,460959.0150000006],[114199.19900000095,460967.78700000048],[114185.68400000036,460979.85200000182],[114171.83300000057,460992.61199999973],[114166.46700000018,460997.85399999842],[114158.69799999893,461005.44200000167],[114146.52299999818,461016.69700000063],[114133.93899999931,461027.16099999845],[114121.03299999982,461038.14699999988],[114110.55799999833,461049.6259999983],[114103.67100000009,461056.65100000054],[114092.63100000098,461066.48099999875],[114072.42100000009,461086.67199999839]]]]},"properties":{"ORACLE_OBJECTID":1789,"CODE":"PAW_OR-4.10.OB11","NAAM":"Polder Nieuwkoop en Noorden","STATUSOBJECT":"gerealiseerd","SOORTPEILGEBIED":"Onderbemaling","SOORTAFWATERING":"Bemalen","PEILBEHERENDEINSTANTIE":"KADASTRAAL EIGENAAR","OPPERVLAKTE":393510,"OMTREK":6955,"OPMERKING":"OR-4.10.OB12 is bij PAW_OR-4.10.OB11 gevoegd","HYPERLINK":null,"ONTHEFFING":"V59280","SOORTPEILBEHEER":"dynamisch peil","VASTPEIL":-2.1499999999999999,"ZOMERPEIL":null,"WINTERPEIL":null,"FLEXZOMERPEILONDERGRENS":-2.1499999999999999,"FLEXZOMERPEILBOVENGRENS":null,"FLEXWINTERPEILONDERGRENS":-2.1499999999999999,"FLEXWINTERPEILBOVENGRENS":null,"ZOMERPEILTEKST":"bov: / ond:-2.15","WINTERPEILTEKST":"bov: / ond:-2.15","INWINNENDEINSTANTIE":"Hoogheemraadschap van Rijnland","METENDEINSTANTIE":null,"INWINNINGSMETHODE":null,"DIMENSIE":"2D","NAUWKEURIGHEIDXY":null,"NAUWKEURIGHEIDZ":null,"DATUMINWINNING":1408665600000,"GEOKPOBJECTID":122,"LAST_EDITED_DATE":1753347623000,"STATUSPEILGEBIED":"Vigerend definitief","SHAPE_AREA":0,"SHAPE_LEN":0,"BEVAT":null,"VOERTAFOP":null,"LONGITUDE":4.7955350599999997,"LATITUDE":52.130705849999998,"XCOORDINAAT":114487.77,"YCOORDINAAT":460442.91999999998,"VASTBEHEERMARGEBOVEN":null,"VASTBEHEERMARGEONDER":null,"ZPBEHEERMARGEBOVEN":null,"ZPBEHEERMARGEONDER":null,"WPBEHEERMARGEONDER":null,"WPBEHEERMARGEBOVEN":null,"FLEXZPONDERBEHEERMARGEBOVEN":null,"FLEXZPONDERBEHEERMARGEONDER":null,"FLEXZPBOVENBEHEERMARGEBOVEN":null,"FLEXZPBOVENBEHEERMARGEONDER":null,"FLEXWPONDERBEHEERMARGEBOVEN":null,"FLEXWPONDERBEHEERMARGEONDER":null,"FLEXWPBOVENBEHEERMARGEBOVEN":null,"FLEXWPBOVENBEHEERMARGEONDER":null,"OBJECTID2":138}},{"type":"Feature","id":140,"geometry":{"type":"Polygon","coordinates":[[[97010.605099998415,458484.36389999837],[97009.67179999873,458484.61989999935],[97008.671000000089,458485.1875],[97007.264100000262,458486.22500000149],[97006.065999999642,458486.9384999983],[97004.984999999404,458487.47030000016],[97003.90569999814,458487.71539999917],[97002.740200001746,458487.90089999884],[96999.993099998683,458487.96770000085],[96999.214800000191,458487.95600000024],[96997.756700001657,458487.83040000126],[96996.421700000763,458487.59180000052],[96995.374699998647,458487.35190000013],[96994.386399999261,458487.02389999852],[96993.225699998438,458486.45199999958],[96991.863899998367,458485.65100000054],[96987.914799999446,458481.74289999902],[96987.070300001651,458481.01700000092],[96986.154199998826,458480.47329999879],[96985.159899998456,458480.07930000126],[96984.016899999231,458479.86910000071],[96982.813299998641,458479.75329999998],[96981.063099998981,458479.84380000085],[96979.764400001615,458480.10909999907],[96978.433200001717,458480.42540000007],[96973.424400001764,458482.33740000054],[96972.357599999756,458482.68070000038],[96971.435699999332,458482.86419999972],[96970.50569999963,458482.96700000018],[96969.332499999553,458483.01040000096],[96968.22500000149,458482.7835999988],[96966.844099998474,458482.52800000086],[96965.640500001609,458482.47549999878],[96964.122099999338,458482.12409999967],[96954.548399999738,458477.92960000038],[96952.722300000489,458477.4589000009],[96951.197399999946,458477.23220000044],[96950.267900001258,458477.13749999925],[96949.167100001127,458476.89550000057],[96948.325199998915,458476.43870000169],[96947.837799999863,458475.93430000171],[96946.6464000009,458474.76520000026],[96945.713700000197,458474.02459999919],[96944.608199998736,458473.57200000063],[96941.998700000346,458473.24839999899],[96928.069400001317,458473.19179999828],[96926.587000001222,458473.29789999872],[96925.392000000924,458473.45270000026],[96924.241000000387,458473.69150000066],[96921.389100000262,458474.28920000046],[96920.664700001478,458474.34129999951],[96919.974399998784,458474.29459999874],[96911.575599998236,458473.52189999819],[96906.561299998313,458473.81830000132],[96905.290399998426,458473.91250000149],[96904.632199998945,458473.89409999922],[96904.240800000727,458473.73680000007],[96903.790399998426,458473.23680000007],[96902.137099999934,458470.45910000056],[96900.866000000387,458469.02030000091],[96899.972699999809,458468.28570000082],[96898.806200001389,458467.67599999905],[96897.049699999392,458467.56069999933],[96891.94849999994,458467.59090000018],[96889.256400000304,458467.55169999972],[96887.919500000775,458467.46159999818],[96886.937899999321,458467.41169999912],[96885.792500000447,458467.30000000075],[96884.546500001103,458467.11080000177],[96883.25549999997,458466.7239000015],[96880.887499999255,458465.92020000145],[96874.017400000244,458462.06140000001],[96871.665399998426,458460.15599999949],[96871.815999999642,458458.20499999821],[96888.136999998242,458246.83300000057],[96898.196899998933,458136.69139999896],[96903.655000001192,458076.93299999833],[96917.56799999997,457901.14600000158],[96917.835999999195,457734.45699999854],[96934.539599999785,457728.11470000073],[96971.840100001544,457719.55480000004],[97063.261500000954,457718.41939999908],[97074.774099998176,457718.27639999986],[97104.809900000691,457717.90340000018],[97102.168499998748,457745.19649999961],[97096.757199998945,457795.1026000008],[97087.517999999225,457872.28950000182],[97083.905799999833,457900.59059999883],[97077.663499999791,457949.49839999899],[97072.66270000115,457989.65370000154],[97069.710700001568,458013.35709999874],[97061.008299998939,458083.48919999972],[97053.781399998814,458141.00129999965],[97044.879399999976,458211.44880000129],[97036.883600000292,458277.42170000076],[97028.819899998605,458343.04630000144],[97026.66039999947,458359.90819999948],[97021.911600001156,458396.98820000142],[97020.463799998164,458408.29340000078],[97010.605099998415,458484.36389999837]]]},"properties":{"ORACLE_OBJECTID":1877,"CODE":"PAW_WW-10.OB02","NAAM":"OB Bremmer","STATUSOBJECT":"gerealiseerd","SOORTPEILGEBIED":"Onderbemaling","SOORTAFWATERING":"Bemalen","PEILBEHERENDEINSTANTIE":"VERGUNNINGHOUDER","OPPERVLAKTE":120478,"OMTREK":1839,"OPMERKING":"Peil zoals vermeld in vergunning","HYPERLINK":null,"ONTHEFFING":"V50860","SOORTPEILBEHEER":"vast peil","VASTPEIL":-2.4700000000000002,"ZOMERPEIL":null,"WINTERPEIL":null,"FLEXZOMERPEILONDERGRENS":null,"FLEXZOMERPEILBOVENGRENS":null,"FLEXWINTERPEILONDERGRENS":null,"FLEXWINTERPEILBOVENGRENS":null,"ZOMERPEILTEKST":"-2.47","WINTERPEILTEKST":"-2.47","INWINNENDEINSTANTIE":"Hoogheemraadschap van Rijnland","METENDEINSTANTIE":null,"INWINNINGSMETHODE":"digitaliseren","DIMENSIE":"2D","NAUWKEURIGHEIDXY":null,"NAUWKEURIGHEIDZ":null,"DATUMINWINNING":1606953600000,"GEOKPOBJECTID":41281,"LAST_EDITED_DATE":1744725508000,"STATUSPEILGEBIED":"Vigerend definitief","SHAPE_AREA":0,"SHAPE_LEN":0,"BEVAT":null,"VOERTAFOP":null,"LONGITUDE":4.5403812200000004,"LATITUDE":52.108116989999999,"XCOORDINAAT":96988.240000000005,"YCOORDINAAT":458102.94,"VASTBEHEERMARGEBOVEN":null,"VASTBEHEERMARGEONDER":null,"ZPBEHEERMARGEBOVEN":null,"ZPBEHEERMARGEONDER":null,"WPBEHEERMARGEONDER":null,"WPBEHEERMARGEBOVEN":null,"FLEXZPONDERBEHEERMARGEBOVEN":null,"FLEXZPONDERBEHEERMARGEONDER":null,"FLEXZPBOVENBEHEERMARGEBOVEN":null,"FLEXZPBOVENBEHEERMARGEONDER":null,"FLEXWPONDERBEHEERMARGEBOVEN":null,"FLEXWPONDERBEHEERMARGEONDER":null,"FLEXWPBOVENBEHEERMARGEBOVEN":null,"FLEXWPBOVENBEHEERMARGEONDER":null,"OBJECTID2":140}},{"type":"Feature","id":142,"geometry":{"type":"Polygon","coordinates":[[[116776.78299999982,464736.69099999964],[116776.61899999902,464736.93100000173],[116775.88899999857,464737.99599999934],[116774.45499999821,464739.76199999824],[116773.40100000054,464740.75499999896],[116771.75600000098,464742.3049999997],[116770.4140000008,464743.34800000116],[116768.73600000143,464744.43800000101],[116766.12299999967,464745.77299999818],[116763.56100000069,464746.61300000176],[116759.21700000018,464747.65599999949],[116754.34800000116,464748.38800000027],[116749.47100000083,464749.12099999934],[116736.85420000181,464750.47049999982],[116719.0859999992,464752.37099999934],[116703.29980000108,464753.92399999872],[116672.94700000063,464756.91000000015],[116616.01449999958,464762.25580000132],[116605.96900000051,464763.19900000095],[116600.11210000142,464763.78500000015],[116573.09600000083,464766.48800000176],[116561.37700000033,464768.05900000036],[116546.52950000018,464770.21620000154],[116546.16530000046,464767.72410000116],[116545.1090000011,464760.45399999991],[116542.60099999979,464744.8359999992],[116542.30000000075,464742.95100000128],[116542.05900000036,464741.43499999866],[116541.61699999869,464738.67300000042],[116552.9140000008,464737.12999999896],[116560.30000000075,464736.12099999934],[116561.32699999958,464732.89400000125],[116594.99700000137,464627.07699999958],[116595.61499999836,464625.13300000131],[116596.58300000057,464622.09200000018],[116610.64299999923,464626.19399999827],[116628.67399999872,464632.08500000089],[116661.88199999928,464640.59600000083],[116686.78700000048,464644.99700000137],[116728.62799999863,464652.35500000045],[116795.30189999938,464664.03200000152],[116793.55900000036,464673.9459999986],[116791.10099999979,464687.92599999905],[116786.36400000006,464715.18299999833],[116782.61470000073,464736.75450000167],[116777.34010000154,464735.62159999833],[116776.78299999982,464736.69099999964]]]},"properties":{"ORACLE_OBJECTID":1825,"CODE":"PAW_OR-4.09.HW17","NAAM":"Polder Nieuwkoop","STATUSOBJECT":"gerealiseerd","SOORTPEILGEBIED":"Hoogwatervoorziening","SOORTAFWATERING":"Gestuwd","PEILBEHERENDEINSTANTIE":"VERGUNNINGHOUDER","OPPERVLAKTE":24633,"OMTREK":689,"OPMERKING":null,"HYPERLINK":null,"ONTHEFFING":"V61934","SOORTPEILBEHEER":"vast peil","VASTPEIL":-5.0300000000000002,"ZOMERPEIL":null,"WINTERPEIL":null,"FLEXZOMERPEILONDERGRENS":null,"FLEXZOMERPEILBOVENGRENS":null,"FLEXWINTERPEILONDERGRENS":null,"FLEXWINTERPEILBOVENGRENS":null,"ZOMERPEILTEKST":"-5.03","WINTERPEILTEKST":"-5.03","INWINNENDEINSTANTIE":"Hoogheemraadschap van Rijnland","METENDEINSTANTIE":null,"INWINNINGSMETHODE":"digitaliseren","DIMENSIE":"2D","NAUWKEURIGHEIDXY":null,"NAUWKEURIGHEIDZ":null,"DATUMINWINNING":1467936000000,"GEOKPOBJECTID":105,"LAST_EDITED_DATE":1755263152000,"STATUSPEILGEBIED":"Vigerend definitief","SHAPE_AREA":0,"SHAPE_LEN":0,"BEVAT":null,"VOERTAFOP":null,"LONGITUDE":4.8269023200000003,"LATITUDE":52.169087580000003,"XCOORDINAAT":116668.46000000001,"YCOORDINAAT":464696.15000000002,"VASTBEHEERMARGEBOVEN":null,"VASTBEHEERMARGEONDER":null,"ZPBEHEERMARGEBOVEN":null,"ZPBEHEERMARGEONDER":null,"WPBEHEERMARGEONDER":null,"WPBEHEERMARGEBOVEN":null,"FLEXZPONDERBEHEERMARGEBOVEN":null,"FLEXZPONDERBEHEERMARGEONDER":null,"FLEXZPBOVENBEHEERMARGEBOVEN":null,"FLEXZPBOVENBEHEERMARGEONDER":null,"FLEXWPONDERBEHEERMARGEBOVEN":null,"FLEXWPONDERBEHEERMARGEONDER":null,"FLEXWPBOVENBEHEERMARGEBOVEN":null,"FLEXWPBOVENBEHEERMARGEONDER":null,"OBJECTID2":142}},{"type":"Feature","id":143,"geometry":{"type":"Polygon","coordinates":[[[112482.37999999896,464173.86199999973],[112480.82800000161,464177.41800000146],[112482.27100000158,464180.9609999992],[112482.50400000066,464182.59800000116],[112482.51700000092,464183.3209999986],[112481.57499999925,464188.25200000033],[112475.75499999896,464204.54199999943],[112461.09600000083,464243.88399999961],[112449.02800000086,464277.56700000167],[112436.96299999952,464309.13800000027],[112429.89400000125,464327.1240000017],[112426.03599999845,464338.11499999836],[112419.32899999991,464356.37099999934],[112414.09200000018,464367.69099999964],[112413.7349999994,464368.38399999961],[112410.1640000008,464367.00600000098],[112352.68699999899,464344.8209999986],[112293.28400000185,464322.02400000021],[112234.44799999893,464299.39299999923],[112214.93910000101,464291.78489999846],[112170.5549999997,464274.47599999979],[112107.5549999997,464250.15700000152],[112063.56500000134,464232.94200000167],[112009.48299999908,464212.00299999863],[112006.31500000134,464210.77600000054],[112011.28400000185,464195.59899999946],[112017.34200000018,464177.67399999872],[112025.30000000075,464156.57699999958],[112031.69799999893,464140.25299999863],[112042.21499999985,464110.15199999884],[112045.625,464102.40300000086],[112048.55600000173,464098.35599999875],[112050.34200000018,464092.18100000173],[112051.05999999866,464087.86499999836],[112054.85799999908,464076.14799999818],[112067.09499999881,464043.63899999857],[112071.40599999949,464030.43100000173],[112074.27600000054,464023.22599999979],[112076.35500000045,464020.10700000077],[112077.14999999851,464017.81500000134],[112077.23600000143,464014.62799999863],[112082.38699999824,464001.06500000134],[112086.32400000095,463990.6959999986],[112091.67500000075,463983.71700000018],[112102.88599999994,463957.44299999997],[112109.9849999994,463950.93600000069],[112115.00200000033,463937.35399999842],[112127.8759999983,463902.69000000134],[112130.60399999842,463893.79399999976],[112138.3200000003,463868.6409999989],[112140.89999999851,463861.71799999848],[112138.7659999989,463860.88599999994],[112137.35700000077,463860.0540000014],[112137.09099999815,463859.7490000017],[112136.66699999943,463857.90900000185],[112136.61699999869,463856.85000000149],[112137.43299999833,463853.7890000008],[112139.85200000182,463846.56300000101],[112144.3900000006,463833.95899999887],[112146.56500000134,463829.5700000003],[112149.11100000143,463826.18800000101],[112150.03599999845,463823.76099999994],[112150.67500000075,463820.34200000018],[112157.67799999937,463798.71000000089],[112159.16099999845,463794.90199999884],[112160.63899999857,463792.06899999827],[112161.60599999875,463790.84600000083],[112161.80299999937,463790.83500000089],[112183.41099999845,463798.90500000119],[112221.85099999979,463813.88300000131],[112271.52600000054,463832.19900000095],[112285.97199999914,463837.73699999973],[112336.67500000075,463856.57800000161],[112371.86089999974,463870.28620000184],[112399.84600000083,463881.18899999931],[112463.51900000125,463906.14200000092],[112529.17799999937,463931.24399999902],[112563.85300000012,463944.44900000095],[112571.76700000092,463947.46299999952],[112565.80700000003,463963.34499999881],[112561.06799999997,463976.9609999992],[112558.0549999997,463982.3200000003],[112553.18699999899,463995.04699999839],[112551.94700000063,463999.12799999863],[112546.61199999973,464016.68200000003],[112544.47300000116,464022.39900000021],[112536.4990000017,464041.61699999869],[112532.8599999994,464051.15900000185],[112529.63800000027,464061.11100000143],[112527.91000000015,464065.46000000089],[112519.13800000027,464087.62700000033],[112515.2659999989,464099.09299999848],[112508.56599999964,464117.02499999851],[112502.45499999821,464134.4290000014],[112488.30700000003,464169.78999999911],[112487.34699999914,464171.9140000008],[112486.50899999961,464172.6640000008],[112485.61300000176,464173.10799999908],[112485.30299999937,464173.04399999976],[112482.37999999896,464173.86199999973]]]},"properties":{"ORACLE_OBJECTID":1804,"CODE":"PAW_OR-4.09.OB39","NAAM":"OB D. Bos","STATUSOBJECT":"gerealiseerd","SOORTPEILGEBIED":"Onderbemaling","SOORTAFWATERING":"Bemalen","PEILBEHERENDEINSTANTIE":"VERGUNNINGHOUDER","OPPERVLAKTE":196389,"OMTREK":1783,"OPMERKING":null,"HYPERLINK":"https://zoek.officielebekendmakingen.nl/wsb-2014-2668.html","ONTHEFFING":"V59083","SOORTPEILBEHEER":"dynamisch peil","VASTPEIL":-6.4900000000000002,"ZOMERPEIL":null,"WINTERPEIL":null,"FLEXZOMERPEILONDERGRENS":-6.4900000000000002,"FLEXZOMERPEILBOVENGRENS":-5.9800000000000004,"FLEXWINTERPEILONDERGRENS":-6.4900000000000002,"FLEXWINTERPEILBOVENGRENS":-5.9800000000000004,"ZOMERPEILTEKST":"bov:-5.98 / ond:-6.49","WINTERPEILTEKST":"bov:-5.98 / ond:-6.49","INWINNENDEINSTANTIE":"Hoogheemraadschap van Rijnland","METENDEINSTANTIE":null,"INWINNINGSMETHODE":null,"DIMENSIE":"2D","NAUWKEURIGHEIDXY":null,"NAUWKEURIGHEIDZ":null,"DATUMINWINNING":1398643200000,"GEOKPOBJECTID":98,"LAST_EDITED_DATE":1745409217000,"STATUSPEILGEBIED":"Vigerend definitief","SHAPE_AREA":0,"SHAPE_LEN":0,"BEVAT":null,"VOERTAFOP":null,"LONGITUDE":4.7629682799999999,"LATITUDE":52.163225130000001,"XCOORDINAAT":112289.03999999999,"YCOORDINAAT":464079.60999999999,"VASTBEHEERMARGEBOVEN":null,"VASTBEHEERMARGEONDER":null,"ZPBEHEERMARGEBOVEN":null,"ZPBEHEERMARGEONDER":null,"WPBEHEERMARGEONDER":null,"WPBEHEERMARGEBOVEN":null,"FLEXZPONDERBEHEERMARGEBOVEN":null,"FLEXZPONDERBEHEERMARGEONDER":null,"FLEXZPBOVENBEHEERMARGEBOVEN":null,"FLEXZPBOVENBEHEERMARGEONDER":null,"FLEXWPONDERBEHEERMARGEBOVEN":null,"FLEXWPONDERBEHEERMARGEONDER":null,"FLEXWPBOVENBEHEERMARGEBOVEN":null,"FLEXWPBOVENBEHEERMARGEONDER":null,"OBJECTID2":143}},{"type":"Feature","id":144,"geometry":{"type":"Polygon","coordinates":[[[114891.19200000167,460415.24599999934],[114888.44799999893,460416.86499999836],[114886.53500000015,460418.46599999815],[114884.45800000057,460421.56100000069],[114882.30200000107,460425.67300000042],[114880.05799999833,460429.35300000012],[114868.26000000164,460448.19799999893],[114864.42199999839,460456.11800000072],[114856.11600000039,460471.0009999983],[114854.21000000089,460476.62900000066],[114853.71299999952,460479.23099999875],[114852.11800000072,460482.9609999992],[114848.0709999986,460491.16699999943],[114840.2340000011,460504.375],[114835.93800000101,460510.34200000018],[114832.70399999991,460516.51300000027],[114829.98299999908,460520.72199999914],[114827.28999999911,460525.98900000006],[114825.78200000152,460529.33500000089],[114820.66000000015,460538.45800000057],[114815.94999999925,460547.9609999992],[114809.89900000021,460558.36400000006],[114801.62099999934,460570.74799999967],[114799.16699999943,460575.51900000125],[114796.13100000098,460584.09400000051],[114792.17700000107,460592.23000000045],[114787.86199999973,460600.29399999976],[114782.42300000042,460608.63800000027],[114777.52899999917,460615.69999999925],[114771.44999999925,460626.19999999925],[114764.34400000051,460637.36600000039],[114757.32499999925,460649.3599999994],[114749.55299999937,460661.35599999875],[114743.85300000012,460670.90599999949],[114739.0549999997,460679.81399999931],[114734.27299999818,460687.24100000039],[114727.23000000045,460699.77199999988],[114719.51799999923,460712.39999999851],[114706.43600000069,460735.98200000077],[114700.04300000146,460747.03599999845],[114692.22399999946,460759.30900000036],[114675.22500000149,460789.32600000128],[114668.25499999896,460801.05600000173],[114641.11800000072,460845.62299999967],[114633.53200000152,460859.56899999827],[114614.40199999884,460891.8740000017],[114604.60500000045,460908.09299999848],[114595.54600000009,460924.16800000146],[114584.84499999881,460940.53299999982],[114583.17100000009,460942.84699999914],[114574.77800000086,460958.53500000015],[114562.94000000134,460979.75899999961],[114552.30700000003,460998.50600000098],[114545.34499999881,461010.48999999836],[114524.15900000185,461045.76399999857],[114523.07600000128,461047.8740000017],[114521.49100000039,461049.97700000182],[114520.22500000149,461051.36400000006],[114514.33500000089,461062.48999999836],[114507.86100000143,461072.92700000107],[114506.41299999878,461075.72300000116],[114503.13899999857,461081.47399999946],[114493.93600000069,461096.50800000131],[114486.49300000072,461106.17700000107],[114461.34499999881,461139.93100000173],[114449.85500000045,461155.70199999958],[114434.17700000107,461175.02899999917],[114425.27499999851,461184.69900000095],[114421.98000000045,461187.85099999979],[114419.81599999964,461190.60799999908],[114419.1099999994,461192.18100000173],[114418.63399999961,461192.66499999911],[114417.73800000176,461193.36699999869],[114416.73800000176,461193.9450000003],[114415.91899999976,461194.26099999994],[114415.35099999979,461194.3759999983],[114415.02299999818,461194.33799999952],[114414.44700000063,461194.09600000083],[114413.83399999887,461193.71599999815],[114413.06799999997,461192.96200000122],[114410.82200000063,461190.12200000137],[114408.09899999946,461185.11800000072],[114405.78500000015,461180.22500000149],[114404.81700000167,461177.16699999943],[114404.76900000125,461176.13899999857],[114405.21700000018,461174.6799999997],[114406.2340000011,461171.99799999967],[114399.40199999884,461164.33100000024],[114398.59600000083,461163.08799999952],[114397.52199999988,461160.26900000125],[114397.37299999967,461159.81399999931],[114396.46799999848,461157.04500000179],[114395.19799999893,461153.16299999878],[114394.32299999893,461151.13899999857],[114393.87099999934,461150.09400000051],[114393.82400000095,461149.9849999994],[114434.76199999824,461103.66200000048],[114446.29199999943,461090.77800000086],[114455.8759999983,461077.78700000048],[114480.59200000018,461035.80700000003],[114493.79360000044,461013.71880000085],[114521.10119999945,460968.02809999883],[114543.44799999893,460930.63800000027],[114615.8740000017,460809.29899999872],[114656.5848999992,460740.86589999869],[114662.62310000136,460730.71599999815],[114683.91099999845,460694.93200000003],[114743.73800000176,460594.49199999869],[114790.10880000144,460509.35579999909],[114800.20399999991,460490.8209999986],[114826.83520000055,460440.64409999922],[114862.00299999863,460374.38300000131],[114921.96599999815,460263.35300000012],[114921.99799999967,460263.29300000146],[114956.57990000024,460198.54690000042],[114990.98800000176,460134.1259999983],[115035.99500000104,460050.17399999872],[115049.81899999827,460057.59499999881],[115051.1400000006,460058.3040000014],[115054.03200000152,460059.85700000077],[115055.625,460058.8909999989],[115057.375,460057.21700000018],[115060.80600000173,460050.41000000015],[115064.3900000006,460044.63899999857],[115074.38699999824,460027.28599999845],[115077.80900000036,460019.81199999899],[115077.94299999997,460019.64799999818],[115079.27699999884,460018.6959999986],[115080.24700000137,460018.21799999848],[115081.48800000176,460018.01700000092],[115083.94200000167,460018.27600000054],[115087.61899999902,460019.14600000158],[115090.08199999854,460020.22399999946],[115093.55600000173,460022.80700000003],[115095.51799999923,460023.31799999997],[115098.32400000095,460023.56599999964],[115099.85599999875,460024.07800000161],[115101.76399999857,460025.05600000173],[115102.47199999914,460025.8590000011],[115102.52499999851,460026.18200000003],[115102.28999999911,460028.15500000119],[115103.79899999872,460030.4849999994],[115105.85000000149,460031.95800000057],[115107.79500000179,460032.6409999989],[115110.3759999983,460032.91600000113],[115113.58199999854,460029.43100000173],[115114.58399999887,460028.67000000179],[115115.0150000006,460028.49199999869],[115120.41000000015,460027.83700000122],[115131.43400000036,460030.02800000086],[115141.41000000015,460033.29399999976],[115146.28200000152,460035.14600000158],[115154.89299999923,460039.05299999937],[115158.39400000125,460041.4840000011],[115162.15599999949,460045.0390000008],[115166.03599999845,460049.25600000098],[115170.03700000048,460052.68699999899],[115170.59499999881,460053.48299999908],[115167.83999999985,460057.28599999845],[115163.37900000066,460064.7659999989],[115162.45499999821,460066.68600000069],[115162.26099999994,460068.61100000143],[115163.16099999845,460070.84499999881],[115190.28599999845,460089.06799999997],[115167.57499999925,460125.9459999986],[115213.37999999896,460156.57400000095],[115186.28400000185,460197.09800000116],[115088.11100000143,460343.92000000179],[115040.72199999914,460415.33700000122],[115019.71900000051,460446.98800000176],[114958.11899999902,460553.44299999997],[114851.86400000006,460735.125],[114850.31300000101,460737.77699999884],[114829.3740000017,460726.55999999866],[114814.52899999917,460754.27199999988],[114739.39900000021,460891.9840000011],[114670.04800000042,461026.66499999911],[114645.06700000167,461072.95699999854],[114625.50200000033,461107.96799999848],[114585.01399999857,461169.44299999997],[114580.69700000063,461174.95100000128],[114568.42399999872,461165.7659999989],[114566.42599999905,461164.94999999925],[114564.68899999931,461165.00699999928],[114563.06300000101,461165.36499999836],[114562.84299999848,461165.36699999869],[114562.19099999964,461165.12099999934],[114556.80200000107,461161.38100000098],[114549.58199999854,461155.74100000039],[114545.2659999989,461152.44900000095],[114537.72899999842,461146.73699999973],[114534.71000000089,461144.9990000017],[114533.78299999982,461144.33999999985],[114530.66699999943,461140.97100000083],[114522.56199999899,461133.78599999845],[114522.19099999964,461133.23299999908],[114521.44700000063,461131.0540000014],[114520.28700000048,461128.95399999991],[114515.46999999881,461126.74700000137],[114513.83999999985,461126.28299999982],[114510.26799999923,461125.62200000137],[114508.89200000092,461125.03799999878],[114507.72700000182,461124.40300000086],[114504.99799999967,461122.2890000008],[114501.67799999937,461119.36100000143],[114500.94700000063,461118.17700000107],[114500.86100000143,461117.91200000048],[114500.7340000011,461116.7490000017],[114500.83500000089,461115.91899999976],[114501.625,461113.29199999943],[114511.40100000054,461094.89999999851],[114523.63399999961,461074.26900000125],[114526.92399999872,461069.81199999899],[114528.08700000122,461067.85099999979],[114532.63599999994,461056.99300000072],[114543.73099999875,461036.69399999827],[114559.69000000134,461010.61600000039],[114564.57600000128,461001.40599999949],[114566.3759999983,460998.0150000006],[114571.53400000185,460989.64900000021],[114584.29699999839,460969.90100000054],[114596.52800000086,460948.5549999997],[114606.11600000039,460931.01199999824],[114618.0009999983,460911.20800000057],[114625.5150000006,460899.04899999872],[114629.13399999961,460892.09499999881],[114638.31100000069,460877.67399999872],[114644.90599999949,460866.65100000054],[114652.29399999976,460853.04899999872],[114660.76999999955,460838.59099999815],[114670.3359999992,460822.89999999851],[114689.24799999967,460790.92599999905],[114698.46999999881,460775.96000000089],[114706.16699999943,460763.79300000146],[114714.65900000185,460748.59699999914],[114741.97300000116,460701.79600000009],[114753.05900000036,460685.04899999872],[114754.64699999988,460682.98200000077],[114755.82200000063,460681.96299999952],[114756.13599999994,460681.7659999989],[114758.5700000003,460682.44200000167],[114762.94099999964,460684.2659999989],[114766.10599999875,460680.36100000143],[114768.52800000086,460676.9459999986],[114768.53999999911,460674.20699999854],[114766.93600000069,460671.85099999979],[114765.94999999925,460670.07200000063],[114765.79199999943,460669.31100000069],[114765.80099999905,460668.53200000152],[114766.2659999989,460666.69099999964],[114767.30299999937,460665.00200000033],[114771.28500000015,460656.78700000048],[114776.5,460647.84099999815],[114783.39799999818,460635.54199999943],[114790.53500000015,460624.05299999937],[114794.24500000104,460616.65500000119],[114796.64799999818,460610.86499999836],[114798.18200000003,460607.47300000116],[114798.5,460607.08799999952],[114799.3359999992,460606.37299999967],[114803.02100000158,460599.83799999952],[114807.32800000161,460591.14600000158],[114812.70300000161,460581.99300000072],[114815.87099999934,460577.86800000072],[114819.9450000003,460571.56799999997],[114823.4609999992,460565.04300000146],[114827.7349999994,460557.67799999937],[114832.1400000006,460549.53500000015],[114839.70600000024,460534.7650000006],[114842.19999999925,460530.25],[114845.38300000131,460523.66800000146],[114847.3909999989,460518.13199999928],[114850.85200000182,460510.43499999866],[114856.25299999863,460501.55999999866],[114859.48999999836,460496.24100000039],[114865.13899999857,460487.41600000113],[114870.17599999905,460478.75899999961],[114874.00400000066,460473.47399999946],[114876.42599999905,460468.37099999934],[114883.21200000122,460458.75600000098],[114887.5009999983,460451.55299999937],[114891.79600000009,460445.19000000134],[114894.2490000017,460442.73800000176],[114894.85000000149,460442.35300000012],[114897.04899999872,460442.92100000009],[114897.98099999875,460439.03099999949],[114899.38500000164,460433.17199999839],[114901.16699999943,460433.59899999946],[114903.87000000104,460434.24700000137],[114911.72199999914,460436.77899999917],[114914.08500000089,460437.50600000098],[114921.40100000054,460439.44900000095],[114924.65500000119,460440.31300000101],[114927.71000000089,460430.10300000012],[114927.6240000017,460429.94999999925],[114899.02499999851,460422.66600000113],[114898.43499999866,460422.18600000069],[114898.17599999905,460421.54500000179],[114897.39499999955,460417.93699999899],[114895.97599999979,460415.77600000054],[114893.4450000003,460414.89299999923],[114891.19200000167,460415.24599999934]]]},"properties":{"ORACLE_OBJECTID":1880,"CODE":"PAW_OR-4.10.OB14","NAAM":"OB J.J. Vollering","STATUSOBJECT":"gerealiseerd","SOORTPEILGEBIED":"Onderbemaling","SOORTAFWATERING":"Bemalen","PEILBEHERENDEINSTANTIE":"VERGUNNINGHOUDER","OPPERVLAKTE":200555,"OMTREK":4779,"OPMERKING":"\u003cNull\u003e","HYPERLINK":null,"ONTHEFFING":"V62077","SOORTPEILBEHEER":"vast peil","VASTPEIL":-1.8400000000000001,"ZOMERPEIL":null,"WINTERPEIL":null,"FLEXZOMERPEILONDERGRENS":null,"FLEXZOMERPEILBOVENGRENS":null,"FLEXWINTERPEILONDERGRENS":null,"FLEXWINTERPEILBOVENGRENS":null,"ZOMERPEILTEKST":"-1.84","WINTERPEILTEKST":"-1.84","INWINNENDEINSTANTIE":"Hoogheemraadschap van Rijnland","METENDEINSTANTIE":null,"INWINNINGSMETHODE":null,"DIMENSIE":"2D","NAUWKEURIGHEIDXY":null,"NAUWKEURIGHEIDZ":null,"DATUMINWINNING":1454544000000,"GEOKPOBJECTID":29,"LAST_EDITED_DATE":1726934524000,"STATUSPEILGEBIED":"Vigerend definitief","SHAPE_AREA":0,"SHAPE_LEN":0,"BEVAT":null,"VOERTAFOP":null,"LONGITUDE":4.8001281699999998,"LATITUDE":52.132196319999998,"XCOORDINAAT":114803.60000000001,"YCOORDINAAT":460606.20000000001,"VASTBEHEERMARGEBOVEN":null,"VASTBEHEERMARGEONDER":null,"ZPBEHEERMARGEBOVEN":null,"ZPBEHEERMARGEONDER":null,"WPBEHEERMARGEONDER":null,"WPBEHEERMARGEBOVEN":null,"FLEXZPONDERBEHEERMARGEBOVEN":null,"FLEXZPONDERBEHEERMARGEONDER":null,"FLEXZPBOVENBEHEERMARGEBOVEN":null,"FLEXZPBOVENBEHEERMARGEONDER":null,"FLEXWPONDERBEHEERMARGEBOVEN":null,"FLEXWPONDERBEHEERMARGEONDER":null,"FLEXWPBOVENBEHEERMARGEBOVEN":null,"FLEXWPBOVENBEHEERMARGEONDER":null,"OBJECTID2":144}},{"type":"Feature","id":145,"geometry":{"type":"Polygon","coordinates":[[[110566.86400000006,463518.81199999899],[110588.61199999973,463527.24399999902],[110602.11600000039,463532.27600000054],[110642.7659999989,463547.94299999997],[110691.9990000017,463566.71799999848],[110711.7659999989,463574.37000000104],[110715.62200000137,463576.09299999848],[110751.06100000069,463589.7340000011],[110771.5458999984,463597.33379999921],[110775.09099999815,463598.64900000021],[110873.74199999869,463636.9990000017],[110913.67000000179,463652.27199999988],[110942.16299999878,463663.01799999923],[110968.25899999961,463673.36699999869],[110970.59099999815,463674.21499999985],[110972.16000000015,463674.78500000015],[110969.31500000134,463683.34099999815],[110968.34899999946,463685.97399999946],[110967.15500000119,463690.10000000149],[110965.86199999973,463693.37700000033],[110962.25899999961,463703.73299999908],[110952.23200000077,463729.72899999842],[110950.50800000131,463734.20100000128],[110949.24399999902,463738.0709999986],[110945.13100000098,463746.41499999911],[110941.96999999881,463754.98699999973],[110940.33700000122,463761.26099999994],[110939.85200000182,463763.72199999914],[110938.4849999994,463768.67700000107],[110933.52499999851,463780.92700000107],[110929,463790.85000000149],[110927.61800000072,463792.73000000045],[110927.60799999908,463792.74700000137],[110927.52400000021,463792.75699999928],[110927.20699999854,463792.74100000039],[110926.1400000006,463792.42000000179],[110918.63899999857,463789.59400000051],[110820.40799999982,463751.26000000164],[110785.14200000092,463737.21499999985],[110751.06500000134,463724.33999999985],[110727.27199999988,463715.25169999897],[110724.39299999923,463714.15199999884],[110675.40399999917,463694.80099999905],[110629.58199999854,463676.39799999818],[110582.27100000158,463658.18499999866],[110538.89999999851,463642.02899999917],[110510.21599999815,463631.20699999854],[110498.11100000143,463626.29600000009],[110495.66200000048,463624.4849999994],[110495.46900000051,463624.25400000066],[110509.42199999839,463585.89200000092],[110513.32200000063,463575.93400000036],[110535.55200000107,463516.19799999893],[110537.58300000057,463516.33900000155],[110540.63599999994,463508.73000000045],[110542.4840000011,463509.39299999923],[110556.11300000176,463514.28299999982],[110566.86400000006,463518.81199999899]]]},"properties":{"ORACLE_OBJECTID":1881,"CODE":"PAW_OR-4.09.OB46","NAAM":"OB Breedijk","STATUSOBJECT":"gerealiseerd","SOORTPEILGEBIED":"Onderbemaling","SOORTAFWATERING":"Bemalen","PEILBEHERENDEINSTANTIE":"KADASTRAAL EIGENAAR","OPPERVLAKTE":58335,"OMTREK":1178,"OPMERKING":null,"HYPERLINK":null,"ONTHEFFING":"V59166","SOORTPEILBEHEER":"vast peil","VASTPEIL":-6.7300000000000004,"ZOMERPEIL":null,"WINTERPEIL":null,"FLEXZOMERPEILONDERGRENS":null,"FLEXZOMERPEILBOVENGRENS":null,"FLEXWINTERPEILONDERGRENS":null,"FLEXWINTERPEILBOVENGRENS":null,"ZOMERPEILTEKST":"-6.73","WINTERPEILTEKST":"-6.73","INWINNENDEINSTANTIE":"Hoogheemraadschap van Rijnland","METENDEINSTANTIE":null,"INWINNINGSMETHODE":null,"DIMENSIE":"2D","NAUWKEURIGHEIDXY":null,"NAUWKEURIGHEIDZ":null,"DATUMINWINNING":1406160000000,"GEOKPOBJECTID":142,"LAST_EDITED_DATE":1753178140000,"STATUSPEILGEBIED":"Vigerend definitief","SHAPE_AREA":0,"SHAPE_LEN":0,"BEVAT":null,"VOERTAFOP":null,"LONGITUDE":4.7402953500000002,"LATITUDE":52.159248290000001,"XCOORDINAAT":110733.81,"YCOORDINAAT":463650.73999999999,"VASTBEHEERMARGEBOVEN":null,"VASTBEHEERMARGEONDER":null,"ZPBEHEERMARGEBOVEN":null,"ZPBEHEERMARGEONDER":null,"WPBEHEERMARGEONDER":null,"WPBEHEERMARGEBOVEN":null,"FLEXZPONDERBEHEERMARGEBOVEN":null,"FLEXZPONDERBEHEERMARGEONDER":null,"FLEXZPBOVENBEHEERMARGEBOVEN":null,"FLEXZPBOVENBEHEERMARGEONDER":null,"FLEXWPONDERBEHEERMARGEBOVEN":null,"FLEXWPONDERBEHEERMARGEONDER":null,"FLEXWPBOVENBEHEERMARGEBOVEN":null,"FLEXWPBOVENBEHEERMARGEONDER":null,"OBJECTID2":145}},{"type":"Feature","id":146,"geometry":{"type":"Polygon","coordinates":[[[109842.77699999884,464573.71000000089],[109867.41699999943,464633.91299999878],[109610.0549999997,464594.82999999821],[109592.31799999997,464518.59699999914],[109595.28299999982,464518.40599999949],[109595.54899999872,464512.93200000003],[109590.8900000006,464512.4609999992],[109582.60200000182,464476.84099999815],[109584.14799999818,464476.57699999958],[109586.54899999872,464476.96220000088],[109603.34299999848,464479.65700000152],[109818.40700000152,464514.16800000146],[109842.77699999884,464573.71000000089]]]},"properties":{"ORACLE_OBJECTID":1882,"CODE":"PAW_OR-4.08.OB01","NAAM":"OB P. Rodenburg","STATUSOBJECT":"gerealiseerd","SOORTPEILGEBIED":"Onderbemaling","SOORTAFWATERING":"Bemalen","PEILBEHERENDEINSTANTIE":"VERGUNNINGHOUDER","OPPERVLAKTE":27888,"OMTREK":756,"OPMERKING":"PAW vergunnen (OB heeft bestaansrecht - PBS 2014)","HYPERLINK":null,"ONTHEFFING":"V60230","SOORTPEILBEHEER":"vast peil","VASTPEIL":-5.9400000000000004,"ZOMERPEIL":null,"WINTERPEIL":null,"FLEXZOMERPEILONDERGRENS":null,"FLEXZOMERPEILBOVENGRENS":null,"FLEXWINTERPEILONDERGRENS":null,"FLEXWINTERPEILBOVENGRENS":null,"ZOMERPEILTEKST":"-5.94","WINTERPEILTEKST":"-5.94","INWINNENDEINSTANTIE":"Hoogheemraadschap van Rijnland","METENDEINSTANTIE":null,"INWINNINGSMETHODE":null,"DIMENSIE":"2D","NAUWKEURIGHEIDXY":null,"NAUWKEURIGHEIDZ":null,"DATUMINWINNING":null,"GEOKPOBJECTID":17,"LAST_EDITED_DATE":1726934544000,"STATUSPEILGEBIED":"Vigerend definitief","SHAPE_AREA":0,"SHAPE_LEN":0,"BEVAT":null,"VOERTAFOP":null,"LONGITUDE":4.7254330099999997,"LATITUDE":52.167295690000003,"XCOORDINAAT":109725.00999999999,"YCOORDINAAT":464555.23999999999,"VASTBEHEERMARGEBOVEN":null,"VASTBEHEERMARGEONDER":null,"ZPBEHEERMARGEBOVEN":null,"ZPBEHEERMARGEONDER":null,"WPBEHEERMARGEONDER":null,"WPBEHEERMARGEBOVEN":null,"FLEXZPONDERBEHEERMARGEBOVEN":null,"FLEXZPONDERBEHEERMARGEONDER":null,"FLEXZPBOVENBEHEERMARGEBOVEN":null,"FLEXZPBOVENBEHEERMARGEONDER":null,"FLEXWPONDERBEHEERMARGEBOVEN":null,"FLEXWPONDERBEHEERMARGEONDER":null,"FLEXWPBOVENBEHEERMARGEBOVEN":null,"FLEXWPBOVENBEHEERMARGEONDER":null,"OBJECTID2":146}},{"type":"Feature","id":150,"geometry":{"type":"Polygon","coordinates":[[[97104.809900000691,457717.90340000018],[97130.622400000691,457717.58280000091],[97171.657900001854,457717.07319999859],[97229.752900000662,457711.83709999919],[97226.611000001431,457737.58900000155],[97225.23900000006,457756.95100000128],[97224.383000001311,457767.46499999985],[97235.43219999969,457815.93409999833],[97234.437899999321,457822.56489999965],[97231.791600000113,457838.90450000018],[97228.962600000203,457856.12939999998],[97226.420800000429,457871.80420000106],[97223.517200000584,457889.31080000103],[97221.370000001043,457902.96279999986],[97219.002000000328,457917.36410000175],[97216.701799999923,457931.29630000144],[97214.052600000054,457947.56940000132],[97209.1035999991,457977.81159999967],[97205.536299999803,457999.76029999927],[97203.977699998766,458009.42460000142],[97202.483199998736,458018.41560000181],[97200.539599999785,458030.15929999948],[97199.089299999177,458039.65410000086],[97197.598900001496,458048.7976000011],[97195.624299999326,458060.70089999959],[97193.756099998951,458071.90399999917],[97192.43219999969,458080.38819999993],[97190.815900001675,458090.60509999841],[97189.316500000656,458099.35190000013],[97187.257100000978,458112.01240000129],[97185.877500001341,458120.65960000083],[97184.245799999684,458130.45690000057],[97182.40680000186,458141.55799999833],[97181.556299999356,458146.78510000184],[97179.94810000062,458156.75820000097],[97179.179600000381,458161.0784999989],[97179.099500000477,458161.52879999951],[97178.595600001514,458164.36160000041],[97178.127500001341,458167.32400000095],[97176.783700000495,458175.82889999822],[97173.856800001115,458194.02829999849],[97172.128699999303,458204.37579999864],[97170.14600000158,458216.13390000165],[97168.433100000024,458226.75329999998],[97166.266899999231,458239.54120000079],[97164.60000000149,458249.95389999822],[97162.733399998397,458261.51819999889],[97160.728000000119,458273.1603000015],[97159.082100000232,458284.12139999866],[97157.482400000095,458293.89149999991],[97155.741799999028,458304.16079999879],[97153.979100000113,458314.68919999897],[97152.064699999988,458326.4085999988],[97150.359900001436,458336.7938000001],[97148.752500001341,458347.09250000119],[97145.294700000435,458367.41750000045],[97141.945700000972,458387.62539999932],[97140.251800000668,458398.07829999924],[97138.631900001317,458408.36140000075],[97136.814800001681,458418.94409999996],[97135.076600000262,458429.49049999937],[97129.938099998981,458461.34430000186],[97128.283100001514,458471.11329999939],[97126.483199998736,458482.27450000122],[97124.882100000978,458491.66589999944],[97123.264100000262,458502.27580000088],[97122.592099998146,458505.83680000156],[97111.221400000155,458504.07800000161],[97096.398400001228,458501.74219999835],[97086.533300001174,458500.28429999948],[97087.246800001711,458494.73090000078],[97076.187899999321,458493.18400000036],[97063.532800000161,458491.34259999916],[97051.243500001729,458489.67309999838],[97042.450500000268,458488.43530000001],[97040.296100001782,458487.9272999987],[97039.319400001317,458487.86930000037],[97038.627599999309,458487.91180000082],[97038.154599998146,458487.95639999956],[97037.130800001323,458488.21070000157],[97035.06780000031,458489.08370000124],[97033.750599998981,458489.42570000142],[97032.438700001687,458489.56920000166],[97031.434900000691,458489.55920000002],[97028.594999998808,458489.09230000153],[97026.848700001836,458488.7547999993],[97025.077500000596,458488.39229999855],[97023.746399998665,458488.10330000147],[97022.063599999994,458487.74720000103],[97021.160199999809,458487.47729999945],[97017.199999999255,458485.86789999902],[97015.407299999148,458485.12090000138],[97013.863499999046,458484.57899999991],[97012.213500000536,458484.22709999979],[97010.818900000304,458484.30530000106],[97010.605099998415,458484.36389999837],[97020.463799998164,458408.29340000078],[97021.911600001156,458396.98820000142],[97026.66039999947,458359.90819999948],[97028.819899998605,458343.04630000144],[97036.883600000292,458277.42170000076],[97044.879399999976,458211.44880000129],[97053.781399998814,458141.00129999965],[97061.008299998939,458083.48919999972],[97069.710700001568,458013.35709999874],[97072.66270000115,457989.65370000154],[97077.663499999791,457949.49839999899],[97083.905799999833,457900.59059999883],[97087.517999999225,457872.28950000182],[97096.757199998945,457795.1026000008],[97102.168499998748,457745.19649999961],[97104.809900000691,457717.90340000018]]]},"properties":{"ORACLE_OBJECTID":1887,"CODE":"PAW_WW-10.OB08","NAAM":"OB De Bent","STATUSOBJECT":"gerealiseerd","SOORTPEILGEBIED":"Onderbemaling","SOORTAFWATERING":"Bemalen","PEILBEHERENDEINSTANTIE":"VERGUNNINGHOUDER","OPPERVLAKTE":99666,"OMTREK":1822,"OPMERKING":"Peil zoals vermeld in vergunning","HYPERLINK":null,"ONTHEFFING":"V51200","SOORTPEILBEHEER":"vast peil","VASTPEIL":-2.4700000000000002,"ZOMERPEIL":null,"WINTERPEIL":null,"FLEXZOMERPEILONDERGRENS":null,"FLEXZOMERPEILBOVENGRENS":null,"FLEXWINTERPEILONDERGRENS":null,"FLEXWINTERPEILBOVENGRENS":null,"ZOMERPEILTEKST":"-2.47","WINTERPEILTEKST":"-2.47","INWINNENDEINSTANTIE":"Hoogheemraadschap van Rijnland","METENDEINSTANTIE":null,"INWINNINGSMETHODE":"digitaliseren","DIMENSIE":"2D","NAUWKEURIGHEIDXY":null,"NAUWKEURIGHEIDZ":null,"DATUMINWINNING":1606953600000,"GEOKPOBJECTID":41283,"LAST_EDITED_DATE":1744725508000,"STATUSPEILGEBIED":"Vigerend definitief","SHAPE_AREA":0,"SHAPE_LEN":0,"BEVAT":null,"VOERTAFOP":null,"LONGITUDE":4.5423474700000002,"LATITUDE":52.108184139999999,"XCOORDINAAT":97123.020000000004,"YCOORDINAAT":458108.84000000003,"VASTBEHEERMARGEBOVEN":null,"VASTBEHEERMARGEONDER":null,"ZPBEHEERMARGEBOVEN":null,"ZPBEHEERMARGEONDER":null,"WPBEHEERMARGEONDER":null,"WPBEHEERMARGEBOVEN":null,"FLEXZPONDERBEHEERMARGEBOVEN":null,"FLEXZPONDERBEHEERMARGEONDER":null,"FLEXZPBOVENBEHEERMARGEBOVEN":null,"FLEXZPBOVENBEHEERMARGEONDER":null,"FLEXWPONDERBEHEERMARGEBOVEN":null,"FLEXWPONDERBEHEERMARGEONDER":null,"FLEXWPBOVENBEHEERMARGEBOVEN":null,"FLEXWPBOVENBEHEERMARGEONDER":null,"OBJECTID2":150}},{"type":"Feature","id":151,"geometry":{"type":"Polygon","coordinates":[[[116310.18580000103,462273.21489999816],[116308.80000000075,462275.74199999869],[116308.43100000173,462276.06799999997],[116307.5549999997,462276.07600000128],[116297.82299999893,462274.32600000128],[116292.43600000069,462273.00499999896],[116291.00400000066,462272.48000000045],[116290.86600000039,462272.25800000131],[116290.71400000155,462269.86400000006],[116306.78200000152,462226.2650000006],[116313.65799999982,462204.08999999985],[116306,462199.71000000089],[116290.67799999937,462195.00400000066],[116280.12299999967,462191.94700000063],[116267.56799999997,462188.04199999943],[116265.07299999893,462190.83500000089],[116259.03599999845,462207.66299999878],[116255.19700000063,462219.83900000155],[116254.22700000182,462227.65199999884],[116250.5159999989,462241.82999999821],[116246.91600000113,462253.29600000009],[116247.04500000179,462255.79100000113],[116246.76199999824,462256.38199999928],[116245.99700000137,462256.68499999866],[116244.96700000018,462256.41000000015],[116232.63699999824,462249.84899999946],[116230.64799999818,462247.5700000003],[116227.1640000008,462247.00800000131],[116226.10099999979,462247.06199999899],[116225.49700000137,462246.72800000012],[116225.1240000017,462245.96900000051],[116225.02600000054,462244.07499999925],[116226.11699999869,462240.95800000057],[116231.60799999908,462222.28999999911],[116247.40199999884,462180.10099999979],[116257.07899999991,462152.3040000014],[116263.22500000149,462139.55099999905],[116266.28500000015,462129.38599999994],[116267.04100000113,462123.36800000072],[116258.22300000116,462117.14400000125],[116245.29899999872,462110.17100000009],[116234.93299999833,462105.79500000179],[116232.63500000164,462104.43600000069],[116232.5709999986,462104.36800000072],[116232.63199999928,462103.34600000083],[116234.53099999949,462097.54600000009],[116234.60099999979,462093.98200000077],[116232.45300000161,462091.26900000125],[116220.53599999845,462086.54699999839],[116220.35289999843,462086.63489999995],[116220.23600000143,462086.69099999964],[116219.74500000104,462088.28500000015],[116216.52499999851,462098.73900000006],[116215.01999999955,462103.20399999991],[116214.82800000161,462103.36899999902],[116214.2490000017,462103.21209999919],[116209.10799999908,462101.8200000003],[116199.78099999949,462098.85099999979],[116193.18699999899,462098.27600000054],[116189.61199999973,462101.54800000042],[116180.93600000069,462123.09499999881],[116179.38300000131,462125.57899999991],[116179.03599999845,462125.72399999946],[116177.56199999899,462125.58399999887],[116169.52699999884,462122.91200000048],[116165.27699999884,462121.08799999952],[116170.1090000011,462105.51300000027],[116172.11400000006,462101.11899999902],[116178.19900000095,462088.6090000011],[116187.06899999827,462068.76799999923],[116186.72199999914,462064.22500000149],[116183.55299999937,462061.26999999955],[116177.91000000015,462058.29800000042],[116172.25200000033,462050.81199999899],[116167.40599999949,462045.92100000009],[116160.60399999842,462042.17599999905],[116152.2890000008,462036.93899999931],[116148.39400000125,462032.20199999958],[116142.36400000006,462028.53200000152],[116123.32299999893,462021.28799999878],[116117.98600000143,462019.09699999914],[116115.61199999973,462017.38800000027],[116117.53999999911,462010.09499999881],[116117.36699999869,462006.69900000095],[116115.65900000185,462004.5700000003],[116102.27199999988,461997.3590000011],[116090.77800000086,461991.16800000146],[116090.74300000072,461991.0709999986],[116090.87900000066,461990.38599999994],[116092.69900000095,461986.25499999896],[116089.58300000057,461982.72399999946],[116083.54800000042,461981.38500000164],[116074.87299999967,461998.65399999917],[116074.00400000066,462000.38500000164],[116060.89799999818,462032.92000000179],[116060.75800000131,462033.09800000116],[116058.95100000128,462032.70100000128],[116043.01300000027,462025.21900000051],[116024.89999999851,462015.39900000021],[116023.02299999818,462013.76799999923],[116022.9849999994,462013.23600000143],[116025.625,462007.13699999824],[116027.88100000098,462001.04100000113],[116029.92399999872,461995.51700000092],[116035.35200000182,461977.66899999976],[116042.40500000119,461957.46400000155],[116050.9450000003,461938.8909999989],[116059.45300000161,461918.77699999884],[116069.49300000072,461891.12099999934],[116081.21900000051,461860.15700000152],[116085.3498999998,461849.62200000137],[116089.3973999992,461839.29910000041],[116102.6240000017,461805.56700000167],[116114.06199999899,461774.55200000107],[116124.98699999973,461747.0009999983],[116134.33700000122,461720.97199999914],[116137.88300000131,461711.46700000018],[116141.79100000113,461701.44000000134],[116143.94099999964,461697.01700000092],[116145.12900000066,461695.74399999902],[116146.59600000083,461695.51300000027],[116148.29899999872,461696.04300000146],[116150.99300000072,461697.625],[116158.65300000086,461706.77499999851],[116165.97100000083,461713.97399999946],[116176.30600000173,461723.49300000072],[116177.86899999902,461728.65100000054],[116185.33799999952,461732.36800000072],[116189.08300000057,461732.90100000054],[116196.86100000143,461735.18200000003],[116198.92000000179,461735.36199999973],[116206.52600000054,461736.02899999917],[116211.35200000182,461737.92599999905],[116207.62900000066,461747.91299999878],[116205.76700000092,461752.90799999982],[116200.19799999893,461767.85000000149],[116189.70199999958,461794.59699999914],[116186.09499999881,461804.04199999943],[116188.2490000017,461804.82699999958],[116189.86300000176,461805.40700000152],[116191.62000000104,461806.04199999943],[116226.71200000122,461818.87999999896],[116228.91699999943,461819.76900000125],[116231.10200000182,461820.63100000098],[116243.27100000158,461826.56700000167],[116255.10799999908,461832.26300000027],[116284.6790000014,461843.15700000152],[116288.39600000158,461833.07400000095],[116326.58900000155,461729.48699999973],[116328.0390000008,461730.09800000116],[116334.85500000045,461732.96900000051],[116339.21000000089,461725.89699999988],[116342.54500000179,461715.31100000069],[116347.00899999961,461720.8590000011],[116347.41499999911,461724.08700000122],[116346.4840000011,461730.95499999821],[116346.9140000008,461736.38399999961],[116346.19999999925,461750.80299999937],[116356.51799999923,461753.25699999928],[116365.91099999845,461741.48299999908],[116371.82600000128,461732.49300000072],[116372.97500000149,461732.27699999884],[116376.86600000039,461732.81399999931],[116387.10099999979,461736.14299999923],[116394.37000000104,461738.34600000083],[116403.50699999928,461738.62299999967],[116412.52299999818,461738.18699999899],[116423.64400000125,461736.30200000107],[116424.44799999893,461737.70399999991],[116428.71900000051,461739.59600000083],[116432.20699999854,461737.74199999869],[116432.70899999887,461737.37000000104],[116447.45399999991,461739.56599999964],[116451.99300000072,461741.16600000113],[116452.14200000092,461741.41699999943],[116450.44000000134,461749.38500000164],[116450.6409999989,461749.67000000179],[116457.82299999893,461750.59600000083],[116461.69399999827,461743.56399999931],[116464.79300000146,461740.18899999931],[116472.2659999989,461734.92300000042],[116476.66800000146,461732.96799999848],[116481.32899999991,461732.73600000143],[116481.33399999887,461733.03700000048],[116479.02400000021,461741.36499999836],[116465.16200000048,461785.14600000158],[116446.31199999899,461843.65799999982],[116438.78700000048,461874.00400000066],[116430.8359999992,461900.22300000116],[116419.2340000011,461936.01000000164],[116408.63100000098,461971.85799999908],[116398.6790000014,461998.96599999815],[116397.10599999875,462003.2490000017],[116383.70300000161,462043.66499999911],[116372.16299999878,462081.24399999902],[116339.16000000015,462179.95300000161],[116335.20600000024,462195.45699999854],[116331.89400000125,462208.44000000134],[116322.84299999848,462237.18699999899],[116314.06199999899,462264.16499999911],[116310.84800000116,462272.00699999928],[116310.18580000103,462273.21489999816]]]},"properties":{"ORACLE_OBJECTID":1888,"CODE":"PAW_OR-4.10.OB19","NAAM":"OB Natuurmonumenten - Meije graslanden 3","STATUSOBJECT":"gerealiseerd","SOORTPEILGEBIED":"Onderbemaling","SOORTAFWATERING":"Bemalen","PEILBEHERENDEINSTANTIE":"KADASTRAAL EIGENAAR","OPPERVLAKTE":122165,"OMTREK":2350,"OPMERKING":null,"HYPERLINK":null,"ONTHEFFING":"V59227","SOORTPEILBEHEER":"fout in FME of vak met ongeldige streefpeilencombinatie (2)","VASTPEIL":null,"ZOMERPEIL":null,"WINTERPEIL":null,"FLEXZOMERPEILONDERGRENS":-2.25,"FLEXZOMERPEILBOVENGRENS":-2.0499999999999998,"FLEXWINTERPEILONDERGRENS":-2.25,"FLEXWINTERPEILBOVENGRENS":-2.0499999999999998,"ZOMERPEILTEKST":null,"WINTERPEILTEKST":null,"INWINNENDEINSTANTIE":"Hoogheemraadschap van Rijnland","METENDEINSTANTIE":null,"INWINNINGSMETHODE":null,"DIMENSIE":"2D","NAUWKEURIGHEIDXY":null,"NAUWKEURIGHEIDZ":null,"DATUMINWINNING":1410739200000,"GEOKPOBJECTID":35,"LAST_EDITED_DATE":1753368371000,"STATUSPEILGEBIED":"Vigerend definitief","SHAPE_AREA":0,"SHAPE_LEN":0,"BEVAT":null,"VOERTAFOP":null,"LONGITUDE":4.8211264500000004,"LATITUDE":52.144698990000002,"XCOORDINAAT":116252.16,"YCOORDINAAT":461985.78999999998,"VASTBEHEERMARGEBOVEN":null,"VASTBEHEERMARGEONDER":null,"ZPBEHEERMARGEBOVEN":null,"ZPBEHEERMARGEONDER":null,"WPBEHEERMARGEONDER":null,"WPBEHEERMARGEBOVEN":null,"FLEXZPONDERBEHEERMARGEBOVEN":null,"FLEXZPONDERBEHEERMARGEONDER":null,"FLEXZPBOVENBEHEERMARGEBOVEN":null,"FLEXZPBOVENBEHEERMARGEONDER":null,"FLEXWPONDERBEHEERMARGEBOVEN":null,"FLEXWPONDERBEHEERMARGEONDER":null,"FLEXWPBOVENBEHEERMARGEBOVEN":null,"FLEXWPBOVENBEHEERMARGEONDER":null,"OBJECTID2":151}},{"type":"Feature","id":153,"geometry":{"type":"Polygon","coordinates":[[[111842.71000000089,461345.7509999983],[111838.54699999839,461356.4990000017],[111448.22700000182,461205.18800000101],[111419.12999999896,461193.92100000009],[110796.13399999961,460952.67500000075],[110744.99599999934,460932.87299999967],[110725.28099999949,460894.29600000009],[110728.61300000176,460892.59299999848],[110736.36100000143,460889.14900000021],[110763.67100000009,460877.26799999923],[110770.26399999857,460874.19399999827],[110776.8359999992,460871.07299999893],[110783.40799999982,460867.95199999958],[110789.95699999854,460864.78400000185],[110796.50699999928,460861.61600000039],[110803.03500000015,460858.40199999884],[110809.56199999899,460855.18800000101],[110816.06700000167,460851.92799999937],[110822.5709999986,460848.66699999943],[110829.05200000107,460845.36100000143],[110835.53299999982,460842.0540000014],[110841.99100000039,460838.70199999958],[110848.44799999893,460835.35000000149],[110854.88100000098,460831.95199999958],[110861.31399999931,460828.5540000014],[110867.72199999914,460825.11100000143],[110867.73099999875,460825.10599999875],[110867.73999999836,460825.10110000148],[110886.47300000116,460815.35700000077],[110887.61400000006,460814.71999999881],[110888.58799999952,460814.17700000107],[110893.71200000122,460811.44099999964],[110903.0150000006,460806.47399999946],[110904.84899999946,460805.49500000104],[110904.89699999988,460805.46900000051],[110904.9459999986,460805.44700000063],[110907.25699999928,460804.41800000146],[110909.49199999869,460803.23099999875],[110911.74300000072,460802.03599999845],[110913.90599999949,460800.68800000101],[110914.67700000107,460800.20699999854],[110914.9290000014,460800.05000000075],[110916.07899999991,460799.33199999854],[110918.15300000086,460797.82899999991],[110920.23099999875,460796.32200000063],[110922.19900000095,460794.67300000042],[110924.16699999943,460793.02400000021],[110926.0150000006,460791.24100000039],[110927.31100000069,460789.98999999836],[110927.85799999908,460789.46299999952],[110929.57200000063,460787.55999999866],[110931.27899999917,460785.66699999943],[110932.84899999946,460783.65900000185],[110934.40799999982,460781.66699999943],[110935.82600000128,460779.5709999986],[110940.34499999881,460772.7349999994],[110943.64799999818,460767.42000000179],[110948.27800000086,460759.50200000033],[110954.10399999842,460752.48099999875],[110961.42399999872,460747.10300000012],[110974.42000000179,460739.93299999833],[110993.54199999943,460730.96999999881],[111009.71000000089,460723.62099999934],[111028.04899999872,460715.28500000015],[111030.63399999961,460714.09600000083],[111041.04500000179,460709.30900000036],[111051.35300000012,460706.47100000083],[111059.71799999848,460705.27600000054],[111065.80299999937,460705.46900000051],[111069.12900000066,460705.57499999925],[111078.54100000113,460704.52899999917],[111087.65300000086,460703.03500000015],[111095.86899999902,460701.39200000092],[111102.74100000039,460699.00200000033],[111109.4609999992,460695.92190000042],[111113.49599999934,460694.07200000063],[111120.66699999943,460690.63699999824],[111129.77899999917,460684.81100000069],[111130.85700000077,460684.11600000039],[111137.59099999815,460679.77699999884],[111140.52199999988,460677.88899999857],[111145.31500000134,460674.80200000107],[111164.88399999961,460662.40300000086],[111177.13399999961,460653.58900000155],[111198.49500000104,460641.33999999985],[111201.64400000125,460638.39400000125],[111203.1259999983,460637.00800000131],[111204.50600000098,460636.24799999967],[111228.07299999893,460623.2650000006],[111242.2650000006,460616.84099999815],[111257.80099999905,460608.625],[111292.00899999961,460591.89400000125],[111312.62700000033,460581.46400000155],[111329.75200000033,460614.97599999979],[111317.51000000164,460646.81799999997],[111321.26999999955,460648.22899999842],[111386.58199999854,460672.73800000176],[111613.7340000011,460761.41899999976],[111762.35099999979,460819.29199999943],[111976.30820000172,460902.71400000155],[111983.55350000039,460905.5390000008],[111984.08700000122,460905.74700000137],[111989.76089999825,460907.95919999853],[111990.8563000001,460908.38639999926],[111990.70320000127,460910.58130000159],[111991.08199999854,460913.34490000084],[111991.27459999919,460914.74929999933],[111991.21840000153,460916.59670000151],[111990.51469999924,460922.29560000077],[111988.98110000044,460932.51749999821],[111987.7947999984,460942.69739999995],[111986.86490000039,460948.66440000013],[111986.84980000183,460948.88969999924],[111986.76960000023,460950.08210000023],[111986.79419999942,460951.31289999932],[111986.85509999841,460952.02859999985],[111986.88100000098,460952.33170000091],[111986.97639999911,460953.17639999837],[111987.00560000166,460953.48629999906],[111986.99460000172,460953.97069999948],[111986.99419999868,460953.97709999979],[111986.93129999936,460954.96900000051],[111986.42709999904,460957.66550000012],[111985.73250000179,460960.74689999968],[111985.67790000141,460960.98869999871],[111985.15129999816,460962.57530000061],[111980.92480000108,460974.77120000124],[111979.1090000011,460980.01099999994],[111977.91090000048,460983.46829999983],[111980.02849999815,460984.20210000128],[111988.91200000048,460987.28040000051],[111990.04360000044,460987.6724999994],[111989.17430000007,460990.00059999898],[111981.71189999953,461009.9849999994],[111973.35759999976,461032.06789999828],[111963.48169999942,461057.74480000138],[111949.53029999882,461095.03810000047],[111936.64249999821,461129.50840000063],[111904.31980000064,461216.06320000067],[111874.26440000162,461296.03150000051],[111854.52479999885,461349.17289999872],[111853.14279999956,461348.65949999914],[111849.01240000129,461347.12530000135],[111843.03730000183,461344.90579999983],[111842.71000000089,461345.7509999983]]]},"properties":{"ORACLE_OBJECTID":1818,"CODE":"PAW_OR-4.09.OB09","NAAM":"OB J.J. Roodenburg","STATUSOBJECT":"gerealiseerd","SOORTPEILGEBIED":"Onderbemaling","SOORTAFWATERING":"Bemalen","PEILBEHERENDEINSTANTIE":"VERGUNNINGHOUDER","OPPERVLAKTE":491880,"OMTREK":3186,"OPMERKING":null,"HYPERLINK":null,"ONTHEFFING":"V59165","SOORTPEILBEHEER":"dynamisch peil","VASTPEIL":-6.1699999999999999,"ZOMERPEIL":null,"WINTERPEIL":null,"FLEXZOMERPEILONDERGRENS":-6.1699999999999999,"FLEXZOMERPEILBOVENGRENS":-5.9800000000000004,"FLEXWINTERPEILONDERGRENS":-6.1699999999999999,"FLEXWINTERPEILBOVENGRENS":-5.9800000000000004,"ZOMERPEILTEKST":"bov:-5.98 / ond:-6.17","WINTERPEILTEKST":"bov:-5.98 / ond:-6.17","INWINNENDEINSTANTIE":"Hoogheemraadschap van Rijnland","METENDEINSTANTIE":null,"INWINNINGSMETHODE":null,"DIMENSIE":"2D","NAUWKEURIGHEIDXY":null,"NAUWKEURIGHEIDZ":null,"DATUMINWINNING":1406160000000,"GEOKPOBJECTID":141,"LAST_EDITED_DATE":1744279107000,"STATUSPEILGEBIED":"Vigerend definitief","SHAPE_AREA":0,"SHAPE_LEN":0,"BEVAT":null,"VOERTAFOP":null,"LONGITUDE":4.7497649400000004,"LATITUDE":52.135195670000002,"XCOORDINAAT":111358.28,"YCOORDINAAT":460968.97999999998,"VASTBEHEERMARGEBOVEN":null,"VASTBEHEERMARGEONDER":null,"ZPBEHEERMARGEBOVEN":null,"ZPBEHEERMARGEONDER":null,"WPBEHEERMARGEONDER":null,"WPBEHEERMARGEBOVEN":null,"FLEXZPONDERBEHEERMARGEBOVEN":null,"FLEXZPONDERBEHEERMARGEONDER":null,"FLEXZPBOVENBEHEERMARGEBOVEN":null,"FLEXZPBOVENBEHEERMARGEONDER":null,"FLEXWPONDERBEHEERMARGEBOVEN":null,"FLEXWPONDERBEHEERMARGEONDER":null,"FLEXWPBOVENBEHEERMARGEBOVEN":null,"FLEXWPBOVENBEHEERMARGEONDER":null,"OBJECTID2":153}},{"type":"Feature","id":154,"geometry":{"type":"Polygon","coordinates":[[[107098.60599999875,463500.69099999964],[107111.13800000027,463553.65700000152],[107137.6099999994,463663.66000000015],[107159.22540000081,463754.53000000119],[107160.5859999992,463760.25],[107170.58399999887,463800.71299999952],[107179.3740000017,463837.01399999857],[107184.61600000039,463857.9990000017],[107218.84299999848,464000.69999999925],[107225.33500000089,464027.76700000092],[107245.47399999946,464112.44200000167],[107245.83700000122,464114.62799999863],[107245.81100000069,464115.18100000173],[107245.61600000039,464115.85599999875],[107245.21000000089,464116.60700000077],[107244.78099999949,464117.2340000011],[107243.98600000143,464118.01900000125],[107230.20199999958,464129.67100000009],[107225.29879999906,464134.15260000154],[107222.35300000012,464136.84499999881],[107189.64299999923,464167.19999999925],[107141.00899999961,464210.08799999952],[107076.46900000051,464270.18200000003],[107064.82800000161,464224.22300000116],[107026.29600000009,464060.47300000116],[107017.35799999908,464023.26199999824],[107011.85000000149,463999.32699999958],[107002.92399999872,463960.54199999943],[106999.85300000012,463947.19999999925],[106978.80200000107,463859.10399999842],[106973.6259999983,463836.77100000158],[106971.63300000131,463827.23999999836],[106964.88639999926,463799.41250000149],[106964.85500000045,463799.28299999982],[106960.45499999821,463781.65900000185],[106952.91299999878,463752.11300000176],[106937.65599999949,463687.50800000131],[106926.31300000101,463640.75699999928],[106902.60700000077,463536.51700000092],[106894.76900000125,463504.08799999952],[106892.87700000033,463496.25899999961],[106897.94200000167,463495.42599999905],[106903.09899999946,463494.19000000134],[106950.51900000125,463485.57999999821],[106965.69200000167,463483.0009999983],[106966.58799999952,463482.9609999992],[106967.53000000119,463483.16699999943],[106968.6090000011,463483.56100000069],[106970.26799999923,463483.39600000158],[106972.12000000104,463482.98999999836],[106973.59099999815,463481.56700000167],[106975.17100000009,463480.71400000155],[106976.1090000011,463480.34800000116],[106977.03700000048,463480.22899999842],[106994.32299999893,463476.92500000075],[107000.52100000158,463475.83199999854],[107022.58799999952,463471.94399999827],[107051.60500000045,463467.19000000134],[107065.51300000027,463465.07499999925],[107066.01900000125,463464.02600000054],[107066.54699999839,463463.9290000014],[107067.03299999982,463464.56199999899],[107088.73600000143,463461.19999999925],[107089.10200000182,463461.21599999815],[107089.11100000143,463461.22899999842],[107089.48800000176,463462.15399999917],[107098.60599999875,463500.69099999964]]]},"properties":{"ORACLE_OBJECTID":1819,"CODE":"PAW_OR-4.06.OB21","NAAM":"Polder Vierambacht","STATUSOBJECT":"gerealiseerd","SOORTPEILGEBIED":"Onderbemaling","SOORTAFWATERING":"Bemalen","PEILBEHERENDEINSTANTIE":"VERGUNNINGHOUDER","OPPERVLAKTE":147143,"OMTREK":1899,"OPMERKING":null,"HYPERLINK":null,"ONTHEFFING":"V58206","SOORTPEILBEHEER":"seizoensgebonden peil (vast)","VASTPEIL":null,"ZOMERPEIL":-5.9299999999999997,"WINTERPEIL":-6.0800000000000001,"FLEXZOMERPEILONDERGRENS":null,"FLEXZOMERPEILBOVENGRENS":null,"FLEXWINTERPEILONDERGRENS":null,"FLEXWINTERPEILBOVENGRENS":null,"ZOMERPEILTEKST":"-5.93","WINTERPEILTEKST":"-6.08","INWINNENDEINSTANTIE":"Hoogheemraadschap van Rijnland","METENDEINSTANTIE":null,"INWINNINGSMETHODE":null,"DIMENSIE":"2D","NAUWKEURIGHEIDXY":null,"NAUWKEURIGHEIDZ":null,"DATUMINWINNING":1393545600000,"GEOKPOBJECTID":15,"LAST_EDITED_DATE":1726934526000,"STATUSPEILGEBIED":"Vigerend definitief","SHAPE_AREA":0,"SHAPE_LEN":0,"BEVAT":null,"VOERTAFOP":null,"LONGITUDE":4.6867161499999996,"LATITUDE":52.160874370000002,"XCOORDINAAT":107069.36,"YCOORDINAAT":463865.69,"VASTBEHEERMARGEBOVEN":null,"VASTBEHEERMARGEONDER":null,"ZPBEHEERMARGEBOVEN":null,"ZPBEHEERMARGEONDER":null,"WPBEHEERMARGEONDER":null,"WPBEHEERMARGEBOVEN":null,"FLEXZPONDERBEHEERMARGEBOVEN":null,"FLEXZPONDERBEHEERMARGEONDER":null,"FLEXZPBOVENBEHEERMARGEBOVEN":null,"FLEXZPBOVENBEHEERMARGEONDER":null,"FLEXWPONDERBEHEERMARGEBOVEN":null,"FLEXWPONDERBEHEERMARGEONDER":null,"FLEXWPBOVENBEHEERMARGEBOVEN":null,"FLEXWPBOVENBEHEERMARGEONDER":null,"OBJECTID2":154}},{"type":"Feature","id":155,"geometry":{"type":"Polygon","coordinates":[[[115455.94700000063,464300.44000000134],[115458.1409999989,464300.99100000039],[115463.36030000076,464303.87779999897],[115464.19460000098,464304.45329999924],[115470.24960000068,464307.95699999854],[115474.02320000157,464309.97320000082],[115478.84070000052,464312.47920000181],[115483.40569999814,464314.3610999994],[115515.53700000048,464324.95199999958],[115538.91189999878,464332.07220000029],[115616.86309999973,464358.99419999868],[115618.99309999868,464359.72980000079],[115627.85040000081,464362.78880000114],[115637.96189999953,464365.16649999842],[115641.84349999949,464366.35220000148],[115641.90320000052,464366.39759999886],[115643.47940000147,464366.96519999951],[115644.59530000016,464367.39130000025],[115645.76099999994,464367.83680000156],[115647.09499999881,464368.29340000078],[115648.08329999819,464368.59750000015],[115650.40980000049,464369.61100000143],[115652.11679999903,464370.4459999986],[115652.48710000142,464370.6270999983],[115654.99749999866,464372.40879999846],[115658.57829999924,464374.27879999951],[115658.98950000107,464374.42080000043],[115661.95820000023,464375.44590000063],[115665.96299999952,464376.7958999984],[115667.90239999816,464377.58980000019],[115669.34319999814,464378.36620000005],[115670.64299999923,464379.29699999839],[115671.97439999878,464380.75409999862],[115672.88850000128,464382.08329999819],[115673.58329999819,464384.16160000116],[115674.23250000179,464384.37189999968],[115674.20080000162,464384.45499999821],[115669.77299999818,464396.07299999893],[115663.59499999881,464414.76700000092],[115656.60599999875,464435.3740000017],[115652.85799999908,464445.90700000152],[115648.82899999991,464454.67100000009],[115646.62999999896,464461.91800000146],[115644.60000000149,464471.69399999827],[115642.63399999961,464476.46499999985],[115633.93899999931,464498.92300000042],[115633.88100000098,464499.07499999925],[115625.21400000155,464524.0709999986],[115615.83500000089,464549.67100000009],[115607.88300000131,464572.52600000054],[115591.42100000009,464621.08999999985],[115585.9849999994,464639.35599999875],[115577.95899999887,464662.21499999985],[115570.59699999914,464684.61899999902],[115562.01000000164,464709.40199999884],[115542.79100000113,464763.18299999833],[115533.55700000003,464789.76099999994],[115525.89799999818,464813.21799999848],[115516.50400000066,464839.98299999908],[115507.96999999881,464865.18299999833],[115500.09099999815,464889.80299999937],[115499.06500000134,464893.31899999827],[115498.21200000122,464896.24300000072],[115515.37280000001,464934.26179999858],[115515.21900000051,464934.32999999821],[115509.96209999919,464937.247299999],[115506.87999999896,464938.6799999997],[115505.00360000134,464939.42929999903],[115497.85570000112,464942.28350000083],[115495.26000000164,464943.3200000003],[115484.52389999852,464947.77969999984],[115483.55999999866,464948.1799999997],[115474.47100000083,464951.77400000021],[115471.3200000003,464953.01999999955],[115468.54089999944,464954.02180000022],[115458.12330000103,464957.77670000121],[115457.33999999985,464958.05900000036],[115442.69999999925,464963.48000000045],[115426.48000000045,464969.37900000066],[115408.16000000015,464975.76199999824],[115400.75400000066,464978.15700000152],[115390.76199999824,464981.6950000003],[115379.98809999973,464985.59800000116],[115368.1790000014,464989.8759999983],[115363.71169999987,464991.48629999906],[115343.65799999982,464998.71499999985],[115329.70300000161,465003.6790000014],[115300.93800000101,465013.83900000155],[115283.0159999989,465020.44299999997],[115274.0560999997,465023.63419999927],[115255.93039999902,465030.08989999816],[115241.91899999976,464991.11300000176],[115344.11760000139,464688.46519999951],[115351.60200000182,464666.30099999905],[115327.57690000162,464658.18870000169],[115327.61080000177,464658.06670000032],[115338.92880000174,464624.79659999907],[115341.72630000114,464616.69649999961],[115351.99399999902,464586.96730000153],[115354.32019999996,464580.23200000077],[115354.54190000147,464579.59010000154],[115357.26859999821,464571.69519999996],[115372.66539999843,464527.1147999987],[115377.61080000177,464512.71070000157],[115378.38360000029,464510.45980000123],[115384.6436999999,464492.22630000114],[115402.25019999966,464440.94440000132],[115406.31239999831,464429.66589999944],[115422.02879999951,464386.02950000018],[115423.01680000126,464383.28610000014],[115448.25600000098,464312.65839999914],[115448.79309999943,464310.82580000162],[115450.01740000024,464306.64889999852],[115451.94260000065,464300.97569999844],[115452.4299999997,464300.0811999999],[115455.94700000063,464300.44000000134]]]},"properties":{"ORACLE_OBJECTID":1820,"CODE":"PAW_OR-4.09.OB04","NAAM":"OB Natuurmonumenten","STATUSOBJECT":"gerealiseerd","SOORTPEILGEBIED":"Onderbemaling","SOORTAFWATERING":"Bemalen","PEILBEHERENDEINSTANTIE":"VERGUNNINGHOUDER","OPPERVLAKTE":155710,"OMTREK":1888,"OPMERKING":null,"HYPERLINK":null,"ONTHEFFING":"V59228","SOORTPEILBEHEER":"fout in FME of vak met ongeldige streefpeilencombinatie (2)","VASTPEIL":-6.0999999999999996,"ZOMERPEIL":null,"WINTERPEIL":null,"FLEXZOMERPEILONDERGRENS":-6.0999999999999996,"FLEXZOMERPEILBOVENGRENS":-5.9800000000000004,"FLEXWINTERPEILONDERGRENS":-6.0999999999999996,"FLEXWINTERPEILBOVENGRENS":-5.9800000000000004,"ZOMERPEILTEKST":null,"WINTERPEILTEKST":null,"INWINNENDEINSTANTIE":"Hoogheemraadschap van Rijnland","METENDEINSTANTIE":null,"INWINNINGSMETHODE":null,"DIMENSIE":"2D","NAUWKEURIGHEIDXY":null,"NAUWKEURIGHEIDZ":null,"DATUMINWINNING":1406592000000,"GEOKPOBJECTID":139,"LAST_EDITED_DATE":1755259746000,"STATUSPEILGEBIED":"Vigerend definitief","SHAPE_AREA":0,"SHAPE_LEN":0,"BEVAT":null,"VOERTAFOP":null,"LONGITUDE":4.8092143199999997,"LATITUDE":52.168723030000002,"XCOORDINAAT":115458.08,"YCOORDINAAT":464665.09000000003,"VASTBEHEERMARGEBOVEN":null,"VASTBEHEERMARGEONDER":null,"ZPBEHEERMARGEBOVEN":null,"ZPBEHEERMARGEONDER":null,"WPBEHEERMARGEONDER":null,"WPBEHEERMARGEBOVEN":null,"FLEXZPONDERBEHEERMARGEBOVEN":null,"FLEXZPONDERBEHEERMARGEONDER":null,"FLEXZPBOVENBEHEERMARGEBOVEN":null,"FLEXZPBOVENBEHEERMARGEONDER":null,"FLEXWPONDERBEHEERMARGEBOVEN":null,"FLEXWPONDERBEHEERMARGEONDER":null,"FLEXWPBOVENBEHEERMARGEBOVEN":null,"FLEXWPBOVENBEHEERMARGEONDER":null,"OBJECTID2":155}},{"type":"Feature","id":156,"geometry":{"type":"Polygon","coordinates":[[[105600.64900000021,463826.60799999908],[105608.46299999952,463867.48099999875],[105612.51199999824,463886.39499999955],[105631.31500000134,463986.15300000086],[105634.05700000003,464000.19200000167],[105635.06500000134,464005.3599999994],[105639.52699999884,464029.97599999979],[105641.29300000146,464038.78400000185],[105642.36600000039,464042.875],[105642.24500000104,464043.10500000045],[105642.04600000009,464043.30299999937],[105641.78200000152,464043.40900000185],[105641.51700000092,464043.53799999878],[105595.13100000098,464042.30299999937],[105558.67199999839,464041.37200000137],[105515.66699999943,464040.29199999943],[105426.29399999976,464038.27899999917],[105411.07400000095,464037.93699999899],[105306.25299999863,464035.48299999908],[105122.53099999949,464030.6790000014],[105087.36600000039,464029.70199999958],[105050.1950000003,464028.85500000045],[105000.15100000054,464027.38100000098],[104945.87299999967,464025.72800000012],[104917.64799999818,464024.95899999887],[104916.33700000122,464024.93699999899],[104915.9849999994,464024.85799999908],[104915.77899999917,464024.68499999866],[104915.65100000054,464024.48099999875],[104914.34299999848,464019.8200000003],[104910.36899999902,463999.81199999899],[104904.81700000167,463966.00600000098],[104895.81199999899,463910.57200000063],[104890.01300000027,463873.91000000015],[104884.86400000006,463845.02800000086],[104883.40399999917,463835.66899999976],[104883.50499999896,463834.67500000075],[104883.64200000092,463833.84800000116],[104884.29399999976,463832.88300000131],[104885.15500000119,463832.11400000006],[104886.84899999946,463831.63899999857],[104886.83100000024,463831.20199999958],[104886.55299999937,463824.66499999911],[104884.99399999902,463824.66699999943],[104883.60799999908,463823.8900000006],[104882.52600000054,463823.01000000164],[104881.71499999985,463822.19900000095],[104880.87000000104,463820.70699999854],[104877.83500000089,463806.32299999893],[104874.53799999878,463786.83399999887],[104872.95100000128,463776.80200000107],[104872.41600000113,463772.58399999887],[104868.52699999884,463748.89400000125],[104865.1790000014,463728.73099999875],[104859.53500000015,463696.83500000089],[104850.92500000075,463640.94399999827],[104838.94099999964,463569.9840000011],[104834.05299999937,463536.62099999934],[104852.51700000092,463537.33399999887],[104910.75600000098,463539.58100000024],[105000.07800000161,463541.89699999988],[105020.10700000077,463542.41600000113],[105071.27699999884,463543.51399999857],[105164.57800000161,463545.68600000069],[105167.15599999949,463545.65100000054],[105167.32299999893,463545.63300000131],[105167.32200000063,463545.22399999946],[105167.30799999833,463545.10700000077],[105167.19799999893,463544.20600000024],[105160.11699999869,463504.30700000003],[105159.50699999928,463500.73299999908],[105159.56500000134,463500.72300000116],[105163.60700000077,463500.03299999982],[105165.44799999893,463498.80600000173],[105165.79100000113,463497.89200000092],[105171.57600000128,463496.55600000173],[105219.63100000098,463489.29399999976],[105284.56399999931,463478.68899999931],[105321.8909999989,463472.80299999937],[105345.43299999833,463468.87799999863],[105385.19299999997,463462.38100000098],[105426.13899999857,463455.75299999863],[105427.89799999818,463456.28500000015],[105429.02899999917,463456.28500000015],[105432.41899999976,463455.83199999854],[105436.29199999943,463455.07899999991],[105448.7509999983,463452.11600000039],[105453.70199999958,463472.93800000101],[105454.68499999866,463476.02100000158],[105457.96499999985,463477.81700000167],[105460.19999999925,463477.83799999952],[105461.0390000008,463477.06700000167],[105463.30900000036,463475.98800000176],[105467.61400000006,463475.46200000122],[105488.32499999925,463471.63300000131],[105493.39499999955,463471.11199999973],[105494.0709999986,463472.70600000024],[105494.20499999821,463473.21499999985],[105495.37900000066,463483.88899999857],[105497.9849999994,463500.15799999982],[105498.59499999881,463503.97300000116],[105498.79100000113,463504.75800000131],[105499.30099999905,463505.86499999836],[105499.80999999866,463506.42500000075],[105500.51300000027,463506.75400000066],[105501.61199999973,463506.85300000012],[105504.05700000003,463506.5700000003],[105509.28400000185,463505.65599999949],[105510.84099999815,463505.35200000182],[105519.48299999908,463503.48699999973],[105528.36199999973,463501.45600000024],[105530.33500000089,463500.97100000083],[105535.05700000003,463499.80999999866],[105538.59899999946,463499.22399999946],[105538.80700000003,463500.20600000024],[105539.21700000018,463502.15700000152],[105541.66099999845,463512.82299999893],[105542.68699999899,463518.9299999997],[105544.1799999997,463528.72199999914],[105547.34899999946,463546.22100000083],[105550.84899999946,463564.80000000075],[105555.73600000143,463590.28999999911],[105562.58799999952,463624.8359999992],[105566.77100000158,463647.99799999967],[105574.08500000089,463687.94099999964],[105583.89299999923,463737.15300000086],[105586.0859999992,463748.4140000008],[105589.66299999878,463767.46299999952],[105594.42599999905,463793.51000000164],[105600.64900000021,463826.60799999908]]]},"properties":{"ORACLE_OBJECTID":1821,"CODE":"PAW_OR-4.06.OB15","NAAM":"Polder Vierambacht","STATUSOBJECT":"gerealiseerd","SOORTPEILGEBIED":"Onderbemaling","SOORTAFWATERING":"Bemalen","PEILBEHERENDEINSTANTIE":"KADASTRAAL EIGENAAR","OPPERVLAKTE":377954,"OMTREK":2595,"OPMERKING":null,"HYPERLINK":null,"ONTHEFFING":null,"SOORTPEILBEHEER":"seizoensgebonden peil (vast)","VASTPEIL":null,"ZOMERPEIL":-5.7699999999999996,"WINTERPEIL":-5.9199999999999999,"FLEXZOMERPEILONDERGRENS":null,"FLEXZOMERPEILBOVENGRENS":null,"FLEXWINTERPEILONDERGRENS":null,"FLEXWINTERPEILBOVENGRENS":null,"ZOMERPEILTEKST":"-5.77","WINTERPEILTEKST":"-5.92","INWINNENDEINSTANTIE":"Hoogheemraadschap van Rijnland","METENDEINSTANTIE":null,"INWINNINGSMETHODE":null,"DIMENSIE":"2D","NAUWKEURIGHEIDXY":null,"NAUWKEURIGHEIDZ":null,"DATUMINWINNING":1385078400000,"GEOKPOBJECTID":46,"LAST_EDITED_DATE":1726934521000,"STATUSPEILGEBIED":"Vigerend definitief","SHAPE_AREA":0,"SHAPE_LEN":0,"BEVAT":null,"VOERTAFOP":null,"LONGITUDE":4.6599739299999996,"LATITUDE":52.15965319,"XCOORDINAAT":105238.21000000001,"YCOORDINAAT":463747.83000000002,"VASTBEHEERMARGEBOVEN":null,"VASTBEHEERMARGEONDER":null,"ZPBEHEERMARGEBOVEN":null,"ZPBEHEERMARGEONDER":null,"WPBEHEERMARGEONDER":null,"WPBEHEERMARGEBOVEN":null,"FLEXZPONDERBEHEERMARGEBOVEN":null,"FLEXZPONDERBEHEERMARGEONDER":null,"FLEXZPBOVENBEHEERMARGEBOVEN":null,"FLEXZPBOVENBEHEERMARGEONDER":null,"FLEXWPONDERBEHEERMARGEBOVEN":null,"FLEXWPONDERBEHEERMARGEONDER":null,"FLEXWPBOVENBEHEERMARGEBOVEN":null,"FLEXWPBOVENBEHEERMARGEONDER":null,"OBJECTID2":156}},{"type":"Feature","id":160,"geometry":{"type":"Polygon","coordinates":[[[108125.46180000156,454778.58669999987],[108134.35119999945,454785.4395999983],[108723.2928000018,455235.98519999906],[108771.14359999821,455272.57389999926],[108781.19570000097,455279.02800000086],[108791.74379999936,455285.80059999973],[108790.1240000017,455288.25530000031],[108786.73250000179,455293.75600000098],[108784.87909999862,455297.55660000071],[108783.3590000011,455301.66120000184],[108781.53689999878,455306.91110000014],[108779.35550000146,455314.95069999993],[108774.39829999954,455333.30970000103],[108769.31500000134,455352.31300000101],[108768.83300000057,455354.125],[108767.33999999985,455359.73099999875],[108760.10300000012,455386.91200000048],[108747.90100000054,455432.92000000179],[108733.61499999836,455429.33799999952],[108736.63289999962,455417.18299999833],[108310.21590000018,455059.73719999939],[108319.4525000006,455048.82310000062],[108103.25180000067,454868.72199999914],[108109.86580000073,454832.86580000073],[108112.97329999879,454814.42570000142],[108117.07669999823,454788.00160000101],[108118.81159999967,454777.48919999972],[108125.46180000156,454778.58669999987]]]},"properties":{"ORACLE_OBJECTID":1468,"CODE":"PAW_WW-31.OB10B","NAAM":"OB Dammekade 2","STATUSOBJECT":"gerealiseerd","SOORTPEILGEBIED":"Onderbemaling","SOORTAFWATERING":"Bemalen","PEILBEHERENDEINSTANTIE":"VERGUNNINGHOUDER","OPPERVLAKTE":94508,"OMTREK":1970,"OPMERKING":"De onderbemalingsgrens is later met een wijzigingsvoorstelin bij V65613 aangepast ","HYPERLINK":null,"ONTHEFFING":"V65613","SOORTPEILBEHEER":"dynamisch peil","VASTPEIL":null,"ZOMERPEIL":null,"WINTERPEIL":null,"FLEXZOMERPEILONDERGRENS":-2.5499999999999998,"FLEXZOMERPEILBOVENGRENS":null,"FLEXWINTERPEILONDERGRENS":-2.5499999999999998,"FLEXWINTERPEILBOVENGRENS":null,"ZOMERPEILTEKST":"bov: / ond:-2.55","WINTERPEILTEKST":"bov: / ond:-2.55","INWINNENDEINSTANTIE":"Hoogheemraadschap van Rijnland","METENDEINSTANTIE":null,"INWINNINGSMETHODE":"digitaliseren","DIMENSIE":"2D","NAUWKEURIGHEIDXY":null,"NAUWKEURIGHEIDZ":null,"DATUMINWINNING":1592179200000,"GEOKPOBJECTID":37763,"LAST_EDITED_DATE":1744725508000,"STATUSPEILGEBIED":"Vigerend definitief","SHAPE_AREA":0,"SHAPE_LEN":0,"BEVAT":null,"VOERTAFOP":null,"LONGITUDE":4.7080535799999996,"LATITUDE":52.082257650000003,"XCOORDINAAT":108447.5,"YCOORDINAAT":455105.20000000001,"VASTBEHEERMARGEBOVEN":null,"VASTBEHEERMARGEONDER":null,"ZPBEHEERMARGEBOVEN":null,"ZPBEHEERMARGEONDER":null,"WPBEHEERMARGEONDER":null,"WPBEHEERMARGEBOVEN":null,"FLEXZPONDERBEHEERMARGEBOVEN":null,"FLEXZPONDERBEHEERMARGEONDER":null,"FLEXZPBOVENBEHEERMARGEBOVEN":null,"FLEXZPBOVENBEHEERMARGEONDER":null,"FLEXWPONDERBEHEERMARGEBOVEN":null,"FLEXWPONDERBEHEERMARGEONDER":null,"FLEXWPBOVENBEHEERMARGEBOVEN":null,"FLEXWPBOVENBEHEERMARGEONDER":null,"OBJECTID2":160}},{"type":"Feature","id":161,"geometry":{"type":"Polygon","coordinates":[[[104047.13749999925,463154.92940000072],[104041.29690000042,463040.78409999982],[104022.46200000122,463040.86309999973],[104022.39130000025,463038.70380000025],[104022.3302000016,463034.58049999923],[104076.96860000119,463033.81439999864],[104078.97470000014,463033.84650000185],[104086.15729999915,463153.75730000064],[104077.99159999937,463153.35060000047],[104047.13749999925,463154.92940000072]]]},"properties":{"ORACLE_OBJECTID":1335,"CODE":"PAW_OR-3.48.HW11","NAAM":"HW Oudshoorn Heimansbuurt 1 (Vrouwgeestmolen)","STATUSOBJECT":null,"SOORTPEILGEBIED":"Hoogwatervoorziening","SOORTAFWATERING":"Gestuwd","PEILBEHERENDEINSTANTIE":"VERGUNNINGHOUDER","OPPERVLAKTE":4745,"OMTREK":355,"OPMERKING":"uitbreiding Heimansbuurt 1 HW voorziening poldersloten rond de percelen Oudshoorn A1281 en A1529  Indicatief peil (hoogte stuw onbekend).","HYPERLINK":null,"ONTHEFFING":"2020-023478","SOORTPEILBEHEER":"onbekend","VASTPEIL":null,"ZOMERPEIL":null,"WINTERPEIL":null,"FLEXZOMERPEILONDERGRENS":null,"FLEXZOMERPEILBOVENGRENS":null,"FLEXWINTERPEILONDERGRENS":null,"FLEXWINTERPEILBOVENGRENS":null,"ZOMERPEILTEKST":null,"WINTERPEILTEKST":null,"INWINNENDEINSTANTIE":"Hoogheemraadschap van Rijnland","METENDEINSTANTIE":null,"INWINNINGSMETHODE":"digitaliseren","DIMENSIE":"2D","NAUWKEURIGHEIDXY":null,"NAUWKEURIGHEIDZ":null,"DATUMINWINNING":1618963200000,"GEOKPOBJECTID":45473,"LAST_EDITED_DATE":1744725508000,"STATUSPEILGEBIED":"Vigerend definitief","SHAPE_AREA":0,"SHAPE_LEN":0,"BEVAT":null,"VOERTAFOP":null,"LONGITUDE":4.6427705399999999,"LATITUDE":52.153672479999997,"XCOORDINAAT":104054.24000000001,"YCOORDINAAT":463094.37,"VASTBEHEERMARGEBOVEN":null,"VASTBEHEERMARGEONDER":null,"ZPBEHEERMARGEBOVEN":null,"ZPBEHEERMARGEONDER":null,"WPBEHEERMARGEONDER":null,"WPBEHEERMARGEBOVEN":null,"FLEXZPONDERBEHEERMARGEBOVEN":null,"FLEXZPONDERBEHEERMARGEONDER":null,"FLEXZPBOVENBEHEERMARGEBOVEN":null,"FLEXZPBOVENBEHEERMARGEONDER":null,"FLEXWPONDERBEHEERMARGEBOVEN":null,"FLEXWPONDERBEHEERMARGEONDER":null,"FLEXWPBOVENBEHEERMARGEBOVEN":null,"FLEXWPBOVENBEHEERMARGEONDER":null,"OBJECTID2":161}},{"type":"Feature","id":167,"geometry":{"type":"Polygon","coordinates":[[[105306.93919999897,451846.47580000013],[105329.91860000044,451845.1464000009],[105421.35640000179,451841.26440000162],[105460.63170000166,451817.40689999983],[105472.75860000029,451812.84870000184],[105712.12950000167,451802.15929999948],[105726.68659999967,451803.01460000128],[105730.56659999862,451806.49909999967],[105733.21279999986,451839.31390000135],[105726.2659999989,451847.65890000015],[105728.50930000097,451863.62150000036],[105742.69260000065,451969.4178000018],[105743.76949999854,451973.7910999991],[105743.07899999991,451975.83229999989],[105739.67300000042,451977.11250000075],[105344.80059999973,451999.1895999983],[105341.71319999918,451986.56320000067],[105339.73570000008,451977.30330000073],[105329.42969999835,451977.60080000013],[105327.63129999861,451964.95639999956],[105336.4208999984,451964.34769999981],[105335.31949999928,451957.1427000016],[105327.37209999934,451923.17509999871],[105322.78970000148,451901.05559999868],[105319.62700000033,451886.43620000035],[105312.93279999867,451887.24199999869],[105312.62999999896,451884.91970000044],[105311.58720000088,451872.76880000159],[105316.20919999853,451872.37909999862],[105312.63549999893,451855.01170000061],[105309.64909999818,451855.61589999869],[105305.86659999937,451854.65349999815],[105305.5271999985,451848.92419999838],[105306.93919999897,451846.47580000013]]]},"properties":{"ORACLE_OBJECTID":4481,"CODE":"PAW_WW-28A.HW01","NAAM":null,"STATUSOBJECT":null,"SOORTPEILGEBIED":"Hoogwatervoorziening","SOORTAFWATERING":"Gestuwd","PEILBEHERENDEINSTANTIE":"VERGUNNINGHOUDER","OPPERVLAKTE":69757,"OMTREK":1199,"OPMERKING":"Peil komt op zelfde hoogte als polder 29A volgens vergunning 2022-010545.","HYPERLINK":null,"ONTHEFFING":"2022-010545 / 2024-004525","SOORTPEILBEHEER":"dynamisch peil","VASTPEIL":null,"ZOMERPEIL":null,"WINTERPEIL":null,"FLEXZOMERPEILONDERGRENS":-3.0699999999999998,"FLEXZOMERPEILBOVENGRENS":-1.8999999999999999,"FLEXWINTERPEILONDERGRENS":-3.0699999999999998,"FLEXWINTERPEILBOVENGRENS":-1.8999999999999999,"ZOMERPEILTEKST":"bov:-1.90 / ond:-3.07","WINTERPEILTEKST":"bov:-1.90 / ond:-3.07","INWINNENDEINSTANTIE":"Hoogheemraadschap van Rijnland","METENDEINSTANTIE":null,"INWINNINGSMETHODE":"digitaliseren","DIMENSIE":"2D","NAUWKEURIGHEIDXY":null,"NAUWKEURIGHEIDZ":null,"DATUMINWINNING":null,"GEOKPOBJECTID":56033,"LAST_EDITED_DATE":1744725508000,"STATUSPEILGEBIED":"Ontwerp","SHAPE_AREA":0,"SHAPE_LEN":0,"BEVAT":null,"VOERTAFOP":null,"LONGITUDE":4.6658799399999999,"LATITUDE":52.053203570000001,"XCOORDINAAT":105524.64999999999,"YCOORDINAAT":451900.66999999998,"VASTBEHEERMARGEBOVEN":null,"VASTBEHEERMARGEONDER":null,"ZPBEHEERMARGEBOVEN":null,"ZPBEHEERMARGEONDER":null,"WPBEHEERMARGEONDER":null,"WPBEHEERMARGEBOVEN":null,"FLEXZPONDERBEHEERMARGEBOVEN":null,"FLEXZPONDERBEHEERMARGEONDER":null,"FLEXZPBOVENBEHEERMARGEBOVEN":null,"FLEXZPBOVENBEHEERMARGEONDER":null,"FLEXWPONDERBEHEERMARGEBOVEN":null,"FLEXWPONDERBEHEERMARGEONDER":null,"FLEXWPBOVENBEHEERMARGEBOVEN":null,"FLEXWPBOVENBEHEERMARGEONDER":null,"OBJECTID2":167}},{"type":"Feature","id":169,"geometry":{"type":"Polygon","coordinates":[[[109270.83999999985,458989.82400000095],[109277.27800000086,459000.04899999872],[109250.20600000024,459016.92599999905],[109253.44399999827,459022.12000000104],[109227.21700000018,459038.47399999946],[109226.81199999899,459038.72700000182],[109224.41200000048,459034.9840000011],[109224.24799999967,459034.72700000182],[109210.38300000131,459012.92799999937],[109186.77400000021,458975.47800000012],[109185.97700000182,458976.01799999923],[109174.25800000131,458983.95300000161],[109167.27299999818,458973.02600000054],[109144.5549999997,458937.48699999973],[109077.83700000122,458833.11400000006],[109075.76999999955,458829.88100000098],[109062.02600000054,458808.41499999911],[109024.62299999967,458750],[109011.29600000009,458729.18499999866],[109000,458711.54300000146],[108981.43800000101,458682.5540000014],[108950.30799999833,458633.93499999866],[108910.35000000149,458571.52800000086],[108847.71400000155,458473.70300000161],[108843.88300000131,458467.72100000083],[108838.64809999987,458459.5449000001],[108821.41800000146,458432.63399999961],[108811.54699999839,458417.21599999815],[108829.03700000048,458406.01799999923],[108832.47500000149,458403.35599999875],[108835.33720000088,458401.17920000106],[108837.01300000027,458399.90500000119],[108842.7659999989,458395.52800000086],[108845.94099999964,458393.04699999839],[108849.23600000143,458390.70499999821],[108852.37099999934,458388.38300000131],[108855.76399999857,458385.96200000122],[108858.95899999887,458383.97800000012],[108861.09209999815,458382.79630000144],[108861.16699999943,458382.75499999896],[108864.47599999979,458380.92199999839],[108868.62299999967,458378.77899999917],[108873.04800000042,458376.77499999851],[108878.10799999908,458374.80999999866],[108882.75200000033,458373.12299999967],[108886.54199999943,458371.53599999845],[108889.15410000086,458370.16010000184],[108889.89499999955,458369.76999999955],[108894.63800000027,458367.13100000098],[108900.41299999878,458363.75699999928],[108908.84600000083,458358.93499999866],[108912.53409999982,458357.05519999936],[108913.5848999992,458356.51990000159],[108920.8599999994,458352.81199999899],[108944.79089999944,458337.36089999974],[108946.45399999991,458336.28700000048],[108950.79190000147,458343.00600000098],[108962.19799999893,458360.67300000042],[108968.34829999879,458370.57380000129],[108969.41600000113,458372.29199999943],[108978.14799999818,458386.34800000116],[108972.76199999824,458397.4609999992],[108972.93400000036,458397.72599999979],[109009.68600000069,458454.18800000101],[109087.61100000143,458573.90799999982],[109104.8209999986,458600.8599999994],[109172.25299999863,458706.46700000018],[109195.56199999899,458742.96999999881],[109296.9990000017,458902.23299999908],[109305.30099999905,458914.61699999869],[109316.6090000011,458908.08900000155],[109324.05600000173,458903.78999999911],[109333.28500000015,458918.73000000045],[109332.18299999833,458919.37099999934],[109327.76300000027,458921.94399999827],[109342.20899999887,458944.8900000006],[109270.83999999985,458989.82400000095]]]},"properties":{"ORACLE_OBJECTID":217,"CODE":"PAW_OR-4.12.HW08","NAAM":"HW 08 (Kortsteekterweg 16)","STATUSOBJECT":"gerealiseerd","SOORTPEILGEBIED":"Hoogwatervoorziening","SOORTAFWATERING":"Gestuwd","PEILBEHERENDEINSTANTIE":"VERGUNNINGHOUDER","OPPERVLAKTE":109043,"OMTREK":1846,"OPMERKING":null,"HYPERLINK":null,"ONTHEFFING":"V62593","SOORTPEILBEHEER":"vast peil","VASTPEIL":-2.1499999999999999,"ZOMERPEIL":null,"WINTERPEIL":null,"FLEXZOMERPEILONDERGRENS":null,"FLEXZOMERPEILBOVENGRENS":null,"FLEXWINTERPEILONDERGRENS":null,"FLEXWINTERPEILBOVENGRENS":null,"ZOMERPEILTEKST":"-2.15","WINTERPEILTEKST":"-2.15","INWINNENDEINSTANTIE":"Hoogheemraadschap van Rijnland","METENDEINSTANTIE":null,"INWINNINGSMETHODE":"digitaliseren","DIMENSIE":"2D","NAUWKEURIGHEIDXY":null,"NAUWKEURIGHEIDZ":null,"DATUMINWINNING":1467849600000,"GEOKPOBJECTID":76,"LAST_EDITED_DATE":1744725508000,"STATUSPEILGEBIED":"Vigerend definitief","SHAPE_AREA":0,"SHAPE_LEN":0,"BEVAT":null,"VOERTAFOP":null,"LONGITUDE":4.7167523300000003,"LATITUDE":52.11450619,"XCOORDINAAT":109076.88,"YCOORDINAAT":458687.51000000001,"VASTBEHEERMARGEBOVEN":null,"VASTBEHEERMARGEONDER":null,"ZPBEHEERMARGEBOVEN":null,"ZPBEHEERMARGEONDER":null,"WPBEHEERMARGEONDER":null,"WPBEHEERMARGEBOVEN":null,"FLEXZPONDERBEHEERMARGEBOVEN":null,"FLEXZPONDERBEHEERMARGEONDER":null,"FLEXZPBOVENBEHEERMARGEBOVEN":null,"FLEXZPBOVENBEHEERMARGEONDER":null,"FLEXWPONDERBEHEERMARGEBOVEN":null,"FLEXWPONDERBEHEERMARGEONDER":null,"FLEXWPBOVENBEHEERMARGEBOVEN":null,"FLEXWPBOVENBEHEERMARGEONDER":null,"OBJECTID2":169}},{"type":"Feature","id":171,"geometry":{"type":"Polygon","coordinates":[[[108164.99100000039,462506.98900000006],[108166.26900000125,462507.89900000021],[108171.24500000104,462510.60200000182],[108171.9290000014,462510.98299999908],[108172.66499999911,462511.25200000033],[108173.43299999833,462511.53200000152],[108174.23600000143,462511.68200000003],[108175.06199999899,462511.83700000122],[108175.90300000086,462511.85000000149],[108176.75600000098,462511.86300000176],[108177.59899999946,462511.73000000045],[108178.44200000167,462511.59699999914],[108179.25,462511.3209999986],[108180.04600000009,462511.05000000075],[108180.78400000185,462510.64799999818],[108181.50200000033,462510.25699999928],[108182.14499999955,462509.75400000066],[108182.76199999824,462509.27199999988],[108183.29600000009,462508.69799999893],[108183.46599999815,462508.5150000006],[108183.60399999842,462508.3049999997],[108193.8040000014,462492.82299999893],[108200.27600000054,462484.875],[108218.58700000122,462497.28200000152],[108227.0390000008,462503.00699999928],[108227.63399999961,462503.58799999952],[108232.03000000119,462518.7490000017],[108245.05000000075,462565.67399999872],[108248.52899999917,462578.21400000155],[108260.11499999836,462619.97599999979],[108253.10200000182,462624.25699999928],[108252.12799999863,462624.8209999986],[108251.19299999997,462625.44799999893],[108250.2509999983,462626.07999999821],[108249.35399999842,462626.77199999988],[108248.45300000161,462627.46700000018],[108247.60000000149,462628.22100000083],[108246.74500000104,462628.97700000182],[108245.94299999997,462629.78799999878],[108245.1400000006,462630.59899999946],[108244.39400000125,462631.46200000122],[108243.64900000021,462632.32200000063],[108242.96299999952,462633.23099999875],[108242.28000000119,462634.13599999994],[108241.65900000185,462635.08300000057],[108241.04199999943,462636.02499999851],[108240.48800000176,462637.00499999896],[108229.05700000003,462652.21499999985],[108214.55099999905,462671.51700000092],[108205.88500000164,462683.04699999839],[108201.65799999982,462689.27800000086],[108161.46599999815,462744.92599999905],[108153.95600000024,462755.41899999976],[108111.98800000176,462725.48699999973],[108111.73999999836,462719.46599999815],[108111.57699999958,462715.5009999983],[108110.46799999848,462712.9990000017],[108108.94900000095,462711.12999999896],[108107.02699999884,462709.27400000021],[108079.17700000107,462690.93699999899],[108078.35000000149,462690.34800000116],[108077.4840000011,462688.69000000134],[108076.61800000072,462686.82899999991],[108073.49500000104,462672.02699999884],[108072.98800000176,462669.625],[108068.57800000161,462648.71900000051],[108068.46499999985,462647.96799999848],[108068.97500000149,462647.08199999854],[108083.24100000039,462626.26700000092],[108164.99100000039,462506.98900000006]]]},"properties":{"ORACLE_OBJECTID":205,"CODE":"PAW_OR-4.18.OB03","NAAM":"OB Golfbaan III","STATUSOBJECT":"gerealiseerd","SOORTPEILGEBIED":"Onderbemaling","SOORTAFWATERING":"Bemalen","PEILBEHERENDEINSTANTIE":"KADASTRAAL EIGENAAR","OPPERVLAKTE":28553,"OMTREK":695,"OPMERKING":null,"HYPERLINK":null,"ONTHEFFING":null,"SOORTPEILBEHEER":"seizoensgebonden peil (vast)","VASTPEIL":null,"ZOMERPEIL":-2.5800000000000001,"WINTERPEIL":-2.6299999999999999,"FLEXZOMERPEILONDERGRENS":null,"FLEXZOMERPEILBOVENGRENS":null,"FLEXWINTERPEILONDERGRENS":null,"FLEXWINTERPEILBOVENGRENS":null,"ZOMERPEILTEKST":"-2.58","WINTERPEILTEKST":"-2.63","INWINNENDEINSTANTIE":"Hoogheemraadschap van Rijnland","METENDEINSTANTIE":null,"INWINNINGSMETHODE":null,"DIMENSIE":"2D","NAUWKEURIGHEIDXY":null,"NAUWKEURIGHEIDZ":null,"DATUMINWINNING":1396915200000,"GEOKPOBJECTID":110,"LAST_EDITED_DATE":1726934522000,"STATUSPEILGEBIED":"Vigerend definitief","SHAPE_AREA":0,"SHAPE_LEN":0,"BEVAT":null,"VOERTAFOP":null,"LONGITUDE":4.70288869,"LATITUDE":52.149774059999999,"XCOORDINAAT":108164.28999999999,"YCOORDINAAT":462620.15000000002,"VASTBEHEERMARGEBOVEN":null,"VASTBEHEERMARGEONDER":null,"ZPBEHEERMARGEBOVEN":null,"ZPBEHEERMARGEONDER":null,"WPBEHEERMARGEONDER":null,"WPBEHEERMARGEBOVEN":null,"FLEXZPONDERBEHEERMARGEBOVEN":null,"FLEXZPONDERBEHEERMARGEONDER":null,"FLEXZPBOVENBEHEERMARGEBOVEN":null,"FLEXZPBOVENBEHEERMARGEONDER":null,"FLEXWPONDERBEHEERMARGEBOVEN":null,"FLEXWPONDERBEHEERMARGEONDER":null,"FLEXWPBOVENBEHEERMARGEBOVEN":null,"FLEXWPBOVENBEHEERMARGEONDER":null,"OBJECTID2":171}},{"type":"Feature","id":176,"geometry":{"type":"Polygon","coordinates":[[[114858.49850000069,461471.07169999927],[114853.35920000076,461483.74940000102],[114848.92880000174,461492.53489999846],[114844.08720000088,461504.93450000137],[114839.09470000118,461516.20930000022],[114833.03339999914,461529.42790000141],[114827.06410000101,461542.00439999998],[114824.07860000059,461549.2985999994],[114820.76150000095,461554.96449999884],[114816.99810000136,461553.65830000117],[114811.59800000116,461548.56390000135],[114807.13179999962,461545.54329999909],[114801.92390000075,461540.52409999818],[114798.26729999855,461537.07970000058],[114796.84679999948,461536.13089999929],[114796.35949999839,461535.80539999902],[114793.39519999921,461533.82530000061],[114788.96020000055,461530.76610000059],[114784.06069999933,461527.80079999939],[114782.75059999898,461526.53229999915],[114778.01819999889,461522.26520000026],[114774.71950000152,461519.45430000126],[114774.28159999847,461519.08109999821],[114773.00319999829,461518.45219999924],[114769.50649999827,461516.73189999908],[114763.31129999831,461513.83700000122],[114756.99159999937,461510.77499999851],[114751.57279999927,461506.81579999998],[114745.84340000153,461502.10200000182],[114739.9637000002,461497.87029999867],[114735.4096999988,461494.72899999842],[114731.15399999917,461491.26000000164],[114727.92500000075,461488.28799999878],[114725.88170000166,461486.51949999854],[114725.41360000148,461486.22289999947],[114723.58639999852,461485.06500000134],[114720.78869999945,461483.35610000044],[114717.40749999881,461481.29060000181],[114714.40329999849,461479.43169999868],[114711.2648999989,461477.39570000023],[114707.94099999964,461475.23849999905],[114705.45630000159,461473.34800000116],[114702.32239999995,461470.9635999985],[114698.66679999977,461468.39490000159],[114697.92940000072,461468.4728000015],[114696.05519999936,461468.6708999984],[114690.56500000134,461465.07620000094],[114690.10080000013,461464.77230000123],[114689.21269999817,461462.74870000035],[114685.44000000134,461459.87489999831],[114681.76790000126,461456.65509999916],[114677.8376000002,461452.83630000055],[114675.18870000169,461450.66120000184],[114674.90590000153,461450.4290000014],[114672.39579999819,461448.57479999959],[114669.51729999855,461447.2835999988],[114666.63870000094,461445.99230000004],[114666.51929999888,461445.9589000009],[114663.13740000129,461445.01429999992],[114659.04569999874,461443.86309999973],[114655.10619999841,461442.75789999962],[114651.55490000173,461440.92330000177],[114647.82079999894,461438.94379999861],[114643.7648999989,461435.82479999959],[114640.52389999852,461433.30620000139],[114637.53350000083,461431.24879999831],[114634.36569999903,461429.12849999964],[114631.86549999937,461427.52800000086],[114631.30970000103,461427.17220000178],[114628.04549999908,461425.23660000041],[114625.08540000021,461423.48299999908],[114623.20690000057,461422.60860000178],[114622.51749999821,461422.28779999912],[114619.26469999924,461420.76309999824],[114616.19959999993,461419.64090000093],[114612.29140000045,461418.12550000101],[114609.52030000091,461417.07039999962],[114608.08920000121,461416.47989999875],[114605.75959999859,461415.60509999841],[114603.50600000098,461414.3359999992],[114601.59560000151,461412.74269999936],[114598.75189999864,461410.57070000097],[114595.83060000092,461408.85390000045],[114592.32259999961,461407.09750000015],[114588.60649999976,461405.43250000104],[114585.71119999886,461403.79560000077],[114582.51260000095,461401.79610000178],[114579.93459999934,461399.94610000029],[114577.94509999827,461397.21119999886],[114577.08570000157,461394.95540000126],[114575.72040000185,461391.52670000121],[114574.77360000089,461389.50090000033],[114573.87170000002,461388.41050000116],[114571.86149999872,461386.55200000107],[114569.30600000173,461384.98270000145],[114566.40129999816,461383.14449999854],[114563.19970000163,461380.9001000002],[114560.01080000028,461378.56140000001],[114556.75560000166,461375.42929999903],[114553.79509999976,461372.10110000148],[114550.79780000076,461369.22269999981],[114547.90509999916,461366.6270999983],[114545.27270000055,461365.47329999879],[114541.06760000065,461363.71700000018],[114537.94949999824,461362.39479999989],[114533.09409999847,461360.13039999828],[114529.24570000172,461357.97230000049],[114526.01410000026,461355.88170000166],[114523.59760000184,461353.92570000142],[114522.26509999856,461352.41010000184],[114522.13809999824,461350.69420000166],[114522.70190000162,461347.66290000081],[114524.49130000174,461344.69330000132],[114528.14660000056,461338.80099999905],[114532.55020000041,461332.09409999847],[114537.31210000068,461325.9822999984],[114539.747299999,461322.20580000058],[114544.0485999994,461315.42770000175],[114548.496199999,461308.39009999856],[114552.96959999949,461301.48149999976],[114557.6939000003,461294.08879999816],[114561.42839999869,461288.40150000155],[114565.86160000041,461281.61760000139],[114572.39680000022,461271.99370000139],[114576.99700000137,461265.14189999923],[114581.2415000014,461258.6446999982],[114586.14059999958,461251.15179999918],[114590.66290000081,461243.98620000109],[114593.53220000118,461239.2890000008],[114598.8134999983,461231.78489999846],[114601.86239999905,461226.73559999838],[114606.31899999827,461219.82959999889],[114610.57519999892,461213.23730000108],[114615.36039999872,461205.19559999928],[114619.8291000016,461198.41910000145],[114624.33659999818,461191.27230000123],[114628.88679999858,461184.26859999821],[114632.19260000065,461179.17859999835],[114636.17280000076,461173.4673999995],[114640.07319999859,461167.99199999869],[114643.62559999898,461162.86780000106],[114646.34090000018,461158.80409999937],[114648.36760000139,461155.45109999925],[114650.64909999818,461151.43739999831],[114653.86230000108,461146.17749999836],[114657.71180000156,461140.15540000051],[114660.39799999818,461135.81280000135],[114664.53390000015,461129.19289999828],[114668.1101000011,461123.31749999896],[114671.70470000058,461117.01709999889],[114675.09910000116,461110.70210000128],[114678.64009999856,461104.4290000014],[114681.56540000066,461099.24639999866],[114685.8275000006,461090.0036999993],[114687.58639999852,461087.10310000181],[114691.57239999995,461079.78069999814],[114693.92210000008,461075.72340000048],[114696.48820000142,461071.6400000006],[114700.98620000109,461063.72619999945],[114704.62200000137,461057.40700000152],[114707.84349999949,461051.81069999933],[114711.65929999948,461045.0951000005],[114715.62110000104,461038.4598999992],[114717.68180000037,461035.23930000141],[114720.02540000156,461033.47740000114],[114722.88949999958,461033.1715000011],[114724.93039999902,461033.52939999849],[114725.08280000091,461033.5560999997],[114728.14510000125,461034.85410000011],[114733.30079999939,461037.56509999931],[114738.13210000098,461040.12489999831],[114740.36490000039,461041.26110000163],[114742.16349999979,461040.04690000042],[114744.40049999952,461036.38500000164],[114747.92660000175,461030.16690000147],[114751.88489999995,461022.94049999863],[114757.4552000016,461012.35449999943],[114764.15129999816,460999.85709999874],[114770.60680000111,460987.4525000006],[114775.71510000154,460978.08159999922],[114780.87099999934,460967.8077000007],[114786.46460000053,460957.63320000097],[114789.433699999,460951.53929999843],[114794.16759999841,460942.11730000004],[114798.82129999995,460932.98600000143],[114803.74230000004,460923.25939999893],[114808.27470000088,460914.76150000095],[114811.78400000185,460908.0560999997],[114816.27670000121,460899.64240000024],[114820.33280000091,460891.47540000081],[114822.67669999972,460886.88309999928],[114824.98350000009,460882.38819999993],[114827.47089999914,460877.65500000119],[114828.64950000122,460875.57349999994],[114830.5513000004,460872.29720000178],[114832.8013000004,460868.46169999987],[114835.67419999838,460863.7146999985],[114838.88749999925,460858.43620000035],[114842.10970000178,460852.64799999818],[114845.86809999868,460846.27470000088],[114848.76669999957,460840.87970000133],[114852.07829999924,460834.60130000114],[114856.68840000033,460826.13489999995],[114860.60090000182,460818.77250000089],[114864.10599999875,460812.04839999974],[114868.1138000004,460804.35460000113],[114871.61439999938,460797.45639999956],[114876.31239999831,460789.10889999941],[114880.3685999997,460781.6510999985],[114884.45540000126,460774.15060000122],[114885.82380000129,460772.08769999817],[114887.83949999884,460770.12260000035],[114889.6026000008,460769.88379999995],[114892.19779999927,460769.62689999864],[114893.83329999819,460770.3916000016],[114896.23420000076,460771.51429999992],[114903.71240000054,460775.97100000083],[114908.93809999898,460779.25560000166],[114913.96579999849,460780.85040000081],[114916.46539999917,460780.84120000154],[114917.65210000053,460780.63659999892],[114920.09129999951,460778.80270000175],[114921.53119999915,460777.33210000023],[114923.00230000168,460774.45969999954],[114923.35330000147,460772.14389999956],[114922.87649999931,460769.25400000066],[114922.0802000016,460766.41050000116],[114922.19379999861,460764.67069999874],[114922.96719999984,460762.12000000104],[114924.29549999908,460758.90100000054],[114927.2146999985,460753.29910000041],[114930.12339999899,460747.86320000142],[114933.12970000133,460742.5604000017],[114935.87939999998,460737.3478000015],[114938.683699999,460732.14510000125],[114942.09380000085,460726.59860000014],[114944.8300999999,460721.9096999988],[114947.45089999959,460716.55059999973],[114950.67289999872,460710.68169999868],[114953.52279999852,460705.60170000046],[114956.55310000107,460700.31019999832],[114959.31230000034,460696.47060000151],[114961.63589999825,460691.35300000012],[114963.51000000164,460687.33680000156],[114966.63899999857,460681.5989000015],[114969.17020000145,460677.04679999873],[114972.36100000143,460671.72190000117],[114974.68519999832,460667.47800000012],[114977.60830000043,460662.17130000144],[114980.24560000002,460657.3797999993],[114982.85500000045,460652.55570000038],[114985.21539999917,460647.82319999859],[114988.18890000135,460641.92870000005],[114990.91670000181,460636.83889999986],[114993.92320000008,460631.25620000064],[114996.72709999979,460626.03799999878],[114999.64809999987,460620.9541000016],[115002.35949999839,460616.5604000017],[115004.98059999943,460611.92280000076],[115007.37000000104,460607.34149999917],[115009.46959999949,460603.08069999889],[115012.59340000153,460597.14059999958],[115015.72129999846,460591.3898999989],[115018.72670000046,460585.91160000116],[115020.90590000153,460581.94000000134],[115023.18719999865,460577.68950000033],[115025.66660000011,460573.86400000006],[115028.48350000009,460569.20789999887],[115030.8359999992,460564.77549999952],[115033.23369999975,460560.27829999849],[115035.34219999984,460556.33249999955],[115038.55420000106,460552.08639999852],[115039.60020000115,460549.95670000091],[115041.92709999904,460545.22300000116],[115044.1884999983,460540.55519999936],[115046.43149999902,460536.47659999877],[115049.12590000033,460532.02120000124],[115051.79120000079,460527.30359999835],[115054.01209999993,460523.21939999983],[115055.93589999899,460519.24700000137],[115058.2509999983,460514.57140000165],[115060.2873999998,460510.93710000068],[115062.27560000122,460507.79619999975],[115064.45710000023,460505.82809999958],[115066.9226000011,460505.35269999877],[115070.39409999922,460507.06100000069],[115076.76419999823,460510.49659999833],[115082.94280000031,460513.94440000132],[115092.70969999954,460518.98479999974],[115096.22879999876,460520.31769999862],[115097.67320000008,460518.71379999816],[115099.05169999972,460516.79610000178],[115101.61540000141,460513.06469999999],[115104.25569999963,460508.75759999827],[115107.04980000108,460504.20859999955],[115109.99300000072,460499.56810000166],[115112.56140000001,460495.6922999993],[115115.08549999818,460491.82019999996],[115117.98750000075,460487.44079999998],[115120.86989999935,460483.38410000131],[115124.34829999879,460478.48589999974],[115127.76330000162,460473.59200000018],[115131.0615000017,460468.80339999869],[115134.07360000163,460464.55510000139],[115136.61679999903,460461.08190000057],[115139.6446999982,460456.95279999822],[115142.23570000008,460453.42130000144],[115144.92520000041,460450.25389999896],[115147.33619999886,460447.43129999936],[115150.75160000101,460443.31590000167],[115153.16820000112,460440.0848999992],[115156.52829999849,460435.05449999869],[115160.32229999825,460429.36239999905],[115163.77219999954,460424.68679999933],[115168.01319999993,460419.20490000024],[115173.75620000064,460411.59560000151],[115178.88960000128,460404.76029999927],[115184.06379999965,460397.84219999984],[115189.80629999936,460390.13089999929],[115196.29949999973,460381.34629999846],[115200.73050000146,460375.03460000083],[115203.31320000067,460372.66349999979],[115203.92300000042,460372.10370000079],[115206.59290000051,460371.24399999902],[115211.13540000096,460374.06030000001],[115212.89029999822,460375.14829999954],[115214.86400000006,460376.37189999968],[115221.64669999853,460380.58819999918],[115228.60649999976,460384.62240000069],[115233.8797999993,460388.30889999866],[115239.15269999951,460391.60229999945],[115245.8563000001,460395.60590000078],[115253.85269999877,460400.50569999963],[115260.26900000125,460404.51720000058],[115265.91019999981,460407.67320000008],[115271.96519999951,460411.41649999842],[115278.97929999977,460416.25470000133],[115283.95960000157,460419.46869999915],[115291.28510000184,460423.84600000083],[115297.68250000104,460427.64490000159],[115301.80310000107,460430.40909999982],[115306.39009999856,460433.08879999816],[115307.59849999845,460433.79470000044],[115312.19709999859,460436.94319999963],[115304.92000000179,460447.5251000002],[115302.18079999834,460452.08980000019],[115299.81850000098,460456.06599999964],[115297.36560000107,460459.8013000004],[115294.8376000002,460463.12009999901],[115293.61160000041,460465.8984999992],[115296.48649999872,460467.89919999987],[115305.5298999995,460473.78669999912],[115310.87849999964,460477.3300999999],[115315.02600000054,460479.86760000139],[115316.90139999986,460481.12180000171],[115317.06120000035,460483.17350000143],[115315.9952000007,460484.96900000051],[115310.57569999993,460493.53249999881],[115307.15439999849,460499.00070000067],[115303.42069999874,460505.04399999976],[115302.73730000108,460508.83559999987],[115303.88479999825,460511.89420000091],[115311.48669999838,460517.27529999986],[115318.6325000003,460522.10610000044],[115326.19689999893,460526.93299999833],[115335.8946999982,460533.43809999898],[115339.4514000006,460535.44830000028],[115345.1053000018,460538.66120000184],[115347.90689999983,460540.5075000003],[115349.19669999927,460543.89460000023],[115349.12590000033,460547.0047999993],[115347.85889999941,460549.95829999819],[115344.89070000127,460554.76130000129],[115341.34659999982,460560.08329999819],[115340.16750000045,460561.85889999941],[115334.65780000016,460570.15630000085],[115331.77290000021,460575.26999999955],[115328.34629999846,460581.32250000164],[115327.94990000129,460581.92850000039],[115327.77340000123,460584.07470000163],[115330.09519999847,460585.93290000036],[115332.41710000113,460587.7910999991],[115336.40500000119,460590.98279999942],[115336.85449999943,460591.34250000119],[115339.44579999894,460592.42599999905],[115348.84299999848,460596.35539999977],[115357.48470000178,460600.77400000021],[115361.01009999961,460602.57660000026],[115363.05139999837,460603.62040000036],[115365.03299999982,460604.63360000029],[115366.44530000165,460609.28550000116],[115361.09400000051,460619.24680000171],[115358.66499999911,460625.18510000035],[115352.95419999957,460635.16959999874],[115350.50879999995,460637.82939999923],[115346.78290000185,460641.80270000175],[115343.37330000103,460645.62159999833],[115338.58940000087,460653.03449999914],[115334.19610000029,460659.70169999823],[115329.31089999899,460666.9851000011],[115325.86609999835,460672.05189999938],[115320.11250000075,460680.17069999874],[115317.92159999907,460683.03009999916],[115314.74020000175,460687.18210000172],[115309.02679999918,460695.5811999999],[115303.99740000069,460702.60330000147],[115297.73270000145,460711.07429999858],[115293.13720000163,460717.10920000076],[115289.65940000117,460721.46730000153],[115286.92500000075,460724.70529999956],[115283.20800000057,460727.35469999909],[115279.53610000014,460728.15370000154],[115274.8489000015,460728.25360000134],[115268.816300001,460728.08989999816],[115260.71220000088,460727.86349999905],[115254.23409999907,460727.41450000182],[115248.82429999858,460727.53119999915],[115245.43870000169,460728.8385999985],[115243.16110000014,460731.28280000016],[115240.77600000054,460734.23589999974],[115237.77879999951,460738.56689999998],[115229.78790000081,460749.96599999815],[115223.5513000004,460758.85420000181],[115223.40599999949,460759.06120000035],[115217.78460000083,460767.34169999883],[115211.61410000175,460776.63320000097],[115207.39319999889,460782.25409999862],[115201.96550000086,460790.1240000017],[115198.75149999931,460796.71379999816],[115196.98559999838,460799.47329999879],[115194.72709999979,460802.54239999875],[115190.69999999925,460807.93340000138],[115186.42669999972,460813.81569999829],[115182.15340000018,460819.69449999928],[115178.20360000059,460825.3900000006],[115174.253800001,460831.08549999818],[115165.43870000169,460842.71409999952],[115159.89790000021,460851.26179999858],[115154.40659999847,460859.59369999915],[115151.40790000185,460864.11600000039],[115148.75109999999,460869.09230000153],[115144.66070000082,460874.7949000001],[115138.91319999844,460882.83469999954],[115131.76550000161,460893.5549999997],[115127.54720000178,460899.5335999988],[115121.8601000011,460907.62009999901],[115115.39200000092,460916.81579999998],[115109.70380000025,460925.45690000057],[115104.11340000108,460933.95199999958],[115098.76419999823,460943.0401000008],[115094.81410000101,460949.7126000002],[115091.03460000083,460955.78240000084],[115087.48690000176,460961.47529999912],[115085.34950000048,460965.18659999967],[115081.47080000117,460972.48440000042],[115076.63239999861,460980.95679999888],[115071.09650000185,460990.22410000116],[115064.14860000089,461000.73119999841],[115062.27939999849,461004.13949999958],[115055.64930000156,461014.79850000143],[115049.4721999988,461024.62909999862],[115046.01810000092,461030.55079999939],[115039.53849999979,461041.7221999988],[115034.99329999834,461049.40340000018],[115030.62040000036,461057.2723999992],[115025.05930000171,461067.7137000002],[115017.12339999899,461083.19590000063],[115011.51429999992,461094.31700000167],[115003.92419999838,461109.36270000041],[114994.56190000102,461126.82449999824],[114988.23719999939,461138.72819999978],[114983.35750000179,461147.72419999912],[114982.82510000095,461151.70270000026],[114984.03970000148,461156.41050000116],[114986.80810000002,461165.25470000133],[114987.79940000176,461167.69619999826],[114990.20569999889,461176.56309999898],[114990.88610000163,461180.93490000069],[114990.95820000023,461181.35759999976],[114990.57119999826,461185.17419999838],[114988.41589999944,461190.23490000144],[114986.11710000038,461195.12669999897],[114980.67550000176,461205.82090000063],[114975.77149999887,461216.80249999836],[114970.20879999921,461228.97089999914],[114958.71070000157,461252.87189999968],[114950.42240000144,461269.78920000046],[114942.69680000097,461285.26920000091],[114935.98020000011,461298.99780000001],[114930.67790000141,461309.21950000152],[114922.35790000111,461326.97100000083],[114918.28319999948,461335.96110000089],[114914.20850000158,461344.95120000094],[114906.74130000174,461360.88980000094],[114901.30920000002,461372.07869999856],[114895.45659999922,461384.08540000021],[114891.61870000139,461392.06969999894],[114883.92839999869,461411.8145999983],[114880.78429999948,461420.51859999821],[114876.28940000013,461430.09769999981],[114871.05669999868,461442.52879999951],[114869.42000000179,461446.12449999899],[114864.34769999981,461457.26830000058],[114858.49850000069,461471.07169999927]]]},"properties":{"ORACLE_OBJECTID":6414,"CODE":"PAW_OR-4.10.HW01","NAAM":"HW Meijegraslanden - Deelgebied 4 en 4b","STATUSOBJECT":"gerealiseerd","SOORTPEILGEBIED":"Hoogwatervoorziening","SOORTAFWATERING":"Gestuwd","PEILBEHERENDEINSTANTIE":"VERGUNNINGHOUDER","OPPERVLAKTE":337289,"OMTREK":3138,"OPMERKING":null,"HYPERLINK":null,"ONTHEFFING":"2022-001812","SOORTPEILBEHEER":"dynamisch peil","VASTPEIL":null,"ZOMERPEIL":null,"WINTERPEIL":null,"FLEXZOMERPEILONDERGRENS":-1.7,"FLEXZOMERPEILBOVENGRENS":-1.3999999999999999,"FLEXWINTERPEILONDERGRENS":-1.7,"FLEXWINTERPEILBOVENGRENS":-1.3999999999999999,"ZOMERPEILTEKST":"bov:-1.40 / ond:-1.70","WINTERPEILTEKST":"bov:-1.40 / ond:-1.70","INWINNENDEINSTANTIE":"Hoogheemraadschap van Rijnland","METENDEINSTANTIE":null,"INWINNINGSMETHODE":"digitaliseren","DIMENSIE":"2D","NAUWKEURIGHEIDXY":null,"NAUWKEURIGHEIDZ":null,"DATUMINWINNING":1708387200000,"GEOKPOBJECTID":64995,"LAST_EDITED_DATE":1753360167000,"STATUSPEILGEBIED":"Ontwerp","SHAPE_AREA":0,"SHAPE_LEN":0,"BEVAT":null,"VOERTAFOP":null,"LONGITUDE":4.8021408499999998,"LATITUDE":52.135414259999997,"XCOORDINAAT":114944.28999999999,"YCOORDINAAT":460963.09999999998,"VASTBEHEERMARGEBOVEN":null,"VASTBEHEERMARGEONDER":null,"ZPBEHEERMARGEBOVEN":null,"ZPBEHEERMARGEONDER":null,"WPBEHEERMARGEONDER":null,"WPBEHEERMARGEBOVEN":null,"FLEXZPONDERBEHEERMARGEBOVEN":null,"FLEXZPONDERBEHEERMARGEONDER":null,"FLEXZPBOVENBEHEERMARGEBOVEN":null,"FLEXZPBOVENBEHEERMARGEONDER":null,"FLEXWPONDERBEHEERMARGEBOVEN":null,"FLEXWPONDERBEHEERMARGEONDER":null,"FLEXWPBOVENBEHEERMARGEBOVEN":null,"FLEXWPBOVENBEHEERMARGEONDER":null,"OBJECTID2":176}},{"type":"Feature","id":177,"geometry":{"type":"Polygon","coordinates":[[[112088.07539999858,458650.63670000061],[112087.0064000003,458651.59620000049],[112085.70289999992,458653.23090000078],[112085.1147999987,458654.38749999925],[112085.07090000063,458655.94539999962],[112085.35460000113,458657.30380000174],[112086.45529999956,458658.53759999946],[112088.53599999845,458660.97590000182],[112088.55339999869,458661.0139000006],[112088.62510000169,458661.36520000175],[112088.58430000022,458661.88819999993],[112088.24080000073,458662.90419999883],[112087.98580000177,458663.73970000073],[112087.36659999937,458665.07169999927],[112083.65150000155,458670.64330000058],[112076.18890000135,458682.42830000073],[112069.92300000042,458692.07629999891],[112064.6213000007,458701.83419999853],[112061.30220000073,458707.39110000059],[112057.28429999948,458713.12739999965],[112053.61030000076,458718.58720000088],[112047.90260000154,458727.4103000015],[112041.33060000092,458737.29789999872],[112036.54030000046,458745.61199999973],[112030.72980000079,458755.15410000086],[112026.36169999838,458761.74350000173],[112025.59930000082,458762.86149999872],[112024.70329999924,458764.44999999925],[112024.00200000033,458766.0223999992],[112009.91200000048,458810.34409999847],[112006.93519999832,458822.00409999862],[112006.06590000167,458824.67460000142],[112005.05930000171,458827.15300000086],[112003.10130000114,458831.76419999823],[112002.45419999957,458831.48939999938],[112002.28480000049,458831.41739999875],[112000.7509999983,458830.76610000059],[111999.60889999941,458830.12719999999],[111996.75059999898,458828.52809999883],[111995.50549999997,458828.00549999997],[111994.26209999993,458827.57730000094],[111993.01469999924,458827.23770000041],[111992.87280000001,458827.20450000092],[111971.27439999953,458822.22250000015],[111970.54960000142,458822.06100000069],[111966.03830000013,458821.09189999849],[111963.89510000125,458820.6314000003],[111952.84730000049,458818.25789999962],[111950.90929999948,458817.80150000006],[111949.73140000179,458817.48409999907],[111948.39059999958,458817.10520000011],[111946.88650000095,458816.68030000106],[111945.98479999974,458816.42550000176],[111943.73200000077,458815.7890000008],[111943.57899999991,458815.74579999968],[111941.48220000044,458815.15329999849],[111939.58269999921,458814.57600000128],[111937.71209999919,458813.92590000108],[111937.09219999984,458813.69189999998],[111934.87170000002,458812.83689999953],[111932.97659999877,458812.1510999985],[111931.04540000111,458811.53970000148],[111929.72960000113,458811.17190000042],[111914.68739999831,458807.18840000033],[111913.43950000033,458806.87530000135],[111900.75659999996,458803.86879999936],[111898.79160000011,458803.4450000003],[111897.48319999874,458803.20850000158],[111886.00400000066,458801.29179999977],[111884.05260000005,458800.9263000004],[111882.69539999962,458800.61620000005],[111882.12390000001,458800.48570000008],[111881.23250000179,458800.2547999993],[111877.90560000017,458799.3601000011],[111862.14539999887,458795.12170000002],[111860.18899999931,458794.63800000027],[111858.20769999921,458794.23259999976],[111857.28959999979,458794.07299999893],[111833.07449999824,458790.09380000085],[111831.6174999997,458789.83240000159],[111806.40439999849,458784.72370000184],[111801.60449999943,458784.25809999928],[111797.99549999833,458783.54300000146],[111795.64889999852,458782.97619999945],[111795.08779999986,458782.84070000052],[111795.1726000011,458782.46860000119],[111796.24370000139,458777.77149999887],[111796.19489999861,458775.64380000159],[111795.59319999814,458772.54170000181],[111794.8927000016,458770.95279999822],[111793.99340000004,458770.03730000183],[111788.7675999999,458767.41829999909],[111782.76889999956,458764.45910000056],[111777.90399999917,458760.60390000045],[111773.26590000093,458754.68670000136],[111768.96409999952,458746.09099999815],[111764.66220000014,458737.4952000007],[111764.6640000008,458735.99579999968],[111764.51859999821,458734.55000000075],[111763.57110000029,458731.51859999821],[111761.51619999856,458726.11639999971],[111757.74469999969,458717.55169999972],[111756.18439999968,458713.04670000076],[111755.42449999973,458706.55150000006],[111755.50310000032,458699.51810000092],[111755.25180000067,458690.13910000026],[111755.14680000022,458686.29390000179],[111755.01179999858,458682.69819999859],[111754.82129999995,458680.15819999948],[111754.76579999924,458676.91970000044],[111754.90069999918,458671.64130000025],[111755.11499999836,458667.59310000017],[111755.34180000052,458662.72309999913],[111755.54529999942,458657.51060000062],[111755.42289999872,458648.64750000089],[111756.44269999862,458640.99469999969],[111757.60579999909,458636.37209999934],[111758.48009999841,458631.35590000078],[111760.34279999882,458621.97639999911],[111760.75730000064,458619.54500000179],[111761.04830000177,458617.52100000158],[111761.25340000167,458615.48369999975],[111761.29969999939,458613.73079999909],[111761.34600000083,458611.91840000078],[111761.46499999985,458610.42350000143],[111761.69649999961,458608.62429999933],[111762.17280000076,458605.03920000046],[111762.54320000112,458601.29540000111],[111762.86730000004,458598.35190000013],[111762.94009999931,458596.78420000151],[111762.80119999871,458594.82629999891],[111762.56309999898,458591.7173999995],[111762.39770000055,458588.84010000154],[111762.27199999988,458586.64400000125],[111761.82880000025,458580.35350000113],[111761.5513000004,458576.69009999931],[111761.53720000014,458576.42909999937],[111760.46189999953,458571.46790000051],[111758.92399999872,458566.18840000033],[111758.30090000108,458564.04930000007],[111754.85850000009,458555.20169999823],[111754.6425999999,458553.64009999856],[111754.42500000075,458550.87700000033],[111754.6352000013,458550.13419999927],[111755.2696999982,458549.28090000153],[111757.4737999998,458547.04960000142],[111758.33109999821,458545.78700000048],[111759.3396999985,458544.06359999999],[111760.25070000067,458541.88760000095],[111761.38479999825,458537.45019999892],[111762.22430000082,458530.07059999928],[111763.09270000085,458521.4459999986],[111763.55160000175,458514.49130000174],[111763.39440000057,458505.39900000021],[111763.81780000031,458495.60300000012],[111764.59109999985,458481.50050000101],[111764.84160000086,458474.17489999905],[111765.55669999868,458465.44040000066],[111765.82930000126,458456.70419999957],[111766.1697999984,458449.17770000175],[111766.96559999883,458440.94359999895],[111767.60060000047,458433.98959999904],[111768.52369999886,458424.43699999899],[111769.59120000154,458418.30319999903],[111770.5784999989,458410.45160000026],[111771.28180000186,458403.74480000138],[111771.89119999856,458397.86730000004],[111772.65780000016,458391.03420000151],[111773.47349999845,458387.34760000184],[111775.3927000016,458381.33740000054],[111777.46269999817,458374.02650000155],[111778.86430000141,458367.99350000173],[111779.77320000157,458359.88749999925],[111780.75930000097,458354.87590000033],[111782.21660000086,458349.50989999995],[111783.58650000021,458344.80829999968],[111783.86840000004,458343.12689999864],[111783.88199999928,458341.29560000077],[111783.81769999862,458336.01940000057],[111784.12750000134,458333.1286999993],[111784.65170000121,458328.05579999834],[111785.77699999884,458324.48160000145],[111786.00629999861,458323.52769999951],[111786.31760000065,458320.94970000163],[111786.71680000052,458314.15359999985],[111787.13300000131,458311.25290000066],[111788.75699999928,458307.55939999968],[111791.92810000107,458302.10310000181],[111794.24989999831,458296.99610000104],[111795.56010000035,458294.22819999978],[111796.82530000061,458291.52290000021],[111797.16860000044,458290.21460000053],[111796.8572999984,458288.51069999859],[111798.13819999993,458285.17130000144],[111799.7034999989,458283.17559999973],[111802.77149999887,458278.24509999901],[111803.84010000154,458276.52760000154],[111806.07339999825,458271.27079999819],[111808.20490000024,458264.70399999991],[111809.85869999975,458260.01339999959],[111812.11490000039,458255.58359999955],[111815.40960000083,458249.75109999999],[111817.46480000019,458245.85669999942],[111818.52340000123,458242.9664000012],[111820.80730000138,458237.65080000088],[111822.30460000038,458233.84499999881],[111825.41930000111,458227.32239999995],[111825.49639999866,458227.16099999845],[111827.13679999858,458223.72590000182],[111827.69889999926,458222.54870000109],[111827.74839999899,458220.75140000135],[111826.8814000003,458218.83729999885],[111825.0971999988,458218.0139000006],[111789.02930000052,458202.13800000027],[111794.93789999932,458188.71440000087],[111797.25230000168,458184.13360000029],[111806.75539999828,458174.8161999993],[111815.58500000089,458166.15900000185],[111831.57959999889,458136.66099999845],[111837.51520000026,458139.87939999998],[111854.79600000009,458149.24949999899],[111868.98779999837,458156.94460000098],[111889.51680000126,458167.3770999983],[111889.90300000086,458167.65469999984],[111891.26379999891,458168.2388000004],[111893.54500000179,458168.75910000131],[111902.54679999873,458172.07420000061],[111908.18829999864,458175.14189999923],[111911.1854000017,458176.50719999894],[111919.44860000163,458180.33559999987],[111924.42920000106,458182.76440000162],[111928.55490000173,458185.2435999997],[111930.59540000185,458186.54780000076],[111933.70740000159,458188.12299999967],[111936.8740000017,458189.4849999994],[111938.56450000033,458190.58819999918],[111939.76850000024,458191.44900000095],[111941.2976000011,458192.40150000155],[111946.10110000148,458194.37990000099],[111952.66800000146,458198.16919999942],[111958.87420000136,458201.87559999898],[111962.80700000003,458204.86199999973],[111966.50389999896,458208.1090000011],[111971.58269999921,458213.8927000016],[111974.64759999886,458217.18600000069],[111977.14629999921,458221.48200000077],[111979.49390000105,458225.23669999838],[111982.02439999953,458229.11960000172],[111985.43059999868,458233.82310000062],[111989.68710000068,458239.84950000048],[111991.85559999943,458243.54320000112],[111996.84970000014,458254.53400000185],[111998.41010000184,458257.82349999994],[111999.86580000073,458261.08749999851],[112002.01529999822,458267.53779999912],[112004.37460000068,458275.73900000006],[112004.56190000102,458276.9803000018],[112004.60750000179,458277.99460000172],[112004.50429999828,458278.89790000021],[112004.35280000046,458279.59389999881],[112004.1035999991,458280.28229999915],[112003.50329999998,458281.20879999921],[112001.68690000102,458283.97349999845],[112001.26099999994,458285.2098999992],[112001.27079999819,458286.62460000068],[112001.84369999915,458287.80959999934],[112002.69339999929,458289.22639999911],[112003.8264000006,458290.38819999993],[112005.13509999961,458291.16459999979],[112006.30889999866,458291.565200001],[112008.63659999892,458291.53979999945],[112009.16789999977,458291.53069999814],[112009.18699999899,458291.54089999944],[112009.20149999857,458291.55510000139],[112009.372299999,458291.92460000142],[112010.3104000017,458294.55449999869],[112013.28599999845,458303.2071999982],[112017.88360000029,458317.57759999856],[112020.30900000036,458323.67709999904],[112023.79149999842,458331.69420000166],[112029.70760000125,458344.73220000044],[112031.81560000032,458348.96000000089],[112033.54210000113,458354.14930000156],[112037.79940000176,458364.77250000089],[112040.05429999903,458372.20769999921],[112042.14220000058,458378.00690000132],[112043.11989999935,458380.85069999844],[112044.40269999951,458384.58190000057],[112045.20780000091,458388.35410000011],[112045.32039999962,458389.29639999941],[112045.31529999897,458390.25409999862],[112045.26099999994,458391.25959999859],[112045.05950000137,458392.83520000055],[112044.62929999828,458397.85750000179],[112044.4721999988,458398.6699000001],[112042.84650000185,458400.04140000045],[112042.00290000066,458400.67489999905],[112036.50239999965,458404.80559999868],[112029.50090000033,458408.94370000064],[112025.1202000007,458411.5223999992],[112023.36670000106,458412.53599999845],[112021.53819999844,458413.64999999851],[112018.90320000052,458415.34019999951],[112017.74500000104,458416.06320000067],[112016.59079999849,458416.99309999868],[112015.71339999884,458417.86080000177],[112015.03280000016,458418.51680000126],[112013.24590000138,458420.3797999993],[112012.28550000116,458421.76029999927],[112011.60500000045,458422.90630000085],[112011.18589999899,458423.87070000172],[112010.95270000026,458425.27800000086],[112011.24960000068,458426.55689999834],[112012.18780000135,458428.44709999859],[112013.24870000035,458429.66380000114],[112014.58540000021,458430.6614000015],[112015.99040000141,458431.09699999914],[112017.86329999939,458431.08300000057],[112019.83100000024,458430.76649999991],[112021.51199999824,458430.17020000145],[112028.05920000002,458426.9208999984],[112039.34620000049,458418.92489999905],[112041.54850000143,458417.08669999987],[112049.02899999917,458410.84299999848],[112053.61369999871,458408.34409999847],[112054.11410000175,458408.22210000083],[112054.38199999928,458408.1939000003],[112054.45050000027,458408.24890000001],[112056.17029999942,458410.28990000114],[112063.70369999856,458421.46779999882],[112067.91349999979,458427.50079999864],[112072.48820000142,458434.26729999855],[112076.08619999886,458438.82999999821],[112081.06269999966,458445.90560000017],[112084.75050000101,458451.21449999884],[112087.40769999847,458455.30020000041],[112088.87689999864,458457.84499999881],[112092.40430000052,458464.91270000115],[112095.68710000068,458471.52749999985],[112098.80009999871,458477.04450000077],[112103.97089999914,458486.93890000135],[112107.70129999891,458492.63399999961],[112113.03680000082,458499.8189000003],[112117.17540000007,458505.67320000008],[112123.25030000135,458514.66110000014],[112127.10759999976,458520.2153000012],[112132.61620000005,458528.87029999867],[112137.30440000072,458536.04899999872],[112141.10660000145,458541.74940000102],[112143.15879999846,458545.46269999817],[112144.2938000001,458547.53420000151],[112145.72500000149,458549.65870000049],[112147.99650000036,458552.59180000052],[112150.81859999895,458556.17850000039],[112155.4822999984,458562.5821999982],[112155.54199999943,458562.84980000183],[112155.55959999934,458563.2723999992],[112155.41710000113,458563.88280000165],[112155.20289999992,458564.48629999906],[112154.74799999967,458565.10190000013],[112154.31899999827,458565.69090000167],[112153.88809999824,458566.1436999999],[112149.8414000012,458569.18859999999],[112146.24920000136,458572.32140000165],[112145.6026000008,458573.13289999962],[112143.24680000171,458577.67819999903],[112143.13489999995,458577.89409999922],[112140.66670000181,458582.65619999915],[112138.35669999942,458585.94449999928],[112137.33659999818,458587.39660000056],[112134.68090000004,458591.54230000079],[112134.15459999815,458592.29720000178],[112133.65430000052,458592.91959999874],[112132.78920000046,458593.96700000018],[112132.12209999934,458594.91310000047],[112131.29309999943,458596.2146999985],[112130.75600000098,458597.14689999819],[112129.13980000094,458599.25659999996],[112122.9096999988,458608.37909999862],[112118.44860000163,458615.08949999884],[112117.76850000024,458615.96040000021],[112115.51060000062,458620.13470000029],[112111.5353000015,458626.27309999987],[112110.16120000184,458628.31700000167],[112107.62480000034,458632.61059999838],[112105.56060000136,458635.68679999933],[112103.68019999936,458638.47969999909],[112102.99879999831,458639.38060000166],[112102.22300000116,458640.53959999979],[112101.21819999814,458642.10080000013],[112097.70639999956,458647.58879999816],[112094.45729999989,458652.03009999916],[112092.13639999926,458650.02479999885],[112091.27400000021,458649.73820000142],[112090.19880000129,458649.66479999945],[112088.07539999858,458650.63670000061]]]},"properties":{"ORACLE_OBJECTID":4484,"CODE":"PAW_OR-4.10.OB30","NAAM":"HW Meijegraslanden - Deelgebied 1A","STATUSOBJECT":"gerealiseerd","SOORTPEILGEBIED":"Onderbemaling","SOORTAFWATERING":"Bemalen","PEILBEHERENDEINSTANTIE":"VERGUNNINGHOUDER","OPPERVLAKTE":177906,"OMTREK":1901,"OPMERKING":null,"HYPERLINK":null,"ONTHEFFING":"2022-001812 / 2024-004525","SOORTPEILBEHEER":"dynamisch peil","VASTPEIL":null,"ZOMERPEIL":null,"WINTERPEIL":null,"FLEXZOMERPEILONDERGRENS":-3,"FLEXZOMERPEILBOVENGRENS":-2.3999999999999999,"FLEXWINTERPEILONDERGRENS":-3,"FLEXWINTERPEILBOVENGRENS":-2.3999999999999999,"ZOMERPEILTEKST":"bov:-2.40 / ond:-3.00","WINTERPEILTEKST":"bov:-2.40 / ond:-3.00","INWINNENDEINSTANTIE":"Hoogheemraadschap van Rijnland","METENDEINSTANTIE":null,"INWINNINGSMETHODE":"digitaliseren","DIMENSIE":"2D","NAUWKEURIGHEIDXY":null,"NAUWKEURIGHEIDZ":null,"DATUMINWINNING":null,"GEOKPOBJECTID":56354,"LAST_EDITED_DATE":1744725508000,"STATUSPEILGEBIED":"Vigerend definitief","SHAPE_AREA":0,"SHAPE_LEN":0,"BEVAT":null,"VOERTAFOP":null,"LONGITUDE":4.7587943299999997,"LATITUDE":52.112910499999998,"XCOORDINAAT":111954.99000000001,"YCOORDINAAT":458484.21000000002,"VASTBEHEERMARGEBOVEN":null,"VASTBEHEERMARGEONDER":null,"ZPBEHEERMARGEBOVEN":null,"ZPBEHEERMARGEONDER":null,"WPBEHEERMARGEONDER":null,"WPBEHEERMARGEBOVEN":null,"FLEXZPONDERBEHEERMARGEBOVEN":null,"FLEXZPONDERBEHEERMARGEONDER":null,"FLEXZPBOVENBEHEERMARGEBOVEN":null,"FLEXZPBOVENBEHEERMARGEONDER":null,"FLEXWPONDERBEHEERMARGEBOVEN":null,"FLEXWPONDERBEHEERMARGEONDER":null,"FLEXWPBOVENBEHEERMARGEBOVEN":null,"FLEXWPBOVENBEHEERMARGEONDER":null,"OBJECTID2":177}},{"type":"Feature","id":181,"geometry":{"type":"Polygon","coordinates":[[[116506.00400000066,464591.75400000066],[116505.03799999878,464594.69099999964],[116503.43600000069,464599.56599999964],[116487.8359999992,464647.01999999955],[116486.29600000009,464651.70399999991],[116484.74500000104,464656.42100000009],[116483.81300000101,464659.25499999896],[116483.01999999955,464661.66899999976],[116449.32200000063,464650.25299999863],[116450.06700000167,464648.1090000011],[116451.83210000023,464643.03000000119],[116452.40799999982,464641.37299999967],[116471.98699999973,464585.03500000015],[116472.67100000009,464583.84250000119],[116473.58799999952,464583.24199999869],[116476.0859999992,464582.58109999821],[116477.76850000024,464582.57600000128],[116482.95639999956,464584.12730000168],[116484.17170000076,464579.94139999896],[116484.45760000125,464578.30519999936],[116484.58210000023,464576.66840000078],[116484.70650000125,464575.03290000185],[116484.53370000049,464570.90540000051],[116509.93459999934,464494.5839000009],[116512.90599999949,464486.33900000155],[116515.33999999985,464479.79250000045],[116545.91389999911,464394.37110000104],[116601.54800000042,464239.4140000008],[116604.64600000158,464224.2452000007],[116607.5549999997,464224.83900000155],[116615.42199999839,464226.44579999894],[116627.33300000057,464228.87810000032],[116619.85099999979,464265.87000000104],[116618.44200000167,464272.89900000021],[116618.18200000003,464273.68800000101],[116617.14200000092,464276.84400000051],[116608.23000000045,464303.90199999884],[116609.92399999872,464304.46499999985],[116591.89600000158,464359.34499999881],[116568.38699999824,464401.57999999821],[116513.86300000176,464560.78700000048],[116506.00400000066,464591.75400000066]]]},"properties":{"ORACLE_OBJECTID":586,"CODE":"PAW_OR-4.09.HW13","NAAM":"Polder Nieuwkoop","STATUSOBJECT":"gerealiseerd","SOORTPEILGEBIED":"Hoogwatervoorziening","SOORTAFWATERING":"Gestuwd","PEILBEHERENDEINSTANTIE":"GEMEENTE NIEUWKOOP","OPPERVLAKTE":12531,"OMTREK":980,"OPMERKING":null,"HYPERLINK":null,"ONTHEFFING":"V61933","SOORTPEILBEHEER":"vast peil","VASTPEIL":-5.4199999999999999,"ZOMERPEIL":null,"WINTERPEIL":null,"FLEXZOMERPEILONDERGRENS":null,"FLEXZOMERPEILBOVENGRENS":null,"FLEXWINTERPEILONDERGRENS":null,"FLEXWINTERPEILBOVENGRENS":null,"ZOMERPEILTEKST":"-5.42","WINTERPEILTEKST":"-5.42","INWINNENDEINSTANTIE":"Hoogheemraadschap van Rijnland","METENDEINSTANTIE":null,"INWINNINGSMETHODE":"digitaliseren","DIMENSIE":"2D","NAUWKEURIGHEIDXY":null,"NAUWKEURIGHEIDZ":null,"DATUMINWINNING":1467849600000,"GEOKPOBJECTID":90,"LAST_EDITED_DATE":1744725508000,"STATUSPEILGEBIED":"Vigerend definitief","SHAPE_AREA":0,"SHAPE_LEN":0,"BEVAT":null,"VOERTAFOP":null,"LONGITUDE":4.8250289100000003,"LATITUDE":52.166802910000001,"XCOORDINAAT":116538.33,"YCOORDINAAT":464442.96000000002,"VASTBEHEERMARGEBOVEN":null,"VASTBEHEERMARGEONDER":null,"ZPBEHEERMARGEBOVEN":null,"ZPBEHEERMARGEONDER":null,"WPBEHEERMARGEONDER":null,"WPBEHEERMARGEBOVEN":null,"FLEXZPONDERBEHEERMARGEBOVEN":null,"FLEXZPONDERBEHEERMARGEONDER":null,"FLEXZPBOVENBEHEERMARGEBOVEN":null,"FLEXZPBOVENBEHEERMARGEONDER":null,"FLEXWPONDERBEHEERMARGEBOVEN":null,"FLEXWPONDERBEHEERMARGEONDER":null,"FLEXWPBOVENBEHEERMARGEBOVEN":null,"FLEXWPBOVENBEHEERMARGEONDER":null,"OBJECTID2":181}},{"type":"Feature","id":182,"geometry":{"type":"Polygon","coordinates":[[[113379.5821999982,459585.09600000083],[113382.60099999979,459578.38379999995],[113422.06019999832,459538.47879999876],[113429.75739999861,459530.56480000168],[113433.1614000015,459528.14750000089],[113440.92159999907,459522.27439999953],[113443.13500000164,459520.32999999821],[113444.72179999948,459518.61340000108],[113449.11329999939,459512.24399999902],[113451.40379999951,459509.20399999991],[113452.99280000106,459507.46889999881],[113459.36490000039,459501.27760000154],[113461.9140000008,459499.06230000034],[113467.07140000165,459495.01630000025],[113471.85509999841,459490.40300000086],[113476.90960000083,459485.3925999999],[113486.34189999849,459476.0625],[113492.1501000002,459469.82569999993],[113498.50310000032,459464.67500000075],[113504.1229000017,459459.91470000148],[113508.36780000106,459455.75809999928],[113512.00299999863,459452.42669999972],[113516.26350000128,459447.72100000083],[113520.52859999985,459443.27899999917],[113525.69920000061,459437.69420000166],[113530.2109999992,459433.57550000027],[113534.96990000084,459429.01799999923],[113538.09589999914,459426.41090000048],[113542.47170000151,459422.34829999879],[113547.73200000077,459416.32840000093],[113555.8729000017,459407.88060000166],[113567.59849999845,459396.60269999877],[113575.25989999995,459388.93030000106],[113585.21189999953,459378.77450000122],[113592.97419999912,459371.51799999923],[113599.21310000122,459365.27910000086],[113607.67770000175,459356.56989999861],[113613.00030000135,459350.57970000058],[113614.690200001,459348.67779999971],[113616.55020000041,459345.89510000125],[113617.62189999968,459344.29179999977],[113618.68710000068,459342.97670000046],[113620.53029999882,459341.12970000133],[113622.63610000163,459339.48640000075],[113629.19079999998,459334.26810000092],[113631.86030000076,459332.41869999841],[113632.76049999893,459332.51170000061],[113635.46480000019,459333.86340000108],[113644.61670000106,459339.18019999936],[113651.78730000183,459345.35300000012],[113656.55249999836,459350.4028000012],[113658.5278000012,459352.1726000011],[113661.00939999893,459354.04830000177],[113665.73449999839,459356.07009999827],[113668.11679999903,459356.26900000125],[113672.11829999834,459356.07250000164],[113677.71669999883,459354.78990000114],[113683.60669999942,459353.61250000075],[113688.19880000129,459353.67990000173],[113694.10579999909,459354.53379999846],[113702.03950000182,459357.06819999963],[113704.69090000167,459357.64220000058],[113707.67190000042,459357.8610999994],[113716.94409999996,459357.58999999985],[113721.14299999923,459357.57770000026],[113724.48559999838,459357.73070000112],[113735.02010000125,459358.76859999821],[113736.74340000004,459358.59650000185],[113746.81720000133,459356.84699999914],[113759.5139000006,459353.67080000043],[113767.96460000053,459351.68200000003],[113768.41519999877,459351.83439999819],[113768.69449999928,459352.0428000018],[113768.97179999948,459352.49120000005],[113769.13870000094,459352.88639999926],[113770.07009999827,459355.09250000119],[113770.8759999983,459357.00039999932],[113771.84490000084,459357.76319999993],[113772.62269999832,459358.05380000174],[113772.84340000153,459358.13630000129],[113774.49540000036,459358.03379999846],[113776.42839999869,459357.64440000057],[113776.51410000026,459357.6270999983],[113778.38529999927,459356.89440000057],[113779.36589999869,459356.1325000003],[113780.67590000108,459354.81590000167],[113782.71519999951,459351.60209999979],[113783.88129999861,459350.55040000007],[113785.87719999999,459349.53590000048],[113793.25840000063,459345.71999999881],[113797.42460000142,459342.18200000003],[113800.690200001,459339.59160000086],[113805.09459999949,459337.34659999982],[113813.41849999875,459334.06109999865],[113815.621199999,459332.91369999945],[113816.79800000042,459331.96000000089],[113817.62790000066,459331.06439999864],[113818.58749999851,459330.46110000089],[113819.76460000128,459330.32429999858],[113824.1977000013,459330.34540000185],[113827.37209999934,459329.83370000124],[113827.51900000125,459329.75510000065],[113829.84710000083,459328.51080000028],[113831.27950000018,459327.36800000072],[113832.54600000009,459325.76429999992],[113835.51709999889,459320.72040000185],[113839.06509999931,459315.55110000074],[113839.80689999834,459314.55119999871],[113840.84400000051,459313.15329999849],[113842.22500000149,459311.9224999994],[113842.79800000042,459311.41189999878],[113844.14950000122,459310.32129999995],[113845.14310000092,459309.48290000111],[113845.94159999862,459308.68910000101],[113846.86600000039,459307.92779999971],[113850.0401000008,459306.4140000008],[113852.74419999868,459305.125],[113855.753800001,459303.94460000098],[113864.72170000151,459299.34380000085],[113872.0821999982,459295.89200000092],[113876.29170000181,459294.63650000095],[113885.61630000174,459290.91869999841],[113893.84129999951,459287.15769999847],[113897.37339999899,459285.96139999852],[113901.94929999858,459285.2360999994],[113904.68589999899,459284.2602000013],[113908.01199999824,459282.58929999918],[113908.85700000077,459282.37409999967],[113909.00360000134,459282.37299999967],[113908.7424999997,459282.78009999916],[113906.36580000073,459285.41490000114],[113903.0458999984,459289.10949999839],[113898.01810000092,459295.20899999887],[113889.74010000005,459304.89200000092],[113881.21249999851,459315.23629999906],[113873.55490000173,459324.6416000016],[113867.17909999937,459332.7648999989],[113859.24280000106,459342.89530000091],[113852.90700000152,459350.77250000089],[113848.68140000105,459356.88610000163],[113846.12099999934,459360.01579999924],[113844.5150000006,459361.97879999876],[113841.19810000062,459366.03339999914],[113834.06450000033,459374.69000000134],[113824.63109999895,459385.83480000123],[113816.79740000144,459395.48620000109],[113806.07809999958,459408.04399999976],[113797.67740000039,459418.6099999994],[113788.2835999988,459429.96110000089],[113782.94009999931,459434.9813000001],[113776.77309999987,459442.66569999978],[113772.79529999942,459448.28880000114],[113767.26449999958,459454.75050000101],[113762.14999999851,459460.71840000153],[113757.43800000101,459466.7479000017],[113751.20230000094,459474.83819999918],[113742.24799999967,459486.19409999996],[113735.8049999997,459493.8825000003],[113732.29390000179,459498.24940000102],[113728.49500000104,459502.64249999821],[113724.19209999964,459508.48680000007],[113718.26920000091,459515.66380000114],[113716.55380000174,459517.6083999984],[113715.00349999964,459518.65359999985],[113713.66099999845,459519.39189999923],[113712.25539999828,459520.39400000125],[113711.2602000013,459521.54250000045],[113710.14050000161,459523.08289999887],[113708.80490000173,459524.67520000041],[113700.94640000165,459534.65799999982],[113695.69029999897,459541.28510000184],[113692.15500000119,459545.7771999985],[113687.63159999996,459551.0577000007],[113682.09580000117,459557.35819999874],[113679.11939999834,459560.93760000169],[113674.84959999844,459567.64999999851],[113672.12759999931,459571.58520000055],[113670.70529999956,459573.03090000153],[113669.3396999985,459574.16569999978],[113668.30799999833,459575.46189999953],[113666.77059999853,459577.60579999909],[113663.83639999852,459581.19860000163],[113657.41679999977,459588.86230000108],[113652.47800000012,459595.12860000134],[113646.4375,459602.9813000001],[113641.60509999841,459609.13379999995],[113636.46620000154,459616.01190000027],[113631.87739999965,459621.42770000175],[113625.92619999871,459628.57079999894],[113620.09640000015,459635.41660000011],[113615.09180000052,459641.64669999853],[113609.59760000184,459648.55710000172],[113604.99570000172,459654.60709999874],[113598.86919999868,459662.68459999934],[113594.85429999977,459667.6325000003],[113591.0047999993,459671.08610000089],[113587.74949999899,459674.67660000175],[113583.67370000109,459679.88060000166],[113580.20109999925,459684.79140000045],[113573.21330000088,459693.74740000069],[113570.3311999999,459697.44139999896],[113567.9561999999,459700.49320000038],[113567.27079999819,459701.70050000027],[113566.77120000124,459703.5476000011],[113566.86580000073,459705.71920000017],[113562.26799999923,459703.64530000091],[113556.73820000142,459700.99940000102],[113554.03940000013,459699.54419999942],[113548.98589999974,459696.42210000008],[113540.75730000064,459690.83940000087],[113501.40230000019,459665.60249999911],[113490.90610000119,459672.4525000006],[113484.87819999829,459672.27120000124],[113476.12090000138,459667.51379999891],[113470.30900000036,459657.15439999849],[113459.6735999994,459639.57889999822],[113456.74879999831,459642.62570000067],[113438.32569999993,459634.12180000171],[113427.5689000003,459627.36969999969],[113422.55579999834,459621.79659999907],[113421.65210000053,459620.87550000101],[113413.04780000076,459612.10520000011],[113411.47720000148,459613.21110000089],[113409.25860000029,459613.77219999954],[113407.49879999831,459613.42559999973],[113405.65569999814,459612.62579999864],[113404.33689999953,459611.32349999994],[113396.45270000026,459603.53840000182],[113379.5821999982,459585.09600000083]]]},"properties":{"ORACLE_OBJECTID":4487,"CODE":"PAW_OR-4.10.OB34","NAAM":"HW Meijegraslanden - Deelgebied 5","STATUSOBJECT":"gerealiseerd","SOORTPEILGEBIED":"Onderbemaling","SOORTAFWATERING":"Bemalen","PEILBEHERENDEINSTANTIE":"VERGUNNINGHOUDER","OPPERVLAKTE":82004,"OMTREK":1461,"OPMERKING":null,"HYPERLINK":null,"ONTHEFFING":"2022-001812 / 2024-004525","SOORTPEILBEHEER":"dynamisch peil","VASTPEIL":null,"ZOMERPEIL":null,"WINTERPEIL":null,"FLEXZOMERPEILONDERGRENS":-2.2000000000000002,"FLEXZOMERPEILBOVENGRENS":-1.8,"FLEXWINTERPEILONDERGRENS":-2.2000000000000002,"FLEXWINTERPEILBOVENGRENS":-1.8,"ZOMERPEILTEKST":"bov:-1.80 / ond:-2.20","WINTERPEILTEKST":"bov:-1.80 / ond:-2.20","INWINNENDEINSTANTIE":"Hoogheemraadschap van Rijnland","METENDEINSTANTIE":null,"INWINNINGSMETHODE":"digitaliseren","DIMENSIE":"2D","NAUWKEURIGHEIDXY":null,"NAUWKEURIGHEIDZ":null,"DATUMINWINNING":null,"GEOKPOBJECTID":56357,"LAST_EDITED_DATE":1753451635000,"STATUSPEILGEBIED":"Ontwerp","SHAPE_AREA":0,"SHAPE_LEN":0,"BEVAT":null,"VOERTAFOP":null,"LONGITUDE":4.7833322699999998,"LATITUDE":52.122115309999998,"XCOORDINAAT":113644.28999999999,"YCOORDINAAT":459494.04999999999,"VASTBEHEERMARGEBOVEN":null,"VASTBEHEERMARGEONDER":null,"ZPBEHEERMARGEBOVEN":null,"ZPBEHEERMARGEONDER":null,"WPBEHEERMARGEONDER":null,"WPBEHEERMARGEBOVEN":null,"FLEXZPONDERBEHEERMARGEBOVEN":null,"FLEXZPONDERBEHEERMARGEONDER":null,"FLEXZPBOVENBEHEERMARGEBOVEN":null,"FLEXZPBOVENBEHEERMARGEONDER":null,"FLEXWPONDERBEHEERMARGEBOVEN":null,"FLEXWPONDERBEHEERMARGEONDER":null,"FLEXWPBOVENBEHEERMARGEBOVEN":null,"FLEXWPBOVENBEHEERMARGEONDER":null,"OBJECTID2":182}},{"type":"Feature","id":183,"geometry":{"type":"Polygon","coordinates":[[[108867.93400000036,459919.00600000098],[108861.54600000009,459922.17599999905],[108840.01799999923,459934.20499999821],[108848.40700000152,459949.21900000051],[108815.66699999943,459969.39900000021],[108772.13500000164,459894.79899999872],[108727.01669999957,459817.47929999977],[108692.31100000069,459758.00400000066],[108645.09299999848,459677.74199999869],[108598.23000000045,459596.48699999973],[108580.27899999917,459565.36199999973],[108569.73900000006,459568.96799999848],[108548.56899999827,459578.31199999899],[108546.43600000069,459578.49500000104],[108544.68699999899,459577.73000000045],[108543.47300000116,459576.26999999955],[108543.28099999949,459575.64299999923],[108542.77800000086,459574.04500000179],[108544.0700000003,459571.60500000045],[108554.85099999979,459566.72599999979],[108563.03099999949,459563.16800000146],[108558.6240000017,459555.57499999925],[108390.88899999857,459266.62000000104],[108368.15100000054,459227.57600000128],[108298.62209999934,459108.18189999834],[108266.21799999848,459052.53799999878],[108262.15799999982,459045.56599999964],[108244.69079999998,459015.57169999927],[108266.99300000072,459002.70300000161],[108271.19999999925,459000.27549999952],[108274.3172999993,458998.47679999843],[108311.44570000097,458974.47850000113],[108343.95699999854,458955.16000000015],[108344.55000000075,458954.80799999833],[108326.25899999961,458923.02600000054],[108322.00499999896,458915.63399999961],[108314.07899999991,458901.86199999973],[108301.28299999982,458879.6259999983],[108292.99799999967,458865.23099999875],[108291.96000000089,458863.42599999905],[108291.33500000089,458862.33999999985],[108297.04800000042,458859.02499999851],[108298.45100000128,458858.2109999992],[108299.1090000011,458857.82899999991],[108301.22899999842,458856.59899999946],[108305.07800000161,458854.36499999836],[108308.24399999902,458852.52800000086],[108308.62999999896,458852.3040000014],[108310.78500000015,458851.05299999937],[108311.40199999884,458850.6950000003],[108313.04300000146,458849.74300000072],[108315.21700000018,458848.48099999875],[108317.9990000017,458846.86699999869],[108318.14999999851,458846.77899999917],[108319.66899999976,458845.89799999818],[108320.19000000134,458845.59600000083],[108320.61699999869,458845.34699999914],[108320.74399999902,458845.26700000092],[108322.85300000012,458843.93699999899],[108323.3049999997,458843.65199999884],[108324.47300000116,458842.91499999911],[108324.6259999983,458842.81799999997],[108325.54600000009,458842.23800000176],[108327.01700000092,458841.30999999866],[108327.12200000137,458841.24399999902],[108327.68200000003,458840.8900000006],[108327.9990000017,458840.69000000134],[108329.98099999875,458839.44000000134],[108330.70699999854,458838.98200000077],[108330.89600000158,458838.86300000176],[108332.76700000092,458837.68200000003],[108334.0549999997,458836.87000000104],[108335.02199999988,458836.26000000164],[108334.84099999815,458835.95800000057],[108332.35500000045,458831.79600000009],[108332.22500000149,458831.57899999991],[108331.28400000185,458830.00299999863],[108329.29899999872,458826.67799999937],[108317.2509999983,458806.50499999896],[108351.61199999973,458785.98099999875],[108336.24399999902,458761.17000000179],[108375.85099999979,458736.63699999824],[108378.35200000182,458735.08799999952],[108384.09499999881,458731.53099999949],[108385.70199999958,458730.53500000015],[108390.66200000048,458738.54399999976],[108391.98699999973,458740.68299999833],[108395.05200000107,458745.63100000098],[108397.14200000092,458749.00600000098],[108397.75800000131,458750],[108409.36899999902,458768.74599999934],[108411.35099999979,458771.94700000063],[108417.30000000075,458781.55099999905],[108419.29100000113,458784.76689999923],[108442.82349999994,458770.88599999994],[108445.86149999872,458769.09400000051],[108450.12330000103,458766.5800999999],[108468.80009999871,458755.56340000033],[108468.98299999908,458755.86400000006],[108475.03700000048,458765.80700000003],[108475.98000000045,458767.35599999875],[108480.26199999824,458774.3900000006],[108484.02199999988,458780.56500000134],[108484.56300000101,458781.45300000161],[108492.60500000045,458794.66299999878],[108493.78099999949,458796.59499999881],[108494.05999999866,458797.05299999937],[108495.26999999955,458799.03999999911],[108495.7109999992,458799.7650000006],[108496.45499999821,458800.98699999973],[108507.58199999854,458819.26300000027],[108516.34600000083,458833.65799999982],[108538.06599999964,458869.33300000057],[108732.35200000182,459187.80900000036],[108736.74500000104,459195.01000000164],[108857.80299999937,459393.44999999925],[108867.90300000086,459386.95399999991],[108872.60599999875,459393.95699999854],[108868.00200000033,459397.31199999899],[108864.39400000125,459399.78400000185],[108862.47100000083,459401.10200000182],[109009.29199999943,459641.77400000021],[109087.77100000158,459770.03400000185],[109101.59099999815,459792.47300000116],[109078.40799999982,459805.81799999997],[109074.27100000158,459808.21000000089],[109062.07800000161,459815.6950000003],[109062.25299999863,459815.98000000045],[109065.9840000011,459822.05799999833],[108950.4609999992,459885.47300000116],[108953.59299999848,459890.72899999842],[108954.2109999992,459891.76700000092],[108939.54199999943,459900.50899999961],[108936.12200000137,459902.17100000009],[108907.67599999905,459919.12799999863],[108907.22300000116,459918.36899999902],[108897.20300000161,459901.55999999866],[108867.93400000036,459919.00600000098]]]},"properties":{"ORACLE_OBJECTID":8961,"CODE":"PAW_OR-4.12.OB07","NAAM":"OB 07 (Kortsteekterweg 28)","STATUSOBJECT":"gerealiseerd","SOORTPEILGEBIED":"Onderbemaling","SOORTAFWATERING":"Bemalen","PEILBEHERENDEINSTANTIE":"VERGUNNINGHOUDER","OPPERVLAKTE":396374,"OMTREK":3352,"OPMERKING":"Voormalig vak OR-4.12.4.1, OB met bestaansrecht","HYPERLINK":null,"ONTHEFFING":"336437","SOORTPEILBEHEER":"seizoensgebonden peil (vast)","VASTPEIL":null,"ZOMERPEIL":-2.5299999999999998,"WINTERPEIL":-2.5800000000000001,"FLEXZOMERPEILONDERGRENS":null,"FLEXZOMERPEILBOVENGRENS":null,"FLEXWINTERPEILONDERGRENS":null,"FLEXWINTERPEILBOVENGRENS":null,"ZOMERPEILTEKST":"-2.53","WINTERPEILTEKST":"-2.58","INWINNENDEINSTANTIE":"Hoogheemraadschap van Rijnland","METENDEINSTANTIE":null,"INWINNINGSMETHODE":"digitaliseren","DIMENSIE":"2D","NAUWKEURIGHEIDXY":null,"NAUWKEURIGHEIDZ":null,"DATUMINWINNING":1758499200000,"GEOKPOBJECTID":72355,"LAST_EDITED_DATE":1784010675000,"STATUSPEILGEBIED":"Vigerend definitief","SHAPE_AREA":0,"SHAPE_LEN":0,"BEVAT":null,"VOERTAFOP":null,"LONGITUDE":4.71076827,"LATITUDE":52.120426379999998,"XCOORDINAAT":108673.14,"YCOORDINAAT":459349.96999999997,"VASTBEHEERMARGEBOVEN":null,"VASTBEHEERMARGEONDER":null,"ZPBEHEERMARGEBOVEN":null,"ZPBEHEERMARGEONDER":null,"WPBEHEERMARGEONDER":null,"WPBEHEERMARGEBOVEN":null,"FLEXZPONDERBEHEERMARGEBOVEN":null,"FLEXZPONDERBEHEERMARGEONDER":null,"FLEXZPBOVENBEHEERMARGEBOVEN":null,"FLEXZPBOVENBEHEERMARGEONDER":null,"FLEXWPONDERBEHEERMARGEBOVEN":null,"FLEXWPONDERBEHEERMARGEONDER":null,"FLEXWPBOVENBEHEERMARGEBOVEN":null,"FLEXWPBOVENBEHEERMARGEONDER":null,"OBJECTID2":183}},{"type":"Feature","id":184,"geometry":{"type":"Polygon","coordinates":[[[115716.16299999878,464391.58269999921],[115718.30539999902,464392.80649999902],[115719.95699999854,464393.67709999904],[115723.433699999,464395.51159999892],[115727.91730000079,464397.95529999956],[115729.27519999817,464398.60379999876],[115738.84849999845,464402.6138000004],[115742.44260000065,464403.52859999985],[115745.54239999875,464403.93510000035],[115751.45450000092,464404.84760000184],[115756.54720000178,464405.4310999997],[115758.86400000006,464405.90249999985],[115760.55409999937,464406.51170000061],[115762.76089999825,464407.49399999902],[115763.71249999851,464408.09279999882],[115765.11369999871,464409.39950000122],[115768.07030000165,464411.65269999951],[115771.42579999939,464413.55689999834],[115775.31340000033,464415.10799999908],[115779.30000000075,464416.29630000144],[115782.97989999875,464417.34169999883],[115790.27859999985,464418.71489999816],[115794.28220000118,464419.1501000002],[115794.61520000175,464419.21209999919],[115796.9963000007,464419.65610000119],[115797.18980000168,464419.69220000133],[115799.36059999838,464420.13239999861],[115799.98589999974,464420.3925999999],[115801.05519999936,464421.18490000069],[115801.46169999987,464421.4860999994],[115803.57299999893,464423.20910000056],[115805.04509999976,464424.42770000175],[115806.5811999999,464425.45850000158],[115806.70050000027,464425.53849999979],[115807.05299999937,464425.7751000002],[115809.67740000039,464427.53610000014],[115810.41319999844,464428.02980000153],[115814.69179999828,464430.33430000022],[115820.19959999993,464432.45030000061],[115824.7862999998,464433.33540000021],[115828.67870000005,464433.38859999925],[115832.90929999948,464433.51399999857],[115834.85399999842,464433.70939999819],[115836.64139999822,464433.8638000004],[115837.69649999961,464434.0896999985],[115838.53669999912,464434.46049999818],[115839.64429999888,464435.10949999839],[115840.86589999869,464435.9477000013],[115842.5159999989,464437.24850000069],[115845.6270999983,464439.13560000062],[115847.55750000104,464440.03539999947],[115849.52279999852,464440.58280000091],[115851.61329999939,464441.20639999956],[115853.47030000016,464441.67060000077],[115855.34360000119,464442.02279999852],[115863.76539999992,464443.97069999948],[115868.21299999952,464445.84349999949],[115870.50189999864,464446.56430000067],[115872.05209999904,464446.81949999928],[115873.44570000097,464447.00420000032],[115874.86320000142,464447.31980000064],[115876.31230000034,464447.8861999996],[115877.47100000083,464448.42379999906],[115879.25160000101,464449.47360000014],[115880.53539999947,464450.34470000118],[115883.60049999878,464452.23350000009],[115887.15410000086,464454.16259999946],[115894.2890000008,464456.94660000131],[115898.24989999831,464458.28990000114],[115903.97520000115,464460.51729999855],[115905.9550999999,464461.54820000008],[115907.13219999894,464462.29980000108],[115907.48559999838,464462.73820000142],[115907.75230000168,464463.35139999911],[115907.75690000132,464463.37379999831],[115907.83329999819,464463.74780000001],[115907.55339999869,464464.7958999984],[115906.8526000008,464466.81850000098],[115894.09930000082,464506.27450000122],[115891.15540000051,464515.38219999894],[115881.00259999931,464544.72920000181],[115851.50939999893,464629.98020000011],[115850.89669999853,464631.75120000169],[115849.35060000047,464636.22019999847],[115846.01520000026,464645.86140000075],[115838.73869999871,464666.89420000091],[115833.1436999999,464682.96950000152],[115819.86309999973,464721.12730000168],[115816.98990000039,464729.38239999861],[115788.97529999912,464812.70479999855],[115785.50580000132,464823.02409999818],[115781.20109999925,464835.82730000094],[115779.79030000046,464841.07569999993],[115778.93169999868,464844.26979999989],[115779.29399999976,464847.12449999899],[115780.00450000167,464852.72300000116],[115783.57789999992,464880.88129999861],[115774.55299999937,464882.02100000158],[115765.21200000122,464883.18200000003],[115754.94200000167,464884.34299999848],[115753.88089999929,464884.47459999844],[115747.75519999862,464885.23429999873],[115744.17799999937,464885.67799999937],[115725.61100000143,464887.94200000167],[115713.68699999899,464889.45199999958],[115699.15199999884,464891.25200000033],[115686.4450000003,464892.78999999911],[115676.40700000152,464894.03799999878],[115664.77400000021,464895.40300000086],[115660.87689999864,464895.85090000182],[115653.66200000048,464896.6799999997],[115644.55299999937,464897.78299999982],[115635.73299999908,464898.88599999994],[115629.11070000008,464900.04199999943],[115627.58100000024,464900.30900000036],[115618.12299999967,464901.96299999952],[115614.00809999928,464902.71810000017],[115609.40900000185,464903.56199999899],[115597.90199999884,464905.6790000014],[115586.67500000075,464908.05900000036],[115578.31899999827,464909.9459999986],[115576.26000000164,464910.43899999931],[115572.92300000042,464911.51399999857],[115567.52699999884,464913.51700000092],[115559.05600000173,464916.3900000006],[115551.39699999988,464919.17700000107],[115544.11499999836,464921.64499999955],[115539.70499999821,464923.38599999994],[115534.07699999958,464925.85399999842],[115523.86499999836,464930.49799999967],[115515.37280000001,464934.26179999858],[115498.21200000122,464896.24300000072],[115499.06500000134,464893.31899999827],[115500.09099999815,464889.80299999937],[115507.96999999881,464865.18299999833],[115516.50400000066,464839.98299999908],[115525.89799999818,464813.21799999848],[115533.55700000003,464789.76099999994],[115542.79100000113,464763.18299999833],[115562.01000000164,464709.40199999884],[115570.59699999914,464684.61899999902],[115577.95899999887,464662.21499999985],[115585.9849999994,464639.35599999875],[115591.42100000009,464621.08999999985],[115607.88300000131,464572.52600000054],[115615.83500000089,464549.67100000009],[115625.21400000155,464524.0709999986],[115633.88100000098,464499.07499999925],[115633.93899999931,464498.92300000042],[115642.63399999961,464476.46499999985],[115644.60000000149,464471.69399999827],[115646.62999999896,464461.91800000146],[115648.82899999991,464454.67100000009],[115652.85799999908,464445.90700000152],[115656.60599999875,464435.3740000017],[115663.59499999881,464414.76700000092],[115669.77299999818,464396.07299999893],[115674.20080000162,464384.45499999821],[115674.23250000179,464384.37189999968],[115679.4085999988,464386.0485999994],[115681.64440000057,464386.77279999852],[115682.25890000165,464386.91360000148],[115683.7938000001,464387.26440000162],[115684.12590000033,464387.12909999862],[115686.18710000068,464386.28959999979],[115687.83260000125,464385.61589999869],[115688.73809999973,464385.48919999972],[115692.26639999822,464385.69539999962],[115697.87799999863,464386.82259999961],[115700.11300000176,464387.20360000059],[115716.16299999878,464391.58269999921]]]},"properties":{"ORACLE_OBJECTID":198,"CODE":"PAW_OR-4.09.OB05","NAAM":"OB G.H.M. Koot","STATUSOBJECT":"gerealiseerd","SOORTPEILGEBIED":"Onderbemaling","SOORTAFWATERING":"Bemalen","PEILBEHERENDEINSTANTIE":"VERGUNNINGHOUDER","OPPERVLAKTE":127060,"OMTREK":1549,"OPMERKING":null,"HYPERLINK":null,"ONTHEFFING":"V59128","SOORTPEILBEHEER":"dynamisch peil","VASTPEIL":-6.46,"ZOMERPEIL":null,"WINTERPEIL":null,"FLEXZOMERPEILONDERGRENS":-6.46,"FLEXZOMERPEILBOVENGRENS":-5.9800000000000004,"FLEXWINTERPEILONDERGRENS":-6.46,"FLEXWINTERPEILBOVENGRENS":-5.9800000000000004,"ZOMERPEILTEKST":"bov:-5.98 / ond:-6.46","WINTERPEILTEKST":"bov:-5.98 / ond:-6.46","INWINNENDEINSTANTIE":"Hoogheemraadschap van Rijnland","METENDEINSTANTIE":null,"INWINNINGSMETHODE":null,"DIMENSIE":"2D","NAUWKEURIGHEIDXY":null,"NAUWKEURIGHEIDZ":null,"DATUMINWINNING":1404432000000,"GEOKPOBJECTID":68,"LAST_EDITED_DATE":1755262504000,"STATUSPEILGEBIED":"Vigerend definitief","SHAPE_AREA":0,"SHAPE_LEN":0,"BEVAT":null,"VOERTAFOP":null,"LONGITUDE":4.8127952299999999,"LATITUDE":52.168688660000001,"XCOORDINAAT":115703.02,"YCOORDINAAT":464659.32000000001,"VASTBEHEERMARGEBOVEN":null,"VASTBEHEERMARGEONDER":null,"ZPBEHEERMARGEBOVEN":null,"ZPBEHEERMARGEONDER":null,"WPBEHEERMARGEONDER":null,"WPBEHEERMARGEBOVEN":null,"FLEXZPONDERBEHEERMARGEBOVEN":null,"FLEXZPONDERBEHEERMARGEONDER":null,"FLEXZPBOVENBEHEERMARGEBOVEN":null,"FLEXZPBOVENBEHEERMARGEONDER":null,"FLEXWPONDERBEHEERMARGEBOVEN":null,"FLEXWPONDERBEHEERMARGEONDER":null,"FLEXWPBOVENBEHEERMARGEBOVEN":null,"FLEXWPBOVENBEHEERMARGEONDER":null,"OBJECTID2":184}},{"type":"Feature","id":185,"geometry":{"type":"Polygon","coordinates":[[[108494.12319999933,454795.33080000058],[108500.40049999952,454796.85750000179],[108515.85509999841,454807.63949999958],[108523.9299999997,454813.27299999818],[108635.0150000006,454890.77100000158],[108648.46900000051,454900.15700000152],[108643.60599999875,454907.02899999917],[108639.81700000167,454912.38399999961],[108741.46999999881,454982.96999999881],[108836.97839999944,455049.28880000114],[108822.56780000031,455070.27650000155],[108827.9096999988,455085.17689999938],[108802.80200000107,455119.64900000021],[108755.98200000077,455183.40599999949],[108750.44920000061,455199.15960000083],[108723.2928000018,455235.98519999906],[108134.35119999945,454785.4395999983],[108125.46180000156,454778.58669999987],[108118.81159999967,454777.48919999972],[108120.03610000014,454770.06929999962],[108123.76900000125,454747.39550000057],[108127.34540000185,454727.54160000011],[108138.91270000115,454657.70960000157],[108147.09400000051,454610.09059999883],[108146.42000000179,454608.10759999976],[108141.59739999846,454593.91789999977],[108141.50719999894,454593.65239999816],[108141.01139999926,454592.19350000098],[108147.75250000134,454582.36430000141],[108147.95540000126,454582.33040000126],[108154.92980000004,454581.16499999911],[108168.34730000049,454562.36410000175],[108494.12319999933,454795.33080000058]]]},"properties":{"ORACLE_OBJECTID":1460,"CODE":"PAW_WW-31.OB10A","NAAM":"OB Dammekade 2","STATUSOBJECT":"gerealiseerd","SOORTPEILGEBIED":"Onderbemaling","SOORTAFWATERING":"Bemalen","PEILBEHERENDEINSTANTIE":"VERGUNNINGHOUDER","OPPERVLAKTE":169047,"OMTREK":2058,"OPMERKING":null,"HYPERLINK":null,"ONTHEFFING":"V65613","SOORTPEILBEHEER":"dynamisch peil","VASTPEIL":null,"ZOMERPEIL":null,"WINTERPEIL":null,"FLEXZOMERPEILONDERGRENS":-2.7000000000000002,"FLEXZOMERPEILBOVENGRENS":null,"FLEXWINTERPEILONDERGRENS":-2.7000000000000002,"FLEXWINTERPEILBOVENGRENS":null,"ZOMERPEILTEKST":"bov: / ond:-2.70","WINTERPEILTEKST":"bov: / ond:-2.70","INWINNENDEINSTANTIE":"Hoogheemraadschap van Rijnland","METENDEINSTANTIE":null,"INWINNINGSMETHODE":"digitaliseren","DIMENSIE":"2D","NAUWKEURIGHEIDXY":null,"NAUWKEURIGHEIDZ":null,"DATUMINWINNING":1592179200000,"GEOKPOBJECTID":37762,"LAST_EDITED_DATE":1744725508000,"STATUSPEILGEBIED":"Vigerend definitief","SHAPE_AREA":0,"SHAPE_LEN":0,"BEVAT":null,"VOERTAFOP":null,"LONGITUDE":4.7085251000000001,"LATITUDE":52.080408509999998,"XCOORDINAAT":108477.89,"YCOORDINAAT":454899.16999999998,"VASTBEHEERMARGEBOVEN":null,"VASTBEHEERMARGEONDER":null,"ZPBEHEERMARGEBOVEN":null,"ZPBEHEERMARGEONDER":null,"WPBEHEERMARGEONDER":null,"WPBEHEERMARGEBOVEN":null,"FLEXZPONDERBEHEERMARGEBOVEN":null,"FLEXZPONDERBEHEERMARGEONDER":null,"FLEXZPBOVENBEHEERMARGEBOVEN":null,"FLEXZPBOVENBEHEERMARGEONDER":null,"FLEXWPONDERBEHEERMARGEBOVEN":null,"FLEXWPONDERBEHEERMARGEONDER":null,"FLEXWPBOVENBEHEERMARGEBOVEN":null,"FLEXWPBOVENBEHEERMARGEONDER":null,"OBJECTID2":185}},{"type":"Feature","id":186,"geometry":{"type":"Polygon","coordinates":[[[98615.881000000983,458931.65599999949],[98614.822000000626,458931.65799999982],[98580.563999999315,458933.9450000003],[98577.607999999076,458934.22199999914],[98533.895799998194,458939.54520000145],[98532.59430000186,458939.85570000112],[98529.161600001156,458939.8759999983],[98498.322000000626,458948.27699999884],[98463.152899999171,458952.39570000023],[98455.565000001341,458953.18899999931],[98436.27519999817,458798.76429999992],[98418.080699998885,458663.42269999906],[98414.377799998969,458626.31819999963],[98414.278999999166,458625.55009999871],[98414.246599998325,458624.77639999986],[98414.28069999814,458624.00279999897],[98414.381099998951,458623.2349999994],[98414.547100000083,458622.4785999991],[98414.777399998158,458621.73919999972],[98415.070399999619,458621.0223999992],[98415.423799999058,458620.33339999989],[98415.835200000554,458619.6772999987],[98416.301300000399,458619.05889999866],[98416.818799998611,458618.48279999942],[98417.383900001645,458617.95329999924],[98417.992400001734,458617.47430000082],[98418.639699999243,458617.04940000176],[98419.32119999826,458616.68149999902],[98420.031700000167,458616.37359999865],[98420.76610000059,458616.12779999897],[98421.518800001591,458615.9459999986],[98422.284400001168,458615.82950000092],[98423.057100001723,458615.77919999883],[98423.831300001591,458615.79540000111],[98424.601300001144,458615.87810000032],[98425.361299999058,458616.02659999952],[98426.105799999088,458616.23970000073],[98426.829199999571,458616.51610000059],[98427.526200000197,458616.85350000113],[98428.191599998623,458617.24960000068],[98428.820599999279,458617.70129999891],[98439.666799999774,458621.80669999868],[98441.10379999876,458621.7771999985],[98442.538100000471,458621.87209999934],[98443.95870000124,458622.09079999849],[98445.355099998415,458622.43149999902],[98446.716699998826,458622.89180000126],[98448.033500000834,458623.46810000017],[98449.295400001109,458624.15619999915],[98450.493000000715,458624.95089999959],[98451.617499999702,458625.84629999846],[98452.660199999809,458626.83559999987],[98453.613400001079,458627.9114000015],[98454.469999998808,458629.06560000032],[98455.22349999845,458630.28959999979],[98455.868299998343,458631.57420000061],[98456.399599999189,458632.90980000049],[98456.813299998641,458634.2862999998],[98457.106300000101,458635.69350000098],[98457.27650000155,458637.12070000172],[98457.322599999607,458638.55730000138],[98464.055799998343,458638.05860000104],[98496.904399998486,458636.57019999996],[98511.621399998665,458635.66180000082],[98506.199000000954,458562.12660000101],[98482.654500000179,458252.71770000085],[98505.247699998319,458251.05290000141],[98525.916700001806,458525.11050000042],[98547.152699999511,458523.74680000171],[98536.957899998873,458384.93820000067],[98531.177000001073,458274.27290000021],[98548.245000001043,458273.42960000038],[98548.322599999607,458273.92819999903],[98558.698699999601,458438.71079999954],[98558.991200000048,458442.02950000018],[98563.20910000056,458502.40450000018],[98569.222800001502,458584.10099999979],[98575.057799998671,458650.92269999906],[98592.741799999028,458818.71240000054],[98619.957699999213,458817.58509999886],[98628.632399998605,458918.68470000103],[98629.454700000584,458931.51240000129],[98615.881000000983,458931.65599999949]]]},"properties":{"ORACLE_OBJECTID":8965,"CODE":"PAW-WW-09.HW01","NAAM":null,"STATUSOBJECT":null,"SOORTPEILGEBIED":"Hoogwatervoorziening","SOORTAFWATERING":"Gestuwd","PEILBEHERENDEINSTANTIE":null,"OPPERVLAKTE":68431,"OMTREK":2279,"OPMERKING":null,"HYPERLINK":null,"ONTHEFFING":"418113","SOORTPEILBEHEER":"seizoensgebonden peil (vast)","VASTPEIL":null,"ZOMERPEIL":-1.95,"WINTERPEIL":-1.8500000000000001,"FLEXZOMERPEILONDERGRENS":null,"FLEXZOMERPEILBOVENGRENS":null,"FLEXWINTERPEILONDERGRENS":null,"FLEXWINTERPEILBOVENGRENS":null,"ZOMERPEILTEKST":"-1.95","WINTERPEILTEKST":"-1.85","INWINNENDEINSTANTIE":"Hoogheemraadschap van Rijnland","METENDEINSTANTIE":null,"INWINNINGSMETHODE":"digitaliseren","DIMENSIE":"2D","NAUWKEURIGHEIDXY":null,"NAUWKEURIGHEIDZ":null,"DATUMINWINNING":null,"GEOKPOBJECTID":72362,"LAST_EDITED_DATE":1772182130000,"STATUSPEILGEBIED":null,"SHAPE_AREA":0,"SHAPE_LEN":0,"BEVAT":null,"VOERTAFOP":null,"LONGITUDE":4.5626830099999998,"LATITUDE":52.112761949999999,"XCOORDINAAT":98521.850000000006,"YCOORDINAAT":458602.12,"VASTBEHEERMARGEBOVEN":null,"VASTBEHEERMARGEONDER":null,"ZPBEHEERMARGEBOVEN":null,"ZPBEHEERMARGEONDER":null,"WPBEHEERMARGEONDER":null,"WPBEHEERMARGEBOVEN":null,"FLEXZPONDERBEHEERMARGEBOVEN":null,"FLEXZPONDERBEHEERMARGEONDER":null,"FLEXZPBOVENBEHEERMARGEBOVEN":null,"FLEXZPBOVENBEHEERMARGEONDER":null,"FLEXWPONDERBEHEERMARGEBOVEN":null,"FLEXWPONDERBEHEERMARGEONDER":null,"FLEXWPBOVENBEHEERMARGEBOVEN":null,"FLEXWPBOVENBEHEERMARGEONDER":null,"OBJECTID2":186}},{"type":"Feature","id":190,"geometry":{"type":"Polygon","coordinates":[[[113110.52400000021,464467.87700000033],[113114.72399999946,464469.50699999928],[113131.29300000146,464476.10099999979],[113127.87200000137,464486.4299999997],[113123.13100000098,464498.93600000069],[113119.4849999994,464508.55099999905],[113113.68600000069,464524.54100000113],[113105.97300000116,464544.13599999994],[113104.50499999896,464544.82999999821],[113104.49599999934,464544.82899999991],[113100.78000000119,464543.44900000095],[113082.64400000125,464536.10300000012],[113056.94900000095,464526.07600000128],[113025.98600000143,464514.54800000042],[113024.81899999827,464513.38399999961],[113020.93899999931,464511.77699999884],[113003.92599999905,464505.99399999902],[113001.11199999973,464504.87099999934],[112984.3040000014,464498.15799999982],[112981.70800000057,464497.18899999931],[112968.125,464492.11899999902],[112958.66099999845,464487.85099999979],[112919.98000000045,464473.32600000128],[112857.64499999955,464448.60799999908],[112824.38899999857,464435.77600000054],[112790.13899999857,464422.75200000033],[112783.88120000064,464420.3013000004],[112757.51300000027,464409.97500000149],[112725.47199999914,464397.73299999908],[112693.0390000008,464385.01000000164],[112631.57400000095,464361.17199999839],[112601.2340000011,464349.16200000048],[112571.97599999979,464338.18600000069],[112539.87900000066,464325.08199999854],[112511.85599999875,464314.31599999964],[112482.61199999973,464303.60500000045],[112459.72100000083,464294.60399999842],[112457.3359999992,464293.66600000113],[112457.47300000116,464293.08700000122],[112472.2509999983,464253.28299999982],[112502.08100000024,464173.94700000063],[112511.19799999893,464148.70300000161],[112514.3040000014,464139.2349999994],[112515.67500000075,464134.39900000021],[112525.72199999914,464109.28599999845],[112526.53400000185,464109.3900000006],[112530.96299999952,464110.71299999952],[112534.42700000107,464111.92799999937],[112590.7109999992,464133.24199999869],[112660.6640000008,464160.49799999967],[112733.60300000012,464188.37000000104],[112804.5159999989,464215.83500000089],[112851.02389999852,464233.61160000041],[112875.46599999815,464242.95399999991],[112938.88599999994,464267.78400000185],[112998.89999999851,464291.45100000128],[112999.32299999893,464291.61800000072],[113066.89600000158,464317.83799999952],[113097.10399999842,464329.15900000185],[113135.7650000006,464344.75600000098],[113173.36899999902,464359.58500000089],[113173.71900000051,464360.00800000131],[113173.73800000176,464360.04399999976],[113173.77400000021,464360.3049999997],[113173.03700000048,464362.96900000051],[113172.18400000036,464365.03700000048],[113168.25,464375.47800000012],[113161.7109999992,464394.6640000008],[113156.83300000057,464409.35700000077],[113145.03500000015,464441.42300000042],[113139.98299999908,464454.50800000131],[113134.20499999821,464467.40900000185],[113127.70800000057,464465.67799999937],[113110.625,464458.65100000054],[113090.48999999836,464451.01900000125],[113087.96900000051,464450.06399999931],[113085.24399999902,464449.03099999949],[113085.22399999946,464449.08100000024],[113083.09899999946,464454.37299999967],[113082.73999999836,464456.99199999869],[113082.69700000063,464457.30099999905],[113083.0009999983,464460.23099999875],[113084.20100000128,464463.59099999815],[113087.46900000051,464465.80099999905],[113090.79600000009,464466.72500000149],[113094.17100000009,464466.54699999839],[113096.96999999881,464465.58999999985],[113099.21599999815,464465.24700000137],[113101.48099999875,464465.30700000003],[113106.80600000173,464466.43400000036],[113110.52400000021,464467.87700000033]]]},"properties":{"ORACLE_OBJECTID":578,"CODE":"PAW_OR-4.09.OB44A","NAAM":"OB L. Rijlaarsdam","STATUSOBJECT":"gerealiseerd","SOORTPEILGEBIED":"Onderbemaling","SOORTAFWATERING":"Bemalen","PEILBEHERENDEINSTANTIE":"VERGUNNINGHOUDER","OPPERVLAKTE":137122,"OMTREK":1892,"OPMERKING":null,"HYPERLINK":"https://zoek.officielebekendmakingen.nl/wsb-2014-2773.html","ONTHEFFING":"V59082","SOORTPEILBEHEER":"dynamisch peil","VASTPEIL":-6.8799999999999999,"ZOMERPEIL":null,"WINTERPEIL":null,"FLEXZOMERPEILONDERGRENS":-6.8799999999999999,"FLEXZOMERPEILBOVENGRENS":-5.9800000000000004,"FLEXWINTERPEILONDERGRENS":-6.8799999999999999,"FLEXWINTERPEILBOVENGRENS":-5.9800000000000004,"ZOMERPEILTEKST":"bov:-5.98 / ond:-6.88","WINTERPEILTEKST":"bov:-5.98 / ond:-6.88","INWINNENDEINSTANTIE":"Hoogheemraadschap van Rijnland","METENDEINSTANTIE":null,"INWINNINGSMETHODE":null,"DIMENSIE":"2D","NAUWKEURIGHEIDXY":null,"NAUWKEURIGHEIDZ":null,"DATUMINWINNING":1398902400000,"GEOKPOBJECTID":97,"LAST_EDITED_DATE":1745409217000,"STATUSPEILGEBIED":"Vigerend definitief","SHAPE_AREA":0,"SHAPE_LEN":0,"BEVAT":null,"VOERTAFOP":null,"LONGITUDE":4.7706323099999999,"LATITUDE":52.165489530000002,"XCOORDINAAT":112815.55,"YCOORDINAAT":464327.06,"VASTBEHEERMARGEBOVEN":null,"VASTBEHEERMARGEONDER":null,"ZPBEHEERMARGEBOVEN":null,"ZPBEHEERMARGEONDER":null,"WPBEHEERMARGEONDER":null,"WPBEHEERMARGEBOVEN":null,"FLEXZPONDERBEHEERMARGEBOVEN":null,"FLEXZPONDERBEHEERMARGEONDER":null,"FLEXZPBOVENBEHEERMARGEBOVEN":null,"FLEXZPBOVENBEHEERMARGEONDER":null,"FLEXWPONDERBEHEERMARGEBOVEN":null,"FLEXWPONDERBEHEERMARGEONDER":null,"FLEXWPBOVENBEHEERMARGEBOVEN":null,"FLEXWPBOVENBEHEERMARGEONDER":null,"OBJECTID2":190}},{"type":"Feature","id":191,"geometry":{"type":"Polygon","coordinates":[[[113784.47800000012,454761.60099999979],[113783.96000000089,454767.69399999827],[113783.47800000012,454775.71499999985],[113782.97599999979,454783.77100000158],[113782.41099999845,454791.41800000146],[113781.97800000012,454798.69200000167],[113781.39499999955,454806.56500000134],[113780.61300000176,454814.05999999866],[113779.95399999991,454819.48200000077],[113779.66000000015,454824.16299999878],[113779.46900000051,454829.98600000143],[113779.09699999914,454836.24799999967],[113779.04899999872,454837.34099999815],[113778.74199999869,454841.83900000155],[113778.54199999943,454843.65300000086],[113777.88899999857,454846.81899999827],[113777.15199999884,454849.06399999931],[113776.35399999842,454850.92599999905],[113775.51000000164,454852.55900000036],[113774.47199999914,454853.91499999911],[113773.4849999994,454855.19799999893],[113772.15900000185,454856.15199999884],[113770.77400000021,454856.86100000143],[113769.29399999976,454857.50499999896],[113767.88699999824,454858.03299999982],[113766.40300000086,454858.43899999931],[113764.41600000113,454858.66699999943],[113761.88800000027,454858.74500000104],[113759.43200000003,454858.61600000039],[113757.1259999983,454858.32699999958],[113755.00299999863,454858.01799999923],[113753.58399999887,454857.83700000122],[113746.76199999824,454856.90799999982],[113744.23900000006,454856.5390000008],[113741.04600000009,454855.96599999815],[113737.98900000006,454855.46700000018],[113734.52199999988,454854.88399999961],[113731.05700000003,454854.26199999824],[113727.72399999946,454853.65599999949],[113724.66800000146,454853.20100000128],[113721.00400000066,454852.52100000158],[113717.27299999818,454852.02299999818],[113713.4840000011,454851.37999999896],[113709.41499999911,454850.82999999821],[113705.18899999931,454850.19000000134],[113701.31399999931,454849.61800000072],[113699.10200000182,454849.31100000069],[113692.62299999967,454848.07200000063],[113691.9609999992,454847.95199999958],[113689.27699999884,454847.28099999949],[113687.03500000015,454846.42700000107],[113685.52899999917,454845.76399999857],[113684.00899999961,454844.90199999884],[113683.48999999836,454844.56500000134],[113680.21499999985,454842.46499999985],[113677.9840000011,454840.73299999908],[113675.4849999994,454838.99100000039],[113673.67500000075,454837.27100000158],[113671.14200000092,454835.08999999985],[113668.13199999928,454832.57800000161],[113665.72399999946,454830.29199999943],[113663.64900000021,454828.42300000042],[113661.04699999839,454826.00899999961],[113658.2890000008,454823.76099999994],[113654.9450000003,454820.50400000066],[113651.06700000167,454817.12200000137],[113648.04800000042,454814.40199999884],[113644.50200000033,454811.0709999986],[113641.84899999946,454808.35500000045],[113638.41800000146,454805.18100000173],[113634.44700000063,454801.93699999899],[113630.36800000072,454798.09499999881],[113628.31500000134,454796.12900000066],[113617.28709999844,454786.11389999837],[113614.55200000107,454783.62999999896],[113611.43100000173,454781.01300000027],[113608.86899999902,454778.6959999986],[113605.65100000054,454776.05000000075],[113602.37999999896,454773.25800000131],[113602.04410000145,454772.9915000014],[113599.28200000152,454770.80000000075],[113596.67300000042,454768.70800000057],[113596.21000000089,454768.32299999893],[113594.75699999928,454767.12000000104],[113590.56700000167,454764.18499999866],[113587.53500000015,454762.29600000009],[113584.91299999878,454761.0009999983],[113582.51900000125,454759.8759999983],[113579.5549999997,454758.77299999818],[113576.39499999955,454757.7349999994],[113573.27899999917,454756.9290000014],[113570.56799999997,454756.53000000119],[113570.23530000076,454756.48849999905],[113567.13899999857,454756.10200000182],[113563.63500000164,454756.04600000009],[113559.58300000057,454756.1799999997],[113556.68609999865,454756.49769999832],[113555.69000000134,454756.60700000077],[113552.48900000006,454757.09200000018],[113549.17700000107,454757.80600000173],[113545.92300000042,454758.68600000069],[113542.19200000167,454759.96900000051],[113538.36300000176,454761.42700000107],[113535.06830000132,454762.90720000118],[113534.49340000004,454761.78119999915],[113533.66759999841,454760.16369999945],[113532.7098999992,454758.28799999878],[113531.79969999939,454755.36210000142],[113531.63450000063,454751.63019999862],[113532.29250000045,454747.4235999994],[113534.75629999861,454731.67280000076],[113536.47129999846,454714.84589999914],[113537.61050000042,454699.66620000079],[113538.21889999881,454682.40790000185],[113539.14799999818,454656.05710000172],[113540.07999999821,454629.62029999867],[113542.36769999936,454596.37260000035],[113542.81909999996,454593.04230000079],[113543.07950000092,454591.95549999923],[113543.47949999943,454590.83210000023],[113544.20969999954,454589.58449999988],[113545.14249999821,454588.42830000073],[113546.8200000003,454586.99700000137],[113549.77919999883,454584.81509999931],[113579.8647999987,454562.63280000165],[113581.62009999901,454560.77849999815],[113582.81529999897,454558.65740000084],[113583.60830000043,454556.80169999972],[113584.22929999977,454554.70030000061],[113584.64460000023,454552.48600000143],[113586.11520000175,454543.84180000052],[113586.83480000123,454515.28730000183],[113587.08080000058,454512.00879999995],[113587.0848999992,454509.21620000154],[113587.28750000149,454500.81340000033],[113587.49419999868,454494.05600000173],[113587.5839000009,454486.82380000129],[113587.61690000072,454475.74689999968],[113587.71939999983,454466.42210000008],[113587.93239999935,454458.41149999946],[113588.26220000163,454451.75530000031],[113588.12299999967,454445.53759999946],[113587.98270000145,454439.12379999831],[113587.94579999894,454432.70549999923],[113587.82039999962,454425.54949999973],[113587.90579999983,454418.58439999819],[113588.20389999822,454412.36960000172],[113588.19029999897,454410.95129999891],[113588.09459999949,454395.71130000055],[113620.70569999889,454392.35700000077],[113620.58790000156,454405.38529999927],[113631.55119999871,454405.48440000042],[113717.40139999986,454414.5150000006],[113717.88129999861,454387.64169999957],[113717.9263000004,454385.12339999899],[113722.3713000007,454378.191300001],[113753.22540000081,454373.8088000007],[113755.74740000069,454373.54430000111],[113787.31289999932,454369.95279999822],[113791.69519999996,454369.51740000024],[113797.40410000086,454368.95030000061],[113809.07250000164,454369.42029999942],[113809.03700000048,454370.30200000107],[113809.34499999881,454374.71200000122],[113809.70399999991,454379.41000000015],[113809.76469999924,454380.67240000144],[113809.93299999833,454384.17000000179],[113810.0150000006,454389.02499999851],[113810.11279999837,454393.00319999829],[113810.14499999955,454394.31500000134],[113810.18699999899,454399.2650000006],[113810.14799999818,454404.87200000137],[113810.32400000095,454411.38699999824],[113810.24700000137,454417.33199999854],[113810.26249999925,454419.13729999959],[113795.88210000098,454419.13650000095],[113787.09569999948,454419.13599999994],[113786.33920000121,454504.12370000035],[113809.36719999835,454504.51779999956],[113809.28599999845,454509.26000000164],[113809.16829999909,454516.51979999989],[113809.13399999961,454518.63500000164],[113808.96400000155,454527.90300000086],[113808.74700000137,454539.3590000011],[113808.46999999881,454550.00299999863],[113808.2340000011,454558.82800000161],[113807.85500000045,454565.59099999815],[113807.72700000182,454574.47500000149],[113807.66099999845,454577.39999999851],[113807.30200000107,454589.77100000158],[113807.23299999908,454593.38500000164],[113806.82800000161,454604.32299999893],[113806.3209999986,454614.92599999905],[113805.76999999955,454624.02400000021],[113805.24700000137,454631.99100000039],[113804.8740000017,454635.32600000128],[113804.40599999949,454638.62000000104],[113803.9840000011,454641.88699999824],[113803.23999999836,454646.55600000173],[113802.47399999946,454649.59600000083],[113801.53299999982,454653.48299999908],[113800.45300000161,454657.18699999899],[113799.45699999854,454659.60099999979],[113798.46299999952,454661.89400000125],[113798.11899999902,454662.58700000122],[113796.375,454666.50899999961],[113795.8040000014,454667.63699999824],[113794.35200000182,454670.4990000017],[113793.06199999899,454673.33100000024],[113791.91699999943,454676.39499999955],[113790.96499999985,454679.30700000003],[113790.09600000083,454682.60700000077],[113789.33399999887,454686.51099999994],[113788.72599999979,454690.56500000134],[113788.25600000098,454694.22399999946],[113787.92599999905,454698.87700000033],[113787.51900000125,454704.87999999896],[113787.20499999821,454709.72700000182],[113786.92300000042,454715.58999999985],[113786.70199999958,454720.79600000009],[113786.35700000077,454725.67199999839],[113786.18200000003,454730.3740000017],[113785.81500000134,454737.13399999961],[113785.51300000027,454741.92799999937],[113785.02499999851,454747.70399999991],[113784.80999999866,454754.65300000086],[113784.47800000012,454761.60099999979]]]},"properties":{"ORACLE_OBJECTID":7363,"CODE":"PAW_WW-30.HW55","NAAM":"Zuidzijderpolder- HW 53 (Deelgebied 3, peilvak 2)","STATUSOBJECT":"gerealiseerd","SOORTPEILGEBIED":"Hoogwatervoorziening","SOORTAFWATERING":"Gestuwd","PEILBEHERENDEINSTANTIE":"STAATSBOSBEHEER","OPPERVLAKTE":99584,"OMTREK":1466,"OPMERKING":"T.b.v. natuurontwikkeling","HYPERLINK":null,"ONTHEFFING":"2024-003983","SOORTPEILBEHEER":"onbekend","VASTPEIL":null,"ZOMERPEIL":null,"WINTERPEIL":null,"FLEXZOMERPEILONDERGRENS":null,"FLEXZOMERPEILBOVENGRENS":null,"FLEXWINTERPEILONDERGRENS":null,"FLEXWINTERPEILBOVENGRENS":null,"ZOMERPEILTEKST":null,"WINTERPEILTEKST":null,"INWINNENDEINSTANTIE":"Hoogheemraadschap van Rijnland","METENDEINSTANTIE":null,"INWINNINGSMETHODE":"digitaliseren","DIMENSIE":"2D","NAUWKEURIGHEIDXY":null,"NAUWKEURIGHEIDZ":null,"DATUMINWINNING":1722902400000,"GEOKPOBJECTID":69154,"LAST_EDITED_DATE":1744725508000,"STATUSPEILGEBIED":"Ontwerp","SHAPE_AREA":0,"SHAPE_LEN":0,"BEVAT":null,"VOERTAFOP":null,"LONGITUDE":4.7843136499999996,"LATITUDE":52.078256000000003,"XCOORDINAAT":113670.98,"YCOORDINAAT":454613.84999999998,"VASTBEHEERMARGEBOVEN":null,"VASTBEHEERMARGEONDER":null,"ZPBEHEERMARGEBOVEN":null,"ZPBEHEERMARGEONDER":null,"WPBEHEERMARGEONDER":null,"WPBEHEERMARGEBOVEN":null,"FLEXZPONDERBEHEERMARGEBOVEN":null,"FLEXZPONDERBEHEERMARGEONDER":null,"FLEXZPBOVENBEHEERMARGEBOVEN":null,"FLEXZPBOVENBEHEERMARGEONDER":null,"FLEXWPONDERBEHEERMARGEBOVEN":null,"FLEXWPONDERBEHEERMARGEONDER":null,"FLEXWPBOVENBEHEERMARGEBOVEN":null,"FLEXWPBOVENBEHEERMARGEONDER":null,"OBJECTID2":191}},{"type":"Feature","id":194,"geometry":{"type":"MultiPolygon","coordinates":[[[[115331.42029999942,460730.14589999989],[115330.6977000013,460733.32699999958],[115329.59659999982,460738.65300000086],[115329.26630000025,460740.6229000017],[115328.93600000069,460742.59270000085],[115328.33300000057,460747.41809999943],[115327.90029999986,460750.16099999845],[115327.5150000006,460753.59739999846],[115326.65439999849,460758.48000000045],[115325.3376000002,460761.69929999858],[115318.63879999891,460772.2210999988],[115314.16000000015,460777.64539999887],[115309.93739999831,460782.9422999993],[115307.52479999885,460786.14840000123],[115301.60029999912,460793.73939999938],[115300.27019999921,460795.09310000017],[115300.21449999884,460795.16270000115],[115296.41770000011,460799.90819999948],[115292.51790000126,460804.9849999994],[115288.17770000175,460810.4701000005],[115288.16589999944,460810.48490000144],[115282.55319999903,460817.90239999816],[115276.32860000059,460824.54050000012],[115272.83139999956,460829.03099999949],[115269.12040000036,460833.81370000169],[115263.66110000014,460840.02109999955],[115260.20459999889,460844.37099999934],[115256.01649999991,460849.52849999815],[115254.27910000086,460851.40359999985],[115251.63789999858,460854.76269999892],[115246.13569999859,460862.27279999852],[115242.76350000128,460867.00230000168],[115239.52129999921,460871.30559999868],[115236.19049999863,460874.86740000173],[115232.64770000055,460878.53539999947],[115221.57809999958,460893.08350000158],[115218.15260000154,460897.64359999821],[115214.42929999903,460902.2303000018],[115210.94900000095,460907.2164000012],[115207.14730000123,460913.42480000108],[115202.96539999917,460919.40670000017],[115196.28579999879,460927.9199000001],[115190.41679999977,460935.07699999958],[115186.07319999859,460940.09050000086],[115181.71790000051,460944.81159999967],[115175.6314000003,460952.08850000054],[115170.53860000148,460958.1827000007],[115169.63709999993,460959.28759999946],[115166.75259999931,460962.82310000062],[115163.43609999865,460967.01729999855],[115159.48119999841,460972.85929999873],[115155.52400000021,460978.32809999958],[115152.0335999988,460983.57559999824],[115149.15069999918,460987.33329999819],[115146.41919999942,460991.37189999968],[115144.71539999917,460994.54870000109],[115142.88109999895,460999.30330000073],[115141.43679999933,461002.29329999909],[115138.96339999884,461006.83249999955],[115136.03599999845,461011.39299999923],[115130.76539999992,461020.26110000163],[115127.83929999918,461025.53319999948],[115126.65819999948,461027.24450000003],[115125.74810000136,461028.34840000048],[115124.69159999862,461029.5645999983],[115123.50970000029,461031.17000000179],[115122.73959999904,461032.2958999984],[115119.9450000003,461037.21070000157],[115114.84589999914,461046.309799999],[115105.06769999862,461063.14979999885],[115099.60830000043,461072.26009999961],[115097.59800000116,461075.97199999914],[115092.56260000169,461084.03489999846],[115084.76280000061,461096.40819999948],[115082.85060000047,461099.86620000005],[115080.54969999939,461104.26949999854],[115077.85440000147,461108.97450000048],[115073.55730000138,461117.49540000036],[115069.94810000062,461124.22700000182],[115063.31659999862,461136.21829999983],[115057.23849999905,461147.45600000024],[115052.09279999882,461157.67430000007],[115047.58920000121,461166.68620000035],[115045.54080000147,461170.7853000015],[115041.45219999924,461178.60539999977],[115040.88100000098,461179.69810000062],[115039.46900000051,461182.1174999997],[115037.47819999978,461185.52879999951],[115033.92790000141,461192.31390000135],[115028.14750000089,461204.0987999998],[115024.68070000038,461210.95499999821],[115024.1314000003,461211.70699999854],[115023.79340000078,461211.95419999957],[115023.44830000028,461212.03700000048],[115022.59409999847,461211.98739999905],[115021.23169999942,461211.62049999833],[115015.2602000013,461209.54309999943],[115010.31960000098,461207.22320000082],[115003.09589999914,461203.23620000109],[115000.82110000029,461201.96420000121],[114998.50970000029,461200.79960000142],[114998.48860000074,461200.7135999985],[114998.49100000039,461200.37999999896],[114999.03240000084,461198.7050999999],[114999.35099999979,461197.96900000051],[115000.10269999877,461196.2322999984],[115001.5773999989,461192.78020000085],[115002.65309999883,461190.79459999874],[115003.0689000003,461189.08029999956],[115002.5987999998,461187.64110000059],[115002.40349999815,461187.40590000153],[115001.48570000008,461186.30059999973],[115000.86300000176,461185.94759999961],[114999.66120000184,461185.36930000037],[114995.30799999833,461183.27439999953],[114990.88610000163,461180.93490000069],[114990.20569999889,461176.56309999898],[114987.79940000176,461167.69619999826],[114986.80810000002,461165.25470000133],[114984.03970000148,461156.41050000116],[114982.82510000095,461151.70270000026],[114983.35750000179,461147.72419999912],[114988.23719999939,461138.72819999978],[114994.56190000102,461126.82449999824],[115003.92419999838,461109.36270000041],[115011.51429999992,461094.31700000167],[115017.12339999899,461083.19590000063],[115025.05930000171,461067.7137000002],[115030.62040000036,461057.2723999992],[115034.99329999834,461049.40340000018],[115039.53849999979,461041.7221999988],[115046.01810000092,461030.55079999939],[115049.4721999988,461024.62909999862],[115055.64930000156,461014.79850000143],[115062.27939999849,461004.13949999958],[115064.14860000089,461000.73119999841],[115071.09650000185,460990.22410000116],[115076.63239999861,460980.95679999888],[115081.47080000117,460972.48440000042],[115085.34950000048,460965.18659999967],[115087.48690000176,460961.47529999912],[115091.03460000083,460955.78240000084],[115094.81410000101,460949.7126000002],[115098.76419999823,460943.0401000008],[115104.11340000108,460933.95199999958],[115109.70380000025,460925.45690000057],[115115.39200000092,460916.81579999998],[115121.8601000011,460907.62009999901],[115127.54720000178,460899.5335999988],[115131.76550000161,460893.5549999997],[115138.91319999844,460882.83469999954],[115144.66070000082,460874.7949000001],[115148.75109999999,460869.09230000153],[115151.40790000185,460864.11600000039],[115154.40659999847,460859.59369999915],[115159.89790000021,460851.26179999858],[115165.43870000169,460842.71409999952],[115174.253800001,460831.08549999818],[115178.20360000059,460825.3900000006],[115182.15340000018,460819.69449999928],[115186.42669999972,460813.81569999829],[115190.69999999925,460807.93340000138],[115194.72709999979,460802.54239999875],[115196.98559999838,460799.47329999879],[115198.75149999931,460796.71379999816],[115201.96550000086,460790.1240000017],[115207.39319999889,460782.25409999862],[115211.61410000175,460776.63320000097],[115217.78460000083,460767.34169999883],[115223.40599999949,460759.06120000035],[115223.5513000004,460758.85420000181],[115229.78790000081,460749.96599999815],[115237.77879999951,460738.56689999998],[115240.77600000054,460734.23589999974],[115243.16110000014,460731.28280000016],[115245.43870000169,460728.8385999985],[115248.82429999858,460727.53119999915],[115254.23409999907,460727.41450000182],[115260.71220000088,460727.86349999905],[115268.816300001,460728.08989999816],[115274.8489000015,460728.25360000134],[115279.53610000014,460728.15370000154],[115283.20800000057,460727.35469999909],[115286.92500000075,460724.70529999956],[115289.65940000117,460721.46730000153],[115293.13720000163,460717.10920000076],[115297.73270000145,460711.07429999858],[115303.99740000069,460702.60330000147],[115309.02679999918,460695.5811999999],[115314.74020000175,460687.18210000172],[115317.92159999907,460683.03009999916],[115320.24460000172,460684.66380000114],[115323.54230000079,460686.98270000145],[115323.62159999833,460687.03849999979],[115323.71449999884,460687.10379999876],[115324.73020000011,460687.81329999864],[115325.74590000138,460688.52279999852],[115330.70129999891,460691.15850000083],[115332.67680000141,460692.11529999971],[115333.31819999963,460692.42599999905],[115338.42139999941,460694.89770000055],[115339.34219999984,460695.45389999822],[115341.72960000113,460696.68299999833],[115343.91180000082,460697.5784999989],[115343.79320000112,460698.97819999978],[115343.06069999933,460701.5923999995],[115341.56210000068,460705.06320000067],[115338.55759999901,460711.28240000084],[115334.88479999825,460719.18030000106],[115333.77109999955,460722.01300000027],[115332.14279999956,460726.96480000019],[115331.42029999942,460730.14589999989]]],[[[115087.89039999992,461210.01689999923],[115087.01419999823,461210.80319999903],[115086.36639999971,461211.75710000098],[115086.00189999864,461212.93549999967],[115086.14299999923,461213.94720000029],[115086.19489999861,461214.31909999996],[115086.88080000132,461215.57580000162],[115087.90670000017,461216.59560000151],[115092.67559999973,461219.22969999909],[115094.60370000079,461220.20219999924],[115103.83790000156,461224.85960000008],[115105.43409999833,461225.9076000005],[115105.70300000161,461226.30700000003],[115105.74769999832,461226.58229999989],[115105.60660000145,461227.40089999884],[115104.31010000035,461230.11270000041],[115101.63179999962,461235.71489999816],[115099.03799999878,461240.73750000075],[115095.13709999993,461248.29129999876],[115089.01130000129,461260.91340000182],[115086.57710000128,461266.44830000028],[115081.39310000092,461278.51359999925],[115076.49320000038,461289.7415000014],[115070.41409999877,461303.55150000006],[115063.53779999912,461319.2041000016],[115058.17350000143,461332.10520000011],[115052.39299999923,461345.96510000154],[115047.16649999842,461357.77939999849],[115042.56720000133,461367.36829999834],[115037.72019999847,461379.6409999989],[115031.65080000088,461394.62000000104],[115030.05640000105,461398.52950000018],[115028.58139999956,461401.94420000166],[115026.67210000008,461405.44260000065],[115024.82360000163,461408.3770999983],[115022.80350000039,461411.46110000089],[115021.65469999984,461413.60889999941],[115020.85350000113,461415.86879999936],[115020.33749999851,461418.50059999898],[115020.08419999853,461420.68809999898],[115019.88289999962,461423.15569999814],[115019.65989999846,461424.60599999875],[115019.35520000011,461425.98550000042],[115018.93820000067,461427.49159999937],[115018.37189999968,461428.98180000111],[115016.75600000098,461432.56450000033],[115014.49680000171,461438.04309999943],[115012.128800001,461444.22069999948],[115010.20300000161,461449.55579999834],[115008.81469999999,461454.21829999983],[115007.15780000016,461458.60420000181],[115004.42700000107,461465.07140000165],[115002.32930000126,461470.19999999925],[115000.16939999908,461474.6501000002],[114998.44009999931,461477.21950000152],[114994.42559999973,461487.50970000029],[114992.03379999846,461491.75439999998],[114990.80240000039,461493.8209999986],[114989.37420000136,461496.77859999985],[114985.73279999942,461506.90610000119],[114981.41200000048,461517.91539999843],[114978.31639999896,461525.65689999983],[114975.02980000153,461532.11699999869],[114971.75539999828,461539.04210000113],[114969.63210000098,461544.50400000066],[114966.66149999946,461551.60000000149],[114964.04630000144,461558.02089999989],[114961.69920000061,461562.76339999959],[114959.95329999924,461567.53880000114],[114957.92460000142,461574.24500000104],[114953.54809999838,461584.97980000079],[114949.74159999937,461594.2648999989],[114947.45910000056,461599.98800000176],[114943.05429999903,461609.41890000179],[114939.34959999844,461618.8423999995],[114936.98250000179,461624.48640000075],[114936.42720000073,461625.2760999985],[114933.08210000023,461625.78060000017],[114930.05000000075,461624.83960000053],[114928.88320000097,461624.30930000171],[114927.65780000016,461623.75230000168],[114926.74850000069,461623.33900000155],[114920.29320000112,461619.84479999915],[114912.14009999856,461615.33359999955],[114905.19590000063,461614.18659999967],[114901.02439999953,461612.67740000039],[114895.44269999862,461610.74240000173],[114890.21829999983,461607.54789999872],[114888.94970000163,461606.4226000011],[114885.09930000082,461603.03420000151],[114882.13439999893,461600.54140000045],[114880.22289999947,461596.95219999924],[114880.03370000049,461596.32629999891],[114879.67440000176,461593.19179999828],[114879.18519999832,461588.5951000005],[114879.32800000161,461582.63439999893],[114879.33590000123,461582.30550000072],[114879.80640000105,461577.56120000035],[114880.75699999928,461574.30209999904],[114883.5373999998,461567.37090000138],[114887.06010000035,461559.68840000033],[114889.58249999955,461553.10330000147],[114891.92579999939,461547.7509999983],[114893.71660000086,461542.81469999999],[114896.04940000176,461535.91530000046],[114898.43189999834,461529.64510000125],[114901.28269999847,461522.42220000178],[114904.17940000072,461516.03889999911],[114905.86630000174,461512.60909999907],[114908.2564000003,461505.98119999841],[114910.45160000026,461500.87900000066],[114913.32140000165,461494.46059999987],[114916.44289999828,461487.13819999993],[114919.15560000017,461480.92430000007],[114922.50439999998,461472.96049999818],[114925.47260000184,461466.27879999951],[114928.25010000169,461460.01289999858],[114930.61850000173,461455.00649999827],[114932.61439999938,461450.58940000087],[114936.33520000055,461442.67049999908],[114939.42859999835,461436.07070000097],[114941.7771999985,461430.80220000073],[114944.27499999851,461424.89799999818],[114946.88659999892,461418.3936999999],[114950.02699999884,461410.09180000052],[114952.95899999887,461401.84519999847],[114955.9963000007,461394.4327000007],[114958.92669999972,461387.15659999847],[114962.13549999893,461379.81760000065],[114964.59380000085,461374.9664000012],[114967.29930000007,461369.70019999892],[114969.71979999915,461363.68969999999],[114972.19159999862,461358.51529999822],[114975.9208999984,461350.05490000173],[114978.31639999896,461344.95270000026],[114979.627700001,461341.35300000012],[114982.49109999835,461333.99819999933],[114983.69299999997,461330.75090000033],[114986.87640000135,461324.92139999941],[114989.35830000043,461319.94839999825],[114992.20879999921,461313.44359999895],[114996.03350000083,461304.51170000061],[114999.15100000054,461296.55240000039],[115000.88239999861,461293.10550000146],[115001.52290000021,461292.31260000169],[115005.11309999973,461283.51920000091],[115011.16010000184,461271.04569999874],[115017.25789999962,461257.25200000033],[115018.92790000141,461252.55909999833],[115022.97360000014,461242.8740000017],[115027.8973999992,461232.02340000123],[115034.92720000073,461217.52199999988],[115038.74170000106,461210.08139999956],[115042.28480000049,461202.4096999988],[115044.64799999818,461198.22740000114],[115047.80249999836,461192.47850000113],[115049.10310000181,461189.6596999988],[115049.79100000113,461187.42399999872],[115050.08139999956,461184.13329999894],[115050.26110000163,461183.19579999894],[115050.34640000015,461182.75109999999],[115050.71319999918,461181.56769999862],[115051.23680000007,461180.51949999854],[115051.94409999996,461179.25079999864],[115052.69409999996,461178.23539999872],[115052.79659999907,461178.09670000151],[115053.10090000182,461177.72370000184],[115053.83249999955,461176.82699999958],[115054.87970000133,461175.34349999949],[115055.77760000154,461174.08749999851],[115057.11410000175,461172.15419999883],[115060.20199999958,461167.35420000181],[115063.28290000185,461161.47320000082],[115067.37550000101,461154.32699999958],[115070.72830000147,461149.71290000156],[115074.56120000035,461143.66719999909],[115078.96389999986,461136.26949999854],[115083.20560000092,461129.06670000032],[115085.81679999828,461123.95320000127],[115088.20320000127,461118.69949999824],[115092.10799999908,461110.53500000015],[115096.21979999915,461101.55999999866],[115100.49570000172,461093.75869999826],[115105.19440000132,461085.50989999995],[115108.64689999819,461079.79830000177],[115114.08249999955,461071.82660000026],[115120.70450000092,461061.27980000153],[115124.95179999992,461054.26990000159],[115129.18969999999,461046.94849999994],[115134.41959999874,461037.71220000088],[115138.60790000111,461030.55669999868],[115143.01460000128,461024.12420000136],[115147.61459999904,461016.95450000092],[115153.4534999989,461007.15230000019],[115157.17210000008,461000.941300001],[115160.74350000173,460995.67469999939],[115164.68829999864,460989.0736999996],[115168.97089999914,460982.41930000111],[115173.80209999904,460975.36710000038],[115178.47769999877,460969.39759999886],[115181.56599999964,460965.31599999964],[115185.84679999948,460959.62660000101],[115192.33729999885,460951.48169999942],[115197.94090000167,460945.29190000147],[115204.26249999925,460938.07669999823],[115207.83229999989,460932.77629999816],[115213.77019999921,460925.41890000179],[115218.56080000103,460919.93870000169],[115224.00530000031,460912.38089999929],[115226.20540000126,460908.53909999877],[115228.78249999881,460905.06129999831],[115235.30750000104,460897.00710000098],[115240.76779999956,460889.49769999832],[115246.27650000155,460882.23999999836],[115252.47940000147,460875.14050000161],[115258.87920000032,460867.37730000168],[115258.90960000083,460867.33559999987],[115264.02639999986,460860.32440000027],[115266.33179999888,460857.5362999998],[115267.75690000132,460855.81269999966],[115270.96680000052,460852.23849999905],[115275.65670000017,460846.15590000153],[115281.39719999954,460838.6297999993],[115285.20809999853,460833.51940000057],[115288.95169999823,460828.02800000086],[115294.1090000011,460821.06480000168],[115298.79910000041,460814.50539999828],[115302.51280000061,460810.00840000063],[115305.34980000183,460806.54289999977],[115307.72320000082,460803.38919999823],[115309.70080000162,460801.18250000104],[115313.4290000014,460796.28280000016],[115319.1229000017,460801.29219999909],[115321.0335999988,460801.40709999949],[115324.85029999912,460801.63670000061],[115324.75860000029,460803.6185999997],[115324.72289999947,460804.45650000125],[115324.60300000012,460805.35390000045],[115324.14119999856,460807.30669999868],[115323.22129999846,460811.76249999925],[115322.30640000105,460817.07409999892],[115321.54509999976,460823.54989999905],[115320.26880000159,460827.49399999902],[115318.73900000006,460832.29679999873],[115317.3834999986,460837.61160000041],[115315.6790000014,460842.91580000147],[115313.75120000169,460848.03999999911],[115311.99639999866,460851.95039999858],[115308.29050000012,460858.78159999847],[115304.65549999848,460865.125],[115302.71669999883,460869.27259999886],[115301.5335999988,460872.39710000157],[115300.31909999996,460876.17660000175],[115297.97929999977,460880.97670000046],[115295.7714000009,460885.61809999868],[115294.34400000051,460887.97709999979],[115290.88670000061,460892.23950000107],[115286.48990000039,460897.54529999942],[115284.88690000027,460899.87249999866],[115284.1484999992,460901.90249999985],[115284.06069999933,460903.90060000122],[115284.03660000116,460905.21849999949],[115291.36059999838,460912.86400000006],[115291.43030000106,460914.76089999825],[115291.76830000058,460919.46049999818],[115292.30990000069,460923.5260999985],[115292.38289999962,460924.07420000061],[115293.81569999829,460929.68389999866],[115294.95470000058,460934.91200000048],[115296.02409999818,460939.40320000052],[115295.85640000179,460941.34459999949],[115295.14559999853,460943.46539999917],[115294.34059999883,460945.76240000129],[115293.78209999949,460947.05279999971],[115293.2109999992,460948.02930000052],[115292.5458999984,460948.90199999884],[115290.53880000114,460951.10689999908],[115289.81060000136,460951.90659999847],[115288.82180000097,460952.99260000139],[115286.7771999985,460955.36639999971],[115282.50539999828,460960.30040000007],[115280.66519999877,460962.34219999984],[115278.23559999838,460965.03810000047],[115273.77519999817,460969.8610999994],[115267.40100000054,460976.56969999894],[115261.66519999877,460982.92309999838],[115256.60649999976,460989.07090000063],[115251.07800000161,460995.32059999928],[115248.01379999891,460998.86050000042],[115245.57009999827,461001.73479999974],[115237.16459999979,461011.36459999904],[115229.85139999911,461020.04210000113],[115223.72610000148,461027.5075000003],[115219.09230000153,461033.82229999825],[115212.71229999885,461043.09919999912],[115206.90379999951,461052.69170000032],[115200.3889000006,461063.68470000103],[115193.67410000041,461075.29019999877],[115188.48519999906,461084.55629999936],[115185.78830000013,461088.86050000042],[115183.74320000038,461091.8284999989],[115182.61980000138,461093.50019999966],[115181.22210000083,461095.81540000066],[115178.22300000116,461100.98059999943],[115171.59050000086,461112.80739999935],[115166.31929999962,461121.30620000139],[115160.7853000015,461130.98570000008],[115156.48790000007,461138.76850000024],[115149.6510999985,461151.09050000086],[115143.78200000152,461160.04289999977],[115137.12029999867,461170.65349999815],[115130.09039999917,461182.15790000185],[115123.17069999874,461193.66730000079],[115117.11600000039,461205.22179999948],[115110.78700000048,461217.9748999998],[115110.24760000035,461218.71649999917],[115110.16809999943,461218.78669999912],[115110.03660000116,461218.83080000058],[115109.82990000024,461218.8264000006],[115109.34219999984,461218.76359999925],[115100.79569999874,461214.54080000147],[115098.0876000002,461213.23930000141],[115091.68870000169,461210.16380000114],[115091.35209999979,461210.08309999853],[115089.62689999864,461209.66959999874],[115087.89039999992,461210.01689999923]]]]},"properties":{"ORACLE_OBJECTID":6415,"CODE":"PAW_OR-4.10.OB16","NAAM":"OB Meijegraslanden - Deelgebied 4a","STATUSOBJECT":"gerealiseerd","SOORTPEILGEBIED":"Onderbemaling","SOORTAFWATERING":"Bemalen","PEILBEHERENDEINSTANTIE":"VERGUNNINGHOUDER","OPPERVLAKTE":100287,"OMTREK":3294,"OPMERKING":"\u003cNull\u003e","HYPERLINK":null,"ONTHEFFING":"2022-001812","SOORTPEILBEHEER":"dynamisch peil","VASTPEIL":null,"ZOMERPEIL":null,"WINTERPEIL":null,"FLEXZOMERPEILONDERGRENS":-1.8,"FLEXZOMERPEILBOVENGRENS":-1.55,"FLEXWINTERPEILONDERGRENS":-1.8,"FLEXWINTERPEILBOVENGRENS":-1.55,"ZOMERPEILTEKST":"bov:-1.55 / ond:-1.80","WINTERPEILTEKST":"bov:-1.55 / ond:-1.80","INWINNENDEINSTANTIE":"Hoogheemraadschap van Rijnland","METENDEINSTANTIE":null,"INWINNINGSMETHODE":null,"DIMENSIE":"2D","NAUWKEURIGHEIDXY":null,"NAUWKEURIGHEIDZ":null,"DATUMINWINNING":1418774400000,"GEOKPOBJECTID":65005,"LAST_EDITED_DATE":1753360167000,"STATUSPEILGEBIED":"Ontwerp","SHAPE_AREA":0,"SHAPE_LEN":0,"BEVAT":null,"VOERTAFOP":null,"LONGITUDE":4.8045612899999997,"LATITUDE":52.137145689999997,"XCOORDINAAT":115111.55,"YCOORDINAAT":461154.40999999997,"VASTBEHEERMARGEBOVEN":null,"VASTBEHEERMARGEONDER":null,"ZPBEHEERMARGEBOVEN":null,"ZPBEHEERMARGEONDER":null,"WPBEHEERMARGEONDER":null,"WPBEHEERMARGEBOVEN":null,"FLEXZPONDERBEHEERMARGEBOVEN":null,"FLEXZPONDERBEHEERMARGEONDER":null,"FLEXZPBOVENBEHEERMARGEBOVEN":null,"FLEXZPBOVENBEHEERMARGEONDER":null,"FLEXWPONDERBEHEERMARGEBOVEN":null,"FLEXWPONDERBEHEERMARGEONDER":null,"FLEXWPBOVENBEHEERMARGEBOVEN":null,"FLEXWPBOVENBEHEERMARGEONDER":null,"OBJECTID2":194}},{"type":"Feature","id":195,"geometry":{"type":"Polygon","coordinates":[[[113185.42390000075,459221.15949999914],[113188.38479999825,459224.0150000006],[113189.15709999949,459224.29500000179],[113193.31929999962,459227.87209999934],[113197.11210000142,459231.39660000056],[113198.74109999835,459232.73160000145],[113202.92799999937,459236.20050000027],[113203.34250000119,459236.55240000039],[113208.17579999939,459241.77160000056],[113215.0791000016,459246.23800000176],[113215.60590000078,459246.68699999899],[113216.0326000005,459247.04780000076],[113226.58879999816,459255.34670000151],[113234.36670000106,459261.95199999958],[113241.19310000166,459267.78519999981],[113249.36919999868,459274.64440000057],[113252.40870000049,459277.29930000007],[113253.7873999998,459278.45199999958],[113251.73490000144,459280.9310999997],[113251.61470000073,459281.05799999833],[113251.07349999994,459281.66600000113],[113241.91629999876,459291.33040000126],[113233.18450000137,459300.9701000005],[113232.55829999968,459301.63390000165],[113231.88509999961,459302.37959999964],[113223.37629999965,459312.0036999993],[113218.46040000021,459317.63219999894],[113216.91730000079,459319.39900000021],[113213.21889999881,459323.55990000069],[113211.43760000169,459327.29830000177],[113209.15960000083,459330.85649999976],[113197.86169999838,459343.03940000013],[113197.79740000144,459343.11169999838],[113194.15410000086,459347.42390000075],[113190.31049999967,459351.97309999913],[113188.98460000008,459353.54250000045],[113188.73669999838,459353.83590000123],[113187.99309999868,459354.70580000058],[113185.95690000057,459357.08799999952],[113181.93840000033,459361.78950000182],[113181.25620000064,459362.58769999817],[113181.10249999911,459362.76749999821],[113179.9803000018,459364.08040000126],[113177.3339000009,459367.14900000021],[113170.61890000105,459374.93510000035],[113164.39719999954,459381.44029999897],[113163.09340000153,459382.80350000039],[113162.20690000057,459383.68580000103],[113161.28579999879,459384.6026000008],[113159.13789999858,459386.49549999833],[113157.23009999841,459388.26590000093],[113156.1026000008,459389.03390000015],[113154.98290000111,459389.47199999914],[113154.08379999921,459389.64570000023],[113153.06599999964,459389.68169999868],[113152.15619999915,459389.59490000084],[113151.11529999971,459389.24509999901],[113149.46440000087,459388.30970000103],[113147.33199999854,459386.78579999879],[113144.73099999875,459384.73939999938],[113142.54529999942,459382.87909999862],[113142.17419999838,459382.56329999864],[113140.81529999897,459381.38610000163],[113137.12429999933,459377.85139999911],[113136.55070000142,459377.13980000094],[113136.22800000012,459376.49929999933],[113135.32970000058,459374.7164000012],[113131.67799999937,459369.9653000012],[113130.35130000114,459368.23919999972],[113129.05090000108,459367.23360000178],[113126.31689999998,459365.11919999868],[113120.38399999961,459360.53099999949],[113119.72289999947,459360.0196999982],[113119.14169999957,459359.57030000165],[113118.49469999969,459358.97340000048],[113117.98409999907,459358.50239999965],[113117.16059999913,459357.74269999936],[113114.38300000131,459355.18019999936],[113109.79039999843,459350.94339999929],[113109.23180000111,459350.42810000107],[113109.14029999822,459350.34750000015],[113101.34849999845,459343.76550000161],[113098.2210999988,459341.44729999825],[113094.03099999949,459338.29969999939],[113086.90459999815,459332.85640000179],[113086.84380000085,459332.81159999967],[113085.78970000148,459332.06679999828],[113076.41290000081,459324.65430000052],[113065.73530000076,459315.36140000075],[113065.70919999853,459315.3387000002],[113065.54199999943,459315.20630000159],[113064.61780000106,459314.53990000114],[113054.746199999,459307.42190000042],[113042.81679999828,459298.18210000172],[113042.73990000039,459298.12480000034],[113031.3291000016,459289.97529999912],[113031.31419999897,459289.96460000053],[113019.53079999983,459281.50549999997],[113008.07009999827,459272.26570000127],[113007.85159999877,459272.10720000044],[112994.96770000085,459263.48750000075],[112985.75869999826,459257.19970000163],[112974.43100000173,459247.4338000007],[112974.37049999833,459247.3834999986],[112970.47960000113,459244.19900000095],[112966.89090000093,459241.3909999989],[112964.31579999998,459239.21660000086],[112962.70809999853,459237.63399999961],[112961.26790000126,459235.73090000078],[112960.54580000043,459233.88549999893],[112960.2126000002,459231.94509999827],[112960.15060000122,459229.44929999858],[112960.10570000112,459226.34939999878],[112960.11400000006,459225.5645999983],[112960.0262000002,459223.69049999863],[112959.80299999937,459222.82519999892],[112958.7248999998,459221.42000000179],[112956.92520000041,459219.72340000048],[112955.74780000001,459218.97170000151],[112954.40599999949,459218.26639999822],[112953.12799999863,459217.90890000015],[112952.2109999992,459217.88210000098],[112951.72619999945,459217.96229999885],[112951.34209999815,459218.05059999973],[112950.87099999934,459218.19040000066],[112950.41459999979,459218.36050000042],[112949.97080000117,459218.56129999831],[112949.54179999977,459218.79190000147],[112949.19929999858,459219.00739999861],[112948.3909999989,459219.31219999865],[112947.78510000184,459219.39689999819],[112947.15540000051,459219.43589999899],[112946.53620000184,459219.42660000175],[112946.00360000134,459219.38589999825],[112945.29219999909,459219.29259999841],[112944.59670000151,459219.15630000085],[112944.33439999819,459219.09329999983],[112943.6528000012,459218.89900000021],[112943.02580000088,459218.67650000006],[112940.85550000146,459217.94949999824],[112938.29219999909,459217.02439999953],[112936.24980000034,459215.79329999909],[112929.63960000128,459211.18400000036],[112918.40540000051,459202.95010000095],[112901.89409999922,459188.67469999939],[112901.77380000055,459188.57059999928],[112892.49410000071,459181.07869999856],[112879.82990000024,459170.56069999933],[112870.70910000056,459161.93919999897],[112870.64550000057,459161.88120000064],[112859.9001000002,459152.31590000167],[112855.79839999974,459148.01330000162],[112854.07149999961,459146.31989999861],[112850.71389999986,459142.82869999856],[112847.66059999913,459139.63789999858],[112846.99179999903,459138.76579999924],[112849.81819999963,459135.68180000037],[112852.4737999998,459132.78420000151],[112855.07519999892,459129.94570000097],[112856.37330000103,459128.24300000072],[112858.53249999881,459124.8889000006],[112860.53390000015,459121.65659999847],[112869.25140000135,459107.48149999976],[112870.93100000173,459104.72439999878],[112872.83540000021,459101.59840000048],[112875.81740000099,459096.70360000059],[112876.74639999866,459095.20100000128],[112880.18030000106,459089.62429999933],[112883.32400000095,459084.51900000125],[112889.8451000005,459074.15520000085],[112890.81100000069,459072.60960000008],[112891.62840000167,459071.29659999907],[112898.10489999875,459060.90329999849],[112898.65630000085,459060.00140000135],[112902.09470000118,459054.30139999837],[112905.02600000054,459049.44200000167],[112905.04520000145,459049.41059999913],[112921.58300000057,459022.36850000173],[112923.73270000145,459018.7985999994],[112923.90689999983,459018.51240000129],[112924.21970000118,459018.01099999994],[112924.49049999937,459016.44029999897],[112925.07200000063,459016.88450000063],[112929.34189999849,459020.14609999955],[112933.14570000023,459023.17830000073],[112935.22190000117,459024.88819999993],[112942.90179999918,459030.95340000093],[112944.16360000148,459031.95190000162],[112944.48660000041,459032.22019999847],[112952.67859999835,459039.02120000124],[112955.67520000041,459041.44280000031],[112963.73519999906,459048.01550000161],[112966.17579999939,459050.0036999993],[112967.190200001,459050.89029999822],[112973.50439999998,459056.50609999895],[112973.64359999821,459056.61780000106],[112975.32829999924,459058.01990000159],[112976.45549999923,459058.85130000114],[112978.55029999837,459060.29890000075],[112978.5885999985,459060.32470000163],[112984.32959999889,459064.17980000004],[112985.89779999852,459065.51350000128],[112986.12260000035,459065.71220000088],[112986.4710999988,459066.00070000067],[112996.74060000107,459074.50120000169],[112997.79210000113,459075.38450000063],[113009.37759999931,459085.22780000046],[113011.70870000124,459087.28750000149],[113019.52600000054,459094.07539999858],[113022.3498999998,459096.43210000172],[113030.10990000144,459103.09950000048],[113031.12799999863,459104.01319999993],[113034.89620000124,459107.39409999922],[113035.32679999992,459108.08639999852],[113036.41640000045,459109.59349999949],[113040.73660000041,459112.77679999918],[113041.51199999824,459113.32519999892],[113043.01300000027,459114.31359999999],[113045.24230000004,459115.92980000004],[113048.9028000012,459119.25530000031],[113058.15900000185,459127.15529999882],[113058.29149999842,459127.2677000016],[113058.50829999894,459127.45560000092],[113069.61690000072,459137.08249999955],[113076.30909999833,459142.64710000157],[113081.08289999887,459146.66319999844],[113084.26839999855,459149.52199999988],[113084.71040000021,459149.93899999931],[113092.71139999852,459156.86279999837],[113093.6950000003,459157.6827000007],[113104.00109999999,459165.5876000002],[113114.13289999962,459174.7751000002],[113115.67060000077,459176.04930000007],[113123.44619999826,459182.50499999896],[113125.1427000016,459184.06799999997],[113131.71819999814,459190.19029999897],[113133.09840000048,459191.64730000123],[113133.37510000169,459191.96079999954],[113136.37390000001,459193.40379999951],[113136.84849999845,459193.52419999987],[113143.78579999879,459194.60200000182],[113147.51740000024,459194.36840000004],[113150.62079999968,459194.3601000011],[113152.37180000171,459194.52219999954],[113156.55009999871,459195.27769999951],[113156.93600000069,459195.66629999876],[113161.0271999985,459199.40509999916],[113166.40630000085,459204.32090000063],[113167.45740000159,459205.2947999984],[113170.49280000106,459208.10909999907],[113175.65509999916,459212.89530000091],[113176.86760000139,459214.02380000055],[113177.878800001,459214.94029999897],[113178.07510000095,459215.11190000176],[113185.42390000075,459221.15949999914]]]},"properties":{"ORACLE_OBJECTID":4485,"CODE":"PAW_OR-4.10.OB33","NAAM":"HW Meijegraslanden - Deelgebied 2","STATUSOBJECT":"gerealiseerd","SOORTPEILGEBIED":"Onderbemaling","SOORTAFWATERING":"Gestuwd","PEILBEHERENDEINSTANTIE":"VERGUNNINGHOUDER","OPPERVLAKTE":59733,"OMTREK":1126,"OPMERKING":null,"HYPERLINK":null,"ONTHEFFING":"2022-001812 / 2024-004525","SOORTPEILBEHEER":"dynamisch peil","VASTPEIL":null,"ZOMERPEIL":null,"WINTERPEIL":null,"FLEXZOMERPEILONDERGRENS":-2.6000000000000001,"FLEXZOMERPEILBOVENGRENS":-1.8,"FLEXWINTERPEILONDERGRENS":-2.6000000000000001,"FLEXWINTERPEILBOVENGRENS":-1.8,"ZOMERPEILTEKST":"bov:-1.80 / ond:-2.60","WINTERPEILTEKST":"bov:-1.80 / ond:-2.60","INWINNENDEINSTANTIE":"Hoogheemraadschap van Rijnland","METENDEINSTANTIE":null,"INWINNINGSMETHODE":"digitaliseren","DIMENSIE":"2D","NAUWKEURIGHEIDXY":null,"NAUWKEURIGHEIDZ":null,"DATUMINWINNING":null,"GEOKPOBJECTID":56355,"LAST_EDITED_DATE":1753451635000,"STATUSPEILGEBIED":"Ontwerp","SHAPE_AREA":0,"SHAPE_LEN":0,"BEVAT":null,"VOERTAFOP":null,"LONGITUDE":4.7746964800000002,"LATITUDE":52.119455340000002,"XCOORDINAAT":113050.39,"YCOORDINAAT":459203.06,"VASTBEHEERMARGEBOVEN":null,"VASTBEHEERMARGEONDER":null,"ZPBEHEERMARGEBOVEN":null,"ZPBEHEERMARGEONDER":null,"WPBEHEERMARGEONDER":null,"WPBEHEERMARGEBOVEN":null,"FLEXZPONDERBEHEERMARGEBOVEN":null,"FLEXZPONDERBEHEERMARGEONDER":null,"FLEXZPBOVENBEHEERMARGEBOVEN":null,"FLEXZPBOVENBEHEERMARGEONDER":null,"FLEXWPONDERBEHEERMARGEBOVEN":null,"FLEXWPONDERBEHEERMARGEONDER":null,"FLEXWPBOVENBEHEERMARGEBOVEN":null,"FLEXWPBOVENBEHEERMARGEONDER":null,"OBJECTID2":195}},{"type":"Feature","id":196,"geometry":{"type":"MultiPolygon","coordinates":[[[[113301.86219999939,459040.66459999979],[113301.75450000167,459040.65989999846],[113301.96689999849,459040.60240000114],[113301.90069999918,459040.68430000171],[113301.86219999939,459040.66459999979]]],[[[113337.8291000016,459062.81379999965],[113338.07880000025,459062.53170000017],[113339.58410000056,459063.81700000167],[113340.24219999835,459064.37889999896],[113346.23160000145,459069.49289999902],[113347.75470000133,459070.80290000141],[113349.35099999979,459072.17579999939],[113350.49799999967,459072.64809999987],[113351.85139999911,459073.10850000009],[113353.16099999845,459073.49740000069],[113354.53819999844,459073.81100000069],[113355.89550000057,459074.06500000134],[113357.22899999842,459074.23160000145],[113358.4235999994,459074.31500000134],[113359.68969999999,459074.33089999855],[113361.40810000151,459074.27930000052],[113362.82889999822,459074.15619999915],[113364.3647999987,459073.89829999954],[113365.74989999831,459073.5887000002],[113367.34939999878,459073.14420000091],[113368.87339999899,459072.6083999984],[113370.34580000117,459071.96950000152],[113371.74280000106,459071.25510000065],[113373.3460999988,459070.34620000049],[113374.32250000164,459069.65960000083],[113374.85819999874,459068.90949999914],[113375.40590000153,459067.86180000007],[113375.7265000008,459067.21849999949],[113375.97740000114,459066.71480000019],[113376.53700000048,459065.50429999828],[113377.78720000014,459062.73809999973],[113378.71440000087,459060.43859999999],[113379.92139999941,459057.37530000135],[113381.31439999864,459053.92229999974],[113382.50939999893,459050.8973999992],[113383.64559999853,459048.01319999993],[113385.21269999817,459044.12860000134],[113385.99460000172,459042.23950000107],[113386.27749999985,459042.33630000055],[113387.49080000073,459042.75149999931],[113390.05860000104,459043.70789999887],[113391.39209999889,459044.08889999986],[113392.78909999877,459044.27939999849],[113395.59899999946,459044.68030000106],[113401.43699999899,459045.54940000176],[113410.44209999964,459046.875],[113412.75860000029,459047.22289999947],[113415.57899999991,459046.15399999917],[113415.75459999964,459046.09129999951],[113420.94480000064,459044.23840000108],[113424.26799999923,459042.96310000122],[113426.4963000007,459042.15579999983],[113431.25299999863,459042.76729999855],[113435.30339999869,459043.21970000118],[113435.32759999856,459043.22239999846],[113438.25919999927,459043.48169999942],[113443.40269999951,459044.13259999827],[113444.4028000012,459044.20670000091],[113445.52459999919,459044.07970000058],[113446.87929999828,459043.90500000119],[113454.34450000152,459043.08100000024],[113460.12440000102,459042.44979999959],[113463.00299999863,459042.11120000109],[113464.32019999996,459041.61050000042],[113464.81280000135,459041.42320000008],[113467.96130000055,459040.36490000039],[113471.81370000169,459039.02079999819],[113472.4290000014,459038.80189999938],[113477.83559999987,459036.877700001],[113482.76720000058,459035.21700000018],[113489.12750000134,459032.98900000006],[113491.56810000166,459038.23770000041],[113491.10990000144,459038.65179999918],[113488.90619999915,459040.64279999956],[113483.43010000139,459046.36639999971],[113478.36320000142,459051.41939999908],[113474.98000000045,459054.76040000096],[113470.14519999921,459059.55409999937],[113466.99560000002,459063.20360000059],[113476.20639999956,459073.12750000134],[113491.14840000123,459089.25589999929],[113495.14939999953,459093.11100000143],[113502.85190000013,459100.09360000119],[113568.13329999894,459122.75560000166],[113576.62000000104,459115.09310000017],[113580.43930000067,459111.50470000133],[113588.33280000091,459104.23090000078],[113591.89550000057,459100.89050000161],[113595.28610000014,459097.71150000021],[113599.74170000106,459093.39350000024],[113600.55059999973,459092.57189999893],[113603.10720000044,459089.97509999946],[113608.33529999852,459084.77870000154],[113613.62079999968,459079.29039999843],[113621.59629999846,459071.36960000172],[113627.16310000047,459065.85029999912],[113632.11609999835,459060.87620000169],[113635.72509999946,459057.28310000151],[113641.22309999913,459051.74269999936],[113644.73149999976,459048.34019999951],[113650.66349999979,459042.38170000166],[113657.69079999998,459035.33320000023],[113660.3599999994,459032.67350000143],[113660.68589999899,459032.34870000184],[113667.69739999995,459025.37959999964],[113673.70340000093,459019.36300000176],[113674.87269999832,459018.1950000003],[113683.03790000081,459010.0390000008],[113683.83819999918,459009.63239999861],[113684.81159999967,459012.36490000039],[113685.67280000076,459015.70259999856],[113686.57770000026,459020.31830000132],[113686.65370000154,459020.89440000057],[113686.82999999821,459022.23140000179],[113686.91110000014,459022.84640000015],[113687.25239999965,459027.47789999843],[113687.3040000014,459029.22810000181],[113687.22459999844,459032.93100000173],[113686.92300000042,459035.69720000029],[113686.82999999821,459036.38870000094],[113686.28400000185,459040.44779999927],[113685.81569999829,459042.70600000024],[113684.6688000001,459047.04789999872],[113683.8115000017,459049.56010000035],[113682.52560000122,459052.90569999814],[113681.43019999936,459055.2949000001],[113679.90230000019,459058.30719999969],[113678.75930000097,459060.27569999918],[113677.53290000185,459062.12519999966],[113675.17949999869,459065.3478000015],[113672.46880000085,459069.03869999945],[113669.01130000129,459073.98169999942],[113668.15469999984,459075.2061999999],[113666.69819999859,459077.38109999895],[113665.14350000024,459079.67210000008],[113663.17000000179,459082.5800999999],[113659.46510000154,459088.15260000154],[113655.22060000151,459094.84760000184],[113653.79179999977,459097.14950000122],[113651.51810000092,459100.85350000113],[113649.36609999835,459104.46409999952],[113643.45270000026,459114.62510000169],[113641.11340000108,459118.64409999922],[113638.74839999899,459122.96779999882],[113637.31960000098,459125.27629999816],[113636.00989999995,459127.0159999989],[113632.80620000139,459130.80490000173],[113631.04899999872,459132.88309999928],[113630.41039999947,459133.50389999896],[113628.66770000011,459135.19819999859],[113626.72619999945,459136.84430000186],[113624.51379999891,459138.59149999917],[113621.84809999913,459140.43699999899],[113618.51429999992,459143.05629999936],[113614.43310000002,459146.56210000068],[113611.55579999834,459149.32699999958],[113609.81859999895,459151.05020000041],[113609.08850000054,459151.77439999953],[113604.13419999927,459157.21159999818],[113601.54250000045,459160.45540000126],[113599.17749999836,459163.41560000181],[113604.80090000108,459168.90069999918],[113607.43070000038,459171.46579999849],[113611.04820000008,459174.99439999834],[113610.51359999925,459175.92320000008],[113607.07660000026,459181.89380000159],[113605.4395999983,459185.03779999912],[113602.67850000039,459190.34050000086],[113598.02529999986,459199.84360000119],[113595.35700000077,459204.5390000008],[113594.04199999943,459206.59299999848],[113590.32580000162,459211.16569999978],[113589.87799999863,459211.64499999955],[113577.80900000036,459222.36019999906],[113574.13010000065,459225.58150000125],[113567.37460000068,459231.53099999949],[113561.49179999903,459237.18910000101],[113555.85370000079,459241.98530000076],[113552.41759999841,459245.39719999954],[113547.16829999909,459250.60310000181],[113545.08350000158,459253.24980000034],[113542.9395999983,459255.88259999827],[113538.65769999847,459259.98330000043],[113533.20010000095,459265.28779999912],[113530.22150000185,459267.23600000143],[113528.46519999951,459268.49639999866],[113523.74130000174,459272.76619999856],[113516.21189999953,459279.99570000172],[113515.82930000126,459280.32840000093],[113510.08940000087,459285.29069999978],[113504.38489999995,459291.15100000054],[113499.36250000075,459296.32660000026],[113498.56659999862,459297.5672999993],[113498.18640000001,459298.63309999928],[113497.95080000162,459299.90190000087],[113497.90839999914,459301.28950000182],[113498.12669999897,459302.58509999886],[113498.24410000071,459302.72960000113],[113489.21909999847,459311.4589000009],[113487.73389999941,459309.92339999974],[113481.16169999912,459302.55150000006],[113477.9737999998,459299.80330000073],[113476.5560999997,459299.44959999993],[113475.23360000178,459299.67929999903],[113474.89070000127,459299.91010000184],[113472.08159999922,459302.48209999874],[113470.98250000179,459303.48840000108],[113473.79129999876,459315.53669999912],[113473.25609999895,459316.05339999869],[113462.84270000085,459326.10579999909],[113454.98730000108,459333.71000000089],[113449.76689999923,459338.95740000159],[113442.72320000082,459345.95019999892],[113438.30889999866,459349.93589999899],[113427.61430000141,459361.04270000011],[113417.46559999883,459370.60990000144],[113409.22150000185,459378.72690000013],[113403.56920000166,459384.2210999988],[113397.07070000097,459390.77859999985],[113389.45050000027,459398.27270000055],[113383.87860000134,459404.02859999985],[113377.80570000038,459409.86259999871],[113372.87959999964,459414.79980000108],[113368.31749999896,459419.28689999878],[113362.40920000151,459425.12420000136],[113356.43050000072,459430.80040000007],[113356.13430000097,459431.11699999869],[113346.25549999997,459420.62200000137],[113337.62689999864,459419.48189999908],[113335.92969999835,459418.87170000002],[113328.96389999986,459415.52329999954],[113320.41620000079,459410.10090000182],[113310.03020000085,459401.35200000182],[113310.00450000167,459401.33179999888],[113299.1436999999,459393.35889999941],[113293.54500000179,459388.9935999997],[113290.73739999905,459386.80449999869],[113288.81010000035,459385.30169999972],[113287.57510000095,459384.36690000072],[113284.3601000011,459381.93320000172],[113277.32530000061,459376.60779999942],[113271.89279999956,459372.37370000035],[113266.62110000104,459368.2648999989],[113257.01999999955,459360.87170000002],[113256.99280000106,459360.85179999843],[113245.97960000113,459353.31749999896],[113245.95609999821,459353.30200000107],[113234.37719999999,459346.12090000138],[113226.1352000013,459339.56780000031],[113225.22560000047,459338.84459999949],[113224.23849999905,459338.059799999],[113222.31370000169,459336.4721999988],[113220.31789999828,459334.79919999838],[113218.23279999942,459333.12269999832],[113213.94680000097,459329.60370000079],[113211.33469999954,459327.45910000056],[113211.43760000169,459327.29830000177],[113212.68120000139,459324.6884999983],[113213.21889999881,459323.55990000069],[113216.91730000079,459319.39900000021],[113218.46040000021,459317.63219999894],[113223.37629999965,459312.0036999993],[113231.88509999961,459302.37959999964],[113232.55829999968,459301.63390000165],[113233.18450000137,459300.9701000005],[113241.91629999876,459291.33040000126],[113251.07349999994,459281.66600000113],[113251.61470000073,459281.05799999833],[113251.73490000144,459280.9310999997],[113253.7873999998,459278.45199999958],[113252.40870000049,459277.29930000007],[113249.36919999868,459274.64440000057],[113241.19310000166,459267.78519999981],[113234.36670000106,459261.95199999958],[113226.58879999816,459255.34670000151],[113216.0326000005,459247.04780000076],[113215.60590000078,459246.68699999899],[113215.0791000016,459246.23800000176],[113208.17579999939,459241.77160000056],[113203.34250000119,459236.55240000039],[113202.92799999937,459236.20050000027],[113198.74109999835,459232.73160000145],[113197.11210000142,459231.39660000056],[113193.31929999962,459227.87209999934],[113189.15709999949,459224.29500000179],[113188.38479999825,459224.0150000006],[113185.42390000075,459221.15949999914],[113178.07510000095,459215.11190000176],[113177.878800001,459214.94029999897],[113176.86760000139,459214.02380000055],[113175.65509999916,459212.89530000091],[113170.49280000106,459208.10909999907],[113167.45740000159,459205.2947999984],[113166.40630000085,459204.32090000063],[113161.0271999985,459199.40509999916],[113156.93600000069,459195.66629999876],[113156.55009999871,459195.27769999951],[113152.37180000171,459194.52219999954],[113150.62079999968,459194.3601000011],[113147.51740000024,459194.36840000004],[113143.78579999879,459194.60200000182],[113136.84849999845,459193.52419999987],[113136.37390000001,459193.40379999951],[113133.37510000169,459191.96079999954],[113133.09840000048,459191.64730000123],[113131.71819999814,459190.19029999897],[113125.1427000016,459184.06799999997],[113123.44619999826,459182.50499999896],[113115.67060000077,459176.04930000007],[113114.13289999962,459174.7751000002],[113104.00109999999,459165.5876000002],[113093.6950000003,459157.6827000007],[113092.71139999852,459156.86279999837],[113084.71040000021,459149.93899999931],[113084.26839999855,459149.52199999988],[113081.08289999887,459146.66319999844],[113076.30909999833,459142.64710000157],[113069.61690000072,459137.08249999955],[113058.50829999894,459127.45560000092],[113058.29149999842,459127.2677000016],[113058.15900000185,459127.15529999882],[113048.9028000012,459119.25530000031],[113045.24230000004,459115.92980000004],[113043.01300000027,459114.31359999999],[113041.51199999824,459113.32519999892],[113040.73660000041,459112.77679999918],[113036.41640000045,459109.59349999949],[113035.32679999992,459108.08639999852],[113034.89620000124,459107.39409999922],[113031.12799999863,459104.01319999993],[113030.10990000144,459103.09950000048],[113022.3498999998,459096.43210000172],[113019.52600000054,459094.07539999858],[113011.70870000124,459087.28750000149],[113009.37759999931,459085.22780000046],[112997.79210000113,459075.38450000063],[112996.74060000107,459074.50120000169],[112986.4710999988,459066.00070000067],[112986.12260000035,459065.71220000088],[112985.89779999852,459065.51350000128],[112984.32959999889,459064.17980000004],[112978.5885999985,459060.32470000163],[112978.55029999837,459060.29890000075],[112976.45549999923,459058.85130000114],[112975.32829999924,459058.01990000159],[112973.64359999821,459056.61780000106],[112973.50439999998,459056.50609999895],[112967.190200001,459050.89029999822],[112966.17579999939,459050.0036999993],[112963.73519999906,459048.01550000161],[112955.67520000041,459041.44280000031],[112952.67859999835,459039.02120000124],[112944.48660000041,459032.22019999847],[112944.16360000148,459031.95190000162],[112942.90179999918,459030.95340000093],[112935.22190000117,459024.88819999993],[112933.14570000023,459023.17830000073],[112929.34189999849,459020.14609999955],[112925.07200000063,459016.88450000063],[112924.49049999937,459016.44029999897],[112924.99540000036,459013.51159999892],[112927.32349999994,459009.60229999945],[112927.41200000048,459009.45749999955],[112930.63049999997,459004.19530000165],[112932.8460999988,458999.98550000042],[112935.34279999882,458995.65560000017],[112939.1539000012,458989.19610000029],[112944.28200000152,458980.3526000008],[112946.37579999864,458976.73350000009],[112949.41800000146,458971.78999999911],[112953.15370000154,458965.71959999949],[112956.20529999956,458960.0784999989],[112959.40329999849,458954.15379999951],[112961.78429999948,458950.31549999863],[112964.4365000017,458946.07699999958],[112971.06720000133,458935.48070000112],[112972.98730000108,458932.26080000028],[112981.72459999844,458918.56709999964],[112982.70329999924,458916.55420000106],[112983.90749999881,458914.36400000006],[112985.16550000012,458912.20360000059],[112986.42350000143,458910.04320000112],[112988.3553000018,458906.83029999956],[112990.17880000174,458903.8049999997],[112991.67220000178,458901.5364000015],[112995.11520000175,458896.32030000165],[112998.52519999817,458891.08269999921],[113001.23790000007,458886.88259999827],[113006.75979999825,458878.30990000069],[113008.74570000172,458874.60880000144],[113011.11879999936,458870.96799999848],[113016.53159999847,458862.66360000148],[113018.46889999881,458859.35130000114],[113022.24599999934,458852.87189999968],[113027.30539999902,458844.24670000002],[113031.20010000095,458837.83799999952],[113033.88729999959,458833.62189999968],[113038.2324000001,458826.50010000169],[113039.2602000013,458824.87640000135],[113041.95560000092,458820.98519999906],[113044.18039999902,458817.74870000035],[113046.30959999934,458814.37640000135],[113047.40349999815,458812.60420000181],[113048.79300000146,458810.52690000087],[113050.66589999944,458807.7034999989],[113052.71829999983,458804.14479999989],[113055.05420000106,458800.10200000182],[113057.17850000039,458796.62220000103],[113059.80620000139,458792.36850000173],[113061.17379999906,458790.08379999921],[113062.90980000049,458786.94660000131],[113065.49280000106,458782.20210000128],[113065.82420000061,458781.01749999821],[113066.29789999872,458779.32389999926],[113067.69940000027,458777.79360000044],[113068.28099999949,458777.15850000083],[113070.84090000018,458773.54340000078],[113074.55640000105,458768.31210000068],[113081.09099999815,458759.63839999959],[113085.31599999964,458753.95329999924],[113087.0978000015,458750.97439999878],[113088.45320000127,458752.9395999983],[113090.84600000083,458756.6950000003],[113093.35190000013,458760.66519999877],[113094.44570000097,458762.97659999877],[113095.82829999924,458765.89860000089],[113096.8275000006,458768.01049999893],[113099.70149999857,458774.15549999848],[113101.1185999997,458777.24890000001],[113104.4833999984,458784.59349999949],[113104.64180000126,458784.90159999952],[113110.11690000072,458794.55600000173],[113110.78339999914,458795.39429999888],[113121.07250000164,458804.92870000005],[113121.28249999881,458805.11080000177],[113131.59549999982,458813.19689999893],[113141.68200000003,458822.09129999951],[113142.04820000008,458822.36890000105],[113151.62779999897,458829.06879999861],[113152.42300000042,458829.46950000152],[113164.39180000126,458833.86760000139],[113165.04329999909,458834.04509999976],[113176.53660000116,458835.99199999869],[113177.22100000083,458836.04830000177],[113186.0036999993,458836.10209999979],[113186.62660000101,458836.04329999909],[113199.84820000082,458833.8814000003],[113200.04399999976,458833.84219999984],[113210.59710000083,458831.42720000073],[113212.32510000095,458831.03180000186],[113223.56129999831,458828.81929999962],[113227.69559999928,458828.07059999928],[113228.61140000075,458828.24170000106],[113230.09730000049,458829.67040000111],[113234.27919999883,458835.20829999819],[113234.42339999974,458835.39460000023],[113234.96480000019,458835.94099999964],[113236.08139999956,458837.06810000166],[113239.6270999983,458840.64680000022],[113239.94079999998,458840.96339999884],[113240.18349999934,458841.36639999971],[113241.31679999828,458843.24799999967],[113241.03310000151,458844.32899999991],[113240.93230000138,458844.47419999912],[113236.76999999955,458850.47300000116],[113231.12660000101,458858.60610000044],[113229.12759999931,458861.47370000184],[113223.36300000176,458867.91649999842],[113221.86560000107,458870.21159999818],[113220.39310000092,458872.12060000002],[113218.42669999972,458874.52459999919],[113217.92110000178,458875.33520000055],[113214.09499999881,458879.52629999816],[113208.27419999987,458886.71930000186],[113202.42859999835,458893.83500000089],[113201.49969999865,458894.8814000003],[113199.52279999852,458897.1083999984],[113197.01559999958,458899.93290000036],[113196.20679999888,458900.84409999847],[113196.10869999975,458900.96860000119],[113188.22610000148,458911.67170000076],[113187.02160000056,458912.96909999847],[113186.33960000053,458913.77569999918],[113184.75400000066,458916.13529999927],[113183.71570000052,458917.64249999821],[113183.2650000006,458918.76570000127],[113183.60410000011,458919.78350000083],[113184.64249999821,458920.933699999],[113184.78790000081,458921.05330000073],[113201.50050000101,458933.9197999984],[113208.64519999921,458940.44060000032],[113209.58830000088,458941.26480000094],[113209.96880000085,458941.59730000049],[113216.10429999977,458947.12339999899],[113218.70490000024,458949.46570000052],[113222.52980000153,458952.91070000082],[113236.23690000176,458964.33229999989],[113245.42810000107,458972.71319999918],[113247.7650000006,458974.87939999998],[113250.62939999998,458977.83080000058],[113247.02499999851,458979.81579999998],[113243.53449999914,458981.74650000036],[113242.00600000098,458982.63089999929],[113241.14710000157,458983.10819999874],[113239.54989999905,458983.95960000157],[113237.93329999968,458984.7751000002],[113236.95919999853,458985.24460000172],[113234.02380000055,458986.63390000165],[113231.88549999893,458987.64589999989],[113230.65819999948,458988.20340000093],[113229.39959999919,458988.72890000045],[113228.63179999962,458989.02210000157],[113228.12550000101,458989.21539999917],[113226.85060000047,458989.65780000016],[113226.81210000068,458989.67040000111],[113221.07730000094,458992.29980000108],[113214.496199999,458995.14249999821],[113211.00620000064,458996.62510000169],[113210.27219999954,458996.9299999997],[113209.60660000145,458997.24460000172],[113208.95679999888,458997.59059999883],[113208.30939999968,458997.97619999945],[113208.14579999819,458998.08069999889],[113207.52380000055,458998.50600000098],[113206.93659999967,458998.95010000095],[113206.65399999917,458999.18600000069],[113204.73699999973,459000.78370000049],[113202.46990000084,459003.05990000069],[113200.9028000012,459004.70769999921],[113199.31060000136,459006.59279999882],[113198.99219999835,459007.066300001],[113197.59580000117,459009.1436999999],[113195.80920000002,459012.02899999917],[113193.54580000043,459015.50970000029],[113191.46900000051,459018.60119999945],[113189.33100000024,459021.62359999865],[113187.33150000125,459024.36540000141],[113184.55700000003,459027.6400000006],[113181.52279999852,459031.28180000186],[113178.80350000039,459034.47190000117],[113176.12240000069,459037.40210000053],[113173.39829999954,459040.03249999881],[113170.75560000166,459042.50129999965],[113168.60500000045,459044.4375],[113167.05680000037,459045.71200000122],[113165.11430000141,459047.49100000039],[113163.32310000062,459049.33619999886],[113161.62539999932,459051.2714000009],[113161.16010000184,459051.80189999938],[113159.2089000009,459054.1110999994],[113152.47610000148,459062.38190000132],[113146.54509999976,459062.52769999951],[113135.63360000029,459074.12530000135],[113137.60539999977,459078.10220000148],[113138.52919999883,459079.38239999861],[113139.60500000045,459080.45080000162],[113141.5896999985,459082.16620000079],[113149.04239999875,459087.87070000172],[113151.1361999996,459089.38309999928],[113153.86560000107,459091.07800000161],[113157.47159999982,459093.54940000176],[113161.4486999996,459096.3385999985],[113161.56379999965,459096.41930000111],[113161.83659999818,459096.62739999965],[113163.8060999997,459098.12950000167],[113165.47410000116,459099.53069999814],[113167.30070000142,459101.23090000078],[113168.79820000008,459102.59070000052],[113170.14680000022,459103.67760000005],[113171.18640000001,459104.31610000134],[113172.55530000106,459105.12730000168],[113174.21799999848,459105.91910000145],[113175.1416000016,459106.31140000001],[113175.67740000039,459106.53889999911],[113176.7014000006,459107.00510000065],[113177.64939999953,459107.48730000108],[113179.22659999877,459108.58159999922],[113181.11879999936,459109.98519999906],[113183.39479999989,459111.5474999994],[113185.22370000184,459112.77600000054],[113186.83799999952,459114.12209999934],[113188.35440000147,459115.45450000092],[113188.67229999974,459115.7351000011],[113190.32930000126,459117.19810000062],[113193.93420000002,459119.40179999918],[113193.94790000096,459119.40949999914],[113195.74320000038,459120.4112999998],[113199.0271999985,459122.24370000139],[113202.64559999853,459123.33570000157],[113206.35489999875,459125.07479999959],[113213.15680000186,459130.20499999821],[113217.09620000049,459133.28339999914],[113219.08280000091,459134.79980000108],[113221.01559999958,459136.21979999915],[113222.10240000114,459136.86870000139],[113223.54190000147,459137.44090000167],[113224.36529999971,459137.73530000076],[113224.98460000008,459137.61850000173],[113225.97929999977,459137.02840000018],[113227.11780000106,459135.99659999833],[113228.27490000054,459134.63289999962],[113229.85619999841,459132.69660000131],[113231.43910000101,459130.76159999892],[113234.59650000185,459126.88540000096],[113236.08700000122,459125.0923999995],[113236.94110000134,459124.058699999],[113238.04610000178,459122.63949999958],[113239.71350000054,459120.46689999849],[113242.19139999896,459117.27930000052],[113246.12739999965,459112.26080000028],[113246.97529999912,459111.17969999835],[113248.08779999986,459109.76810000092],[113250.06989999861,459107.25319999829],[113253.16459999979,459103.32669999823],[113256.24830000103,459099.39110000059],[113259.33060000092,459095.45419999957],[113262.41299999878,459091.51729999855],[113263.93519999832,459089.53480000049],[113266.16349999979,459086.5111999996],[113268.38039999828,459083.4021999985],[113273.12719999999,459077.6986999996],[113277.8300999999,459071.85689999908],[113283.98990000039,459063.97940000147],[113286.86490000039,459060.31679999828],[113288.51429999992,459058.00510000065],[113293.27180000022,459052.2071999982],[113296.34589999914,459048.26559999958],[113297.87959999964,459046.28119999915],[113300.86340000108,459043.2313000001],[113305.21119999886,459047.00499999896],[113310.89499999955,459051.89699999988],[113316.50019999966,459056.87590000033],[113321.1895999983,459061.00580000132],[113331.41470000148,459070.058699999],[113333.07169999927,459068.18719999865],[113337.8291000016,459062.81379999965]]]]},"properties":{"ORACLE_OBJECTID":4486,"CODE":"PAW_OR-4.10.OB32","NAAM":"HW Meijegraslanden - Deelgebied 2a en 2b","STATUSOBJECT":"gerealiseerd","SOORTPEILGEBIED":"Onderbemaling","SOORTAFWATERING":"Bemalen","PEILBEHERENDEINSTANTIE":"VERGUNNINGHOUDER","OPPERVLAKTE":181033,"OMTREK":2896,"OPMERKING":null,"HYPERLINK":null,"ONTHEFFING":"2022-001812 / 2024-010630 / 2024-004525","SOORTPEILBEHEER":"dynamisch peil","VASTPEIL":null,"ZOMERPEIL":null,"WINTERPEIL":null,"FLEXZOMERPEILONDERGRENS":-2.6000000000000001,"FLEXZOMERPEILBOVENGRENS":-2.3999999999999999,"FLEXWINTERPEILONDERGRENS":-2.6000000000000001,"FLEXWINTERPEILBOVENGRENS":-2.3999999999999999,"ZOMERPEILTEKST":"bov:-2.40 / ond:-2.60","WINTERPEILTEKST":"bov:-2.40 / ond:-2.60","INWINNENDEINSTANTIE":"Hoogheemraadschap van Rijnland","METENDEINSTANTIE":null,"INWINNINGSMETHODE":"digitaliseren","DIMENSIE":"2D","NAUWKEURIGHEIDXY":null,"NAUWKEURIGHEIDZ":null,"DATUMINWINNING":null,"GEOKPOBJECTID":56356,"LAST_EDITED_DATE":1744725508000,"STATUSPEILGEBIED":"Ontwerp","SHAPE_AREA":0,"SHAPE_LEN":0,"BEVAT":null,"VOERTAFOP":null,"LONGITUDE":4.7784406700000002,"LATITUDE":52.11846791,"XCOORDINAAT":113305.89999999999,"YCOORDINAAT":459091.04999999999,"VASTBEHEERMARGEBOVEN":null,"VASTBEHEERMARGEONDER":null,"ZPBEHEERMARGEBOVEN":null,"ZPBEHEERMARGEONDER":null,"WPBEHEERMARGEONDER":null,"WPBEHEERMARGEBOVEN":null,"FLEXZPONDERBEHEERMARGEBOVEN":null,"FLEXZPONDERBEHEERMARGEONDER":null,"FLEXZPBOVENBEHEERMARGEBOVEN":null,"FLEXZPBOVENBEHEERMARGEONDER":null,"FLEXWPONDERBEHEERMARGEBOVEN":null,"FLEXWPONDERBEHEERMARGEONDER":null,"FLEXWPBOVENBEHEERMARGEBOVEN":null,"FLEXWPBOVENBEHEERMARGEONDER":null,"OBJECTID2":196}}]}