{"type": "FeatureCollection", "features": [{"type": "Feature", "id": 1, "geometry": {"type": "Point", "coordinates": [110469.03000000119, 456555.01000000164]}, "properties": {"Stelsel": "bg/bodegraven", "naam": "BG7684", "type": "http://data.gwsw.nl/1.4/totaal/Pompunit", "Begindatum": "1900-01-01", "Pompcapaciteit1": null, "Pompcapaciteit2": null, "OBJECTID": 1, "stelseltype": "http://data.gwsw.nl/1.4/totaal/Drukriolering"}}, {"type": "Feature", "id": 2, "geometry": {"type": "Point", "coordinates": [110265.8200000003, 457215.73999999836]}, "properties": {"Stelsel": "bg/bodegraven", "naam": "BG7739", "type": "http://data.gwsw.nl/1.4/totaal/Pompunit", "Begindatum": "1900-01-01", "Pompcapaciteit1": null, "Pompcapaciteit2": null, "OBJECTID": 2, "stelseltype": "http://data.gwsw.nl/1.4/totaal/Drukriolering"}}, {"type": "Feature", "id": 3, "geometry": {"type": "Point", "coordinates": [109295.6400000006, 455597.87999999896]}, "properties": {"Stelsel": "bg/bodegraven", "naam": "BG7745", "type": "http://data.gwsw.nl/1.4/totaal/Pompunit", "Begindatum": "1900-01-01", "Pompcapaciteit1": null, "Pompcapaciteit2": null, "OBJECTID": 3, "stelseltype": "http://data.gwsw.nl/1.4/totaal/Drukriolering"}}, {"type": "Feature", "id": 4, "geometry": {"type": "Point", "coordinates": [110605.78000000119, 451657.94000000134]}, "properties": {"Stelsel": "rb/reeuwijk brug", "naam": "RB7092", "type": "http://data.gwsw.nl/1.4/totaal/Pompunit", "Begindatum": "1997-01-01", "Pompcapaciteit1": null, "Pompcapaciteit2": null, "OBJECTID": 4, "stelseltype": "http://data.gwsw.nl/1.4/totaal/Drukriolering"}}, {"type": "Feature", "id": 5, "geometry": {"type": "Point", "coordinates": [110502.91000000015, 449683.6000000015]}, "properties": {"Stelsel": "rb/reeuwijk brug", "naam": "RB7346", "type": "http://data.gwsw.nl/1.4/totaal/Pompunit", "Begindatum": "1994-01-01", "Pompcapaciteit1": null, "Pompcapaciteit2": null, "OBJECTID": 5, "stelseltype": "http://data.gwsw.nl/1.4/totaal/Vuilwaterstelsel"}}, {"type": "Feature", "id": 6, "geometry": {"type": "Point", "coordinates": [110494.23999999836, 448578.51000000164]}, "properties": {"Stelsel": "rb/reeuwijk brug", "naam": "RB7536", "type": "http://data.gwsw.nl/1.4/totaal/Pompunit", "Begindatum": "1992-01-01", "Pompcapaciteit1": null, "Pompcapaciteit2": null, "OBJECTID": 6, "stelseltype": "http://data.gwsw.nl/1.4/totaal/Drukriolering"}}, {"type": "Feature", "id": 7, "geometry": {"type": "Point", "coordinates": [109861.0700000003, 451656.7199999988]}, "properties": {"Stelsel": "rb/reeuwijk brug", "naam": "RB7797", "type": "http://data.gwsw.nl/1.4/totaal/Pompunit", "Begindatum": "1998-01-01", "Pompcapaciteit1": null, "Pompcapaciteit2": null, "OBJECTID": 7, "stelseltype": "http://data.gwsw.nl/1.4/totaal/Drukriolering"}}, {"type": "Feature", "id": 8, "geometry": {"type": "Point", "coordinates": [117980.19999999925, 453305.6000000015]}, "properties": {"Stelsel": "wa/waarder", "naam": "WA7085", "type": "http://data.gwsw.nl/1.4/totaal/Pompunit", "Begindatum": "2000-01-01", "Pompcapaciteit1": null, "Pompcapaciteit2": null, "OBJECTID": 8, "stelseltype": "http://data.gwsw.nl/1.4/totaal/Drukriolering"}}, {"type": "Feature", "id": 9, "geometry": {"type": "Point", "coordinates": [110159.23999999836, 452485.5300000012]}, "properties": {"Stelsel": "rb/reeuwijk brug", "naam": "RB7802", "type": "http://data.gwsw.nl/1.4/totaal/Pompunit", "Begindatum": "2005-01-01", "Pompcapaciteit1": null, "Pompcapaciteit2": null, "OBJECTID": 9, "stelseltype": "http://data.gwsw.nl/1.4/totaal/Drukriolering"}}, {"type": "Feature", "id": 10, "geometry": {"type": "Point", "coordinates": [111039.39999999851, 455114.5]}, "properties": {"Stelsel": "bg/bodegraven", "naam": "BG0062", "type": "http://data.gwsw.nl/1.4/totaal/Pompput", "Begindatum": "1993-01-01", "Pompcapaciteit1": null, "Pompcapaciteit2": null, "OBJECTID": 10, "stelseltype": "http://data.gwsw.nl/1.4/totaal/GemengdStelsel"}}, {"type": "Feature", "id": 11, "geometry": {"type": "Point", "coordinates": [110814.5540000014, 453953.5089999996]}, "properties": {"Stelsel": "bg/bodegraven", "naam": "BG0346", "type": "http://data.gwsw.nl/1.4/totaal/Pompunit", "Begindatum": "1977-01-01", "Pompcapaciteit1": null, "Pompcapaciteit2": null, "OBJECTID": 11, "stelseltype": "http://data.gwsw.nl/1.4/totaal/GemengdStelsel"}}, {"type": "Feature", "id": 12, "geometry": {"type": "Point", "coordinates": [111177.76999999955, 454654.88800000027]}, "properties": {"Stelsel": "bg/bodegraven", "naam": "BG0760", "type": "http://data.gwsw.nl/1.4/totaal/Pompput", "Begindatum": "1999-01-01", "Pompcapaciteit1": null, "Pompcapaciteit2": null, "OBJECTID": 12, "stelseltype": "http://data.gwsw.nl/1.4/totaal/GemengdStelsel"}}, {"type": "Feature", "id": 13, "geometry": {"type": "Point", "coordinates": [111233.80000000075, 454690.4699999988]}, "properties": {"Stelsel": "bg/bodegraven", "naam": "BG0776", "type": "http://data.gwsw.nl/1.4/totaal/Pompput", "Begindatum": "1968-01-01", "Pompcapaciteit1": 0, "Pompcapaciteit2": 0, "OBJECTID": 13, "stelseltype": "http://data.gwsw.nl/1.4/totaal/GemengdStelsel"}}, {"type": "Feature", "id": 14, "geometry": {"type": "Point", "coordinates": [111734.6790000014, 455563.83900000155]}, "properties": {"Stelsel": "bg/bodegraven", "naam": "BG1197", "type": "http://data.gwsw.nl/1.4/totaal/Pompput", "Begindatum": "1900-01-01", "Pompcapaciteit1": null, "Pompcapaciteit2": null, "OBJECTID": 14, "stelseltype": "http://data.gwsw.nl/1.4/totaal/GemengdStelsel"}}, {"type": "Feature", "id": 15, "geometry": {"type": "Point", "coordinates": [111385.69000000134, 455858.8200000003]}, "properties": {"Stelsel": "bg/bodegraven", "naam": "BG1242", "type": "http://data.gwsw.nl/1.4/totaal/Pompput", "Begindatum": "2005-01-01", "Pompcapaciteit1": 100, "Pompcapaciteit2": 175, "OBJECTID": 15, "stelseltype": "http://data.gwsw.nl/1.4/totaal/GemengdStelsel"}}, {"type": "Feature", "id": 16, "geometry": {"type": "Point", "coordinates": [111385.69000000134, 455858.8200000003]}, "properties": {"Stelsel": "bg/bodegraven", "naam": "BG1242", "type": "http://data.gwsw.nl/1.4/totaal/Pompput", "Begindatum": "2005-01-01", "Pompcapaciteit1": 100, "Pompcapaciteit2": 0, "OBJECTID": 16, "stelseltype": "http://data.gwsw.nl/1.4/totaal/GemengdStelsel"}}, {"type": "Feature", "id": 17, "geometry": {"type": "Point", "coordinates": [111385.69000000134, 455858.8200000003]}, "properties": {"Stelsel": "bg/bodegraven", "naam": "BG1242", "type": "http://data.gwsw.nl/1.4/totaal/Pompput", "Begindatum": "2005-01-01", "Pompcapaciteit1": 0, "Pompcapaciteit2": 175, "OBJECTID": 17, "stelseltype": "http://data.gwsw.nl/1.4/totaal/GemengdStelsel"}}, {"type": "Feature", "id": 18, "geometry": {"type": "Point", "coordinates": [111385.69000000134, 455858.8200000003]}, "properties": {"Stelsel": "bg/bodegraven", "naam": "BG1242", "type": "http://data.gwsw.nl/1.4/totaal/Pompput", "Begindatum": "2005-01-01", "Pompcapaciteit1": 0, "Pompcapaciteit2": 0, "OBJECTID": 18, "stelseltype": "http://data.gwsw.nl/1.4/totaal/GemengdStelsel"}}, {"type": "Feature", "id": 19, "geometry": {"type": "Point", "coordinates": [111381.15900000185, 453642.6220000014]}, "properties": {"Stelsel": "", "naam": "BG1248", "type": "http://data.gwsw.nl/1.4/totaal/Pompput", "Begindatum": "1900-01-01", "Pompcapaciteit1": 0, "Pompcapaciteit2": 0, "OBJECTID": 19, "stelseltype": ""}}, {"type": "Feature", "id": 20, "geometry": {"type": "Point", "coordinates": [111393.99100000039, 455833.4620000012]}, "properties": {"Stelsel": "bg/bodegraven", "naam": "BG1253C", "type": "http://data.gwsw.nl/1.4/totaal/Pompput", "Begindatum": "2005-01-01", "Pompcapaciteit1": null, "Pompcapaciteit2": null, "OBJECTID": 20, "stelseltype": "http://data.gwsw.nl/1.4/totaal/GemengdStelsel"}}, {"type": "Feature", "id": 21, "geometry": {"type": "Point", "coordinates": [111153.90900000185, 454483.51199999824]}, "properties": {"Stelsel": "bg/bodegraven", "naam": "BG1255B", "type": "http://data.gwsw.nl/1.4/totaal/Pompput", "Begindatum": "2007-01-01", "Pompcapaciteit1": null, "Pompcapaciteit2": null, "OBJECTID": 21, "stelseltype": "http://data.gwsw.nl/1.4/totaal/GemengdStelsel"}}, {"type": "Feature", "id": 22, "geometry": {"type": "Point", "coordinates": [111432.01799999923, 454371.93200000003]}, "properties": {"Stelsel": "onbekend", "naam": "BG1257C", "type": "http://data.gwsw.nl/1.4/totaal/Pompput", "Begindatum": "2006-01-01", "Pompcapaciteit1": null, "Pompcapaciteit2": null, "OBJECTID": 22, "stelseltype": "http://data.gwsw.nl/1.4/totaal/GemengdStelsel"}}, {"type": "Feature", "id": 23, "geometry": {"type": "Point", "coordinates": [111551.59099999815, 454095.8509999998]}, "properties": {"Stelsel": "bg/bodegraven", "naam": "BG1259C", "type": "http://data.gwsw.nl/1.4/totaal/Pompput", "Begindatum": "2007-01-01", "Pompcapaciteit1": null, "Pompcapaciteit2": null, "OBJECTID": 23, "stelseltype": "http://data.gwsw.nl/1.4/totaal/GemengdStelsel"}}, {"type": "Feature", "id": 24, "geometry": {"type": "Point", "coordinates": [111486.1559999995, 454913.87900000066]}, "properties": {"Stelsel": "bg/bodegraven", "naam": "BG1262A", "type": "http://data.gwsw.nl/1.4/totaal/Pompput", "Begindatum": "2008-01-01", "Pompcapaciteit1": null, "Pompcapaciteit2": null, "OBJECTID": 24, "stelseltype": "http://data.gwsw.nl/1.4/totaal/GemengdStelsel"}}, {"type": "Feature", "id": 25, "geometry": {"type": "Point", "coordinates": [111780.44299999997, 454520.90300000086]}, "properties": {"Stelsel": "bg/bodegraven", "naam": "BG1263C", "type": "http://data.gwsw.nl/1.4/totaal/Pompput", "Begindatum": "2006-01-01", "Pompcapaciteit1": null, "Pompcapaciteit2": null, "OBJECTID": 25, "stelseltype": "http://data.gwsw.nl/1.4/totaal/GemengdStelsel"}}, {"type": "Feature", "id": 26, "geometry": {"type": "Point", "coordinates": [112065.7509999983, 453677.87099999934]}, "properties": {"Stelsel": "bg/bodegraven", "naam": "BG1477B", "type": "http://data.gwsw.nl/1.4/totaal/Pompput", "Begindatum": "1994-01-01", "Pompcapaciteit1": 0, "Pompcapaciteit2": 0, "OBJECTID": 26, "stelseltype": "http://data.gwsw.nl/1.4/totaal/Vuilwaterstelsel"}}, {"type": "Feature", "id": 27, "geometry": {"type": "Point", "coordinates": [112171.60500000045, 454249.0549999997]}, "properties": {"Stelsel": "", "naam": "BG1593", "type": "http://data.gwsw.nl/1.4/totaal/Pompput", "Begindatum": "2011-01-01", "Pompcapaciteit1": 0, "Pompcapaciteit2": 0, "OBJECTID": 27, "stelseltype": ""}}, {"type": "Feature", "id": 28, "geometry": {"type": "Point", "coordinates": [112168.08999999985, 454248.98800000176]}, "properties": {"Stelsel": "bg/bodegraven", "naam": "BG1593C", "type": "http://data.gwsw.nl/1.4/totaal/Pompput", "Begindatum": "2011-01-01", "Pompcapaciteit1": null, "Pompcapaciteit2": null, "OBJECTID": 28, "stelseltype": "http://data.gwsw.nl/1.4/totaal/Hemelwaterstelsel"}}, {"type": "Feature", "id": 29, "geometry": {"type": "Point", "coordinates": [112168.51199999824, 454248.94900000095]}, "properties": {"Stelsel": "", "naam": "BG1593D", "type": "http://data.gwsw.nl/1.4/totaal/Pompput", "Begindatum": "", "Pompcapaciteit1": null, "Pompcapaciteit2": null, "OBJECTID": 29, "stelseltype": ""}}, {"type": "Feature", "id": 30, "geometry": {"type": "Point", "coordinates": [111680.19999999925, 454860.37000000104]}, "properties": {"Stelsel": "bg/bodegraven", "naam": "BG1757", "type": "http://data.gwsw.nl/1.4/totaal/Pompput", "Begindatum": "1900-01-01", "Pompcapaciteit1": null, "Pompcapaciteit2": null, "OBJECTID": 30, "stelseltype": "http://data.gwsw.nl/1.4/totaal/Vuilwaterstelsel"}}, {"type": "Feature", "id": 31, "geometry": {"type": "Point", "coordinates": [112052.78599999845, 454678.26000000164]}, "properties": {"Stelsel": "", "naam": "BG1896", "type": "http://data.gwsw.nl/1.4/totaal/Pompput", "Begindatum": "", "Pompcapaciteit1": null, "Pompcapaciteit2": null, "OBJECTID": 31, "stelseltype": ""}}, {"type": "Feature", "id": 32, "geometry": {"type": "Point", "coordinates": [111188.96200000122, 454020.8379999995]}, "properties": {"Stelsel": "onbekend", "naam": "BG1907", "type": "http://data.gwsw.nl/1.4/totaal/Pompunit", "Begindatum": "2000-01-01", "Pompcapaciteit1": null, "Pompcapaciteit2": null, "OBJECTID": 32, "stelseltype": "http://data.gwsw.nl/1.4/totaal/Drukriolering"}}, {"type": "Feature", "id": 33, "geometry": {"type": "Point", "coordinates": [111636.62799999863, 453871.61400000006]}, "properties": {"Stelsel": "onbekend", "naam": "BG1908", "type": "http://data.gwsw.nl/1.4/totaal/Pompunit", "Begindatum": "2000-01-01", "Pompcapaciteit1": null, "Pompcapaciteit2": null, "OBJECTID": 33, "stelseltype": "http://data.gwsw.nl/1.4/totaal/Drukriolering"}}, {"type": "Feature", "id": 34, "geometry": {"type": "Point", "coordinates": [111154.69799999893, 455374.33100000024]}, "properties": {"Stelsel": "onbekend", "naam": "BG1909", "type": "http://data.gwsw.nl/1.4/totaal/Pompunit", "Begindatum": "2000-01-01", "Pompcapaciteit1": null, "Pompcapaciteit2": null, "OBJECTID": 34, "stelseltype": "http://data.gwsw.nl/1.4/totaal/Drukriolering"}}, {"type": "Feature", "id": 35, "geometry": {"type": "Point", "coordinates": [111085.09099999815, 454478.3500000015]}, "properties": {"Stelsel": "onbekend", "naam": "BG1910", "type": "http://data.gwsw.nl/1.4/totaal/Pompunit", "Begindatum": "2000-01-01", "Pompcapaciteit1": null, "Pompcapaciteit2": null, "OBJECTID": 35, "stelseltype": "http://data.gwsw.nl/1.4/totaal/Drukriolering"}}, {"type": "Feature", "id": 36, "geometry": {"type": "Point", "coordinates": [110981.93400000036, 454258.0610000007]}, "properties": {"Stelsel": "onbekend", "naam": "BG1911", "type": "http://data.gwsw.nl/1.4/totaal/Pompunit", "Begindatum": "2000-01-01", "Pompcapaciteit1": null, "Pompcapaciteit2": null, "OBJECTID": 36, "stelseltype": "http://data.gwsw.nl/1.4/totaal/Drukriolering"}}, {"type": "Feature", "id": 37, "geometry": {"type": "Point", "coordinates": [110945.84699999914, 454185.9470000006]}, "properties": {"Stelsel": "onbekend", "naam": "BG1912", "type": "http://data.gwsw.nl/1.4/totaal/Pompunit", "Begindatum": "2000-01-01", "Pompcapaciteit1": null, "Pompcapaciteit2": null, "OBJECTID": 37, "stelseltype": "http://data.gwsw.nl/1.4/totaal/Drukriolering"}}, {"type": "Feature", "id": 38, "geometry": {"type": "Point", "coordinates": [110613.97100000083, 455325.4219999984]}, "properties": {"Stelsel": "bg/bodegraven", "naam": "BG1913", "type": "http://data.gwsw.nl/1.4/totaal/Pompunit", "Begindatum": "1900-01-01", "Pompcapaciteit1": null, "Pompcapaciteit2": null, "OBJECTID": 38, "stelseltype": "http://data.gwsw.nl/1.4/totaal/Drukriolering"}}, {"type": "Feature", "id": 39, "geometry": {"type": "Point", "coordinates": [110914.21799999848, 455452.9840000011]}, "properties": {"Stelsel": "bg/bodegraven", "naam": "BG1914", "type": "http://data.gwsw.nl/1.4/totaal/Pompunit", "Begindatum": "2000-01-01", "Pompcapaciteit1": null, "Pompcapaciteit2": null, "OBJECTID": 39, "stelseltype": "http://data.gwsw.nl/1.4/totaal/Drukriolering"}}, {"type": "Feature", "id": 40, "geometry": {"type": "Point", "coordinates": [111093.65900000185, 454160.55000000075]}, "properties": {"Stelsel": "onbekend", "naam": "BG1954", "type": "http://data.gwsw.nl/1.4/totaal/Pompunit", "Begindatum": "2018-01-01", "Pompcapaciteit1": null, "Pompcapaciteit2": null, "OBJECTID": 40, "stelseltype": "http://data.gwsw.nl/1.4/totaal/Drukriolering"}}, {"type": "Feature", "id": 41, "geometry": {"type": "Point", "coordinates": [111255.15799999982, 454105.0469999984]}, "properties": {"Stelsel": "", "naam": "BG2590", "type": "http://data.gwsw.nl/1.4/totaal/Pompunit", "Begindatum": "1900-01-01", "Pompcapaciteit1": null, "Pompcapaciteit2": null, "OBJECTID": 41, "stelseltype": ""}}, {"type": "Feature", "id": 42, "geometry": {"type": "Point", "coordinates": [110486.37999999896, 456435.25]}, "properties": {"Stelsel": "bg/bodegraven", "naam": "BG7406", "type": "http://data.gwsw.nl/1.4/totaal/Pompunit", "Begindatum": "1900-01-01", "Pompcapaciteit1": null, "Pompcapaciteit2": null, "OBJECTID": 42, "stelseltype": "http://data.gwsw.nl/1.4/totaal/Drukriolering"}}, {"type": "Feature", "id": 43, "geometry": {"type": "Point", "coordinates": [114591.4600000009, 453459.69999999925]}, "properties": {"Stelsel": "bg/bodegraven", "naam": "BG7434", "type": "http://data.gwsw.nl/1.4/totaal/Pompunit", "Begindatum": "1900-01-01", "Pompcapaciteit1": null, "Pompcapaciteit2": null, "OBJECTID": 43, "stelseltype": "http://data.gwsw.nl/1.4/totaal/Drukriolering"}}, {"type": "Feature", "id": 44, "geometry": {"type": "Point", "coordinates": [115346.78700000048, 458581.52600000054]}, "properties": {"Stelsel": "woerden", "naam": "BG7607", "type": "http://data.gwsw.nl/1.4/totaal/Pompunit", "Begindatum": "1900-01-01", "Pompcapaciteit1": null, "Pompcapaciteit2": null, "OBJECTID": 44, "stelseltype": "http://data.gwsw.nl/1.4/totaal/Drukriolering"}}, {"type": "Feature", "id": 45, "geometry": {"type": "Point", "coordinates": [113778.92000000179, 454233.6499999985]}, "properties": {"Stelsel": "bg/bodegraven", "naam": "BG7612", "type": "http://data.gwsw.nl/1.4/totaal/Pompunit", "Begindatum": "1900-01-01", "Pompcapaciteit1": null, "Pompcapaciteit2": null, "OBJECTID": 45, "stelseltype": "http://data.gwsw.nl/1.4/totaal/Drukriolering"}}, {"type": "Feature", "id": 46, "geometry": {"type": "Point", "coordinates": [110760.98000000045, 453868.23699999973]}, "properties": {"Stelsel": "onbekend", "naam": "BG7662", "type": "http://data.gwsw.nl/1.4/totaal/Pompput", "Begindatum": "2004-01-01", "Pompcapaciteit1": null, "Pompcapaciteit2": null, "OBJECTID": 46, "stelseltype": "http://data.gwsw.nl/1.4/totaal/Hemelwaterstelsel"}}, {"type": "Feature", "id": 47, "geometry": {"type": "Point", "coordinates": [113606.75, 455004.5399999991]}, "properties": {"Stelsel": "bg/bodegraven", "naam": "BG7669", "type": "http://data.gwsw.nl/1.4/totaal/Pompunit", "Begindatum": "1900-01-01", "Pompcapaciteit1": null, "Pompcapaciteit2": null, "OBJECTID": 47, "stelseltype": "http://data.gwsw.nl/1.4/totaal/Drukriolering"}}, {"type": "Feature", "id": 48, "geometry": {"type": "Point", "coordinates": [114169.16000000015, 453318.30999999866]}, "properties": {"Stelsel": "bg/bodegraven", "naam": "BG7671", "type": "http://data.gwsw.nl/1.4/totaal/Pompunit", "Begindatum": "1900-01-01", "Pompcapaciteit1": null, "Pompcapaciteit2": null, "OBJECTID": 48, "stelseltype": "http://data.gwsw.nl/1.4/totaal/Drukriolering"}}, {"type": "Feature", "id": 49, "geometry": {"type": "Point", "coordinates": [115424.3200000003, 453415.76999999955]}, "properties": {"Stelsel": "bg/bodegraven", "naam": "BG7672", "type": "http://data.gwsw.nl/1.4/totaal/Pompunit", "Begindatum": "1900-01-01", "Pompcapaciteit1": null, "Pompcapaciteit2": null, "OBJECTID": 49, "stelseltype": "http://data.gwsw.nl/1.4/totaal/Drukriolering"}}, {"type": "Feature", "id": 50, "geometry": {"type": "Point", "coordinates": [110310.80000000075, 457129.6799999997]}, "properties": {"Stelsel": "bg/bodegraven", "naam": "BG7677", "type": "http://data.gwsw.nl/1.4/totaal/Pompunit", "Begindatum": "1900-01-01", "Pompcapaciteit1": null, "Pompcapaciteit2": null, "OBJECTID": 50, "stelseltype": "http://data.gwsw.nl/1.4/totaal/Drukriolering"}}, {"type": "Feature", "id": 51, "geometry": {"type": "Point", "coordinates": [110431.73999999836, 456993.1099999994]}, "properties": {"Stelsel": "bg/bodegraven", "naam": "BG7682", "type": "http://data.gwsw.nl/1.4/totaal/Pompunit", "Begindatum": "1900-01-01", "Pompcapaciteit1": null, "Pompcapaciteit2": null, "OBJECTID": 51, "stelseltype": "http://data.gwsw.nl/1.4/totaal/Drukriolering"}}, {"type": "Feature", "id": 52, "geometry": {"type": "Point", "coordinates": [110442.16000000015, 456665.08999999985]}, "properties": {"Stelsel": "bg/bodegraven", "naam": "BG7683", "type": "http://data.gwsw.nl/1.4/totaal/Pompunit", "Begindatum": "1900-01-01", "Pompcapaciteit1": null, "Pompcapaciteit2": null, "OBJECTID": 52, "stelseltype": "http://data.gwsw.nl/1.4/totaal/Drukriolering"}}, {"type": "Feature", "id": 53, "geometry": {"type": "Point", "coordinates": [110411.33999999985, 456648.26000000164]}, "properties": {"Stelsel": "bg/bodegraven", "naam": "BG7686", "type": "http://data.gwsw.nl/1.4/totaal/Pompunit", "Begindatum": "1900-01-01", "Pompcapaciteit1": null, "Pompcapaciteit2": null, "OBJECTID": 53, "stelseltype": "http://data.gwsw.nl/1.4/totaal/Drukriolering"}}, {"type": "Feature", "id": 54, "geometry": {"type": "Point", "coordinates": [110296.91000000015, 457013.08999999985]}, "properties": {"Stelsel": "bg/bodegraven", "naam": "BG7687", "type": "http://data.gwsw.nl/1.4/totaal/Pompunit", "Begindatum": "1900-01-01", "Pompcapaciteit1": null, "Pompcapaciteit2": null, "OBJECTID": 54, "stelseltype": "http://data.gwsw.nl/1.4/totaal/Drukriolering"}}, {"type": "Feature", "id": 55, "geometry": {"type": "Point", "coordinates": [110426.98000000045, 456406.80999999866]}, "properties": {"Stelsel": "bg/bodegraven", "naam": "BG7688", "type": "http://data.gwsw.nl/1.4/totaal/Pompunit", "Begindatum": "1900-01-01", "Pompcapaciteit1": null, "Pompcapaciteit2": null, "OBJECTID": 55, "stelseltype": "http://data.gwsw.nl/1.4/totaal/Drukriolering"}}, {"type": "Feature", "id": 56, "geometry": {"type": "Point", "coordinates": [110451.41000000015, 456622.37000000104]}, "properties": {"Stelsel": "bg/bodegraven", "naam": "BG7689", "type": "http://data.gwsw.nl/1.4/totaal/Pompunit", "Begindatum": "1900-01-01", "Pompcapaciteit1": null, "Pompcapaciteit2": null, "OBJECTID": 56, "stelseltype": "http://data.gwsw.nl/1.4/totaal/Drukriolering"}}, {"type": "Feature", "id": 57, "geometry": {"type": "Point", "coordinates": [110438.55000000075, 456041.23999999836]}, "properties": {"Stelsel": "bg/bodegraven", "naam": "BG7690", "type": "http://data.gwsw.nl/1.4/totaal/Pompunit", "Begindatum": "1900-01-01", "Pompcapaciteit1": null, "Pompcapaciteit2": null, "OBJECTID": 57, "stelseltype": "http://data.gwsw.nl/1.4/totaal/Drukriolering"}}, {"type": "Feature", "id": 58, "geometry": {"type": "Point", "coordinates": [110373.10000000149, 456782.5300000012]}, "properties": {"Stelsel": "bg/bodegraven", "naam": "BG7693", "type": "http://data.gwsw.nl/1.4/totaal/Pompunit", "Begindatum": "1900-01-01", "Pompcapaciteit1": null, "Pompcapaciteit2": null, "OBJECTID": 58, "stelseltype": "http://data.gwsw.nl/1.4/totaal/Drukriolering"}}, {"type": "Feature", "id": 59, "geometry": {"type": "Point", "coordinates": [110352.73999999836, 456853.4600000009]}, "properties": {"Stelsel": "bg/bodegraven", "naam": "BG7694", "type": "http://data.gwsw.nl/1.4/totaal/Pompunit", "Begindatum": "1900-01-01", "Pompcapaciteit1": null, "Pompcapaciteit2": null, "OBJECTID": 59, "stelseltype": "http://data.gwsw.nl/1.4/totaal/Drukriolering"}}, {"type": "Feature", "id": 60, "geometry": {"type": "Point", "coordinates": [110053.8599999994, 456825.8900000006]}, "properties": {"Stelsel": "bg/bodegraven", "naam": "BG7696", "type": "http://data.gwsw.nl/1.4/totaal/Pompunit", "Begindatum": "1900-01-01", "Pompcapaciteit1": null, "Pompcapaciteit2": null, "OBJECTID": 60, "stelseltype": "http://data.gwsw.nl/1.4/totaal/Drukriolering"}}, {"type": "Feature", "id": 61, "geometry": {"type": "Point", "coordinates": [110394.01000000164, 456728.23999999836]}, "properties": {"Stelsel": "bg/bodegraven", "naam": "BG7697", "type": "http://data.gwsw.nl/1.4/totaal/Pompunit", "Begindatum": "1900-01-01", "Pompcapaciteit1": null, "Pompcapaciteit2": null, "OBJECTID": 61, "stelseltype": "http://data.gwsw.nl/1.4/totaal/Drukriolering"}}, {"type": "Feature", "id": 62, "geometry": {"type": "Point", "coordinates": [109793.9299999997, 455048.01999999955]}, "properties": {"Stelsel": "bg/bodegraven", "naam": "BG7698", "type": "http://data.gwsw.nl/1.4/totaal/Pompunit", "Begindatum": "1900-01-01", "Pompcapaciteit1": null, "Pompcapaciteit2": null, "OBJECTID": 62, "stelseltype": "http://data.gwsw.nl/1.4/totaal/Drukriolering"}}, {"type": "Feature", "id": 63, "geometry": {"type": "Point", "coordinates": [109592.1400000006, 455271.2800000012]}, "properties": {"Stelsel": "bg/bodegraven", "naam": "BG7699", "type": "http://data.gwsw.nl/1.4/totaal/Pompunit", "Begindatum": "1900-01-01", "Pompcapaciteit1": null, "Pompcapaciteit2": null, "OBJECTID": 63, "stelseltype": "http://data.gwsw.nl/1.4/totaal/Drukriolering"}}, {"type": "Feature", "id": 64, "geometry": {"type": "Point", "coordinates": [109356.12999999896, 455530.6499999985]}, "properties": {"Stelsel": "bg/bodegraven", "naam": "BG7700", "type": "http://data.gwsw.nl/1.4/totaal/Pompunit", "Begindatum": "1900-01-01", "Pompcapaciteit1": null, "Pompcapaciteit2": null, "OBJECTID": 64, "stelseltype": "http://data.gwsw.nl/1.4/totaal/Drukriolering"}}, {"type": "Feature", "id": 65, "geometry": {"type": "Point", "coordinates": [109156.55999999866, 456008.94999999925]}, "properties": {"Stelsel": "bg/bodegraven", "naam": "BG7701", "type": "http://data.gwsw.nl/1.4/totaal/Pompunit", "Begindatum": "1900-01-01", "Pompcapaciteit1": null, "Pompcapaciteit2": null, "OBJECTID": 65, "stelseltype": "http://data.gwsw.nl/1.4/totaal/Drukriolering"}}, {"type": "Feature", "id": 66, "geometry": {"type": "Point", "coordinates": [109173.19999999925, 455962.51000000164]}, "properties": {"Stelsel": "bg/bodegraven", "naam": "BG7702", "type": "http://data.gwsw.nl/1.4/totaal/Pompunit", "Begindatum": "1900-01-01", "Pompcapaciteit1": null, "Pompcapaciteit2": null, "OBJECTID": 66, "stelseltype": "http://data.gwsw.nl/1.4/totaal/Drukriolering"}}, {"type": "Feature", "id": 67, "geometry": {"type": "Point", "coordinates": [109325.0399999991, 455802.44999999925]}, "properties": {"Stelsel": "bg/bodegraven", "naam": "BG7703", "type": "http://data.gwsw.nl/1.4/totaal/Pompunit", "Begindatum": "1900-01-01", "Pompcapaciteit1": null, "Pompcapaciteit2": null, "OBJECTID": 67, "stelseltype": "http://data.gwsw.nl/1.4/totaal/Drukriolering"}}, {"type": "Feature", "id": 68, "geometry": {"type": "Point", "coordinates": [109341.21999999881, 455725.48000000045]}, "properties": {"Stelsel": "bg/bodegraven", "naam": "BG7704", "type": "http://data.gwsw.nl/1.4/totaal/Pompunit", "Begindatum": "1900-01-01", "Pompcapaciteit1": null, "Pompcapaciteit2": null, "OBJECTID": 68, "stelseltype": "http://data.gwsw.nl/1.4/totaal/Drukriolering"}}, {"type": "Feature", "id": 69, "geometry": {"type": "Point", "coordinates": [110313.98999999836, 455199.7199999988]}, "properties": {"Stelsel": "bg/bodegraven", "naam": "BG7705", "type": "http://data.gwsw.nl/1.4/totaal/Pompunit", "Begindatum": "1900-01-01", "Pompcapaciteit1": null, "Pompcapaciteit2": null, "OBJECTID": 69, "stelseltype": "http://data.gwsw.nl/1.4/totaal/Drukriolering"}}, {"type": "Feature", "id": 70, "geometry": {"type": "Point", "coordinates": [115040.01000000164, 453374.1499999985]}, "properties": {"Stelsel": "bg/bodegraven", "naam": "BG7707", "type": "http://data.gwsw.nl/1.4/totaal/Pompunit", "Begindatum": "1900-01-01", "Pompcapaciteit1": null, "Pompcapaciteit2": null, "OBJECTID": 70, "stelseltype": "http://data.gwsw.nl/1.4/totaal/Drukriolering"}}, {"type": "Feature", "id": 71, "geometry": {"type": "Point", "coordinates": [110540.9600000009, 455457.8999999985]}, "properties": {"Stelsel": "bg/bodegraven", "naam": "BG7708", "type": "http://data.gwsw.nl/1.4/totaal/Pompunit", "Begindatum": "1900-01-01", "Pompcapaciteit1": null, "Pompcapaciteit2": null, "OBJECTID": 71, "stelseltype": "http://data.gwsw.nl/1.4/totaal/Drukriolering"}}, {"type": "Feature", "id": 72, "geometry": {"type": "Point", "coordinates": [110501.6099999994, 455417.76000000164]}, "properties": {"Stelsel": "bg/bodegraven", "naam": "BG7709", "type": "http://data.gwsw.nl/1.4/totaal/Pompunit", "Begindatum": "1900-01-01", "Pompcapaciteit1": null, "Pompcapaciteit2": null, "OBJECTID": 72, "stelseltype": "http://data.gwsw.nl/1.4/totaal/Drukriolering"}}, {"type": "Feature", "id": 73, "geometry": {"type": "Point", "coordinates": [110604.51999999955, 455516.4299999997]}, "properties": {"Stelsel": "bg/bodegraven", "naam": "BG7710", "type": "http://data.gwsw.nl/1.4/totaal/Pompunit", "Begindatum": "1900-01-01", "Pompcapaciteit1": null, "Pompcapaciteit2": null, "OBJECTID": 73, "stelseltype": "http://data.gwsw.nl/1.4/totaal/Drukriolering"}}, {"type": "Feature", "id": 74, "geometry": {"type": "Point", "coordinates": [110140.80000000075, 454968.0399999991]}, "properties": {"Stelsel": "bg/bodegraven", "naam": "BG7711", "type": "http://data.gwsw.nl/1.4/totaal/Pompunit", "Begindatum": "1900-01-01", "Pompcapaciteit1": null, "Pompcapaciteit2": null, "OBJECTID": 74, "stelseltype": "http://data.gwsw.nl/1.4/totaal/Drukriolering"}}, {"type": "Feature", "id": 75, "geometry": {"type": "Point", "coordinates": [113649.8200000003, 453712.4299999997]}, "properties": {"Stelsel": "bg/bodegraven", "naam": "BG7713", "type": "http://data.gwsw.nl/1.4/totaal/Pompunit", "Begindatum": "1900-01-01", "Pompcapaciteit1": null, "Pompcapaciteit2": null, "OBJECTID": 75, "stelseltype": "http://data.gwsw.nl/1.4/totaal/Drukriolering"}}, {"type": "Feature", "id": 76, "geometry": {"type": "Point", "coordinates": [110628.29100000113, 455662.8060000017]}, "properties": {"Stelsel": "onbekend", "naam": "BG7715", "type": "http://data.gwsw.nl/1.4/totaal/Pompunit", "Begindatum": "1900-01-01", "Pompcapaciteit1": null, "Pompcapaciteit2": null, "OBJECTID": 76, "stelseltype": "http://data.gwsw.nl/1.4/totaal/Drukriolering"}}, {"type": "Feature", "id": 77, "geometry": {"type": "Point", "coordinates": [113793.42000000179, 454862.55000000075]}, "properties": {"Stelsel": "bg/bodegraven", "naam": "BG7716", "type": "http://data.gwsw.nl/1.4/totaal/Pompunit", "Begindatum": "1900-01-01", "Pompcapaciteit1": null, "Pompcapaciteit2": null, "OBJECTID": 77, "stelseltype": "http://data.gwsw.nl/1.4/totaal/Drukriolering"}}, {"type": "Feature", "id": 78, "geometry": {"type": "Point", "coordinates": [110287.62000000104, 457172.6799999997]}, "properties": {"Stelsel": "bg/bodegraven", "naam": "BG7717", "type": "http://data.gwsw.nl/1.4/totaal/Pompunit", "Begindatum": "1900-01-01", "Pompcapaciteit1": null, "Pompcapaciteit2": null, "OBJECTID": 78, "stelseltype": "http://data.gwsw.nl/1.4/totaal/Drukriolering"}}, {"type": "Feature", "id": 79, "geometry": {"type": "Point", "coordinates": [110626.76000000164, 455853.48000000045]}, "properties": {"Stelsel": "bg/bodegraven", "naam": "BG7719", "type": "http://data.gwsw.nl/1.4/totaal/Pompunit", "Begindatum": "1900-01-01", "Pompcapaciteit1": null, "Pompcapaciteit2": null, "OBJECTID": 79, "stelseltype": "http://data.gwsw.nl/1.4/totaal/Drukriolering"}}, {"type": "Feature", "id": 80, "geometry": {"type": "Point", "coordinates": [110703.57999999821, 455446.8599999994]}, "properties": {"Stelsel": "bg/bodegraven", "naam": "BG7720", "type": "http://data.gwsw.nl/1.4/totaal/Pompunit", "Begindatum": "1900-01-01", "Pompcapaciteit1": null, "Pompcapaciteit2": null, "OBJECTID": 80, "stelseltype": "http://data.gwsw.nl/1.4/totaal/Drukriolering"}}, {"type": "Feature", "id": 81, "geometry": {"type": "Point", "coordinates": [110700.09299999848, 455484.1790000014]}, "properties": {"Stelsel": "bg/bodegraven", "naam": "BG7721", "type": "http://data.gwsw.nl/1.4/totaal/Pompunit", "Begindatum": "1900-01-01", "Pompcapaciteit1": null, "Pompcapaciteit2": null, "OBJECTID": 81, "stelseltype": "http://data.gwsw.nl/1.4/totaal/Drukriolering"}}, {"type": "Feature", "id": 82, "geometry": {"type": "Point", "coordinates": [109890.78000000119, 457100.16000000015]}, "properties": {"Stelsel": "bg/bodegraven", "naam": "BG7722", "type": "http://data.gwsw.nl/1.4/totaal/Pompunit", "Begindatum": "1900-01-01", "Pompcapaciteit1": null, "Pompcapaciteit2": null, "OBJECTID": 82, "stelseltype": "http://data.gwsw.nl/1.4/totaal/Drukriolering"}}, {"type": "Feature", "id": 83, "geometry": {"type": "Point", "coordinates": [110385.9600000009, 457255.62999999896]}, "properties": {"Stelsel": "bg/bodegraven", "naam": "BG7723", "type": "http://data.gwsw.nl/1.4/totaal/Pompunit", "Begindatum": "1900-01-01", "Pompcapaciteit1": null, "Pompcapaciteit2": null, "OBJECTID": 83, "stelseltype": "http://data.gwsw.nl/1.4/totaal/Drukriolering"}}, {"type": "Feature", "id": 84, "geometry": {"type": "Point", "coordinates": [110515.37999999896, 457005.9600000009]}, "properties": {"Stelsel": "bg/bodegraven", "naam": "BG7724", "type": "http://data.gwsw.nl/1.4/totaal/Pompunit", "Begindatum": "1900-01-01", "Pompcapaciteit1": null, "Pompcapaciteit2": null, "OBJECTID": 84, "stelseltype": "http://data.gwsw.nl/1.4/totaal/Drukriolering"}}, {"type": "Feature", "id": 85, "geometry": {"type": "Point", "coordinates": [109941.26999999955, 456957.75]}, "properties": {"Stelsel": "bg/bodegraven", "naam": "BG7725", "type": "http://data.gwsw.nl/1.4/totaal/Pompunit", "Begindatum": "1900-01-01", "Pompcapaciteit1": null, "Pompcapaciteit2": null, "OBJECTID": 85, "stelseltype": "http://data.gwsw.nl/1.4/totaal/Drukriolering"}}, {"type": "Feature", "id": 86, "geometry": {"type": "Point", "coordinates": [110527.2899999991, 456144.1499999985]}, "properties": {"Stelsel": "bg/bodegraven", "naam": "BG7727", "type": "http://data.gwsw.nl/1.4/totaal/Pompunit", "Begindatum": "1900-01-01", "Pompcapaciteit1": null, "Pompcapaciteit2": null, "OBJECTID": 86, "stelseltype": "http://data.gwsw.nl/1.4/totaal/Drukriolering"}}, {"type": "Feature", "id": 87, "geometry": {"type": "Point", "coordinates": [110522.58999999985, 456041.55000000075]}, "properties": {"Stelsel": "bg/bodegraven", "naam": "BG7728", "type": "http://data.gwsw.nl/1.4/totaal/Pompunit", "Begindatum": "1900-01-01", "Pompcapaciteit1": null, "Pompcapaciteit2": null, "OBJECTID": 87, "stelseltype": "http://data.gwsw.nl/1.4/totaal/Drukriolering"}}, {"type": "Feature", "id": 88, "geometry": {"type": "Point", "coordinates": [110512.76000000164, 455419.5700000003]}, "properties": {"Stelsel": "bg/bodegraven", "naam": "BG7729", "type": "http://data.gwsw.nl/1.4/totaal/Pompunit", "Begindatum": "1900-01-01", "Pompcapaciteit1": null, "Pompcapaciteit2": null, "OBJECTID": 88, "stelseltype": "http://data.gwsw.nl/1.4/totaal/Drukriolering"}}, {"type": "Feature", "id": 89, "geometry": {"type": "Point", "coordinates": [110520.94999999925, 455429.8900000006]}, "properties": {"Stelsel": "bg/bodegraven", "naam": "BG7730", "type": "http://data.gwsw.nl/1.4/totaal/Pompunit", "Begindatum": "1900-01-01", "Pompcapaciteit1": null, "Pompcapaciteit2": null, "OBJECTID": 89, "stelseltype": "http://data.gwsw.nl/1.4/totaal/Drukriolering"}}, {"type": "Feature", "id": 90, "geometry": {"type": "Point", "coordinates": [110553.73999999836, 455468.23999999836]}, "properties": {"Stelsel": "bg/bodegraven", "naam": "BG7731", "type": "http://data.gwsw.nl/1.4/totaal/Pompunit", "Begindatum": "1900-01-01", "Pompcapaciteit1": null, "Pompcapaciteit2": null, "OBJECTID": 90, "stelseltype": "http://data.gwsw.nl/1.4/totaal/Drukriolering"}}, {"type": "Feature", "id": 91, "geometry": {"type": "Point", "coordinates": [110572.21999999881, 455484.51000000164]}, "properties": {"Stelsel": "bg/bodegraven", "naam": "BG7733", "type": "http://data.gwsw.nl/1.4/totaal/Pompunit", "Begindatum": "1900-01-01", "Pompcapaciteit1": null, "Pompcapaciteit2": null, "OBJECTID": 91, "stelseltype": "http://data.gwsw.nl/1.4/totaal/Drukriolering"}}, {"type": "Feature", "id": 92, "geometry": {"type": "Point", "coordinates": [110590.12999999896, 455487.51999999955]}, "properties": {"Stelsel": "bg/bodegraven", "naam": "BG7734", "type": "http://data.gwsw.nl/1.4/totaal/Pompunit", "Begindatum": "1900-01-01", "Pompcapaciteit1": null, "Pompcapaciteit2": null, "OBJECTID": 92, "stelseltype": "http://data.gwsw.nl/1.4/totaal/Drukriolering"}}, {"type": "Feature", "id": 93, "geometry": {"type": "Point", "coordinates": [110596.3599999994, 455500.01999999955]}, "properties": {"Stelsel": "bg/bodegraven", "naam": "BG7735", "type": "http://data.gwsw.nl/1.4/totaal/Pompunit", "Begindatum": "1900-01-01", "Pompcapaciteit1": null, "Pompcapaciteit2": null, "OBJECTID": 93, "stelseltype": "http://data.gwsw.nl/1.4/totaal/Drukriolering"}}, {"type": "Feature", "id": 94, "geometry": {"type": "Point", "coordinates": [110648.9600000009, 455537.44999999925]}, "properties": {"Stelsel": "bg/bodegraven", "naam": "BG7736", "type": "http://data.gwsw.nl/1.4/totaal/Pompunit", "Begindatum": "1900-01-01", "Pompcapaciteit1": null, "Pompcapaciteit2": null, "OBJECTID": 94, "stelseltype": "http://data.gwsw.nl/1.4/totaal/Drukriolering"}}, {"type": "Feature", "id": 95, "geometry": {"type": "Point", "coordinates": [110293.2899999991, 455231.3200000003]}, "properties": {"Stelsel": "bg/bodegraven", "naam": "BG7737", "type": "http://data.gwsw.nl/1.4/totaal/Pompunit", "Begindatum": "1900-01-01", "Pompcapaciteit1": null, "Pompcapaciteit2": null, "OBJECTID": 95, "stelseltype": "http://data.gwsw.nl/1.4/totaal/Drukriolering"}}, {"type": "Feature", "id": 96, "geometry": {"type": "Point", "coordinates": [109745.2100000009, 455073.7100000009]}, "properties": {"Stelsel": "bg/bodegraven", "naam": "BG7741", "type": "http://data.gwsw.nl/1.4/totaal/Pompunit", "Begindatum": "1900-01-01", "Pompcapaciteit1": null, "Pompcapaciteit2": null, "OBJECTID": 96, "stelseltype": "http://data.gwsw.nl/1.4/totaal/Drukriolering"}}, {"type": "Feature", "id": 97, "geometry": {"type": "Point", "coordinates": [109484.3900000006, 455319.1499999985]}, "properties": {"Stelsel": "bg/bodegraven", "naam": "BG7742", "type": "http://data.gwsw.nl/1.4/totaal/Pompunit", "Begindatum": "1900-01-01", "Pompcapaciteit1": null, "Pompcapaciteit2": null, "OBJECTID": 97, "stelseltype": "http://data.gwsw.nl/1.4/totaal/Drukriolering"}}, {"type": "Feature", "id": 98, "geometry": {"type": "Point", "coordinates": [109463.2100000009, 455449.2800000012]}, "properties": {"Stelsel": "bg/bodegraven", "naam": "BG7743", "type": "http://data.gwsw.nl/1.4/totaal/Pompunit", "Begindatum": "1900-01-01", "Pompcapaciteit1": null, "Pompcapaciteit2": null, "OBJECTID": 98, "stelseltype": "http://data.gwsw.nl/1.4/totaal/Drukriolering"}}, {"type": "Feature", "id": 99, "geometry": {"type": "Point", "coordinates": [109474.12000000104, 455425.1799999997]}, "properties": {"Stelsel": "bg/bodegraven", "naam": "BG7744", "type": "http://data.gwsw.nl/1.4/totaal/Pompunit", "Begindatum": "1900-01-01", "Pompcapaciteit1": null, "Pompcapaciteit2": null, "OBJECTID": 99, "stelseltype": "http://data.gwsw.nl/1.4/totaal/Drukriolering"}}, {"type": "Feature", "id": 100, "geometry": {"type": "Point", "coordinates": [109049.94000000134, 456458.3500000015]}, "properties": {"Stelsel": "bg/bodegraven", "naam": "BG7749", "type": "http://data.gwsw.nl/1.4/totaal/Pompunit", "Begindatum": "1900-01-01", "Pompcapaciteit1": null, "Pompcapaciteit2": null, "OBJECTID": 100, "stelseltype": "http://data.gwsw.nl/1.4/totaal/Drukriolering"}}, {"type": "Feature", "id": 101, "geometry": {"type": "Point", "coordinates": [114547.89999999851, 453593.7199999988]}, "properties": {"Stelsel": "bg/bodegraven", "naam": "BG7753", "type": "http://data.gwsw.nl/1.4/totaal/Pompunit", "Begindatum": "1900-01-01", "Pompcapaciteit1": null, "Pompcapaciteit2": null, "OBJECTID": 101, "stelseltype": "http://data.gwsw.nl/1.4/totaal/Drukriolering"}}, {"type": "Feature", "id": 102, "geometry": {"type": "Point", "coordinates": [110493.57999999821, 456405.94000000134]}, "properties": {"Stelsel": "bg/bodegraven", "naam": "BG7757", "type": "http://data.gwsw.nl/1.4/totaal/Pompunit", "Begindatum": "1900-01-01", "Pompcapaciteit1": null, "Pompcapaciteit2": null, "OBJECTID": 102, "stelseltype": "http://data.gwsw.nl/1.4/totaal/Drukriolering"}}, {"type": "Feature", "id": 103, "geometry": {"type": "Point", "coordinates": [110491.19000000134, 456371.16000000015]}, "properties": {"Stelsel": "bg/bodegraven", "naam": "BG7758", "type": "http://data.gwsw.nl/1.4/totaal/Pompunit", "Begindatum": "1900-01-01", "Pompcapaciteit1": null, "Pompcapaciteit2": null, "OBJECTID": 103, "stelseltype": "http://data.gwsw.nl/1.4/totaal/Drukriolering"}}, {"type": "Feature", "id": 104, "geometry": {"type": "Point", "coordinates": [113460.91000000015, 454775.7199999988]}, "properties": {"Stelsel": "bg/bodegraven", "naam": "BG7761", "type": "http://data.gwsw.nl/1.4/totaal/Pompunit", "Begindatum": "1900-01-01", "Pompcapaciteit1": null, "Pompcapaciteit2": null, "OBJECTID": 104, "stelseltype": "http://data.gwsw.nl/1.4/totaal/Drukriolering"}}, {"type": "Feature", "id": 105, "geometry": {"type": "Point", "coordinates": [113304.89999999851, 454978.8999999985]}, "properties": {"Stelsel": "bg/bodegraven", "naam": "BG7762", "type": "http://data.gwsw.nl/1.4/totaal/Pompunit", "Begindatum": "1900-01-01", "Pompcapaciteit1": null, "Pompcapaciteit2": null, "OBJECTID": 105, "stelseltype": "http://data.gwsw.nl/1.4/totaal/Drukriolering"}}, {"type": "Feature", "id": 106, "geometry": {"type": "Point", "coordinates": [112909.91000000015, 454484.73000000045]}, "properties": {"Stelsel": "bg/bodegraven", "naam": "BG7763", "type": "http://data.gwsw.nl/1.4/totaal/Pompunit", "Begindatum": "1900-01-01", "Pompcapaciteit1": null, "Pompcapaciteit2": null, "OBJECTID": 106, "stelseltype": "http://data.gwsw.nl/1.4/totaal/Drukriolering"}}, {"type": "Feature", "id": 107, "geometry": {"type": "Point", "coordinates": [110452.30000000075, 456289.94999999925]}, "properties": {"Stelsel": "bg/bodegraven", "naam": "BG7764", "type": "http://data.gwsw.nl/1.4/totaal/Pompunit", "Begindatum": "1900-01-01", "Pompcapaciteit1": null, "Pompcapaciteit2": null, "OBJECTID": 107, "stelseltype": "http://data.gwsw.nl/1.4/totaal/Drukriolering"}}, {"type": "Feature", "id": 108, "geometry": {"type": "Point", "coordinates": [110475.87000000104, 456485.6099999994]}, "properties": {"Stelsel": "bg/bodegraven", "naam": "BG7766", "type": "http://data.gwsw.nl/1.4/totaal/Pompunit", "Begindatum": "1900-01-01", "Pompcapaciteit1": null, "Pompcapaciteit2": null, "OBJECTID": 108, "stelseltype": "http://data.gwsw.nl/1.4/totaal/Drukriolering"}}, {"type": "Feature", "id": 109, "geometry": {"type": "Point", "coordinates": [110522.32999999821, 456105.26000000164]}, "properties": {"Stelsel": "bg/bodegraven", "naam": "BG7767", "type": "http://data.gwsw.nl/1.4/totaal/Pompunit", "Begindatum": "1900-01-01", "Pompcapaciteit1": null, "Pompcapaciteit2": null, "OBJECTID": 109, "stelseltype": "http://data.gwsw.nl/1.4/totaal/Drukriolering"}}, {"type": "Feature", "id": 110, "geometry": {"type": "Point", "coordinates": [110550.32999999821, 455967.26999999955]}, "properties": {"Stelsel": "bg/bodegraven", "naam": "BG7768", "type": "http://data.gwsw.nl/1.4/totaal/Pompunit", "Begindatum": "1900-01-01", "Pompcapaciteit1": null, "Pompcapaciteit2": null, "OBJECTID": 110, "stelseltype": "http://data.gwsw.nl/1.4/totaal/Drukriolering"}}, {"type": "Feature", "id": 111, "geometry": {"type": "Point", "coordinates": [110525.75, 456174.9699999988]}, "properties": {"Stelsel": "bg/bodegraven", "naam": "BG7769", "type": "http://data.gwsw.nl/1.4/totaal/Pompunit", "Begindatum": "1900-01-01", "Pompcapaciteit1": null, "Pompcapaciteit2": null, "OBJECTID": 111, "stelseltype": "http://data.gwsw.nl/1.4/totaal/Drukriolering"}}, {"type": "Feature", "id": 112, "geometry": {"type": "Point", "coordinates": [110558.55999999866, 455903.6099999994]}, "properties": {"Stelsel": "bg/bodegraven", "naam": "BG7770", "type": "http://data.gwsw.nl/1.4/totaal/Pompunit", "Begindatum": "1900-01-01", "Pompcapaciteit1": null, "Pompcapaciteit2": null, "OBJECTID": 112, "stelseltype": "http://data.gwsw.nl/1.4/totaal/Drukriolering"}}, {"type": "Feature", "id": 113, "geometry": {"type": "Point", "coordinates": [110547.94000000134, 455939.55999999866]}, "properties": {"Stelsel": "bg/bodegraven", "naam": "BG7771", "type": "http://data.gwsw.nl/1.4/totaal/Pompunit", "Begindatum": "1900-01-01", "Pompcapaciteit1": null, "Pompcapaciteit2": null, "OBJECTID": 113, "stelseltype": "http://data.gwsw.nl/1.4/totaal/Drukriolering"}}, {"type": "Feature", "id": 114, "geometry": {"type": "Point", "coordinates": [110516.1799999997, 456199.98999999836]}, "properties": {"Stelsel": "bg/bodegraven", "naam": "BG7772", "type": "http://data.gwsw.nl/1.4/totaal/Pompunit", "Begindatum": "1900-01-01", "Pompcapaciteit1": null, "Pompcapaciteit2": null, "OBJECTID": 114, "stelseltype": "http://data.gwsw.nl/1.4/totaal/Drukriolering"}}, {"type": "Feature", "id": 115, "geometry": {"type": "Point", "coordinates": [110435.98999999836, 456521.62000000104]}, "properties": {"Stelsel": "bg/bodegraven", "naam": "BG7773", "type": "http://data.gwsw.nl/1.4/totaal/Pompunit", "Begindatum": "1900-01-01", "Pompcapaciteit1": null, "Pompcapaciteit2": null, "OBJECTID": 115, "stelseltype": "http://data.gwsw.nl/1.4/totaal/Drukriolering"}}, {"type": "Feature", "id": 116, "geometry": {"type": "Point", "coordinates": [110419.76999999955, 456468.4200000018]}, "properties": {"Stelsel": "bg/bodegraven", "naam": "BG7774", "type": "http://data.gwsw.nl/1.4/totaal/Pompunit", "Begindatum": "1900-01-01", "Pompcapaciteit1": null, "Pompcapaciteit2": null, "OBJECTID": 116, "stelseltype": "http://data.gwsw.nl/1.4/totaal/Drukriolering"}}, {"type": "Feature", "id": 117, "geometry": {"type": "Point", "coordinates": [110499.73999999836, 456322.51000000164]}, "properties": {"Stelsel": "bg/bodegraven", "naam": "BG7775", "type": "http://data.gwsw.nl/1.4/totaal/Pompunit", "Begindatum": "1900-01-01", "Pompcapaciteit1": null, "Pompcapaciteit2": null, "OBJECTID": 117, "stelseltype": "http://data.gwsw.nl/1.4/totaal/Drukriolering"}}, {"type": "Feature", "id": 118, "geometry": {"type": "Point", "coordinates": [110502.08999999985, 456301.12999999896]}, "properties": {"Stelsel": "bg/bodegraven", "naam": "BG7776", "type": "http://data.gwsw.nl/1.4/totaal/Pompunit", "Begindatum": "1900-01-01", "Pompcapaciteit1": null, "Pompcapaciteit2": null, "OBJECTID": 118, "stelseltype": "http://data.gwsw.nl/1.4/totaal/Drukriolering"}}, {"type": "Feature", "id": 119, "geometry": {"type": "Point", "coordinates": [110570.98999999836, 455469.6400000006]}, "properties": {"Stelsel": "bg/bodegraven", "naam": "BG7780", "type": "http://data.gwsw.nl/1.4/totaal/Pompunit", "Begindatum": "1900-01-01", "Pompcapaciteit1": null, "Pompcapaciteit2": null, "OBJECTID": 119, "stelseltype": "http://data.gwsw.nl/1.4/totaal/Drukriolering"}}, {"type": "Feature", "id": 120, "geometry": {"type": "Point", "coordinates": [113811.83999999985, 453799.12999999896]}, "properties": {"Stelsel": "bg/bodegraven", "naam": "BG7781", "type": "http://data.gwsw.nl/1.4/totaal/Pompunit", "Begindatum": "1900-01-01", "Pompcapaciteit1": null, "Pompcapaciteit2": null, "OBJECTID": 120, "stelseltype": "http://data.gwsw.nl/1.4/totaal/Drukriolering"}}, {"type": "Feature", "id": 121, "geometry": {"type": "Point", "coordinates": [110405.19999999925, 456950.6099999994]}, "properties": {"Stelsel": "bg/bodegraven", "naam": "BG7782", "type": "http://data.gwsw.nl/1.4/totaal/Pompunit", "Begindatum": "1900-01-01", "Pompcapaciteit1": null, "Pompcapaciteit2": null, "OBJECTID": 121, "stelseltype": "http://data.gwsw.nl/1.4/totaal/Drukriolering"}}, {"type": "Feature", "id": 122, "geometry": {"type": "Point", "coordinates": [110435.89999999851, 456737.05999999866]}, "properties": {"Stelsel": "bg/bodegraven", "naam": "BG7783", "type": "http://data.gwsw.nl/1.4/totaal/Pompunit", "Begindatum": "1900-01-01", "Pompcapaciteit1": null, "Pompcapaciteit2": null, "OBJECTID": 122, "stelseltype": "http://data.gwsw.nl/1.4/totaal/Drukriolering"}}, {"type": "Feature", "id": 123, "geometry": {"type": "Point", "coordinates": [110337.14999999851, 457081.3200000003]}, "properties": {"Stelsel": "bg/bodegraven", "naam": "BG7784", "type": "http://data.gwsw.nl/1.4/totaal/Pompunit", "Begindatum": "1900-01-01", "Pompcapaciteit1": null, "Pompcapaciteit2": null, "OBJECTID": 123, "stelseltype": "http://data.gwsw.nl/1.4/totaal/Drukriolering"}}, {"type": "Feature", "id": 124, "geometry": {"type": "Point", "coordinates": [110365.96999999881, 457053.19000000134]}, "properties": {"Stelsel": "bg/bodegraven", "naam": "BG7786", "type": "http://data.gwsw.nl/1.4/totaal/Pompunit", "Begindatum": "1900-01-01", "Pompcapaciteit1": null, "Pompcapaciteit2": null, "OBJECTID": 124, "stelseltype": "http://data.gwsw.nl/1.4/totaal/Drukriolering"}}, {"type": "Feature", "id": 125, "geometry": {"type": "Point", "coordinates": [110410.48000000045, 456353.6099999994]}, "properties": {"Stelsel": "bg/bodegraven", "naam": "BG7787", "type": "http://data.gwsw.nl/1.4/totaal/Pompunit", "Begindatum": "1900-01-01", "Pompcapaciteit1": null, "Pompcapaciteit2": null, "OBJECTID": 125, "stelseltype": "http://data.gwsw.nl/1.4/totaal/Drukriolering"}}, {"type": "Feature", "id": 126, "geometry": {"type": "Point", "coordinates": [113774.51999999955, 454311.23999999836]}, "properties": {"Stelsel": "bg/bodegraven", "naam": "BG7789", "type": "http://data.gwsw.nl/1.4/totaal/Pompunit", "Begindatum": "1900-01-01", "Pompcapaciteit1": null, "Pompcapaciteit2": null, "OBJECTID": 126, "stelseltype": "http://data.gwsw.nl/1.4/totaal/Drukriolering"}}, {"type": "Feature", "id": 127, "geometry": {"type": "Point", "coordinates": [113517.26999999955, 454544.2100000009]}, "properties": {"Stelsel": "bg/bodegraven", "naam": "BG7790", "type": "http://data.gwsw.nl/1.4/totaal/Pompunit", "Begindatum": "1900-01-01", "Pompcapaciteit1": null, "Pompcapaciteit2": null, "OBJECTID": 127, "stelseltype": "http://data.gwsw.nl/1.4/totaal/Drukriolering"}}, {"type": "Feature", "id": 128, "geometry": {"type": "Point", "coordinates": [110580.01999999955, 456172]}, "properties": {"Stelsel": "bg/bodegraven", "naam": "BG7792", "type": "http://data.gwsw.nl/1.4/totaal/Pompunit", "Begindatum": "1900-01-01", "Pompcapaciteit1": null, "Pompcapaciteit2": null, "OBJECTID": 128, "stelseltype": "http://data.gwsw.nl/1.4/totaal/Drukriolering"}}, {"type": "Feature", "id": 129, "geometry": {"type": "Point", "coordinates": [110617.94999999925, 456229.51999999955]}, "properties": {"Stelsel": "bg/bodegraven", "naam": "BG7793", "type": "http://data.gwsw.nl/1.4/totaal/Pompunit", "Begindatum": "1900-01-01", "Pompcapaciteit1": null, "Pompcapaciteit2": null, "OBJECTID": 129, "stelseltype": "http://data.gwsw.nl/1.4/totaal/Drukriolering"}}, {"type": "Feature", "id": 130, "geometry": {"type": "Point", "coordinates": [110414.7100000009, 456821.76000000164]}, "properties": {"Stelsel": "bg/bodegraven", "naam": "BG7795", "type": "http://data.gwsw.nl/1.4/totaal/Pompunit", "Begindatum": "1900-01-01", "Pompcapaciteit1": null, "Pompcapaciteit2": null, "OBJECTID": 130, "stelseltype": "http://data.gwsw.nl/1.4/totaal/Drukriolering"}}, {"type": "Feature", "id": 131, "geometry": {"type": "Point", "coordinates": [110544.72399999946, 454594.37000000104]}, "properties": {"Stelsel": "bg/bodegraven", "naam": "BG7796", "type": "http://data.gwsw.nl/1.4/totaal/Pompunit", "Begindatum": "1900-01-01", "Pompcapaciteit1": null, "Pompcapaciteit2": null, "OBJECTID": 131, "stelseltype": "http://data.gwsw.nl/1.4/totaal/Drukriolering"}}, {"type": "Feature", "id": 132, "geometry": {"type": "Point", "coordinates": [110525.26999999955, 456857.0799999982]}, "properties": {"Stelsel": "bg/bodegraven", "naam": "BG7797", "type": "http://data.gwsw.nl/1.4/totaal/Pompunit", "Begindatum": "1900-01-01", "Pompcapaciteit1": null, "Pompcapaciteit2": null, "OBJECTID": 132, "stelseltype": "http://data.gwsw.nl/1.4/totaal/Drukriolering"}}, {"type": "Feature", "id": 133, "geometry": {"type": "Point", "coordinates": [110663.7100000009, 456328.69999999925]}, "properties": {"Stelsel": "bg/bodegraven", "naam": "BG7798", "type": "http://data.gwsw.nl/1.4/totaal/Pompunit", "Begindatum": "1900-01-01", "Pompcapaciteit1": null, "Pompcapaciteit2": null, "OBJECTID": 133, "stelseltype": "http://data.gwsw.nl/1.4/totaal/Drukriolering"}}, {"type": "Feature", "id": 134, "geometry": {"type": "Point", "coordinates": [110717.28000000119, 456106.5799999982]}, "properties": {"Stelsel": "bg/bodegraven", "naam": "BG7803", "type": "http://data.gwsw.nl/1.4/totaal/Pompunit", "Begindatum": "1900-01-01", "Pompcapaciteit1": null, "Pompcapaciteit2": null, "OBJECTID": 134, "stelseltype": "http://data.gwsw.nl/1.4/totaal/Drukriolering"}}, {"type": "Feature", "id": 135, "geometry": {"type": "Point", "coordinates": [110704.80999999866, 456006.5]}, "properties": {"Stelsel": "bg/bodegraven", "naam": "BG7804", "type": "http://data.gwsw.nl/1.4/totaal/Pompunit", "Begindatum": "1900-01-01", "Pompcapaciteit1": null, "Pompcapaciteit2": null, "OBJECTID": 135, "stelseltype": "http://data.gwsw.nl/1.4/totaal/Drukriolering"}}, {"type": "Feature", "id": 136, "geometry": {"type": "Point", "coordinates": [110612.8900000006, 455521.9699999988]}, "properties": {"Stelsel": "bg/bodegraven", "naam": "BG7805", "type": "http://data.gwsw.nl/1.4/totaal/Pompunit", "Begindatum": "1900-01-01", "Pompcapaciteit1": null, "Pompcapaciteit2": null, "OBJECTID": 136, "stelseltype": "http://data.gwsw.nl/1.4/totaal/Drukriolering"}}, {"type": "Feature", "id": 137, "geometry": {"type": "Point", "coordinates": [111951.83100000024, 455059.85500000045]}, "properties": {"Stelsel": "bg/bodegraven", "naam": "BG7806", "type": "http://data.gwsw.nl/1.4/totaal/Pompunit", "Begindatum": "1900-01-01", "Pompcapaciteit1": null, "Pompcapaciteit2": null, "OBJECTID": 137, "stelseltype": "http://data.gwsw.nl/1.4/totaal/Drukriolering"}}, {"type": "Feature", "id": 138, "geometry": {"type": "Point", "coordinates": [110549.82800000161, 455921.9140000008]}, "properties": {"Stelsel": "bg/bodegraven", "naam": "BG7807", "type": "http://data.gwsw.nl/1.4/totaal/Pompunit", "Begindatum": "1900-01-01", "Pompcapaciteit1": null, "Pompcapaciteit2": null, "OBJECTID": 138, "stelseltype": "http://data.gwsw.nl/1.4/totaal/Drukriolering"}}, {"type": "Feature", "id": 139, "geometry": {"type": "Point", "coordinates": [110487.62999999896, 456128.4200000018]}, "properties": {"Stelsel": "bg/bodegraven", "naam": "BG7809", "type": "http://data.gwsw.nl/1.4/totaal/Pompunit", "Begindatum": "1900-01-01", "Pompcapaciteit1": null, "Pompcapaciteit2": null, "OBJECTID": 139, "stelseltype": "http://data.gwsw.nl/1.4/totaal/Drukriolering"}}, {"type": "Feature", "id": 140, "geometry": {"type": "Point", "coordinates": [110573, 455771.30000000075]}, "properties": {"Stelsel": "onbekend", "naam": "BG7810", "type": "http://data.gwsw.nl/1.4/totaal/Pompunit", "Begindatum": "1900-01-01", "Pompcapaciteit1": null, "Pompcapaciteit2": null, "OBJECTID": 140, "stelseltype": "http://data.gwsw.nl/1.4/totaal/Drukriolering"}}, {"type": "Feature", "id": 141, "geometry": {"type": "Point", "coordinates": [110675.92000000179, 455713.5]}, "properties": {"Stelsel": "bg/bodegraven", "naam": "BG7811", "type": "http://data.gwsw.nl/1.4/totaal/Pompunit", "Begindatum": "1900-01-01", "Pompcapaciteit1": null, "Pompcapaciteit2": null, "OBJECTID": 141, "stelseltype": "http://data.gwsw.nl/1.4/totaal/Drukriolering"}}, {"type": "Feature", "id": 142, "geometry": {"type": "Point", "coordinates": [110706.94000000134, 455739.51000000164]}, "properties": {"Stelsel": "bg/bodegraven", "naam": "BG7812", "type": "http://data.gwsw.nl/1.4/totaal/Pompunit", "Begindatum": "1900-01-01", "Pompcapaciteit1": null, "Pompcapaciteit2": null, "OBJECTID": 142, "stelseltype": "http://data.gwsw.nl/1.4/totaal/Drukriolering"}}, {"type": "Feature", "id": 143, "geometry": {"type": "Point", "coordinates": [110561.01999999955, 456472.55999999866]}, "properties": {"Stelsel": "bg/bodegraven", "naam": "BG7814", "type": "http://data.gwsw.nl/1.4/totaal/Pompunit", "Begindatum": "1900-01-01", "Pompcapaciteit1": null, "Pompcapaciteit2": null, "OBJECTID": 143, "stelseltype": "http://data.gwsw.nl/1.4/totaal/Drukriolering"}}, {"type": "Feature", "id": 144, "geometry": {"type": "Point", "coordinates": [110582.01999999955, 456617.69999999925]}, "properties": {"Stelsel": "bg/bodegraven", "naam": "BG7815", "type": "http://data.gwsw.nl/1.4/totaal/Pompunit", "Begindatum": "1900-01-01", "Pompcapaciteit1": null, "Pompcapaciteit2": null, "OBJECTID": 144, "stelseltype": "http://data.gwsw.nl/1.4/totaal/Drukriolering"}}, {"type": "Feature", "id": 145, "geometry": {"type": "Point", "coordinates": [111620.73999999836, 457687.0399999991]}, "properties": {"Stelsel": "bg/bodegraven", "naam": "BG7816", "type": "http://data.gwsw.nl/1.4/totaal/Pompunit", "Begindatum": "1900-01-01", "Pompcapaciteit1": null, "Pompcapaciteit2": null, "OBJECTID": 145, "stelseltype": "http://data.gwsw.nl/1.4/totaal/Drukriolering"}}, {"type": "Feature", "id": 146, "geometry": {"type": "Point", "coordinates": [113435.53799999878, 459001.68499999866]}, "properties": {"Stelsel": "bg/bodegraven", "naam": "BG7817", "type": "http://data.gwsw.nl/1.4/totaal/Pompunit", "Begindatum": "1900-01-01", "Pompcapaciteit1": null, "Pompcapaciteit2": null, "OBJECTID": 146, "stelseltype": "http://data.gwsw.nl/1.4/totaal/Drukriolering"}}, {"type": "Feature", "id": 147, "geometry": {"type": "Point", "coordinates": [113507.06899999827, 459321.6779999994]}, "properties": {"Stelsel": "bg/bodegraven", "naam": "BG7818", "type": "http://data.gwsw.nl/1.4/totaal/Pompunit", "Begindatum": "1900-01-01", "Pompcapaciteit1": null, "Pompcapaciteit2": null, "OBJECTID": 147, "stelseltype": "http://data.gwsw.nl/1.4/totaal/Drukriolering"}}, {"type": "Feature", "id": 148, "geometry": {"type": "Point", "coordinates": [113495.6090000011, 459331.9519999996]}, "properties": {"Stelsel": "bg/bodegraven", "naam": "BG7819", "type": "http://data.gwsw.nl/1.4/totaal/Pompunit", "Begindatum": "1900-01-01", "Pompcapaciteit1": null, "Pompcapaciteit2": null, "OBJECTID": 148, "stelseltype": "http://data.gwsw.nl/1.4/totaal/Drukriolering"}}, {"type": "Feature", "id": 149, "geometry": {"type": "Point", "coordinates": [114929.82999999821, 460432.30000000075]}, "properties": {"Stelsel": "bg/bodegraven", "naam": "BG7820", "type": "http://data.gwsw.nl/1.4/totaal/Pompunit", "Begindatum": "1900-01-01", "Pompcapaciteit1": null, "Pompcapaciteit2": null, "OBJECTID": 149, "stelseltype": "http://data.gwsw.nl/1.4/totaal/Drukriolering"}}, {"type": "Feature", "id": 150, "geometry": {"type": "Point", "coordinates": [115215.0700000003, 460158.6799999997]}, "properties": {"Stelsel": "bg/bodegraven", "naam": "BG7821", "type": "http://data.gwsw.nl/1.4/totaal/Pompunit", "Begindatum": "1900-01-01", "Pompcapaciteit1": null, "Pompcapaciteit2": null, "OBJECTID": 150, "stelseltype": "http://data.gwsw.nl/1.4/totaal/Drukriolering"}}, {"type": "Feature", "id": 151, "geometry": {"type": "Point", "coordinates": [115254.41000000015, 460123.94000000134]}, "properties": {"Stelsel": "bg/bodegraven", "naam": "BG7822", "type": "http://data.gwsw.nl/1.4/totaal/Pompunit", "Begindatum": "1900-01-01", "Pompcapaciteit1": null, "Pompcapaciteit2": null, "OBJECTID": 151, "stelseltype": "http://data.gwsw.nl/1.4/totaal/Drukriolering"}}, {"type": "Feature", "id": 152, "geometry": {"type": "Point", "coordinates": [115342.76999999955, 460311.8500000015]}, "properties": {"Stelsel": "bg/bodegraven", "naam": "BG7823", "type": "http://data.gwsw.nl/1.4/totaal/Pompunit", "Begindatum": "1900-01-01", "Pompcapaciteit1": null, "Pompcapaciteit2": null, "OBJECTID": 152, "stelseltype": "http://data.gwsw.nl/1.4/totaal/Drukriolering"}}, {"type": "Feature", "id": 153, "geometry": {"type": "Point", "coordinates": [115394.3599999994, 460511.48999999836]}, "properties": {"Stelsel": "bg/bodegraven", "naam": "BG7824", "type": "http://data.gwsw.nl/1.4/totaal/Pompunit", "Begindatum": "1900-01-01", "Pompcapaciteit1": null, "Pompcapaciteit2": null, "OBJECTID": 153, "stelseltype": "http://data.gwsw.nl/1.4/totaal/Drukriolering"}}, {"type": "Feature", "id": 154, "geometry": {"type": "Point", "coordinates": [112045.08399999887, 454837.26099999994]}, "properties": {"Stelsel": "bg/bodegraven", "naam": "BG7826", "type": "http://data.gwsw.nl/1.4/totaal/Pompunit", "Begindatum": "1900-01-01", "Pompcapaciteit1": null, "Pompcapaciteit2": null, "OBJECTID": 154, "stelseltype": "http://data.gwsw.nl/1.4/totaal/Drukriolering"}}, {"type": "Feature", "id": 155, "geometry": {"type": "Point", "coordinates": [112407.3599999994, 454727.94999999925]}, "properties": {"Stelsel": "bg/bodegraven", "naam": "BG7827", "type": "http://data.gwsw.nl/1.4/totaal/Pompunit", "Begindatum": "1900-01-01", "Pompcapaciteit1": null, "Pompcapaciteit2": null, "OBJECTID": 155, "stelseltype": "http://data.gwsw.nl/1.4/totaal/Drukriolering"}}, {"type": "Feature", "id": 156, "geometry": {"type": "Point", "coordinates": [110182.81500000134, 453807.1099999994]}, "properties": {"Stelsel": "bg/bodegraven", "naam": "BG7834", "type": "http://data.gwsw.nl/1.4/totaal/Pompunit", "Begindatum": "1900-01-01", "Pompcapaciteit1": null, "Pompcapaciteit2": null, "OBJECTID": 156, "stelseltype": "http://data.gwsw.nl/1.4/totaal/Drukriolering"}}, {"type": "Feature", "id": 157, "geometry": {"type": "Point", "coordinates": [111405.25, 455991.48999999836]}, "properties": {"Stelsel": "bg/bodegraven", "naam": "BG7836", "type": "http://data.gwsw.nl/1.4/totaal/Pompunit", "Begindatum": "1900-01-01", "Pompcapaciteit1": null, "Pompcapaciteit2": null, "OBJECTID": 157, "stelseltype": "http://data.gwsw.nl/1.4/totaal/Drukriolering"}}, {"type": "Feature", "id": 158, "geometry": {"type": "Point", "coordinates": [113717.23900000006, 459073.3260000013]}, "properties": {"Stelsel": "", "naam": "BG7883", "type": "http://data.gwsw.nl/1.4/totaal/Pompput", "Begindatum": "2019-01-01", "Pompcapaciteit1": 0, "Pompcapaciteit2": 0, "OBJECTID": 158, "stelseltype": ""}}, {"type": "Feature", "id": 159, "geometry": {"type": "Point", "coordinates": [110479.11300000176, 456204.5610000007]}, "properties": {"Stelsel": "bg/bodegraven", "naam": "BG7887", "type": "http://data.gwsw.nl/1.4/totaal/Pompunit", "Begindatum": "2017-01-01", "Pompcapaciteit1": null, "Pompcapaciteit2": null, "OBJECTID": 159, "stelseltype": "http://data.gwsw.nl/1.4/totaal/Drukriolering"}}, {"type": "Feature", "id": 160, "geometry": {"type": "Point", "coordinates": [112368.19000000134, 455090.05000000075]}, "properties": {"Stelsel": "ni/nieuwerbrug", "naam": "BG7901", "type": "http://data.gwsw.nl/1.4/totaal/Pompunit", "Begindatum": "1900-01-01", "Pompcapaciteit1": null, "Pompcapaciteit2": null, "OBJECTID": 160, "stelseltype": "http://data.gwsw.nl/1.4/totaal/Drukriolering"}}, {"type": "Feature", "id": 161, "geometry": {"type": "Point", "coordinates": [112465.42000000179, 454982.1099999994]}, "properties": {"Stelsel": "ni/nieuwerbrug", "naam": "BG7908", "type": "http://data.gwsw.nl/1.4/totaal/Pompunit", "Begindatum": "1900-01-01", "Pompcapaciteit1": null, "Pompcapaciteit2": null, "OBJECTID": 161, "stelseltype": "http://data.gwsw.nl/1.4/totaal/Drukriolering"}}, {"type": "Feature", "id": 162, "geometry": {"type": "Point", "coordinates": [112524.89999999851, 455014.83999999985]}, "properties": {"Stelsel": "ni/nieuwerbrug", "naam": "BG7910", "type": "http://data.gwsw.nl/1.4/totaal/Pompunit", "Begindatum": "1900-01-01", "Pompcapaciteit1": null, "Pompcapaciteit2": null, "OBJECTID": 162, "stelseltype": "http://data.gwsw.nl/1.4/totaal/Drukriolering"}}, {"type": "Feature", "id": 163, "geometry": {"type": "Point", "coordinates": [112513.64999999851, 454923.01000000164]}, "properties": {"Stelsel": "ni/nieuwerbrug", "naam": "BG7912", "type": "http://data.gwsw.nl/1.4/totaal/Pompunit", "Begindatum": "1900-01-01", "Pompcapaciteit1": null, "Pompcapaciteit2": null, "OBJECTID": 163, "stelseltype": "http://data.gwsw.nl/1.4/totaal/Drukriolering"}}, {"type": "Feature", "id": 164, "geometry": {"type": "Point", "coordinates": [112625.66000000015, 454973.5]}, "properties": {"Stelsel": "ni/nieuwerbrug", "naam": "BG7914", "type": "http://data.gwsw.nl/1.4/totaal/Pompunit", "Begindatum": "1900-01-01", "Pompcapaciteit1": null, "Pompcapaciteit2": null, "OBJECTID": 164, "stelseltype": "http://data.gwsw.nl/1.4/totaal/Drukriolering"}}, {"type": "Feature", "id": 165, "geometry": {"type": "Point", "coordinates": [112660.73000000045, 454952.76999999955]}, "properties": {"Stelsel": "ni/nieuwerbrug", "naam": "BG7916", "type": "http://data.gwsw.nl/1.4/totaal/Pompunit", "Begindatum": "1900-01-01", "Pompcapaciteit1": null, "Pompcapaciteit2": null, "OBJECTID": 165, "stelseltype": "http://data.gwsw.nl/1.4/totaal/Drukriolering"}}, {"type": "Feature", "id": 166, "geometry": {"type": "Point", "coordinates": [112725.5700000003, 455014.5300000012]}, "properties": {"Stelsel": "ni/nieuwerbrug", "naam": "BG7918", "type": "http://data.gwsw.nl/1.4/totaal/Pompunit", "Begindatum": "1900-01-01", "Pompcapaciteit1": null, "Pompcapaciteit2": null, "OBJECTID": 166, "stelseltype": "http://data.gwsw.nl/1.4/totaal/Drukriolering"}}, {"type": "Feature", "id": 167, "geometry": {"type": "Point", "coordinates": [112732.6099999994, 454965.7800000012]}, "properties": {"Stelsel": "ni/nieuwerbrug", "naam": "BG7920", "type": "http://data.gwsw.nl/1.4/totaal/Pompunit", "Begindatum": "1900-01-01", "Pompcapaciteit1": null, "Pompcapaciteit2": null, "OBJECTID": 167, "stelseltype": "http://data.gwsw.nl/1.4/totaal/Drukriolering"}}, {"type": "Feature", "id": 168, "geometry": {"type": "Point", "coordinates": [112803.1400000006, 455030.12999999896]}, "properties": {"Stelsel": "ni/nieuwerbrug", "naam": "BG7922", "type": "http://data.gwsw.nl/1.4/totaal/Pompunit", "Begindatum": "1900-01-01", "Pompcapaciteit1": null, "Pompcapaciteit2": null, "OBJECTID": 168, "stelseltype": "http://data.gwsw.nl/1.4/totaal/Drukriolering"}}, {"type": "Feature", "id": 169, "geometry": {"type": "Point", "coordinates": [112827.44999999925, 454987.1400000006]}, "properties": {"Stelsel": "ni/nieuwerbrug", "naam": "BG7924", "type": "http://data.gwsw.nl/1.4/totaal/Pompunit", "Begindatum": "1900-01-01", "Pompcapaciteit1": null, "Pompcapaciteit2": null, "OBJECTID": 169, "stelseltype": "http://data.gwsw.nl/1.4/totaal/Drukriolering"}}, {"type": "Feature", "id": 170, "geometry": {"type": "Point", "coordinates": [113039.69000000134, 455131.2100000009]}, "properties": {"Stelsel": "ni/nieuwerbrug", "naam": "BG7932", "type": "http://data.gwsw.nl/1.4/totaal/Pompunit", "Begindatum": "1900-01-01", "Pompcapaciteit1": null, "Pompcapaciteit2": null, "OBJECTID": 170, "stelseltype": "http://data.gwsw.nl/1.4/totaal/Drukriolering"}}, {"type": "Feature", "id": 171, "geometry": {"type": "Point", "coordinates": [113276.58999999985, 455072.7899999991]}, "properties": {"Stelsel": "ni/nieuwerbrug", "naam": "BG7938", "type": "http://data.gwsw.nl/1.4/totaal/Pompunit", "Begindatum": "1900-01-01", "Pompcapaciteit1": null, "Pompcapaciteit2": null, "OBJECTID": 171, "stelseltype": "http://data.gwsw.nl/1.4/totaal/Drukriolering"}}, {"type": "Feature", "id": 172, "geometry": {"type": "Point", "coordinates": [113290.51999999955, 455152.9699999988]}, "properties": {"Stelsel": "ni/nieuwerbrug", "naam": "BG7942", "type": "http://data.gwsw.nl/1.4/totaal/Pompunit", "Begindatum": "1900-01-01", "Pompcapaciteit1": null, "Pompcapaciteit2": null, "OBJECTID": 172, "stelseltype": "http://data.gwsw.nl/1.4/totaal/Drukriolering"}}, {"type": "Feature", "id": 173, "geometry": {"type": "Point", "coordinates": [113510.64999999851, 455197.8299999982]}, "properties": {"Stelsel": "ni/nieuwerbrug", "naam": "BG7948", "type": "http://data.gwsw.nl/1.4/totaal/Pompunit", "Begindatum": "1900-01-01", "Pompcapaciteit1": null, "Pompcapaciteit2": null, "OBJECTID": 173, "stelseltype": "http://data.gwsw.nl/1.4/totaal/Drukriolering"}}, {"type": "Feature", "id": 174, "geometry": {"type": "Point", "coordinates": [113683.42000000179, 455321.51000000164]}, "properties": {"Stelsel": "ni/nieuwerbrug", "naam": "BG7954", "type": "http://data.gwsw.nl/1.4/totaal/Pompunit", "Begindatum": "1900-01-01", "Pompcapaciteit1": null, "Pompcapaciteit2": null, "OBJECTID": 174, "stelseltype": "http://data.gwsw.nl/1.4/totaal/Drukriolering"}}, {"type": "Feature", "id": 175, "geometry": {"type": "Point", "coordinates": [113873.26000000164, 455329.7199999988]}, "properties": {"Stelsel": "ni/nieuwerbrug", "naam": "BG7960", "type": "http://data.gwsw.nl/1.4/totaal/Pompunit", "Begindatum": "1900-01-01", "Pompcapaciteit1": null, "Pompcapaciteit2": null, "OBJECTID": 175, "stelseltype": "http://data.gwsw.nl/1.4/totaal/Drukriolering"}}, {"type": "Feature", "id": 176, "geometry": {"type": "Point", "coordinates": [113974.08999999985, 455380.01000000164]}, "properties": {"Stelsel": "ni/nieuwerbrug", "naam": "BG7964", "type": "http://data.gwsw.nl/1.4/totaal/Pompunit", "Begindatum": "1900-01-01", "Pompcapaciteit1": null, "Pompcapaciteit2": null, "OBJECTID": 176, "stelseltype": "http://data.gwsw.nl/1.4/totaal/Drukriolering"}}, {"type": "Feature", "id": 177, "geometry": {"type": "Point", "coordinates": [115394.25, 448992.48000000045]}, "properties": {"Stelsel": "dr/driebruggen", "naam": "DR7002", "type": "http://data.gwsw.nl/1.4/totaal/Pompunit", "Begindatum": "1989-01-01", "Pompcapaciteit1": null, "Pompcapaciteit2": null, "OBJECTID": 177, "stelseltype": "http://data.gwsw.nl/1.4/totaal/Drukriolering"}}, {"type": "Feature", "id": 178, "geometry": {"type": "Point", "coordinates": [115250.89999999851, 448913.08999999985]}, "properties": {"Stelsel": "dr/driebruggen", "naam": "DR7004", "type": "http://data.gwsw.nl/1.4/totaal/Pompunit", "Begindatum": "1989-01-01", "Pompcapaciteit1": null, "Pompcapaciteit2": null, "OBJECTID": 178, "stelseltype": "http://data.gwsw.nl/1.4/totaal/Vuilwaterstelsel"}}, {"type": "Feature", "id": 179, "geometry": {"type": "Point", "coordinates": [109428.36499999836, 451767.9539999999]}, "properties": {"Stelsel": "", "naam": "RB2387", "type": "http://data.gwsw.nl/1.4/totaal/Pompunit", "Begindatum": "2000-01-01", "Pompcapaciteit1": null, "Pompcapaciteit2": null, "OBJECTID": 179, "stelseltype": ""}}, {"type": "Feature", "id": 180, "geometry": {"type": "Point", "coordinates": [109426.19200000167, 451612.9530000016]}, "properties": {"Stelsel": "", "naam": "RB2388", "type": "http://data.gwsw.nl/1.4/totaal/Pompunit", "Begindatum": "2000-01-01", "Pompcapaciteit1": null, "Pompcapaciteit2": null, "OBJECTID": 180, "stelseltype": ""}}, {"type": "Feature", "id": 181, "geometry": {"type": "Point", "coordinates": [110314.47100000083, 450564.55700000003]}, "properties": {"Stelsel": "rb/reeuwijk brug", "naam": "RB7008", "type": "http://data.gwsw.nl/1.4/totaal/Pompunit", "Begindatum": "1900-01-01", "Pompcapaciteit1": null, "Pompcapaciteit2": null, "OBJECTID": 181, "stelseltype": "http://data.gwsw.nl/1.4/totaal/Drukriolering"}}, {"type": "Feature", "id": 182, "geometry": {"type": "Point", "coordinates": [110444.38399999961, 450458.4679999985]}, "properties": {"Stelsel": "rb/reeuwijk brug", "naam": "RB7012", "type": "http://data.gwsw.nl/1.4/totaal/Pompunit", "Begindatum": "1965-01-01", "Pompcapaciteit1": null, "Pompcapaciteit2": null, "OBJECTID": 182, "stelseltype": "http://data.gwsw.nl/1.4/totaal/Drukriolering"}}, {"type": "Feature", "id": 183, "geometry": {"type": "Point", "coordinates": [110472.70100000128, 450433.70699999854]}, "properties": {"Stelsel": "rb/reeuwijk brug", "naam": "RB7013", "type": "http://data.gwsw.nl/1.4/totaal/Pompunit", "Begindatum": "1965-01-01", "Pompcapaciteit1": null, "Pompcapaciteit2": null, "OBJECTID": 183, "stelseltype": "http://data.gwsw.nl/1.4/totaal/Drukriolering"}}, {"type": "Feature", "id": 184, "geometry": {"type": "Point", "coordinates": [110495.82999999821, 450418.37000000104]}, "properties": {"Stelsel": "rb/reeuwijk brug", "naam": "RB7015", "type": "http://data.gwsw.nl/1.4/totaal/Pompunit", "Begindatum": "1900-01-01", "Pompcapaciteit1": null, "Pompcapaciteit2": null, "OBJECTID": 184, "stelseltype": "http://data.gwsw.nl/1.4/totaal/Drukriolering"}}, {"type": "Feature", "id": 185, "geometry": {"type": "Point", "coordinates": [110210.23999999836, 450647.2800000012]}, "properties": {"Stelsel": "rb/reeuwijk brug", "naam": "RB7024", "type": "http://data.gwsw.nl/1.4/totaal/Pompunit", "Begindatum": "1900-01-01", "Pompcapaciteit1": null, "Pompcapaciteit2": null, "OBJECTID": 185, "stelseltype": "http://data.gwsw.nl/1.4/totaal/Vuilwaterstelsel"}}, {"type": "Feature", "id": 186, "geometry": {"type": "Point", "coordinates": [110397.03400000185, 450496.9829999991]}, "properties": {"Stelsel": "rb/reeuwijk brug", "naam": "RB7026", "type": "http://data.gwsw.nl/1.4/totaal/Pompunit", "Begindatum": "1900-01-01", "Pompcapaciteit1": null, "Pompcapaciteit2": null, "OBJECTID": 186, "stelseltype": "http://data.gwsw.nl/1.4/totaal/Vuilwaterstelsel"}}, {"type": "Feature", "id": 187, "geometry": {"type": "Point", "coordinates": [110580.10399999842, 450355.33300000057]}, "properties": {"Stelsel": "rb/reeuwijk brug", "naam": "RB7029", "type": "http://data.gwsw.nl/1.4/totaal/Pompunit", "Begindatum": "1900-01-01", "Pompcapaciteit1": null, "Pompcapaciteit2": null, "OBJECTID": 187, "stelseltype": "http://data.gwsw.nl/1.4/totaal/Drukriolering"}}, {"type": "Feature", "id": 188, "geometry": {"type": "Point", "coordinates": [110044.14999999851, 451628.98000000045]}, "properties": {"Stelsel": "rb/reeuwijk brug", "naam": "RB7039", "type": "http://data.gwsw.nl/1.4/totaal/Pompunit", "Begindatum": "1990-01-01", "Pompcapaciteit1": null, "Pompcapaciteit2": null, "OBJECTID": 188, "stelseltype": "http://data.gwsw.nl/1.4/totaal/Drukriolering"}}, {"type": "Feature", "id": 189, "geometry": {"type": "Point", "coordinates": [110044.42000000179, 451630]}, "properties": {"Stelsel": "rb/reeuwijk brug", "naam": "RB7040", "type": "http://data.gwsw.nl/1.4/totaal/Pompunit", "Begindatum": "1990-01-01", "Pompcapaciteit1": null, "Pompcapaciteit2": null, "OBJECTID": 189, "stelseltype": "http://data.gwsw.nl/1.4/totaal/Drukriolering"}}, {"type": "Feature", "id": 190, "geometry": {"type": "Point", "coordinates": [109932.23999999836, 451825.2100000009]}, "properties": {"Stelsel": "rb/reeuwijk brug", "naam": "RB7049", "type": "http://data.gwsw.nl/1.4/totaal/Pompunit", "Begindatum": "1996-01-01", "Pompcapaciteit1": null, "Pompcapaciteit2": null, "OBJECTID": 190, "stelseltype": "http://data.gwsw.nl/1.4/totaal/Drukriolering"}}, {"type": "Feature", "id": 191, "geometry": {"type": "Point", "coordinates": [109998.14999999851, 451806.69999999925]}, "properties": {"Stelsel": "rb/reeuwijk brug", "naam": "RB7050", "type": "http://data.gwsw.nl/1.4/totaal/Pompunit", "Begindatum": "1996-01-01", "Pompcapaciteit1": null, "Pompcapaciteit2": null, "OBJECTID": 191, "stelseltype": "http://data.gwsw.nl/1.4/totaal/Drukriolering"}}, {"type": "Feature", "id": 192, "geometry": {"type": "Point", "coordinates": [110057.2899999991, 451786.7100000009]}, "properties": {"Stelsel": "rb/reeuwijk brug", "naam": "RB7051", "type": "http://data.gwsw.nl/1.4/totaal/Pompunit", "Begindatum": "1993-01-01", "Pompcapaciteit1": null, "Pompcapaciteit2": null, "OBJECTID": 192, "stelseltype": "http://data.gwsw.nl/1.4/totaal/Drukriolering"}}, {"type": "Feature", "id": 193, "geometry": {"type": "Point", "coordinates": [110092.94000000134, 451776.8500000015]}, "properties": {"Stelsel": "rb/reeuwijk brug", "naam": "RB7052", "type": "http://data.gwsw.nl/1.4/totaal/Pompunit", "Begindatum": "1993-01-01", "Pompcapaciteit1": null, "Pompcapaciteit2": null, "OBJECTID": 193, "stelseltype": "http://data.gwsw.nl/1.4/totaal/Drukriolering"}}, {"type": "Feature", "id": 194, "geometry": {"type": "Point", "coordinates": [110115.7100000009, 451770.87999999896]}, "properties": {"Stelsel": "rb/reeuwijk brug", "naam": "RB7053", "type": "http://data.gwsw.nl/1.4/totaal/Pompunit", "Begindatum": "1993-01-01", "Pompcapaciteit1": null, "Pompcapaciteit2": null, "OBJECTID": 194, "stelseltype": "http://data.gwsw.nl/1.4/totaal/Drukriolering"}}, {"type": "Feature", "id": 195, "geometry": {"type": "Point", "coordinates": [109741.53000000119, 451975.75]}, "properties": {"Stelsel": "rb/reeuwijk brug", "naam": "RB7054", "type": "http://data.gwsw.nl/1.4/totaal/Pompunit", "Begindatum": "1996-01-01", "Pompcapaciteit1": null, "Pompcapaciteit2": null, "OBJECTID": 195, "stelseltype": "http://data.gwsw.nl/1.4/totaal/Drukriolering"}}, {"type": "Feature", "id": 196, "geometry": {"type": "Point", "coordinates": [109815.23000000045, 451859.6400000006]}, "properties": {"Stelsel": "rb/reeuwijk brug", "naam": "RB7059", "type": "http://data.gwsw.nl/1.4/totaal/Pompunit", "Begindatum": "1996-01-01", "Pompcapaciteit1": null, "Pompcapaciteit2": null, "OBJECTID": 196, "stelseltype": "http://data.gwsw.nl/1.4/totaal/Drukriolering"}}, {"type": "Feature", "id": 197, "geometry": {"type": "Point", "coordinates": [109845.7100000009, 451920.0399999991]}, "properties": {"Stelsel": "rb/reeuwijk brug", "naam": "RB7060", "type": "http://data.gwsw.nl/1.4/totaal/Pompunit", "Begindatum": "1996-01-01", "Pompcapaciteit1": null, "Pompcapaciteit2": null, "OBJECTID": 197, "stelseltype": "http://data.gwsw.nl/1.4/totaal/Drukriolering"}}, {"type": "Feature", "id": 198, "geometry": {"type": "Point", "coordinates": [109829.8200000003, 451849.01000000164]}, "properties": {"Stelsel": "rb/reeuwijk brug", "naam": "RB7062", "type": "http://data.gwsw.nl/1.4/totaal/Pompunit", "Begindatum": "1900-01-01", "Pompcapaciteit1": null, "Pompcapaciteit2": null, "OBJECTID": 198, "stelseltype": "http://data.gwsw.nl/1.4/totaal/Drukriolering"}}, {"type": "Feature", "id": 199, "geometry": {"type": "Point", "coordinates": [109861.44000000134, 451833.2100000009]}, "properties": {"Stelsel": "rb/reeuwijk brug", "naam": "RB7064", "type": "http://data.gwsw.nl/1.4/totaal/Pompunit", "Begindatum": "1996-01-01", "Pompcapaciteit1": null, "Pompcapaciteit2": null, "OBJECTID": 199, "stelseltype": "http://data.gwsw.nl/1.4/totaal/Drukriolering"}}, {"type": "Feature", "id": 200, "geometry": {"type": "Point", "coordinates": [109888.4600000009, 451874.1099999994]}, "properties": {"Stelsel": "rb/reeuwijk brug", "naam": "RB7066", "type": "http://data.gwsw.nl/1.4/totaal/Pompunit", "Begindatum": "1996-01-01", "Pompcapaciteit1": null, "Pompcapaciteit2": null, "OBJECTID": 200, "stelseltype": "http://data.gwsw.nl/1.4/totaal/Drukriolering"}}, {"type": "Feature", "id": 201, "geometry": {"type": "Point", "coordinates": [109930.39999999851, 451873.55999999866]}, "properties": {"Stelsel": "rb/reeuwijk brug", "naam": "RB7068", "type": "http://data.gwsw.nl/1.4/totaal/Pompunit", "Begindatum": "1996-01-01", "Pompcapaciteit1": null, "Pompcapaciteit2": null, "OBJECTID": 201, "stelseltype": "http://data.gwsw.nl/1.4/totaal/Drukriolering"}}, {"type": "Feature", "id": 202, "geometry": {"type": "Point", "coordinates": [110019.69999999925, 451795.05000000075]}, "properties": {"Stelsel": "rb/reeuwijk brug", "naam": "RB7072", "type": "http://data.gwsw.nl/1.4/totaal/Pompunit", "Begindatum": "1993-01-01", "Pompcapaciteit1": null, "Pompcapaciteit2": null, "OBJECTID": 202, "stelseltype": "http://data.gwsw.nl/1.4/totaal/Drukriolering"}}, {"type": "Feature", "id": 203, "geometry": {"type": "Point", "coordinates": [110475.01000000164, 451751.26999999955]}, "properties": {"Stelsel": "rb/reeuwijk brug", "naam": "RB7077", "type": "http://data.gwsw.nl/1.4/totaal/Pompunit", "Begindatum": "1998-01-01", "Pompcapaciteit1": null, "Pompcapaciteit2": null, "OBJECTID": 203, "stelseltype": "http://data.gwsw.nl/1.4/totaal/Drukriolering"}}, {"type": "Feature", "id": 204, "geometry": {"type": "Point", "coordinates": [110487.39999999851, 451724.6099999994]}, "properties": {"Stelsel": "rb/reeuwijk brug", "naam": "RB7083", "type": "http://data.gwsw.nl/1.4/totaal/Pompunit", "Begindatum": "1998-01-01", "Pompcapaciteit1": null, "Pompcapaciteit2": null, "OBJECTID": 204, "stelseltype": "http://data.gwsw.nl/1.4/totaal/Drukriolering"}}, {"type": "Feature", "id": 205, "geometry": {"type": "Point", "coordinates": [110579.9299999997, 451705.1499999985]}, "properties": {"Stelsel": "rb/reeuwijk brug", "naam": "RB7087", "type": "http://data.gwsw.nl/1.4/totaal/Pompunit", "Begindatum": "1998-01-01", "Pompcapaciteit1": null, "Pompcapaciteit2": null, "OBJECTID": 205, "stelseltype": "http://data.gwsw.nl/1.4/totaal/Drukriolering"}}, {"type": "Feature", "id": 206, "geometry": {"type": "Point", "coordinates": [110687.30000000075, 451671.05000000075]}, "properties": {"Stelsel": "rb/reeuwijk brug", "naam": "RB7090", "type": "http://data.gwsw.nl/1.4/totaal/Pompunit", "Begindatum": "1997-01-01", "Pompcapaciteit1": null, "Pompcapaciteit2": null, "OBJECTID": 206, "stelseltype": "http://data.gwsw.nl/1.4/totaal/Drukriolering"}}, {"type": "Feature", "id": 207, "geometry": {"type": "Point", "coordinates": [110740.92000000179, 451635.44000000134]}, "properties": {"Stelsel": "rb/reeuwijk brug", "naam": "RB7094", "type": "http://data.gwsw.nl/1.4/totaal/Pompunit", "Begindatum": "1997-01-01", "Pompcapaciteit1": null, "Pompcapaciteit2": null, "OBJECTID": 207, "stelseltype": "http://data.gwsw.nl/1.4/totaal/Drukriolering"}}, {"type": "Feature", "id": 208, "geometry": {"type": "Point", "coordinates": [110780.9600000009, 451623.3500000015]}, "properties": {"Stelsel": "rb/reeuwijk brug", "naam": "RB7096", "type": "http://data.gwsw.nl/1.4/totaal/Pompunit", "Begindatum": "1997-01-01", "Pompcapaciteit1": null, "Pompcapaciteit2": null, "OBJECTID": 208, "stelseltype": "http://data.gwsw.nl/1.4/totaal/Drukriolering"}}, {"type": "Feature", "id": 209, "geometry": {"type": "Point", "coordinates": [110855.69000000134, 451595.48000000045]}, "properties": {"Stelsel": "rb/reeuwijk brug", "naam": "RB7098", "type": "http://data.gwsw.nl/1.4/totaal/Pompunit", "Begindatum": "1997-01-01", "Pompcapaciteit1": null, "Pompcapaciteit2": null, "OBJECTID": 209, "stelseltype": "http://data.gwsw.nl/1.4/totaal/Drukriolering"}}, {"type": "Feature", "id": 210, "geometry": {"type": "Point", "coordinates": [110986.9600000009, 451558.4299999997]}, "properties": {"Stelsel": "rb/reeuwijk brug", "naam": "RB7100", "type": "http://data.gwsw.nl/1.4/totaal/Pompunit", "Begindatum": "1997-01-01", "Pompcapaciteit1": null, "Pompcapaciteit2": null, "OBJECTID": 210, "stelseltype": "http://data.gwsw.nl/1.4/totaal/Drukriolering"}}, {"type": "Feature", "id": 211, "geometry": {"type": "Point", "coordinates": [111211.5399999991, 451414.3299999982]}, "properties": {"Stelsel": "rb/reeuwijk brug", "naam": "RB7102", "type": "http://data.gwsw.nl/1.4/totaal/Pompunit", "Begindatum": "1997-01-01", "Pompcapaciteit1": null, "Pompcapaciteit2": null, "OBJECTID": 211, "stelseltype": "http://data.gwsw.nl/1.4/totaal/Drukriolering"}}, {"type": "Feature", "id": 212, "geometry": {"type": "Point", "coordinates": [111238.28000000119, 451407.87999999896]}, "properties": {"Stelsel": "rb/reeuwijk brug", "naam": "RB7104", "type": "http://data.gwsw.nl/1.4/totaal/Pompunit", "Begindatum": "1997-01-01", "Pompcapaciteit1": null, "Pompcapaciteit2": null, "OBJECTID": 212, "stelseltype": "http://data.gwsw.nl/1.4/totaal/Drukriolering"}}, {"type": "Feature", "id": 213, "geometry": {"type": "Point", "coordinates": [111255.07999999821, 451366.7800000012]}, "properties": {"Stelsel": "rb/reeuwijk brug", "naam": "RB7106", "type": "http://data.gwsw.nl/1.4/totaal/Pompunit", "Begindatum": "1997-01-01", "Pompcapaciteit1": null, "Pompcapaciteit2": null, "OBJECTID": 213, "stelseltype": "http://data.gwsw.nl/1.4/totaal/Drukriolering"}}, {"type": "Feature", "id": 214, "geometry": {"type": "Point", "coordinates": [111277.03000000119, 451368.5300000012]}, "properties": {"Stelsel": "rb/reeuwijk brug", "naam": "RB7108", "type": "http://data.gwsw.nl/1.4/totaal/Pompunit", "Begindatum": "1997-01-01", "Pompcapaciteit1": null, "Pompcapaciteit2": null, "OBJECTID": 214, "stelseltype": "http://data.gwsw.nl/1.4/totaal/Drukriolering"}}, {"type": "Feature", "id": 215, "geometry": {"type": "Point", "coordinates": [111122.55000000075, 451498.9699999988]}, "properties": {"Stelsel": "rb/reeuwijk brug", "naam": "RB7112", "type": "http://data.gwsw.nl/1.4/totaal/Pompunit", "Begindatum": "2008-01-01", "Pompcapaciteit1": null, "Pompcapaciteit2": null, "OBJECTID": 215, "stelseltype": "http://data.gwsw.nl/1.4/totaal/Drukriolering"}}, {"type": "Feature", "id": 216, "geometry": {"type": "Point", "coordinates": [111072.3599999994, 451532.1700000018]}, "properties": {"Stelsel": "rb/reeuwijk brug", "naam": "RB7113", "type": "http://data.gwsw.nl/1.4/totaal/Pompunit", "Begindatum": "1997-01-01", "Pompcapaciteit1": null, "Pompcapaciteit2": null, "OBJECTID": 216, "stelseltype": "http://data.gwsw.nl/1.4/totaal/Drukriolering"}}, {"type": "Feature", "id": 217, "geometry": {"type": "Point", "coordinates": [111454.87999999896, 450938.3200000003]}, "properties": {"Stelsel": "rb/reeuwijk brug", "naam": "RB7116", "type": "http://data.gwsw.nl/1.4/totaal/Pompunit", "Begindatum": "1997-01-01", "Pompcapaciteit1": null, "Pompcapaciteit2": null, "OBJECTID": 217, "stelseltype": "http://data.gwsw.nl/1.4/totaal/Drukriolering"}}, {"type": "Feature", "id": 218, "geometry": {"type": "Point", "coordinates": [111458.07999999821, 451218.26000000164]}, "properties": {"Stelsel": "rb/reeuwijk brug", "naam": "RB7120", "type": "http://data.gwsw.nl/1.4/totaal/Pompunit", "Begindatum": "1997-01-01", "Pompcapaciteit1": null, "Pompcapaciteit2": null, "OBJECTID": 218, "stelseltype": "http://data.gwsw.nl/1.4/totaal/Drukriolering"}}, {"type": "Feature", "id": 219, "geometry": {"type": "Point", "coordinates": [111434.6400000006, 451240.16000000015]}, "properties": {"Stelsel": "rb/reeuwijk brug", "naam": "RB7122", "type": "http://data.gwsw.nl/1.4/totaal/Pompunit", "Begindatum": "1997-01-01", "Pompcapaciteit1": null, "Pompcapaciteit2": null, "OBJECTID": 219, "stelseltype": "http://data.gwsw.nl/1.4/totaal/Drukriolering"}}, {"type": "Feature", "id": 220, "geometry": {"type": "Point", "coordinates": [111416.98999999836, 451242.6099999994]}, "properties": {"Stelsel": "rb/reeuwijk brug", "naam": "RB7124", "type": "http://data.gwsw.nl/1.4/totaal/Pompunit", "Begindatum": "1997-01-01", "Pompcapaciteit1": null, "Pompcapaciteit2": null, "OBJECTID": 220, "stelseltype": "http://data.gwsw.nl/1.4/totaal/Drukriolering"}}, {"type": "Feature", "id": 221, "geometry": {"type": "Point", "coordinates": [111667.7100000009, 450020.94999999925]}, "properties": {"Stelsel": "rb/reeuwijk brug", "naam": "RB7127", "type": "http://data.gwsw.nl/1.4/totaal/Pompunit", "Begindatum": "1998-01-01", "Pompcapaciteit1": null, "Pompcapaciteit2": null, "OBJECTID": 221, "stelseltype": "http://data.gwsw.nl/1.4/totaal/Drukriolering"}}, {"type": "Feature", "id": 222, "geometry": {"type": "Point", "coordinates": [111697.53000000119, 450050.5]}, "properties": {"Stelsel": "rb/reeuwijk brug", "naam": "RB7130", "type": "http://data.gwsw.nl/1.4/totaal/Pompunit", "Begindatum": "1998-01-01", "Pompcapaciteit1": null, "Pompcapaciteit2": null, "OBJECTID": 222, "stelseltype": "http://data.gwsw.nl/1.4/totaal/Drukriolering"}}, {"type": "Feature", "id": 223, "geometry": {"type": "Point", "coordinates": [111734.9299999997, 450172.7199999988]}, "properties": {"Stelsel": "rb/reeuwijk brug", "naam": "RB7133", "type": "http://data.gwsw.nl/1.4/totaal/Pompunit", "Begindatum": "1998-01-01", "Pompcapaciteit1": null, "Pompcapaciteit2": null, "OBJECTID": 223, "stelseltype": "http://data.gwsw.nl/1.4/totaal/Drukriolering"}}, {"type": "Feature", "id": 224, "geometry": {"type": "Point", "coordinates": [111822.35000000149, 450230.4299999997]}, "properties": {"Stelsel": "rb/reeuwijk brug", "naam": "RB7135", "type": "http://data.gwsw.nl/1.4/totaal/Pompunit", "Begindatum": "1998-01-01", "Pompcapaciteit1": null, "Pompcapaciteit2": null, "OBJECTID": 224, "stelseltype": "http://data.gwsw.nl/1.4/totaal/Drukriolering"}}, {"type": "Feature", "id": 225, "geometry": {"type": "Point", "coordinates": [111868.16000000015, 450251.4299999997]}, "properties": {"Stelsel": "rb/reeuwijk brug", "naam": "RB7137", "type": "http://data.gwsw.nl/1.4/totaal/Pompunit", "Begindatum": "1998-01-01", "Pompcapaciteit1": null, "Pompcapaciteit2": null, "OBJECTID": 225, "stelseltype": "http://data.gwsw.nl/1.4/totaal/Drukriolering"}}, {"type": "Feature", "id": 226, "geometry": {"type": "Point", "coordinates": [111906.57999999821, 450299.87000000104]}, "properties": {"Stelsel": "rb/reeuwijk brug", "naam": "RB7139", "type": "http://data.gwsw.nl/1.4/totaal/Pompunit", "Begindatum": "1998-01-01", "Pompcapaciteit1": null, "Pompcapaciteit2": null, "OBJECTID": 226, "stelseltype": "http://data.gwsw.nl/1.4/totaal/Drukriolering"}}, {"type": "Feature", "id": 227, "geometry": {"type": "Point", "coordinates": [111912.1099999994, 450354.66000000015]}, "properties": {"Stelsel": "rb/reeuwijk brug", "naam": "RB7141", "type": "http://data.gwsw.nl/1.4/totaal/Pompunit", "Begindatum": "1998-01-01", "Pompcapaciteit1": null, "Pompcapaciteit2": null, "OBJECTID": 227, "stelseltype": "http://data.gwsw.nl/1.4/totaal/Drukriolering"}}, {"type": "Feature", "id": 228, "geometry": {"type": "Point", "coordinates": [111921.87000000104, 450382.6099999994]}, "properties": {"Stelsel": "rb/reeuwijk brug", "naam": "RB7143", "type": "http://data.gwsw.nl/1.4/totaal/Pompunit", "Begindatum": "1998-01-01", "Pompcapaciteit1": null, "Pompcapaciteit2": null, "OBJECTID": 228, "stelseltype": "http://data.gwsw.nl/1.4/totaal/Drukriolering"}}, {"type": "Feature", "id": 229, "geometry": {"type": "Point", "coordinates": [111983.35000000149, 450623.0300000012]}, "properties": {"Stelsel": "rb/reeuwijk brug", "naam": "RB7146", "type": "http://data.gwsw.nl/1.4/totaal/Pompunit", "Begindatum": "1998-01-01", "Pompcapaciteit1": null, "Pompcapaciteit2": null, "OBJECTID": 229, "stelseltype": "http://data.gwsw.nl/1.4/totaal/Drukriolering"}}, {"type": "Feature", "id": 230, "geometry": {"type": "Point", "coordinates": [112029.98000000045, 450733.0700000003]}, "properties": {"Stelsel": "rb/reeuwijk brug", "naam": "RB7147", "type": "http://data.gwsw.nl/1.4/totaal/Pompunit", "Begindatum": "1998-01-01", "Pompcapaciteit1": null, "Pompcapaciteit2": null, "OBJECTID": 230, "stelseltype": "http://data.gwsw.nl/1.4/totaal/Drukriolering"}}, {"type": "Feature", "id": 231, "geometry": {"type": "Point", "coordinates": [111109.1099999994, 449667.23999999836]}, "properties": {"Stelsel": "rb/reeuwijk brug", "naam": "RB7150", "type": "http://data.gwsw.nl/1.4/totaal/Pompunit", "Begindatum": "1995-01-01", "Pompcapaciteit1": null, "Pompcapaciteit2": null, "OBJECTID": 231, "stelseltype": "http://data.gwsw.nl/1.4/totaal/Drukriolering"}}, {"type": "Feature", "id": 232, "geometry": {"type": "Point", "coordinates": [111128.14999999851, 449730.48999999836]}, "properties": {"Stelsel": "rb/reeuwijk brug", "naam": "RB7152", "type": "http://data.gwsw.nl/1.4/totaal/Pompunit", "Begindatum": "1995-01-01", "Pompcapaciteit1": null, "Pompcapaciteit2": null, "OBJECTID": 232, "stelseltype": "http://data.gwsw.nl/1.4/totaal/Vuilwaterstelsel"}}, {"type": "Feature", "id": 233, "geometry": {"type": "Point", "coordinates": [111187.66000000015, 449851.8299999982]}, "properties": {"Stelsel": "rb/reeuwijk brug", "naam": "RB7163", "type": "http://data.gwsw.nl/1.4/totaal/Pompunit", "Begindatum": "1995-01-01", "Pompcapaciteit1": null, "Pompcapaciteit2": null, "OBJECTID": 233, "stelseltype": "http://data.gwsw.nl/1.4/totaal/Drukriolering"}}, {"type": "Feature", "id": 234, "geometry": {"type": "Point", "coordinates": [111187.73999999836, 449887.73000000045]}, "properties": {"Stelsel": "rb/reeuwijk brug", "naam": "RB7166", "type": "http://data.gwsw.nl/1.4/totaal/Pompunit", "Begindatum": "1995-01-01", "Pompcapaciteit1": null, "Pompcapaciteit2": null, "OBJECTID": 234, "stelseltype": "http://data.gwsw.nl/1.4/totaal/Drukriolering"}}, {"type": "Feature", "id": 235, "geometry": {"type": "Point", "coordinates": [111154.37000000104, 449926.05000000075]}, "properties": {"Stelsel": "rb/reeuwijk brug", "naam": "RB7168", "type": "http://data.gwsw.nl/1.4/totaal/Pompunit", "Begindatum": "1995-01-01", "Pompcapaciteit1": null, "Pompcapaciteit2": null, "OBJECTID": 235, "stelseltype": "http://data.gwsw.nl/1.4/totaal/Drukriolering"}}, {"type": "Feature", "id": 236, "geometry": {"type": "Point", "coordinates": [111171.6099999994, 449955.30999999866]}, "properties": {"Stelsel": "rb/reeuwijk brug", "naam": "RB7170", "type": "http://data.gwsw.nl/1.4/totaal/Pompunit", "Begindatum": "1995-01-01", "Pompcapaciteit1": null, "Pompcapaciteit2": null, "OBJECTID": 236, "stelseltype": "http://data.gwsw.nl/1.4/totaal/Vuilwaterstelsel"}}, {"type": "Feature", "id": 237, "geometry": {"type": "Point", "coordinates": [111201.3200000003, 449961.9600000009]}, "properties": {"Stelsel": "rb/reeuwijk brug", "naam": "RB7172", "type": "http://data.gwsw.nl/1.4/totaal/Pompunit", "Begindatum": "1995-01-01", "Pompcapaciteit1": null, "Pompcapaciteit2": null, "OBJECTID": 237, "stelseltype": "http://data.gwsw.nl/1.4/totaal/Drukriolering"}}, {"type": "Feature", "id": 238, "geometry": {"type": "Point", "coordinates": [111267.9600000009, 450177.12999999896]}, "properties": {"Stelsel": "rb/reeuwijk brug", "naam": "RB7174", "type": "http://data.gwsw.nl/1.4/totaal/Pompunit", "Begindatum": "1995-01-01", "Pompcapaciteit1": null, "Pompcapaciteit2": null, "OBJECTID": 238, "stelseltype": "http://data.gwsw.nl/1.4/totaal/Drukriolering"}}, {"type": "Feature", "id": 239, "geometry": {"type": "Point", "coordinates": [111281.85000000149, 450233.23999999836]}, "properties": {"Stelsel": "rb/reeuwijk brug", "naam": "RB7176", "type": "http://data.gwsw.nl/1.4/totaal/Pompunit", "Begindatum": "1995-01-01", "Pompcapaciteit1": null, "Pompcapaciteit2": null, "OBJECTID": 239, "stelseltype": "http://data.gwsw.nl/1.4/totaal/Drukriolering"}}, {"type": "Feature", "id": 240, "geometry": {"type": "Point", "coordinates": [111302.4600000009, 450273.69999999925]}, "properties": {"Stelsel": "rb/reeuwijk brug", "naam": "RB7178", "type": "http://data.gwsw.nl/1.4/totaal/Pompunit", "Begindatum": "1995-01-01", "Pompcapaciteit1": null, "Pompcapaciteit2": null, "OBJECTID": 240, "stelseltype": "http://data.gwsw.nl/1.4/totaal/Vuilwaterstelsel"}}, {"type": "Feature", "id": 241, "geometry": {"type": "Point", "coordinates": [111320.94999999925, 450343.19000000134]}, "properties": {"Stelsel": "rb/reeuwijk brug", "naam": "RB7181", "type": "http://data.gwsw.nl/1.4/totaal/Pompunit", "Begindatum": "1995-01-01", "Pompcapaciteit1": null, "Pompcapaciteit2": null, "OBJECTID": 241, "stelseltype": "http://data.gwsw.nl/1.4/totaal/Drukriolering"}}, {"type": "Feature", "id": 242, "geometry": {"type": "Point", "coordinates": [111318.58999999985, 450369.9200000018]}, "properties": {"Stelsel": "rb/reeuwijk brug", "naam": "RB7183", "type": "http://data.gwsw.nl/1.4/totaal/Pompunit", "Begindatum": "1995-01-01", "Pompcapaciteit1": null, "Pompcapaciteit2": null, "OBJECTID": 242, "stelseltype": "http://data.gwsw.nl/1.4/totaal/Drukriolering"}}, {"type": "Feature", "id": 243, "geometry": {"type": "Point", "coordinates": [111351.07999999821, 450456.23999999836]}, "properties": {"Stelsel": "rb/reeuwijk brug", "naam": "RB7184", "type": "http://data.gwsw.nl/1.4/totaal/Pompunit", "Begindatum": "1995-01-01", "Pompcapaciteit1": null, "Pompcapaciteit2": null, "OBJECTID": 243, "stelseltype": "http://data.gwsw.nl/1.4/totaal/Drukriolering"}}, {"type": "Feature", "id": 244, "geometry": {"type": "Point", "coordinates": [109521.6400000006, 451954.80999999866]}, "properties": {"Stelsel": "rb/reeuwijk brug", "naam": "RB7187", "type": "http://data.gwsw.nl/1.4/totaal/Pompunit", "Begindatum": "1992-01-01", "Pompcapaciteit1": null, "Pompcapaciteit2": null, "OBJECTID": 244, "stelseltype": "http://data.gwsw.nl/1.4/totaal/Drukriolering"}}, {"type": "Feature", "id": 245, "geometry": {"type": "Point", "coordinates": [109572.39999999851, 451969.5799999982]}, "properties": {"Stelsel": "rb/reeuwijk brug", "naam": "RB7189", "type": "http://data.gwsw.nl/1.4/totaal/Pompunit", "Begindatum": "1992-01-01", "Pompcapaciteit1": null, "Pompcapaciteit2": null, "OBJECTID": 245, "stelseltype": "http://data.gwsw.nl/1.4/totaal/Drukriolering"}}, {"type": "Feature", "id": 246, "geometry": {"type": "Point", "coordinates": [111220.60000000149, 450001.75]}, "properties": {"Stelsel": "rb/reeuwijk brug", "naam": "RB7196", "type": "http://data.gwsw.nl/1.4/totaal/Pompunit", "Begindatum": "1900-01-01", "Pompcapaciteit1": null, "Pompcapaciteit2": null, "OBJECTID": 246, "stelseltype": "http://data.gwsw.nl/1.4/totaal/Drukriolering"}}, {"type": "Feature", "id": 247, "geometry": {"type": "Point", "coordinates": [111322.82999999821, 449968.05999999866]}, "properties": {"Stelsel": "rb/reeuwijk brug", "naam": "RB7198", "type": "http://data.gwsw.nl/1.4/totaal/Pompunit", "Begindatum": "1900-01-01", "Pompcapaciteit1": null, "Pompcapaciteit2": null, "OBJECTID": 247, "stelseltype": "http://data.gwsw.nl/1.4/totaal/Vuilwaterstelsel"}}, {"type": "Feature", "id": 248, "geometry": {"type": "Point", "coordinates": [111724.82999999821, 449820.26000000164]}, "properties": {"Stelsel": "rb/reeuwijk brug", "naam": "RB7204", "type": "http://data.gwsw.nl/1.4/totaal/Pompunit", "Begindatum": "1994-01-01", "Pompcapaciteit1": null, "Pompcapaciteit2": null, "OBJECTID": 248, "stelseltype": "http://data.gwsw.nl/1.4/totaal/Drukriolering"}}, {"type": "Feature", "id": 249, "geometry": {"type": "Point", "coordinates": [111777.9600000009, 449794.16000000015]}, "properties": {"Stelsel": "rb/reeuwijk brug", "naam": "RB7206", "type": "http://data.gwsw.nl/1.4/totaal/Pompunit", "Begindatum": "1994-01-01", "Pompcapaciteit1": null, "Pompcapaciteit2": null, "OBJECTID": 249, "stelseltype": "http://data.gwsw.nl/1.4/totaal/Drukriolering"}}, {"type": "Feature", "id": 250, "geometry": {"type": "Point", "coordinates": [111808.8200000003, 449809.69999999925]}, "properties": {"Stelsel": "rb/reeuwijk brug", "naam": "RB7208", "type": "http://data.gwsw.nl/1.4/totaal/Pompunit", "Begindatum": "1994-01-01", "Pompcapaciteit1": null, "Pompcapaciteit2": null, "OBJECTID": 250, "stelseltype": "http://data.gwsw.nl/1.4/totaal/Drukriolering"}}, {"type": "Feature", "id": 251, "geometry": {"type": "Point", "coordinates": [111852.96999999881, 449792.01000000164]}, "properties": {"Stelsel": "rb/reeuwijk brug", "naam": "RB7210", "type": "http://data.gwsw.nl/1.4/totaal/Pompunit", "Begindatum": "1994-01-01", "Pompcapaciteit1": null, "Pompcapaciteit2": null, "OBJECTID": 251, "stelseltype": "http://data.gwsw.nl/1.4/totaal/Drukriolering"}}, {"type": "Feature", "id": 252, "geometry": {"type": "Point", "coordinates": [111906.64999999851, 449770.48999999836]}, "properties": {"Stelsel": "rb/reeuwijk brug", "naam": "RB7212", "type": "http://data.gwsw.nl/1.4/totaal/Pompunit", "Begindatum": "1994-01-01", "Pompcapaciteit1": null, "Pompcapaciteit2": null, "OBJECTID": 252, "stelseltype": "http://data.gwsw.nl/1.4/totaal/Drukriolering"}}, {"type": "Feature", "id": 253, "geometry": {"type": "Point", "coordinates": [111910.6099999994, 449807.55999999866]}, "properties": {"Stelsel": "rb/reeuwijk brug", "naam": "RB7214", "type": "http://data.gwsw.nl/1.4/totaal/Pompunit", "Begindatum": "1994-01-01", "Pompcapaciteit1": null, "Pompcapaciteit2": null, "OBJECTID": 253, "stelseltype": "http://data.gwsw.nl/1.4/totaal/Drukriolering"}}, {"type": "Feature", "id": 254, "geometry": {"type": "Point", "coordinates": [111948.07999999821, 449747.0799999982]}, "properties": {"Stelsel": "rb/reeuwijk brug", "naam": "RB7216", "type": "http://data.gwsw.nl/1.4/totaal/Pompunit", "Begindatum": "1994-01-01", "Pompcapaciteit1": null, "Pompcapaciteit2": null, "OBJECTID": 254, "stelseltype": "http://data.gwsw.nl/1.4/totaal/Vuilwaterstelsel"}}, {"type": "Feature", "id": 255, "geometry": {"type": "Point", "coordinates": [111973.23999999836, 449796.05000000075]}, "properties": {"Stelsel": "rb/reeuwijk brug", "naam": "RB7220", "type": "http://data.gwsw.nl/1.4/totaal/Pompunit", "Begindatum": "1994-01-01", "Pompcapaciteit1": null, "Pompcapaciteit2": null, "OBJECTID": 255, "stelseltype": "http://data.gwsw.nl/1.4/totaal/Drukriolering"}}, {"type": "Feature", "id": 256, "geometry": {"type": "Point", "coordinates": [112019.6799999997, 449800.87999999896]}, "properties": {"Stelsel": "rb/reeuwijk brug", "naam": "RB7222", "type": "http://data.gwsw.nl/1.4/totaal/Pompunit", "Begindatum": "1994-01-01", "Pompcapaciteit1": null, "Pompcapaciteit2": null, "OBJECTID": 256, "stelseltype": "http://data.gwsw.nl/1.4/totaal/Drukriolering"}}, {"type": "Feature", "id": 257, "geometry": {"type": "Point", "coordinates": [112253.10000000149, 449762.3900000006]}, "properties": {"Stelsel": "rb/reeuwijk brug", "naam": "RB7224", "type": "http://data.gwsw.nl/1.4/totaal/Pompunit", "Begindatum": "1994-01-01", "Pompcapaciteit1": null, "Pompcapaciteit2": null, "OBJECTID": 257, "stelseltype": "http://data.gwsw.nl/1.4/totaal/Drukriolering"}}, {"type": "Feature", "id": 258, "geometry": {"type": "Point", "coordinates": [112285.67000000179, 449768.01999999955]}, "properties": {"Stelsel": "rb/reeuwijk brug", "naam": "RB7226", "type": "http://data.gwsw.nl/1.4/totaal/Pompunit", "Begindatum": "1994-01-01", "Pompcapaciteit1": null, "Pompcapaciteit2": null, "OBJECTID": 258, "stelseltype": "http://data.gwsw.nl/1.4/totaal/Drukriolering"}}, {"type": "Feature", "id": 259, "geometry": {"type": "Point", "coordinates": [112403.3200000003, 449745.7800000012]}, "properties": {"Stelsel": "rb/reeuwijk brug", "naam": "RB7230", "type": "http://data.gwsw.nl/1.4/totaal/Pompunit", "Begindatum": "1998-01-01", "Pompcapaciteit1": null, "Pompcapaciteit2": null, "OBJECTID": 259, "stelseltype": "http://data.gwsw.nl/1.4/totaal/Drukriolering"}}, {"type": "Feature", "id": 260, "geometry": {"type": "Point", "coordinates": [112506.1099999994, 449736.6499999985]}, "properties": {"Stelsel": "rb/reeuwijk brug", "naam": "RB7232", "type": "http://data.gwsw.nl/1.4/totaal/Pompunit", "Begindatum": "1998-01-01", "Pompcapaciteit1": null, "Pompcapaciteit2": null, "OBJECTID": 260, "stelseltype": "http://data.gwsw.nl/1.4/totaal/Drukriolering"}}, {"type": "Feature", "id": 261, "geometry": {"type": "Point", "coordinates": [112641.92000000179, 449731.1400000006]}, "properties": {"Stelsel": "rb/reeuwijk brug", "naam": "RB7234", "type": "http://data.gwsw.nl/1.4/totaal/Pompunit", "Begindatum": "1998-01-01", "Pompcapaciteit1": null, "Pompcapaciteit2": null, "OBJECTID": 261, "stelseltype": "http://data.gwsw.nl/1.4/totaal/Drukriolering"}}, {"type": "Feature", "id": 262, "geometry": {"type": "Point", "coordinates": [112739.0399999991, 449722.37000000104]}, "properties": {"Stelsel": "rb/reeuwijk brug", "naam": "RB7236", "type": "http://data.gwsw.nl/1.4/totaal/Pompunit", "Begindatum": "1999-01-01", "Pompcapaciteit1": null, "Pompcapaciteit2": null, "OBJECTID": 262, "stelseltype": "http://data.gwsw.nl/1.4/totaal/Drukriolering"}}, {"type": "Feature", "id": 263, "geometry": {"type": "Point", "coordinates": [112807.21999999881, 449743.8500000015]}, "properties": {"Stelsel": "rb/reeuwijk brug", "naam": "RB7239", "type": "http://data.gwsw.nl/1.4/totaal/Pompunit", "Begindatum": "1998-01-01", "Pompcapaciteit1": null, "Pompcapaciteit2": null, "OBJECTID": 263, "stelseltype": "http://data.gwsw.nl/1.4/totaal/Drukriolering"}}, {"type": "Feature", "id": 264, "geometry": {"type": "Point", "coordinates": [112768.05000000075, 449755.75]}, "properties": {"Stelsel": "rb/reeuwijk brug", "naam": "RB7241", "type": "http://data.gwsw.nl/1.4/totaal/Pompunit", "Begindatum": "1998-01-01", "Pompcapaciteit1": null, "Pompcapaciteit2": null, "OBJECTID": 264, "stelseltype": "http://data.gwsw.nl/1.4/totaal/Drukriolering"}}, {"type": "Feature", "id": 265, "geometry": {"type": "Point", "coordinates": [112791.19999999925, 449788.6099999994]}, "properties": {"Stelsel": "rb/reeuwijk brug", "naam": "RB7243", "type": "http://data.gwsw.nl/1.4/totaal/Pompunit", "Begindatum": "1998-01-01", "Pompcapaciteit1": null, "Pompcapaciteit2": null, "OBJECTID": 265, "stelseltype": "http://data.gwsw.nl/1.4/totaal/Drukriolering"}}, {"type": "Feature", "id": 266, "geometry": {"type": "Point", "coordinates": [112740.6400000006, 449821.33999999985]}, "properties": {"Stelsel": "rb/reeuwijk brug", "naam": "RB7245", "type": "http://data.gwsw.nl/1.4/totaal/Pompunit", "Begindatum": "1998-01-01", "Pompcapaciteit1": null, "Pompcapaciteit2": null, "OBJECTID": 266, "stelseltype": "http://data.gwsw.nl/1.4/totaal/Drukriolering"}}, {"type": "Feature", "id": 267, "geometry": {"type": "Point", "coordinates": [112785.7899999991, 449697.16000000015]}, "properties": {"Stelsel": "rb/reeuwijk brug", "naam": "RB7248", "type": "http://data.gwsw.nl/1.4/totaal/Pompunit", "Begindatum": "1998-01-01", "Pompcapaciteit1": null, "Pompcapaciteit2": null, "OBJECTID": 267, "stelseltype": "http://data.gwsw.nl/1.4/totaal/Drukriolering"}}, {"type": "Feature", "id": 268, "geometry": {"type": "Point", "coordinates": [112821.75, 449694.0300000012]}, "properties": {"Stelsel": "rb/reeuwijk brug", "naam": "RB7250", "type": "http://data.gwsw.nl/1.4/totaal/Pompunit", "Begindatum": "1998-01-01", "Pompcapaciteit1": null, "Pompcapaciteit2": null, "OBJECTID": 268, "stelseltype": "http://data.gwsw.nl/1.4/totaal/Drukriolering"}}, {"type": "Feature", "id": 269, "geometry": {"type": "Point", "coordinates": [112751.05000000075, 449617.0700000003]}, "properties": {"Stelsel": "rb/reeuwijk brug", "naam": "RB7252", "type": "http://data.gwsw.nl/1.4/totaal/Pompunit", "Begindatum": "1998-01-01", "Pompcapaciteit1": null, "Pompcapaciteit2": null, "OBJECTID": 269, "stelseltype": "http://data.gwsw.nl/1.4/totaal/Drukriolering"}}, {"type": "Feature", "id": 270, "geometry": {"type": "Point", "coordinates": [112914.01999999955, 449540.23000000045]}, "properties": {"Stelsel": "rb/reeuwijk brug", "naam": "RB7256", "type": "http://data.gwsw.nl/1.4/totaal/Pompunit", "Begindatum": "1998-01-01", "Pompcapaciteit1": null, "Pompcapaciteit2": null, "OBJECTID": 270, "stelseltype": "http://data.gwsw.nl/1.4/totaal/Drukriolering"}}, {"type": "Feature", "id": 271, "geometry": {"type": "Point", "coordinates": [112970.85000000149, 449436.2899999991]}, "properties": {"Stelsel": "rb/reeuwijk brug", "naam": "RB7258", "type": "http://data.gwsw.nl/1.4/totaal/Pompunit", "Begindatum": "1998-01-01", "Pompcapaciteit1": null, "Pompcapaciteit2": null, "OBJECTID": 271, "stelseltype": "http://data.gwsw.nl/1.4/totaal/Drukriolering"}}, {"type": "Feature", "id": 272, "geometry": {"type": "Point", "coordinates": [113003.51000000164, 449368.8299999982]}, "properties": {"Stelsel": "rb/reeuwijk brug", "naam": "RB7260", "type": "http://data.gwsw.nl/1.4/totaal/Pompunit", "Begindatum": "1998-01-01", "Pompcapaciteit1": null, "Pompcapaciteit2": null, "OBJECTID": 272, "stelseltype": "http://data.gwsw.nl/1.4/totaal/Drukriolering"}}, {"type": "Feature", "id": 273, "geometry": {"type": "Point", "coordinates": [111128.91000000015, 449511.91000000015]}, "properties": {"Stelsel": "rb/reeuwijk brug", "naam": "RB7263", "type": "http://data.gwsw.nl/1.4/totaal/Pompunit", "Begindatum": "1994-01-01", "Pompcapaciteit1": null, "Pompcapaciteit2": null, "OBJECTID": 273, "stelseltype": "http://data.gwsw.nl/1.4/totaal/Drukriolering"}}, {"type": "Feature", "id": 274, "geometry": {"type": "Point", "coordinates": [111179.21999999881, 449501.66000000015]}, "properties": {"Stelsel": "rb/reeuwijk brug", "naam": "RB7265", "type": "http://data.gwsw.nl/1.4/totaal/Pompunit", "Begindatum": "1994-01-01", "Pompcapaciteit1": null, "Pompcapaciteit2": null, "OBJECTID": 274, "stelseltype": "http://data.gwsw.nl/1.4/totaal/Drukriolering"}}, {"type": "Feature", "id": 275, "geometry": {"type": "Point", "coordinates": [111226.37999999896, 449485.9699999988]}, "properties": {"Stelsel": "rb/reeuwijk brug", "naam": "RB7267", "type": "http://data.gwsw.nl/1.4/totaal/Pompunit", "Begindatum": "1994-01-01", "Pompcapaciteit1": null, "Pompcapaciteit2": null, "OBJECTID": 275, "stelseltype": "http://data.gwsw.nl/1.4/totaal/Drukriolering"}}, {"type": "Feature", "id": 276, "geometry": {"type": "Point", "coordinates": [111258.16000000015, 449476.1700000018]}, "properties": {"Stelsel": "rb/reeuwijk brug", "naam": "RB7269", "type": "http://data.gwsw.nl/1.4/totaal/Pompunit", "Begindatum": "1994-01-01", "Pompcapaciteit1": null, "Pompcapaciteit2": null, "OBJECTID": 276, "stelseltype": "http://data.gwsw.nl/1.4/totaal/Drukriolering"}}, {"type": "Feature", "id": 277, "geometry": {"type": "Point", "coordinates": [111388.19000000134, 449471.66000000015]}, "properties": {"Stelsel": "rb/reeuwijk brug", "naam": "RB7273", "type": "http://data.gwsw.nl/1.4/totaal/Pompunit", "Begindatum": "1994-01-01", "Pompcapaciteit1": null, "Pompcapaciteit2": null, "OBJECTID": 277, "stelseltype": "http://data.gwsw.nl/1.4/totaal/Drukriolering"}}, {"type": "Feature", "id": 278, "geometry": {"type": "Point", "coordinates": [111422.12999999896, 449445.6799999997]}, "properties": {"Stelsel": "rb/reeuwijk brug", "naam": "RB7275", "type": "http://data.gwsw.nl/1.4/totaal/Pompunit", "Begindatum": "1994-01-01", "Pompcapaciteit1": null, "Pompcapaciteit2": null, "OBJECTID": 278, "stelseltype": "http://data.gwsw.nl/1.4/totaal/Drukriolering"}}, {"type": "Feature", "id": 279, "geometry": {"type": "Point", "coordinates": [111457.48000000045, 449437.3599999994]}, "properties": {"Stelsel": "rb/reeuwijk brug", "naam": "RB7277", "type": "http://data.gwsw.nl/1.4/totaal/Pompunit", "Begindatum": "1994-01-01", "Pompcapaciteit1": null, "Pompcapaciteit2": null, "OBJECTID": 279, "stelseltype": "http://data.gwsw.nl/1.4/totaal/Drukriolering"}}, {"type": "Feature", "id": 280, "geometry": {"type": "Point", "coordinates": [111670.94999999925, 449378.5799999982]}, "properties": {"Stelsel": "rb/reeuwijk brug", "naam": "RB7280", "type": "http://data.gwsw.nl/1.4/totaal/Pompunit", "Begindatum": "1994-01-01", "Pompcapaciteit1": null, "Pompcapaciteit2": null, "OBJECTID": 280, "stelseltype": "http://data.gwsw.nl/1.4/totaal/Vuilwaterstelsel"}}, {"type": "Feature", "id": 281, "geometry": {"type": "Point", "coordinates": [111704.12999999896, 449384.9699999988]}, "properties": {"Stelsel": "rb/reeuwijk brug", "naam": "RB7283", "type": "http://data.gwsw.nl/1.4/totaal/Pompunit", "Begindatum": "1994-01-01", "Pompcapaciteit1": null, "Pompcapaciteit2": null, "OBJECTID": 281, "stelseltype": "http://data.gwsw.nl/1.4/totaal/Drukriolering"}}, {"type": "Feature", "id": 282, "geometry": {"type": "Point", "coordinates": [111714.30999999866, 449399.8900000006]}, "properties": {"Stelsel": "rb/reeuwijk brug", "naam": "RB7284", "type": "http://data.gwsw.nl/1.4/totaal/Pompunit", "Begindatum": "1994-01-01", "Pompcapaciteit1": null, "Pompcapaciteit2": null, "OBJECTID": 282, "stelseltype": "http://data.gwsw.nl/1.4/totaal/Vuilwaterstelsel"}}, {"type": "Feature", "id": 283, "geometry": {"type": "Point", "coordinates": [111672.58999999985, 449459.26999999955]}, "properties": {"Stelsel": "rb/reeuwijk brug", "naam": "RB7287", "type": "http://data.gwsw.nl/1.4/totaal/Pompunit", "Begindatum": "1994-01-01", "Pompcapaciteit1": null, "Pompcapaciteit2": null, "OBJECTID": 283, "stelseltype": "http://data.gwsw.nl/1.4/totaal/Drukriolering"}}, {"type": "Feature", "id": 284, "geometry": {"type": "Point", "coordinates": [111644.80000000075, 449600.75]}, "properties": {"Stelsel": "rb/reeuwijk brug", "naam": "RB7291", "type": "http://data.gwsw.nl/1.4/totaal/Pompunit", "Begindatum": "1994-01-01", "Pompcapaciteit1": null, "Pompcapaciteit2": null, "OBJECTID": 284, "stelseltype": "http://data.gwsw.nl/1.4/totaal/Drukriolering"}}, {"type": "Feature", "id": 285, "geometry": {"type": "Point", "coordinates": [111606.2899999991, 449771.6000000015]}, "properties": {"Stelsel": "rb/reeuwijk brug", "naam": "RB7293", "type": "http://data.gwsw.nl/1.4/totaal/Pompunit", "Begindatum": "1994-01-01", "Pompcapaciteit1": null, "Pompcapaciteit2": null, "OBJECTID": 285, "stelseltype": "http://data.gwsw.nl/1.4/totaal/Drukriolering"}}, {"type": "Feature", "id": 286, "geometry": {"type": "Point", "coordinates": [111654.5700000003, 449790.12000000104]}, "properties": {"Stelsel": "rb/reeuwijk brug", "naam": "RB7296", "type": "http://data.gwsw.nl/1.4/totaal/Pompunit", "Begindatum": "1994-01-01", "Pompcapaciteit1": null, "Pompcapaciteit2": null, "OBJECTID": 286, "stelseltype": "http://data.gwsw.nl/1.4/totaal/Vuilwaterstelsel"}}, {"type": "Feature", "id": 287, "geometry": {"type": "Point", "coordinates": [110500.94999999925, 449705.12000000104]}, "properties": {"Stelsel": "rb/reeuwijk brug", "naam": "RB7303", "type": "http://data.gwsw.nl/1.4/totaal/Pompunit", "Begindatum": "1994-01-01", "Pompcapaciteit1": null, "Pompcapaciteit2": null, "OBJECTID": 287, "stelseltype": "http://data.gwsw.nl/1.4/totaal/Drukriolering"}}, {"type": "Feature", "id": 288, "geometry": {"type": "Point", "coordinates": [110551.05999999866, 449685.3599999994]}, "properties": {"Stelsel": "rb/reeuwijk brug", "naam": "RB7305", "type": "http://data.gwsw.nl/1.4/totaal/Pompunit", "Begindatum": "1994-01-01", "Pompcapaciteit1": null, "Pompcapaciteit2": null, "OBJECTID": 288, "stelseltype": "http://data.gwsw.nl/1.4/totaal/Drukriolering"}}, {"type": "Feature", "id": 289, "geometry": {"type": "Point", "coordinates": [110574.48000000045, 449654.26999999955]}, "properties": {"Stelsel": "rb/reeuwijk brug", "naam": "RB7307", "type": "http://data.gwsw.nl/1.4/totaal/Pompunit", "Begindatum": "1994-01-01", "Pompcapaciteit1": null, "Pompcapaciteit2": null, "OBJECTID": 289, "stelseltype": "http://data.gwsw.nl/1.4/totaal/Drukriolering"}}, {"type": "Feature", "id": 290, "geometry": {"type": "Point", "coordinates": [110618.41000000015, 449625.5300000012]}, "properties": {"Stelsel": "rb/reeuwijk brug", "naam": "RB7309", "type": "http://data.gwsw.nl/1.4/totaal/Pompunit", "Begindatum": "1994-01-01", "Pompcapaciteit1": null, "Pompcapaciteit2": null, "OBJECTID": 290, "stelseltype": "http://data.gwsw.nl/1.4/totaal/Drukriolering"}}, {"type": "Feature", "id": 291, "geometry": {"type": "Point", "coordinates": [110667.3900000006, 449614.23999999836]}, "properties": {"Stelsel": "rb/reeuwijk brug", "naam": "RB7311", "type": "http://data.gwsw.nl/1.4/totaal/Pompunit", "Begindatum": "1994-01-01", "Pompcapaciteit1": null, "Pompcapaciteit2": null, "OBJECTID": 291, "stelseltype": "http://data.gwsw.nl/1.4/totaal/Vuilwaterstelsel"}}, {"type": "Feature", "id": 292, "geometry": {"type": "Point", "coordinates": [110742.98999999836, 449581.62999999896]}, "properties": {"Stelsel": "rb/reeuwijk brug", "naam": "RB7314", "type": "http://data.gwsw.nl/1.4/totaal/Pompunit", "Begindatum": "1994-01-01", "Pompcapaciteit1": null, "Pompcapaciteit2": null, "OBJECTID": 292, "stelseltype": "http://data.gwsw.nl/1.4/totaal/Vuilwaterstelsel"}}, {"type": "Feature", "id": 293, "geometry": {"type": "Point", "coordinates": [110800.8599999994, 449623.0700000003]}, "properties": {"Stelsel": "rb/reeuwijk brug", "naam": "RB7318", "type": "http://data.gwsw.nl/1.4/totaal/Pompunit", "Begindatum": "1994-01-01", "Pompcapaciteit1": null, "Pompcapaciteit2": null, "OBJECTID": 293, "stelseltype": "http://data.gwsw.nl/1.4/totaal/Drukriolering"}}, {"type": "Feature", "id": 294, "geometry": {"type": "Point", "coordinates": [110796.89999999851, 449600.44000000134]}, "properties": {"Stelsel": "rb/reeuwijk brug", "naam": "RB7320", "type": "http://data.gwsw.nl/1.4/totaal/Pompunit", "Begindatum": "1994-01-01", "Pompcapaciteit1": null, "Pompcapaciteit2": null, "OBJECTID": 294, "stelseltype": "http://data.gwsw.nl/1.4/totaal/Vuilwaterstelsel"}}, {"type": "Feature", "id": 295, "geometry": {"type": "Point", "coordinates": [110833.66000000015, 449588.0700000003]}, "properties": {"Stelsel": "rb/reeuwijk brug", "naam": "RB7323", "type": "http://data.gwsw.nl/1.4/totaal/Pompunit", "Begindatum": "1994-01-01", "Pompcapaciteit1": null, "Pompcapaciteit2": null, "OBJECTID": 295, "stelseltype": "http://data.gwsw.nl/1.4/totaal/Vuilwaterstelsel"}}, {"type": "Feature", "id": 296, "geometry": {"type": "Point", "coordinates": [110890.26000000164, 449543.44000000134]}, "properties": {"Stelsel": "rb/reeuwijk brug", "naam": "RB7326", "type": "http://data.gwsw.nl/1.4/totaal/Pompunit", "Begindatum": "1994-01-01", "Pompcapaciteit1": null, "Pompcapaciteit2": null, "OBJECTID": 296, "stelseltype": "http://data.gwsw.nl/1.4/totaal/Vuilwaterstelsel"}}, {"type": "Feature", "id": 297, "geometry": {"type": "Point", "coordinates": [110964.17000000179, 449583.62000000104]}, "properties": {"Stelsel": "rb/reeuwijk brug", "naam": "RB7329", "type": "http://data.gwsw.nl/1.4/totaal/Pompunit", "Begindatum": "1994-01-01", "Pompcapaciteit1": null, "Pompcapaciteit2": null, "OBJECTID": 297, "stelseltype": "http://data.gwsw.nl/1.4/totaal/Vuilwaterstelsel"}}, {"type": "Feature", "id": 298, "geometry": {"type": "Point", "coordinates": [110974.44999999925, 449538.41000000015]}, "properties": {"Stelsel": "rb/reeuwijk brug", "naam": "RB7335", "type": "http://data.gwsw.nl/1.4/totaal/Pompunit", "Begindatum": "1994-01-01", "Pompcapaciteit1": null, "Pompcapaciteit2": null, "OBJECTID": 298, "stelseltype": "http://data.gwsw.nl/1.4/totaal/Drukriolering"}}, {"type": "Feature", "id": 299, "geometry": {"type": "Point", "coordinates": [111014.82999999821, 449537.8500000015]}, "properties": {"Stelsel": "rb/reeuwijk brug", "naam": "RB7337", "type": "http://data.gwsw.nl/1.4/totaal/Pompunit", "Begindatum": "1994-01-01", "Pompcapaciteit1": null, "Pompcapaciteit2": null, "OBJECTID": 299, "stelseltype": "http://data.gwsw.nl/1.4/totaal/Drukriolering"}}, {"type": "Feature", "id": 300, "geometry": {"type": "Point", "coordinates": [111035.55000000075, 449532.83999999985]}, "properties": {"Stelsel": "rb/reeuwijk brug", "naam": "RB7339", "type": "http://data.gwsw.nl/1.4/totaal/Pompunit", "Begindatum": "1994-01-01", "Pompcapaciteit1": null, "Pompcapaciteit2": null, "OBJECTID": 300, "stelseltype": "http://data.gwsw.nl/1.4/totaal/Drukriolering"}}, {"type": "Feature", "id": 301, "geometry": {"type": "Point", "coordinates": [110494.01999999955, 449620.1700000018]}, "properties": {"Stelsel": "rb/reeuwijk brug", "naam": "RB7349", "type": "http://data.gwsw.nl/1.4/totaal/Pompunit", "Begindatum": "1993-01-01", "Pompcapaciteit1": null, "Pompcapaciteit2": null, "OBJECTID": 301, "stelseltype": "http://data.gwsw.nl/1.4/totaal/Vuilwaterstelsel"}}, {"type": "Feature", "id": 302, "geometry": {"type": "Point", "coordinates": [110483.05999999866, 449218.23000000045]}, "properties": {"Stelsel": "rb/reeuwijk brug", "naam": "RB7353", "type": "http://data.gwsw.nl/1.4/totaal/Pompunit", "Begindatum": "1993-01-01", "Pompcapaciteit1": null, "Pompcapaciteit2": null, "OBJECTID": 302, "stelseltype": "http://data.gwsw.nl/1.4/totaal/Vuilwaterstelsel"}}, {"type": "Feature", "id": 303, "geometry": {"type": "Point", "coordinates": [110480.85000000149, 449132.58999999985]}, "properties": {"Stelsel": "rb/reeuwijk brug", "naam": "RB7356", "type": "http://data.gwsw.nl/1.4/totaal/Pompunit", "Begindatum": "1993-01-01", "Pompcapaciteit1": null, "Pompcapaciteit2": null, "OBJECTID": 303, "stelseltype": "http://data.gwsw.nl/1.4/totaal/Vuilwaterstelsel"}}, {"type": "Feature", "id": 304, "geometry": {"type": "Point", "coordinates": [110494.7100000009, 449126.87000000104]}, "properties": {"Stelsel": "rb/reeuwijk brug", "naam": "RB7360", "type": "http://data.gwsw.nl/1.4/totaal/Pompunit", "Begindatum": "1993-01-01", "Pompcapaciteit1": null, "Pompcapaciteit2": null, "OBJECTID": 304, "stelseltype": "http://data.gwsw.nl/1.4/totaal/Drukriolering"}}, {"type": "Feature", "id": 305, "geometry": {"type": "Point", "coordinates": [110482.35000000149, 449030.4299999997]}, "properties": {"Stelsel": "rb/reeuwijk brug", "naam": "RB7362", "type": "http://data.gwsw.nl/1.4/totaal/Pompunit", "Begindatum": "1993-01-01", "Pompcapaciteit1": null, "Pompcapaciteit2": null, "OBJECTID": 305, "stelseltype": "http://data.gwsw.nl/1.4/totaal/Vuilwaterstelsel"}}, {"type": "Feature", "id": 306, "geometry": {"type": "Point", "coordinates": [110496.2100000009, 449017.23999999836]}, "properties": {"Stelsel": "rb/reeuwijk brug", "naam": "RB7365", "type": "http://data.gwsw.nl/1.4/totaal/Pompunit", "Begindatum": "1993-01-01", "Pompcapaciteit1": null, "Pompcapaciteit2": null, "OBJECTID": 306, "stelseltype": "http://data.gwsw.nl/1.4/totaal/Vuilwaterstelsel"}}, {"type": "Feature", "id": 307, "geometry": {"type": "Point", "coordinates": [110480.9299999997, 448940.76000000164]}, "properties": {"Stelsel": "rb/reeuwijk brug", "naam": "RB7374", "type": "http://data.gwsw.nl/1.4/totaal/Pompunit", "Begindatum": "1993-01-01", "Pompcapaciteit1": null, "Pompcapaciteit2": null, "OBJECTID": 307, "stelseltype": "http://data.gwsw.nl/1.4/totaal/Drukriolering"}}, {"type": "Feature", "id": 308, "geometry": {"type": "Point", "coordinates": [110497.37000000104, 448897.7899999991]}, "properties": {"Stelsel": "rb/reeuwijk brug", "naam": "RB7380", "type": "http://data.gwsw.nl/1.4/totaal/Pompunit", "Begindatum": "1993-01-01", "Pompcapaciteit1": null, "Pompcapaciteit2": null, "OBJECTID": 308, "stelseltype": "http://data.gwsw.nl/1.4/totaal/Vuilwaterstelsel"}}, {"type": "Feature", "id": 309, "geometry": {"type": "Point", "coordinates": [110480.17000000179, 448825.5799999982]}, "properties": {"Stelsel": "rb/reeuwijk brug", "naam": "RB7386", "type": "http://data.gwsw.nl/1.4/totaal/Pompunit", "Begindatum": "1993-01-01", "Pompcapaciteit1": null, "Pompcapaciteit2": null, "OBJECTID": 309, "stelseltype": "http://data.gwsw.nl/1.4/totaal/Drukriolering"}}, {"type": "Feature", "id": 310, "geometry": {"type": "Point", "coordinates": [110497.64999999851, 448772.26999999955]}, "properties": {"Stelsel": "rb/reeuwijk brug", "naam": "RB7388", "type": "http://data.gwsw.nl/1.4/totaal/Pompunit", "Begindatum": "1993-01-01", "Pompcapaciteit1": null, "Pompcapaciteit2": null, "OBJECTID": 310, "stelseltype": "http://data.gwsw.nl/1.4/totaal/Vuilwaterstelsel"}}, {"type": "Feature", "id": 311, "geometry": {"type": "Point", "coordinates": [110428.78000000119, 449730.08999999985]}, "properties": {"Stelsel": "rb/reeuwijk brug", "naam": "RB7393", "type": "http://data.gwsw.nl/1.4/totaal/Pompunit", "Begindatum": "1991-01-01", "Pompcapaciteit1": null, "Pompcapaciteit2": null, "OBJECTID": 311, "stelseltype": "http://data.gwsw.nl/1.4/totaal/Vuilwaterstelsel"}}, {"type": "Feature", "id": 312, "geometry": {"type": "Point", "coordinates": [110266.23999999836, 449786.8299999982]}, "properties": {"Stelsel": "rb/reeuwijk brug", "naam": "RB7396", "type": "http://data.gwsw.nl/1.4/totaal/Pompunit", "Begindatum": "1991-01-01", "Pompcapaciteit1": null, "Pompcapaciteit2": null, "OBJECTID": 312, "stelseltype": "http://data.gwsw.nl/1.4/totaal/Vuilwaterstelsel"}}, {"type": "Feature", "id": 313, "geometry": {"type": "Point", "coordinates": [110170.42000000179, 449819.33999999985]}, "properties": {"Stelsel": "rb/reeuwijk brug", "naam": "RB7400", "type": "http://data.gwsw.nl/1.4/totaal/Pompunit", "Begindatum": "1991-01-01", "Pompcapaciteit1": null, "Pompcapaciteit2": null, "OBJECTID": 313, "stelseltype": "http://data.gwsw.nl/1.4/totaal/Vuilwaterstelsel"}}, {"type": "Feature", "id": 314, "geometry": {"type": "Point", "coordinates": [110047.64999999851, 449863.62000000104]}, "properties": {"Stelsel": "rb/reeuwijk brug", "naam": "RB7404", "type": "http://data.gwsw.nl/1.4/totaal/Pompunit", "Begindatum": "1991-01-01", "Pompcapaciteit1": null, "Pompcapaciteit2": null, "OBJECTID": 314, "stelseltype": "http://data.gwsw.nl/1.4/totaal/Vuilwaterstelsel"}}, {"type": "Feature", "id": 315, "geometry": {"type": "Point", "coordinates": [109902.03000000119, 449911.23999999836]}, "properties": {"Stelsel": "rb/reeuwijk brug", "naam": "RB7409", "type": "http://data.gwsw.nl/1.4/totaal/Pompunit", "Begindatum": "1991-01-01", "Pompcapaciteit1": null, "Pompcapaciteit2": null, "OBJECTID": 315, "stelseltype": "http://data.gwsw.nl/1.4/totaal/Vuilwaterstelsel"}}, {"type": "Feature", "id": 316, "geometry": {"type": "Point", "coordinates": [109827.55999999866, 449934.73999999836]}, "properties": {"Stelsel": "rb/reeuwijk brug", "naam": "RB7415", "type": "http://data.gwsw.nl/1.4/totaal/Pompunit", "Begindatum": "1991-01-01", "Pompcapaciteit1": null, "Pompcapaciteit2": null, "OBJECTID": 316, "stelseltype": "http://data.gwsw.nl/1.4/totaal/Vuilwaterstelsel"}}, {"type": "Feature", "id": 317, "geometry": {"type": "Point", "coordinates": [109709.60000000149, 449979.94999999925]}, "properties": {"Stelsel": "rb/reeuwijk brug", "naam": "RB7420", "type": "http://data.gwsw.nl/1.4/totaal/Pompunit", "Begindatum": "1991-01-01", "Pompcapaciteit1": null, "Pompcapaciteit2": null, "OBJECTID": 317, "stelseltype": "http://data.gwsw.nl/1.4/totaal/Vuilwaterstelsel"}}, {"type": "Feature", "id": 318, "geometry": {"type": "Point", "coordinates": [109592.92000000179, 450023.8500000015]}, "properties": {"Stelsel": "rb/reeuwijk brug", "naam": "RB7423", "type": "http://data.gwsw.nl/1.4/totaal/Pompunit", "Begindatum": "1991-01-01", "Pompcapaciteit1": null, "Pompcapaciteit2": null, "OBJECTID": 318, "stelseltype": "http://data.gwsw.nl/1.4/totaal/Vuilwaterstelsel"}}, {"type": "Feature", "id": 319, "geometry": {"type": "Point", "coordinates": [109589.69000000134, 449997.7800000012]}, "properties": {"Stelsel": "rb/reeuwijk brug", "naam": "RB7427", "type": "http://data.gwsw.nl/1.4/totaal/Pompunit", "Begindatum": "1991-01-01", "Pompcapaciteit1": null, "Pompcapaciteit2": null, "OBJECTID": 319, "stelseltype": "http://data.gwsw.nl/1.4/totaal/Drukriolering"}}, {"type": "Feature", "id": 320, "geometry": {"type": "Point", "coordinates": [109564.35000000149, 450007.51000000164]}, "properties": {"Stelsel": "rb/reeuwijk brug", "naam": "RB7429", "type": "http://data.gwsw.nl/1.4/totaal/Pompunit", "Begindatum": "1991-01-01", "Pompcapaciteit1": null, "Pompcapaciteit2": null, "OBJECTID": 320, "stelseltype": "http://data.gwsw.nl/1.4/totaal/Vuilwaterstelsel"}}, {"type": "Feature", "id": 321, "geometry": {"type": "Point", "coordinates": [109509.3900000006, 450025.76000000164]}, "properties": {"Stelsel": "rb/reeuwijk brug", "naam": "RB7434", "type": "http://data.gwsw.nl/1.4/totaal/Pompunit", "Begindatum": "1991-01-01", "Pompcapaciteit1": null, "Pompcapaciteit2": null, "OBJECTID": 321, "stelseltype": "http://data.gwsw.nl/1.4/totaal/Vuilwaterstelsel"}}, {"type": "Feature", "id": 322, "geometry": {"type": "Point", "coordinates": [109503.80000000075, 450054.75]}, "properties": {"Stelsel": "rb/reeuwijk brug", "naam": "RB7438", "type": "http://data.gwsw.nl/1.4/totaal/Pompunit", "Begindatum": "1991-01-01", "Pompcapaciteit1": null, "Pompcapaciteit2": null, "OBJECTID": 322, "stelseltype": "http://data.gwsw.nl/1.4/totaal/Vuilwaterstelsel"}}, {"type": "Feature", "id": 323, "geometry": {"type": "Point", "coordinates": [109378.94999999925, 450093.9200000018]}, "properties": {"Stelsel": "rb/reeuwijk brug", "naam": "RB7446", "type": "http://data.gwsw.nl/1.4/totaal/Pompunit", "Begindatum": "1991-01-01", "Pompcapaciteit1": null, "Pompcapaciteit2": null, "OBJECTID": 323, "stelseltype": "http://data.gwsw.nl/1.4/totaal/Vuilwaterstelsel"}}, {"type": "Feature", "id": 324, "geometry": {"type": "Point", "coordinates": [109326.01999999955, 450108.1000000015]}, "properties": {"Stelsel": "rb/reeuwijk brug", "naam": "RB7450", "type": "http://data.gwsw.nl/1.4/totaal/Pompunit", "Begindatum": "1991-01-01", "Pompcapaciteit1": null, "Pompcapaciteit2": null, "OBJECTID": 324, "stelseltype": "http://data.gwsw.nl/1.4/totaal/Drukriolering"}}, {"type": "Feature", "id": 325, "geometry": {"type": "Point", "coordinates": [109324.05000000075, 448874.05999999866]}, "properties": {"Stelsel": "rb/reeuwijk brug", "naam": "RB7451", "type": "http://data.gwsw.nl/1.4/totaal/Pompunit", "Begindatum": "1992-01-01", "Pompcapaciteit1": null, "Pompcapaciteit2": null, "OBJECTID": 325, "stelseltype": "http://data.gwsw.nl/1.4/totaal/Drukriolering"}}, {"type": "Feature", "id": 326, "geometry": {"type": "Point", "coordinates": [109333.9600000009, 448889.3200000003]}, "properties": {"Stelsel": "rb/reeuwijk brug", "naam": "RB7453", "type": "http://data.gwsw.nl/1.4/totaal/Pompunit", "Begindatum": "1992-01-01", "Pompcapaciteit1": null, "Pompcapaciteit2": null, "OBJECTID": 326, "stelseltype": "http://data.gwsw.nl/1.4/totaal/Drukriolering"}}, {"type": "Feature", "id": 327, "geometry": {"type": "Point", "coordinates": [109381.32999999821, 448888.75]}, "properties": {"Stelsel": "rb/reeuwijk brug", "naam": "RB7455", "type": "http://data.gwsw.nl/1.4/totaal/Pompunit", "Begindatum": "1992-01-01", "Pompcapaciteit1": null, "Pompcapaciteit2": null, "OBJECTID": 327, "stelseltype": "http://data.gwsw.nl/1.4/totaal/Vuilwaterstelsel"}}, {"type": "Feature", "id": 328, "geometry": {"type": "Point", "coordinates": [109414.05000000075, 448889.3299999982]}, "properties": {"Stelsel": "rb/reeuwijk brug", "naam": "RB7459", "type": "http://data.gwsw.nl/1.4/totaal/Pompunit", "Begindatum": "1992-01-01", "Pompcapaciteit1": null, "Pompcapaciteit2": null, "OBJECTID": 328, "stelseltype": "http://data.gwsw.nl/1.4/totaal/Vuilwaterstelsel"}}, {"type": "Feature", "id": 329, "geometry": {"type": "Point", "coordinates": [109487.92000000179, 448901.44000000134]}, "properties": {"Stelsel": "rb/reeuwijk brug", "naam": "RB7463", "type": "http://data.gwsw.nl/1.4/totaal/Pompunit", "Begindatum": "1992-01-01", "Pompcapaciteit1": null, "Pompcapaciteit2": null, "OBJECTID": 329, "stelseltype": "http://data.gwsw.nl/1.4/totaal/Vuilwaterstelsel"}}, {"type": "Feature", "id": 330, "geometry": {"type": "Point", "coordinates": [109511.62999999896, 448882.6000000015]}, "properties": {"Stelsel": "rb/reeuwijk brug", "naam": "RB7465", "type": "http://data.gwsw.nl/1.4/totaal/Pompunit", "Begindatum": "1992-01-01", "Pompcapaciteit1": null, "Pompcapaciteit2": null, "OBJECTID": 330, "stelseltype": "http://data.gwsw.nl/1.4/totaal/Drukriolering"}}, {"type": "Feature", "id": 331, "geometry": {"type": "Point", "coordinates": [109523.03000000119, 448918.98999999836]}, "properties": {"Stelsel": "rb/reeuwijk brug", "naam": "RB7467", "type": "http://data.gwsw.nl/1.4/totaal/Pompunit", "Begindatum": "1992-01-01", "Pompcapaciteit1": null, "Pompcapaciteit2": null, "OBJECTID": 331, "stelseltype": "http://data.gwsw.nl/1.4/totaal/Vuilwaterstelsel"}}, {"type": "Feature", "id": 332, "geometry": {"type": "Point", "coordinates": [109571.32999999821, 448919.23999999836]}, "properties": {"Stelsel": "rb/reeuwijk brug", "naam": "RB7471", "type": "http://data.gwsw.nl/1.4/totaal/Pompunit", "Begindatum": "1992-01-01", "Pompcapaciteit1": null, "Pompcapaciteit2": null, "OBJECTID": 332, "stelseltype": "http://data.gwsw.nl/1.4/totaal/Vuilwaterstelsel"}}, {"type": "Feature", "id": 333, "geometry": {"type": "Point", "coordinates": [109637.82999999821, 448941.8200000003]}, "properties": {"Stelsel": "rb/reeuwijk brug", "naam": "RB7476", "type": "http://data.gwsw.nl/1.4/totaal/Pompunit", "Begindatum": "1992-01-01", "Pompcapaciteit1": null, "Pompcapaciteit2": null, "OBJECTID": 333, "stelseltype": "http://data.gwsw.nl/1.4/totaal/Drukriolering"}}, {"type": "Feature", "id": 334, "geometry": {"type": "Point", "coordinates": [109648.62000000104, 448938.5300000012]}, "properties": {"Stelsel": "rb/reeuwijk brug", "naam": "RB7478", "type": "http://data.gwsw.nl/1.4/totaal/Pompunit", "Begindatum": "1992-01-01", "Pompcapaciteit1": null, "Pompcapaciteit2": null, "OBJECTID": 334, "stelseltype": "http://data.gwsw.nl/1.4/totaal/Drukriolering"}}, {"type": "Feature", "id": 335, "geometry": {"type": "Point", "coordinates": [109696.26000000164, 448951.80999999866]}, "properties": {"Stelsel": "rb/reeuwijk brug", "naam": "RB7480", "type": "http://data.gwsw.nl/1.4/totaal/Pompunit", "Begindatum": "1992-01-01", "Pompcapaciteit1": null, "Pompcapaciteit2": null, "OBJECTID": 335, "stelseltype": "http://data.gwsw.nl/1.4/totaal/Drukriolering"}}, {"type": "Feature", "id": 336, "geometry": {"type": "Point", "coordinates": [109725.8900000006, 448963.9600000009]}, "properties": {"Stelsel": "rb/reeuwijk brug", "naam": "RB7482", "type": "http://data.gwsw.nl/1.4/totaal/Pompunit", "Begindatum": "1992-01-01", "Pompcapaciteit1": null, "Pompcapaciteit2": null, "OBJECTID": 336, "stelseltype": "http://data.gwsw.nl/1.4/totaal/Vuilwaterstelsel"}}, {"type": "Feature", "id": 337, "geometry": {"type": "Point", "coordinates": [109735.3599999994, 448919.2800000012]}, "properties": {"Stelsel": "rb/reeuwijk brug", "naam": "RB7484", "type": "http://data.gwsw.nl/1.4/totaal/Pompunit", "Begindatum": "1992-01-01", "Pompcapaciteit1": null, "Pompcapaciteit2": null, "OBJECTID": 337, "stelseltype": "http://data.gwsw.nl/1.4/totaal/Drukriolering"}}, {"type": "Feature", "id": 338, "geometry": {"type": "Point", "coordinates": [109764.98999999836, 448946.0300000012]}, "properties": {"Stelsel": "rb/reeuwijk brug", "naam": "RB7486", "type": "http://data.gwsw.nl/1.4/totaal/Pompunit", "Begindatum": "1992-01-01", "Pompcapaciteit1": null, "Pompcapaciteit2": null, "OBJECTID": 338, "stelseltype": "http://data.gwsw.nl/1.4/totaal/Drukriolering"}}, {"type": "Feature", "id": 339, "geometry": {"type": "Point", "coordinates": [109793.3200000003, 448898.9699999988]}, "properties": {"Stelsel": "rb/reeuwijk brug", "naam": "RB7488", "type": "http://data.gwsw.nl/1.4/totaal/Pompunit", "Begindatum": "1992-01-01", "Pompcapaciteit1": null, "Pompcapaciteit2": null, "OBJECTID": 339, "stelseltype": "http://data.gwsw.nl/1.4/totaal/Drukriolering"}}, {"type": "Feature", "id": 340, "geometry": {"type": "Point", "coordinates": [109818.7899999991, 448930.75]}, "properties": {"Stelsel": "rb/reeuwijk brug", "naam": "RB7490", "type": "http://data.gwsw.nl/1.4/totaal/Pompunit", "Begindatum": "1992-01-01", "Pompcapaciteit1": null, "Pompcapaciteit2": null, "OBJECTID": 340, "stelseltype": "http://data.gwsw.nl/1.4/totaal/Vuilwaterstelsel"}}, {"type": "Feature", "id": 341, "geometry": {"type": "Point", "coordinates": [109860.1799999997, 448925.48999999836]}, "properties": {"Stelsel": "rb/reeuwijk brug", "naam": "RB7492", "type": "http://data.gwsw.nl/1.4/totaal/Pompunit", "Begindatum": "1992-01-01", "Pompcapaciteit1": null, "Pompcapaciteit2": null, "OBJECTID": 341, "stelseltype": "http://data.gwsw.nl/1.4/totaal/Vuilwaterstelsel"}}, {"type": "Feature", "id": 342, "geometry": {"type": "Point", "coordinates": [109887.8599999994, 448898.58999999985]}, "properties": {"Stelsel": "rb/reeuwijk brug", "naam": "RB7495", "type": "http://data.gwsw.nl/1.4/totaal/Pompunit", "Begindatum": "1992-01-01", "Pompcapaciteit1": null, "Pompcapaciteit2": null, "OBJECTID": 342, "stelseltype": "http://data.gwsw.nl/1.4/totaal/Drukriolering"}}, {"type": "Feature", "id": 343, "geometry": {"type": "Point", "coordinates": [109891.55000000075, 448921.0799999982]}, "properties": {"Stelsel": "rb/reeuwijk brug", "naam": "RB7497", "type": "http://data.gwsw.nl/1.4/totaal/Pompunit", "Begindatum": "1992-01-01", "Pompcapaciteit1": null, "Pompcapaciteit2": null, "OBJECTID": 343, "stelseltype": "http://data.gwsw.nl/1.4/totaal/Vuilwaterstelsel"}}, {"type": "Feature", "id": 344, "geometry": {"type": "Point", "coordinates": [109931.57999999821, 448914.8599999994]}, "properties": {"Stelsel": "rb/reeuwijk brug", "naam": "RB7499", "type": "http://data.gwsw.nl/1.4/totaal/Pompunit", "Begindatum": "1992-01-01", "Pompcapaciteit1": null, "Pompcapaciteit2": null, "OBJECTID": 344, "stelseltype": "http://data.gwsw.nl/1.4/totaal/Drukriolering"}}, {"type": "Feature", "id": 345, "geometry": {"type": "Point", "coordinates": [109937.2100000009, 448881.44999999925]}, "properties": {"Stelsel": "rb/reeuwijk brug", "naam": "RB7501", "type": "http://data.gwsw.nl/1.4/totaal/Pompunit", "Begindatum": "1992-01-01", "Pompcapaciteit1": null, "Pompcapaciteit2": null, "OBJECTID": 345, "stelseltype": "http://data.gwsw.nl/1.4/totaal/Drukriolering"}}, {"type": "Feature", "id": 346, "geometry": {"type": "Point", "coordinates": [110137.51999999955, 448824.8999999985]}, "properties": {"Stelsel": "rb/reeuwijk brug", "naam": "RB7510", "type": "http://data.gwsw.nl/1.4/totaal/Pompunit", "Begindatum": "1992-01-01", "Pompcapaciteit1": null, "Pompcapaciteit2": null, "OBJECTID": 346, "stelseltype": "http://data.gwsw.nl/1.4/totaal/Drukriolering"}}, {"type": "Feature", "id": 347, "geometry": {"type": "Point", "coordinates": [110203.67000000179, 448793.6700000018]}, "properties": {"Stelsel": "rb/reeuwijk brug", "naam": "RB7516", "type": "http://data.gwsw.nl/1.4/totaal/Pompunit", "Begindatum": "1992-01-01", "Pompcapaciteit1": null, "Pompcapaciteit2": null, "OBJECTID": 347, "stelseltype": "http://data.gwsw.nl/1.4/totaal/Vuilwaterstelsel"}}, {"type": "Feature", "id": 348, "geometry": {"type": "Point", "coordinates": [110312.71999999881, 448740.6400000006]}, "properties": {"Stelsel": "rb/reeuwijk brug", "naam": "RB7520", "type": "http://data.gwsw.nl/1.4/totaal/Pompunit", "Begindatum": "1992-01-01", "Pompcapaciteit1": null, "Pompcapaciteit2": null, "OBJECTID": 348, "stelseltype": "http://data.gwsw.nl/1.4/totaal/Vuilwaterstelsel"}}, {"type": "Feature", "id": 349, "geometry": {"type": "Point", "coordinates": [110308.91000000015, 448718.8900000006]}, "properties": {"Stelsel": "rb/reeuwijk brug", "naam": "RB7522", "type": "http://data.gwsw.nl/1.4/totaal/Pompunit", "Begindatum": "1992-01-01", "Pompcapaciteit1": null, "Pompcapaciteit2": null, "OBJECTID": 349, "stelseltype": "http://data.gwsw.nl/1.4/totaal/Drukriolering"}}, {"type": "Feature", "id": 350, "geometry": {"type": "Point", "coordinates": [110358.62000000104, 448676.7899999991]}, "properties": {"Stelsel": "rb/reeuwijk brug", "naam": "RB7524", "type": "http://data.gwsw.nl/1.4/totaal/Pompunit", "Begindatum": "1992-01-01", "Pompcapaciteit1": null, "Pompcapaciteit2": null, "OBJECTID": 350, "stelseltype": "http://data.gwsw.nl/1.4/totaal/Drukriolering"}}, {"type": "Feature", "id": 351, "geometry": {"type": "Point", "coordinates": [110378.8900000006, 448692.19000000134]}, "properties": {"Stelsel": "rb/reeuwijk brug", "naam": "RB7526", "type": "http://data.gwsw.nl/1.4/totaal/Pompunit", "Begindatum": "1992-01-01", "Pompcapaciteit1": null, "Pompcapaciteit2": null, "OBJECTID": 351, "stelseltype": "http://data.gwsw.nl/1.4/totaal/Vuilwaterstelsel"}}, {"type": "Feature", "id": 352, "geometry": {"type": "Point", "coordinates": [110399.19000000134, 448677.69999999925]}, "properties": {"Stelsel": "rb/reeuwijk brug", "naam": "RB7528", "type": "http://data.gwsw.nl/1.4/totaal/Pompunit", "Begindatum": "1992-01-01", "Pompcapaciteit1": null, "Pompcapaciteit2": null, "OBJECTID": 352, "stelseltype": "http://data.gwsw.nl/1.4/totaal/Drukriolering"}}, {"type": "Feature", "id": 353, "geometry": {"type": "Point", "coordinates": [110409.8599999994, 448648.05999999866]}, "properties": {"Stelsel": "rb/reeuwijk brug", "naam": "RB7530", "type": "http://data.gwsw.nl/1.4/totaal/Pompunit", "Begindatum": "1992-01-01", "Pompcapaciteit1": null, "Pompcapaciteit2": null, "OBJECTID": 353, "stelseltype": "http://data.gwsw.nl/1.4/totaal/Drukriolering"}}, {"type": "Feature", "id": 354, "geometry": {"type": "Point", "coordinates": [110428.23000000045, 448658.51999999955]}, "properties": {"Stelsel": "rb/reeuwijk brug", "naam": "RB7532", "type": "http://data.gwsw.nl/1.4/totaal/Pompunit", "Begindatum": "1992-01-01", "Pompcapaciteit1": null, "Pompcapaciteit2": null, "OBJECTID": 354, "stelseltype": "http://data.gwsw.nl/1.4/totaal/Vuilwaterstelsel"}}, {"type": "Feature", "id": 355, "geometry": {"type": "Point", "coordinates": [110473.05000000075, 448578.55000000075]}, "properties": {"Stelsel": "rb/reeuwijk brug", "naam": "RB7534", "type": "http://data.gwsw.nl/1.4/totaal/Pompunit", "Begindatum": "1992-01-01", "Pompcapaciteit1": null, "Pompcapaciteit2": null, "OBJECTID": 355, "stelseltype": "http://data.gwsw.nl/1.4/totaal/Drukriolering"}}, {"type": "Feature", "id": 356, "geometry": {"type": "Point", "coordinates": [110554.57999999821, 448570.9600000009]}, "properties": {"Stelsel": "rb/reeuwijk brug", "naam": "RB7538", "type": "http://data.gwsw.nl/1.4/totaal/Pompunit", "Begindatum": "1992-01-01", "Pompcapaciteit1": null, "Pompcapaciteit2": null, "OBJECTID": 356, "stelseltype": "http://data.gwsw.nl/1.4/totaal/Drukriolering"}}, {"type": "Feature", "id": 357, "geometry": {"type": "Point", "coordinates": [110601.01000000164, 448492.5799999982]}, "properties": {"Stelsel": "rb/reeuwijk brug", "naam": "RB7540", "type": "http://data.gwsw.nl/1.4/totaal/Pompunit", "Begindatum": "1992-01-01", "Pompcapaciteit1": null, "Pompcapaciteit2": null, "OBJECTID": 357, "stelseltype": "http://data.gwsw.nl/1.4/totaal/Drukriolering"}}, {"type": "Feature", "id": 358, "geometry": {"type": "Point", "coordinates": [110605.7899999991, 448592.5300000012]}, "properties": {"Stelsel": "rb/reeuwijk brug", "naam": "RB7542", "type": "http://data.gwsw.nl/1.4/totaal/Pompunit", "Begindatum": "1992-01-01", "Pompcapaciteit1": null, "Pompcapaciteit2": null, "OBJECTID": 358, "stelseltype": "http://data.gwsw.nl/1.4/totaal/Drukriolering"}}, {"type": "Feature", "id": 359, "geometry": {"type": "Point", "coordinates": [110603.6099999994, 448563.19000000134]}, "properties": {"Stelsel": "rb/reeuwijk brug", "naam": "RB7544", "type": "http://data.gwsw.nl/1.4/totaal/Pompunit", "Begindatum": "1992-01-01", "Pompcapaciteit1": null, "Pompcapaciteit2": null, "OBJECTID": 359, "stelseltype": "http://data.gwsw.nl/1.4/totaal/Drukriolering"}}, {"type": "Feature", "id": 360, "geometry": {"type": "Point", "coordinates": [110678.3200000003, 448558.44000000134]}, "properties": {"Stelsel": "rb/reeuwijk brug", "naam": "RB7546", "type": "http://data.gwsw.nl/1.4/totaal/Pompunit", "Begindatum": "1992-01-01", "Pompcapaciteit1": null, "Pompcapaciteit2": null, "OBJECTID": 360, "stelseltype": "http://data.gwsw.nl/1.4/totaal/Drukriolering"}}, {"type": "Feature", "id": 361, "geometry": {"type": "Point", "coordinates": [110497.58999999985, 448614.91000000015]}, "properties": {"Stelsel": "rb/reeuwijk brug", "naam": "RB7549", "type": "http://data.gwsw.nl/1.4/totaal/Pompunit", "Begindatum": "1993-01-01", "Pompcapaciteit1": null, "Pompcapaciteit2": null, "OBJECTID": 361, "stelseltype": "http://data.gwsw.nl/1.4/totaal/Drukriolering"}}, {"type": "Feature", "id": 362, "geometry": {"type": "Point", "coordinates": [110467.62999999896, 448663.6400000006]}, "properties": {"Stelsel": "rb/reeuwijk brug", "naam": "RB7551", "type": "http://data.gwsw.nl/1.4/totaal/Pompunit", "Begindatum": "1993-01-01", "Pompcapaciteit1": null, "Pompcapaciteit2": null, "OBJECTID": 362, "stelseltype": "http://data.gwsw.nl/1.4/totaal/Drukriolering"}}, {"type": "Feature", "id": 363, "geometry": {"type": "Point", "coordinates": [110490.01000000164, 448686.3900000006]}, "properties": {"Stelsel": "rb/reeuwijk brug", "naam": "RB7553", "type": "http://data.gwsw.nl/1.4/totaal/Pompunit", "Begindatum": "1993-01-01", "Pompcapaciteit1": null, "Pompcapaciteit2": null, "OBJECTID": 363, "stelseltype": "http://data.gwsw.nl/1.4/totaal/Drukriolering"}}, {"type": "Feature", "id": 364, "geometry": {"type": "Point", "coordinates": [110769.8200000003, 448578.6000000015]}, "properties": {"Stelsel": "rb/reeuwijk brug", "naam": "RB7554", "type": "http://data.gwsw.nl/1.4/totaal/Pompunit", "Begindatum": "1994-01-01", "Pompcapaciteit1": null, "Pompcapaciteit2": null, "OBJECTID": 364, "stelseltype": "http://data.gwsw.nl/1.4/totaal/Drukriolering"}}, {"type": "Feature", "id": 365, "geometry": {"type": "Point", "coordinates": [110819.87000000104, 448577.44999999925]}, "properties": {"Stelsel": "rb/reeuwijk brug", "naam": "RB7556", "type": "http://data.gwsw.nl/1.4/totaal/Pompunit", "Begindatum": "1994-01-01", "Pompcapaciteit1": null, "Pompcapaciteit2": null, "OBJECTID": 365, "stelseltype": "http://data.gwsw.nl/1.4/totaal/Drukriolering"}}, {"type": "Feature", "id": 366, "geometry": {"type": "Point", "coordinates": [110692.94999999925, 448587.2100000009]}, "properties": {"Stelsel": "rb/reeuwijk brug", "naam": "RB7608", "type": "http://data.gwsw.nl/1.4/totaal/Pompunit", "Begindatum": "1994-01-01", "Pompcapaciteit1": null, "Pompcapaciteit2": null, "OBJECTID": 366, "stelseltype": "http://data.gwsw.nl/1.4/totaal/Drukriolering"}}, {"type": "Feature", "id": 367, "geometry": {"type": "Point", "coordinates": [110890.07999999821, 448517.41000000015]}, "properties": {"Stelsel": "rb/reeuwijk brug", "naam": "RB7614", "type": "http://data.gwsw.nl/1.4/totaal/Pompunit", "Begindatum": "1994-01-01", "Pompcapaciteit1": null, "Pompcapaciteit2": null, "OBJECTID": 367, "stelseltype": "http://data.gwsw.nl/1.4/totaal/Drukriolering"}}, {"type": "Feature", "id": 368, "geometry": {"type": "Point", "coordinates": [110911.51999999955, 448427.01000000164]}, "properties": {"Stelsel": "rb/reeuwijk brug", "naam": "RB7616", "type": "http://data.gwsw.nl/1.4/totaal/Pompunit", "Begindatum": "1994-01-01", "Pompcapaciteit1": null, "Pompcapaciteit2": null, "OBJECTID": 368, "stelseltype": "http://data.gwsw.nl/1.4/totaal/Drukriolering"}}, {"type": "Feature", "id": 369, "geometry": {"type": "Point", "coordinates": [110953.53000000119, 448265.05000000075]}, "properties": {"Stelsel": "rb/reeuwijk brug", "naam": "RB7618", "type": "http://data.gwsw.nl/1.4/totaal/Pompunit", "Begindatum": "1994-01-01", "Pompcapaciteit1": null, "Pompcapaciteit2": null, "OBJECTID": 369, "stelseltype": "http://data.gwsw.nl/1.4/totaal/Drukriolering"}}, {"type": "Feature", "id": 370, "geometry": {"type": "Point", "coordinates": [111060.58999999985, 448132.6700000018]}, "properties": {"Stelsel": "rb/reeuwijk brug", "naam": "RB7620", "type": "http://data.gwsw.nl/1.4/totaal/Pompunit", "Begindatum": "1994-01-01", "Pompcapaciteit1": null, "Pompcapaciteit2": null, "OBJECTID": 370, "stelseltype": "http://data.gwsw.nl/1.4/totaal/Drukriolering"}}, {"type": "Feature", "id": 371, "geometry": {"type": "Point", "coordinates": [111075.30000000075, 448114.01999999955]}, "properties": {"Stelsel": "rb/reeuwijk brug", "naam": "RB7622", "type": "http://data.gwsw.nl/1.4/totaal/Pompunit", "Begindatum": "1994-01-01", "Pompcapaciteit1": null, "Pompcapaciteit2": null, "OBJECTID": 371, "stelseltype": "http://data.gwsw.nl/1.4/totaal/Drukriolering"}}, {"type": "Feature", "id": 372, "geometry": {"type": "Point", "coordinates": [111082.5, 448054.3200000003]}, "properties": {"Stelsel": "rb/reeuwijk brug", "naam": "RB7624", "type": "http://data.gwsw.nl/1.4/totaal/Pompunit", "Begindatum": "1994-01-01", "Pompcapaciteit1": null, "Pompcapaciteit2": null, "OBJECTID": 372, "stelseltype": "http://data.gwsw.nl/1.4/totaal/Drukriolering"}}, {"type": "Feature", "id": 373, "geometry": {"type": "Point", "coordinates": [111108.3200000003, 448003.01999999955]}, "properties": {"Stelsel": "rb/reeuwijk brug", "naam": "RB7626", "type": "http://data.gwsw.nl/1.4/totaal/Pompunit", "Begindatum": "1994-01-01", "Pompcapaciteit1": null, "Pompcapaciteit2": null, "OBJECTID": 373, "stelseltype": "http://data.gwsw.nl/1.4/totaal/Drukriolering"}}, {"type": "Feature", "id": 374, "geometry": {"type": "Point", "coordinates": [111166.3900000006, 447977.6499999985]}, "properties": {"Stelsel": "rb/reeuwijk brug", "naam": "RB7629", "type": "http://data.gwsw.nl/1.4/totaal/Pompunit", "Begindatum": "1993-01-01", "Pompcapaciteit1": null, "Pompcapaciteit2": null, "OBJECTID": 374, "stelseltype": "http://data.gwsw.nl/1.4/totaal/Drukriolering"}}, {"type": "Feature", "id": 375, "geometry": {"type": "Point", "coordinates": [111302.01999999955, 447985.2800000012]}, "properties": {"Stelsel": "rb/reeuwijk brug", "naam": "RB7632", "type": "http://data.gwsw.nl/1.4/totaal/Pompunit", "Begindatum": "1993-01-01", "Pompcapaciteit1": null, "Pompcapaciteit2": null, "OBJECTID": 375, "stelseltype": "http://data.gwsw.nl/1.4/totaal/Vuilwaterstelsel"}}, {"type": "Feature", "id": 376, "geometry": {"type": "Point", "coordinates": [111386.0700000003, 447981.6000000015]}, "properties": {"Stelsel": "rb/reeuwijk brug", "naam": "RB7634", "type": "http://data.gwsw.nl/1.4/totaal/Pompunit", "Begindatum": "1993-01-01", "Pompcapaciteit1": null, "Pompcapaciteit2": null, "OBJECTID": 376, "stelseltype": "http://data.gwsw.nl/1.4/totaal/Drukriolering"}}, {"type": "Feature", "id": 377, "geometry": {"type": "Point", "coordinates": [111402.62000000104, 448053.25]}, "properties": {"Stelsel": "rb/reeuwijk brug", "naam": "RB7636", "type": "http://data.gwsw.nl/1.4/totaal/Pompunit", "Begindatum": "1994-01-01", "Pompcapaciteit1": null, "Pompcapaciteit2": null, "OBJECTID": 377, "stelseltype": "http://data.gwsw.nl/1.4/totaal/Drukriolering"}}, {"type": "Feature", "id": 378, "geometry": {"type": "Point", "coordinates": [111455.48999999836, 448002.0799999982]}, "properties": {"Stelsel": "rb/reeuwijk brug", "naam": "RB7638", "type": "http://data.gwsw.nl/1.4/totaal/Pompunit", "Begindatum": "1993-01-01", "Pompcapaciteit1": null, "Pompcapaciteit2": null, "OBJECTID": 378, "stelseltype": "http://data.gwsw.nl/1.4/totaal/Drukriolering"}}, {"type": "Feature", "id": 379, "geometry": {"type": "Point", "coordinates": [111526.05999999866, 448047.66000000015]}, "properties": {"Stelsel": "rb/reeuwijk brug", "naam": "RB7640", "type": "http://data.gwsw.nl/1.4/totaal/Pompunit", "Begindatum": "1993-01-01", "Pompcapaciteit1": null, "Pompcapaciteit2": null, "OBJECTID": 379, "stelseltype": "http://data.gwsw.nl/1.4/totaal/Drukriolering"}}, {"type": "Feature", "id": 380, "geometry": {"type": "Point", "coordinates": [111698.8599999994, 448104.58999999985]}, "properties": {"Stelsel": "rb/reeuwijk brug", "naam": "RB7642", "type": "http://data.gwsw.nl/1.4/totaal/Pompunit", "Begindatum": "1993-01-01", "Pompcapaciteit1": null, "Pompcapaciteit2": null, "OBJECTID": 380, "stelseltype": "http://data.gwsw.nl/1.4/totaal/Drukriolering"}}, {"type": "Feature", "id": 381, "geometry": {"type": "Point", "coordinates": [111837.39999999851, 448100.4299999997]}, "properties": {"Stelsel": "rb/reeuwijk brug", "naam": "RB7645", "type": "http://data.gwsw.nl/1.4/totaal/Pompunit", "Begindatum": "1993-01-01", "Pompcapaciteit1": null, "Pompcapaciteit2": null, "OBJECTID": 381, "stelseltype": "http://data.gwsw.nl/1.4/totaal/Drukriolering"}}, {"type": "Feature", "id": 382, "geometry": {"type": "Point", "coordinates": [111842.60000000149, 448137.3500000015]}, "properties": {"Stelsel": "rb/reeuwijk brug", "naam": "RB7647", "type": "http://data.gwsw.nl/1.4/totaal/Pompunit", "Begindatum": "1993-01-01", "Pompcapaciteit1": null, "Pompcapaciteit2": null, "OBJECTID": 382, "stelseltype": "http://data.gwsw.nl/1.4/totaal/Drukriolering"}}, {"type": "Feature", "id": 383, "geometry": {"type": "Point", "coordinates": [111905.3900000006, 448123.75]}, "properties": {"Stelsel": "rb/reeuwijk brug", "naam": "RB7649", "type": "http://data.gwsw.nl/1.4/totaal/Pompunit", "Begindatum": "1993-01-01", "Pompcapaciteit1": null, "Pompcapaciteit2": null, "OBJECTID": 383, "stelseltype": "http://data.gwsw.nl/1.4/totaal/Drukriolering"}}, {"type": "Feature", "id": 384, "geometry": {"type": "Point", "coordinates": [111965.73000000045, 448101.7100000009]}, "properties": {"Stelsel": "rb/reeuwijk brug", "naam": "RB7653", "type": "http://data.gwsw.nl/1.4/totaal/Pompunit", "Begindatum": "1993-01-01", "Pompcapaciteit1": null, "Pompcapaciteit2": null, "OBJECTID": 384, "stelseltype": "http://data.gwsw.nl/1.4/totaal/Drukriolering"}}, {"type": "Feature", "id": 385, "geometry": {"type": "Point", "coordinates": [112000.2899999991, 448081.8299999982]}, "properties": {"Stelsel": "rb/reeuwijk brug", "naam": "RB7655", "type": "http://data.gwsw.nl/1.4/totaal/Pompunit", "Begindatum": "1993-01-01", "Pompcapaciteit1": null, "Pompcapaciteit2": null, "OBJECTID": 385, "stelseltype": "http://data.gwsw.nl/1.4/totaal/Drukriolering"}}, {"type": "Feature", "id": 386, "geometry": {"type": "Point", "coordinates": [112012.0700000003, 448105.7899999991]}, "properties": {"Stelsel": "rb/reeuwijk brug", "naam": "RB7657", "type": "http://data.gwsw.nl/1.4/totaal/Pompunit", "Begindatum": "1993-01-01", "Pompcapaciteit1": null, "Pompcapaciteit2": null, "OBJECTID": 386, "stelseltype": "http://data.gwsw.nl/1.4/totaal/Drukriolering"}}, {"type": "Feature", "id": 387, "geometry": {"type": "Point", "coordinates": [112084.28000000119, 448088.8900000006]}, "properties": {"Stelsel": "rb/reeuwijk brug", "naam": "RB7660", "type": "http://data.gwsw.nl/1.4/totaal/Pompunit", "Begindatum": "1993-01-01", "Pompcapaciteit1": null, "Pompcapaciteit2": null, "OBJECTID": 387, "stelseltype": "http://data.gwsw.nl/1.4/totaal/Drukriolering"}}, {"type": "Feature", "id": 388, "geometry": {"type": "Point", "coordinates": [112134.9600000009, 448103.6799999997]}, "properties": {"Stelsel": "rb/reeuwijk brug", "naam": "RB7662", "type": "http://data.gwsw.nl/1.4/totaal/Pompunit", "Begindatum": "1993-01-01", "Pompcapaciteit1": null, "Pompcapaciteit2": null, "OBJECTID": 388, "stelseltype": "http://data.gwsw.nl/1.4/totaal/Drukriolering"}}, {"type": "Feature", "id": 389, "geometry": {"type": "Point", "coordinates": [112226, 448136.26999999955]}, "properties": {"Stelsel": "rb/reeuwijk brug", "naam": "RB7668", "type": "http://data.gwsw.nl/1.4/totaal/Pompunit", "Begindatum": "1993-01-01", "Pompcapaciteit1": null, "Pompcapaciteit2": null, "OBJECTID": 389, "stelseltype": "http://data.gwsw.nl/1.4/totaal/Vuilwaterstelsel"}}, {"type": "Feature", "id": 390, "geometry": {"type": "Point", "coordinates": [112338.42000000179, 448137.8299999982]}, "properties": {"Stelsel": "rb/reeuwijk brug", "naam": "RB7672", "type": "http://data.gwsw.nl/1.4/totaal/Pompunit", "Begindatum": "1993-01-01", "Pompcapaciteit1": null, "Pompcapaciteit2": null, "OBJECTID": 390, "stelseltype": "http://data.gwsw.nl/1.4/totaal/Vuilwaterstelsel"}}, {"type": "Feature", "id": 391, "geometry": {"type": "Point", "coordinates": [112344.7899999991, 448167.62999999896]}, "properties": {"Stelsel": "rb/reeuwijk brug", "naam": "RB7675", "type": "http://data.gwsw.nl/1.4/totaal/Pompunit", "Begindatum": "1993-01-01", "Pompcapaciteit1": null, "Pompcapaciteit2": null, "OBJECTID": 391, "stelseltype": "http://data.gwsw.nl/1.4/totaal/Vuilwaterstelsel"}}, {"type": "Feature", "id": 392, "geometry": {"type": "Point", "coordinates": [112405.76000000164, 448169.30000000075]}, "properties": {"Stelsel": "rb/reeuwijk brug", "naam": "RB7677", "type": "http://data.gwsw.nl/1.4/totaal/Pompunit", "Begindatum": "1993-01-01", "Pompcapaciteit1": null, "Pompcapaciteit2": null, "OBJECTID": 392, "stelseltype": "http://data.gwsw.nl/1.4/totaal/Drukriolering"}}, {"type": "Feature", "id": 393, "geometry": {"type": "Point", "coordinates": [112414.8900000006, 448207.62999999896]}, "properties": {"Stelsel": "rb/reeuwijk brug", "naam": "RB7680", "type": "http://data.gwsw.nl/1.4/totaal/Pompunit", "Begindatum": "1993-01-01", "Pompcapaciteit1": null, "Pompcapaciteit2": null, "OBJECTID": 393, "stelseltype": "http://data.gwsw.nl/1.4/totaal/Drukriolering"}}, {"type": "Feature", "id": 394, "geometry": {"type": "Point", "coordinates": [112468.85000000149, 448165.8299999982]}, "properties": {"Stelsel": "rb/reeuwijk brug", "naam": "RB7682", "type": "http://data.gwsw.nl/1.4/totaal/Pompunit", "Begindatum": "1993-01-01", "Pompcapaciteit1": null, "Pompcapaciteit2": null, "OBJECTID": 394, "stelseltype": "http://data.gwsw.nl/1.4/totaal/Drukriolering"}}, {"type": "Feature", "id": 395, "geometry": {"type": "Point", "coordinates": [112512.12999999896, 448198.5399999991]}, "properties": {"Stelsel": "rb/reeuwijk brug", "naam": "RB7684", "type": "http://data.gwsw.nl/1.4/totaal/Pompunit", "Begindatum": "1993-01-01", "Pompcapaciteit1": null, "Pompcapaciteit2": null, "OBJECTID": 395, "stelseltype": "http://data.gwsw.nl/1.4/totaal/Drukriolering"}}, {"type": "Feature", "id": 396, "geometry": {"type": "Point", "coordinates": [112522.64999999851, 448180.01999999955]}, "properties": {"Stelsel": "rb/reeuwijk brug", "naam": "RB7686", "type": "http://data.gwsw.nl/1.4/totaal/Pompunit", "Begindatum": "1993-01-01", "Pompcapaciteit1": null, "Pompcapaciteit2": null, "OBJECTID": 396, "stelseltype": "http://data.gwsw.nl/1.4/totaal/Drukriolering"}}, {"type": "Feature", "id": 397, "geometry": {"type": "Point", "coordinates": [112578.9600000009, 448211.1499999985]}, "properties": {"Stelsel": "rb/reeuwijk brug", "naam": "RB7688", "type": "http://data.gwsw.nl/1.4/totaal/Pompunit", "Begindatum": "1993-01-01", "Pompcapaciteit1": null, "Pompcapaciteit2": null, "OBJECTID": 397, "stelseltype": "http://data.gwsw.nl/1.4/totaal/Drukriolering"}}, {"type": "Feature", "id": 398, "geometry": {"type": "Point", "coordinates": [112590.05000000075, 448189.98999999836]}, "properties": {"Stelsel": "rb/reeuwijk brug", "naam": "RB7690", "type": "http://data.gwsw.nl/1.4/totaal/Pompunit", "Begindatum": "1993-01-01", "Pompcapaciteit1": null, "Pompcapaciteit2": null, "OBJECTID": 398, "stelseltype": "http://data.gwsw.nl/1.4/totaal/Drukriolering"}}, {"type": "Feature", "id": 399, "geometry": {"type": "Point", "coordinates": [112590.75, 448212.48999999836]}, "properties": {"Stelsel": "rb/reeuwijk brug", "naam": "RB7692", "type": "http://data.gwsw.nl/1.4/totaal/Pompunit", "Begindatum": "1993-01-01", "Pompcapaciteit1": null, "Pompcapaciteit2": null, "OBJECTID": 399, "stelseltype": "http://data.gwsw.nl/1.4/totaal/Drukriolering"}}, {"type": "Feature", "id": 400, "geometry": {"type": "Point", "coordinates": [112637.46999999881, 448197.87000000104]}, "properties": {"Stelsel": "rb/reeuwijk brug", "naam": "RB7694", "type": "http://data.gwsw.nl/1.4/totaal/Pompunit", "Begindatum": "1993-01-01", "Pompcapaciteit1": null, "Pompcapaciteit2": null, "OBJECTID": 400, "stelseltype": "http://data.gwsw.nl/1.4/totaal/Drukriolering"}}, {"type": "Feature", "id": 401, "geometry": {"type": "Point", "coordinates": [112638.8900000006, 448222.8500000015]}, "properties": {"Stelsel": "rb/reeuwijk brug", "naam": "RB7696", "type": "http://data.gwsw.nl/1.4/totaal/Pompunit", "Begindatum": "1993-01-01", "Pompcapaciteit1": null, "Pompcapaciteit2": null, "OBJECTID": 401, "stelseltype": "http://data.gwsw.nl/1.4/totaal/Drukriolering"}}, {"type": "Feature", "id": 402, "geometry": {"type": "Point", "coordinates": [112655.66000000015, 448224.6700000018]}, "properties": {"Stelsel": "rb/reeuwijk brug", "naam": "RB7698", "type": "http://data.gwsw.nl/1.4/totaal/Pompunit", "Begindatum": "1993-01-01", "Pompcapaciteit1": null, "Pompcapaciteit2": null, "OBJECTID": 402, "stelseltype": "http://data.gwsw.nl/1.4/totaal/Drukriolering"}}, {"type": "Feature", "id": 403, "geometry": {"type": "Point", "coordinates": [112704.03000000119, 448241.44000000134]}, "properties": {"Stelsel": "rb/reeuwijk brug", "naam": "RB7700", "type": "http://data.gwsw.nl/1.4/totaal/Pompunit", "Begindatum": "1993-01-01", "Pompcapaciteit1": null, "Pompcapaciteit2": null, "OBJECTID": 403, "stelseltype": "http://data.gwsw.nl/1.4/totaal/Drukriolering"}}, {"type": "Feature", "id": 404, "geometry": {"type": "Point", "coordinates": [112840.05000000075, 448240.19999999925]}, "properties": {"Stelsel": "rb/reeuwijk brug", "naam": "RB7703", "type": "http://data.gwsw.nl/1.4/totaal/Pompunit", "Begindatum": "1993-01-01", "Pompcapaciteit1": null, "Pompcapaciteit2": null, "OBJECTID": 404, "stelseltype": "http://data.gwsw.nl/1.4/totaal/Drukriolering"}}, {"type": "Feature", "id": 405, "geometry": {"type": "Point", "coordinates": [112897.71999999881, 448245.0300000012]}, "properties": {"Stelsel": "rb/reeuwijk brug", "naam": "RB7705", "type": "http://data.gwsw.nl/1.4/totaal/Pompunit", "Begindatum": "1993-01-01", "Pompcapaciteit1": null, "Pompcapaciteit2": null, "OBJECTID": 405, "stelseltype": "http://data.gwsw.nl/1.4/totaal/Drukriolering"}}, {"type": "Feature", "id": 406, "geometry": {"type": "Point", "coordinates": [112964.4299999997, 448264.0700000003]}, "properties": {"Stelsel": "rb/reeuwijk brug", "naam": "RB7707", "type": "http://data.gwsw.nl/1.4/totaal/Pompunit", "Begindatum": "1993-01-01", "Pompcapaciteit1": null, "Pompcapaciteit2": null, "OBJECTID": 406, "stelseltype": "http://data.gwsw.nl/1.4/totaal/Drukriolering"}}, {"type": "Feature", "id": 407, "geometry": {"type": "Point", "coordinates": [113082.48000000045, 448333.3900000006]}, "properties": {"Stelsel": "rb/reeuwijk brug", "naam": "RB7711", "type": "http://data.gwsw.nl/1.4/totaal/Pompunit", "Begindatum": "1993-01-01", "Pompcapaciteit1": null, "Pompcapaciteit2": null, "OBJECTID": 407, "stelseltype": "http://data.gwsw.nl/1.4/totaal/Drukriolering"}}, {"type": "Feature", "id": 408, "geometry": {"type": "Point", "coordinates": [108822.30000000075, 450875.37000000104]}, "properties": {"Stelsel": "rb/reeuwijk brug", "naam": "RB7714", "type": "http://data.gwsw.nl/1.4/totaal/Pompunit", "Begindatum": "1988-01-01", "Pompcapaciteit1": null, "Pompcapaciteit2": null, "OBJECTID": 408, "stelseltype": "http://data.gwsw.nl/1.4/totaal/Drukriolering"}}, {"type": "Feature", "id": 409, "geometry": {"type": "Point", "coordinates": [108878.53000000119, 450854.6700000018]}, "properties": {"Stelsel": "rb/reeuwijk brug", "naam": "RB7715", "type": "http://data.gwsw.nl/1.4/totaal/Pompunit", "Begindatum": "1988-01-01", "Pompcapaciteit1": null, "Pompcapaciteit2": null, "OBJECTID": 409, "stelseltype": "http://data.gwsw.nl/1.4/totaal/Drukriolering"}}, {"type": "Feature", "id": 410, "geometry": {"type": "Point", "coordinates": [108908.23999999836, 450823.9299999997]}, "properties": {"Stelsel": "rb/reeuwijk brug", "naam": "RB7717", "type": "http://data.gwsw.nl/1.4/totaal/Pompunit", "Begindatum": "1988-01-01", "Pompcapaciteit1": null, "Pompcapaciteit2": null, "OBJECTID": 410, "stelseltype": "http://data.gwsw.nl/1.4/totaal/Drukriolering"}}, {"type": "Feature", "id": 411, "geometry": {"type": "Point", "coordinates": [108925.1799999997, 450806.87999999896]}, "properties": {"Stelsel": "rb/reeuwijk brug", "naam": "RB7719", "type": "http://data.gwsw.nl/1.4/totaal/Pompunit", "Begindatum": "1988-01-01", "Pompcapaciteit1": null, "Pompcapaciteit2": null, "OBJECTID": 411, "stelseltype": "http://data.gwsw.nl/1.4/totaal/Drukriolering"}}, {"type": "Feature", "id": 412, "geometry": {"type": "Point", "coordinates": [108994.69000000134, 450780.9299999997]}, "properties": {"Stelsel": "rb/reeuwijk brug", "naam": "RB7721", "type": "http://data.gwsw.nl/1.4/totaal/Pompunit", "Begindatum": "1988-01-01", "Pompcapaciteit1": null, "Pompcapaciteit2": null, "OBJECTID": 412, "stelseltype": "http://data.gwsw.nl/1.4/totaal/Vuilwaterstelsel"}}, {"type": "Feature", "id": 413, "geometry": {"type": "Point", "coordinates": [109036.06700000167, 450735.9820000008]}, "properties": {"Stelsel": "rb/reeuwijk brug", "naam": "RB7725", "type": "http://data.gwsw.nl/1.4/totaal/Pompunit", "Begindatum": "1988-01-01", "Pompcapaciteit1": null, "Pompcapaciteit2": null, "OBJECTID": 413, "stelseltype": "http://data.gwsw.nl/1.4/totaal/Vuilwaterstelsel"}}, {"type": "Feature", "id": 414, "geometry": {"type": "Point", "coordinates": [109066.28000000119, 450740.6799999997]}, "properties": {"Stelsel": "rb/reeuwijk brug", "naam": "RB7728", "type": "http://data.gwsw.nl/1.4/totaal/Pompunit", "Begindatum": "1988-01-01", "Pompcapaciteit1": null, "Pompcapaciteit2": null, "OBJECTID": 414, "stelseltype": "http://data.gwsw.nl/1.4/totaal/Vuilwaterstelsel"}}, {"type": "Feature", "id": 415, "geometry": {"type": "Point", "coordinates": [109060.0399999991, 450715.23999999836]}, "properties": {"Stelsel": "rb/reeuwijk brug", "naam": "RB7731", "type": "http://data.gwsw.nl/1.4/totaal/Pompunit", "Begindatum": "1988-01-01", "Pompcapaciteit1": null, "Pompcapaciteit2": null, "OBJECTID": 415, "stelseltype": "http://data.gwsw.nl/1.4/totaal/Drukriolering"}}, {"type": "Feature", "id": 416, "geometry": {"type": "Point", "coordinates": [109098.30999999866, 450741.9149999991]}, "properties": {"Stelsel": "rb/reeuwijk brug", "naam": "RB7733", "type": "http://data.gwsw.nl/1.4/totaal/Pompunit", "Begindatum": "1988-01-01", "Pompcapaciteit1": null, "Pompcapaciteit2": null, "OBJECTID": 416, "stelseltype": "http://data.gwsw.nl/1.4/totaal/Drukriolering"}}, {"type": "Feature", "id": 417, "geometry": {"type": "Point", "coordinates": [109157.26999999955, 450705.80000000075]}, "properties": {"Stelsel": "rb/reeuwijk brug", "naam": "RB7735", "type": "http://data.gwsw.nl/1.4/totaal/Pompunit", "Begindatum": "1988-01-01", "Pompcapaciteit1": null, "Pompcapaciteit2": null, "OBJECTID": 417, "stelseltype": "http://data.gwsw.nl/1.4/totaal/Vuilwaterstelsel"}}, {"type": "Feature", "id": 418, "geometry": {"type": "Point", "coordinates": [110765.19999999925, 450174.6499999985]}, "properties": {"Stelsel": "rb/reeuwijk brug", "naam": "RB7743", "type": "http://data.gwsw.nl/1.4/totaal/Pompunit", "Begindatum": "1992-01-01", "Pompcapaciteit1": null, "Pompcapaciteit2": null, "OBJECTID": 418, "stelseltype": "http://data.gwsw.nl/1.4/totaal/Vuilwaterstelsel"}}, {"type": "Feature", "id": 419, "geometry": {"type": "Point", "coordinates": [110804.44000000134, 450166.80000000075]}, "properties": {"Stelsel": "rb/reeuwijk brug", "naam": "RB7745", "type": "http://data.gwsw.nl/1.4/totaal/Pompunit", "Begindatum": "1995-01-01", "Pompcapaciteit1": null, "Pompcapaciteit2": null, "OBJECTID": 419, "stelseltype": "http://data.gwsw.nl/1.4/totaal/Drukriolering"}}, {"type": "Feature", "id": 420, "geometry": {"type": "Point", "coordinates": [110865.76000000164, 450183.6499999985]}, "properties": {"Stelsel": "rb/reeuwijk brug", "naam": "RB7747", "type": "http://data.gwsw.nl/1.4/totaal/Pompunit", "Begindatum": "1995-01-01", "Pompcapaciteit1": null, "Pompcapaciteit2": null, "OBJECTID": 420, "stelseltype": "http://data.gwsw.nl/1.4/totaal/Drukriolering"}}, {"type": "Feature", "id": 421, "geometry": {"type": "Point", "coordinates": [110849.2100000009, 450155.8299999982]}, "properties": {"Stelsel": "rb/reeuwijk brug", "naam": "RB7748", "type": "http://data.gwsw.nl/1.4/totaal/Pompunit", "Begindatum": "1995-01-01", "Pompcapaciteit1": null, "Pompcapaciteit2": null, "OBJECTID": 421, "stelseltype": "http://data.gwsw.nl/1.4/totaal/Drukriolering"}}, {"type": "Feature", "id": 422, "geometry": {"type": "Point", "coordinates": [110822.87999999896, 450127.0399999991]}, "properties": {"Stelsel": "rb/reeuwijk brug", "naam": "RB7751", "type": "http://data.gwsw.nl/1.4/totaal/Pompunit", "Begindatum": "1992-01-01", "Pompcapaciteit1": null, "Pompcapaciteit2": null, "OBJECTID": 422, "stelseltype": "http://data.gwsw.nl/1.4/totaal/Drukriolering"}}, {"type": "Feature", "id": 423, "geometry": {"type": "Point", "coordinates": [110922.07999999821, 450163.19000000134]}, "properties": {"Stelsel": "rb/reeuwijk brug", "naam": "RB7753", "type": "http://data.gwsw.nl/1.4/totaal/Pompunit", "Begindatum": "1995-01-01", "Pompcapaciteit1": null, "Pompcapaciteit2": null, "OBJECTID": 423, "stelseltype": "http://data.gwsw.nl/1.4/totaal/Drukriolering"}}, {"type": "Feature", "id": 424, "geometry": {"type": "Point", "coordinates": [110965.83999999985, 450141.33999999985]}, "properties": {"Stelsel": "rb/reeuwijk brug", "naam": "RB7754", "type": "http://data.gwsw.nl/1.4/totaal/Pompunit", "Begindatum": "1995-01-01", "Pompcapaciteit1": null, "Pompcapaciteit2": null, "OBJECTID": 424, "stelseltype": "http://data.gwsw.nl/1.4/totaal/Drukriolering"}}, {"type": "Feature", "id": 425, "geometry": {"type": "Point", "coordinates": [110938.3599999994, 450079.1400000006]}, "properties": {"Stelsel": "rb/reeuwijk brug", "naam": "RB7756", "type": "http://data.gwsw.nl/1.4/totaal/Pompunit", "Begindatum": "1995-01-01", "Pompcapaciteit1": null, "Pompcapaciteit2": null, "OBJECTID": 425, "stelseltype": "http://data.gwsw.nl/1.4/totaal/Drukriolering"}}, {"type": "Feature", "id": 426, "geometry": {"type": "Point", "coordinates": [110945.75, 450054.33999999985]}, "properties": {"Stelsel": "rb/reeuwijk brug", "naam": "RB7759", "type": "http://data.gwsw.nl/1.4/totaal/Pompunit", "Begindatum": "1995-01-01", "Pompcapaciteit1": null, "Pompcapaciteit2": null, "OBJECTID": 426, "stelseltype": "http://data.gwsw.nl/1.4/totaal/Drukriolering"}}, {"type": "Feature", "id": 427, "geometry": {"type": "Point", "coordinates": [111005.05999999866, 450011.2800000012]}, "properties": {"Stelsel": "rb/reeuwijk brug", "naam": "RB7761", "type": "http://data.gwsw.nl/1.4/totaal/Pompunit", "Begindatum": "1995-01-01", "Pompcapaciteit1": null, "Pompcapaciteit2": null, "OBJECTID": 427, "stelseltype": "http://data.gwsw.nl/1.4/totaal/Drukriolering"}}, {"type": "Feature", "id": 428, "geometry": {"type": "Point", "coordinates": [111015.55999999866, 449995.8900000006]}, "properties": {"Stelsel": "rb/reeuwijk brug", "naam": "RB7765", "type": "http://data.gwsw.nl/1.4/totaal/Pompunit", "Begindatum": "1992-01-01", "Pompcapaciteit1": null, "Pompcapaciteit2": null, "OBJECTID": 428, "stelseltype": "http://data.gwsw.nl/1.4/totaal/Vuilwaterstelsel"}}, {"type": "Feature", "id": 429, "geometry": {"type": "Point", "coordinates": [111045.48999999836, 449975.1000000015]}, "properties": {"Stelsel": "rb/reeuwijk brug", "naam": "RB7767", "type": "http://data.gwsw.nl/1.4/totaal/Pompunit", "Begindatum": "1995-01-01", "Pompcapaciteit1": null, "Pompcapaciteit2": null, "OBJECTID": 429, "stelseltype": "http://data.gwsw.nl/1.4/totaal/Drukriolering"}}, {"type": "Feature", "id": 430, "geometry": {"type": "Point", "coordinates": [111112.89999999851, 449922.1000000015]}, "properties": {"Stelsel": "rb/reeuwijk brug", "naam": "RB7769", "type": "http://data.gwsw.nl/1.4/totaal/Pompunit", "Begindatum": "1995-01-01", "Pompcapaciteit1": null, "Pompcapaciteit2": null, "OBJECTID": 430, "stelseltype": "http://data.gwsw.nl/1.4/totaal/Drukriolering"}}, {"type": "Feature", "id": 431, "geometry": {"type": "Point", "coordinates": [111110.6099999994, 449899.73999999836]}, "properties": {"Stelsel": "rb/reeuwijk brug", "naam": "RB7771", "type": "http://data.gwsw.nl/1.4/totaal/Pompunit", "Begindatum": "1992-01-01", "Pompcapaciteit1": null, "Pompcapaciteit2": null, "OBJECTID": 431, "stelseltype": "http://data.gwsw.nl/1.4/totaal/Drukriolering"}}, {"type": "Feature", "id": 432, "geometry": {"type": "Point", "coordinates": [109288.2100000009, 448896.8900000006]}, "properties": {"Stelsel": "rb/reeuwijk brug", "naam": "RB7773", "type": "http://data.gwsw.nl/1.4/totaal/Pompunit", "Begindatum": "1992-01-01", "Pompcapaciteit1": null, "Pompcapaciteit2": null, "OBJECTID": 432, "stelseltype": "http://data.gwsw.nl/1.4/totaal/Drukriolering"}}, {"type": "Feature", "id": 433, "geometry": {"type": "Point", "coordinates": [111614.51000000164, 449851.01999999955]}, "properties": {"Stelsel": "rb/reeuwijk brug", "naam": "RB7781", "type": "http://data.gwsw.nl/1.4/totaal/Pompunit", "Begindatum": "1994-01-01", "Pompcapaciteit1": null, "Pompcapaciteit2": null, "OBJECTID": 433, "stelseltype": "http://data.gwsw.nl/1.4/totaal/Drukriolering"}}, {"type": "Feature", "id": 434, "geometry": {"type": "Point", "coordinates": [111088.57999999821, 449565.0300000012]}, "properties": {"Stelsel": "rb/reeuwijk brug", "naam": "RB7783", "type": "http://data.gwsw.nl/1.4/totaal/Pompunit", "Begindatum": "1995-01-01", "Pompcapaciteit1": null, "Pompcapaciteit2": null, "OBJECTID": 434, "stelseltype": "http://data.gwsw.nl/1.4/totaal/Drukriolering"}}, {"type": "Feature", "id": 435, "geometry": {"type": "Point", "coordinates": [111128.80000000075, 449882.87000000104]}, "properties": {"Stelsel": "rb/reeuwijk brug", "naam": "RB7785", "type": "http://data.gwsw.nl/1.4/totaal/Pompunit", "Begindatum": "1992-01-01", "Pompcapaciteit1": null, "Pompcapaciteit2": null, "OBJECTID": 435, "stelseltype": "http://data.gwsw.nl/1.4/totaal/Drukriolering"}}, {"type": "Feature", "id": 436, "geometry": {"type": "Point", "coordinates": [111141.37200000137, 449856.7899999991]}, "properties": {"Stelsel": "rb/reeuwijk brug", "naam": "RB7787", "type": "http://data.gwsw.nl/1.4/totaal/Pompunit", "Begindatum": "1995-01-01", "Pompcapaciteit1": null, "Pompcapaciteit2": null, "OBJECTID": 436, "stelseltype": "http://data.gwsw.nl/1.4/totaal/Drukriolering"}}, {"type": "Feature", "id": 437, "geometry": {"type": "Point", "coordinates": [111402.3200000003, 448026.69999999925]}, "properties": {"Stelsel": "rb/reeuwijk brug", "naam": "RB7788", "type": "http://data.gwsw.nl/1.4/totaal/Pompunit", "Begindatum": "2004-01-01", "Pompcapaciteit1": null, "Pompcapaciteit2": null, "OBJECTID": 437, "stelseltype": "http://data.gwsw.nl/1.4/totaal/Drukriolering"}}, {"type": "Feature", "id": 438, "geometry": {"type": "Point", "coordinates": [111646.8599999994, 448081.08999999985]}, "properties": {"Stelsel": "rb/reeuwijk brug", "naam": "RB7790", "type": "http://data.gwsw.nl/1.4/totaal/Pompunit", "Begindatum": "2003-01-01", "Pompcapaciteit1": null, "Pompcapaciteit2": null, "OBJECTID": 438, "stelseltype": "http://data.gwsw.nl/1.4/totaal/Drukriolering"}}, {"type": "Feature", "id": 439, "geometry": {"type": "Point", "coordinates": [110573.1099999994, 451676.9699999988]}, "properties": {"Stelsel": "rb/reeuwijk brug", "naam": "RB7792", "type": "http://data.gwsw.nl/1.4/totaal/Pompunit", "Begindatum": "2003-01-01", "Pompcapaciteit1": null, "Pompcapaciteit2": null, "OBJECTID": 439, "stelseltype": "http://data.gwsw.nl/1.4/totaal/Drukriolering"}}, {"type": "Feature", "id": 440, "geometry": {"type": "Point", "coordinates": [110528.9600000009, 451711.8299999982]}, "properties": {"Stelsel": "rb/reeuwijk brug", "naam": "RB7793", "type": "http://data.gwsw.nl/1.4/totaal/Pompunit", "Begindatum": "1998-01-01", "Pompcapaciteit1": null, "Pompcapaciteit2": null, "OBJECTID": 440, "stelseltype": "http://data.gwsw.nl/1.4/totaal/Drukriolering"}}, {"type": "Feature", "id": 441, "geometry": {"type": "Point", "coordinates": [109628.55999999866, 451945.25]}, "properties": {"Stelsel": "rb/reeuwijk brug", "naam": "RB7794", "type": "http://data.gwsw.nl/1.4/totaal/Pompunit", "Begindatum": "2005-01-01", "Pompcapaciteit1": null, "Pompcapaciteit2": null, "OBJECTID": 441, "stelseltype": "http://data.gwsw.nl/1.4/totaal/Drukriolering"}}, {"type": "Feature", "id": 442, "geometry": {"type": "Point", "coordinates": [109852.08799999952, 451595.6799999997]}, "properties": {"Stelsel": "rb/reeuwijk brug", "naam": "RB7796", "type": "http://data.gwsw.nl/1.4/totaal/Pompunit", "Begindatum": "1998-01-01", "Pompcapaciteit1": null, "Pompcapaciteit2": null, "OBJECTID": 442, "stelseltype": "http://data.gwsw.nl/1.4/totaal/Vuilwaterstelsel"}}, {"type": "Feature", "id": 443, "geometry": {"type": "Point", "coordinates": [109885.67000000179, 451754.48999999836]}, "properties": {"Stelsel": "rb/reeuwijk brug", "naam": "RB7799", "type": "http://data.gwsw.nl/1.4/totaal/Pompunit", "Begindatum": "2004-01-01", "Pompcapaciteit1": null, "Pompcapaciteit2": null, "OBJECTID": 443, "stelseltype": "http://data.gwsw.nl/1.4/totaal/Drukriolering"}}, {"type": "Feature", "id": 444, "geometry": {"type": "Point", "coordinates": [109865.4600000009, 451674.41000000015]}, "properties": {"Stelsel": "rb/reeuwijk brug", "naam": "RB7800", "type": "http://data.gwsw.nl/1.4/totaal/Pompunit", "Begindatum": "1998-01-01", "Pompcapaciteit1": null, "Pompcapaciteit2": null, "OBJECTID": 444, "stelseltype": "http://data.gwsw.nl/1.4/totaal/Drukriolering"}}, {"type": "Feature", "id": 445, "geometry": {"type": "Point", "coordinates": [111317.19399999827, 449969.21499999985]}, "properties": {"Stelsel": "rb/reeuwijk brug", "naam": "RB7801", "type": "http://data.gwsw.nl/1.4/totaal/Pompunit", "Begindatum": "1900-01-01", "Pompcapaciteit1": null, "Pompcapaciteit2": null, "OBJECTID": 445, "stelseltype": "http://data.gwsw.nl/1.4/totaal/Drukriolering"}}, {"type": "Feature", "id": 446, "geometry": {"type": "Point", "coordinates": [110487.34499999881, 449614.53500000015]}, "properties": {"Stelsel": "rb/reeuwijk brug", "naam": "RB7804", "type": "http://data.gwsw.nl/1.4/totaal/Pompunit", "Begindatum": "1991-01-01", "Pompcapaciteit1": null, "Pompcapaciteit2": null, "OBJECTID": 446, "stelseltype": "http://data.gwsw.nl/1.4/totaal/Drukriolering"}}, {"type": "Feature", "id": 447, "geometry": {"type": "Point", "coordinates": [110498.6559999995, 448652.2190000005]}, "properties": {"Stelsel": "rb/reeuwijk brug", "naam": "RB7805", "type": "http://data.gwsw.nl/1.4/totaal/Pompunit", "Begindatum": "1993-01-01", "Pompcapaciteit1": null, "Pompcapaciteit2": null, "OBJECTID": 447, "stelseltype": "http://data.gwsw.nl/1.4/totaal/Drukriolering"}}, {"type": "Feature", "id": 448, "geometry": {"type": "Point", "coordinates": [110314.25, 448711.66000000015]}, "properties": {"Stelsel": "rb/reeuwijk brug", "naam": "RB7806", "type": "http://data.gwsw.nl/1.4/totaal/Pompunit", "Begindatum": "2004-01-01", "Pompcapaciteit1": null, "Pompcapaciteit2": null, "OBJECTID": 448, "stelseltype": "http://data.gwsw.nl/1.4/totaal/Drukriolering"}}, {"type": "Feature", "id": 449, "geometry": {"type": "Point", "coordinates": [108952.02199999988, 450789.4750000015]}, "properties": {"Stelsel": "rb/reeuwijk brug", "naam": "RB7872", "type": "http://data.gwsw.nl/1.4/totaal/Pompunit", "Begindatum": "1900-01-01", "Pompcapaciteit1": null, "Pompcapaciteit2": null, "OBJECTID": 449, "stelseltype": "http://data.gwsw.nl/1.4/totaal/Drukriolering"}}, {"type": "Feature", "id": 450, "geometry": {"type": "Point", "coordinates": [109030.19299999997, 450757.68400000036]}, "properties": {"Stelsel": "rb/reeuwijk brug", "naam": "RB7873", "type": "http://data.gwsw.nl/1.4/totaal/Pompunit", "Begindatum": "1900-01-01", "Pompcapaciteit1": null, "Pompcapaciteit2": null, "OBJECTID": 450, "stelseltype": "http://data.gwsw.nl/1.4/totaal/Drukriolering"}}, {"type": "Feature", "id": 451, "geometry": {"type": "Point", "coordinates": [108907.76399999857, 450755.59899999946]}, "properties": {"Stelsel": "rb/reeuwijk brug", "naam": "RB7874", "type": "http://data.gwsw.nl/1.4/totaal/Pompunit", "Begindatum": "1900-01-01", "Pompcapaciteit1": null, "Pompcapaciteit2": null, "OBJECTID": 451, "stelseltype": "http://data.gwsw.nl/1.4/totaal/Drukriolering"}}, {"type": "Feature", "id": 452, "geometry": {"type": "Point", "coordinates": [110459.20899999887, 450482.7270000018]}, "properties": {"Stelsel": "rb/reeuwijk brug", "naam": "RB7875", "type": "http://data.gwsw.nl/1.4/totaal/Pompunit", "Begindatum": "1900-01-01", "Pompcapaciteit1": null, "Pompcapaciteit2": null, "OBJECTID": 452, "stelseltype": "http://data.gwsw.nl/1.4/totaal/Drukriolering"}}, {"type": "Feature", "id": 453, "geometry": {"type": "Point", "coordinates": [111656.78799999878, 449685.4609999992]}, "properties": {"Stelsel": "rb/reeuwijk brug", "naam": "RB7876", "type": "http://data.gwsw.nl/1.4/totaal/Pompunit", "Begindatum": "1900-01-01", "Pompcapaciteit1": null, "Pompcapaciteit2": null, "OBJECTID": 453, "stelseltype": "http://data.gwsw.nl/1.4/totaal/Drukriolering"}}, {"type": "Feature", "id": 454, "geometry": {"type": "Point", "coordinates": [109970.20600000024, 448970.58100000024]}, "properties": {"Stelsel": "rb/reeuwijk brug", "naam": "RB7877", "type": "http://data.gwsw.nl/1.4/totaal/Pompunit", "Begindatum": "1900-01-01", "Pompcapaciteit1": null, "Pompcapaciteit2": null, "OBJECTID": 454, "stelseltype": "http://data.gwsw.nl/1.4/totaal/Drukriolering"}}, {"type": "Feature", "id": 455, "geometry": {"type": "Point", "coordinates": [112935.4450000003, 448291.4699999988]}, "properties": {"Stelsel": "rb/reeuwijk brug", "naam": "RB7878", "type": "http://data.gwsw.nl/1.4/totaal/Pompunit", "Begindatum": "1900-01-01", "Pompcapaciteit1": null, "Pompcapaciteit2": null, "OBJECTID": 455, "stelseltype": "http://data.gwsw.nl/1.4/totaal/Drukriolering"}}, {"type": "Feature", "id": 456, "geometry": {"type": "Point", "coordinates": [110195.93899999931, 450665.2509999983]}, "properties": {"Stelsel": "rb/reeuwijk brug", "naam": "RB7879", "type": "http://data.gwsw.nl/1.4/totaal/Pompunit", "Begindatum": "1900-01-01", "Pompcapaciteit1": null, "Pompcapaciteit2": null, "OBJECTID": 456, "stelseltype": "http://data.gwsw.nl/1.4/totaal/Drukriolering"}}, {"type": "Feature", "id": 457, "geometry": {"type": "Point", "coordinates": [107178.85500000045, 452267.60500000045]}, "properties": {"Stelsel": "rd/reeuwijk dorp", "naam": "RD0001", "type": "http://data.gwsw.nl/1.4/totaal/Pompput", "Begindatum": "1999-01-01", "Pompcapaciteit1": 0, "Pompcapaciteit2": 0, "OBJECTID": 457, "stelseltype": "http://data.gwsw.nl/1.4/totaal/GemengdStelsel"}}, {"type": "Feature", "id": 458, "geometry": {"type": "Point", "coordinates": [107139.69000000134, 452147.4200000018]}, "properties": {"Stelsel": "", "naam": "RD0008", "type": "http://data.gwsw.nl/1.4/totaal/Pompput", "Begindatum": "1985-01-01", "Pompcapaciteit1": 0, "Pompcapaciteit2": 0, "OBJECTID": 458, "stelseltype": ""}}, {"type": "Feature", "id": 459, "geometry": {"type": "Point", "coordinates": [107222.67000000179, 452219.03400000185]}, "properties": {"Stelsel": "rd/reeuwijk dorp", "naam": "RD0037", "type": "http://data.gwsw.nl/1.4/totaal/Pompput", "Begindatum": "1994-01-01", "Pompcapaciteit1": null, "Pompcapaciteit2": null, "OBJECTID": 459, "stelseltype": "http://data.gwsw.nl/1.4/totaal/Vuilwaterstelsel"}}, {"type": "Feature", "id": 460, "geometry": {"type": "Point", "coordinates": [107545.75, 452020.1000000015]}, "properties": {"Stelsel": "onbekend", "naam": "RD0050", "type": "http://data.gwsw.nl/1.4/totaal/Pompput", "Begindatum": "1984-01-01", "Pompcapaciteit1": 0, "Pompcapaciteit2": 0, "OBJECTID": 460, "stelseltype": "http://data.gwsw.nl/1.4/totaal/Vuilwaterstelsel"}}, {"type": "Feature", "id": 461, "geometry": {"type": "Point", "coordinates": [107421.21299999952, 452057.26399999857]}, "properties": {"Stelsel": "rd/reeuwijk dorp", "naam": "RD0091", "type": "http://data.gwsw.nl/1.4/totaal/Pompunit", "Begindatum": "2010-01-01", "Pompcapaciteit1": null, "Pompcapaciteit2": null, "OBJECTID": 461, "stelseltype": "http://data.gwsw.nl/1.4/totaal/Vuilwaterstelsel"}}, {"type": "Feature", "id": 462, "geometry": {"type": "Point", "coordinates": [107390.57899999991, 451990.1429999992]}, "properties": {"Stelsel": "onbekend", "naam": "RD0095", "type": "http://data.gwsw.nl/1.4/totaal/Pompunit", "Begindatum": "", "Pompcapaciteit1": null, "Pompcapaciteit2": null, "OBJECTID": 462, "stelseltype": "http://data.gwsw.nl/1.4/totaal/Drukriolering"}}, {"type": "Feature", "id": 463, "geometry": {"type": "Point", "coordinates": [107012.7899999991, 452152.5799999982]}, "properties": {"Stelsel": "rd/reeuwijk dorp", "naam": "RD7002", "type": "http://data.gwsw.nl/1.4/totaal/Pompunit", "Begindatum": "1993-01-01", "Pompcapaciteit1": null, "Pompcapaciteit2": null, "OBJECTID": 463, "stelseltype": "http://data.gwsw.nl/1.4/totaal/Vuilwaterstelsel"}}, {"type": "Feature", "id": 464, "geometry": {"type": "Point", "coordinates": [107092.78000000119, 452116.44999999925]}, "properties": {"Stelsel": "", "naam": "RD7003", "type": "http://data.gwsw.nl/1.4/totaal/Pompput", "Begindatum": "1993-01-01", "Pompcapaciteit1": null, "Pompcapaciteit2": null, "OBJECTID": 464, "stelseltype": ""}}, {"type": "Feature", "id": 465, "geometry": {"type": "Point", "coordinates": [107133.5399999991, 452130.1700000018]}, "properties": {"Stelsel": "rd/reeuwijk dorp", "naam": "RD7005", "type": "http://data.gwsw.nl/1.4/totaal/Pompput", "Begindatum": "1991-01-01", "Pompcapaciteit1": null, "Pompcapaciteit2": null, "OBJECTID": 465, "stelseltype": "http://data.gwsw.nl/1.4/totaal/Vuilwaterstelsel"}}, {"type": "Feature", "id": 466, "geometry": {"type": "Point", "coordinates": [109326.62999999896, 452027.6499999985]}, "properties": {"Stelsel": "rd/reeuwijk dorp", "naam": "RD7007", "type": "http://data.gwsw.nl/1.4/totaal/Pompunit", "Begindatum": "2000-01-01", "Pompcapaciteit1": null, "Pompcapaciteit2": null, "OBJECTID": 466, "stelseltype": "http://data.gwsw.nl/1.4/totaal/Drukriolering"}}, {"type": "Feature", "id": 467, "geometry": {"type": "Point", "coordinates": [109235.25, 452017.55999999866]}, "properties": {"Stelsel": "rd/reeuwijk dorp", "naam": "RD7011", "type": "http://data.gwsw.nl/1.4/totaal/Pompunit", "Begindatum": "2000-01-01", "Pompcapaciteit1": null, "Pompcapaciteit2": null, "OBJECTID": 467, "stelseltype": "http://data.gwsw.nl/1.4/totaal/Drukriolering"}}, {"type": "Feature", "id": 468, "geometry": {"type": "Point", "coordinates": [109226.98999999836, 452060.1499999985]}, "properties": {"Stelsel": "rd/reeuwijk dorp", "naam": "RD7013", "type": "http://data.gwsw.nl/1.4/totaal/Pompunit", "Begindatum": "2000-01-01", "Pompcapaciteit1": null, "Pompcapaciteit2": null, "OBJECTID": 468, "stelseltype": "http://data.gwsw.nl/1.4/totaal/Drukriolering"}}, {"type": "Feature", "id": 469, "geometry": {"type": "Point", "coordinates": [109196.55999999866, 452026.2899999991]}, "properties": {"Stelsel": "rd/reeuwijk dorp", "naam": "RD7015", "type": "http://data.gwsw.nl/1.4/totaal/Pompunit", "Begindatum": "2000-01-01", "Pompcapaciteit1": null, "Pompcapaciteit2": null, "OBJECTID": 469, "stelseltype": "http://data.gwsw.nl/1.4/totaal/Drukriolering"}}, {"type": "Feature", "id": 470, "geometry": {"type": "Point", "coordinates": [109206.5700000003, 452102.8999999985]}, "properties": {"Stelsel": "rd/reeuwijk dorp", "naam": "RD7017", "type": "http://data.gwsw.nl/1.4/totaal/Pompunit", "Begindatum": "2000-01-01", "Pompcapaciteit1": null, "Pompcapaciteit2": null, "OBJECTID": 470, "stelseltype": "http://data.gwsw.nl/1.4/totaal/Drukriolering"}}, {"type": "Feature", "id": 471, "geometry": {"type": "Point", "coordinates": [109124.58999999985, 452111.7800000012]}, "properties": {"Stelsel": "rd/reeuwijk dorp", "naam": "RD7019", "type": "http://data.gwsw.nl/1.4/totaal/Pompunit", "Begindatum": "2000-01-01", "Pompcapaciteit1": null, "Pompcapaciteit2": null, "OBJECTID": 471, "stelseltype": "http://data.gwsw.nl/1.4/totaal/Drukriolering"}}, {"type": "Feature", "id": 472, "geometry": {"type": "Point", "coordinates": [109091.96999999881, 452144.98999999836]}, "properties": {"Stelsel": "rd/reeuwijk dorp", "naam": "RD7021", "type": "http://data.gwsw.nl/1.4/totaal/Pompunit", "Begindatum": "2000-01-01", "Pompcapaciteit1": null, "Pompcapaciteit2": null, "OBJECTID": 472, "stelseltype": "http://data.gwsw.nl/1.4/totaal/Drukriolering"}}, {"type": "Feature", "id": 473, "geometry": {"type": "Point", "coordinates": [109058.55999999866, 452237.58999999985]}, "properties": {"Stelsel": "rd/reeuwijk dorp", "naam": "RD7023", "type": "http://data.gwsw.nl/1.4/totaal/Pompunit", "Begindatum": "2000-01-01", "Pompcapaciteit1": null, "Pompcapaciteit2": null, "OBJECTID": 473, "stelseltype": "http://data.gwsw.nl/1.4/totaal/Drukriolering"}}, {"type": "Feature", "id": 474, "geometry": {"type": "Point", "coordinates": [109010.32999999821, 452225.6400000006]}, "properties": {"Stelsel": "rd/reeuwijk dorp", "naam": "RD7025", "type": "http://data.gwsw.nl/1.4/totaal/Pompunit", "Begindatum": "2000-01-01", "Pompcapaciteit1": null, "Pompcapaciteit2": null, "OBJECTID": 474, "stelseltype": "http://data.gwsw.nl/1.4/totaal/Drukriolering"}}, {"type": "Feature", "id": 475, "geometry": {"type": "Point", "coordinates": [109038.76000000164, 452257.5700000003]}, "properties": {"Stelsel": "rd/reeuwijk dorp", "naam": "RD7026", "type": "http://data.gwsw.nl/1.4/totaal/Pompunit", "Begindatum": "2000-01-01", "Pompcapaciteit1": null, "Pompcapaciteit2": null, "OBJECTID": 475, "stelseltype": "http://data.gwsw.nl/1.4/totaal/Drukriolering"}}, {"type": "Feature", "id": 476, "geometry": {"type": "Point", "coordinates": [109005.19000000134, 452242.0399999991]}, "properties": {"Stelsel": "rd/reeuwijk dorp", "naam": "RD7028", "type": "http://data.gwsw.nl/1.4/totaal/Pompunit", "Begindatum": "2000-01-01", "Pompcapaciteit1": null, "Pompcapaciteit2": null, "OBJECTID": 476, "stelseltype": "http://data.gwsw.nl/1.4/totaal/Drukriolering"}}, {"type": "Feature", "id": 477, "geometry": {"type": "Point", "coordinates": [109012.01000000164, 452279.05999999866]}, "properties": {"Stelsel": "rd/reeuwijk dorp", "naam": "RD7030", "type": "http://data.gwsw.nl/1.4/totaal/Pompunit", "Begindatum": "2000-01-01", "Pompcapaciteit1": null, "Pompcapaciteit2": null, "OBJECTID": 477, "stelseltype": "http://data.gwsw.nl/1.4/totaal/Drukriolering"}}, {"type": "Feature", "id": 478, "geometry": {"type": "Point", "coordinates": [108964.1799999997, 452284.8299999982]}, "properties": {"Stelsel": "rd/reeuwijk dorp", "naam": "RD7032", "type": "http://data.gwsw.nl/1.4/totaal/Pompunit", "Begindatum": "2000-01-01", "Pompcapaciteit1": null, "Pompcapaciteit2": null, "OBJECTID": 478, "stelseltype": "http://data.gwsw.nl/1.4/totaal/Drukriolering"}}, {"type": "Feature", "id": 479, "geometry": {"type": "Point", "coordinates": [108973.10000000149, 452333.2199999988]}, "properties": {"Stelsel": "rd/reeuwijk dorp", "naam": "RD7034", "type": "http://data.gwsw.nl/1.4/totaal/Pompunit", "Begindatum": "2000-01-01", "Pompcapaciteit1": null, "Pompcapaciteit2": null, "OBJECTID": 479, "stelseltype": "http://data.gwsw.nl/1.4/totaal/Drukriolering"}}, {"type": "Feature", "id": 480, "geometry": {"type": "Point", "coordinates": [108941.7100000009, 452361.87000000104]}, "properties": {"Stelsel": "rd/reeuwijk dorp", "naam": "RD7038", "type": "http://data.gwsw.nl/1.4/totaal/Pompunit", "Begindatum": "2000-01-01", "Pompcapaciteit1": null, "Pompcapaciteit2": null, "OBJECTID": 480, "stelseltype": "http://data.gwsw.nl/1.4/totaal/Drukriolering"}}, {"type": "Feature", "id": 481, "geometry": {"type": "Point", "coordinates": [108876.21999999881, 452368.9299999997]}, "properties": {"Stelsel": "rd/reeuwijk dorp", "naam": "RD7042", "type": "http://data.gwsw.nl/1.4/totaal/Pompunit", "Begindatum": "2000-01-01", "Pompcapaciteit1": null, "Pompcapaciteit2": null, "OBJECTID": 481, "stelseltype": "http://data.gwsw.nl/1.4/totaal/Drukriolering"}}, {"type": "Feature", "id": 482, "geometry": {"type": "Point", "coordinates": [108844.6799999997, 452455.6700000018]}, "properties": {"Stelsel": "rd/reeuwijk dorp", "naam": "RD7046", "type": "http://data.gwsw.nl/1.4/totaal/Pompunit", "Begindatum": "2000-01-01", "Pompcapaciteit1": null, "Pompcapaciteit2": null, "OBJECTID": 482, "stelseltype": "http://data.gwsw.nl/1.4/totaal/Drukriolering"}}, {"type": "Feature", "id": 483, "geometry": {"type": "Point", "coordinates": [108813.0700000003, 452403.83999999985]}, "properties": {"Stelsel": "rd/reeuwijk dorp", "naam": "RD7048", "type": "http://data.gwsw.nl/1.4/totaal/Pompunit", "Begindatum": "2000-01-01", "Pompcapaciteit1": null, "Pompcapaciteit2": null, "OBJECTID": 483, "stelseltype": "http://data.gwsw.nl/1.4/totaal/Drukriolering"}}, {"type": "Feature", "id": 484, "geometry": {"type": "Point", "coordinates": [108800.87000000104, 452441.23000000045]}, "properties": {"Stelsel": "rd/reeuwijk dorp", "naam": "RD7050", "type": "http://data.gwsw.nl/1.4/totaal/Pompunit", "Begindatum": "2000-01-01", "Pompcapaciteit1": null, "Pompcapaciteit2": null, "OBJECTID": 484, "stelseltype": "http://data.gwsw.nl/1.4/totaal/Drukriolering"}}, {"type": "Feature", "id": 485, "geometry": {"type": "Point", "coordinates": [108816.55999999866, 452501.2899999991]}, "properties": {"Stelsel": "rd/reeuwijk dorp", "naam": "RD7052", "type": "http://data.gwsw.nl/1.4/totaal/Pompunit", "Begindatum": "2000-01-01", "Pompcapaciteit1": null, "Pompcapaciteit2": null, "OBJECTID": 485, "stelseltype": "http://data.gwsw.nl/1.4/totaal/Drukriolering"}}, {"type": "Feature", "id": 486, "geometry": {"type": "Point", "coordinates": [108772.73999999836, 452486.48999999836]}, "properties": {"Stelsel": "rd/reeuwijk dorp", "naam": "RD7054", "type": "http://data.gwsw.nl/1.4/totaal/Pompunit", "Begindatum": "2000-01-01", "Pompcapaciteit1": null, "Pompcapaciteit2": null, "OBJECTID": 486, "stelseltype": "http://data.gwsw.nl/1.4/totaal/Drukriolering"}}, {"type": "Feature", "id": 487, "geometry": {"type": "Point", "coordinates": [108816.39999999851, 452531.2199999988]}, "properties": {"Stelsel": "rd/reeuwijk dorp", "naam": "RD7056", "type": "http://data.gwsw.nl/1.4/totaal/Pompunit", "Begindatum": "2000-01-01", "Pompcapaciteit1": null, "Pompcapaciteit2": null, "OBJECTID": 487, "stelseltype": "http://data.gwsw.nl/1.4/totaal/Drukriolering"}}, {"type": "Feature", "id": 488, "geometry": {"type": "Point", "coordinates": [108775.46999999881, 452560.76999999955]}, "properties": {"Stelsel": "rd/reeuwijk dorp", "naam": "RD7058", "type": "http://data.gwsw.nl/1.4/totaal/Pompunit", "Begindatum": "2000-01-01", "Pompcapaciteit1": null, "Pompcapaciteit2": null, "OBJECTID": 488, "stelseltype": "http://data.gwsw.nl/1.4/totaal/Drukriolering"}}, {"type": "Feature", "id": 489, "geometry": {"type": "Point", "coordinates": [108757.19000000134, 452514.69000000134]}, "properties": {"Stelsel": "rd/reeuwijk dorp", "naam": "RD7060", "type": "http://data.gwsw.nl/1.4/totaal/Pompunit", "Begindatum": "2000-01-01", "Pompcapaciteit1": null, "Pompcapaciteit2": null, "OBJECTID": 489, "stelseltype": "http://data.gwsw.nl/1.4/totaal/Drukriolering"}}, {"type": "Feature", "id": 490, "geometry": {"type": "Point", "coordinates": [108747.82999999821, 452526.30000000075]}, "properties": {"Stelsel": "rd/reeuwijk dorp", "naam": "RD7062", "type": "http://data.gwsw.nl/1.4/totaal/Pompunit", "Begindatum": "2000-01-01", "Pompcapaciteit1": null, "Pompcapaciteit2": null, "OBJECTID": 490, "stelseltype": "http://data.gwsw.nl/1.4/totaal/Drukriolering"}}, {"type": "Feature", "id": 491, "geometry": {"type": "Point", "coordinates": [108647.4299999997, 452739.87999999896]}, "properties": {"Stelsel": "rd/reeuwijk dorp", "naam": "RD7065", "type": "http://data.gwsw.nl/1.4/totaal/Pompunit", "Begindatum": "1999-01-01", "Pompcapaciteit1": null, "Pompcapaciteit2": null, "OBJECTID": 491, "stelseltype": "http://data.gwsw.nl/1.4/totaal/Drukriolering"}}, {"type": "Feature", "id": 492, "geometry": {"type": "Point", "coordinates": [108690.2100000009, 452768.62000000104]}, "properties": {"Stelsel": "rd/reeuwijk dorp", "naam": "RD7066", "type": "http://data.gwsw.nl/1.4/totaal/Pompunit", "Begindatum": "1999-01-01", "Pompcapaciteit1": null, "Pompcapaciteit2": null, "OBJECTID": 492, "stelseltype": "http://data.gwsw.nl/1.4/totaal/Drukriolering"}}, {"type": "Feature", "id": 493, "geometry": {"type": "Point", "coordinates": [108716.85000000149, 452795.5399999991]}, "properties": {"Stelsel": "rd/reeuwijk dorp", "naam": "RD7067", "type": "http://data.gwsw.nl/1.4/totaal/Pompunit", "Begindatum": "1999-01-01", "Pompcapaciteit1": null, "Pompcapaciteit2": null, "OBJECTID": 493, "stelseltype": "http://data.gwsw.nl/1.4/totaal/Drukriolering"}}, {"type": "Feature", "id": 494, "geometry": {"type": "Point", "coordinates": [108627.14999999851, 452826.87000000104]}, "properties": {"Stelsel": "rd/reeuwijk dorp", "naam": "RD7069", "type": "http://data.gwsw.nl/1.4/totaal/Pompunit", "Begindatum": "1999-01-01", "Pompcapaciteit1": null, "Pompcapaciteit2": null, "OBJECTID": 494, "stelseltype": "http://data.gwsw.nl/1.4/totaal/Drukriolering"}}, {"type": "Feature", "id": 495, "geometry": {"type": "Point", "coordinates": [108618.4600000009, 452860.44000000134]}, "properties": {"Stelsel": "rd/reeuwijk dorp", "naam": "RD7073", "type": "http://data.gwsw.nl/1.4/totaal/Pompunit", "Begindatum": "1999-01-01", "Pompcapaciteit1": null, "Pompcapaciteit2": null, "OBJECTID": 495, "stelseltype": "http://data.gwsw.nl/1.4/totaal/Drukriolering"}}, {"type": "Feature", "id": 496, "geometry": {"type": "Point", "coordinates": [108593.48000000045, 452894.1099999994]}, "properties": {"Stelsel": "rd/reeuwijk dorp", "naam": "RD7075", "type": "http://data.gwsw.nl/1.4/totaal/Pompunit", "Begindatum": "1999-01-01", "Pompcapaciteit1": null, "Pompcapaciteit2": null, "OBJECTID": 496, "stelseltype": "http://data.gwsw.nl/1.4/totaal/Drukriolering"}}, {"type": "Feature", "id": 497, "geometry": {"type": "Point", "coordinates": [108592.3900000006, 452896.7800000012]}, "properties": {"Stelsel": "rd/reeuwijk dorp", "naam": "RD7076", "type": "http://data.gwsw.nl/1.4/totaal/Pompunit", "Begindatum": "1999-01-01", "Pompcapaciteit1": null, "Pompcapaciteit2": null, "OBJECTID": 497, "stelseltype": "http://data.gwsw.nl/1.4/totaal/Drukriolering"}}, {"type": "Feature", "id": 498, "geometry": {"type": "Point", "coordinates": [108568.37999999896, 452944.8599999994]}, "properties": {"Stelsel": "rd/reeuwijk dorp", "naam": "RD7078", "type": "http://data.gwsw.nl/1.4/totaal/Pompunit", "Begindatum": "1999-01-01", "Pompcapaciteit1": null, "Pompcapaciteit2": null, "OBJECTID": 498, "stelseltype": "http://data.gwsw.nl/1.4/totaal/Drukriolering"}}, {"type": "Feature", "id": 499, "geometry": {"type": "Point", "coordinates": [108537.94000000134, 453003.48000000045]}, "properties": {"Stelsel": "rd/reeuwijk dorp", "naam": "RD7080", "type": "http://data.gwsw.nl/1.4/totaal/Pompunit", "Begindatum": "1999-01-01", "Pompcapaciteit1": null, "Pompcapaciteit2": null, "OBJECTID": 499, "stelseltype": "http://data.gwsw.nl/1.4/totaal/Drukriolering"}}, {"type": "Feature", "id": 500, "geometry": {"type": "Point", "coordinates": [108531.92000000179, 453030.1000000015]}, "properties": {"Stelsel": "rd/reeuwijk dorp", "naam": "RD7082", "type": "http://data.gwsw.nl/1.4/totaal/Pompunit", "Begindatum": "1999-01-01", "Pompcapaciteit1": null, "Pompcapaciteit2": null, "OBJECTID": 500, "stelseltype": "http://data.gwsw.nl/1.4/totaal/Drukriolering"}}, {"type": "Feature", "id": 501, "geometry": {"type": "Point", "coordinates": [108484.92000000179, 453020.2899999991]}, "properties": {"Stelsel": "rd/reeuwijk dorp", "naam": "RD7083", "type": "http://data.gwsw.nl/1.4/totaal/Pompunit", "Begindatum": "1999-01-01", "Pompcapaciteit1": null, "Pompcapaciteit2": null, "OBJECTID": 501, "stelseltype": "http://data.gwsw.nl/1.4/totaal/Drukriolering"}}, {"type": "Feature", "id": 502, "geometry": {"type": "Point", "coordinates": [108507.94999999925, 453066.6400000006]}, "properties": {"Stelsel": "rd/reeuwijk dorp", "naam": "RD7085", "type": "http://data.gwsw.nl/1.4/totaal/Pompunit", "Begindatum": "1999-01-01", "Pompcapaciteit1": null, "Pompcapaciteit2": null, "OBJECTID": 502, "stelseltype": "http://data.gwsw.nl/1.4/totaal/Drukriolering"}}, {"type": "Feature", "id": 503, "geometry": {"type": "Point", "coordinates": [108575.7100000009, 453098.3599999994]}, "properties": {"Stelsel": "rd/reeuwijk dorp", "naam": "RD7088", "type": "http://data.gwsw.nl/1.4/totaal/Pompunit", "Begindatum": "1999-01-01", "Pompcapaciteit1": null, "Pompcapaciteit2": null, "OBJECTID": 503, "stelseltype": "http://data.gwsw.nl/1.4/totaal/Drukriolering"}}, {"type": "Feature", "id": 504, "geometry": {"type": "Point", "coordinates": [108489.2899999991, 453108.4200000018]}, "properties": {"Stelsel": "rd/reeuwijk dorp", "naam": "RD7090", "type": "http://data.gwsw.nl/1.4/totaal/Pompunit", "Begindatum": "1999-01-01", "Pompcapaciteit1": null, "Pompcapaciteit2": null, "OBJECTID": 504, "stelseltype": "http://data.gwsw.nl/1.4/totaal/Drukriolering"}}, {"type": "Feature", "id": 505, "geometry": {"type": "Point", "coordinates": [108466.53000000119, 453131.8999999985]}, "properties": {"Stelsel": "rd/reeuwijk dorp", "naam": "RD7092", "type": "http://data.gwsw.nl/1.4/totaal/Pompunit", "Begindatum": "1999-01-01", "Pompcapaciteit1": null, "Pompcapaciteit2": null, "OBJECTID": 505, "stelseltype": "http://data.gwsw.nl/1.4/totaal/Drukriolering"}}, {"type": "Feature", "id": 506, "geometry": {"type": "Point", "coordinates": [108442.87999999896, 453177.6499999985]}, "properties": {"Stelsel": "rd/reeuwijk dorp", "naam": "RD7094", "type": "http://data.gwsw.nl/1.4/totaal/Pompunit", "Begindatum": "1999-01-01", "Pompcapaciteit1": null, "Pompcapaciteit2": null, "OBJECTID": 506, "stelseltype": "http://data.gwsw.nl/1.4/totaal/Drukriolering"}}, {"type": "Feature", "id": 507, "geometry": {"type": "Point", "coordinates": [108440.60000000149, 453184.8299999982]}, "properties": {"Stelsel": "rd/reeuwijk dorp", "naam": "RD7096", "type": "http://data.gwsw.nl/1.4/totaal/Pompunit", "Begindatum": "1999-01-01", "Pompcapaciteit1": null, "Pompcapaciteit2": null, "OBJECTID": 507, "stelseltype": "http://data.gwsw.nl/1.4/totaal/Drukriolering"}}, {"type": "Feature", "id": 508, "geometry": {"type": "Point", "coordinates": [108426.53000000119, 453191.73999999836]}, "properties": {"Stelsel": "rd/reeuwijk dorp", "naam": "RD7098", "type": "http://data.gwsw.nl/1.4/totaal/Pompunit", "Begindatum": "1999-01-01", "Pompcapaciteit1": null, "Pompcapaciteit2": null, "OBJECTID": 508, "stelseltype": "http://data.gwsw.nl/1.4/totaal/Drukriolering"}}, {"type": "Feature", "id": 509, "geometry": {"type": "Point", "coordinates": [108417.82999999821, 453208.26999999955]}, "properties": {"Stelsel": "rd/reeuwijk dorp", "naam": "RD7100", "type": "http://data.gwsw.nl/1.4/totaal/Pompunit", "Begindatum": "1999-01-01", "Pompcapaciteit1": null, "Pompcapaciteit2": null, "OBJECTID": 509, "stelseltype": "http://data.gwsw.nl/1.4/totaal/Drukriolering"}}, {"type": "Feature", "id": 510, "geometry": {"type": "Point", "coordinates": [108404.17000000179, 453235.8599999994]}, "properties": {"Stelsel": "rd/reeuwijk dorp", "naam": "RD7102", "type": "http://data.gwsw.nl/1.4/totaal/Pompunit", "Begindatum": "1999-01-01", "Pompcapaciteit1": null, "Pompcapaciteit2": null, "OBJECTID": 510, "stelseltype": "http://data.gwsw.nl/1.4/totaal/Drukriolering"}}, {"type": "Feature", "id": 511, "geometry": {"type": "Point", "coordinates": [108396.64999999851, 453236.5700000003]}, "properties": {"Stelsel": "rd/reeuwijk dorp", "naam": "RD7104", "type": "http://data.gwsw.nl/1.4/totaal/Pompunit", "Begindatum": "1999-01-01", "Pompcapaciteit1": null, "Pompcapaciteit2": null, "OBJECTID": 511, "stelseltype": "http://data.gwsw.nl/1.4/totaal/Drukriolering"}}, {"type": "Feature", "id": 512, "geometry": {"type": "Point", "coordinates": [108436.62999999896, 453250.0300000012]}, "properties": {"Stelsel": "rd/reeuwijk dorp", "naam": "RD7106", "type": "http://data.gwsw.nl/1.4/totaal/Pompunit", "Begindatum": "1999-01-01", "Pompcapaciteit1": null, "Pompcapaciteit2": null, "OBJECTID": 512, "stelseltype": "http://data.gwsw.nl/1.4/totaal/Drukriolering"}}, {"type": "Feature", "id": 513, "geometry": {"type": "Point", "coordinates": [108383.48999999836, 453257.91000000015]}, "properties": {"Stelsel": "rd/reeuwijk dorp", "naam": "RD7108", "type": "http://data.gwsw.nl/1.4/totaal/Pompunit", "Begindatum": "1999-01-01", "Pompcapaciteit1": null, "Pompcapaciteit2": null, "OBJECTID": 513, "stelseltype": "http://data.gwsw.nl/1.4/totaal/Drukriolering"}}, {"type": "Feature", "id": 514, "geometry": {"type": "Point", "coordinates": [108355.4299999997, 453268.01000000164]}, "properties": {"Stelsel": "rd/reeuwijk dorp", "naam": "RD7111", "type": "http://data.gwsw.nl/1.4/totaal/Pompunit", "Begindatum": "1999-01-01", "Pompcapaciteit1": null, "Pompcapaciteit2": null, "OBJECTID": 514, "stelseltype": "http://data.gwsw.nl/1.4/totaal/Drukriolering"}}, {"type": "Feature", "id": 515, "geometry": {"type": "Point", "coordinates": [108427.8900000006, 453312.19999999925]}, "properties": {"Stelsel": "rd/reeuwijk dorp", "naam": "RD7113", "type": "http://data.gwsw.nl/1.4/totaal/Pompunit", "Begindatum": "1999-01-01", "Pompcapaciteit1": null, "Pompcapaciteit2": null, "OBJECTID": 515, "stelseltype": "http://data.gwsw.nl/1.4/totaal/Drukriolering"}}, {"type": "Feature", "id": 516, "geometry": {"type": "Point", "coordinates": [108368.4600000009, 453279.3200000003]}, "properties": {"Stelsel": "rd/reeuwijk dorp", "naam": "RD7115", "type": "http://data.gwsw.nl/1.4/totaal/Pompunit", "Begindatum": "1999-01-01", "Pompcapaciteit1": null, "Pompcapaciteit2": null, "OBJECTID": 516, "stelseltype": "http://data.gwsw.nl/1.4/totaal/Drukriolering"}}, {"type": "Feature", "id": 517, "geometry": {"type": "Point", "coordinates": [108338.28000000119, 453287.9699999988]}, "properties": {"Stelsel": "rd/reeuwijk dorp", "naam": "RD7117", "type": "http://data.gwsw.nl/1.4/totaal/Pompunit", "Begindatum": "1999-01-01", "Pompcapaciteit1": null, "Pompcapaciteit2": null, "OBJECTID": 517, "stelseltype": "http://data.gwsw.nl/1.4/totaal/Drukriolering"}}, {"type": "Feature", "id": 518, "geometry": {"type": "Point", "coordinates": [108331.32999999821, 453296.30000000075]}, "properties": {"Stelsel": "rd/reeuwijk dorp", "naam": "RD7119", "type": "http://data.gwsw.nl/1.4/totaal/Pompunit", "Begindatum": "1999-01-01", "Pompcapaciteit1": null, "Pompcapaciteit2": null, "OBJECTID": 518, "stelseltype": "http://data.gwsw.nl/1.4/totaal/Drukriolering"}}, {"type": "Feature", "id": 519, "geometry": {"type": "Point", "coordinates": [108351.62999999896, 453305.69999999925]}, "properties": {"Stelsel": "rd/reeuwijk dorp", "naam": "RD7121", "type": "http://data.gwsw.nl/1.4/totaal/Pompunit", "Begindatum": "1999-01-01", "Pompcapaciteit1": null, "Pompcapaciteit2": null, "OBJECTID": 519, "stelseltype": "http://data.gwsw.nl/1.4/totaal/Drukriolering"}}, {"type": "Feature", "id": 520, "geometry": {"type": "Point", "coordinates": [108343.6799999997, 453312.3599999994]}, "properties": {"Stelsel": "rd/reeuwijk dorp", "naam": "RD7123", "type": "http://data.gwsw.nl/1.4/totaal/Pompunit", "Begindatum": "1999-01-01", "Pompcapaciteit1": null, "Pompcapaciteit2": null, "OBJECTID": 520, "stelseltype": "http://data.gwsw.nl/1.4/totaal/Drukriolering"}}, {"type": "Feature", "id": 521, "geometry": {"type": "Point", "coordinates": [108338.9600000009, 453335.8900000006]}, "properties": {"Stelsel": "rd/reeuwijk dorp", "naam": "RD7125", "type": "http://data.gwsw.nl/1.4/totaal/Pompunit", "Begindatum": "1999-01-01", "Pompcapaciteit1": null, "Pompcapaciteit2": null, "OBJECTID": 521, "stelseltype": "http://data.gwsw.nl/1.4/totaal/Drukriolering"}}, {"type": "Feature", "id": 522, "geometry": {"type": "Point", "coordinates": [108299.7100000009, 453370.66000000015]}, "properties": {"Stelsel": "rd/reeuwijk dorp", "naam": "RD7127", "type": "http://data.gwsw.nl/1.4/totaal/Pompunit", "Begindatum": "1999-01-01", "Pompcapaciteit1": null, "Pompcapaciteit2": null, "OBJECTID": 522, "stelseltype": "http://data.gwsw.nl/1.4/totaal/Drukriolering"}}, {"type": "Feature", "id": 523, "geometry": {"type": "Point", "coordinates": [108276.60000000149, 453353.2899999991]}, "properties": {"Stelsel": "rd/reeuwijk dorp", "naam": "RD7129", "type": "http://data.gwsw.nl/1.4/totaal/Pompunit", "Begindatum": "1999-01-01", "Pompcapaciteit1": null, "Pompcapaciteit2": null, "OBJECTID": 523, "stelseltype": "http://data.gwsw.nl/1.4/totaal/Drukriolering"}}, {"type": "Feature", "id": 524, "geometry": {"type": "Point", "coordinates": [108261.7100000009, 453398.2100000009]}, "properties": {"Stelsel": "rd/reeuwijk dorp", "naam": "RD7134", "type": "http://data.gwsw.nl/1.4/totaal/Pompunit", "Begindatum": "2000-01-01", "Pompcapaciteit1": null, "Pompcapaciteit2": null, "OBJECTID": 524, "stelseltype": "http://data.gwsw.nl/1.4/totaal/Drukriolering"}}, {"type": "Feature", "id": 525, "geometry": {"type": "Point", "coordinates": [108564.94999999925, 452715.37999999896]}, "properties": {"Stelsel": "rd/reeuwijk dorp", "naam": "RD7136", "type": "http://data.gwsw.nl/1.4/totaal/Pompunit", "Begindatum": "1999-01-01", "Pompcapaciteit1": null, "Pompcapaciteit2": null, "OBJECTID": 525, "stelseltype": "http://data.gwsw.nl/1.4/totaal/Drukriolering"}}, {"type": "Feature", "id": 526, "geometry": {"type": "Point", "coordinates": [108229.0399999991, 453368.5799999982]}, "properties": {"Stelsel": "rd/reeuwijk dorp", "naam": "RD7137", "type": "http://data.gwsw.nl/1.4/totaal/Pompunit", "Begindatum": "2000-01-01", "Pompcapaciteit1": null, "Pompcapaciteit2": null, "OBJECTID": 526, "stelseltype": "http://data.gwsw.nl/1.4/totaal/Drukriolering"}}, {"type": "Feature", "id": 527, "geometry": {"type": "Point", "coordinates": [108225.78000000119, 453345.48000000045]}, "properties": {"Stelsel": "rd/reeuwijk dorp", "naam": "RD7139", "type": "http://data.gwsw.nl/1.4/totaal/Pompunit", "Begindatum": "2000-01-01", "Pompcapaciteit1": null, "Pompcapaciteit2": null, "OBJECTID": 527, "stelseltype": "http://data.gwsw.nl/1.4/totaal/Drukriolering"}}, {"type": "Feature", "id": 528, "geometry": {"type": "Point", "coordinates": [108189.62999999896, 453363.12999999896]}, "properties": {"Stelsel": "rd/reeuwijk dorp", "naam": "RD7141", "type": "http://data.gwsw.nl/1.4/totaal/Pompunit", "Begindatum": "2000-01-01", "Pompcapaciteit1": null, "Pompcapaciteit2": null, "OBJECTID": 528, "stelseltype": "http://data.gwsw.nl/1.4/totaal/Drukriolering"}}, {"type": "Feature", "id": 529, "geometry": {"type": "Point", "coordinates": [108190.05999999866, 453341.01000000164]}, "properties": {"Stelsel": "rd/reeuwijk dorp", "naam": "RD7143", "type": "http://data.gwsw.nl/1.4/totaal/Pompunit", "Begindatum": "2000-01-01", "Pompcapaciteit1": null, "Pompcapaciteit2": null, "OBJECTID": 529, "stelseltype": "http://data.gwsw.nl/1.4/totaal/Drukriolering"}}, {"type": "Feature", "id": 530, "geometry": {"type": "Point", "coordinates": [108177.01000000164, 453351.44999999925]}, "properties": {"Stelsel": "rd/reeuwijk dorp", "naam": "RD7145", "type": "http://data.gwsw.nl/1.4/totaal/Pompunit", "Begindatum": "2000-01-01", "Pompcapaciteit1": null, "Pompcapaciteit2": null, "OBJECTID": 530, "stelseltype": "http://data.gwsw.nl/1.4/totaal/Drukriolering"}}, {"type": "Feature", "id": 531, "geometry": {"type": "Point", "coordinates": [108164.28000000119, 453345.98000000045]}, "properties": {"Stelsel": "rd/reeuwijk dorp", "naam": "RD7147", "type": "http://data.gwsw.nl/1.4/totaal/Pompunit", "Begindatum": "2000-01-01", "Pompcapaciteit1": null, "Pompcapaciteit2": null, "OBJECTID": 531, "stelseltype": "http://data.gwsw.nl/1.4/totaal/Drukriolering"}}, {"type": "Feature", "id": 532, "geometry": {"type": "Point", "coordinates": [108146.92000000179, 453341.37000000104]}, "properties": {"Stelsel": "rd/reeuwijk dorp", "naam": "RD7149", "type": "http://data.gwsw.nl/1.4/totaal/Pompunit", "Begindatum": "2000-01-01", "Pompcapaciteit1": null, "Pompcapaciteit2": null, "OBJECTID": 532, "stelseltype": "http://data.gwsw.nl/1.4/totaal/Drukriolering"}}, {"type": "Feature", "id": 533, "geometry": {"type": "Point", "coordinates": [108137.85000000149, 453314.48000000045]}, "properties": {"Stelsel": "rd/reeuwijk dorp", "naam": "RD7151", "type": "http://data.gwsw.nl/1.4/totaal/Pompunit", "Begindatum": "2000-01-01", "Pompcapaciteit1": null, "Pompcapaciteit2": null, "OBJECTID": 533, "stelseltype": "http://data.gwsw.nl/1.4/totaal/Drukriolering"}}, {"type": "Feature", "id": 534, "geometry": {"type": "Point", "coordinates": [108085.46999999881, 453321.3999999985]}, "properties": {"Stelsel": "rd/reeuwijk dorp", "naam": "RD7153", "type": "http://data.gwsw.nl/1.4/totaal/Pompunit", "Begindatum": "2000-01-01", "Pompcapaciteit1": null, "Pompcapaciteit2": null, "OBJECTID": 534, "stelseltype": "http://data.gwsw.nl/1.4/totaal/Drukriolering"}}, {"type": "Feature", "id": 535, "geometry": {"type": "Point", "coordinates": [108030.01000000164, 453309.8200000003]}, "properties": {"Stelsel": "rd/reeuwijk dorp", "naam": "RD7155", "type": "http://data.gwsw.nl/1.4/totaal/Pompunit", "Begindatum": "2000-01-01", "Pompcapaciteit1": null, "Pompcapaciteit2": null, "OBJECTID": 535, "stelseltype": "http://data.gwsw.nl/1.4/totaal/Drukriolering"}}, {"type": "Feature", "id": 536, "geometry": {"type": "Point", "coordinates": [107904.89999999851, 453271.0399999991]}, "properties": {"Stelsel": "rd/reeuwijk dorp", "naam": "RD7162", "type": "http://data.gwsw.nl/1.4/totaal/Pompunit", "Begindatum": "2000-01-01", "Pompcapaciteit1": null, "Pompcapaciteit2": null, "OBJECTID": 536, "stelseltype": "http://data.gwsw.nl/1.4/totaal/Drukriolering"}}, {"type": "Feature", "id": 537, "geometry": {"type": "Point", "coordinates": [107894.4299999997, 453282.6799999997]}, "properties": {"Stelsel": "rd/reeuwijk dorp", "naam": "RD7164", "type": "http://data.gwsw.nl/1.4/totaal/Pompunit", "Begindatum": "2000-01-01", "Pompcapaciteit1": null, "Pompcapaciteit2": null, "OBJECTID": 537, "stelseltype": "http://data.gwsw.nl/1.4/totaal/Drukriolering"}}, {"type": "Feature", "id": 538, "geometry": {"type": "Point", "coordinates": [107872.3900000006, 453273.44000000134]}, "properties": {"Stelsel": "rd/reeuwijk dorp", "naam": "RD7168", "type": "http://data.gwsw.nl/1.4/totaal/Pompunit", "Begindatum": "2000-01-01", "Pompcapaciteit1": null, "Pompcapaciteit2": null, "OBJECTID": 538, "stelseltype": "http://data.gwsw.nl/1.4/totaal/Drukriolering"}}, {"type": "Feature", "id": 539, "geometry": {"type": "Point", "coordinates": [107814.10000000149, 453238.19000000134]}, "properties": {"Stelsel": "rd/reeuwijk dorp", "naam": "RD7172", "type": "http://data.gwsw.nl/1.4/totaal/Pompunit", "Begindatum": "2000-01-01", "Pompcapaciteit1": null, "Pompcapaciteit2": null, "OBJECTID": 539, "stelseltype": "http://data.gwsw.nl/1.4/totaal/Drukriolering"}}, {"type": "Feature", "id": 540, "geometry": {"type": "Point", "coordinates": [107770.19999999925, 453216.12000000104]}, "properties": {"Stelsel": "rd/reeuwijk dorp", "naam": "RD7174", "type": "http://data.gwsw.nl/1.4/totaal/Pompunit", "Begindatum": "2000-01-01", "Pompcapaciteit1": null, "Pompcapaciteit2": null, "OBJECTID": 540, "stelseltype": "http://data.gwsw.nl/1.4/totaal/Drukriolering"}}, {"type": "Feature", "id": 541, "geometry": {"type": "Point", "coordinates": [107752.41000000015, 453253.80000000075]}, "properties": {"Stelsel": "rd/reeuwijk dorp", "naam": "RD7176", "type": "http://data.gwsw.nl/1.4/totaal/Pompunit", "Begindatum": "2000-01-01", "Pompcapaciteit1": null, "Pompcapaciteit2": null, "OBJECTID": 541, "stelseltype": "http://data.gwsw.nl/1.4/totaal/Drukriolering"}}, {"type": "Feature", "id": 542, "geometry": {"type": "Point", "coordinates": [107744.96999999881, 453298.8200000003]}, "properties": {"Stelsel": "rd/reeuwijk dorp", "naam": "RD7178", "type": "http://data.gwsw.nl/1.4/totaal/Pompunit", "Begindatum": "2000-01-01", "Pompcapaciteit1": null, "Pompcapaciteit2": null, "OBJECTID": 542, "stelseltype": "http://data.gwsw.nl/1.4/totaal/Drukriolering"}}, {"type": "Feature", "id": 543, "geometry": {"type": "Point", "coordinates": [107698.23000000045, 453208.26999999955]}, "properties": {"Stelsel": "rd/reeuwijk dorp", "naam": "RD7180", "type": "http://data.gwsw.nl/1.4/totaal/Pompunit", "Begindatum": "2000-01-01", "Pompcapaciteit1": null, "Pompcapaciteit2": null, "OBJECTID": 543, "stelseltype": "http://data.gwsw.nl/1.4/totaal/Drukriolering"}}, {"type": "Feature", "id": 544, "geometry": {"type": "Point", "coordinates": [107687.14999999851, 453207.19000000134]}, "properties": {"Stelsel": "rd/reeuwijk dorp", "naam": "RD7182", "type": "http://data.gwsw.nl/1.4/totaal/Pompunit", "Begindatum": "2000-01-01", "Pompcapaciteit1": null, "Pompcapaciteit2": null, "OBJECTID": 544, "stelseltype": "http://data.gwsw.nl/1.4/totaal/Drukriolering"}}, {"type": "Feature", "id": 545, "geometry": {"type": "Point", "coordinates": [107659.57999999821, 453201.94999999925]}, "properties": {"Stelsel": "rd/reeuwijk dorp", "naam": "RD7184", "type": "http://data.gwsw.nl/1.4/totaal/Pompunit", "Begindatum": "2000-01-01", "Pompcapaciteit1": null, "Pompcapaciteit2": null, "OBJECTID": 545, "stelseltype": "http://data.gwsw.nl/1.4/totaal/Drukriolering"}}, {"type": "Feature", "id": 546, "geometry": {"type": "Point", "coordinates": [107511.6099999994, 453180.08999999985]}, "properties": {"Stelsel": "rd/reeuwijk dorp", "naam": "RD7188", "type": "http://data.gwsw.nl/1.4/totaal/Pompunit", "Begindatum": "2000-01-01", "Pompcapaciteit1": null, "Pompcapaciteit2": null, "OBJECTID": 546, "stelseltype": "http://data.gwsw.nl/1.4/totaal/Drukriolering"}}, {"type": "Feature", "id": 547, "geometry": {"type": "Point", "coordinates": [108238.08999999985, 454250.2899999991]}, "properties": {"Stelsel": "rd/reeuwijk dorp", "naam": "RD7213", "type": "http://data.gwsw.nl/1.4/totaal/Pompunit", "Begindatum": "2000-01-01", "Pompcapaciteit1": null, "Pompcapaciteit2": null, "OBJECTID": 547, "stelseltype": "http://data.gwsw.nl/1.4/totaal/Drukriolering"}}, {"type": "Feature", "id": 548, "geometry": {"type": "Point", "coordinates": [108276.17000000179, 453946.73000000045]}, "properties": {"Stelsel": "rd/reeuwijk dorp", "naam": "RD7275", "type": "http://data.gwsw.nl/1.4/totaal/Pompunit", "Begindatum": "2005-01-01", "Pompcapaciteit1": null, "Pompcapaciteit2": null, "OBJECTID": 548, "stelseltype": "http://data.gwsw.nl/1.4/totaal/Drukriolering"}}, {"type": "Feature", "id": 549, "geometry": {"type": "Point", "coordinates": [106059.5399999991, 452106.3599999994]}, "properties": {"Stelsel": "rd/reeuwijk dorp", "naam": "RD7310", "type": "http://data.gwsw.nl/1.4/totaal/Pompunit", "Begindatum": "1992-01-01", "Pompcapaciteit1": null, "Pompcapaciteit2": null, "OBJECTID": 549, "stelseltype": "http://data.gwsw.nl/1.4/totaal/Drukriolering"}}, {"type": "Feature", "id": 550, "geometry": {"type": "Point", "coordinates": [106043.55999999866, 452059.87000000104]}, "properties": {"Stelsel": "rd/reeuwijk dorp", "naam": "RD7315", "type": "http://data.gwsw.nl/1.4/totaal/Pompunit", "Begindatum": "1992-01-01", "Pompcapaciteit1": null, "Pompcapaciteit2": null, "OBJECTID": 550, "stelseltype": "http://data.gwsw.nl/1.4/totaal/Drukriolering"}}, {"type": "Feature", "id": 551, "geometry": {"type": "Point", "coordinates": [106049.32999999821, 452045.51000000164]}, "properties": {"Stelsel": "rd/reeuwijk dorp", "naam": "RD7317", "type": "http://data.gwsw.nl/1.4/totaal/Pompunit", "Begindatum": "1992-01-01", "Pompcapaciteit1": null, "Pompcapaciteit2": null, "OBJECTID": 551, "stelseltype": "http://data.gwsw.nl/1.4/totaal/Drukriolering"}}, {"type": "Feature", "id": 552, "geometry": {"type": "Point", "coordinates": [106547.69999999925, 452273.4699999988]}, "properties": {"Stelsel": "rd/reeuwijk dorp", "naam": "RD7356", "type": "http://data.gwsw.nl/1.4/totaal/Pompunit", "Begindatum": "1990-01-01", "Pompcapaciteit1": null, "Pompcapaciteit2": null, "OBJECTID": 552, "stelseltype": "http://data.gwsw.nl/1.4/totaal/Vuilwaterstelsel"}}, {"type": "Feature", "id": 553, "geometry": {"type": "Point", "coordinates": [106258.05999999866, 452602.48999999836]}, "properties": {"Stelsel": "rd/reeuwijk dorp", "naam": "RD7434", "type": "http://data.gwsw.nl/1.4/totaal/Pompunit", "Begindatum": "1990-01-01", "Pompcapaciteit1": null, "Pompcapaciteit2": null, "OBJECTID": 553, "stelseltype": "http://data.gwsw.nl/1.4/totaal/Vuilwaterstelsel"}}, {"type": "Feature", "id": 554, "geometry": {"type": "Point", "coordinates": [105810.85000000149, 452509.7899999991]}, "properties": {"Stelsel": "rd/reeuwijk dorp", "naam": "RD7448", "type": "http://data.gwsw.nl/1.4/totaal/Pompunit", "Begindatum": "1990-01-01", "Pompcapaciteit1": null, "Pompcapaciteit2": null, "OBJECTID": 554, "stelseltype": "http://data.gwsw.nl/1.4/totaal/Vuilwaterstelsel"}}, {"type": "Feature", "id": 555, "geometry": {"type": "Point", "coordinates": [105854.55999999866, 452532.12000000104]}, "properties": {"Stelsel": "rd/reeuwijk dorp", "naam": "RD7450", "type": "http://data.gwsw.nl/1.4/totaal/Pompunit", "Begindatum": "1990-01-01", "Pompcapaciteit1": null, "Pompcapaciteit2": null, "OBJECTID": 555, "stelseltype": "http://data.gwsw.nl/1.4/totaal/Vuilwaterstelsel"}}, {"type": "Feature", "id": 556, "geometry": {"type": "Point", "coordinates": [105865.8900000006, 452591.66000000015]}, "properties": {"Stelsel": "rd/reeuwijk dorp", "naam": "RD7452", "type": "http://data.gwsw.nl/1.4/totaal/Pompunit", "Begindatum": "1990-01-01", "Pompcapaciteit1": null, "Pompcapaciteit2": null, "OBJECTID": 556, "stelseltype": "http://data.gwsw.nl/1.4/totaal/Drukriolering"}}, {"type": "Feature", "id": 557, "geometry": {"type": "Point", "coordinates": [105838.19000000134, 452627.80000000075]}, "properties": {"Stelsel": "rd/reeuwijk dorp", "naam": "RD7454", "type": "http://data.gwsw.nl/1.4/totaal/Pompunit", "Begindatum": "1990-01-01", "Pompcapaciteit1": null, "Pompcapaciteit2": null, "OBJECTID": 557, "stelseltype": "http://data.gwsw.nl/1.4/totaal/Vuilwaterstelsel"}}, {"type": "Feature", "id": 558, "geometry": {"type": "Point", "coordinates": [105863.00299999863, 452700.25]}, "properties": {"Stelsel": "rd/reeuwijk dorp", "naam": "RD7465", "type": "http://data.gwsw.nl/1.4/totaal/Pompunit", "Begindatum": "1990-01-01", "Pompcapaciteit1": null, "Pompcapaciteit2": null, "OBJECTID": 558, "stelseltype": "http://data.gwsw.nl/1.4/totaal/Drukriolering"}}, {"type": "Feature", "id": 559, "geometry": {"type": "Point", "coordinates": [105862.37999999896, 452747.1799999997]}, "properties": {"Stelsel": "rd/reeuwijk dorp", "naam": "RD7469", "type": "http://data.gwsw.nl/1.4/totaal/Pompunit", "Begindatum": "1990-01-01", "Pompcapaciteit1": null, "Pompcapaciteit2": null, "OBJECTID": 559, "stelseltype": "http://data.gwsw.nl/1.4/totaal/Vuilwaterstelsel"}}, {"type": "Feature", "id": 560, "geometry": {"type": "Point", "coordinates": [105899.19000000134, 452767.7800000012]}, "properties": {"Stelsel": "rd/reeuwijk dorp", "naam": "RD7474", "type": "http://data.gwsw.nl/1.4/totaal/Pompunit", "Begindatum": "1990-01-01", "Pompcapaciteit1": null, "Pompcapaciteit2": null, "OBJECTID": 560, "stelseltype": "http://data.gwsw.nl/1.4/totaal/Vuilwaterstelsel"}}, {"type": "Feature", "id": 561, "geometry": {"type": "Point", "coordinates": [105904.44999999925, 452863.1499999985]}, "properties": {"Stelsel": "rd/reeuwijk dorp", "naam": "RD7483", "type": "http://data.gwsw.nl/1.4/totaal/Pompunit", "Begindatum": "1990-01-01", "Pompcapaciteit1": null, "Pompcapaciteit2": null, "OBJECTID": 561, "stelseltype": "http://data.gwsw.nl/1.4/totaal/Drukriolering"}}, {"type": "Feature", "id": 562, "geometry": {"type": "Point", "coordinates": [105918.0700000003, 452902.2199999988]}, "properties": {"Stelsel": "rd/reeuwijk dorp", "naam": "RD7485", "type": "http://data.gwsw.nl/1.4/totaal/Pompunit", "Begindatum": "1990-01-01", "Pompcapaciteit1": null, "Pompcapaciteit2": null, "OBJECTID": 562, "stelseltype": "http://data.gwsw.nl/1.4/totaal/Drukriolering"}}, {"type": "Feature", "id": 563, "geometry": {"type": "Point", "coordinates": [105949.48999999836, 453189.8999999985]}, "properties": {"Stelsel": "rd/reeuwijk dorp", "naam": "RD7501", "type": "http://data.gwsw.nl/1.4/totaal/Pompunit", "Begindatum": "1990-01-01", "Pompcapaciteit1": null, "Pompcapaciteit2": null, "OBJECTID": 563, "stelseltype": "http://data.gwsw.nl/1.4/totaal/Drukriolering"}}, {"type": "Feature", "id": 564, "geometry": {"type": "Point", "coordinates": [105953.83999999985, 453245.41000000015]}, "properties": {"Stelsel": "rd/reeuwijk dorp", "naam": "RD7507", "type": "http://data.gwsw.nl/1.4/totaal/Pompunit", "Begindatum": "1990-01-01", "Pompcapaciteit1": null, "Pompcapaciteit2": null, "OBJECTID": 564, "stelseltype": "http://data.gwsw.nl/1.4/totaal/Drukriolering"}}, {"type": "Feature", "id": 565, "geometry": {"type": "Point", "coordinates": [107027.05000000075, 450840.8999999985]}, "properties": {"Stelsel": "rd/reeuwijk dorp", "naam": "RD7513", "type": "http://data.gwsw.nl/1.4/totaal/Pompunit", "Begindatum": "1999-01-01", "Pompcapaciteit1": null, "Pompcapaciteit2": null, "OBJECTID": 565, "stelseltype": "http://data.gwsw.nl/1.4/totaal/Drukriolering"}}, {"type": "Feature", "id": 566, "geometry": {"type": "Point", "coordinates": [106972.17000000179, 451074.44999999925]}, "properties": {"Stelsel": "rd/reeuwijk dorp", "naam": "RD7516", "type": "http://data.gwsw.nl/1.4/totaal/Pompunit", "Begindatum": "1999-01-01", "Pompcapaciteit1": null, "Pompcapaciteit2": null, "OBJECTID": 566, "stelseltype": "http://data.gwsw.nl/1.4/totaal/Drukriolering"}}, {"type": "Feature", "id": 567, "geometry": {"type": "Point", "coordinates": [107059.19999999925, 451472.2800000012]}, "properties": {"Stelsel": "rd/reeuwijk dorp", "naam": "RD7522", "type": "http://data.gwsw.nl/1.4/totaal/Pompunit", "Begindatum": "1999-01-01", "Pompcapaciteit1": null, "Pompcapaciteit2": null, "OBJECTID": 567, "stelseltype": "http://data.gwsw.nl/1.4/totaal/Drukriolering"}}, {"type": "Feature", "id": 568, "geometry": {"type": "Point", "coordinates": [107122.48000000045, 451676.58999999985]}, "properties": {"Stelsel": "rd/reeuwijk dorp", "naam": "RD7534", "type": "http://data.gwsw.nl/1.4/totaal/Pompunit", "Begindatum": "1999-01-01", "Pompcapaciteit1": null, "Pompcapaciteit2": null, "OBJECTID": 568, "stelseltype": "http://data.gwsw.nl/1.4/totaal/Drukriolering"}}, {"type": "Feature", "id": 569, "geometry": {"type": "Point", "coordinates": [107228.64299999923, 451894.7969999984]}, "properties": {"Stelsel": "rd/reeuwijk dorp", "naam": "RD7546", "type": "http://data.gwsw.nl/1.4/totaal/Pompunit", "Begindatum": "1999-01-01", "Pompcapaciteit1": null, "Pompcapaciteit2": null, "OBJECTID": 569, "stelseltype": "http://data.gwsw.nl/1.4/totaal/Vuilwaterstelsel"}}, {"type": "Feature", "id": 570, "geometry": {"type": "Point", "coordinates": [107231.73999999836, 451982.1799999997]}, "properties": {"Stelsel": "rd/reeuwijk dorp", "naam": "RD7551", "type": "http://data.gwsw.nl/1.4/totaal/Pompunit", "Begindatum": "1999-01-01", "Pompcapaciteit1": null, "Pompcapaciteit2": null, "OBJECTID": 570, "stelseltype": "http://data.gwsw.nl/1.4/totaal/Drukriolering"}}, {"type": "Feature", "id": 571, "geometry": {"type": "Point", "coordinates": [107189.37999999896, 452041.62000000104]}, "properties": {"Stelsel": "rd/reeuwijk dorp", "naam": "RD7555", "type": "http://data.gwsw.nl/1.4/totaal/Pompunit", "Begindatum": "1999-01-01", "Pompcapaciteit1": null, "Pompcapaciteit2": null, "OBJECTID": 571, "stelseltype": "http://data.gwsw.nl/1.4/totaal/Drukriolering"}}, {"type": "Feature", "id": 572, "geometry": {"type": "Point", "coordinates": [107296.21999999881, 452077.0399999991]}, "properties": {"Stelsel": "rd/reeuwijk dorp", "naam": "RD7570", "type": "http://data.gwsw.nl/1.4/totaal/Pompunit", "Begindatum": "1985-01-01", "Pompcapaciteit1": null, "Pompcapaciteit2": null, "OBJECTID": 572, "stelseltype": "http://data.gwsw.nl/1.4/totaal/Drukriolering"}}, {"type": "Feature", "id": 573, "geometry": {"type": "Point", "coordinates": [107371.19000000134, 452069.87000000104]}, "properties": {"Stelsel": "rd/reeuwijk dorp", "naam": "RD7573", "type": "http://data.gwsw.nl/1.4/totaal/Pompunit", "Begindatum": "1985-01-01", "Pompcapaciteit1": null, "Pompcapaciteit2": null, "OBJECTID": 573, "stelseltype": "http://data.gwsw.nl/1.4/totaal/Drukriolering"}}, {"type": "Feature", "id": 574, "geometry": {"type": "Point", "coordinates": [107401.15300000086, 452076.6020000018]}, "properties": {"Stelsel": "rd/reeuwijk dorp", "naam": "RD7574", "type": "http://data.gwsw.nl/1.4/totaal/Pompput", "Begindatum": "1985-01-01", "Pompcapaciteit1": 0, "Pompcapaciteit2": 0, "OBJECTID": 574, "stelseltype": "http://data.gwsw.nl/1.4/totaal/GemengdStelsel"}}, {"type": "Feature", "id": 575, "geometry": {"type": "Point", "coordinates": [107522.26000000164, 452022.2899999991]}, "properties": {"Stelsel": "rd/reeuwijk dorp", "naam": "RD7579", "type": "http://data.gwsw.nl/1.4/totaal/Pompunit", "Begindatum": "1985-01-01", "Pompcapaciteit1": null, "Pompcapaciteit2": null, "OBJECTID": 575, "stelseltype": "http://data.gwsw.nl/1.4/totaal/Drukriolering"}}, {"type": "Feature", "id": 576, "geometry": {"type": "Point", "coordinates": [107540.8200000003, 452009.1099999994]}, "properties": {"Stelsel": "onbekend", "naam": "RD7581", "type": "http://data.gwsw.nl/1.4/totaal/Pompunit", "Begindatum": "1985-01-01", "Pompcapaciteit1": null, "Pompcapaciteit2": null, "OBJECTID": 576, "stelseltype": "http://data.gwsw.nl/1.4/totaal/Drukriolering"}}, {"type": "Feature", "id": 577, "geometry": {"type": "Point", "coordinates": [107593.37000000104, 452124.7800000012]}, "properties": {"Stelsel": "rd/reeuwijk dorp", "naam": "RD7584", "type": "http://data.gwsw.nl/1.4/totaal/Pompunit", "Begindatum": "1984-01-01", "Pompcapaciteit1": null, "Pompcapaciteit2": null, "OBJECTID": 577, "stelseltype": "http://data.gwsw.nl/1.4/totaal/Drukriolering"}}, {"type": "Feature", "id": 578, "geometry": {"type": "Point", "coordinates": [107604.37999999896, 452104.37999999896]}, "properties": {"Stelsel": "rd/reeuwijk dorp", "naam": "RD7585", "type": "http://data.gwsw.nl/1.4/totaal/Pompunit", "Begindatum": "1984-01-01", "Pompcapaciteit1": null, "Pompcapaciteit2": null, "OBJECTID": 578, "stelseltype": "http://data.gwsw.nl/1.4/totaal/Drukriolering"}}, {"type": "Feature", "id": 579, "geometry": {"type": "Point", "coordinates": [107175.01999999955, 452144.2199999988]}, "properties": {"Stelsel": "rd/reeuwijk dorp", "naam": "RD7589", "type": "http://data.gwsw.nl/1.4/totaal/Pompunit", "Begindatum": "1985-01-01", "Pompcapaciteit1": null, "Pompcapaciteit2": null, "OBJECTID": 579, "stelseltype": "http://data.gwsw.nl/1.4/totaal/Drukriolering"}}, {"type": "Feature", "id": 580, "geometry": {"type": "Point", "coordinates": [106953.39999999851, 452177.44000000134]}, "properties": {"Stelsel": "rd/reeuwijk dorp", "naam": "RD7593", "type": "http://data.gwsw.nl/1.4/totaal/Pompunit", "Begindatum": "1998-01-01", "Pompcapaciteit1": null, "Pompcapaciteit2": null, "OBJECTID": 580, "stelseltype": "http://data.gwsw.nl/1.4/totaal/Drukriolering"}}, {"type": "Feature", "id": 581, "geometry": {"type": "Point", "coordinates": [106102.21999999881, 452145.8200000003]}, "properties": {"Stelsel": "rd/reeuwijk dorp", "naam": "RD7597", "type": "http://data.gwsw.nl/1.4/totaal/Pompunit", "Begindatum": "1991-01-01", "Pompcapaciteit1": null, "Pompcapaciteit2": null, "OBJECTID": 581, "stelseltype": "http://data.gwsw.nl/1.4/totaal/Drukriolering"}}, {"type": "Feature", "id": 582, "geometry": {"type": "Point", "coordinates": [115940.60799999908, 452782.5610000007]}, "properties": {"Stelsel": "wa/waarder", "naam": "WA0066", "type": "http://data.gwsw.nl/1.4/totaal/Pompput", "Begindatum": "2006-01-01", "Pompcapaciteit1": 0, "Pompcapaciteit2": 0, "OBJECTID": 582, "stelseltype": "http://data.gwsw.nl/1.4/totaal/Vuilwaterstelsel"}}, {"type": "Feature", "id": 583, "geometry": {"type": "Point", "coordinates": [116399.57999999821, 452536.62999999896]}, "properties": {"Stelsel": "wa/waarder", "naam": "WA0093", "type": "http://data.gwsw.nl/1.4/totaal/Pompput", "Begindatum": "1996-01-01", "Pompcapaciteit1": null, "Pompcapaciteit2": null, "OBJECTID": 583, "stelseltype": "http://data.gwsw.nl/1.4/totaal/GemengdStelsel"}}, {"type": "Feature", "id": 584, "geometry": {"type": "Point", "coordinates": [116187.30000000075, 452506.8999999985]}, "properties": {"Stelsel": "wa/waarder", "naam": "WA0156", "type": "http://data.gwsw.nl/1.4/totaal/Pompunit", "Begindatum": "1996-01-01", "Pompcapaciteit1": null, "Pompcapaciteit2": null, "OBJECTID": 584, "stelseltype": "http://data.gwsw.nl/1.4/totaal/Vuilwaterstelsel"}}, {"type": "Feature", "id": 585, "geometry": {"type": "Point", "coordinates": [116226.89999999851, 452421.6099999994]}, "properties": {"Stelsel": "wa/waarder", "naam": "WA0157", "type": "http://data.gwsw.nl/1.4/totaal/Pompunit", "Begindatum": "2000-01-01", "Pompcapaciteit1": null, "Pompcapaciteit2": null, "OBJECTID": 585, "stelseltype": "http://data.gwsw.nl/1.4/totaal/Vuilwaterstelsel"}}, {"type": "Feature", "id": 586, "geometry": {"type": "Point", "coordinates": [115863.63699999824, 452627.3990000002]}, "properties": {"Stelsel": "wa/waarder", "naam": "WA0158", "type": "http://data.gwsw.nl/1.4/totaal/Pompunit", "Begindatum": "2001-01-01", "Pompcapaciteit1": null, "Pompcapaciteit2": null, "OBJECTID": 586, "stelseltype": "http://data.gwsw.nl/1.4/totaal/Vuilwaterstelsel"}}, {"type": "Feature", "id": 587, "geometry": {"type": "Point", "coordinates": [117315.64999999851, 452997.8500000015]}, "properties": {"Stelsel": "wa/waarder", "naam": "WA7065", "type": "http://data.gwsw.nl/1.4/totaal/Pompunit", "Begindatum": "2000-01-01", "Pompcapaciteit1": null, "Pompcapaciteit2": null, "OBJECTID": 587, "stelseltype": "http://data.gwsw.nl/1.4/totaal/Drukriolering"}}, {"type": "Feature", "id": 588, "geometry": {"type": "Point", "coordinates": [115550.5, 451598.6499999985]}, "properties": {"Stelsel": "wa/waarder", "naam": "WA7107", "type": "http://data.gwsw.nl/1.4/totaal/Pompunit", "Begindatum": "2001-01-01", "Pompcapaciteit1": null, "Pompcapaciteit2": null, "OBJECTID": 588, "stelseltype": "http://data.gwsw.nl/1.4/totaal/Drukriolering"}}, {"type": "Feature", "id": 589, "geometry": {"type": "Point", "coordinates": [115590.64999999851, 451612.94999999925]}, "properties": {"Stelsel": "wa/waarder", "naam": "WA7111", "type": "http://data.gwsw.nl/1.4/totaal/Pompunit", "Begindatum": "2001-01-01", "Pompcapaciteit1": null, "Pompcapaciteit2": null, "OBJECTID": 589, "stelseltype": "http://data.gwsw.nl/1.4/totaal/Drukriolering"}}, {"type": "Feature", "id": 590, "geometry": {"type": "Point", "coordinates": [115633.19999999925, 451624.37000000104]}, "properties": {"Stelsel": "wa/waarder", "naam": "WA7113", "type": "http://data.gwsw.nl/1.4/totaal/Pompunit", "Begindatum": "2001-01-01", "Pompcapaciteit1": null, "Pompcapaciteit2": null, "OBJECTID": 590, "stelseltype": "http://data.gwsw.nl/1.4/totaal/Drukriolering"}}, {"type": "Feature", "id": 591, "geometry": {"type": "Point", "coordinates": [115708.23000000045, 451690.75]}, "properties": {"Stelsel": "wa/waarder", "naam": "WA7115", "type": "http://data.gwsw.nl/1.4/totaal/Pompunit", "Begindatum": "2001-01-01", "Pompcapaciteit1": null, "Pompcapaciteit2": null, "OBJECTID": 591, "stelseltype": "http://data.gwsw.nl/1.4/totaal/Drukriolering"}}, {"type": "Feature", "id": 592, "geometry": {"type": "Point", "coordinates": [115732.7100000009, 451723.76999999955]}, "properties": {"Stelsel": "wa/waarder", "naam": "WA7117", "type": "http://data.gwsw.nl/1.4/totaal/Pompunit", "Begindatum": "2001-01-01", "Pompcapaciteit1": null, "Pompcapaciteit2": null, "OBJECTID": 592, "stelseltype": "http://data.gwsw.nl/1.4/totaal/Drukriolering"}}, {"type": "Feature", "id": 593, "geometry": {"type": "Point", "coordinates": [115739.48999999836, 451737.94000000134]}, "properties": {"Stelsel": "wa/waarder", "naam": "WA7119", "type": "http://data.gwsw.nl/1.4/totaal/Pompunit", "Begindatum": "2001-01-01", "Pompcapaciteit1": null, "Pompcapaciteit2": null, "OBJECTID": 593, "stelseltype": "http://data.gwsw.nl/1.4/totaal/Drukriolering"}}, {"type": "Feature", "id": 594, "geometry": {"type": "Point", "coordinates": [115758.8200000003, 451743.4200000018]}, "properties": {"Stelsel": "wa/waarder", "naam": "WA7121", "type": "http://data.gwsw.nl/1.4/totaal/Pompunit", "Begindatum": "2001-01-01", "Pompcapaciteit1": null, "Pompcapaciteit2": null, "OBJECTID": 594, "stelseltype": "http://data.gwsw.nl/1.4/totaal/Drukriolering"}}, {"type": "Feature", "id": 595, "geometry": {"type": "Point", "coordinates": [115780.69999999925, 451762.6499999985]}, "properties": {"Stelsel": "wa/waarder", "naam": "WA7123", "type": "http://data.gwsw.nl/1.4/totaal/Pompunit", "Begindatum": "2001-01-01", "Pompcapaciteit1": null, "Pompcapaciteit2": null, "OBJECTID": 595, "stelseltype": "http://data.gwsw.nl/1.4/totaal/Drukriolering"}}, {"type": "Feature", "id": 596, "geometry": {"type": "Point", "coordinates": [115798.48000000045, 451773.1400000006]}, "properties": {"Stelsel": "wa/waarder", "naam": "WA7126", "type": "http://data.gwsw.nl/1.4/totaal/Pompunit", "Begindatum": "2001-01-01", "Pompcapaciteit1": null, "Pompcapaciteit2": null, "OBJECTID": 596, "stelseltype": "http://data.gwsw.nl/1.4/totaal/Drukriolering"}}, {"type": "Feature", "id": 597, "geometry": {"type": "Point", "coordinates": [115810.05999999866, 451846.30999999866]}, "properties": {"Stelsel": "wa/waarder", "naam": "WA7128", "type": "http://data.gwsw.nl/1.4/totaal/Pompunit", "Begindatum": "2001-01-01", "Pompcapaciteit1": null, "Pompcapaciteit2": null, "OBJECTID": 597, "stelseltype": "http://data.gwsw.nl/1.4/totaal/Drukriolering"}}, {"type": "Feature", "id": 598, "geometry": {"type": "Point", "coordinates": [115856.5700000003, 451826.16000000015]}, "properties": {"Stelsel": "wa/waarder", "naam": "WA7131", "type": "http://data.gwsw.nl/1.4/totaal/Pompunit", "Begindatum": "2001-01-01", "Pompcapaciteit1": null, "Pompcapaciteit2": null, "OBJECTID": 598, "stelseltype": "http://data.gwsw.nl/1.4/totaal/Drukriolering"}}, {"type": "Feature", "id": 599, "geometry": {"type": "Point", "coordinates": [115896.23000000045, 451860.8200000003]}, "properties": {"Stelsel": "wa/waarder", "naam": "WA7132", "type": "http://data.gwsw.nl/1.4/totaal/Pompunit", "Begindatum": "2001-01-01", "Pompcapaciteit1": null, "Pompcapaciteit2": null, "OBJECTID": 599, "stelseltype": "http://data.gwsw.nl/1.4/totaal/Drukriolering"}}, {"type": "Feature", "id": 600, "geometry": {"type": "Point", "coordinates": [115963.19999999925, 451918.48000000045]}, "properties": {"Stelsel": "wa/waarder", "naam": "WA7134", "type": "http://data.gwsw.nl/1.4/totaal/Pompunit", "Begindatum": "2001-01-01", "Pompcapaciteit1": null, "Pompcapaciteit2": null, "OBJECTID": 600, "stelseltype": "http://data.gwsw.nl/1.4/totaal/Drukriolering"}}, {"type": "Feature", "id": 601, "geometry": {"type": "Point", "coordinates": [116046.55000000075, 451967.80000000075]}, "properties": {"Stelsel": "wa/waarder", "naam": "WA7136", "type": "http://data.gwsw.nl/1.4/totaal/Pompunit", "Begindatum": "2001-01-01", "Pompcapaciteit1": null, "Pompcapaciteit2": null, "OBJECTID": 601, "stelseltype": "http://data.gwsw.nl/1.4/totaal/Drukriolering"}}, {"type": "Feature", "id": 602, "geometry": {"type": "Point", "coordinates": [116106.30000000075, 452039.69000000134]}, "properties": {"Stelsel": "wa/waarder", "naam": "WA7138", "type": "http://data.gwsw.nl/1.4/totaal/Pompunit", "Begindatum": "2001-01-01", "Pompcapaciteit1": null, "Pompcapaciteit2": null, "OBJECTID": 602, "stelseltype": "http://data.gwsw.nl/1.4/totaal/Drukriolering"}}, {"type": "Feature", "id": 603, "geometry": {"type": "Point", "coordinates": [116196.08999999985, 452114.98000000045]}, "properties": {"Stelsel": "wa/waarder", "naam": "WA7140", "type": "http://data.gwsw.nl/1.4/totaal/Pompunit", "Begindatum": "1999-01-01", "Pompcapaciteit1": null, "Pompcapaciteit2": null, "OBJECTID": 603, "stelseltype": "http://data.gwsw.nl/1.4/totaal/Drukriolering"}}, {"type": "Feature", "id": 604, "geometry": {"type": "Point", "coordinates": [116285, 452186.9600000009]}, "properties": {"Stelsel": "wa/waarder", "naam": "WA7142", "type": "http://data.gwsw.nl/1.4/totaal/Pompunit", "Begindatum": "1999-01-01", "Pompcapaciteit1": null, "Pompcapaciteit2": null, "OBJECTID": 604, "stelseltype": "http://data.gwsw.nl/1.4/totaal/Drukriolering"}}, {"type": "Feature", "id": 605, "geometry": {"type": "Point", "coordinates": [115762.33999999985, 451786.01999999955]}, "properties": {"Stelsel": "wa/waarder", "naam": "WA7144", "type": "http://data.gwsw.nl/1.4/totaal/Pompunit", "Begindatum": "2001-01-01", "Pompcapaciteit1": null, "Pompcapaciteit2": null, "OBJECTID": 605, "stelseltype": "http://data.gwsw.nl/1.4/totaal/Drukriolering"}}, {"type": "Feature", "id": 606, "geometry": {"type": "Point", "coordinates": [116168.19000000134, 452094.5300000012]}, "properties": {"Stelsel": "wa/waarder", "naam": "WA7146", "type": "http://data.gwsw.nl/1.4/totaal/Pompunit", "Begindatum": "1999-01-01", "Pompcapaciteit1": null, "Pompcapaciteit2": null, "OBJECTID": 606, "stelseltype": "http://data.gwsw.nl/1.4/totaal/Drukriolering"}}, {"type": "Feature", "id": 607, "geometry": {"type": "Point", "coordinates": [116442.7899999991, 452331.9600000009]}, "properties": {"Stelsel": "wa/waarder", "naam": "WA7150", "type": "http://data.gwsw.nl/1.4/totaal/Pompunit", "Begindatum": "1900-01-01", "Pompcapaciteit1": null, "Pompcapaciteit2": null, "OBJECTID": 607, "stelseltype": "http://data.gwsw.nl/1.4/totaal/Drukriolering"}}, {"type": "Feature", "id": 608, "geometry": {"type": "Point", "coordinates": [115829.78000000119, 451805.66000000015]}, "properties": {"Stelsel": "wa/waarder", "naam": "WA7151", "type": "http://data.gwsw.nl/1.4/totaal/Pompunit", "Begindatum": "1999-01-01", "Pompcapaciteit1": null, "Pompcapaciteit2": null, "OBJECTID": 608, "stelseltype": "http://data.gwsw.nl/1.4/totaal/Drukriolering"}}, {"type": "Feature", "id": 609, "geometry": {"type": "Point", "coordinates": [117296.51999999955, 452986.48999999836]}, "properties": {"Stelsel": "wa/waarder", "naam": "WA7153", "type": "http://data.gwsw.nl/1.4/totaal/Pompunit", "Begindatum": "2000-01-01", "Pompcapaciteit1": null, "Pompcapaciteit2": null, "OBJECTID": 609, "stelseltype": "http://data.gwsw.nl/1.4/totaal/Drukriolering"}}, {"type": "Feature", "id": 610, "geometry": {"type": "Point", "coordinates": [118789.91000000015, 453418.6099999994]}, "properties": {"Stelsel": "wa/waarder", "naam": "WA7155", "type": "http://data.gwsw.nl/1.4/totaal/Pompunit", "Begindatum": "2000-01-01", "Pompcapaciteit1": null, "Pompcapaciteit2": null, "OBJECTID": 610, "stelseltype": "http://data.gwsw.nl/1.4/totaal/Drukriolering"}}, {"type": "Feature", "id": 611, "geometry": {"type": "Point", "coordinates": [115813.6799999997, 452478.7899999991]}, "properties": {"Stelsel": "wa/waarder", "naam": "WA7162", "type": "http://data.gwsw.nl/1.4/totaal/Pompunit", "Begindatum": "1986-01-01", "Pompcapaciteit1": null, "Pompcapaciteit2": null, "OBJECTID": 611, "stelseltype": "http://data.gwsw.nl/1.4/totaal/Drukriolering"}}, {"type": "Feature", "id": 612, "geometry": {"type": "Point", "coordinates": [115887.12000000104, 452617.3299999982]}, "properties": {"Stelsel": "wa/waarder", "naam": "WA7163", "type": "http://data.gwsw.nl/1.4/totaal/Pompunit", "Begindatum": "1986-01-01", "Pompcapaciteit1": null, "Pompcapaciteit2": null, "OBJECTID": 612, "stelseltype": "http://data.gwsw.nl/1.4/totaal/Drukriolering"}}, {"type": "Feature", "id": 613, "geometry": {"type": "Point", "coordinates": [115943.73999999836, 452614.91000000015]}, "properties": {"Stelsel": "wa/waarder", "naam": "WA7164", "type": "http://data.gwsw.nl/1.4/totaal/Pompunit", "Begindatum": "1986-01-01", "Pompcapaciteit1": null, "Pompcapaciteit2": null, "OBJECTID": 613, "stelseltype": "http://data.gwsw.nl/1.4/totaal/Drukriolering"}}, {"type": "Feature", "id": 614, "geometry": {"type": "Point", "coordinates": [115962.0700000003, 452654.87000000104]}, "properties": {"Stelsel": "wa/waarder", "naam": "WA7165", "type": "http://data.gwsw.nl/1.4/totaal/Pompunit", "Begindatum": "1986-01-01", "Pompcapaciteit1": null, "Pompcapaciteit2": null, "OBJECTID": 614, "stelseltype": "http://data.gwsw.nl/1.4/totaal/Drukriolering"}}, {"type": "Feature", "id": 615, "geometry": {"type": "Point", "coordinates": [115973.3599999994, 452662.83999999985]}, "properties": {"Stelsel": "wa/waarder", "naam": "WA7166", "type": "http://data.gwsw.nl/1.4/totaal/Pompunit", "Begindatum": "1986-01-01", "Pompcapaciteit1": null, "Pompcapaciteit2": null, "OBJECTID": 615, "stelseltype": "http://data.gwsw.nl/1.4/totaal/Drukriolering"}}, {"type": "Feature", "id": 616, "geometry": {"type": "Point", "coordinates": [116009.23999999836, 452695.83999999985]}, "properties": {"Stelsel": "wa/waarder", "naam": "WA7167", "type": "http://data.gwsw.nl/1.4/totaal/Pompunit", "Begindatum": "1986-01-01", "Pompcapaciteit1": null, "Pompcapaciteit2": null, "OBJECTID": 616, "stelseltype": "http://data.gwsw.nl/1.4/totaal/Drukriolering"}}, {"type": "Feature", "id": 617, "geometry": {"type": "Point", "coordinates": [116116.55999999866, 452723.26000000164]}, "properties": {"Stelsel": "wa/waarder", "naam": "WA7168", "type": "http://data.gwsw.nl/1.4/totaal/Pompunit", "Begindatum": "1986-01-01", "Pompcapaciteit1": null, "Pompcapaciteit2": null, "OBJECTID": 617, "stelseltype": "http://data.gwsw.nl/1.4/totaal/Drukriolering"}}, {"type": "Feature", "id": 618, "geometry": {"type": "Point", "coordinates": [115964.19000000134, 452613.0399999991]}, "properties": {"Stelsel": "wa/waarder", "naam": "WA7169", "type": "http://data.gwsw.nl/1.4/totaal/Pompunit", "Begindatum": "1986-01-01", "Pompcapaciteit1": null, "Pompcapaciteit2": null, "OBJECTID": 618, "stelseltype": "http://data.gwsw.nl/1.4/totaal/Drukriolering"}}, {"type": "Feature", "id": 619, "geometry": {"type": "Point", "coordinates": [115998.37999999896, 452648.6799999997]}, "properties": {"Stelsel": "wa/waarder", "naam": "WA7170", "type": "http://data.gwsw.nl/1.4/totaal/Pompunit", "Begindatum": "1986-01-01", "Pompcapaciteit1": null, "Pompcapaciteit2": null, "OBJECTID": 619, "stelseltype": "http://data.gwsw.nl/1.4/totaal/Drukriolering"}}, {"type": "Feature", "id": 620, "geometry": {"type": "Point", "coordinates": [116058.44000000134, 452639.4299999997]}, "properties": {"Stelsel": "wa/waarder", "naam": "WA7171", "type": "http://data.gwsw.nl/1.4/totaal/Pompunit", "Begindatum": "1986-01-01", "Pompcapaciteit1": null, "Pompcapaciteit2": null, "OBJECTID": 620, "stelseltype": "http://data.gwsw.nl/1.4/totaal/Drukriolering"}}, {"type": "Feature", "id": 621, "geometry": {"type": "Point", "coordinates": [116033.44999999925, 452673.8599999994]}, "properties": {"Stelsel": "wa/waarder", "naam": "WA7172", "type": "http://data.gwsw.nl/1.4/totaal/Pompunit", "Begindatum": "1986-01-01", "Pompcapaciteit1": null, "Pompcapaciteit2": null, "OBJECTID": 621, "stelseltype": "http://data.gwsw.nl/1.4/totaal/Drukriolering"}}, {"type": "Feature", "id": 622, "geometry": {"type": "Point", "coordinates": [115941.30000000075, 452589.5700000003]}, "properties": {"Stelsel": "wa/waarder", "naam": "WA7174", "type": "http://data.gwsw.nl/1.4/totaal/Pompunit", "Begindatum": "1986-01-01", "Pompcapaciteit1": null, "Pompcapaciteit2": null, "OBJECTID": 622, "stelseltype": "http://data.gwsw.nl/1.4/totaal/Drukriolering"}}, {"type": "Feature", "id": 623, "geometry": {"type": "Point", "coordinates": [114794.4299999997, 450891.1099999994]}, "properties": {"Stelsel": "dr/driebruggen", "naam": "DR0193", "type": "http://data.gwsw.nl/1.4/totaal/Pompunit", "Begindatum": "1900-01-01", "Pompcapaciteit1": null, "Pompcapaciteit2": null, "OBJECTID": 623, "stelseltype": "http://data.gwsw.nl/1.4/totaal/GemengdStelsel"}}, {"type": "Feature", "id": 624, "geometry": {"type": "Point", "coordinates": [114623.26900000125, 451029.96599999815]}, "properties": {"Stelsel": "dr/driebruggen", "naam": "DR0199", "type": "http://data.gwsw.nl/1.4/totaal/Pompput", "Begindatum": "2008-01-01", "Pompcapaciteit1": 0, "Pompcapaciteit2": 0, "OBJECTID": 624, "stelseltype": "http://data.gwsw.nl/1.4/totaal/Vuilwaterstelsel"}}, {"type": "Feature", "id": 625, "geometry": {"type": "Point", "coordinates": [114488.24700000137, 450774.30799999833]}, "properties": {"Stelsel": "dr/driebruggen", "naam": "DR0206", "type": "http://data.gwsw.nl/1.4/totaal/Pompunit", "Begindatum": "1998-01-01", "Pompcapaciteit1": null, "Pompcapaciteit2": null, "OBJECTID": 625, "stelseltype": "http://data.gwsw.nl/1.4/totaal/Vuilwaterstelsel"}}, {"type": "Feature", "id": 626, "geometry": {"type": "Point", "coordinates": [118031.37000000104, 453327.55999999866]}, "properties": {"Stelsel": "wa/waarder", "naam": "WA7087", "type": "http://data.gwsw.nl/1.4/totaal/Pompunit", "Begindatum": "2000-01-01", "Pompcapaciteit1": null, "Pompcapaciteit2": null, "OBJECTID": 626, "stelseltype": "http://data.gwsw.nl/1.4/totaal/Drukriolering"}}, {"type": "Feature", "id": 627, "geometry": {"type": "Point", "coordinates": [118127.80999999866, 453387.75]}, "properties": {"Stelsel": "wa/waarder", "naam": "WA7089", "type": "http://data.gwsw.nl/1.4/totaal/Pompunit", "Begindatum": "2000-01-01", "Pompcapaciteit1": null, "Pompcapaciteit2": null, "OBJECTID": 627, "stelseltype": "http://data.gwsw.nl/1.4/totaal/Drukriolering"}}, {"type": "Feature", "id": 628, "geometry": {"type": "Point", "coordinates": [118215.9299999997, 453248.2800000012]}, "properties": {"Stelsel": "wa/waarder", "naam": "WA7091", "type": "http://data.gwsw.nl/1.4/totaal/Pompunit", "Begindatum": "2000-01-01", "Pompcapaciteit1": null, "Pompcapaciteit2": null, "OBJECTID": 628, "stelseltype": "http://data.gwsw.nl/1.4/totaal/Drukriolering"}}, {"type": "Feature", "id": 629, "geometry": {"type": "Point", "coordinates": [118307.23000000045, 453500.6799999997]}, "properties": {"Stelsel": "wa/waarder", "naam": "WA7093", "type": "http://data.gwsw.nl/1.4/totaal/Pompunit", "Begindatum": "2000-01-01", "Pompcapaciteit1": null, "Pompcapaciteit2": null, "OBJECTID": 629, "stelseltype": "http://data.gwsw.nl/1.4/totaal/Drukriolering"}}, {"type": "Feature", "id": 630, "geometry": {"type": "Point", "coordinates": [118341.5, 453516.1700000018]}, "properties": {"Stelsel": "wa/waarder", "naam": "WA7095", "type": "http://data.gwsw.nl/1.4/totaal/Pompunit", "Begindatum": "2000-01-01", "Pompcapaciteit1": null, "Pompcapaciteit2": null, "OBJECTID": 630, "stelseltype": "http://data.gwsw.nl/1.4/totaal/Drukriolering"}}, {"type": "Feature", "id": 631, "geometry": {"type": "Point", "coordinates": [118749.37000000104, 453405.2100000009]}, "properties": {"Stelsel": "wa/waarder", "naam": "WA7097", "type": "http://data.gwsw.nl/1.4/totaal/Pompunit", "Begindatum": "2000-01-01", "Pompcapaciteit1": null, "Pompcapaciteit2": null, "OBJECTID": 631, "stelseltype": "http://data.gwsw.nl/1.4/totaal/Drukriolering"}}, {"type": "Feature", "id": 632, "geometry": {"type": "Point", "coordinates": [115893.73000000045, 452819.37999999896]}, "properties": {"Stelsel": "wa/waarder", "naam": "WA7098", "type": "http://data.gwsw.nl/1.4/totaal/Pompunit", "Begindatum": "2006-01-01", "Pompcapaciteit1": null, "Pompcapaciteit2": null, "OBJECTID": 632, "stelseltype": "http://data.gwsw.nl/1.4/totaal/Drukriolering"}}, {"type": "Feature", "id": 633, "geometry": {"type": "Point", "coordinates": [116186.12000000104, 452639.3599999994]}, "properties": {"Stelsel": "wa/waarder", "naam": "WA7099", "type": "http://data.gwsw.nl/1.4/totaal/Pompunit", "Begindatum": "2008-01-01", "Pompcapaciteit1": null, "Pompcapaciteit2": null, "OBJECTID": 633, "stelseltype": "http://data.gwsw.nl/1.4/totaal/Drukriolering"}}, {"type": "Feature", "id": 634, "geometry": {"type": "Point", "coordinates": [116174.2100000009, 452694.8200000003]}, "properties": {"Stelsel": "wa/waarder", "naam": "WA7100", "type": "http://data.gwsw.nl/1.4/totaal/Pompunit", "Begindatum": "2008-01-01", "Pompcapaciteit1": null, "Pompcapaciteit2": null, "OBJECTID": 634, "stelseltype": "http://data.gwsw.nl/1.4/totaal/Drukriolering"}}, {"type": "Feature", "id": 635, "geometry": {"type": "Point", "coordinates": [115487.37999999896, 451503.80999999866]}, "properties": {"Stelsel": "wa/waarder", "naam": "WA7102", "type": "http://data.gwsw.nl/1.4/totaal/Pompunit", "Begindatum": "2001-01-01", "Pompcapaciteit1": null, "Pompcapaciteit2": null, "OBJECTID": 635, "stelseltype": "http://data.gwsw.nl/1.4/totaal/Drukriolering"}}, {"type": "Feature", "id": 636, "geometry": {"type": "Point", "coordinates": [115500.23999999836, 451571.48000000045]}, "properties": {"Stelsel": "wa/waarder", "naam": "WA7103", "type": "http://data.gwsw.nl/1.4/totaal/Pompunit", "Begindatum": "2001-01-01", "Pompcapaciteit1": null, "Pompcapaciteit2": null, "OBJECTID": 636, "stelseltype": "http://data.gwsw.nl/1.4/totaal/Drukriolering"}}, {"type": "Feature", "id": 637, "geometry": {"type": "Point", "coordinates": [115519.96999999881, 451590.08999999985]}, "properties": {"Stelsel": "wa/waarder", "naam": "WA7105", "type": "http://data.gwsw.nl/1.4/totaal/Pompunit", "Begindatum": "2001-01-01", "Pompcapaciteit1": null, "Pompcapaciteit2": null, "OBJECTID": 637, "stelseltype": "http://data.gwsw.nl/1.4/totaal/Drukriolering"}}, {"type": "Feature", "id": 638, "geometry": {"type": "Point", "coordinates": [114027.89999999851, 459312.41000000015]}, "properties": {"Stelsel": "bg/bodegraven", "naam": "BG7101", "type": "http://data.gwsw.nl/1.4/totaal/Pompunit", "Begindatum": "1900-01-01", "Pompcapaciteit1": null, "Pompcapaciteit2": null, "OBJECTID": 638, "stelseltype": "http://data.gwsw.nl/1.4/totaal/Drukriolering"}}, {"type": "Feature", "id": 639, "geometry": {"type": "Point", "coordinates": [112907.51000000164, 455054.58999999985]}, "properties": {"Stelsel": "ni/nieuwerbrug", "naam": "BG7926", "type": "http://data.gwsw.nl/1.4/totaal/Pompunit", "Begindatum": "1900-01-01", "Pompcapaciteit1": null, "Pompcapaciteit2": null, "OBJECTID": 639, "stelseltype": "http://data.gwsw.nl/1.4/totaal/Drukriolering"}}, {"type": "Feature", "id": 640, "geometry": {"type": "Point", "coordinates": [112983.91000000015, 455033.2199999988]}, "properties": {"Stelsel": "ni/nieuwerbrug", "naam": "BG7928", "type": "http://data.gwsw.nl/1.4/totaal/Pompunit", "Begindatum": "1900-01-01", "Pompcapaciteit1": null, "Pompcapaciteit2": null, "OBJECTID": 640, "stelseltype": "http://data.gwsw.nl/1.4/totaal/Drukriolering"}}, {"type": "Feature", "id": 641, "geometry": {"type": "Point", "coordinates": [113028.67000000179, 455045.33999999985]}, "properties": {"Stelsel": "ni/nieuwerbrug", "naam": "BG7930", "type": "http://data.gwsw.nl/1.4/totaal/Pompunit", "Begindatum": "1900-01-01", "Pompcapaciteit1": null, "Pompcapaciteit2": null, "OBJECTID": 641, "stelseltype": "http://data.gwsw.nl/1.4/totaal/Drukriolering"}}, {"type": "Feature", "id": 642, "geometry": {"type": "Point", "coordinates": [113249.85000000149, 455154.8500000015]}, "properties": {"Stelsel": "ni/nieuwerbrug", "naam": "BG7936", "type": "http://data.gwsw.nl/1.4/totaal/Pompunit", "Begindatum": "1900-01-01", "Pompcapaciteit1": null, "Pompcapaciteit2": null, "OBJECTID": 642, "stelseltype": "http://data.gwsw.nl/1.4/totaal/Drukriolering"}}, {"type": "Feature", "id": 643, "geometry": {"type": "Point", "coordinates": [113294.6099999994, 455128.94999999925]}, "properties": {"Stelsel": "ni/nieuwerbrug", "naam": "BG7940", "type": "http://data.gwsw.nl/1.4/totaal/Pompunit", "Begindatum": "1900-01-01", "Pompcapaciteit1": null, "Pompcapaciteit2": null, "OBJECTID": 643, "stelseltype": "http://data.gwsw.nl/1.4/totaal/Drukriolering"}}, {"type": "Feature", "id": 644, "geometry": {"type": "Point", "coordinates": [113377.80000000075, 455184.0399999991]}, "properties": {"Stelsel": "ni/nieuwerbrug", "naam": "BG7946", "type": "http://data.gwsw.nl/1.4/totaal/Pompunit", "Begindatum": "1900-01-01", "Pompcapaciteit1": null, "Pompcapaciteit2": null, "OBJECTID": 644, "stelseltype": "http://data.gwsw.nl/1.4/totaal/Drukriolering"}}, {"type": "Feature", "id": 645, "geometry": {"type": "Point", "coordinates": [113538.83999999985, 455194.26999999955]}, "properties": {"Stelsel": "ni/nieuwerbrug", "naam": "BG7950", "type": "http://data.gwsw.nl/1.4/totaal/Pompunit", "Begindatum": "1900-01-01", "Pompcapaciteit1": null, "Pompcapaciteit2": null, "OBJECTID": 645, "stelseltype": "http://data.gwsw.nl/1.4/totaal/Drukriolering"}}, {"type": "Feature", "id": 646, "geometry": {"type": "Point", "coordinates": [113822.85000000149, 455447.12999999896]}, "properties": {"Stelsel": "ni/nieuwerbrug", "naam": "BG7958", "type": "http://data.gwsw.nl/1.4/totaal/Pompunit", "Begindatum": "1900-01-01", "Pompcapaciteit1": null, "Pompcapaciteit2": null, "OBJECTID": 646, "stelseltype": "http://data.gwsw.nl/1.4/totaal/Drukriolering"}}, {"type": "Feature", "id": 647, "geometry": {"type": "Point", "coordinates": [113900.94000000134, 455397.7800000012]}, "properties": {"Stelsel": "ni/nieuwerbrug", "naam": "BG7962", "type": "http://data.gwsw.nl/1.4/totaal/Pompunit", "Begindatum": "1900-01-01", "Pompcapaciteit1": null, "Pompcapaciteit2": null, "OBJECTID": 647, "stelseltype": "http://data.gwsw.nl/1.4/totaal/Drukriolering"}}, {"type": "Feature", "id": 648, "geometry": {"type": "Point", "coordinates": [114154.67000000179, 455483.8500000015]}, "properties": {"Stelsel": "ni/nieuwerbrug", "naam": "BG7972", "type": "http://data.gwsw.nl/1.4/totaal/Pompunit", "Begindatum": "1900-01-01", "Pompcapaciteit1": null, "Pompcapaciteit2": null, "OBJECTID": 648, "stelseltype": "http://data.gwsw.nl/1.4/totaal/Drukriolering"}}, {"type": "Feature", "id": 649, "geometry": {"type": "Point", "coordinates": [114253.26999999955, 455495.6000000015]}, "properties": {"Stelsel": "ni/nieuwerbrug", "naam": "BG7974", "type": "http://data.gwsw.nl/1.4/totaal/Pompunit", "Begindatum": "1900-01-01", "Pompcapaciteit1": null, "Pompcapaciteit2": null, "OBJECTID": 649, "stelseltype": "http://data.gwsw.nl/1.4/totaal/Drukriolering"}}, {"type": "Feature", "id": 650, "geometry": {"type": "Point", "coordinates": [114291.66000000015, 455503.1700000018]}, "properties": {"Stelsel": "ni/nieuwerbrug", "naam": "BG7976", "type": "http://data.gwsw.nl/1.4/totaal/Pompunit", "Begindatum": "1900-01-01", "Pompcapaciteit1": null, "Pompcapaciteit2": null, "OBJECTID": 650, "stelseltype": "http://data.gwsw.nl/1.4/totaal/Drukriolering"}}, {"type": "Feature", "id": 651, "geometry": {"type": "Point", "coordinates": [114292.7100000009, 455858.69999999925]}, "properties": {"Stelsel": "ni/nieuwerbrug", "naam": "BG7978", "type": "http://data.gwsw.nl/1.4/totaal/Pompunit", "Begindatum": "1900-01-01", "Pompcapaciteit1": null, "Pompcapaciteit2": null, "OBJECTID": 651, "stelseltype": "http://data.gwsw.nl/1.4/totaal/Drukriolering"}}, {"type": "Feature", "id": 652, "geometry": {"type": "Point", "coordinates": [114561.60000000149, 450459.6180000007]}, "properties": {"Stelsel": "dr/driebruggen", "naam": "DR0021", "type": "http://data.gwsw.nl/1.4/totaal/Pompunit", "Begindatum": "2010-01-01", "Pompcapaciteit1": null, "Pompcapaciteit2": null, "OBJECTID": 652, "stelseltype": "http://data.gwsw.nl/1.4/totaal/Vuilwaterstelsel"}}, {"type": "Feature", "id": 653, "geometry": {"type": "Point", "coordinates": [114708.51999999955, 450648.3299999982]}, "properties": {"Stelsel": "dr/driebruggen", "naam": "DR0039", "type": "http://data.gwsw.nl/1.4/totaal/Pompput", "Begindatum": "2007-01-01", "Pompcapaciteit1": 0, "Pompcapaciteit2": 0, "OBJECTID": 653, "stelseltype": "http://data.gwsw.nl/1.4/totaal/GemengdStelsel"}}, {"type": "Feature", "id": 654, "geometry": {"type": "Point", "coordinates": [114914.78299999982, 451037.1950000003]}, "properties": {"Stelsel": "dr/driebruggen", "naam": "DR0101", "type": "http://data.gwsw.nl/1.4/totaal/Pompput", "Begindatum": "1984-01-01", "Pompcapaciteit1": 0, "Pompcapaciteit2": 0, "OBJECTID": 654, "stelseltype": "http://data.gwsw.nl/1.4/totaal/GemengdStelsel"}}, {"type": "Feature", "id": 655, "geometry": {"type": "Point", "coordinates": [114929.0399999991, 450941.0300000012]}, "properties": {"Stelsel": "dr/driebruggen", "naam": "DR0122", "type": "http://data.gwsw.nl/1.4/totaal/Pompput", "Begindatum": "1998-01-01", "Pompcapaciteit1": null, "Pompcapaciteit2": null, "OBJECTID": 655, "stelseltype": "http://data.gwsw.nl/1.4/totaal/GemengdStelsel"}}, {"type": "Feature", "id": 656, "geometry": {"type": "Point", "coordinates": [115080.5399999991, 448861.9699999988]}, "properties": {"Stelsel": "dr/driebruggen", "naam": "DR7010", "type": "http://data.gwsw.nl/1.4/totaal/Pompunit", "Begindatum": "1989-01-01", "Pompcapaciteit1": null, "Pompcapaciteit2": null, "OBJECTID": 656, "stelseltype": "http://data.gwsw.nl/1.4/totaal/Vuilwaterstelsel"}}, {"type": "Feature", "id": 657, "geometry": {"type": "Point", "coordinates": [115031.91000000015, 448865.6099999994]}, "properties": {"Stelsel": "dr/driebruggen", "naam": "DR7014", "type": "http://data.gwsw.nl/1.4/totaal/Pompunit", "Begindatum": "1989-01-01", "Pompcapaciteit1": null, "Pompcapaciteit2": null, "OBJECTID": 657, "stelseltype": "http://data.gwsw.nl/1.4/totaal/Vuilwaterstelsel"}}, {"type": "Feature", "id": 658, "geometry": {"type": "Point", "coordinates": [114972.21999999881, 448825.08999999985]}, "properties": {"Stelsel": "dr/driebruggen", "naam": "DR7018", "type": "http://data.gwsw.nl/1.4/totaal/Pompunit", "Begindatum": "1989-01-01", "Pompcapaciteit1": null, "Pompcapaciteit2": null, "OBJECTID": 658, "stelseltype": "http://data.gwsw.nl/1.4/totaal/Drukriolering"}}, {"type": "Feature", "id": 659, "geometry": {"type": "Point", "coordinates": [114878.8599999994, 448838.9699999988]}, "properties": {"Stelsel": "dr/driebruggen", "naam": "DR7021", "type": "http://data.gwsw.nl/1.4/totaal/Pompunit", "Begindatum": "1989-01-01", "Pompcapaciteit1": null, "Pompcapaciteit2": null, "OBJECTID": 659, "stelseltype": "http://data.gwsw.nl/1.4/totaal/Vuilwaterstelsel"}}, {"type": "Feature", "id": 660, "geometry": {"type": "Point", "coordinates": [114872.28000000119, 448703.9299999997]}, "properties": {"Stelsel": "dr/driebruggen", "naam": "DR7025", "type": "http://data.gwsw.nl/1.4/totaal/Pompunit", "Begindatum": "1989-01-01", "Pompcapaciteit1": null, "Pompcapaciteit2": null, "OBJECTID": 660, "stelseltype": "http://data.gwsw.nl/1.4/totaal/Drukriolering"}}, {"type": "Feature", "id": 661, "geometry": {"type": "Point", "coordinates": [114844.98999999836, 448781.6000000015]}, "properties": {"Stelsel": "dr/driebruggen", "naam": "DR7027", "type": "http://data.gwsw.nl/1.4/totaal/Pompunit", "Begindatum": "1989-01-01", "Pompcapaciteit1": null, "Pompcapaciteit2": null, "OBJECTID": 661, "stelseltype": "http://data.gwsw.nl/1.4/totaal/Vuilwaterstelsel"}}, {"type": "Feature", "id": 662, "geometry": {"type": "Point", "coordinates": [114847.23999999836, 448824.48000000045]}, "properties": {"Stelsel": "dr/driebruggen", "naam": "DR7030", "type": "http://data.gwsw.nl/1.4/totaal/Pompunit", "Begindatum": "1989-01-01", "Pompcapaciteit1": null, "Pompcapaciteit2": null, "OBJECTID": 662, "stelseltype": "http://data.gwsw.nl/1.4/totaal/Vuilwaterstelsel"}}, {"type": "Feature", "id": 663, "geometry": {"type": "Point", "coordinates": [114833.76999999955, 448876.37999999896]}, "properties": {"Stelsel": "dr/driebruggen", "naam": "DR7033", "type": "http://data.gwsw.nl/1.4/totaal/Pompunit", "Begindatum": "1989-01-01", "Pompcapaciteit1": null, "Pompcapaciteit2": null, "OBJECTID": 663, "stelseltype": "http://data.gwsw.nl/1.4/totaal/Vuilwaterstelsel"}}, {"type": "Feature", "id": 664, "geometry": {"type": "Point", "coordinates": [114858.85000000149, 448930.01999999955]}, "properties": {"Stelsel": "dr/driebruggen", "naam": "DR7037", "type": "http://data.gwsw.nl/1.4/totaal/Pompunit", "Begindatum": "1989-01-01", "Pompcapaciteit1": null, "Pompcapaciteit2": null, "OBJECTID": 664, "stelseltype": "http://data.gwsw.nl/1.4/totaal/Drukriolering"}}, {"type": "Feature", "id": 665, "geometry": {"type": "Point", "coordinates": [114861.07999999821, 448908.30000000075]}, "properties": {"Stelsel": "dr/driebruggen", "naam": "DR7038", "type": "http://data.gwsw.nl/1.4/totaal/Pompunit", "Begindatum": "1989-01-01", "Pompcapaciteit1": null, "Pompcapaciteit2": null, "OBJECTID": 665, "stelseltype": "http://data.gwsw.nl/1.4/totaal/Vuilwaterstelsel"}}, {"type": "Feature", "id": 666, "geometry": {"type": "Point", "coordinates": [114820.89999999851, 448920.76000000164]}, "properties": {"Stelsel": "dr/driebruggen", "naam": "DR7041", "type": "http://data.gwsw.nl/1.4/totaal/Pompunit", "Begindatum": "1989-01-01", "Pompcapaciteit1": null, "Pompcapaciteit2": null, "OBJECTID": 666, "stelseltype": "http://data.gwsw.nl/1.4/totaal/Drukriolering"}}, {"type": "Feature", "id": 667, "geometry": {"type": "Point", "coordinates": [114805.32999999821, 448975.51000000164]}, "properties": {"Stelsel": "dr/driebruggen", "naam": "DR7043", "type": "http://data.gwsw.nl/1.4/totaal/Pompunit", "Begindatum": "1989-01-01", "Pompcapaciteit1": null, "Pompcapaciteit2": null, "OBJECTID": 667, "stelseltype": "http://data.gwsw.nl/1.4/totaal/Drukriolering"}}, {"type": "Feature", "id": 668, "geometry": {"type": "Point", "coordinates": [114784.1099999994, 449012.23999999836]}, "properties": {"Stelsel": "dr/driebruggen", "naam": "DR7045", "type": "http://data.gwsw.nl/1.4/totaal/Pompunit", "Begindatum": "1989-01-01", "Pompcapaciteit1": null, "Pompcapaciteit2": null, "OBJECTID": 668, "stelseltype": "http://data.gwsw.nl/1.4/totaal/Drukriolering"}}, {"type": "Feature", "id": 669, "geometry": {"type": "Point", "coordinates": [114822.16000000015, 449032.26999999955]}, "properties": {"Stelsel": "dr/driebruggen", "naam": "DR7047", "type": "http://data.gwsw.nl/1.4/totaal/Pompunit", "Begindatum": "1989-01-01", "Pompcapaciteit1": null, "Pompcapaciteit2": null, "OBJECTID": 669, "stelseltype": "http://data.gwsw.nl/1.4/totaal/Drukriolering"}}, {"type": "Feature", "id": 670, "geometry": {"type": "Point", "coordinates": [114780.8900000006, 449048.51999999955]}, "properties": {"Stelsel": "dr/driebruggen", "naam": "DR7049", "type": "http://data.gwsw.nl/1.4/totaal/Pompunit", "Begindatum": "1989-01-01", "Pompcapaciteit1": null, "Pompcapaciteit2": null, "OBJECTID": 670, "stelseltype": "http://data.gwsw.nl/1.4/totaal/Drukriolering"}}, {"type": "Feature", "id": 671, "geometry": {"type": "Point", "coordinates": [114812.94999999925, 449069.6700000018]}, "properties": {"Stelsel": "dr/driebruggen", "naam": "DR7051", "type": "http://data.gwsw.nl/1.4/totaal/Pompunit", "Begindatum": "1989-01-01", "Pompcapaciteit1": null, "Pompcapaciteit2": null, "OBJECTID": 671, "stelseltype": "http://data.gwsw.nl/1.4/totaal/Drukriolering"}}, {"type": "Feature", "id": 672, "geometry": {"type": "Point", "coordinates": [114766.23000000045, 449086.5399999991]}, "properties": {"Stelsel": "dr/driebruggen", "naam": "DR7053", "type": "http://data.gwsw.nl/1.4/totaal/Pompunit", "Begindatum": "1989-01-01", "Pompcapaciteit1": null, "Pompcapaciteit2": null, "OBJECTID": 672, "stelseltype": "http://data.gwsw.nl/1.4/totaal/Drukriolering"}}, {"type": "Feature", "id": 673, "geometry": {"type": "Point", "coordinates": [114758.6799999997, 449156.05999999866]}, "properties": {"Stelsel": "dr/driebruggen", "naam": "DR7055", "type": "http://data.gwsw.nl/1.4/totaal/Pompunit", "Begindatum": "1989-01-01", "Pompcapaciteit1": null, "Pompcapaciteit2": null, "OBJECTID": 673, "stelseltype": "http://data.gwsw.nl/1.4/totaal/Drukriolering"}}, {"type": "Feature", "id": 674, "geometry": {"type": "Point", "coordinates": [114757.23000000045, 449187.6700000018]}, "properties": {"Stelsel": "dr/driebruggen", "naam": "DR7057", "type": "http://data.gwsw.nl/1.4/totaal/Pompunit", "Begindatum": "1989-01-01", "Pompcapaciteit1": null, "Pompcapaciteit2": null, "OBJECTID": 674, "stelseltype": "http://data.gwsw.nl/1.4/totaal/Drukriolering"}}, {"type": "Feature", "id": 675, "geometry": {"type": "Point", "coordinates": [114771.03000000119, 449235.83999999985]}, "properties": {"Stelsel": "dr/driebruggen", "naam": "DR7059", "type": "http://data.gwsw.nl/1.4/totaal/Pompunit", "Begindatum": "1989-01-01", "Pompcapaciteit1": null, "Pompcapaciteit2": null, "OBJECTID": 675, "stelseltype": "http://data.gwsw.nl/1.4/totaal/Drukriolering"}}, {"type": "Feature", "id": 676, "geometry": {"type": "Point", "coordinates": [114730.73999999836, 449276.30000000075]}, "properties": {"Stelsel": "dr/driebruggen", "naam": "DR7061", "type": "http://data.gwsw.nl/1.4/totaal/Pompunit", "Begindatum": "1989-01-01", "Pompcapaciteit1": null, "Pompcapaciteit2": null, "OBJECTID": 676, "stelseltype": "http://data.gwsw.nl/1.4/totaal/Drukriolering"}}, {"type": "Feature", "id": 677, "geometry": {"type": "Point", "coordinates": [114735.55000000075, 449361.1000000015]}, "properties": {"Stelsel": "dr/driebruggen", "naam": "DR7063", "type": "http://data.gwsw.nl/1.4/totaal/Pompunit", "Begindatum": "1989-01-01", "Pompcapaciteit1": null, "Pompcapaciteit2": null, "OBJECTID": 677, "stelseltype": "http://data.gwsw.nl/1.4/totaal/Drukriolering"}}, {"type": "Feature", "id": 678, "geometry": {"type": "Point", "coordinates": [114689.1400000006, 449363.8900000006]}, "properties": {"Stelsel": "dr/driebruggen", "naam": "DR7065", "type": "http://data.gwsw.nl/1.4/totaal/Pompunit", "Begindatum": "1989-01-01", "Pompcapaciteit1": null, "Pompcapaciteit2": null, "OBJECTID": 678, "stelseltype": "http://data.gwsw.nl/1.4/totaal/Drukriolering"}}, {"type": "Feature", "id": 679, "geometry": {"type": "Point", "coordinates": [114723.94999999925, 449424.6400000006]}, "properties": {"Stelsel": "dr/driebruggen", "naam": "DR7067", "type": "http://data.gwsw.nl/1.4/totaal/Pompunit", "Begindatum": "1989-01-01", "Pompcapaciteit1": null, "Pompcapaciteit2": null, "OBJECTID": 679, "stelseltype": "http://data.gwsw.nl/1.4/totaal/Drukriolering"}}, {"type": "Feature", "id": 680, "geometry": {"type": "Point", "coordinates": [114673.26000000164, 449430.9699999988]}, "properties": {"Stelsel": "dr/driebruggen", "naam": "DR7069", "type": "http://data.gwsw.nl/1.4/totaal/Pompunit", "Begindatum": "1989-01-01", "Pompcapaciteit1": null, "Pompcapaciteit2": null, "OBJECTID": 680, "stelseltype": "http://data.gwsw.nl/1.4/totaal/Vuilwaterstelsel"}}, {"type": "Feature", "id": 681, "geometry": {"type": "Point", "coordinates": [114715.8599999994, 449484.94999999925]}, "properties": {"Stelsel": "dr/driebruggen", "naam": "DR7072", "type": "http://data.gwsw.nl/1.4/totaal/Pompunit", "Begindatum": "1989-01-01", "Pompcapaciteit1": null, "Pompcapaciteit2": null, "OBJECTID": 681, "stelseltype": "http://data.gwsw.nl/1.4/totaal/Drukriolering"}}, {"type": "Feature", "id": 682, "geometry": {"type": "Point", "coordinates": [114659.75, 449528.8200000003]}, "properties": {"Stelsel": "dr/driebruggen", "naam": "DR7074", "type": "http://data.gwsw.nl/1.4/totaal/Pompunit", "Begindatum": "1989-01-01", "Pompcapaciteit1": null, "Pompcapaciteit2": null, "OBJECTID": 682, "stelseltype": "http://data.gwsw.nl/1.4/totaal/Drukriolering"}}, {"type": "Feature", "id": 683, "geometry": {"type": "Point", "coordinates": [114654.9600000009, 449573.3999999985]}, "properties": {"Stelsel": "dr/driebruggen", "naam": "DR7076", "type": "http://data.gwsw.nl/1.4/totaal/Pompunit", "Begindatum": "1989-01-01", "Pompcapaciteit1": null, "Pompcapaciteit2": null, "OBJECTID": 683, "stelseltype": "http://data.gwsw.nl/1.4/totaal/Drukriolering"}}, {"type": "Feature", "id": 684, "geometry": {"type": "Point", "coordinates": [114628.2899999991, 449657.94999999925]}, "properties": {"Stelsel": "dr/driebruggen", "naam": "DR7078", "type": "http://data.gwsw.nl/1.4/totaal/Pompunit", "Begindatum": "1989-01-01", "Pompcapaciteit1": null, "Pompcapaciteit2": null, "OBJECTID": 684, "stelseltype": "http://data.gwsw.nl/1.4/totaal/Vuilwaterstelsel"}}, {"type": "Feature", "id": 685, "geometry": {"type": "Point", "coordinates": [114599.62000000104, 449749.33999999985]}, "properties": {"Stelsel": "dr/driebruggen", "naam": "DR7081", "type": "http://data.gwsw.nl/1.4/totaal/Pompunit", "Begindatum": "1989-01-01", "Pompcapaciteit1": null, "Pompcapaciteit2": null, "OBJECTID": 685, "stelseltype": "http://data.gwsw.nl/1.4/totaal/Drukriolering"}}, {"type": "Feature", "id": 686, "geometry": {"type": "Point", "coordinates": [114625.6400000006, 449776.55000000075]}, "properties": {"Stelsel": "dr/driebruggen", "naam": "DR7083", "type": "http://data.gwsw.nl/1.4/totaal/Pompunit", "Begindatum": "1989-01-01", "Pompcapaciteit1": null, "Pompcapaciteit2": null, "OBJECTID": 686, "stelseltype": "http://data.gwsw.nl/1.4/totaal/Drukriolering"}}, {"type": "Feature", "id": 687, "geometry": {"type": "Point", "coordinates": [114593.5700000003, 449784.9200000018]}, "properties": {"Stelsel": "dr/driebruggen", "naam": "DR7085", "type": "http://data.gwsw.nl/1.4/totaal/Pompunit", "Begindatum": "1989-01-01", "Pompcapaciteit1": null, "Pompcapaciteit2": null, "OBJECTID": 687, "stelseltype": "http://data.gwsw.nl/1.4/totaal/Drukriolering"}}, {"type": "Feature", "id": 688, "geometry": {"type": "Point", "coordinates": [114576.25, 449856.98000000045]}, "properties": {"Stelsel": "dr/driebruggen", "naam": "DR7087", "type": "http://data.gwsw.nl/1.4/totaal/Pompunit", "Begindatum": "1989-01-01", "Pompcapaciteit1": null, "Pompcapaciteit2": null, "OBJECTID": 688, "stelseltype": "http://data.gwsw.nl/1.4/totaal/Drukriolering"}}, {"type": "Feature", "id": 689, "geometry": {"type": "Point", "coordinates": [114566.76000000164, 449890.48000000045]}, "properties": {"Stelsel": "dr/driebruggen", "naam": "DR7089", "type": "http://data.gwsw.nl/1.4/totaal/Pompunit", "Begindatum": "1989-01-01", "Pompcapaciteit1": null, "Pompcapaciteit2": null, "OBJECTID": 689, "stelseltype": "http://data.gwsw.nl/1.4/totaal/Drukriolering"}}, {"type": "Feature", "id": 690, "geometry": {"type": "Point", "coordinates": [114537.37000000104, 449986.4600000009]}, "properties": {"Stelsel": "dr/driebruggen", "naam": "DR7091", "type": "http://data.gwsw.nl/1.4/totaal/Pompunit", "Begindatum": "1989-01-01", "Pompcapaciteit1": null, "Pompcapaciteit2": null, "OBJECTID": 690, "stelseltype": "http://data.gwsw.nl/1.4/totaal/Drukriolering"}}, {"type": "Feature", "id": 691, "geometry": {"type": "Point", "coordinates": [114538.6099999994, 450024.7800000012]}, "properties": {"Stelsel": "dr/driebruggen", "naam": "DR7093", "type": "http://data.gwsw.nl/1.4/totaal/Pompunit", "Begindatum": "1989-01-01", "Pompcapaciteit1": null, "Pompcapaciteit2": null, "OBJECTID": 691, "stelseltype": "http://data.gwsw.nl/1.4/totaal/Drukriolering"}}, {"type": "Feature", "id": 692, "geometry": {"type": "Point", "coordinates": [114512.14999999851, 450119.76999999955]}, "properties": {"Stelsel": "dr/driebruggen", "naam": "DR7095", "type": "http://data.gwsw.nl/1.4/totaal/Pompunit", "Begindatum": "1989-01-01", "Pompcapaciteit1": null, "Pompcapaciteit2": null, "OBJECTID": 692, "stelseltype": "http://data.gwsw.nl/1.4/totaal/Drukriolering"}}, {"type": "Feature", "id": 693, "geometry": {"type": "Point", "coordinates": [114465.83999999985, 450209.76000000164]}, "properties": {"Stelsel": "dr/driebruggen", "naam": "DR7097", "type": "http://data.gwsw.nl/1.4/totaal/Pompunit", "Begindatum": "1989-01-01", "Pompcapaciteit1": null, "Pompcapaciteit2": null, "OBJECTID": 693, "stelseltype": "http://data.gwsw.nl/1.4/totaal/Drukriolering"}}, {"type": "Feature", "id": 694, "geometry": {"type": "Point", "coordinates": [114515.64999999851, 450299.4699999988]}, "properties": {"Stelsel": "dr/driebruggen", "naam": "DR7099", "type": "http://data.gwsw.nl/1.4/totaal/Pompunit", "Begindatum": "1989-01-01", "Pompcapaciteit1": null, "Pompcapaciteit2": null, "OBJECTID": 694, "stelseltype": "http://data.gwsw.nl/1.4/totaal/Drukriolering"}}, {"type": "Feature", "id": 695, "geometry": {"type": "Point", "coordinates": [114472.23000000045, 450356.2199999988]}, "properties": {"Stelsel": "dr/driebruggen", "naam": "DR7102", "type": "http://data.gwsw.nl/1.4/totaal/Pompunit", "Begindatum": "1989-01-01", "Pompcapaciteit1": null, "Pompcapaciteit2": null, "OBJECTID": 695, "stelseltype": "http://data.gwsw.nl/1.4/totaal/Drukriolering"}}, {"type": "Feature", "id": 696, "geometry": {"type": "Point", "coordinates": [114453.10000000149, 450338]}, "properties": {"Stelsel": "dr/driebruggen", "naam": "DR7103", "type": "http://data.gwsw.nl/1.4/totaal/Pompunit", "Begindatum": "1989-01-01", "Pompcapaciteit1": null, "Pompcapaciteit2": null, "OBJECTID": 696, "stelseltype": "http://data.gwsw.nl/1.4/totaal/Drukriolering"}}, {"type": "Feature", "id": 697, "geometry": {"type": "Point", "coordinates": [114441, 450380.87999999896]}, "properties": {"Stelsel": "dr/driebruggen", "naam": "DR7105", "type": "http://data.gwsw.nl/1.4/totaal/Pompunit", "Begindatum": "1989-01-01", "Pompcapaciteit1": null, "Pompcapaciteit2": null, "OBJECTID": 697, "stelseltype": "http://data.gwsw.nl/1.4/totaal/Drukriolering"}}, {"type": "Feature", "id": 698, "geometry": {"type": "Point", "coordinates": [114444.28000000119, 450423.19000000134]}, "properties": {"Stelsel": "dr/driebruggen", "naam": "DR7107", "type": "http://data.gwsw.nl/1.4/totaal/Pompunit", "Begindatum": "1989-01-01", "Pompcapaciteit1": null, "Pompcapaciteit2": null, "OBJECTID": 698, "stelseltype": "http://data.gwsw.nl/1.4/totaal/Drukriolering"}}, {"type": "Feature", "id": 699, "geometry": {"type": "Point", "coordinates": [114438.10000000149, 450471.3500000015]}, "properties": {"Stelsel": "dr/driebruggen", "naam": "DR7109", "type": "http://data.gwsw.nl/1.4/totaal/Pompunit", "Begindatum": "1989-01-01", "Pompcapaciteit1": null, "Pompcapaciteit2": null, "OBJECTID": 699, "stelseltype": "http://data.gwsw.nl/1.4/totaal/Drukriolering"}}, {"type": "Feature", "id": 700, "geometry": {"type": "Point", "coordinates": [114421.89999999851, 450529.9600000009]}, "properties": {"Stelsel": "dr/driebruggen", "naam": "DR7111", "type": "http://data.gwsw.nl/1.4/totaal/Pompunit", "Begindatum": "1989-01-01", "Pompcapaciteit1": null, "Pompcapaciteit2": null, "OBJECTID": 700, "stelseltype": "http://data.gwsw.nl/1.4/totaal/Drukriolering"}}, {"type": "Feature", "id": 701, "geometry": {"type": "Point", "coordinates": [114420.7100000009, 450615.5399999991]}, "properties": {"Stelsel": "dr/driebruggen", "naam": "DR7113", "type": "http://data.gwsw.nl/1.4/totaal/Pompunit", "Begindatum": "1989-01-01", "Pompcapaciteit1": null, "Pompcapaciteit2": null, "OBJECTID": 701, "stelseltype": "http://data.gwsw.nl/1.4/totaal/Drukriolering"}}, {"type": "Feature", "id": 702, "geometry": {"type": "Point", "coordinates": [114407.25, 450635.30000000075]}, "properties": {"Stelsel": "dr/driebruggen", "naam": "DR7115", "type": "http://data.gwsw.nl/1.4/totaal/Pompunit", "Begindatum": "1989-01-01", "Pompcapaciteit1": null, "Pompcapaciteit2": null, "OBJECTID": 702, "stelseltype": "http://data.gwsw.nl/1.4/totaal/Drukriolering"}}, {"type": "Feature", "id": 703, "geometry": {"type": "Point", "coordinates": [114415.75, 450696.98999999836]}, "properties": {"Stelsel": "dr/driebruggen", "naam": "DR7117", "type": "http://data.gwsw.nl/1.4/totaal/Pompunit", "Begindatum": "1989-01-01", "Pompcapaciteit1": null, "Pompcapaciteit2": null, "OBJECTID": 703, "stelseltype": "http://data.gwsw.nl/1.4/totaal/Drukriolering"}}, {"type": "Feature", "id": 704, "geometry": {"type": "Point", "coordinates": [114401.59299999848, 450737.73800000176]}, "properties": {"Stelsel": "dr/driebruggen", "naam": "DR7119", "type": "http://data.gwsw.nl/1.4/totaal/Pompunit", "Begindatum": "1988-01-01", "Pompcapaciteit1": null, "Pompcapaciteit2": null, "OBJECTID": 704, "stelseltype": "http://data.gwsw.nl/1.4/totaal/Vuilwaterstelsel"}}, {"type": "Feature", "id": 705, "geometry": {"type": "Point", "coordinates": [114384.71999999881, 450843.01000000164]}, "properties": {"Stelsel": "dr/driebruggen", "naam": "DR7121", "type": "http://data.gwsw.nl/1.4/totaal/Pompunit", "Begindatum": "1989-01-01", "Pompcapaciteit1": null, "Pompcapaciteit2": null, "OBJECTID": 705, "stelseltype": "http://data.gwsw.nl/1.4/totaal/Drukriolering"}}, {"type": "Feature", "id": 706, "geometry": {"type": "Point", "coordinates": [114786.94000000134, 450693.25]}, "properties": {"Stelsel": "dr/driebruggen", "naam": "DR7123", "type": "http://data.gwsw.nl/1.4/totaal/Pompunit", "Begindatum": "2005-01-01", "Pompcapaciteit1": null, "Pompcapaciteit2": null, "OBJECTID": 706, "stelseltype": "http://data.gwsw.nl/1.4/totaal/Drukriolering"}}, {"type": "Feature", "id": 707, "geometry": {"type": "Point", "coordinates": [114314.47399999946, 452245.53500000015]}, "properties": {"Stelsel": "dr/driebruggen", "naam": "DR7124", "type": "http://data.gwsw.nl/1.4/totaal/Pompunit", "Begindatum": "1900-01-01", "Pompcapaciteit1": null, "Pompcapaciteit2": null, "OBJECTID": 707, "stelseltype": "http://data.gwsw.nl/1.4/totaal/Drukriolering"}}, {"type": "Feature", "id": 708, "geometry": {"type": "Point", "coordinates": [114387.94999999925, 450967.8900000006]}, "properties": {"Stelsel": "dr/driebruggen", "naam": "DR7126", "type": "http://data.gwsw.nl/1.4/totaal/Pompunit", "Begindatum": "1993-01-01", "Pompcapaciteit1": null, "Pompcapaciteit2": null, "OBJECTID": 708, "stelseltype": "http://data.gwsw.nl/1.4/totaal/Drukriolering"}}, {"type": "Feature", "id": 709, "geometry": {"type": "Point", "coordinates": [114389.05000000075, 450984.55000000075]}, "properties": {"Stelsel": "dr/driebruggen", "naam": "DR7128", "type": "http://data.gwsw.nl/1.4/totaal/Pompunit", "Begindatum": "1993-01-01", "Pompcapaciteit1": null, "Pompcapaciteit2": null, "OBJECTID": 709, "stelseltype": "http://data.gwsw.nl/1.4/totaal/Drukriolering"}}, {"type": "Feature", "id": 710, "geometry": {"type": "Point", "coordinates": [114359.98999999836, 451065.7199999988]}, "properties": {"Stelsel": "dr/driebruggen", "naam": "DR7130", "type": "http://data.gwsw.nl/1.4/totaal/Pompunit", "Begindatum": "1993-01-01", "Pompcapaciteit1": null, "Pompcapaciteit2": null, "OBJECTID": 710, "stelseltype": "http://data.gwsw.nl/1.4/totaal/Drukriolering"}}, {"type": "Feature", "id": 711, "geometry": {"type": "Point", "coordinates": [114377.30000000075, 451145.69000000134]}, "properties": {"Stelsel": "dr/driebruggen", "naam": "DR7132", "type": "http://data.gwsw.nl/1.4/totaal/Pompunit", "Begindatum": "1993-01-01", "Pompcapaciteit1": null, "Pompcapaciteit2": null, "OBJECTID": 711, "stelseltype": "http://data.gwsw.nl/1.4/totaal/Drukriolering"}}, {"type": "Feature", "id": 712, "geometry": {"type": "Point", "coordinates": [114366.46999999881, 451185.2199999988]}, "properties": {"Stelsel": "dr/driebruggen", "naam": "DR7134", "type": "http://data.gwsw.nl/1.4/totaal/Pompunit", "Begindatum": "1993-01-01", "Pompcapaciteit1": null, "Pompcapaciteit2": null, "OBJECTID": 712, "stelseltype": "http://data.gwsw.nl/1.4/totaal/Drukriolering"}}, {"type": "Feature", "id": 713, "geometry": {"type": "Point", "coordinates": [114354.44999999925, 451296.80999999866]}, "properties": {"Stelsel": "dr/driebruggen", "naam": "DR7136", "type": "http://data.gwsw.nl/1.4/totaal/Pompunit", "Begindatum": "1993-01-01", "Pompcapaciteit1": null, "Pompcapaciteit2": null, "OBJECTID": 713, "stelseltype": "http://data.gwsw.nl/1.4/totaal/Drukriolering"}}, {"type": "Feature", "id": 714, "geometry": {"type": "Point", "coordinates": [114356.89999999851, 451358.80000000075]}, "properties": {"Stelsel": "dr/driebruggen", "naam": "DR7138", "type": "http://data.gwsw.nl/1.4/totaal/Pompunit", "Begindatum": "1993-01-01", "Pompcapaciteit1": null, "Pompcapaciteit2": null, "OBJECTID": 714, "stelseltype": "http://data.gwsw.nl/1.4/totaal/Vuilwaterstelsel"}}, {"type": "Feature", "id": 715, "geometry": {"type": "Point", "coordinates": [114383.2100000009, 451408.73999999836]}, "properties": {"Stelsel": "dr/driebruggen", "naam": "DR7141", "type": "http://data.gwsw.nl/1.4/totaal/Pompunit", "Begindatum": "1993-01-01", "Pompcapaciteit1": null, "Pompcapaciteit2": null, "OBJECTID": 715, "stelseltype": "http://data.gwsw.nl/1.4/totaal/Drukriolering"}}, {"type": "Feature", "id": 716, "geometry": {"type": "Point", "coordinates": [114352.73999999836, 451411.8200000003]}, "properties": {"Stelsel": "dr/driebruggen", "naam": "DR7143", "type": "http://data.gwsw.nl/1.4/totaal/Pompunit", "Begindatum": "1993-01-01", "Pompcapaciteit1": null, "Pompcapaciteit2": null, "OBJECTID": 716, "stelseltype": "http://data.gwsw.nl/1.4/totaal/Drukriolering"}}, {"type": "Feature", "id": 717, "geometry": {"type": "Point", "coordinates": [114337.55000000075, 451484.2100000009]}, "properties": {"Stelsel": "dr/driebruggen", "naam": "DR7145", "type": "http://data.gwsw.nl/1.4/totaal/Pompunit", "Begindatum": "1993-01-01", "Pompcapaciteit1": null, "Pompcapaciteit2": null, "OBJECTID": 717, "stelseltype": "http://data.gwsw.nl/1.4/totaal/Drukriolering"}}, {"type": "Feature", "id": 718, "geometry": {"type": "Point", "coordinates": [114334.1099999994, 451559.3999999985]}, "properties": {"Stelsel": "dr/driebruggen", "naam": "DR7147", "type": "http://data.gwsw.nl/1.4/totaal/Pompunit", "Begindatum": "1993-01-01", "Pompcapaciteit1": null, "Pompcapaciteit2": null, "OBJECTID": 718, "stelseltype": "http://data.gwsw.nl/1.4/totaal/Drukriolering"}}, {"type": "Feature", "id": 719, "geometry": {"type": "Point", "coordinates": [114309.62999999896, 451677.1499999985]}, "properties": {"Stelsel": "dr/driebruggen", "naam": "DR7149", "type": "http://data.gwsw.nl/1.4/totaal/Pompunit", "Begindatum": "1993-01-01", "Pompcapaciteit1": null, "Pompcapaciteit2": null, "OBJECTID": 719, "stelseltype": "http://data.gwsw.nl/1.4/totaal/Drukriolering"}}, {"type": "Feature", "id": 720, "geometry": {"type": "Point", "coordinates": [114323.62000000104, 451740.6000000015]}, "properties": {"Stelsel": "dr/driebruggen", "naam": "DR7151", "type": "http://data.gwsw.nl/1.4/totaal/Pompunit", "Begindatum": "1993-01-01", "Pompcapaciteit1": null, "Pompcapaciteit2": null, "OBJECTID": 720, "stelseltype": "http://data.gwsw.nl/1.4/totaal/Drukriolering"}}, {"type": "Feature", "id": 721, "geometry": {"type": "Point", "coordinates": [114326.94999999925, 451780.19000000134]}, "properties": {"Stelsel": "dr/driebruggen", "naam": "DR7153", "type": "http://data.gwsw.nl/1.4/totaal/Pompunit", "Begindatum": "1993-01-01", "Pompcapaciteit1": null, "Pompcapaciteit2": null, "OBJECTID": 721, "stelseltype": "http://data.gwsw.nl/1.4/totaal/Drukriolering"}}, {"type": "Feature", "id": 722, "geometry": {"type": "Point", "coordinates": [114321.55999999866, 451825.6499999985]}, "properties": {"Stelsel": "dr/driebruggen", "naam": "DR7155", "type": "http://data.gwsw.nl/1.4/totaal/Pompunit", "Begindatum": "1993-01-01", "Pompcapaciteit1": null, "Pompcapaciteit2": null, "OBJECTID": 722, "stelseltype": "http://data.gwsw.nl/1.4/totaal/Drukriolering"}}, {"type": "Feature", "id": 723, "geometry": {"type": "Point", "coordinates": [114313.73999999836, 451853.76999999955]}, "properties": {"Stelsel": "dr/driebruggen", "naam": "DR7157", "type": "http://data.gwsw.nl/1.4/totaal/Pompunit", "Begindatum": "1993-01-01", "Pompcapaciteit1": null, "Pompcapaciteit2": null, "OBJECTID": 723, "stelseltype": "http://data.gwsw.nl/1.4/totaal/Drukriolering"}}, {"type": "Feature", "id": 724, "geometry": {"type": "Point", "coordinates": [114300.19000000134, 452064.7199999988]}, "properties": {"Stelsel": "dr/driebruggen", "naam": "DR7159", "type": "http://data.gwsw.nl/1.4/totaal/Pompunit", "Begindatum": "1993-01-01", "Pompcapaciteit1": null, "Pompcapaciteit2": null, "OBJECTID": 724, "stelseltype": "http://data.gwsw.nl/1.4/totaal/Drukriolering"}}, {"type": "Feature", "id": 725, "geometry": {"type": "Point", "coordinates": [110482.48000000045, 448975.3299999982]}, "properties": {"Stelsel": "rb/reeuwijk brug", "naam": "RB7371", "type": "http://data.gwsw.nl/1.4/totaal/Pompunit", "Begindatum": "1993-01-01", "Pompcapaciteit1": null, "Pompcapaciteit2": null, "OBJECTID": 725, "stelseltype": "http://data.gwsw.nl/1.4/totaal/Vuilwaterstelsel"}}, {"type": "Feature", "id": 726, "geometry": {"type": "Point", "coordinates": [110498.87000000104, 448917.51999999955]}, "properties": {"Stelsel": "rb/reeuwijk brug", "naam": "RB7376", "type": "http://data.gwsw.nl/1.4/totaal/Pompunit", "Begindatum": "1993-01-01", "Pompcapaciteit1": null, "Pompcapaciteit2": null, "OBJECTID": 726, "stelseltype": "http://data.gwsw.nl/1.4/totaal/Drukriolering"}}, {"type": "Feature", "id": 727, "geometry": {"type": "Point", "coordinates": [110483.14999999851, 448865.5]}, "properties": {"Stelsel": "rb/reeuwijk brug", "naam": "RB7383", "type": "http://data.gwsw.nl/1.4/totaal/Pompunit", "Begindatum": "1993-01-01", "Pompcapaciteit1": null, "Pompcapaciteit2": null, "OBJECTID": 727, "stelseltype": "http://data.gwsw.nl/1.4/totaal/Vuilwaterstelsel"}}, {"type": "Feature", "id": 728, "geometry": {"type": "Point", "coordinates": [109790.78000000119, 449963.33999999985]}, "properties": {"Stelsel": "rb/reeuwijk brug", "naam": "RB7418", "type": "http://data.gwsw.nl/1.4/totaal/Pompunit", "Begindatum": "1991-01-01", "Pompcapaciteit1": null, "Pompcapaciteit2": null, "OBJECTID": 728, "stelseltype": "http://data.gwsw.nl/1.4/totaal/Drukriolering"}}, {"type": "Feature", "id": 729, "geometry": {"type": "Point", "coordinates": [109434.48000000045, 450078.5799999982]}, "properties": {"Stelsel": "rb/reeuwijk brug", "naam": "RB7442", "type": "http://data.gwsw.nl/1.4/totaal/Pompunit", "Begindatum": "1991-01-01", "Pompcapaciteit1": null, "Pompcapaciteit2": null, "OBJECTID": 729, "stelseltype": "http://data.gwsw.nl/1.4/totaal/Vuilwaterstelsel"}}, {"type": "Feature", "id": 730, "geometry": {"type": "Point", "coordinates": [109400.80999999866, 448865.76999999955]}, "properties": {"Stelsel": "rb/reeuwijk brug", "naam": "RB7457", "type": "http://data.gwsw.nl/1.4/totaal/Pompunit", "Begindatum": "1992-01-01", "Pompcapaciteit1": null, "Pompcapaciteit2": null, "OBJECTID": 730, "stelseltype": "http://data.gwsw.nl/1.4/totaal/Vuilwaterstelsel"}}, {"type": "Feature", "id": 731, "geometry": {"type": "Point", "coordinates": [109456.96999999881, 448912.01000000164]}, "properties": {"Stelsel": "rb/reeuwijk brug", "naam": "RB7461", "type": "http://data.gwsw.nl/1.4/totaal/Pompunit", "Begindatum": "1992-01-01", "Pompcapaciteit1": null, "Pompcapaciteit2": null, "OBJECTID": 731, "stelseltype": "http://data.gwsw.nl/1.4/totaal/Drukriolering"}}, {"type": "Feature", "id": 732, "geometry": {"type": "Point", "coordinates": [109544.37999999896, 448931.6700000018]}, "properties": {"Stelsel": "rb/reeuwijk brug", "naam": "RB7469", "type": "http://data.gwsw.nl/1.4/totaal/Pompunit", "Begindatum": "1992-01-01", "Pompcapaciteit1": null, "Pompcapaciteit2": null, "OBJECTID": 732, "stelseltype": "http://data.gwsw.nl/1.4/totaal/Vuilwaterstelsel"}}, {"type": "Feature", "id": 733, "geometry": {"type": "Point", "coordinates": [109612.3200000003, 448908.6499999985]}, "properties": {"Stelsel": "rb/reeuwijk brug", "naam": "RB7474", "type": "http://data.gwsw.nl/1.4/totaal/Pompunit", "Begindatum": "1992-01-01", "Pompcapaciteit1": null, "Pompcapaciteit2": null, "OBJECTID": 733, "stelseltype": "http://data.gwsw.nl/1.4/totaal/Drukriolering"}}, {"type": "Feature", "id": 734, "geometry": {"type": "Point", "coordinates": [109874.12999999896, 448885.62999999896]}, "properties": {"Stelsel": "rb/reeuwijk brug", "naam": "RB7494", "type": "http://data.gwsw.nl/1.4/totaal/Pompunit", "Begindatum": "1992-01-01", "Pompcapaciteit1": null, "Pompcapaciteit2": null, "OBJECTID": 734, "stelseltype": "http://data.gwsw.nl/1.4/totaal/Vuilwaterstelsel"}}, {"type": "Feature", "id": 735, "geometry": {"type": "Point", "coordinates": [109977.28000000119, 448895.19000000134]}, "properties": {"Stelsel": "rb/reeuwijk brug", "naam": "RB7505", "type": "http://data.gwsw.nl/1.4/totaal/Pompunit", "Begindatum": "1992-01-01", "Pompcapaciteit1": null, "Pompcapaciteit2": null, "OBJECTID": 735, "stelseltype": "http://data.gwsw.nl/1.4/totaal/Vuilwaterstelsel"}}, {"type": "Feature", "id": 736, "geometry": {"type": "Point", "coordinates": [110068.57999999821, 448874.5399999991]}, "properties": {"Stelsel": "rb/reeuwijk brug", "naam": "RB7507", "type": "http://data.gwsw.nl/1.4/totaal/Pompunit", "Begindatum": "1992-01-01", "Pompcapaciteit1": null, "Pompcapaciteit2": null, "OBJECTID": 736, "stelseltype": "http://data.gwsw.nl/1.4/totaal/Vuilwaterstelsel"}}, {"type": "Feature", "id": 737, "geometry": {"type": "Point", "coordinates": [110146.7100000009, 448818.7199999988]}, "properties": {"Stelsel": "rb/reeuwijk brug", "naam": "RB7512", "type": "http://data.gwsw.nl/1.4/totaal/Pompunit", "Begindatum": "1992-01-01", "Pompcapaciteit1": null, "Pompcapaciteit2": null, "OBJECTID": 737, "stelseltype": "http://data.gwsw.nl/1.4/totaal/Vuilwaterstelsel"}}, {"type": "Feature", "id": 738, "geometry": {"type": "Point", "coordinates": [110169.23000000045, 448779]}, "properties": {"Stelsel": "rb/reeuwijk brug", "naam": "RB7514", "type": "http://data.gwsw.nl/1.4/totaal/Pompunit", "Begindatum": "1992-01-01", "Pompcapaciteit1": null, "Pompcapaciteit2": null, "OBJECTID": 738, "stelseltype": "http://data.gwsw.nl/1.4/totaal/Drukriolering"}}, {"type": "Feature", "id": 739, "geometry": {"type": "Point", "coordinates": [110266.6400000006, 448768.7800000012]}, "properties": {"Stelsel": "rb/reeuwijk brug", "naam": "RB7518", "type": "http://data.gwsw.nl/1.4/totaal/Pompunit", "Begindatum": "1992-01-01", "Pompcapaciteit1": null, "Pompcapaciteit2": null, "OBJECTID": 739, "stelseltype": "http://data.gwsw.nl/1.4/totaal/Vuilwaterstelsel"}}, {"type": "Feature", "id": 740, "geometry": {"type": "Point", "coordinates": [107882.66000000015, 453234.1499999985]}, "properties": {"Stelsel": "rd/reeuwijk dorp", "naam": "RD7166", "type": "http://data.gwsw.nl/1.4/totaal/Pompunit", "Begindatum": "2000-01-01", "Pompcapaciteit1": null, "Pompcapaciteit2": null, "OBJECTID": 740, "stelseltype": "http://data.gwsw.nl/1.4/totaal/Drukriolering"}}, {"type": "Feature", "id": 741, "geometry": {"type": "Point", "coordinates": [107865.58999999985, 453283.76000000164]}, "properties": {"Stelsel": "rd/reeuwijk dorp", "naam": "RD7170", "type": "http://data.gwsw.nl/1.4/totaal/Pompunit", "Begindatum": "2000-01-01", "Pompcapaciteit1": null, "Pompcapaciteit2": null, "OBJECTID": 741, "stelseltype": "http://data.gwsw.nl/1.4/totaal/Drukriolering"}}, {"type": "Feature", "id": 742, "geometry": {"type": "Point", "coordinates": [107543.91000000015, 453225.5]}, "properties": {"Stelsel": "rd/reeuwijk dorp", "naam": "RD7186", "type": "http://data.gwsw.nl/1.4/totaal/Pompunit", "Begindatum": "2000-01-01", "Pompcapaciteit1": null, "Pompcapaciteit2": null, "OBJECTID": 742, "stelseltype": "http://data.gwsw.nl/1.4/totaal/Drukriolering"}}, {"type": "Feature", "id": 743, "geometry": {"type": "Point", "coordinates": [108260.5700000003, 454449.23000000045]}, "properties": {"Stelsel": "rd/reeuwijk dorp", "naam": "RD7197", "type": "http://data.gwsw.nl/1.4/totaal/Pompunit", "Begindatum": "2000-01-01", "Pompcapaciteit1": null, "Pompcapaciteit2": null, "OBJECTID": 743, "stelseltype": "http://data.gwsw.nl/1.4/totaal/Drukriolering"}}, {"type": "Feature", "id": 744, "geometry": {"type": "Point", "coordinates": [108257.21999999881, 454316.51000000164]}, "properties": {"Stelsel": "rd/reeuwijk dorp", "naam": "RD7207", "type": "http://data.gwsw.nl/1.4/totaal/Pompunit", "Begindatum": "2000-01-01", "Pompcapaciteit1": null, "Pompcapaciteit2": null, "OBJECTID": 744, "stelseltype": "http://data.gwsw.nl/1.4/totaal/Drukriolering"}}, {"type": "Feature", "id": 745, "geometry": {"type": "Point", "coordinates": [108237.67000000179, 454293.6499999985]}, "properties": {"Stelsel": "rd/reeuwijk dorp", "naam": "RD7209", "type": "http://data.gwsw.nl/1.4/totaal/Pompunit", "Begindatum": "2000-01-01", "Pompcapaciteit1": null, "Pompcapaciteit2": null, "OBJECTID": 745, "stelseltype": "http://data.gwsw.nl/1.4/totaal/Drukriolering"}}, {"type": "Feature", "id": 746, "geometry": {"type": "Point", "coordinates": [108260.7899999991, 454267.4200000018]}, "properties": {"Stelsel": "rd/reeuwijk dorp", "naam": "RD7211", "type": "http://data.gwsw.nl/1.4/totaal/Pompunit", "Begindatum": "2000-01-01", "Pompcapaciteit1": null, "Pompcapaciteit2": null, "OBJECTID": 746, "stelseltype": "http://data.gwsw.nl/1.4/totaal/Drukriolering"}}, {"type": "Feature", "id": 747, "geometry": {"type": "Point", "coordinates": [108207.37999999896, 454219.23000000045]}, "properties": {"Stelsel": "rd/reeuwijk dorp", "naam": "RD7217", "type": "http://data.gwsw.nl/1.4/totaal/Pompunit", "Begindatum": "2000-01-01", "Pompcapaciteit1": null, "Pompcapaciteit2": null, "OBJECTID": 747, "stelseltype": "http://data.gwsw.nl/1.4/totaal/Drukriolering"}}, {"type": "Feature", "id": 748, "geometry": {"type": "Point", "coordinates": [108209.51000000164, 454167.30999999866]}, "properties": {"Stelsel": "rd/reeuwijk dorp", "naam": "RD7219", "type": "http://data.gwsw.nl/1.4/totaal/Pompunit", "Begindatum": "2000-01-01", "Pompcapaciteit1": null, "Pompcapaciteit2": null, "OBJECTID": 748, "stelseltype": "http://data.gwsw.nl/1.4/totaal/Drukriolering"}}, {"type": "Feature", "id": 749, "geometry": {"type": "Point", "coordinates": [108226.73000000045, 454124.4200000018]}, "properties": {"Stelsel": "rd/reeuwijk dorp", "naam": "RD7221", "type": "http://data.gwsw.nl/1.4/totaal/Pompunit", "Begindatum": "2000-01-01", "Pompcapaciteit1": null, "Pompcapaciteit2": null, "OBJECTID": 749, "stelseltype": "http://data.gwsw.nl/1.4/totaal/Drukriolering"}}, {"type": "Feature", "id": 750, "geometry": {"type": "Point", "coordinates": [108230.6099999994, 454081.8999999985]}, "properties": {"Stelsel": "rd/reeuwijk dorp", "naam": "RD7223", "type": "http://data.gwsw.nl/1.4/totaal/Pompunit", "Begindatum": "2000-01-01", "Pompcapaciteit1": null, "Pompcapaciteit2": null, "OBJECTID": 750, "stelseltype": "http://data.gwsw.nl/1.4/totaal/Drukriolering"}}, {"type": "Feature", "id": 751, "geometry": {"type": "Point", "coordinates": [108214.60000000149, 454040.5700000003]}, "properties": {"Stelsel": "rd/reeuwijk dorp", "naam": "RD7225", "type": "http://data.gwsw.nl/1.4/totaal/Pompunit", "Begindatum": "2000-01-01", "Pompcapaciteit1": null, "Pompcapaciteit2": null, "OBJECTID": 751, "stelseltype": "http://data.gwsw.nl/1.4/totaal/Drukriolering"}}, {"type": "Feature", "id": 752, "geometry": {"type": "Point", "coordinates": [108214.58999999985, 454010.58999999985]}, "properties": {"Stelsel": "rd/reeuwijk dorp", "naam": "RD7229", "type": "http://data.gwsw.nl/1.4/totaal/Pompunit", "Begindatum": "2000-01-01", "Pompcapaciteit1": null, "Pompcapaciteit2": null, "OBJECTID": 752, "stelseltype": "http://data.gwsw.nl/1.4/totaal/Drukriolering"}}, {"type": "Feature", "id": 753, "geometry": {"type": "Point", "coordinates": [108205.08999999985, 453888.12999999896]}, "properties": {"Stelsel": "rd/reeuwijk dorp", "naam": "RD7237", "type": "http://data.gwsw.nl/1.4/totaal/Pompunit", "Begindatum": "2000-01-01", "Pompcapaciteit1": null, "Pompcapaciteit2": null, "OBJECTID": 753, "stelseltype": "http://data.gwsw.nl/1.4/totaal/Drukriolering"}}, {"type": "Feature", "id": 754, "geometry": {"type": "Point", "coordinates": [108272.82999999821, 453780.3900000006]}, "properties": {"Stelsel": "rd/reeuwijk dorp", "naam": "RD7247", "type": "http://data.gwsw.nl/1.4/totaal/Pompunit", "Begindatum": "2000-01-01", "Pompcapaciteit1": null, "Pompcapaciteit2": null, "OBJECTID": 754, "stelseltype": "http://data.gwsw.nl/1.4/totaal/Drukriolering"}}, {"type": "Feature", "id": 755, "geometry": {"type": "Point", "coordinates": [108185.01999999955, 453702.1799999997]}, "properties": {"Stelsel": "rd/reeuwijk dorp", "naam": "RD7249", "type": "http://data.gwsw.nl/1.4/totaal/Pompunit", "Begindatum": "2000-01-01", "Pompcapaciteit1": null, "Pompcapaciteit2": null, "OBJECTID": 755, "stelseltype": "http://data.gwsw.nl/1.4/totaal/Drukriolering"}}, {"type": "Feature", "id": 756, "geometry": {"type": "Point", "coordinates": [108236.44999999925, 453677.9200000018]}, "properties": {"Stelsel": "rd/reeuwijk dorp", "naam": "RD7251", "type": "http://data.gwsw.nl/1.4/totaal/Pompunit", "Begindatum": "2000-01-01", "Pompcapaciteit1": null, "Pompcapaciteit2": null, "OBJECTID": 756, "stelseltype": "http://data.gwsw.nl/1.4/totaal/Drukriolering"}}, {"type": "Feature", "id": 757, "geometry": {"type": "Point", "coordinates": [108202.2899999991, 453626.1099999994]}, "properties": {"Stelsel": "rd/reeuwijk dorp", "naam": "RD7253", "type": "http://data.gwsw.nl/1.4/totaal/Pompunit", "Begindatum": "2000-01-01", "Pompcapaciteit1": null, "Pompcapaciteit2": null, "OBJECTID": 757, "stelseltype": "http://data.gwsw.nl/1.4/totaal/Drukriolering"}}, {"type": "Feature", "id": 758, "geometry": {"type": "Point", "coordinates": [108246.12999999896, 453598.51999999955]}, "properties": {"Stelsel": "rd/reeuwijk dorp", "naam": "RD7255", "type": "http://data.gwsw.nl/1.4/totaal/Pompunit", "Begindatum": "2000-01-01", "Pompcapaciteit1": null, "Pompcapaciteit2": null, "OBJECTID": 758, "stelseltype": "http://data.gwsw.nl/1.4/totaal/Drukriolering"}}, {"type": "Feature", "id": 759, "geometry": {"type": "Point", "coordinates": [108185.48000000045, 453583.37000000104]}, "properties": {"Stelsel": "rd/reeuwijk dorp", "naam": "RD7257", "type": "http://data.gwsw.nl/1.4/totaal/Pompunit", "Begindatum": "2000-01-01", "Pompcapaciteit1": null, "Pompcapaciteit2": null, "OBJECTID": 759, "stelseltype": "http://data.gwsw.nl/1.4/totaal/Drukriolering"}}, {"type": "Feature", "id": 760, "geometry": {"type": "Point", "coordinates": [108185.33999999985, 453541.8299999982]}, "properties": {"Stelsel": "rd/reeuwijk dorp", "naam": "RD7259", "type": "http://data.gwsw.nl/1.4/totaal/Pompunit", "Begindatum": "2000-01-01", "Pompcapaciteit1": null, "Pompcapaciteit2": null, "OBJECTID": 760, "stelseltype": "http://data.gwsw.nl/1.4/totaal/Drukriolering"}}, {"type": "Feature", "id": 761, "geometry": {"type": "Point", "coordinates": [108238.69000000134, 453539.91000000015]}, "properties": {"Stelsel": "rd/reeuwijk dorp", "naam": "RD7261", "type": "http://data.gwsw.nl/1.4/totaal/Pompunit", "Begindatum": "2000-01-01", "Pompcapaciteit1": null, "Pompcapaciteit2": null, "OBJECTID": 761, "stelseltype": "http://data.gwsw.nl/1.4/totaal/Drukriolering"}}, {"type": "Feature", "id": 762, "geometry": {"type": "Point", "coordinates": [108237.05000000075, 453527.8599999994]}, "properties": {"Stelsel": "rd/reeuwijk dorp", "naam": "RD7263", "type": "http://data.gwsw.nl/1.4/totaal/Pompunit", "Begindatum": "2000-01-01", "Pompcapaciteit1": null, "Pompcapaciteit2": null, "OBJECTID": 762, "stelseltype": "http://data.gwsw.nl/1.4/totaal/Drukriolering"}}, {"type": "Feature", "id": 763, "geometry": {"type": "Point", "coordinates": [108179.6799999997, 453504.08999999985]}, "properties": {"Stelsel": "rd/reeuwijk dorp", "naam": "RD7265", "type": "http://data.gwsw.nl/1.4/totaal/Pompunit", "Begindatum": "2000-01-01", "Pompcapaciteit1": null, "Pompcapaciteit2": null, "OBJECTID": 763, "stelseltype": "http://data.gwsw.nl/1.4/totaal/Drukriolering"}}, {"type": "Feature", "id": 764, "geometry": {"type": "Point", "coordinates": [108231.78000000119, 453496.55999999866]}, "properties": {"Stelsel": "rd/reeuwijk dorp", "naam": "RD7269", "type": "http://data.gwsw.nl/1.4/totaal/Pompunit", "Begindatum": "2000-01-01", "Pompcapaciteit1": null, "Pompcapaciteit2": null, "OBJECTID": 764, "stelseltype": "http://data.gwsw.nl/1.4/totaal/Drukriolering"}}, {"type": "Feature", "id": 765, "geometry": {"type": "Point", "coordinates": [108259.51999999955, 453431.26999999955]}, "properties": {"Stelsel": "rd/reeuwijk dorp", "naam": "RD7273", "type": "http://data.gwsw.nl/1.4/totaal/Pompunit", "Begindatum": "2000-01-01", "Pompcapaciteit1": null, "Pompcapaciteit2": null, "OBJECTID": 765, "stelseltype": "http://data.gwsw.nl/1.4/totaal/Drukriolering"}}, {"type": "Feature", "id": 766, "geometry": {"type": "Point", "coordinates": [108591.28000000119, 453415.9699999988]}, "properties": {"Stelsel": "rd/reeuwijk dorp", "naam": "RD7277", "type": "http://data.gwsw.nl/1.4/totaal/Pompunit", "Begindatum": "1999-01-01", "Pompcapaciteit1": null, "Pompcapaciteit2": null, "OBJECTID": 766, "stelseltype": "http://data.gwsw.nl/1.4/totaal/Drukriolering"}}, {"type": "Feature", "id": 767, "geometry": {"type": "Point", "coordinates": [107061.92000000179, 452135.1000000015]}, "properties": {"Stelsel": "rd/reeuwijk dorp", "naam": "RD7281", "type": "http://data.gwsw.nl/1.4/totaal/Pompunit", "Begindatum": "1993-01-01", "Pompcapaciteit1": null, "Pompcapaciteit2": null, "OBJECTID": 767, "stelseltype": "http://data.gwsw.nl/1.4/totaal/Vuilwaterstelsel"}}, {"type": "Feature", "id": 768, "geometry": {"type": "Point", "coordinates": [106259.39999999851, 452381.7800000012]}, "properties": {"Stelsel": "rd/reeuwijk dorp", "naam": "RD7291", "type": "http://data.gwsw.nl/1.4/totaal/Pompunit", "Begindatum": "1992-01-01", "Pompcapaciteit1": null, "Pompcapaciteit2": null, "OBJECTID": 768, "stelseltype": "http://data.gwsw.nl/1.4/totaal/Drukriolering"}}, {"type": "Feature", "id": 769, "geometry": {"type": "Point", "coordinates": [106276.87000000104, 452368.6700000018]}, "properties": {"Stelsel": "rd/reeuwijk dorp", "naam": "RD7293", "type": "http://data.gwsw.nl/1.4/totaal/Pompunit", "Begindatum": "1992-01-01", "Pompcapaciteit1": null, "Pompcapaciteit2": null, "OBJECTID": 769, "stelseltype": "http://data.gwsw.nl/1.4/totaal/Drukriolering"}}, {"type": "Feature", "id": 770, "geometry": {"type": "Point", "coordinates": [106278.14999999851, 452329.30000000075]}, "properties": {"Stelsel": "rd/reeuwijk dorp", "naam": "RD7295", "type": "http://data.gwsw.nl/1.4/totaal/Pompunit", "Begindatum": "1992-01-01", "Pompcapaciteit1": null, "Pompcapaciteit2": null, "OBJECTID": 770, "stelseltype": "http://data.gwsw.nl/1.4/totaal/Drukriolering"}}, {"type": "Feature", "id": 771, "geometry": {"type": "Point", "coordinates": [106268.08999999985, 452290.83999999985]}, "properties": {"Stelsel": "rd/reeuwijk dorp", "naam": "RD7297", "type": "http://data.gwsw.nl/1.4/totaal/Pompunit", "Begindatum": "1992-01-01", "Pompcapaciteit1": null, "Pompcapaciteit2": null, "OBJECTID": 771, "stelseltype": "http://data.gwsw.nl/1.4/totaal/Drukriolering"}}, {"type": "Feature", "id": 772, "geometry": {"type": "Point", "coordinates": [106244.0700000003, 452267.3299999982]}, "properties": {"Stelsel": "rd/reeuwijk dorp", "naam": "RD7299", "type": "http://data.gwsw.nl/1.4/totaal/Pompunit", "Begindatum": "1992-01-01", "Pompcapaciteit1": null, "Pompcapaciteit2": null, "OBJECTID": 772, "stelseltype": "http://data.gwsw.nl/1.4/totaal/Drukriolering"}}, {"type": "Feature", "id": 773, "geometry": {"type": "Point", "coordinates": [106254.19999999925, 452215.8200000003]}, "properties": {"Stelsel": "rd/reeuwijk dorp", "naam": "RD7301", "type": "http://data.gwsw.nl/1.4/totaal/Pompunit", "Begindatum": "1992-01-01", "Pompcapaciteit1": null, "Pompcapaciteit2": null, "OBJECTID": 773, "stelseltype": "http://data.gwsw.nl/1.4/totaal/Drukriolering"}}, {"type": "Feature", "id": 774, "geometry": {"type": "Point", "coordinates": [106102.69000000134, 452199.91000000015]}, "properties": {"Stelsel": "rd/reeuwijk dorp", "naam": "RD7305", "type": "http://data.gwsw.nl/1.4/totaal/Pompunit", "Begindatum": "1992-01-01", "Pompcapaciteit1": null, "Pompcapaciteit2": null, "OBJECTID": 774, "stelseltype": "http://data.gwsw.nl/1.4/totaal/Drukriolering"}}, {"type": "Feature", "id": 775, "geometry": {"type": "Point", "coordinates": [106075.41000000015, 452099.80000000075]}, "properties": {"Stelsel": "rd/reeuwijk dorp", "naam": "RD7311", "type": "http://data.gwsw.nl/1.4/totaal/Pompunit", "Begindatum": "1992-01-01", "Pompcapaciteit1": null, "Pompcapaciteit2": null, "OBJECTID": 775, "stelseltype": "http://data.gwsw.nl/1.4/totaal/Drukriolering"}}, {"type": "Feature", "id": 776, "geometry": {"type": "Point", "coordinates": [106010.80999999866, 451950.75]}, "properties": {"Stelsel": "rd/reeuwijk dorp", "naam": "RD7325", "type": "http://data.gwsw.nl/1.4/totaal/Pompunit", "Begindatum": "1992-01-01", "Pompcapaciteit1": null, "Pompcapaciteit2": null, "OBJECTID": 776, "stelseltype": "http://data.gwsw.nl/1.4/totaal/Vuilwaterstelsel"}}, {"type": "Feature", "id": 777, "geometry": {"type": "Point", "coordinates": [106726.33999999985, 452615.2800000012]}, "properties": {"Stelsel": "rd/reeuwijk dorp", "naam": "RD7340", "type": "http://data.gwsw.nl/1.4/totaal/Pompunit", "Begindatum": "1990-01-01", "Pompcapaciteit1": null, "Pompcapaciteit2": null, "OBJECTID": 777, "stelseltype": "http://data.gwsw.nl/1.4/totaal/Vuilwaterstelsel"}}, {"type": "Feature", "id": 778, "geometry": {"type": "Point", "coordinates": [106496.73000000045, 451977.5]}, "properties": {"Stelsel": "rd/reeuwijk dorp", "naam": "RD7394", "type": "http://data.gwsw.nl/1.4/totaal/Pompunit", "Begindatum": "1990-01-01", "Pompcapaciteit1": null, "Pompcapaciteit2": null, "OBJECTID": 778, "stelseltype": "http://data.gwsw.nl/1.4/totaal/Drukriolering"}}, {"type": "Feature", "id": 779, "geometry": {"type": "Point", "coordinates": [106557.80999999866, 451928]}, "properties": {"Stelsel": "rd/reeuwijk dorp", "naam": "RD7396", "type": "http://data.gwsw.nl/1.4/totaal/Pompunit", "Begindatum": "1990-01-01", "Pompcapaciteit1": null, "Pompcapaciteit2": null, "OBJECTID": 779, "stelseltype": "http://data.gwsw.nl/1.4/totaal/Drukriolering"}}, {"type": "Feature", "id": 780, "geometry": {"type": "Point", "coordinates": [106499.32999999821, 451939.3299999982]}, "properties": {"Stelsel": "rd/reeuwijk dorp", "naam": "RD7398", "type": "http://data.gwsw.nl/1.4/totaal/Pompunit", "Begindatum": "1990-01-01", "Pompcapaciteit1": null, "Pompcapaciteit2": null, "OBJECTID": 780, "stelseltype": "http://data.gwsw.nl/1.4/totaal/Drukriolering"}}, {"type": "Feature", "id": 781, "geometry": {"type": "Point", "coordinates": [106493.37999999896, 451877.98000000045]}, "properties": {"Stelsel": "rd/reeuwijk dorp", "naam": "RD7400", "type": "http://data.gwsw.nl/1.4/totaal/Pompunit", "Begindatum": "1990-01-01", "Pompcapaciteit1": null, "Pompcapaciteit2": null, "OBJECTID": 781, "stelseltype": "http://data.gwsw.nl/1.4/totaal/Drukriolering"}}, {"type": "Feature", "id": 782, "geometry": {"type": "Point", "coordinates": [106482.25, 451833.3900000006]}, "properties": {"Stelsel": "rd/reeuwijk dorp", "naam": "RD7402", "type": "http://data.gwsw.nl/1.4/totaal/Pompunit", "Begindatum": "1990-01-01", "Pompcapaciteit1": null, "Pompcapaciteit2": null, "OBJECTID": 782, "stelseltype": "http://data.gwsw.nl/1.4/totaal/Drukriolering"}}, {"type": "Feature", "id": 783, "geometry": {"type": "Point", "coordinates": [106510.10000000149, 451770.44999999925]}, "properties": {"Stelsel": "rd/reeuwijk dorp", "naam": "RD7404", "type": "http://data.gwsw.nl/1.4/totaal/Pompunit", "Begindatum": "1990-01-01", "Pompcapaciteit1": null, "Pompcapaciteit2": null, "OBJECTID": 783, "stelseltype": "http://data.gwsw.nl/1.4/totaal/Drukriolering"}}, {"type": "Feature", "id": 784, "geometry": {"type": "Point", "coordinates": [106463.53000000119, 451767.4600000009]}, "properties": {"Stelsel": "rd/reeuwijk dorp", "naam": "RD7406", "type": "http://data.gwsw.nl/1.4/totaal/Pompunit", "Begindatum": "1990-01-01", "Pompcapaciteit1": null, "Pompcapaciteit2": null, "OBJECTID": 784, "stelseltype": "http://data.gwsw.nl/1.4/totaal/Drukriolering"}}, {"type": "Feature", "id": 785, "geometry": {"type": "Point", "coordinates": [106597.55999999866, 452458.44999999925]}, "properties": {"Stelsel": "rd/reeuwijk dorp", "naam": "RD7408", "type": "http://data.gwsw.nl/1.4/totaal/Pompunit", "Begindatum": "1990-01-01", "Pompcapaciteit1": null, "Pompcapaciteit2": null, "OBJECTID": 785, "stelseltype": "http://data.gwsw.nl/1.4/totaal/Drukriolering"}}, {"type": "Feature", "id": 786, "geometry": {"type": "Point", "coordinates": [106522.73999999836, 452452.2199999988]}, "properties": {"Stelsel": "rd/reeuwijk dorp", "naam": "RD7410", "type": "http://data.gwsw.nl/1.4/totaal/Pompunit", "Begindatum": "1990-01-01", "Pompcapaciteit1": null, "Pompcapaciteit2": null, "OBJECTID": 786, "stelseltype": "http://data.gwsw.nl/1.4/totaal/Vuilwaterstelsel"}}, {"type": "Feature", "id": 787, "geometry": {"type": "Point", "coordinates": [106504.03000000119, 452472.1700000018]}, "properties": {"Stelsel": "rd/reeuwijk dorp", "naam": "RD7412", "type": "http://data.gwsw.nl/1.4/totaal/Pompunit", "Begindatum": "1990-01-01", "Pompcapaciteit1": null, "Pompcapaciteit2": null, "OBJECTID": 787, "stelseltype": "http://data.gwsw.nl/1.4/totaal/Drukriolering"}}, {"type": "Feature", "id": 788, "geometry": {"type": "Point", "coordinates": [106292.80000000075, 452471]}, "properties": {"Stelsel": "rd/reeuwijk dorp", "naam": "RD7414", "type": "http://data.gwsw.nl/1.4/totaal/Pompunit", "Begindatum": "1990-01-01", "Pompcapaciteit1": null, "Pompcapaciteit2": null, "OBJECTID": 788, "stelseltype": "http://data.gwsw.nl/1.4/totaal/Vuilwaterstelsel"}}, {"type": "Feature", "id": 789, "geometry": {"type": "Point", "coordinates": [106154.3900000006, 452469.8299999982]}, "properties": {"Stelsel": "rd/reeuwijk dorp", "naam": "RD7418", "type": "http://data.gwsw.nl/1.4/totaal/Pompunit", "Begindatum": "1990-01-01", "Pompcapaciteit1": null, "Pompcapaciteit2": null, "OBJECTID": 789, "stelseltype": "http://data.gwsw.nl/1.4/totaal/Vuilwaterstelsel"}}, {"type": "Feature", "id": 790, "geometry": {"type": "Point", "coordinates": [105811.53000000119, 452411.0799999982]}, "properties": {"Stelsel": "rd/reeuwijk dorp", "naam": "RD7437", "type": "http://data.gwsw.nl/1.4/totaal/Pompunit", "Begindatum": "1990-01-01", "Pompcapaciteit1": null, "Pompcapaciteit2": null, "OBJECTID": 790, "stelseltype": "http://data.gwsw.nl/1.4/totaal/Drukriolering"}}, {"type": "Feature", "id": 791, "geometry": {"type": "Point", "coordinates": [105808.98000000045, 452451.8999999985]}, "properties": {"Stelsel": "rd/reeuwijk dorp", "naam": "RD7442", "type": "http://data.gwsw.nl/1.4/totaal/Pompunit", "Begindatum": "1990-01-01", "Pompcapaciteit1": null, "Pompcapaciteit2": null, "OBJECTID": 791, "stelseltype": "http://data.gwsw.nl/1.4/totaal/Drukriolering"}}, {"type": "Feature", "id": 792, "geometry": {"type": "Point", "coordinates": [105805.3599999994, 452479.16000000015]}, "properties": {"Stelsel": "rd/reeuwijk dorp", "naam": "RD7444", "type": "http://data.gwsw.nl/1.4/totaal/Pompunit", "Begindatum": "1990-01-01", "Pompcapaciteit1": null, "Pompcapaciteit2": null, "OBJECTID": 792, "stelseltype": "http://data.gwsw.nl/1.4/totaal/Drukriolering"}}, {"type": "Feature", "id": 793, "geometry": {"type": "Point", "coordinates": [105854.07999999821, 452492.6099999994]}, "properties": {"Stelsel": "rd/reeuwijk dorp", "naam": "RD7446", "type": "http://data.gwsw.nl/1.4/totaal/Pompunit", "Begindatum": "1990-01-01", "Pompcapaciteit1": null, "Pompcapaciteit2": null, "OBJECTID": 793, "stelseltype": "http://data.gwsw.nl/1.4/totaal/Drukriolering"}}, {"type": "Feature", "id": 794, "geometry": {"type": "Point", "coordinates": [105883.64999999851, 452710.3999999985]}, "properties": {"Stelsel": "rd/reeuwijk dorp", "naam": "RD7456", "type": "http://data.gwsw.nl/1.4/totaal/Pompunit", "Begindatum": "1990-01-01", "Pompcapaciteit1": null, "Pompcapaciteit2": null, "OBJECTID": 794, "stelseltype": "http://data.gwsw.nl/1.4/totaal/Vuilwaterstelsel"}}, {"type": "Feature", "id": 795, "geometry": {"type": "Point", "coordinates": [105871.19999999925, 452810.3500000015]}, "properties": {"Stelsel": "rd/reeuwijk dorp", "naam": "RD7476", "type": "http://data.gwsw.nl/1.4/totaal/Pompunit", "Begindatum": "1990-01-01", "Pompcapaciteit1": null, "Pompcapaciteit2": null, "OBJECTID": 795, "stelseltype": "http://data.gwsw.nl/1.4/totaal/Drukriolering"}}, {"type": "Feature", "id": 796, "geometry": {"type": "Point", "coordinates": [105905.21999999881, 453129.4699999988]}, "properties": {"Stelsel": "rd/reeuwijk dorp", "naam": "RD7497", "type": "http://data.gwsw.nl/1.4/totaal/Pompunit", "Begindatum": "1990-01-01", "Pompcapaciteit1": null, "Pompcapaciteit2": null, "OBJECTID": 796, "stelseltype": "http://data.gwsw.nl/1.4/totaal/Drukriolering"}}, {"type": "Feature", "id": 797, "geometry": {"type": "Point", "coordinates": [105949.2899999991, 453217.51000000164]}, "properties": {"Stelsel": "rd/reeuwijk dorp", "naam": "RD7503", "type": "http://data.gwsw.nl/1.4/totaal/Pompunit", "Begindatum": "1990-01-01", "Pompcapaciteit1": null, "Pompcapaciteit2": null, "OBJECTID": 797, "stelseltype": "http://data.gwsw.nl/1.4/totaal/Drukriolering"}}, {"type": "Feature", "id": 798, "geometry": {"type": "Point", "coordinates": [106429.75, 452409.98000000045]}, "properties": {"Stelsel": "rd/reeuwijk dorp", "naam": "RD7510", "type": "http://data.gwsw.nl/1.4/totaal/Pompunit", "Begindatum": "2003-01-01", "Pompcapaciteit1": null, "Pompcapaciteit2": null, "OBJECTID": 798, "stelseltype": "http://data.gwsw.nl/1.4/totaal/Drukriolering"}}, {"type": "Feature", "id": 799, "geometry": {"type": "Point", "coordinates": [107014.3900000006, 450815.2800000012]}, "properties": {"Stelsel": "rd/reeuwijk dorp", "naam": "RD7512", "type": "http://data.gwsw.nl/1.4/totaal/Pompunit", "Begindatum": "1999-01-01", "Pompcapaciteit1": null, "Pompcapaciteit2": null, "OBJECTID": 799, "stelseltype": "http://data.gwsw.nl/1.4/totaal/Drukriolering"}}, {"type": "Feature", "id": 800, "geometry": {"type": "Point", "coordinates": [107143.23000000045, 451468.75]}, "properties": {"Stelsel": "rd/reeuwijk dorp", "naam": "RD7524", "type": "http://data.gwsw.nl/1.4/totaal/Pompunit", "Begindatum": "1999-01-01", "Pompcapaciteit1": null, "Pompcapaciteit2": null, "OBJECTID": 800, "stelseltype": "http://data.gwsw.nl/1.4/totaal/Vuilwaterstelsel"}}, {"type": "Feature", "id": 801, "geometry": {"type": "Point", "coordinates": [107145.21999999881, 451511.76999999955]}, "properties": {"Stelsel": "rd/reeuwijk dorp", "naam": "RD7528", "type": "http://data.gwsw.nl/1.4/totaal/Pompunit", "Begindatum": "1999-01-01", "Pompcapaciteit1": null, "Pompcapaciteit2": null, "OBJECTID": 801, "stelseltype": "http://data.gwsw.nl/1.4/totaal/Drukriolering"}}, {"type": "Feature", "id": 802, "geometry": {"type": "Point", "coordinates": [107154.64999999851, 451540.98000000045]}, "properties": {"Stelsel": "rd/reeuwijk dorp", "naam": "RD7530", "type": "http://data.gwsw.nl/1.4/totaal/Pompunit", "Begindatum": "1999-01-01", "Pompcapaciteit1": null, "Pompcapaciteit2": null, "OBJECTID": 802, "stelseltype": "http://data.gwsw.nl/1.4/totaal/Drukriolering"}}, {"type": "Feature", "id": 803, "geometry": {"type": "Point", "coordinates": [107203.6799999997, 451783.87000000104]}, "properties": {"Stelsel": "rd/reeuwijk dorp", "naam": "RD7538", "type": "http://data.gwsw.nl/1.4/totaal/Pompunit", "Begindatum": "1999-01-01", "Pompcapaciteit1": null, "Pompcapaciteit2": null, "OBJECTID": 803, "stelseltype": "http://data.gwsw.nl/1.4/totaal/Drukriolering"}}, {"type": "Feature", "id": 804, "geometry": {"type": "Point", "coordinates": [107159.62999999896, 451831.6799999997]}, "properties": {"Stelsel": "rd/reeuwijk dorp", "naam": "RD7542", "type": "http://data.gwsw.nl/1.4/totaal/Pompunit", "Begindatum": "1999-01-01", "Pompcapaciteit1": null, "Pompcapaciteit2": null, "OBJECTID": 804, "stelseltype": "http://data.gwsw.nl/1.4/totaal/Drukriolering"}}, {"type": "Feature", "id": 805, "geometry": {"type": "Point", "coordinates": [107181.23999999836, 451964.5399999991]}, "properties": {"Stelsel": "rd/reeuwijk dorp", "naam": "RD7549", "type": "http://data.gwsw.nl/1.4/totaal/Pompunit", "Begindatum": "1999-01-01", "Pompcapaciteit1": null, "Pompcapaciteit2": null, "OBJECTID": 805, "stelseltype": "http://data.gwsw.nl/1.4/totaal/Drukriolering"}}, {"type": "Feature", "id": 806, "geometry": {"type": "Point", "coordinates": [107234.28000000119, 451999.87000000104]}, "properties": {"Stelsel": "rd/reeuwijk dorp", "naam": "RD7553", "type": "http://data.gwsw.nl/1.4/totaal/Pompunit", "Begindatum": "1999-01-01", "Pompcapaciteit1": null, "Pompcapaciteit2": null, "OBJECTID": 806, "stelseltype": "http://data.gwsw.nl/1.4/totaal/Drukriolering"}}, {"type": "Feature", "id": 807, "geometry": {"type": "Point", "coordinates": [107279.51000000164, 452074.7100000009]}, "properties": {"Stelsel": "rd/reeuwijk dorp", "naam": "RD7569", "type": "http://data.gwsw.nl/1.4/totaal/Pompunit", "Begindatum": "1985-01-01", "Pompcapaciteit1": null, "Pompcapaciteit2": null, "OBJECTID": 807, "stelseltype": "http://data.gwsw.nl/1.4/totaal/Drukriolering"}}, {"type": "Feature", "id": 808, "geometry": {"type": "Point", "coordinates": [107341.75, 452070.69999999925]}, "properties": {"Stelsel": "rd/reeuwijk dorp", "naam": "RD7572", "type": "http://data.gwsw.nl/1.4/totaal/Pompunit", "Begindatum": "1985-01-01", "Pompcapaciteit1": null, "Pompcapaciteit2": null, "OBJECTID": 808, "stelseltype": "http://data.gwsw.nl/1.4/totaal/Drukriolering"}}, {"type": "Feature", "id": 809, "geometry": {"type": "Point", "coordinates": [107508.57999999821, 452027.23999999836]}, "properties": {"Stelsel": "rd/reeuwijk dorp", "naam": "RD7577", "type": "http://data.gwsw.nl/1.4/totaal/Pompunit", "Begindatum": "1985-01-01", "Pompcapaciteit1": null, "Pompcapaciteit2": null, "OBJECTID": 809, "stelseltype": "http://data.gwsw.nl/1.4/totaal/Drukriolering"}}, {"type": "Feature", "id": 810, "geometry": {"type": "Point", "coordinates": [107222.12999999896, 452109.0399999991]}, "properties": {"Stelsel": "rd/reeuwijk dorp", "naam": "RD7587", "type": "http://data.gwsw.nl/1.4/totaal/Pompunit", "Begindatum": "1985-01-01", "Pompcapaciteit1": null, "Pompcapaciteit2": null, "OBJECTID": 810, "stelseltype": "http://data.gwsw.nl/1.4/totaal/Drukriolering"}}, {"type": "Feature", "id": 811, "geometry": {"type": "Point", "coordinates": [106944.91000000015, 452146.9200000018]}, "properties": {"Stelsel": "rd/reeuwijk dorp", "naam": "RD7595", "type": "http://data.gwsw.nl/1.4/totaal/Pompunit", "Begindatum": "2001-01-01", "Pompcapaciteit1": null, "Pompcapaciteit2": null, "OBJECTID": 811, "stelseltype": "http://data.gwsw.nl/1.4/totaal/Drukriolering"}}, {"type": "Feature", "id": 812, "geometry": {"type": "Point", "coordinates": [105904.66899999976, 452886.28599999845]}, "properties": {"Stelsel": "rd/reeuwijk dorp", "naam": "RD7599", "type": "http://data.gwsw.nl/1.4/totaal/Pompunit", "Begindatum": "2001-01-01", "Pompcapaciteit1": null, "Pompcapaciteit2": null, "OBJECTID": 812, "stelseltype": "http://data.gwsw.nl/1.4/totaal/Drukriolering"}}, {"type": "Feature", "id": 813, "geometry": {"type": "Point", "coordinates": [107095.48999999836, 451285.2899999991]}, "properties": {"Stelsel": "rd/reeuwijk dorp", "naam": "RD7606", "type": "http://data.gwsw.nl/1.4/totaal/Pompunit", "Begindatum": "2001-01-01", "Pompcapaciteit1": null, "Pompcapaciteit2": null, "OBJECTID": 813, "stelseltype": "http://data.gwsw.nl/1.4/totaal/Drukriolering"}}, {"type": "Feature", "id": 814, "geometry": {"type": "Point", "coordinates": [105485.9299999997, 452969.2100000009]}, "properties": {"Stelsel": "rd/reeuwijk dorp", "naam": "RD7621", "type": "http://data.gwsw.nl/1.4/totaal/Pompunit", "Begindatum": "2009-01-01", "Pompcapaciteit1": null, "Pompcapaciteit2": null, "OBJECTID": 814, "stelseltype": "http://data.gwsw.nl/1.4/totaal/Drukriolering"}}, {"type": "Feature", "id": 815, "geometry": {"type": "Point", "coordinates": [105527.48000000045, 452924.0399999991]}, "properties": {"Stelsel": "rd/reeuwijk dorp", "naam": "RD7623", "type": "http://data.gwsw.nl/1.4/totaal/Pompunit", "Begindatum": "2009-01-01", "Pompcapaciteit1": null, "Pompcapaciteit2": null, "OBJECTID": 815, "stelseltype": "http://data.gwsw.nl/1.4/totaal/Drukriolering"}}, {"type": "Feature", "id": 816, "geometry": {"type": "Point", "coordinates": [105666.3040000014, 452919.79199999943]}, "properties": {"Stelsel": "rd/reeuwijk dorp", "naam": "RD7625", "type": "http://data.gwsw.nl/1.4/totaal/Pompunit", "Begindatum": "1900-01-01", "Pompcapaciteit1": null, "Pompcapaciteit2": null, "OBJECTID": 816, "stelseltype": "http://data.gwsw.nl/1.4/totaal/Drukriolering"}}, {"type": "Feature", "id": 817, "geometry": {"type": "Point", "coordinates": [106926.52899999917, 452107.28599999845]}, "properties": {"Stelsel": "onbekend", "naam": "RD7629", "type": "http://data.gwsw.nl/1.4/totaal/Pompunit", "Begindatum": "1900-01-01", "Pompcapaciteit1": null, "Pompcapaciteit2": null, "OBJECTID": 817, "stelseltype": "http://data.gwsw.nl/1.4/totaal/Drukriolering"}}, {"type": "Feature", "id": 818, "geometry": {"type": "Point", "coordinates": [106541.7809999995, 452199.91699999943]}, "properties": {"Stelsel": "rd/reeuwijk dorp", "naam": "RD7631", "type": "http://data.gwsw.nl/1.4/totaal/Pompunit", "Begindatum": "1900-01-01", "Pompcapaciteit1": null, "Pompcapaciteit2": null, "OBJECTID": 818, "stelseltype": "http://data.gwsw.nl/1.4/totaal/Drukriolering"}}, {"type": "Feature", "id": 819, "geometry": {"type": "Point", "coordinates": [116200.20300000161, 452515.58900000155]}, "properties": {"Stelsel": "wa/waarder", "naam": "WA0009", "type": "http://data.gwsw.nl/1.4/totaal/Pompunit", "Begindatum": "1996-01-01", "Pompcapaciteit1": null, "Pompcapaciteit2": null, "OBJECTID": 819, "stelseltype": "http://data.gwsw.nl/1.4/totaal/Hemelwaterstelsel"}}, {"type": "Feature", "id": 820, "geometry": {"type": "Point", "coordinates": [116194.82699999958, 452484.66000000015]}, "properties": {"Stelsel": "wa/waarder", "naam": "WA0017", "type": "http://data.gwsw.nl/1.4/totaal/Pompunit", "Begindatum": "1996-01-01", "Pompcapaciteit1": null, "Pompcapaciteit2": null, "OBJECTID": 820, "stelseltype": "http://data.gwsw.nl/1.4/totaal/Vuilwaterstelsel"}}, {"type": "Feature", "id": 821, "geometry": {"type": "Point", "coordinates": [116261.78400000185, 452961.65100000054]}, "properties": {"Stelsel": "wa/waarder", "naam": "WA0146A", "type": "http://data.gwsw.nl/1.4/totaal/Pompput", "Begindatum": "1998-01-01", "Pompcapaciteit1": null, "Pompcapaciteit2": null, "OBJECTID": 821, "stelseltype": "http://data.gwsw.nl/1.4/totaal/GemengdStelsel"}}, {"type": "Feature", "id": 822, "geometry": {"type": "Point", "coordinates": [116061.0399999991, 452710.7100000009]}, "properties": {"Stelsel": "wa/waarder", "naam": "WA0148", "type": "http://data.gwsw.nl/1.4/totaal/Pompunit", "Begindatum": "1986-01-01", "Pompcapaciteit1": null, "Pompcapaciteit2": null, "OBJECTID": 822, "stelseltype": "http://data.gwsw.nl/1.4/totaal/Vuilwaterstelsel"}}, {"type": "Feature", "id": 823, "geometry": {"type": "Point", "coordinates": [116187.71999999881, 452518.16000000015]}, "properties": {"Stelsel": "wa/waarder", "naam": "WA0152", "type": "http://data.gwsw.nl/1.4/totaal/Pompunit", "Begindatum": "1994-01-01", "Pompcapaciteit1": null, "Pompcapaciteit2": null, "OBJECTID": 823, "stelseltype": "http://data.gwsw.nl/1.4/totaal/Vuilwaterstelsel"}}, {"type": "Feature", "id": 824, "geometry": {"type": "Point", "coordinates": [116186.87000000104, 452480.51999999955]}, "properties": {"Stelsel": "wa/waarder", "naam": "WA0154", "type": "http://data.gwsw.nl/1.4/totaal/Pompunit", "Begindatum": "1996-01-01", "Pompcapaciteit1": null, "Pompcapaciteit2": null, "OBJECTID": 824, "stelseltype": "http://data.gwsw.nl/1.4/totaal/Vuilwaterstelsel"}}, {"type": "Feature", "id": 825, "geometry": {"type": "Point", "coordinates": [116334.98200000077, 452249.0789999999]}, "properties": {"Stelsel": "wa/waarder", "naam": "WA7011", "type": "http://data.gwsw.nl/1.4/totaal/Pompunit", "Begindatum": "1900-01-01", "Pompcapaciteit1": null, "Pompcapaciteit2": null, "OBJECTID": 825, "stelseltype": "http://data.gwsw.nl/1.4/totaal/Drukriolering"}}, {"type": "Feature", "id": 826, "geometry": {"type": "Point", "coordinates": [116396.26000000164, 452301.62000000104]}, "properties": {"Stelsel": "wa/waarder", "naam": "WA7028", "type": "http://data.gwsw.nl/1.4/totaal/Pompunit", "Begindatum": "2000-01-01", "Pompcapaciteit1": null, "Pompcapaciteit2": null, "OBJECTID": 826, "stelseltype": "http://data.gwsw.nl/1.4/totaal/Drukriolering"}}, {"type": "Feature", "id": 827, "geometry": {"type": "Point", "coordinates": [116494.05999999866, 452382.94999999925]}, "properties": {"Stelsel": "wa/waarder", "naam": "WA7030", "type": "http://data.gwsw.nl/1.4/totaal/Pompunit", "Begindatum": "2000-01-01", "Pompcapaciteit1": null, "Pompcapaciteit2": null, "OBJECTID": 827, "stelseltype": "http://data.gwsw.nl/1.4/totaal/Drukriolering"}}, {"type": "Feature", "id": 828, "geometry": {"type": "Point", "coordinates": [116619.87999999896, 452500.9600000009]}, "properties": {"Stelsel": "wa/waarder", "naam": "WA7032", "type": "http://data.gwsw.nl/1.4/totaal/Pompunit", "Begindatum": "2000-01-01", "Pompcapaciteit1": null, "Pompcapaciteit2": null, "OBJECTID": 828, "stelseltype": "http://data.gwsw.nl/1.4/totaal/Drukriolering"}}, {"type": "Feature", "id": 829, "geometry": {"type": "Point", "coordinates": [116647.1799999997, 452557.1499999985]}, "properties": {"Stelsel": "wa/waarder", "naam": "WA7034", "type": "http://data.gwsw.nl/1.4/totaal/Pompunit", "Begindatum": "2000-01-01", "Pompcapaciteit1": null, "Pompcapaciteit2": null, "OBJECTID": 829, "stelseltype": "http://data.gwsw.nl/1.4/totaal/Drukriolering"}}, {"type": "Feature", "id": 830, "geometry": {"type": "Point", "coordinates": [116677.1400000006, 452548.1099999994]}, "properties": {"Stelsel": "wa/waarder", "naam": "WA7036", "type": "http://data.gwsw.nl/1.4/totaal/Pompunit", "Begindatum": "2000-01-01", "Pompcapaciteit1": null, "Pompcapaciteit2": null, "OBJECTID": 830, "stelseltype": "http://data.gwsw.nl/1.4/totaal/Drukriolering"}}, {"type": "Feature", "id": 831, "geometry": {"type": "Point", "coordinates": [116707.10000000149, 452580.44000000134]}, "properties": {"Stelsel": "wa/waarder", "naam": "WA7038", "type": "http://data.gwsw.nl/1.4/totaal/Pompunit", "Begindatum": "2000-01-01", "Pompcapaciteit1": null, "Pompcapaciteit2": null, "OBJECTID": 831, "stelseltype": "http://data.gwsw.nl/1.4/totaal/Drukriolering"}}, {"type": "Feature", "id": 832, "geometry": {"type": "Point", "coordinates": [116752.2100000009, 452617.2899999991]}, "properties": {"Stelsel": "wa/waarder", "naam": "WA7040", "type": "http://data.gwsw.nl/1.4/totaal/Pompunit", "Begindatum": "2000-01-01", "Pompcapaciteit1": null, "Pompcapaciteit2": null, "OBJECTID": 832, "stelseltype": "http://data.gwsw.nl/1.4/totaal/Drukriolering"}}, {"type": "Feature", "id": 833, "geometry": {"type": "Point", "coordinates": [116772.55999999866, 452613.51000000164]}, "properties": {"Stelsel": "wa/waarder", "naam": "WA7042", "type": "http://data.gwsw.nl/1.4/totaal/Pompunit", "Begindatum": "2000-01-01", "Pompcapaciteit1": null, "Pompcapaciteit2": null, "OBJECTID": 833, "stelseltype": "http://data.gwsw.nl/1.4/totaal/Drukriolering"}}, {"type": "Feature", "id": 834, "geometry": {"type": "Point", "coordinates": [116825.75, 452680.75]}, "properties": {"Stelsel": "wa/waarder", "naam": "WA7044", "type": "http://data.gwsw.nl/1.4/totaal/Pompunit", "Begindatum": "2000-01-01", "Pompcapaciteit1": null, "Pompcapaciteit2": null, "OBJECTID": 834, "stelseltype": "http://data.gwsw.nl/1.4/totaal/Drukriolering"}}, {"type": "Feature", "id": 835, "geometry": {"type": "Point", "coordinates": [116848.35000000149, 452705.2800000012]}, "properties": {"Stelsel": "wa/waarder", "naam": "WA7046", "type": "http://data.gwsw.nl/1.4/totaal/Pompunit", "Begindatum": "2000-01-01", "Pompcapaciteit1": null, "Pompcapaciteit2": null, "OBJECTID": 835, "stelseltype": "http://data.gwsw.nl/1.4/totaal/Drukriolering"}}, {"type": "Feature", "id": 836, "geometry": {"type": "Point", "coordinates": [117956.10000000149, 453325.62999999896]}, "properties": {"Stelsel": "wa/waarder", "naam": "WA7083", "type": "http://data.gwsw.nl/1.4/totaal/Pompunit", "Begindatum": "2000-01-01", "Pompcapaciteit1": null, "Pompcapaciteit2": null, "OBJECTID": 836, "stelseltype": "http://data.gwsw.nl/1.4/totaal/Drukriolering"}}, {"type": "Feature", "id": 837, "geometry": {"type": "Point", "coordinates": [111328.52100000158, 454887.43299999833]}, "properties": {"Stelsel": "", "naam": "BG5319", "type": "http://data.gwsw.nl/1.4/totaal/Pompunit", "Begindatum": "1900-01-01", "Pompcapaciteit1": null, "Pompcapaciteit2": null, "OBJECTID": 837, "stelseltype": ""}}, {"type": "Feature", "id": 838, "geometry": {"type": "Point", "coordinates": [111570.5009999983, 453916.2259999998]}, "properties": {"Stelsel": "", "naam": "BG5320", "type": "http://data.gwsw.nl/1.4/totaal/Pompunit", "Begindatum": "1900-01-01", "Pompcapaciteit1": null, "Pompcapaciteit2": null, "OBJECTID": 838, "stelseltype": ""}}, {"type": "Feature", "id": 839, "geometry": {"type": "Point", "coordinates": [111240.25, 457185.76999999955]}, "properties": {"Stelsel": "bg/bodegraven", "naam": "BG7006", "type": "http://data.gwsw.nl/1.4/totaal/Pompunit", "Begindatum": "1900-01-01", "Pompcapaciteit1": null, "Pompcapaciteit2": null, "OBJECTID": 839, "stelseltype": "http://data.gwsw.nl/1.4/totaal/Drukriolering"}}, {"type": "Feature", "id": 840, "geometry": {"type": "Point", "coordinates": [111243.98999999836, 457142.58999999985]}, "properties": {"Stelsel": "bg/bodegraven", "naam": "BG7007", "type": "http://data.gwsw.nl/1.4/totaal/Pompunit", "Begindatum": "1900-01-01", "Pompcapaciteit1": null, "Pompcapaciteit2": null, "OBJECTID": 840, "stelseltype": "http://data.gwsw.nl/1.4/totaal/Drukriolering"}}, {"type": "Feature", "id": 841, "geometry": {"type": "Point", "coordinates": [111287.60000000149, 457102.80999999866]}, "properties": {"Stelsel": "bg/bodegraven", "naam": "BG7008", "type": "http://data.gwsw.nl/1.4/totaal/Pompunit", "Begindatum": "1900-01-01", "Pompcapaciteit1": null, "Pompcapaciteit2": null, "OBJECTID": 841, "stelseltype": "http://data.gwsw.nl/1.4/totaal/Drukriolering"}}, {"type": "Feature", "id": 842, "geometry": {"type": "Point", "coordinates": [111385.69999999925, 457128.98000000045]}, "properties": {"Stelsel": "bg/bodegraven", "naam": "BG7009", "type": "http://data.gwsw.nl/1.4/totaal/Pompunit", "Begindatum": "1900-01-01", "Pompcapaciteit1": null, "Pompcapaciteit2": null, "OBJECTID": 842, "stelseltype": "http://data.gwsw.nl/1.4/totaal/Drukriolering"}}, {"type": "Feature", "id": 843, "geometry": {"type": "Point", "coordinates": [111534.03000000119, 457199.8900000006]}, "properties": {"Stelsel": "bg/bodegraven", "naam": "BG7010", "type": "http://data.gwsw.nl/1.4/totaal/Pompunit", "Begindatum": "1900-01-01", "Pompcapaciteit1": null, "Pompcapaciteit2": null, "OBJECTID": 843, "stelseltype": "http://data.gwsw.nl/1.4/totaal/Drukriolering"}}, {"type": "Feature", "id": 844, "geometry": {"type": "Point", "coordinates": [111584.6400000006, 457317.48999999836]}, "properties": {"Stelsel": "bg/bodegraven", "naam": "BG7011", "type": "http://data.gwsw.nl/1.4/totaal/Pompunit", "Begindatum": "1900-01-01", "Pompcapaciteit1": null, "Pompcapaciteit2": null, "OBJECTID": 844, "stelseltype": "http://data.gwsw.nl/1.4/totaal/Drukriolering"}}, {"type": "Feature", "id": 845, "geometry": {"type": "Point", "coordinates": [111620.3900000006, 457432.94000000134]}, "properties": {"Stelsel": "bg/bodegraven", "naam": "BG7012", "type": "http://data.gwsw.nl/1.4/totaal/Pompunit", "Begindatum": "1900-01-01", "Pompcapaciteit1": null, "Pompcapaciteit2": null, "OBJECTID": 845, "stelseltype": "http://data.gwsw.nl/1.4/totaal/Drukriolering"}}, {"type": "Feature", "id": 846, "geometry": {"type": "Point", "coordinates": [111572.46999999881, 457467.4299999997]}, "properties": {"Stelsel": "bg/bodegraven", "naam": "BG7013", "type": "http://data.gwsw.nl/1.4/totaal/Pompunit", "Begindatum": "1900-01-01", "Pompcapaciteit1": null, "Pompcapaciteit2": null, "OBJECTID": 846, "stelseltype": "http://data.gwsw.nl/1.4/totaal/Drukriolering"}}, {"type": "Feature", "id": 847, "geometry": {"type": "Point", "coordinates": [111671.6799999997, 457537.8299999982]}, "properties": {"Stelsel": "bg/bodegraven", "naam": "BG7014", "type": "http://data.gwsw.nl/1.4/totaal/Pompunit", "Begindatum": "1900-01-01", "Pompcapaciteit1": null, "Pompcapaciteit2": null, "OBJECTID": 847, "stelseltype": "http://data.gwsw.nl/1.4/totaal/Drukriolering"}}, {"type": "Feature", "id": 848, "geometry": {"type": "Point", "coordinates": [111646.82999999821, 457552.9600000009]}, "properties": {"Stelsel": "bg/bodegraven", "naam": "BG7015", "type": "http://data.gwsw.nl/1.4/totaal/Pompunit", "Begindatum": "1900-01-01", "Pompcapaciteit1": null, "Pompcapaciteit2": null, "OBJECTID": 848, "stelseltype": "http://data.gwsw.nl/1.4/totaal/Drukriolering"}}, {"type": "Feature", "id": 849, "geometry": {"type": "Point", "coordinates": [111696.46999999881, 457592.62999999896]}, "properties": {"Stelsel": "bg/bodegraven", "naam": "BG7016", "type": "http://data.gwsw.nl/1.4/totaal/Pompunit", "Begindatum": "1900-01-01", "Pompcapaciteit1": null, "Pompcapaciteit2": null, "OBJECTID": 849, "stelseltype": "http://data.gwsw.nl/1.4/totaal/Drukriolering"}}, {"type": "Feature", "id": 850, "geometry": {"type": "Point", "coordinates": [111703.82999999821, 457644.73999999836]}, "properties": {"Stelsel": "bg/bodegraven", "naam": "BG7017", "type": "http://data.gwsw.nl/1.4/totaal/Pompunit", "Begindatum": "1900-01-01", "Pompcapaciteit1": null, "Pompcapaciteit2": null, "OBJECTID": 850, "stelseltype": "http://data.gwsw.nl/1.4/totaal/Drukriolering"}}, {"type": "Feature", "id": 851, "geometry": {"type": "Point", "coordinates": [111695.16000000015, 457690.5700000003]}, "properties": {"Stelsel": "bg/bodegraven", "naam": "BG7018", "type": "http://data.gwsw.nl/1.4/totaal/Pompunit", "Begindatum": "1900-01-01", "Pompcapaciteit1": null, "Pompcapaciteit2": null, "OBJECTID": 851, "stelseltype": "http://data.gwsw.nl/1.4/totaal/Drukriolering"}}, {"type": "Feature", "id": 852, "geometry": {"type": "Point", "coordinates": [111660.55999999866, 457763.66000000015]}, "properties": {"Stelsel": "bg/bodegraven", "naam": "BG7019", "type": "http://data.gwsw.nl/1.4/totaal/Pompunit", "Begindatum": "1900-01-01", "Pompcapaciteit1": null, "Pompcapaciteit2": null, "OBJECTID": 852, "stelseltype": "http://data.gwsw.nl/1.4/totaal/Drukriolering"}}, {"type": "Feature", "id": 853, "geometry": {"type": "Point", "coordinates": [111676.26999999955, 457839.37999999896]}, "properties": {"Stelsel": "bg/bodegraven", "naam": "BG7020", "type": "http://data.gwsw.nl/1.4/totaal/Pompunit", "Begindatum": "1900-01-01", "Pompcapaciteit1": null, "Pompcapaciteit2": null, "OBJECTID": 853, "stelseltype": "http://data.gwsw.nl/1.4/totaal/Drukriolering"}}, {"type": "Feature", "id": 854, "geometry": {"type": "Point", "coordinates": [111693.28000000119, 457844.4200000018]}, "properties": {"Stelsel": "bg/bodegraven", "naam": "BG7021", "type": "http://data.gwsw.nl/1.4/totaal/Pompunit", "Begindatum": "1900-01-01", "Pompcapaciteit1": null, "Pompcapaciteit2": null, "OBJECTID": 854, "stelseltype": "http://data.gwsw.nl/1.4/totaal/Drukriolering"}}, {"type": "Feature", "id": 855, "geometry": {"type": "Point", "coordinates": [111671.16000000015, 457900.98000000045]}, "properties": {"Stelsel": "bg/bodegraven", "naam": "BG7022", "type": "http://data.gwsw.nl/1.4/totaal/Pompunit", "Begindatum": "1900-01-01", "Pompcapaciteit1": null, "Pompcapaciteit2": null, "OBJECTID": 855, "stelseltype": "http://data.gwsw.nl/1.4/totaal/Drukriolering"}}, {"type": "Feature", "id": 856, "geometry": {"type": "Point", "coordinates": [111692.69999999925, 457916.7100000009]}, "properties": {"Stelsel": "bg/bodegraven", "naam": "BG7023", "type": "http://data.gwsw.nl/1.4/totaal/Pompunit", "Begindatum": "1900-01-01", "Pompcapaciteit1": null, "Pompcapaciteit2": null, "OBJECTID": 856, "stelseltype": "http://data.gwsw.nl/1.4/totaal/Drukriolering"}}, {"type": "Feature", "id": 857, "geometry": {"type": "Point", "coordinates": [111662.28000000119, 457926.23000000045]}, "properties": {"Stelsel": "bg/bodegraven", "naam": "BG7024", "type": "http://data.gwsw.nl/1.4/totaal/Pompunit", "Begindatum": "1900-01-01", "Pompcapaciteit1": null, "Pompcapaciteit2": null, "OBJECTID": 857, "stelseltype": "http://data.gwsw.nl/1.4/totaal/Drukriolering"}}, {"type": "Feature", "id": 858, "geometry": {"type": "Point", "coordinates": [111617.62000000104, 457993.69999999925]}, "properties": {"Stelsel": "bg/bodegraven", "naam": "BG7025", "type": "http://data.gwsw.nl/1.4/totaal/Pompunit", "Begindatum": "1900-01-01", "Pompcapaciteit1": null, "Pompcapaciteit2": null, "OBJECTID": 858, "stelseltype": "http://data.gwsw.nl/1.4/totaal/Drukriolering"}}, {"type": "Feature", "id": 859, "geometry": {"type": "Point", "coordinates": [111589.0700000003, 458039.30000000075]}, "properties": {"Stelsel": "bg/bodegraven", "naam": "BG7026", "type": "http://data.gwsw.nl/1.4/totaal/Pompunit", "Begindatum": "1900-01-01", "Pompcapaciteit1": null, "Pompcapaciteit2": null, "OBJECTID": 859, "stelseltype": "http://data.gwsw.nl/1.4/totaal/Drukriolering"}}, {"type": "Feature", "id": 860, "geometry": {"type": "Point", "coordinates": [111682.7899999991, 457983.94999999925]}, "properties": {"Stelsel": "bg/bodegraven", "naam": "BG7027", "type": "http://data.gwsw.nl/1.4/totaal/Pompunit", "Begindatum": "1900-01-01", "Pompcapaciteit1": null, "Pompcapaciteit2": null, "OBJECTID": 860, "stelseltype": "http://data.gwsw.nl/1.4/totaal/Drukriolering"}}, {"type": "Feature", "id": 861, "geometry": {"type": "Point", "coordinates": [111748.73999999836, 458052.37999999896]}, "properties": {"Stelsel": "bg/bodegraven", "naam": "BG7028", "type": "http://data.gwsw.nl/1.4/totaal/Pompunit", "Begindatum": "1900-01-01", "Pompcapaciteit1": null, "Pompcapaciteit2": null, "OBJECTID": 861, "stelseltype": "http://data.gwsw.nl/1.4/totaal/Drukriolering"}}, {"type": "Feature", "id": 862, "geometry": {"type": "Point", "coordinates": [111792.71799999848, 458056.8960000016]}, "properties": {"Stelsel": "bg/bodegraven", "naam": "BG7029", "type": "http://data.gwsw.nl/1.4/totaal/Pompunit", "Begindatum": "1900-01-01", "Pompcapaciteit1": null, "Pompcapaciteit2": null, "OBJECTID": 862, "stelseltype": "http://data.gwsw.nl/1.4/totaal/Drukriolering"}}, {"type": "Feature", "id": 863, "geometry": {"type": "Point", "coordinates": [111802.7899999991, 458081.80000000075]}, "properties": {"Stelsel": "bg/bodegraven", "naam": "BG7030", "type": "http://data.gwsw.nl/1.4/totaal/Pompunit", "Begindatum": "1900-01-01", "Pompcapaciteit1": null, "Pompcapaciteit2": null, "OBJECTID": 863, "stelseltype": "http://data.gwsw.nl/1.4/totaal/Drukriolering"}}, {"type": "Feature", "id": 864, "geometry": {"type": "Point", "coordinates": [111837.05999999866, 458069.55999999866]}, "properties": {"Stelsel": "bg/bodegraven", "naam": "BG7031", "type": "http://data.gwsw.nl/1.4/totaal/Pompunit", "Begindatum": "1900-01-01", "Pompcapaciteit1": null, "Pompcapaciteit2": null, "OBJECTID": 864, "stelseltype": "http://data.gwsw.nl/1.4/totaal/Drukriolering"}}, {"type": "Feature", "id": 865, "geometry": {"type": "Point", "coordinates": [111845.37000000104, 458106.44999999925]}, "properties": {"Stelsel": "bg/bodegraven", "naam": "BG7032", "type": "http://data.gwsw.nl/1.4/totaal/Pompunit", "Begindatum": "1900-01-01", "Pompcapaciteit1": null, "Pompcapaciteit2": null, "OBJECTID": 865, "stelseltype": "http://data.gwsw.nl/1.4/totaal/Drukriolering"}}, {"type": "Feature", "id": 866, "geometry": {"type": "Point", "coordinates": [111827.62000000104, 458151.66000000015]}, "properties": {"Stelsel": "bg/bodegraven", "naam": "BG7033", "type": "http://data.gwsw.nl/1.4/totaal/Pompunit", "Begindatum": "1900-01-01", "Pompcapaciteit1": null, "Pompcapaciteit2": null, "OBJECTID": 866, "stelseltype": "http://data.gwsw.nl/1.4/totaal/Drukriolering"}}, {"type": "Feature", "id": 867, "geometry": {"type": "Point", "coordinates": [111894.28000000119, 458112.0399999991]}, "properties": {"Stelsel": "bg/bodegraven", "naam": "BG7034", "type": "http://data.gwsw.nl/1.4/totaal/Pompunit", "Begindatum": "1900-01-01", "Pompcapaciteit1": null, "Pompcapaciteit2": null, "OBJECTID": 867, "stelseltype": "http://data.gwsw.nl/1.4/totaal/Drukriolering"}}, {"type": "Feature", "id": 868, "geometry": {"type": "Point", "coordinates": [111914.58999999985, 458144.44999999925]}, "properties": {"Stelsel": "bg/bodegraven", "naam": "BG7035", "type": "http://data.gwsw.nl/1.4/totaal/Pompunit", "Begindatum": "1900-01-01", "Pompcapaciteit1": null, "Pompcapaciteit2": null, "OBJECTID": 868, "stelseltype": "http://data.gwsw.nl/1.4/totaal/Drukriolering"}}, {"type": "Feature", "id": 869, "geometry": {"type": "Point", "coordinates": [111946.21999999881, 458167.83999999985]}, "properties": {"Stelsel": "bg/bodegraven", "naam": "BG7036", "type": "http://data.gwsw.nl/1.4/totaal/Pompunit", "Begindatum": "1900-01-01", "Pompcapaciteit1": null, "Pompcapaciteit2": null, "OBJECTID": 869, "stelseltype": "http://data.gwsw.nl/1.4/totaal/Drukriolering"}}, {"type": "Feature", "id": 870, "geometry": {"type": "Point", "coordinates": [112037.3900000006, 458153.1799999997]}, "properties": {"Stelsel": "bg/bodegraven", "naam": "BG7037", "type": "http://data.gwsw.nl/1.4/totaal/Pompunit", "Begindatum": "1900-01-01", "Pompcapaciteit1": null, "Pompcapaciteit2": null, "OBJECTID": 870, "stelseltype": "http://data.gwsw.nl/1.4/totaal/Drukriolering"}}, {"type": "Feature", "id": 871, "geometry": {"type": "Point", "coordinates": [112038.73999999836, 458225.7100000009]}, "properties": {"Stelsel": "bg/bodegraven", "naam": "BG7038", "type": "http://data.gwsw.nl/1.4/totaal/Pompunit", "Begindatum": "1900-01-01", "Pompcapaciteit1": null, "Pompcapaciteit2": null, "OBJECTID": 871, "stelseltype": "http://data.gwsw.nl/1.4/totaal/Drukriolering"}}, {"type": "Feature", "id": 872, "geometry": {"type": "Point", "coordinates": [112008.64999999851, 458237.94999999925]}, "properties": {"Stelsel": "bg/bodegraven", "naam": "BG7039", "type": "http://data.gwsw.nl/1.4/totaal/Pompunit", "Begindatum": "1900-01-01", "Pompcapaciteit1": null, "Pompcapaciteit2": null, "OBJECTID": 872, "stelseltype": "http://data.gwsw.nl/1.4/totaal/Drukriolering"}}, {"type": "Feature", "id": 873, "geometry": {"type": "Point", "coordinates": [112059.10000000149, 458304.6099999994]}, "properties": {"Stelsel": "bg/bodegraven", "naam": "BG7040", "type": "http://data.gwsw.nl/1.4/totaal/Pompunit", "Begindatum": "1900-01-01", "Pompcapaciteit1": null, "Pompcapaciteit2": null, "OBJECTID": 873, "stelseltype": "http://data.gwsw.nl/1.4/totaal/Drukriolering"}}, {"type": "Feature", "id": 874, "geometry": {"type": "Point", "coordinates": [112060.8200000003, 458350.25]}, "properties": {"Stelsel": "bg/bodegraven", "naam": "BG7041", "type": "http://data.gwsw.nl/1.4/totaal/Pompunit", "Begindatum": "1900-01-01", "Pompcapaciteit1": null, "Pompcapaciteit2": null, "OBJECTID": 874, "stelseltype": "http://data.gwsw.nl/1.4/totaal/Drukriolering"}}, {"type": "Feature", "id": 875, "geometry": {"type": "Point", "coordinates": [112104.26999999955, 458348.62999999896]}, "properties": {"Stelsel": "bg/bodegraven", "naam": "BG7042", "type": "http://data.gwsw.nl/1.4/totaal/Pompunit", "Begindatum": "1900-01-01", "Pompcapaciteit1": null, "Pompcapaciteit2": null, "OBJECTID": 875, "stelseltype": "http://data.gwsw.nl/1.4/totaal/Drukriolering"}}, {"type": "Feature", "id": 876, "geometry": {"type": "Point", "coordinates": [112087.16000000015, 458386.4699999988]}, "properties": {"Stelsel": "bg/bodegraven", "naam": "BG7043", "type": "http://data.gwsw.nl/1.4/totaal/Pompunit", "Begindatum": "1900-01-01", "Pompcapaciteit1": null, "Pompcapaciteit2": null, "OBJECTID": 876, "stelseltype": "http://data.gwsw.nl/1.4/totaal/Drukriolering"}}, {"type": "Feature", "id": 877, "geometry": {"type": "Point", "coordinates": [112121.94999999925, 458402.6400000006]}, "properties": {"Stelsel": "bg/bodegraven", "naam": "BG7044", "type": "http://data.gwsw.nl/1.4/totaal/Pompunit", "Begindatum": "1900-01-01", "Pompcapaciteit1": null, "Pompcapaciteit2": null, "OBJECTID": 877, "stelseltype": "http://data.gwsw.nl/1.4/totaal/Drukriolering"}}, {"type": "Feature", "id": 878, "geometry": {"type": "Point", "coordinates": [112123.35000000149, 458452.6799999997]}, "properties": {"Stelsel": "bg/bodegraven", "naam": "BG7045", "type": "http://data.gwsw.nl/1.4/totaal/Pompunit", "Begindatum": "1900-01-01", "Pompcapaciteit1": null, "Pompcapaciteit2": null, "OBJECTID": 878, "stelseltype": "http://data.gwsw.nl/1.4/totaal/Drukriolering"}}, {"type": "Feature", "id": 879, "geometry": {"type": "Point", "coordinates": [112154.76999999955, 458470.5700000003]}, "properties": {"Stelsel": "bg/bodegraven", "naam": "BG7046", "type": "http://data.gwsw.nl/1.4/totaal/Pompunit", "Begindatum": "1900-01-01", "Pompcapaciteit1": null, "Pompcapaciteit2": null, "OBJECTID": 879, "stelseltype": "http://data.gwsw.nl/1.4/totaal/Drukriolering"}}, {"type": "Feature", "id": 880, "geometry": {"type": "Point", "coordinates": [112180.9600000009, 458488.30000000075]}, "properties": {"Stelsel": "bg/bodegraven", "naam": "BG7047", "type": "http://data.gwsw.nl/1.4/totaal/Pompunit", "Begindatum": "1900-01-01", "Pompcapaciteit1": null, "Pompcapaciteit2": null, "OBJECTID": 880, "stelseltype": "http://data.gwsw.nl/1.4/totaal/Drukriolering"}}, {"type": "Feature", "id": 881, "geometry": {"type": "Point", "coordinates": [112212.30000000075, 458493.41000000015]}, "properties": {"Stelsel": "bg/bodegraven", "naam": "BG7048", "type": "http://data.gwsw.nl/1.4/totaal/Pompunit", "Begindatum": "1900-01-01", "Pompcapaciteit1": null, "Pompcapaciteit2": null, "OBJECTID": 881, "stelseltype": "http://data.gwsw.nl/1.4/totaal/Drukriolering"}}, {"type": "Feature", "id": 882, "geometry": {"type": "Point", "coordinates": [112287.37000000104, 458569.6400000006]}, "properties": {"Stelsel": "bg/bodegraven", "naam": "BG7049", "type": "http://data.gwsw.nl/1.4/totaal/Pompunit", "Begindatum": "1900-01-01", "Pompcapaciteit1": null, "Pompcapaciteit2": null, "OBJECTID": 882, "stelseltype": "http://data.gwsw.nl/1.4/totaal/Drukriolering"}}, {"type": "Feature", "id": 883, "geometry": {"type": "Point", "coordinates": [112287.87999999896, 458659.2800000012]}, "properties": {"Stelsel": "bg/bodegraven", "naam": "BG7050", "type": "http://data.gwsw.nl/1.4/totaal/Pompunit", "Begindatum": "1900-01-01", "Pompcapaciteit1": null, "Pompcapaciteit2": null, "OBJECTID": 883, "stelseltype": "http://data.gwsw.nl/1.4/totaal/Drukriolering"}}, {"type": "Feature", "id": 884, "geometry": {"type": "Point", "coordinates": [112410.08999999985, 458476.66000000015]}, "properties": {"Stelsel": "bg/bodegraven", "naam": "BG7051", "type": "http://data.gwsw.nl/1.4/totaal/Pompunit", "Begindatum": "1900-01-01", "Pompcapaciteit1": null, "Pompcapaciteit2": null, "OBJECTID": 884, "stelseltype": "http://data.gwsw.nl/1.4/totaal/Drukriolering"}}, {"type": "Feature", "id": 885, "geometry": {"type": "Point", "coordinates": [112561.2100000009, 458497.87999999896]}, "properties": {"Stelsel": "bg/bodegraven", "naam": "BG7052", "type": "http://data.gwsw.nl/1.4/totaal/Pompunit", "Begindatum": "1900-01-01", "Pompcapaciteit1": null, "Pompcapaciteit2": null, "OBJECTID": 885, "stelseltype": "http://data.gwsw.nl/1.4/totaal/Drukriolering"}}, {"type": "Feature", "id": 886, "geometry": {"type": "Point", "coordinates": [112578.6400000006, 458484.01999999955]}, "properties": {"Stelsel": "bg/bodegraven", "naam": "BG7053", "type": "http://data.gwsw.nl/1.4/totaal/Pompunit", "Begindatum": "1900-01-01", "Pompcapaciteit1": null, "Pompcapaciteit2": null, "OBJECTID": 886, "stelseltype": "http://data.gwsw.nl/1.4/totaal/Drukriolering"}}, {"type": "Feature", "id": 887, "geometry": {"type": "Point", "coordinates": [112604.23999999836, 458464.69999999925]}, "properties": {"Stelsel": "bg/bodegraven", "naam": "BG7054", "type": "http://data.gwsw.nl/1.4/totaal/Pompunit", "Begindatum": "1900-01-01", "Pompcapaciteit1": null, "Pompcapaciteit2": null, "OBJECTID": 887, "stelseltype": "http://data.gwsw.nl/1.4/totaal/Drukriolering"}}, {"type": "Feature", "id": 888, "geometry": {"type": "Point", "coordinates": [112631.1799999997, 458549.94999999925]}, "properties": {"Stelsel": "bg/bodegraven", "naam": "BG7055", "type": "http://data.gwsw.nl/1.4/totaal/Pompunit", "Begindatum": "1900-01-01", "Pompcapaciteit1": null, "Pompcapaciteit2": null, "OBJECTID": 888, "stelseltype": "http://data.gwsw.nl/1.4/totaal/Drukriolering"}}, {"type": "Feature", "id": 889, "geometry": {"type": "Point", "coordinates": [112679.05000000075, 458457.4699999988]}, "properties": {"Stelsel": "bg/bodegraven", "naam": "BG7056", "type": "http://data.gwsw.nl/1.4/totaal/Pompunit", "Begindatum": "1900-01-01", "Pompcapaciteit1": null, "Pompcapaciteit2": null, "OBJECTID": 889, "stelseltype": "http://data.gwsw.nl/1.4/totaal/Drukriolering"}}, {"type": "Feature", "id": 890, "geometry": {"type": "Point", "coordinates": [112728.3900000006, 458539.6099999994]}, "properties": {"Stelsel": "bg/bodegraven", "naam": "BG7057", "type": "http://data.gwsw.nl/1.4/totaal/Pompunit", "Begindatum": "1900-01-01", "Pompcapaciteit1": null, "Pompcapaciteit2": null, "OBJECTID": 890, "stelseltype": "http://data.gwsw.nl/1.4/totaal/Drukriolering"}}, {"type": "Feature", "id": 891, "geometry": {"type": "Point", "coordinates": [112819.42000000179, 458694.3500000015]}, "properties": {"Stelsel": "bg/bodegraven", "naam": "BG7058", "type": "http://data.gwsw.nl/1.4/totaal/Pompunit", "Begindatum": "1900-01-01", "Pompcapaciteit1": null, "Pompcapaciteit2": null, "OBJECTID": 891, "stelseltype": "http://data.gwsw.nl/1.4/totaal/Drukriolering"}}, {"type": "Feature", "id": 892, "geometry": {"type": "Point", "coordinates": [112941.96999999881, 458667.62000000104]}, "properties": {"Stelsel": "bg/bodegraven", "naam": "BG7059", "type": "http://data.gwsw.nl/1.4/totaal/Pompunit", "Begindatum": "1900-01-01", "Pompcapaciteit1": null, "Pompcapaciteit2": null, "OBJECTID": 892, "stelseltype": "http://data.gwsw.nl/1.4/totaal/Drukriolering"}}, {"type": "Feature", "id": 893, "geometry": {"type": "Point", "coordinates": [113006.87000000104, 458667.55000000075]}, "properties": {"Stelsel": "bg/bodegraven", "naam": "BG7060", "type": "http://data.gwsw.nl/1.4/totaal/Pompunit", "Begindatum": "1900-01-01", "Pompcapaciteit1": null, "Pompcapaciteit2": null, "OBJECTID": 893, "stelseltype": "http://data.gwsw.nl/1.4/totaal/Drukriolering"}}, {"type": "Feature", "id": 894, "geometry": {"type": "Point", "coordinates": [113039.91000000015, 458683.33999999985]}, "properties": {"Stelsel": "bg/bodegraven", "naam": "BG7061", "type": "http://data.gwsw.nl/1.4/totaal/Pompunit", "Begindatum": "1900-01-01", "Pompcapaciteit1": null, "Pompcapaciteit2": null, "OBJECTID": 894, "stelseltype": "http://data.gwsw.nl/1.4/totaal/Drukriolering"}}, {"type": "Feature", "id": 895, "geometry": {"type": "Point", "coordinates": [113077.46999999881, 458634.80999999866]}, "properties": {"Stelsel": "bg/bodegraven", "naam": "BG7062", "type": "http://data.gwsw.nl/1.4/totaal/Pompunit", "Begindatum": "1900-01-01", "Pompcapaciteit1": null, "Pompcapaciteit2": null, "OBJECTID": 895, "stelseltype": "http://data.gwsw.nl/1.4/totaal/Drukriolering"}}, {"type": "Feature", "id": 896, "geometry": {"type": "Point", "coordinates": [113103.64999999851, 458684.6700000018]}, "properties": {"Stelsel": "bg/bodegraven", "naam": "BG7063", "type": "http://data.gwsw.nl/1.4/totaal/Pompunit", "Begindatum": "1900-01-01", "Pompcapaciteit1": null, "Pompcapaciteit2": null, "OBJECTID": 896, "stelseltype": "http://data.gwsw.nl/1.4/totaal/Drukriolering"}}, {"type": "Feature", "id": 897, "geometry": {"type": "Point", "coordinates": [113126.2100000009, 458695.0300000012]}, "properties": {"Stelsel": "bg/bodegraven", "naam": "BG7064", "type": "http://data.gwsw.nl/1.4/totaal/Pompunit", "Begindatum": "1900-01-01", "Pompcapaciteit1": null, "Pompcapaciteit2": null, "OBJECTID": 897, "stelseltype": "http://data.gwsw.nl/1.4/totaal/Drukriolering"}}, {"type": "Feature", "id": 898, "geometry": {"type": "Point", "coordinates": [113128.37999999896, 458726.7199999988]}, "properties": {"Stelsel": "bg/bodegraven", "naam": "BG7065", "type": "http://data.gwsw.nl/1.4/totaal/Pompunit", "Begindatum": "1900-01-01", "Pompcapaciteit1": null, "Pompcapaciteit2": null, "OBJECTID": 898, "stelseltype": "http://data.gwsw.nl/1.4/totaal/Drukriolering"}}, {"type": "Feature", "id": 899, "geometry": {"type": "Point", "coordinates": [113145.2100000009, 458742.58999999985]}, "properties": {"Stelsel": "bg/bodegraven", "naam": "BG7066", "type": "http://data.gwsw.nl/1.4/totaal/Pompunit", "Begindatum": "1900-01-01", "Pompcapaciteit1": null, "Pompcapaciteit2": null, "OBJECTID": 899, "stelseltype": "http://data.gwsw.nl/1.4/totaal/Drukriolering"}}, {"type": "Feature", "id": 900, "geometry": {"type": "Point", "coordinates": [113146.98999999836, 458768.69999999925]}, "properties": {"Stelsel": "bg/bodegraven", "naam": "BG7067", "type": "http://data.gwsw.nl/1.4/totaal/Pompunit", "Begindatum": "1900-01-01", "Pompcapaciteit1": null, "Pompcapaciteit2": null, "OBJECTID": 900, "stelseltype": "http://data.gwsw.nl/1.4/totaal/Drukriolering"}}, {"type": "Feature", "id": 901, "geometry": {"type": "Point", "coordinates": [113198.3200000003, 458738.3599999994]}, "properties": {"Stelsel": "bg/bodegraven", "naam": "BG7068", "type": "http://data.gwsw.nl/1.4/totaal/Pompunit", "Begindatum": "1900-01-01", "Pompcapaciteit1": null, "Pompcapaciteit2": null, "OBJECTID": 901, "stelseltype": "http://data.gwsw.nl/1.4/totaal/Drukriolering"}}, {"type": "Feature", "id": 902, "geometry": {"type": "Point", "coordinates": [113251.73000000045, 458787.6000000015]}, "properties": {"Stelsel": "bg/bodegraven", "naam": "BG7069", "type": "http://data.gwsw.nl/1.4/totaal/Pompunit", "Begindatum": "1900-01-01", "Pompcapaciteit1": null, "Pompcapaciteit2": null, "OBJECTID": 902, "stelseltype": "http://data.gwsw.nl/1.4/totaal/Drukriolering"}}, {"type": "Feature", "id": 903, "geometry": {"type": "Point", "coordinates": [113291.35000000149, 458785.01000000164]}, "properties": {"Stelsel": "bg/bodegraven", "naam": "BG7070", "type": "http://data.gwsw.nl/1.4/totaal/Pompunit", "Begindatum": "1900-01-01", "Pompcapaciteit1": null, "Pompcapaciteit2": null, "OBJECTID": 903, "stelseltype": "http://data.gwsw.nl/1.4/totaal/Drukriolering"}}, {"type": "Feature", "id": 904, "geometry": {"type": "Point", "coordinates": [113368.37000000104, 458834.1700000018]}, "properties": {"Stelsel": "bg/bodegraven", "naam": "BG7071", "type": "http://data.gwsw.nl/1.4/totaal/Pompunit", "Begindatum": "1900-01-01", "Pompcapaciteit1": null, "Pompcapaciteit2": null, "OBJECTID": 904, "stelseltype": "http://data.gwsw.nl/1.4/totaal/Drukriolering"}}, {"type": "Feature", "id": 905, "geometry": {"type": "Point", "coordinates": [113310.23000000045, 458993.73000000045]}, "properties": {"Stelsel": "bg/bodegraven", "naam": "BG7072", "type": "http://data.gwsw.nl/1.4/totaal/Pompunit", "Begindatum": "1900-01-01", "Pompcapaciteit1": null, "Pompcapaciteit2": null, "OBJECTID": 905, "stelseltype": "http://data.gwsw.nl/1.4/totaal/Drukriolering"}}, {"type": "Feature", "id": 906, "geometry": {"type": "Point", "coordinates": [113244.33999999985, 459024.9200000018]}, "properties": {"Stelsel": "bg/bodegraven", "naam": "BG7073", "type": "http://data.gwsw.nl/1.4/totaal/Pompunit", "Begindatum": "1900-01-01", "Pompcapaciteit1": null, "Pompcapaciteit2": null, "OBJECTID": 906, "stelseltype": "http://data.gwsw.nl/1.4/totaal/Drukriolering"}}, {"type": "Feature", "id": 907, "geometry": {"type": "Point", "coordinates": [113395.8900000006, 458961.0399999991]}, "properties": {"Stelsel": "bg/bodegraven", "naam": "BG7074", "type": "http://data.gwsw.nl/1.4/totaal/Pompunit", "Begindatum": "1900-01-01", "Pompcapaciteit1": null, "Pompcapaciteit2": null, "OBJECTID": 907, "stelseltype": "http://data.gwsw.nl/1.4/totaal/Drukriolering"}}, {"type": "Feature", "id": 908, "geometry": {"type": "Point", "coordinates": [113441.12999999896, 459023.55000000075]}, "properties": {"Stelsel": "bg/bodegraven", "naam": "BG7075", "type": "http://data.gwsw.nl/1.4/totaal/Pompunit", "Begindatum": "1900-01-01", "Pompcapaciteit1": null, "Pompcapaciteit2": null, "OBJECTID": 908, "stelseltype": "http://data.gwsw.nl/1.4/totaal/Drukriolering"}}, {"type": "Feature", "id": 909, "geometry": {"type": "Point", "coordinates": [113486.08999999985, 458969.94999999925]}, "properties": {"Stelsel": "bg/bodegraven", "naam": "BG7076", "type": "http://data.gwsw.nl/1.4/totaal/Pompunit", "Begindatum": "1900-01-01", "Pompcapaciteit1": null, "Pompcapaciteit2": null, "OBJECTID": 909, "stelseltype": "http://data.gwsw.nl/1.4/totaal/Drukriolering"}}, {"type": "Feature", "id": 910, "geometry": {"type": "Point", "coordinates": [113504.30999999866, 458989.44000000134]}, "properties": {"Stelsel": "bg/bodegraven", "naam": "BG7077", "type": "http://data.gwsw.nl/1.4/totaal/Pompunit", "Begindatum": "1900-01-01", "Pompcapaciteit1": null, "Pompcapaciteit2": null, "OBJECTID": 910, "stelseltype": "http://data.gwsw.nl/1.4/totaal/Drukriolering"}}, {"type": "Feature", "id": 911, "geometry": {"type": "Point", "coordinates": [113538.35000000149, 459006.26999999955]}, "properties": {"Stelsel": "bg/bodegraven", "naam": "BG7078", "type": "http://data.gwsw.nl/1.4/totaal/Pompunit", "Begindatum": "1900-01-01", "Pompcapaciteit1": null, "Pompcapaciteit2": null, "OBJECTID": 911, "stelseltype": "http://data.gwsw.nl/1.4/totaal/Drukriolering"}}, {"type": "Feature", "id": 912, "geometry": {"type": "Point", "coordinates": [113537.33999999985, 458978.3900000006]}, "properties": {"Stelsel": "bg/bodegraven", "naam": "BG7079", "type": "http://data.gwsw.nl/1.4/totaal/Pompunit", "Begindatum": "1900-01-01", "Pompcapaciteit1": null, "Pompcapaciteit2": null, "OBJECTID": 912, "stelseltype": "http://data.gwsw.nl/1.4/totaal/Drukriolering"}}, {"type": "Feature", "id": 913, "geometry": {"type": "Point", "coordinates": [113614.42000000179, 458941.76000000164]}, "properties": {"Stelsel": "bg/bodegraven", "naam": "BG7080", "type": "http://data.gwsw.nl/1.4/totaal/Pompunit", "Begindatum": "1900-01-01", "Pompcapaciteit1": null, "Pompcapaciteit2": null, "OBJECTID": 913, "stelseltype": "http://data.gwsw.nl/1.4/totaal/Drukriolering"}}, {"type": "Feature", "id": 914, "geometry": {"type": "Point", "coordinates": [113718.01999999955, 458956.51999999955]}, "properties": {"Stelsel": "bg/bodegraven", "naam": "BG7081", "type": "http://data.gwsw.nl/1.4/totaal/Pompunit", "Begindatum": "1900-01-01", "Pompcapaciteit1": null, "Pompcapaciteit2": null, "OBJECTID": 914, "stelseltype": "http://data.gwsw.nl/1.4/totaal/Drukriolering"}}, {"type": "Feature", "id": 915, "geometry": {"type": "Point", "coordinates": [113705.8200000003, 458985.8200000003]}, "properties": {"Stelsel": "bg/bodegraven", "naam": "BG7082", "type": "http://data.gwsw.nl/1.4/totaal/Pompunit", "Begindatum": "1900-01-01", "Pompcapaciteit1": null, "Pompcapaciteit2": null, "OBJECTID": 915, "stelseltype": "http://data.gwsw.nl/1.4/totaal/Drukriolering"}}, {"type": "Feature", "id": 916, "geometry": {"type": "Point", "coordinates": [113713.2899999991, 458982.48999999836]}, "properties": {"Stelsel": "bg/bodegraven", "naam": "BG7083", "type": "http://data.gwsw.nl/1.4/totaal/Pompunit", "Begindatum": "1900-01-01", "Pompcapaciteit1": null, "Pompcapaciteit2": null, "OBJECTID": 916, "stelseltype": "http://data.gwsw.nl/1.4/totaal/Drukriolering"}}, {"type": "Feature", "id": 917, "geometry": {"type": "Point", "coordinates": [113760.55000000075, 459009.5300000012]}, "properties": {"Stelsel": "bg/bodegraven", "naam": "BG7084", "type": "http://data.gwsw.nl/1.4/totaal/Pompunit", "Begindatum": "1900-01-01", "Pompcapaciteit1": null, "Pompcapaciteit2": null, "OBJECTID": 917, "stelseltype": "http://data.gwsw.nl/1.4/totaal/Drukriolering"}}, {"type": "Feature", "id": 918, "geometry": {"type": "Point", "coordinates": [113696.01000000164, 459119.1499999985]}, "properties": {"Stelsel": "bg/bodegraven", "naam": "BG7085", "type": "http://data.gwsw.nl/1.4/totaal/Pompunit", "Begindatum": "1900-01-01", "Pompcapaciteit1": null, "Pompcapaciteit2": null, "OBJECTID": 918, "stelseltype": "http://data.gwsw.nl/1.4/totaal/Drukriolering"}}, {"type": "Feature", "id": 919, "geometry": {"type": "Point", "coordinates": [113678.30999999866, 459157.58999999985]}, "properties": {"Stelsel": "bg/bodegraven", "naam": "BG7086", "type": "http://data.gwsw.nl/1.4/totaal/Pompunit", "Begindatum": "1900-01-01", "Pompcapaciteit1": null, "Pompcapaciteit2": null, "OBJECTID": 919, "stelseltype": "http://data.gwsw.nl/1.4/totaal/Drukriolering"}}, {"type": "Feature", "id": 920, "geometry": {"type": "Point", "coordinates": [113635.1799999997, 459254.5300000012]}, "properties": {"Stelsel": "bg/bodegraven", "naam": "BG7087", "type": "http://data.gwsw.nl/1.4/totaal/Pompunit", "Begindatum": "1900-01-01", "Pompcapaciteit1": null, "Pompcapaciteit2": null, "OBJECTID": 920, "stelseltype": "http://data.gwsw.nl/1.4/totaal/Drukriolering"}}, {"type": "Feature", "id": 921, "geometry": {"type": "Point", "coordinates": [113655.89999999851, 459221.69000000134]}, "properties": {"Stelsel": "bg/bodegraven", "naam": "BG7088", "type": "http://data.gwsw.nl/1.4/totaal/Pompunit", "Begindatum": "1900-01-01", "Pompcapaciteit1": null, "Pompcapaciteit2": null, "OBJECTID": 921, "stelseltype": "http://data.gwsw.nl/1.4/totaal/Drukriolering"}}, {"type": "Feature", "id": 922, "geometry": {"type": "Point", "coordinates": [113665.5700000003, 459286.5399999991]}, "properties": {"Stelsel": "bg/bodegraven", "naam": "BG7089", "type": "http://data.gwsw.nl/1.4/totaal/Pompunit", "Begindatum": "1900-01-01", "Pompcapaciteit1": null, "Pompcapaciteit2": null, "OBJECTID": 922, "stelseltype": "http://data.gwsw.nl/1.4/totaal/Drukriolering"}}, {"type": "Feature", "id": 923, "geometry": {"type": "Point", "coordinates": [113718.66000000015, 459323.1099999994]}, "properties": {"Stelsel": "bg/bodegraven", "naam": "BG7090", "type": "http://data.gwsw.nl/1.4/totaal/Pompunit", "Begindatum": "1900-01-01", "Pompcapaciteit1": null, "Pompcapaciteit2": null, "OBJECTID": 923, "stelseltype": "http://data.gwsw.nl/1.4/totaal/Drukriolering"}}, {"type": "Feature", "id": 924, "geometry": {"type": "Point", "coordinates": [113732.58999999985, 459321.94000000134]}, "properties": {"Stelsel": "bg/bodegraven", "naam": "BG7091", "type": "http://data.gwsw.nl/1.4/totaal/Pompunit", "Begindatum": "1900-01-01", "Pompcapaciteit1": null, "Pompcapaciteit2": null, "OBJECTID": 924, "stelseltype": "http://data.gwsw.nl/1.4/totaal/Drukriolering"}}, {"type": "Feature", "id": 925, "geometry": {"type": "Point", "coordinates": [113735.57999999821, 459301.8299999982]}, "properties": {"Stelsel": "bg/bodegraven", "naam": "BG7092", "type": "http://data.gwsw.nl/1.4/totaal/Pompunit", "Begindatum": "1900-01-01", "Pompcapaciteit1": null, "Pompcapaciteit2": null, "OBJECTID": 925, "stelseltype": "http://data.gwsw.nl/1.4/totaal/Drukriolering"}}, {"type": "Feature", "id": 926, "geometry": {"type": "Point", "coordinates": [113798.0700000003, 459299.62999999896]}, "properties": {"Stelsel": "bg/bodegraven", "naam": "BG7093", "type": "http://data.gwsw.nl/1.4/totaal/Pompunit", "Begindatum": "1900-01-01", "Pompcapaciteit1": null, "Pompcapaciteit2": null, "OBJECTID": 926, "stelseltype": "http://data.gwsw.nl/1.4/totaal/Drukriolering"}}, {"type": "Feature", "id": 927, "geometry": {"type": "Point", "coordinates": [113843.1099999994, 459254.4699999988]}, "properties": {"Stelsel": "bg/bodegraven", "naam": "BG7094", "type": "http://data.gwsw.nl/1.4/totaal/Pompunit", "Begindatum": "1900-01-01", "Pompcapaciteit1": null, "Pompcapaciteit2": null, "OBJECTID": 927, "stelseltype": "http://data.gwsw.nl/1.4/totaal/Drukriolering"}}, {"type": "Feature", "id": 928, "geometry": {"type": "Point", "coordinates": [113858.42000000179, 459272.8299999982]}, "properties": {"Stelsel": "bg/bodegraven", "naam": "BG7095", "type": "http://data.gwsw.nl/1.4/totaal/Pompunit", "Begindatum": "1900-01-01", "Pompcapaciteit1": null, "Pompcapaciteit2": null, "OBJECTID": 928, "stelseltype": "http://data.gwsw.nl/1.4/totaal/Drukriolering"}}, {"type": "Feature", "id": 929, "geometry": {"type": "Point", "coordinates": [113937.48000000045, 459224.48999999836]}, "properties": {"Stelsel": "bg/bodegraven", "naam": "BG7096", "type": "http://data.gwsw.nl/1.4/totaal/Pompunit", "Begindatum": "1900-01-01", "Pompcapaciteit1": null, "Pompcapaciteit2": null, "OBJECTID": 929, "stelseltype": "http://data.gwsw.nl/1.4/totaal/Drukriolering"}}, {"type": "Feature", "id": 930, "geometry": {"type": "Point", "coordinates": [113952.21999999881, 459240.6499999985]}, "properties": {"Stelsel": "bg/bodegraven", "naam": "BG7097", "type": "http://data.gwsw.nl/1.4/totaal/Pompunit", "Begindatum": "1900-01-01", "Pompcapaciteit1": null, "Pompcapaciteit2": null, "OBJECTID": 930, "stelseltype": "http://data.gwsw.nl/1.4/totaal/Drukriolering"}}, {"type": "Feature", "id": 931, "geometry": {"type": "Point", "coordinates": [114003.3900000006, 459236.23999999836]}, "properties": {"Stelsel": "bg/bodegraven", "naam": "BG7098", "type": "http://data.gwsw.nl/1.4/totaal/Pompunit", "Begindatum": "1900-01-01", "Pompcapaciteit1": null, "Pompcapaciteit2": null, "OBJECTID": 931, "stelseltype": "http://data.gwsw.nl/1.4/totaal/Drukriolering"}}, {"type": "Feature", "id": 932, "geometry": {"type": "Point", "coordinates": [114029.42000000179, 459219.1400000006]}, "properties": {"Stelsel": "bg/bodegraven", "naam": "BG7099", "type": "http://data.gwsw.nl/1.4/totaal/Pompunit", "Begindatum": "1900-01-01", "Pompcapaciteit1": null, "Pompcapaciteit2": null, "OBJECTID": 932, "stelseltype": "http://data.gwsw.nl/1.4/totaal/Drukriolering"}}, {"type": "Feature", "id": 933, "geometry": {"type": "Point", "coordinates": [114063.85000000149, 459248.9200000018]}, "properties": {"Stelsel": "bg/bodegraven", "naam": "BG7100", "type": "http://data.gwsw.nl/1.4/totaal/Pompunit", "Begindatum": "1900-01-01", "Pompcapaciteit1": null, "Pompcapaciteit2": null, "OBJECTID": 933, "stelseltype": "http://data.gwsw.nl/1.4/totaal/Drukriolering"}}, {"type": "Feature", "id": 934, "geometry": {"type": "Point", "coordinates": [114087.12999999896, 459235.62999999896]}, "properties": {"Stelsel": "bg/bodegraven", "naam": "BG7102", "type": "http://data.gwsw.nl/1.4/totaal/Pompunit", "Begindatum": "1900-01-01", "Pompcapaciteit1": null, "Pompcapaciteit2": null, "OBJECTID": 934, "stelseltype": "http://data.gwsw.nl/1.4/totaal/Drukriolering"}}, {"type": "Feature", "id": 935, "geometry": {"type": "Point", "coordinates": [114135.75, 459247.0700000003]}, "properties": {"Stelsel": "bg/bodegraven", "naam": "BG7103", "type": "http://data.gwsw.nl/1.4/totaal/Pompunit", "Begindatum": "1900-01-01", "Pompcapaciteit1": null, "Pompcapaciteit2": null, "OBJECTID": 935, "stelseltype": "http://data.gwsw.nl/1.4/totaal/Drukriolering"}}, {"type": "Feature", "id": 936, "geometry": {"type": "Point", "coordinates": [114153.1400000006, 459267.73999999836]}, "properties": {"Stelsel": "bg/bodegraven", "naam": "BG7104", "type": "http://data.gwsw.nl/1.4/totaal/Pompunit", "Begindatum": "1900-01-01", "Pompcapaciteit1": null, "Pompcapaciteit2": null, "OBJECTID": 936, "stelseltype": "http://data.gwsw.nl/1.4/totaal/Drukriolering"}}, {"type": "Feature", "id": 937, "geometry": {"type": "Point", "coordinates": [114247.07999999821, 459276.5799999982]}, "properties": {"Stelsel": "bg/bodegraven", "naam": "BG7105", "type": "http://data.gwsw.nl/1.4/totaal/Pompunit", "Begindatum": "1900-01-01", "Pompcapaciteit1": null, "Pompcapaciteit2": null, "OBJECTID": 937, "stelseltype": "http://data.gwsw.nl/1.4/totaal/Drukriolering"}}, {"type": "Feature", "id": 938, "geometry": {"type": "Point", "coordinates": [114270.05999999866, 459349.05000000075]}, "properties": {"Stelsel": "bg/bodegraven", "naam": "BG7106", "type": "http://data.gwsw.nl/1.4/totaal/Pompunit", "Begindatum": "1900-01-01", "Pompcapaciteit1": null, "Pompcapaciteit2": null, "OBJECTID": 938, "stelseltype": "http://data.gwsw.nl/1.4/totaal/Drukriolering"}}, {"type": "Feature", "id": 939, "geometry": {"type": "Point", "coordinates": [114272.4600000009, 459378.3999999985]}, "properties": {"Stelsel": "bg/bodegraven", "naam": "BG7107", "type": "http://data.gwsw.nl/1.4/totaal/Pompunit", "Begindatum": "1900-01-01", "Pompcapaciteit1": null, "Pompcapaciteit2": null, "OBJECTID": 939, "stelseltype": "http://data.gwsw.nl/1.4/totaal/Drukriolering"}}, {"type": "Feature", "id": 940, "geometry": {"type": "Point", "coordinates": [114299.55999999866, 459418.80999999866]}, "properties": {"Stelsel": "bg/bodegraven", "naam": "BG7108", "type": "http://data.gwsw.nl/1.4/totaal/Pompunit", "Begindatum": "1900-01-01", "Pompcapaciteit1": null, "Pompcapaciteit2": null, "OBJECTID": 940, "stelseltype": "http://data.gwsw.nl/1.4/totaal/Drukriolering"}}, {"type": "Feature", "id": 941, "geometry": {"type": "Point", "coordinates": [114261.67000000179, 459465]}, "properties": {"Stelsel": "bg/bodegraven", "naam": "BG7109", "type": "http://data.gwsw.nl/1.4/totaal/Pompunit", "Begindatum": "1900-01-01", "Pompcapaciteit1": null, "Pompcapaciteit2": null, "OBJECTID": 941, "stelseltype": "http://data.gwsw.nl/1.4/totaal/Drukriolering"}}, {"type": "Feature", "id": 942, "geometry": {"type": "Point", "coordinates": [114305.64999999851, 459463]}, "properties": {"Stelsel": "bg/bodegraven", "naam": "BG7110", "type": "http://data.gwsw.nl/1.4/totaal/Pompunit", "Begindatum": "1900-01-01", "Pompcapaciteit1": null, "Pompcapaciteit2": null, "OBJECTID": 942, "stelseltype": "http://data.gwsw.nl/1.4/totaal/Drukriolering"}}, {"type": "Feature", "id": 943, "geometry": {"type": "Point", "coordinates": [114436.30999999866, 459371.41000000015]}, "properties": {"Stelsel": "bg/bodegraven", "naam": "BG7111", "type": "http://data.gwsw.nl/1.4/totaal/Pompunit", "Begindatum": "1900-01-01", "Pompcapaciteit1": null, "Pompcapaciteit2": null, "OBJECTID": 943, "stelseltype": "http://data.gwsw.nl/1.4/totaal/Drukriolering"}}, {"type": "Feature", "id": 944, "geometry": {"type": "Point", "coordinates": [114265.3599999994, 459505.48999999836]}, "properties": {"Stelsel": "bg/bodegraven", "naam": "BG7112", "type": "http://data.gwsw.nl/1.4/totaal/Pompunit", "Begindatum": "1900-01-01", "Pompcapaciteit1": null, "Pompcapaciteit2": null, "OBJECTID": 944, "stelseltype": "http://data.gwsw.nl/1.4/totaal/Drukriolering"}}, {"type": "Feature", "id": 945, "geometry": {"type": "Point", "coordinates": [114276.30000000075, 459524.8299999982]}, "properties": {"Stelsel": "bg/bodegraven", "naam": "BG7113", "type": "http://data.gwsw.nl/1.4/totaal/Pompunit", "Begindatum": "1900-01-01", "Pompcapaciteit1": null, "Pompcapaciteit2": null, "OBJECTID": 945, "stelseltype": "http://data.gwsw.nl/1.4/totaal/Drukriolering"}}, {"type": "Feature", "id": 946, "geometry": {"type": "Point", "coordinates": [114268.78000000119, 459568.4299999997]}, "properties": {"Stelsel": "bg/bodegraven", "naam": "BG7114", "type": "http://data.gwsw.nl/1.4/totaal/Pompunit", "Begindatum": "1900-01-01", "Pompcapaciteit1": null, "Pompcapaciteit2": null, "OBJECTID": 946, "stelseltype": "http://data.gwsw.nl/1.4/totaal/Drukriolering"}}, {"type": "Feature", "id": 947, "geometry": {"type": "Point", "coordinates": [114239.55000000075, 459609.98000000045]}, "properties": {"Stelsel": "bg/bodegraven", "naam": "BG7115", "type": "http://data.gwsw.nl/1.4/totaal/Pompunit", "Begindatum": "1900-01-01", "Pompcapaciteit1": null, "Pompcapaciteit2": null, "OBJECTID": 947, "stelseltype": "http://data.gwsw.nl/1.4/totaal/Drukriolering"}}, {"type": "Feature", "id": 948, "geometry": {"type": "Point", "coordinates": [114298.6400000006, 459620.5799999982]}, "properties": {"Stelsel": "bg/bodegraven", "naam": "BG7116", "type": "http://data.gwsw.nl/1.4/totaal/Pompunit", "Begindatum": "1900-01-01", "Pompcapaciteit1": null, "Pompcapaciteit2": null, "OBJECTID": 948, "stelseltype": "http://data.gwsw.nl/1.4/totaal/Drukriolering"}}, {"type": "Feature", "id": 949, "geometry": {"type": "Point", "coordinates": [114328.26999999955, 459642.25]}, "properties": {"Stelsel": "bg/bodegraven", "naam": "BG7117", "type": "http://data.gwsw.nl/1.4/totaal/Pompunit", "Begindatum": "1900-01-01", "Pompcapaciteit1": null, "Pompcapaciteit2": null, "OBJECTID": 949, "stelseltype": "http://data.gwsw.nl/1.4/totaal/Drukriolering"}}, {"type": "Feature", "id": 950, "geometry": {"type": "Point", "coordinates": [114354.26000000164, 459674.55999999866]}, "properties": {"Stelsel": "bg/bodegraven", "naam": "BG7118", "type": "http://data.gwsw.nl/1.4/totaal/Pompunit", "Begindatum": "1900-01-01", "Pompcapaciteit1": null, "Pompcapaciteit2": null, "OBJECTID": 950, "stelseltype": "http://data.gwsw.nl/1.4/totaal/Drukriolering"}}, {"type": "Feature", "id": 951, "geometry": {"type": "Point", "coordinates": [114361.87000000104, 459666.5]}, "properties": {"Stelsel": "bg/bodegraven", "naam": "BG7119", "type": "http://data.gwsw.nl/1.4/totaal/Pompunit", "Begindatum": "1900-01-01", "Pompcapaciteit1": null, "Pompcapaciteit2": null, "OBJECTID": 951, "stelseltype": "http://data.gwsw.nl/1.4/totaal/Drukriolering"}}, {"type": "Feature", "id": 952, "geometry": {"type": "Point", "coordinates": [114391.33999999985, 459684.7199999988]}, "properties": {"Stelsel": "bg/bodegraven", "naam": "BG7120", "type": "http://data.gwsw.nl/1.4/totaal/Pompunit", "Begindatum": "1900-01-01", "Pompcapaciteit1": null, "Pompcapaciteit2": null, "OBJECTID": 952, "stelseltype": "http://data.gwsw.nl/1.4/totaal/Drukriolering"}}, {"type": "Feature", "id": 953, "geometry": {"type": "Point", "coordinates": [114417.07999999821, 459669.8900000006]}, "properties": {"Stelsel": "bg/bodegraven", "naam": "BG7121", "type": "http://data.gwsw.nl/1.4/totaal/Pompunit", "Begindatum": "1900-01-01", "Pompcapaciteit1": null, "Pompcapaciteit2": null, "OBJECTID": 953, "stelseltype": "http://data.gwsw.nl/1.4/totaal/Drukriolering"}}, {"type": "Feature", "id": 954, "geometry": {"type": "Point", "coordinates": [114485.73000000045, 459711.4699999988]}, "properties": {"Stelsel": "bg/bodegraven", "naam": "BG7122", "type": "http://data.gwsw.nl/1.4/totaal/Pompunit", "Begindatum": "1900-01-01", "Pompcapaciteit1": null, "Pompcapaciteit2": null, "OBJECTID": 954, "stelseltype": "http://data.gwsw.nl/1.4/totaal/Drukriolering"}}, {"type": "Feature", "id": 955, "geometry": {"type": "Point", "coordinates": [114582.19000000134, 459752.62999999896]}, "properties": {"Stelsel": "bg/bodegraven", "naam": "BG7123", "type": "http://data.gwsw.nl/1.4/totaal/Pompunit", "Begindatum": "1900-01-01", "Pompcapaciteit1": null, "Pompcapaciteit2": null, "OBJECTID": 955, "stelseltype": "http://data.gwsw.nl/1.4/totaal/Drukriolering"}}, {"type": "Feature", "id": 956, "geometry": {"type": "Point", "coordinates": [114593.48999999836, 459740.87000000104]}, "properties": {"Stelsel": "bg/bodegraven", "naam": "BG7124", "type": "http://data.gwsw.nl/1.4/totaal/Pompunit", "Begindatum": "1900-01-01", "Pompcapaciteit1": null, "Pompcapaciteit2": null, "OBJECTID": 956, "stelseltype": "http://data.gwsw.nl/1.4/totaal/Drukriolering"}}, {"type": "Feature", "id": 957, "geometry": {"type": "Point", "coordinates": [114608.80000000075, 459764.3500000015]}, "properties": {"Stelsel": "bg/bodegraven", "naam": "BG7125", "type": "http://data.gwsw.nl/1.4/totaal/Pompunit", "Begindatum": "1900-01-01", "Pompcapaciteit1": null, "Pompcapaciteit2": null, "OBJECTID": 957, "stelseltype": "http://data.gwsw.nl/1.4/totaal/Drukriolering"}}, {"type": "Feature", "id": 958, "geometry": {"type": "Point", "coordinates": [114656.51999999955, 459799.19000000134]}, "properties": {"Stelsel": "bg/bodegraven", "naam": "BG7126", "type": "http://data.gwsw.nl/1.4/totaal/Pompunit", "Begindatum": "1900-01-01", "Pompcapaciteit1": null, "Pompcapaciteit2": null, "OBJECTID": 958, "stelseltype": "http://data.gwsw.nl/1.4/totaal/Drukriolering"}}, {"type": "Feature", "id": 959, "geometry": {"type": "Point", "coordinates": [114677.69000000134, 459803.05000000075]}, "properties": {"Stelsel": "bg/bodegraven", "naam": "BG7127", "type": "http://data.gwsw.nl/1.4/totaal/Pompunit", "Begindatum": "1900-01-01", "Pompcapaciteit1": null, "Pompcapaciteit2": null, "OBJECTID": 959, "stelseltype": "http://data.gwsw.nl/1.4/totaal/Drukriolering"}}, {"type": "Feature", "id": 960, "geometry": {"type": "Point", "coordinates": [114703.76000000164, 459817.44999999925]}, "properties": {"Stelsel": "bg/bodegraven", "naam": "BG7128", "type": "http://data.gwsw.nl/1.4/totaal/Pompunit", "Begindatum": "1900-01-01", "Pompcapaciteit1": null, "Pompcapaciteit2": null, "OBJECTID": 960, "stelseltype": "http://data.gwsw.nl/1.4/totaal/Drukriolering"}}, {"type": "Feature", "id": 961, "geometry": {"type": "Point", "coordinates": [114733.21999999881, 459814.05000000075]}, "properties": {"Stelsel": "bg/bodegraven", "naam": "BG7129", "type": "http://data.gwsw.nl/1.4/totaal/Pompunit", "Begindatum": "1900-01-01", "Pompcapaciteit1": null, "Pompcapaciteit2": null, "OBJECTID": 961, "stelseltype": "http://data.gwsw.nl/1.4/totaal/Drukriolering"}}, {"type": "Feature", "id": 962, "geometry": {"type": "Point", "coordinates": [114860.08999999985, 459772.58999999985]}, "properties": {"Stelsel": "bg/bodegraven", "naam": "BG7131", "type": "http://data.gwsw.nl/1.4/totaal/Pompunit", "Begindatum": "1900-01-01", "Pompcapaciteit1": null, "Pompcapaciteit2": null, "OBJECTID": 962, "stelseltype": "http://data.gwsw.nl/1.4/totaal/Drukriolering"}}, {"type": "Feature", "id": 963, "geometry": {"type": "Point", "coordinates": [114974.7899999991, 459798.16000000015]}, "properties": {"Stelsel": "bg/bodegraven", "naam": "BG7132", "type": "http://data.gwsw.nl/1.4/totaal/Pompunit", "Begindatum": "1900-01-01", "Pompcapaciteit1": null, "Pompcapaciteit2": null, "OBJECTID": 963, "stelseltype": "http://data.gwsw.nl/1.4/totaal/Drukriolering"}}, {"type": "Feature", "id": 964, "geometry": {"type": "Point", "coordinates": [114969.1099999994, 459896.26999999955]}, "properties": {"Stelsel": "bg/bodegraven", "naam": "BG7133", "type": "http://data.gwsw.nl/1.4/totaal/Pompunit", "Begindatum": "1900-01-01", "Pompcapaciteit1": null, "Pompcapaciteit2": null, "OBJECTID": 964, "stelseltype": "http://data.gwsw.nl/1.4/totaal/Drukriolering"}}, {"type": "Feature", "id": 965, "geometry": {"type": "Point", "coordinates": [115020.30000000075, 459877.0300000012]}, "properties": {"Stelsel": "bg/bodegraven", "naam": "BG7134", "type": "http://data.gwsw.nl/1.4/totaal/Pompunit", "Begindatum": "1900-01-01", "Pompcapaciteit1": null, "Pompcapaciteit2": null, "OBJECTID": 965, "stelseltype": "http://data.gwsw.nl/1.4/totaal/Drukriolering"}}, {"type": "Feature", "id": 966, "geometry": {"type": "Point", "coordinates": [115027.69000000134, 459911.3599999994]}, "properties": {"Stelsel": "bg/bodegraven", "naam": "BG7135", "type": "http://data.gwsw.nl/1.4/totaal/Pompunit", "Begindatum": "1900-01-01", "Pompcapaciteit1": null, "Pompcapaciteit2": null, "OBJECTID": 966, "stelseltype": "http://data.gwsw.nl/1.4/totaal/Drukriolering"}}, {"type": "Feature", "id": 967, "geometry": {"type": "Point", "coordinates": [115051.58999999985, 459927.55999999866]}, "properties": {"Stelsel": "bg/bodegraven", "naam": "BG7136", "type": "http://data.gwsw.nl/1.4/totaal/Pompunit", "Begindatum": "1900-01-01", "Pompcapaciteit1": null, "Pompcapaciteit2": null, "OBJECTID": 967, "stelseltype": "http://data.gwsw.nl/1.4/totaal/Drukriolering"}}, {"type": "Feature", "id": 968, "geometry": {"type": "Point", "coordinates": [115055.73000000045, 459954.98000000045]}, "properties": {"Stelsel": "bg/bodegraven", "naam": "BG7137", "type": "http://data.gwsw.nl/1.4/totaal/Pompunit", "Begindatum": "1900-01-01", "Pompcapaciteit1": null, "Pompcapaciteit2": null, "OBJECTID": 968, "stelseltype": "http://data.gwsw.nl/1.4/totaal/Drukriolering"}}, {"type": "Feature", "id": 969, "geometry": {"type": "Point", "coordinates": [115081.87999999896, 459956.7899999991]}, "properties": {"Stelsel": "bg/bodegraven", "naam": "BG7138", "type": "http://data.gwsw.nl/1.4/totaal/Pompunit", "Begindatum": "1900-01-01", "Pompcapaciteit1": null, "Pompcapaciteit2": null, "OBJECTID": 969, "stelseltype": "http://data.gwsw.nl/1.4/totaal/Drukriolering"}}, {"type": "Feature", "id": 970, "geometry": {"type": "Point", "coordinates": [115171.8599999994, 460002.3299999982]}, "properties": {"Stelsel": "bg/bodegraven", "naam": "BG7139", "type": "http://data.gwsw.nl/1.4/totaal/Pompunit", "Begindatum": "1900-01-01", "Pompcapaciteit1": null, "Pompcapaciteit2": null, "OBJECTID": 970, "stelseltype": "http://data.gwsw.nl/1.4/totaal/Drukriolering"}}, {"type": "Feature", "id": 971, "geometry": {"type": "Point", "coordinates": [115259.0700000003, 460092.2800000012]}, "properties": {"Stelsel": "bg/bodegraven", "naam": "BG7140", "type": "http://data.gwsw.nl/1.4/totaal/Pompunit", "Begindatum": "1900-01-01", "Pompcapaciteit1": null, "Pompcapaciteit2": null, "OBJECTID": 971, "stelseltype": "http://data.gwsw.nl/1.4/totaal/Drukriolering"}}, {"type": "Feature", "id": 972, "geometry": {"type": "Point", "coordinates": [115250.09200000018, 460102.69099999964]}, "properties": {"Stelsel": "bg/bodegraven", "naam": "BG7141", "type": "http://data.gwsw.nl/1.4/totaal/Pompunit", "Begindatum": "1900-01-01", "Pompcapaciteit1": null, "Pompcapaciteit2": null, "OBJECTID": 972, "stelseltype": "http://data.gwsw.nl/1.4/totaal/Drukriolering"}}, {"type": "Feature", "id": 973, "geometry": {"type": "Point", "coordinates": [115302.05000000075, 460166.87999999896]}, "properties": {"Stelsel": "bg/bodegraven", "naam": "BG7142", "type": "http://data.gwsw.nl/1.4/totaal/Pompunit", "Begindatum": "1900-01-01", "Pompcapaciteit1": null, "Pompcapaciteit2": null, "OBJECTID": 973, "stelseltype": "http://data.gwsw.nl/1.4/totaal/Drukriolering"}}, {"type": "Feature", "id": 974, "geometry": {"type": "Point", "coordinates": [115359.35000000149, 460248.6700000018]}, "properties": {"Stelsel": "bg/bodegraven", "naam": "BG7143", "type": "http://data.gwsw.nl/1.4/totaal/Pompunit", "Begindatum": "1900-01-01", "Pompcapaciteit1": null, "Pompcapaciteit2": null, "OBJECTID": 974, "stelseltype": "http://data.gwsw.nl/1.4/totaal/Drukriolering"}}, {"type": "Feature", "id": 975, "geometry": {"type": "Point", "coordinates": [115357.8599999994, 460332.98999999836]}, "properties": {"Stelsel": "bg/bodegraven", "naam": "BG7144", "type": "http://data.gwsw.nl/1.4/totaal/Pompunit", "Begindatum": "1900-01-01", "Pompcapaciteit1": null, "Pompcapaciteit2": null, "OBJECTID": 975, "stelseltype": "http://data.gwsw.nl/1.4/totaal/Drukriolering"}}, {"type": "Feature", "id": 976, "geometry": {"type": "Point", "coordinates": [115379.32999999821, 460399.7100000009]}, "properties": {"Stelsel": "bg/bodegraven", "naam": "BG7145", "type": "http://data.gwsw.nl/1.4/totaal/Pompunit", "Begindatum": "1900-01-01", "Pompcapaciteit1": null, "Pompcapaciteit2": null, "OBJECTID": 976, "stelseltype": "http://data.gwsw.nl/1.4/totaal/Drukriolering"}}, {"type": "Feature", "id": 977, "geometry": {"type": "Point", "coordinates": [115375.6099999994, 460512.7199999988]}, "properties": {"Stelsel": "bg/bodegraven", "naam": "BG7146", "type": "http://data.gwsw.nl/1.4/totaal/Pompunit", "Begindatum": "1900-01-01", "Pompcapaciteit1": null, "Pompcapaciteit2": null, "OBJECTID": 977, "stelseltype": "http://data.gwsw.nl/1.4/totaal/Drukriolering"}}, {"type": "Feature", "id": 978, "geometry": {"type": "Point", "coordinates": [115429.05000000075, 460556.01000000164]}, "properties": {"Stelsel": "bg/bodegraven", "naam": "BG7147", "type": "http://data.gwsw.nl/1.4/totaal/Pompunit", "Begindatum": "1900-01-01", "Pompcapaciteit1": null, "Pompcapaciteit2": null, "OBJECTID": 978, "stelseltype": "http://data.gwsw.nl/1.4/totaal/Drukriolering"}}, {"type": "Feature", "id": 979, "geometry": {"type": "Point", "coordinates": [115540.05999999866, 460628.80000000075]}, "properties": {"Stelsel": "bg/bodegraven", "naam": "BG7148", "type": "http://data.gwsw.nl/1.4/totaal/Pompunit", "Begindatum": "1900-01-01", "Pompcapaciteit1": null, "Pompcapaciteit2": null, "OBJECTID": 979, "stelseltype": "http://data.gwsw.nl/1.4/totaal/Drukriolering"}}, {"type": "Feature", "id": 980, "geometry": {"type": "Point", "coordinates": [115579.33999999985, 460781.25]}, "properties": {"Stelsel": "bg/bodegraven", "naam": "BG7149", "type": "http://data.gwsw.nl/1.4/totaal/Pompunit", "Begindatum": "1900-01-01", "Pompcapaciteit1": null, "Pompcapaciteit2": null, "OBJECTID": 980, "stelseltype": "http://data.gwsw.nl/1.4/totaal/Drukriolering"}}, {"type": "Feature", "id": 981, "geometry": {"type": "Point", "coordinates": [113359.0399999991, 455035.51999999955]}, "properties": {"Stelsel": "bg/bodegraven", "naam": "BG7150", "type": "http://data.gwsw.nl/1.4/totaal/Pompunit", "Begindatum": "1900-01-01", "Pompcapaciteit1": null, "Pompcapaciteit2": null, "OBJECTID": 981, "stelseltype": "http://data.gwsw.nl/1.4/totaal/Drukriolering"}}, {"type": "Feature", "id": 982, "geometry": {"type": "Point", "coordinates": [113316.26999999955, 455046.23999999836]}, "properties": {"Stelsel": "bg/bodegraven", "naam": "BG7151", "type": "http://data.gwsw.nl/1.4/totaal/Pompunit", "Begindatum": "1900-01-01", "Pompcapaciteit1": null, "Pompcapaciteit2": null, "OBJECTID": 982, "stelseltype": "http://data.gwsw.nl/1.4/totaal/Drukriolering"}}, {"type": "Feature", "id": 983, "geometry": {"type": "Point", "coordinates": [113226.53000000119, 454994.51999999955]}, "properties": {"Stelsel": "bg/bodegraven", "naam": "BG7152", "type": "http://data.gwsw.nl/1.4/totaal/Pompunit", "Begindatum": "1900-01-01", "Pompcapaciteit1": null, "Pompcapaciteit2": null, "OBJECTID": 983, "stelseltype": "http://data.gwsw.nl/1.4/totaal/Drukriolering"}}, {"type": "Feature", "id": 984, "geometry": {"type": "Point", "coordinates": [113175.66000000015, 454994.8900000006]}, "properties": {"Stelsel": "bg/bodegraven", "naam": "BG7153", "type": "http://data.gwsw.nl/1.4/totaal/Pompunit", "Begindatum": "1900-01-01", "Pompcapaciteit1": null, "Pompcapaciteit2": null, "OBJECTID": 984, "stelseltype": "http://data.gwsw.nl/1.4/totaal/Drukriolering"}}, {"type": "Feature", "id": 985, "geometry": {"type": "Point", "coordinates": [113152.30000000075, 454951.08999999985]}, "properties": {"Stelsel": "bg/bodegraven", "naam": "BG7154", "type": "http://data.gwsw.nl/1.4/totaal/Pompunit", "Begindatum": "1900-01-01", "Pompcapaciteit1": null, "Pompcapaciteit2": null, "OBJECTID": 985, "stelseltype": "http://data.gwsw.nl/1.4/totaal/Drukriolering"}}, {"type": "Feature", "id": 986, "geometry": {"type": "Point", "coordinates": [113101.51999999955, 454970.87999999896]}, "properties": {"Stelsel": "bg/bodegraven", "naam": "BG7155", "type": "http://data.gwsw.nl/1.4/totaal/Pompunit", "Begindatum": "1900-01-01", "Pompcapaciteit1": null, "Pompcapaciteit2": null, "OBJECTID": 986, "stelseltype": "http://data.gwsw.nl/1.4/totaal/Drukriolering"}}, {"type": "Feature", "id": 987, "geometry": {"type": "Point", "coordinates": [113080.4299999997, 454944.37999999896]}, "properties": {"Stelsel": "bg/bodegraven", "naam": "BG7156", "type": "http://data.gwsw.nl/1.4/totaal/Pompunit", "Begindatum": "1900-01-01", "Pompcapaciteit1": null, "Pompcapaciteit2": null, "OBJECTID": 987, "stelseltype": "http://data.gwsw.nl/1.4/totaal/Drukriolering"}}, {"type": "Feature", "id": 988, "geometry": {"type": "Point", "coordinates": [113051.35000000149, 454938.5399999991]}, "properties": {"Stelsel": "bg/bodegraven", "naam": "BG7157", "type": "http://data.gwsw.nl/1.4/totaal/Pompunit", "Begindatum": "1900-01-01", "Pompcapaciteit1": null, "Pompcapaciteit2": null, "OBJECTID": 988, "stelseltype": "http://data.gwsw.nl/1.4/totaal/Drukriolering"}}, {"type": "Feature", "id": 989, "geometry": {"type": "Point", "coordinates": [112997.2899999991, 454918.8200000003]}, "properties": {"Stelsel": "bg/bodegraven", "naam": "BG7158", "type": "http://data.gwsw.nl/1.4/totaal/Pompunit", "Begindatum": "1900-01-01", "Pompcapaciteit1": null, "Pompcapaciteit2": null, "OBJECTID": 989, "stelseltype": "http://data.gwsw.nl/1.4/totaal/Drukriolering"}}, {"type": "Feature", "id": 990, "geometry": {"type": "Point", "coordinates": [112974.51999999955, 454962.5799999982]}, "properties": {"Stelsel": "bg/bodegraven", "naam": "BG7159", "type": "http://data.gwsw.nl/1.4/totaal/Pompunit", "Begindatum": "1900-01-01", "Pompcapaciteit1": null, "Pompcapaciteit2": null, "OBJECTID": 990, "stelseltype": "http://data.gwsw.nl/1.4/totaal/Drukriolering"}}, {"type": "Feature", "id": 991, "geometry": {"type": "Point", "coordinates": [112955, 454853.69000000134]}, "properties": {"Stelsel": "bg/bodegraven", "naam": "BG7160", "type": "http://data.gwsw.nl/1.4/totaal/Pompunit", "Begindatum": "1900-01-01", "Pompcapaciteit1": null, "Pompcapaciteit2": null, "OBJECTID": 991, "stelseltype": "http://data.gwsw.nl/1.4/totaal/Drukriolering"}}, {"type": "Feature", "id": 992, "geometry": {"type": "Point", "coordinates": [112914.37000000104, 454828.73999999836]}, "properties": {"Stelsel": "bg/bodegraven", "naam": "BG7161", "type": "http://data.gwsw.nl/1.4/totaal/Pompunit", "Begindatum": "1900-01-01", "Pompcapaciteit1": null, "Pompcapaciteit2": null, "OBJECTID": 992, "stelseltype": "http://data.gwsw.nl/1.4/totaal/Drukriolering"}}, {"type": "Feature", "id": 993, "geometry": {"type": "Point", "coordinates": [112883.57999999821, 454945.4600000009]}, "properties": {"Stelsel": "bg/bodegraven", "naam": "BG7162", "type": "http://data.gwsw.nl/1.4/totaal/Pompunit", "Begindatum": "1900-01-01", "Pompcapaciteit1": null, "Pompcapaciteit2": null, "OBJECTID": 993, "stelseltype": "http://data.gwsw.nl/1.4/totaal/Vuilwaterstelsel"}}, {"type": "Feature", "id": 994, "geometry": {"type": "Point", "coordinates": [112898.7100000009, 454880.23000000045]}, "properties": {"Stelsel": "bg/bodegraven", "naam": "BG7163", "type": "http://data.gwsw.nl/1.4/totaal/Pompunit", "Begindatum": "1900-01-01", "Pompcapaciteit1": null, "Pompcapaciteit2": null, "OBJECTID": 994, "stelseltype": "http://data.gwsw.nl/1.4/totaal/Drukriolering"}}, {"type": "Feature", "id": 995, "geometry": {"type": "Point", "coordinates": [112863.44999999925, 454873.2899999991]}, "properties": {"Stelsel": "bg/bodegraven", "naam": "BG7164", "type": "http://data.gwsw.nl/1.4/totaal/Pompunit", "Begindatum": "1900-01-01", "Pompcapaciteit1": null, "Pompcapaciteit2": null, "OBJECTID": 995, "stelseltype": "http://data.gwsw.nl/1.4/totaal/Drukriolering"}}, {"type": "Feature", "id": 996, "geometry": {"type": "Point", "coordinates": [112853.3900000006, 454797.8500000015]}, "properties": {"Stelsel": "bg/bodegraven", "naam": "BG7165", "type": "http://data.gwsw.nl/1.4/totaal/Pompunit", "Begindatum": "1900-01-01", "Pompcapaciteit1": null, "Pompcapaciteit2": null, "OBJECTID": 996, "stelseltype": "http://data.gwsw.nl/1.4/totaal/Drukriolering"}}, {"type": "Feature", "id": 997, "geometry": {"type": "Point", "coordinates": [112815.98999999836, 454887.1400000006]}, "properties": {"Stelsel": "bg/bodegraven", "naam": "BG7166", "type": "http://data.gwsw.nl/1.4/totaal/Pompunit", "Begindatum": "1900-01-01", "Pompcapaciteit1": null, "Pompcapaciteit2": null, "OBJECTID": 997, "stelseltype": "http://data.gwsw.nl/1.4/totaal/Drukriolering"}}, {"type": "Feature", "id": 998, "geometry": {"type": "Point", "coordinates": [112765.75, 454806.16000000015]}, "properties": {"Stelsel": "bg/bodegraven", "naam": "BG7167", "type": "http://data.gwsw.nl/1.4/totaal/Pompunit", "Begindatum": "1900-01-01", "Pompcapaciteit1": null, "Pompcapaciteit2": null, "OBJECTID": 998, "stelseltype": "http://data.gwsw.nl/1.4/totaal/Drukriolering"}}, {"type": "Feature", "id": 999, "geometry": {"type": "Point", "coordinates": [112755.8900000006, 454901.44999999925]}, "properties": {"Stelsel": "bg/bodegraven", "naam": "BG7168", "type": "http://data.gwsw.nl/1.4/totaal/Pompunit", "Begindatum": "1900-01-01", "Pompcapaciteit1": null, "Pompcapaciteit2": null, "OBJECTID": 999, "stelseltype": "http://data.gwsw.nl/1.4/totaal/Drukriolering"}}, {"type": "Feature", "id": 1000, "geometry": {"type": "Point", "coordinates": [112717.39999999851, 454880.1700000018]}, "properties": {"Stelsel": "bg/bodegraven", "naam": "BG7169", "type": "http://data.gwsw.nl/1.4/totaal/Pompunit", "Begindatum": "1900-01-01", "Pompcapaciteit1": null, "Pompcapaciteit2": null, "OBJECTID": 1000, "stelseltype": "http://data.gwsw.nl/1.4/totaal/Drukriolering"}}, {"type": "Feature", "id": 1001, "geometry": {"type": "Point", "coordinates": [112665.62000000104, 454822.1499999985]}, "properties": {"Stelsel": "bg/bodegraven", "naam": "BG7170", "type": "http://data.gwsw.nl/1.4/totaal/Pompunit", "Begindatum": "1900-01-01", "Pompcapaciteit1": null, "Pompcapaciteit2": null, "OBJECTID": 1001, "stelseltype": "http://data.gwsw.nl/1.4/totaal/Drukriolering"}}, {"type": "Feature", "id": 1002, "geometry": {"type": "Point", "coordinates": [112601.98999999836, 454689.19000000134]}, "properties": {"Stelsel": "bg/bodegraven", "naam": "BG7171", "type": "http://data.gwsw.nl/1.4/totaal/Pompunit", "Begindatum": "1900-01-01", "Pompcapaciteit1": null, "Pompcapaciteit2": null, "OBJECTID": 1002, "stelseltype": "http://data.gwsw.nl/1.4/totaal/Drukriolering"}}, {"type": "Feature", "id": 1003, "geometry": {"type": "Point", "coordinates": [112574.0399999991, 454874.0300000012]}, "properties": {"Stelsel": "bg/bodegraven", "naam": "BG7172", "type": "http://data.gwsw.nl/1.4/totaal/Pompunit", "Begindatum": "1900-01-01", "Pompcapaciteit1": null, "Pompcapaciteit2": null, "OBJECTID": 1003, "stelseltype": "http://data.gwsw.nl/1.4/totaal/Drukriolering"}}, {"type": "Feature", "id": 1004, "geometry": {"type": "Point", "coordinates": [112510.4600000009, 454790.55999999866]}, "properties": {"Stelsel": "bg/bodegraven", "naam": "BG7173", "type": "http://data.gwsw.nl/1.4/totaal/Pompunit", "Begindatum": "1900-01-01", "Pompcapaciteit1": null, "Pompcapaciteit2": null, "OBJECTID": 1004, "stelseltype": "http://data.gwsw.nl/1.4/totaal/Drukriolering"}}, {"type": "Feature", "id": 1005, "geometry": {"type": "Point", "coordinates": [112328.12000000104, 454813.19999999925]}, "properties": {"Stelsel": "bg/bodegraven", "naam": "BG7174", "type": "http://data.gwsw.nl/1.4/totaal/Pompunit", "Begindatum": "1900-01-01", "Pompcapaciteit1": null, "Pompcapaciteit2": null, "OBJECTID": 1005, "stelseltype": "http://data.gwsw.nl/1.4/totaal/Drukriolering"}}, {"type": "Feature", "id": 1006, "geometry": {"type": "Point", "coordinates": [112194.75, 454724.5300000012]}, "properties": {"Stelsel": "bg/bodegraven", "naam": "BG7175", "type": "http://data.gwsw.nl/1.4/totaal/Pompunit", "Begindatum": "1900-01-01", "Pompcapaciteit1": null, "Pompcapaciteit2": null, "OBJECTID": 1006, "stelseltype": "http://data.gwsw.nl/1.4/totaal/Drukriolering"}}, {"type": "Feature", "id": 1007, "geometry": {"type": "Point", "coordinates": [112120.48999999836, 454822.2800000012]}, "properties": {"Stelsel": "bg/bodegraven", "naam": "BG7176", "type": "http://data.gwsw.nl/1.4/totaal/Pompunit", "Begindatum": "1900-01-01", "Pompcapaciteit1": null, "Pompcapaciteit2": null, "OBJECTID": 1007, "stelseltype": "http://data.gwsw.nl/1.4/totaal/Drukriolering"}}, {"type": "Feature", "id": 1008, "geometry": {"type": "Point", "coordinates": [112121.71999999881, 454863.7100000009]}, "properties": {"Stelsel": "bg/bodegraven", "naam": "BG7177", "type": "http://data.gwsw.nl/1.4/totaal/Pompunit", "Begindatum": "1900-01-01", "Pompcapaciteit1": null, "Pompcapaciteit2": null, "OBJECTID": 1008, "stelseltype": "http://data.gwsw.nl/1.4/totaal/Drukriolering"}}, {"type": "Feature", "id": 1009, "geometry": {"type": "Point", "coordinates": [111982.73999999836, 454878.41000000015]}, "properties": {"Stelsel": "bg/bodegraven", "naam": "BG7178", "type": "http://data.gwsw.nl/1.4/totaal/Pompunit", "Begindatum": "1900-01-01", "Pompcapaciteit1": null, "Pompcapaciteit2": null, "OBJECTID": 1009, "stelseltype": "http://data.gwsw.nl/1.4/totaal/Drukriolering"}}, {"type": "Feature", "id": 1010, "geometry": {"type": "Point", "coordinates": [111942.01999999955, 454871.51000000164]}, "properties": {"Stelsel": "bg/bodegraven", "naam": "BG7179", "type": "http://data.gwsw.nl/1.4/totaal/Pompunit", "Begindatum": "1900-01-01", "Pompcapaciteit1": null, "Pompcapaciteit2": null, "OBJECTID": 1010, "stelseltype": "http://data.gwsw.nl/1.4/totaal/Drukriolering"}}, {"type": "Feature", "id": 1011, "geometry": {"type": "Point", "coordinates": [111907.96999999881, 454904.83999999985]}, "properties": {"Stelsel": "bg/bodegraven", "naam": "BG7180", "type": "http://data.gwsw.nl/1.4/totaal/Pompunit", "Begindatum": "1900-01-01", "Pompcapaciteit1": null, "Pompcapaciteit2": null, "OBJECTID": 1011, "stelseltype": "http://data.gwsw.nl/1.4/totaal/Drukriolering"}}, {"type": "Feature", "id": 1012, "geometry": {"type": "Point", "coordinates": [111912.83999999985, 454961.51999999955]}, "properties": {"Stelsel": "bg/bodegraven", "naam": "BG7181", "type": "http://data.gwsw.nl/1.4/totaal/Pompunit", "Begindatum": "1900-01-01", "Pompcapaciteit1": null, "Pompcapaciteit2": null, "OBJECTID": 1012, "stelseltype": "http://data.gwsw.nl/1.4/totaal/Drukriolering"}}, {"type": "Feature", "id": 1013, "geometry": {"type": "Point", "coordinates": [111853.0399999991, 454964.6400000006]}, "properties": {"Stelsel": "bg/bodegraven", "naam": "BG7182", "type": "http://data.gwsw.nl/1.4/totaal/Pompunit", "Begindatum": "1900-01-01", "Pompcapaciteit1": null, "Pompcapaciteit2": null, "OBJECTID": 1013, "stelseltype": "http://data.gwsw.nl/1.4/totaal/Drukriolering"}}, {"type": "Feature", "id": 1014, "geometry": {"type": "Point", "coordinates": [111775.2899999991, 455029.6799999997]}, "properties": {"Stelsel": "bg/bodegraven", "naam": "BG7183", "type": "http://data.gwsw.nl/1.4/totaal/Pompunit", "Begindatum": "1900-01-01", "Pompcapaciteit1": null, "Pompcapaciteit2": null, "OBJECTID": 1014, "stelseltype": "http://data.gwsw.nl/1.4/totaal/Drukriolering"}}, {"type": "Feature", "id": 1015, "geometry": {"type": "Point", "coordinates": [111745.19000000134, 455075.3900000006]}, "properties": {"Stelsel": "bg/bodegraven", "naam": "BG7184", "type": "http://data.gwsw.nl/1.4/totaal/Pompunit", "Begindatum": "1900-01-01", "Pompcapaciteit1": null, "Pompcapaciteit2": null, "OBJECTID": 1015, "stelseltype": "http://data.gwsw.nl/1.4/totaal/Drukriolering"}}, {"type": "Feature", "id": 1016, "geometry": {"type": "Point", "coordinates": [111689.19999999925, 455061.7100000009]}, "properties": {"Stelsel": "bg/bodegraven", "naam": "BG7185", "type": "http://data.gwsw.nl/1.4/totaal/Pompunit", "Begindatum": "1900-01-01", "Pompcapaciteit1": null, "Pompcapaciteit2": null, "OBJECTID": 1016, "stelseltype": "http://data.gwsw.nl/1.4/totaal/Drukriolering"}}, {"type": "Feature", "id": 1017, "geometry": {"type": "Point", "coordinates": [111669.9600000009, 455080.01999999955]}, "properties": {"Stelsel": "bg/bodegraven", "naam": "BG7186", "type": "http://data.gwsw.nl/1.4/totaal/Pompunit", "Begindatum": "1900-01-01", "Pompcapaciteit1": null, "Pompcapaciteit2": null, "OBJECTID": 1017, "stelseltype": "http://data.gwsw.nl/1.4/totaal/Drukriolering"}}, {"type": "Feature", "id": 1018, "geometry": {"type": "Point", "coordinates": [111637.76000000164, 455093.16000000015]}, "properties": {"Stelsel": "bg/bodegraven", "naam": "BG7187", "type": "http://data.gwsw.nl/1.4/totaal/Pompunit", "Begindatum": "1900-01-01", "Pompcapaciteit1": null, "Pompcapaciteit2": null, "OBJECTID": 1018, "stelseltype": "http://data.gwsw.nl/1.4/totaal/Drukriolering"}}, {"type": "Feature", "id": 1019, "geometry": {"type": "Point", "coordinates": [111594.91000000015, 455088.5700000003]}, "properties": {"Stelsel": "bg/bodegraven", "naam": "BG7188", "type": "http://data.gwsw.nl/1.4/totaal/Pompunit", "Begindatum": "1900-01-01", "Pompcapaciteit1": null, "Pompcapaciteit2": null, "OBJECTID": 1019, "stelseltype": "http://data.gwsw.nl/1.4/totaal/Drukriolering"}}, {"type": "Feature", "id": 1020, "geometry": {"type": "Point", "coordinates": [111577.05999999866, 455106.6400000006]}, "properties": {"Stelsel": "bg/bodegraven", "naam": "BG7189", "type": "http://data.gwsw.nl/1.4/totaal/Pompunit", "Begindatum": "1900-01-01", "Pompcapaciteit1": null, "Pompcapaciteit2": null, "OBJECTID": 1020, "stelseltype": "http://data.gwsw.nl/1.4/totaal/Drukriolering"}}, {"type": "Feature", "id": 1021, "geometry": {"type": "Point", "coordinates": [111654.96999999881, 455136.3299999982]}, "properties": {"Stelsel": "bg/bodegraven", "naam": "BG7190", "type": "http://data.gwsw.nl/1.4/totaal/Pompunit", "Begindatum": "1900-01-01", "Pompcapaciteit1": null, "Pompcapaciteit2": null, "OBJECTID": 1021, "stelseltype": "http://data.gwsw.nl/1.4/totaal/Drukriolering"}}, {"type": "Feature", "id": 1022, "geometry": {"type": "Point", "coordinates": [111572.94999999925, 455183.0799999982]}, "properties": {"Stelsel": "bg/bodegraven", "naam": "BG7191", "type": "http://data.gwsw.nl/1.4/totaal/Pompunit", "Begindatum": "1900-01-01", "Pompcapaciteit1": null, "Pompcapaciteit2": null, "OBJECTID": 1022, "stelseltype": "http://data.gwsw.nl/1.4/totaal/Drukriolering"}}, {"type": "Feature", "id": 1023, "geometry": {"type": "Point", "coordinates": [110543.87000000104, 453542.9600000009]}, "properties": {"Stelsel": "bg/bodegraven", "naam": "BG7192", "type": "http://data.gwsw.nl/1.4/totaal/Pompunit", "Begindatum": "1900-01-01", "Pompcapaciteit1": null, "Pompcapaciteit2": null, "OBJECTID": 1023, "stelseltype": "http://data.gwsw.nl/1.4/totaal/Drukriolering"}}, {"type": "Feature", "id": 1024, "geometry": {"type": "Point", "coordinates": [110484.62000000104, 453568.4299999997]}, "properties": {"Stelsel": "bg/bodegraven", "naam": "BG7193", "type": "http://data.gwsw.nl/1.4/totaal/Pompunit", "Begindatum": "1900-01-01", "Pompcapaciteit1": null, "Pompcapaciteit2": null, "OBJECTID": 1024, "stelseltype": "http://data.gwsw.nl/1.4/totaal/Drukriolering"}}, {"type": "Feature", "id": 1025, "geometry": {"type": "Point", "coordinates": [110416.62999999896, 453605.80000000075]}, "properties": {"Stelsel": "bg/bodegraven", "naam": "BG7194", "type": "http://data.gwsw.nl/1.4/totaal/Pompunit", "Begindatum": "1900-01-01", "Pompcapaciteit1": null, "Pompcapaciteit2": null, "OBJECTID": 1025, "stelseltype": "http://data.gwsw.nl/1.4/totaal/Drukriolering"}}, {"type": "Feature", "id": 1026, "geometry": {"type": "Point", "coordinates": [110385.0700000003, 453676.8999999985]}, "properties": {"Stelsel": "bg/bodegraven", "naam": "BG7195", "type": "http://data.gwsw.nl/1.4/totaal/Pompunit", "Begindatum": "1900-01-01", "Pompcapaciteit1": null, "Pompcapaciteit2": null, "OBJECTID": 1026, "stelseltype": "http://data.gwsw.nl/1.4/totaal/Drukriolering"}}, {"type": "Feature", "id": 1027, "geometry": {"type": "Point", "coordinates": [110282.03000000119, 453712.6000000015]}, "properties": {"Stelsel": "bg/bodegraven", "naam": "BG7196", "type": "http://data.gwsw.nl/1.4/totaal/Pompunit", "Begindatum": "1900-01-01", "Pompcapaciteit1": null, "Pompcapaciteit2": null, "OBJECTID": 1027, "stelseltype": "http://data.gwsw.nl/1.4/totaal/Drukriolering"}}, {"type": "Feature", "id": 1028, "geometry": {"type": "Point", "coordinates": [110305.32999999821, 453784.4600000009]}, "properties": {"Stelsel": "bg/bodegraven", "naam": "BG7197", "type": "http://data.gwsw.nl/1.4/totaal/Pompunit", "Begindatum": "1900-01-01", "Pompcapaciteit1": null, "Pompcapaciteit2": null, "OBJECTID": 1028, "stelseltype": "http://data.gwsw.nl/1.4/totaal/Drukriolering"}}, {"type": "Feature", "id": 1029, "geometry": {"type": "Point", "coordinates": [110262.82999999821, 453876.80000000075]}, "properties": {"Stelsel": "bg/bodegraven", "naam": "BG7198", "type": "http://data.gwsw.nl/1.4/totaal/Pompunit", "Begindatum": "1900-01-01", "Pompcapaciteit1": null, "Pompcapaciteit2": null, "OBJECTID": 1029, "stelseltype": "http://data.gwsw.nl/1.4/totaal/Drukriolering"}}, {"type": "Feature", "id": 1030, "geometry": {"type": "Point", "coordinates": [110249.23000000045, 453952.4299999997]}, "properties": {"Stelsel": "bg/bodegraven", "naam": "BG7199", "type": "http://data.gwsw.nl/1.4/totaal/Pompunit", "Begindatum": "1900-01-01", "Pompcapaciteit1": null, "Pompcapaciteit2": null, "OBJECTID": 1030, "stelseltype": "http://data.gwsw.nl/1.4/totaal/Drukriolering"}}, {"type": "Feature", "id": 1031, "geometry": {"type": "Point", "coordinates": [110164.69999999925, 453996.0399999991]}, "properties": {"Stelsel": "bg/bodegraven", "naam": "BG7200", "type": "http://data.gwsw.nl/1.4/totaal/Pompunit", "Begindatum": "1900-01-01", "Pompcapaciteit1": null, "Pompcapaciteit2": null, "OBJECTID": 1031, "stelseltype": "http://data.gwsw.nl/1.4/totaal/Drukriolering"}}, {"type": "Feature", "id": 1032, "geometry": {"type": "Point", "coordinates": [110187.5399999991, 454107.0700000003]}, "properties": {"Stelsel": "bg/bodegraven", "naam": "BG7201", "type": "http://data.gwsw.nl/1.4/totaal/Pompunit", "Begindatum": "1900-01-01", "Pompcapaciteit1": null, "Pompcapaciteit2": null, "OBJECTID": 1032, "stelseltype": "http://data.gwsw.nl/1.4/totaal/Drukriolering"}}, {"type": "Feature", "id": 1033, "geometry": {"type": "Point", "coordinates": [110190.28000000119, 454177.8500000015]}, "properties": {"Stelsel": "bg/bodegraven", "naam": "BG7202", "type": "http://data.gwsw.nl/1.4/totaal/Pompunit", "Begindatum": "1900-01-01", "Pompcapaciteit1": null, "Pompcapaciteit2": null, "OBJECTID": 1033, "stelseltype": "http://data.gwsw.nl/1.4/totaal/Drukriolering"}}, {"type": "Feature", "id": 1034, "geometry": {"type": "Point", "coordinates": [110204.78000000119, 454255.41000000015]}, "properties": {"Stelsel": "bg/bodegraven", "naam": "BG7203", "type": "http://data.gwsw.nl/1.4/totaal/Pompunit", "Begindatum": "1900-01-01", "Pompcapaciteit1": null, "Pompcapaciteit2": null, "OBJECTID": 1034, "stelseltype": "http://data.gwsw.nl/1.4/totaal/Drukriolering"}}, {"type": "Feature", "id": 1035, "geometry": {"type": "Point", "coordinates": [110248.5, 454222.66000000015]}, "properties": {"Stelsel": "bg/bodegraven", "naam": "BG7204", "type": "http://data.gwsw.nl/1.4/totaal/Pompunit", "Begindatum": "1900-01-01", "Pompcapaciteit1": null, "Pompcapaciteit2": null, "OBJECTID": 1035, "stelseltype": "http://data.gwsw.nl/1.4/totaal/Drukriolering"}}, {"type": "Feature", "id": 1036, "geometry": {"type": "Point", "coordinates": [110297.92000000179, 454285.19000000134]}, "properties": {"Stelsel": "bg/bodegraven", "naam": "BG7205", "type": "http://data.gwsw.nl/1.4/totaal/Pompunit", "Begindatum": "1900-01-01", "Pompcapaciteit1": null, "Pompcapaciteit2": null, "OBJECTID": 1036, "stelseltype": "http://data.gwsw.nl/1.4/totaal/Drukriolering"}}, {"type": "Feature", "id": 1037, "geometry": {"type": "Point", "coordinates": [110250.39999999851, 454336.6499999985]}, "properties": {"Stelsel": "bg/bodegraven", "naam": "BG7206", "type": "http://data.gwsw.nl/1.4/totaal/Pompunit", "Begindatum": "1900-01-01", "Pompcapaciteit1": null, "Pompcapaciteit2": null, "OBJECTID": 1037, "stelseltype": "http://data.gwsw.nl/1.4/totaal/Drukriolering"}}, {"type": "Feature", "id": 1038, "geometry": {"type": "Point", "coordinates": [110167.48000000045, 454424.8200000003]}, "properties": {"Stelsel": "bg/bodegraven", "naam": "BG7207", "type": "http://data.gwsw.nl/1.4/totaal/Pompunit", "Begindatum": "1900-01-01", "Pompcapaciteit1": null, "Pompcapaciteit2": null, "OBJECTID": 1038, "stelseltype": "http://data.gwsw.nl/1.4/totaal/Drukriolering"}}, {"type": "Feature", "id": 1039, "geometry": {"type": "Point", "coordinates": [110266.23000000045, 454496.16000000015]}, "properties": {"Stelsel": "bg/bodegraven", "naam": "BG7208", "type": "http://data.gwsw.nl/1.4/totaal/Pompunit", "Begindatum": "1900-01-01", "Pompcapaciteit1": null, "Pompcapaciteit2": null, "OBJECTID": 1039, "stelseltype": "http://data.gwsw.nl/1.4/totaal/Drukriolering"}}, {"type": "Feature", "id": 1040, "geometry": {"type": "Point", "coordinates": [110222.1799999997, 454510.48000000045]}, "properties": {"Stelsel": "bg/bodegraven", "naam": "BG7209", "type": "http://data.gwsw.nl/1.4/totaal/Pompunit", "Begindatum": "1900-01-01", "Pompcapaciteit1": null, "Pompcapaciteit2": null, "OBJECTID": 1040, "stelseltype": "http://data.gwsw.nl/1.4/totaal/Drukriolering"}}, {"type": "Feature", "id": 1041, "geometry": {"type": "Point", "coordinates": [110237.55000000075, 454548.3200000003]}, "properties": {"Stelsel": "bg/bodegraven", "naam": "BG7210", "type": "http://data.gwsw.nl/1.4/totaal/Pompunit", "Begindatum": "1900-01-01", "Pompcapaciteit1": null, "Pompcapaciteit2": null, "OBJECTID": 1041, "stelseltype": "http://data.gwsw.nl/1.4/totaal/Drukriolering"}}, {"type": "Feature", "id": 1042, "geometry": {"type": "Point", "coordinates": [110296.71999999881, 454543.8200000003]}, "properties": {"Stelsel": "bg/bodegraven", "naam": "BG7211", "type": "http://data.gwsw.nl/1.4/totaal/Pompunit", "Begindatum": "1900-01-01", "Pompcapaciteit1": null, "Pompcapaciteit2": null, "OBJECTID": 1042, "stelseltype": "http://data.gwsw.nl/1.4/totaal/Drukriolering"}}, {"type": "Feature", "id": 1043, "geometry": {"type": "Point", "coordinates": [110293.76000000164, 454607.48000000045]}, "properties": {"Stelsel": "bg/bodegraven", "naam": "BG7212", "type": "http://data.gwsw.nl/1.4/totaal/Pompunit", "Begindatum": "1900-01-01", "Pompcapaciteit1": null, "Pompcapaciteit2": null, "OBJECTID": 1043, "stelseltype": "http://data.gwsw.nl/1.4/totaal/Drukriolering"}}, {"type": "Feature", "id": 1044, "geometry": {"type": "Point", "coordinates": [110300.60000000149, 454649.51000000164]}, "properties": {"Stelsel": "bg/bodegraven", "naam": "BG7213", "type": "http://data.gwsw.nl/1.4/totaal/Pompunit", "Begindatum": "1900-01-01", "Pompcapaciteit1": null, "Pompcapaciteit2": null, "OBJECTID": 1044, "stelseltype": "http://data.gwsw.nl/1.4/totaal/Drukriolering"}}, {"type": "Feature", "id": 1045, "geometry": {"type": "Point", "coordinates": [110268.6799999997, 454641.98000000045]}, "properties": {"Stelsel": "bg/bodegraven", "naam": "BG7214", "type": "http://data.gwsw.nl/1.4/totaal/Pompunit", "Begindatum": "1900-01-01", "Pompcapaciteit1": null, "Pompcapaciteit2": null, "OBJECTID": 1045, "stelseltype": "http://data.gwsw.nl/1.4/totaal/Drukriolering"}}, {"type": "Feature", "id": 1046, "geometry": {"type": "Point", "coordinates": [110314.53000000119, 454766.6700000018]}, "properties": {"Stelsel": "bg/bodegraven", "naam": "BG7216", "type": "http://data.gwsw.nl/1.4/totaal/Pompunit", "Begindatum": "1900-01-01", "Pompcapaciteit1": null, "Pompcapaciteit2": null, "OBJECTID": 1046, "stelseltype": "http://data.gwsw.nl/1.4/totaal/Drukriolering"}}, {"type": "Feature", "id": 1047, "geometry": {"type": "Point", "coordinates": [110362.64999999851, 454796.12999999896]}, "properties": {"Stelsel": "bg/bodegraven", "naam": "BG7217", "type": "http://data.gwsw.nl/1.4/totaal/Pompunit", "Begindatum": "1900-01-01", "Pompcapaciteit1": null, "Pompcapaciteit2": null, "OBJECTID": 1047, "stelseltype": "http://data.gwsw.nl/1.4/totaal/Drukriolering"}}, {"type": "Feature", "id": 1048, "geometry": {"type": "Point", "coordinates": [110326.71599999815, 454836.5009999983]}, "properties": {"Stelsel": "bg/bodegraven", "naam": "BG7218", "type": "http://data.gwsw.nl/1.4/totaal/Pompunit", "Begindatum": "1900-01-01", "Pompcapaciteit1": null, "Pompcapaciteit2": null, "OBJECTID": 1048, "stelseltype": "http://data.gwsw.nl/1.4/totaal/Drukriolering"}}, {"type": "Feature", "id": 1049, "geometry": {"type": "Point", "coordinates": [110379.10799999908, 454889.1180000007]}, "properties": {"Stelsel": "bg/bodegraven", "naam": "BG7219", "type": "http://data.gwsw.nl/1.4/totaal/Pompunit", "Begindatum": "1900-01-01", "Pompcapaciteit1": null, "Pompcapaciteit2": null, "OBJECTID": 1049, "stelseltype": "http://data.gwsw.nl/1.4/totaal/Drukriolering"}}, {"type": "Feature", "id": 1050, "geometry": {"type": "Point", "coordinates": [110444.45600000024, 454872.09699999914]}, "properties": {"Stelsel": "bg/bodegraven", "naam": "BG7221", "type": "http://data.gwsw.nl/1.4/totaal/Pompunit", "Begindatum": "1900-01-01", "Pompcapaciteit1": null, "Pompcapaciteit2": null, "OBJECTID": 1050, "stelseltype": "http://data.gwsw.nl/1.4/totaal/Drukriolering"}}, {"type": "Feature", "id": 1051, "geometry": {"type": "Point", "coordinates": [112626.44999999925, 458504.37999999896]}, "properties": {"Stelsel": "bg/bodegraven", "naam": "BG7222", "type": "http://data.gwsw.nl/1.4/totaal/Pompunit", "Begindatum": "1900-01-01", "Pompcapaciteit1": null, "Pompcapaciteit2": null, "OBJECTID": 1051, "stelseltype": "http://data.gwsw.nl/1.4/totaal/Drukriolering"}}, {"type": "Feature", "id": 1052, "geometry": {"type": "Point", "coordinates": [113325.76000000164, 458815.8200000003]}, "properties": {"Stelsel": "bg/bodegraven", "naam": "BG7223", "type": "http://data.gwsw.nl/1.4/totaal/Pompunit", "Begindatum": "1900-01-01", "Pompcapaciteit1": null, "Pompcapaciteit2": null, "OBJECTID": 1052, "stelseltype": "http://data.gwsw.nl/1.4/totaal/Drukriolering"}}, {"type": "Feature", "id": 1053, "geometry": {"type": "Point", "coordinates": [113655.76999999955, 459307.44000000134]}, "properties": {"Stelsel": "bg/bodegraven", "naam": "BG7224", "type": "http://data.gwsw.nl/1.4/totaal/Pompunit", "Begindatum": "1900-01-01", "Pompcapaciteit1": null, "Pompcapaciteit2": null, "OBJECTID": 1053, "stelseltype": "http://data.gwsw.nl/1.4/totaal/Drukriolering"}}, {"type": "Feature", "id": 1054, "geometry": {"type": "Point", "coordinates": [114263.41000000015, 459549.12000000104]}, "properties": {"Stelsel": "bg/bodegraven", "naam": "BG7225", "type": "http://data.gwsw.nl/1.4/totaal/Pompunit", "Begindatum": "1900-01-01", "Pompcapaciteit1": null, "Pompcapaciteit2": null, "OBJECTID": 1054, "stelseltype": "http://data.gwsw.nl/1.4/totaal/Drukriolering"}}, {"type": "Feature", "id": 1055, "geometry": {"type": "Point", "coordinates": [112768.3599999994, 458396.91000000015]}, "properties": {"Stelsel": "bg/bodegraven", "naam": "BG7226", "type": "http://data.gwsw.nl/1.4/totaal/Pompunit", "Begindatum": "1900-01-01", "Pompcapaciteit1": null, "Pompcapaciteit2": null, "OBJECTID": 1055, "stelseltype": "http://data.gwsw.nl/1.4/totaal/Drukriolering"}}, {"type": "Feature", "id": 1056, "geometry": {"type": "Point", "coordinates": [110603.64999999851, 453502.66000000015]}, "properties": {"Stelsel": "bg/bodegraven", "naam": "BG7227", "type": "http://data.gwsw.nl/1.4/totaal/Pompunit", "Begindatum": "1900-01-01", "Pompcapaciteit1": null, "Pompcapaciteit2": null, "OBJECTID": 1056, "stelseltype": "http://data.gwsw.nl/1.4/totaal/Drukriolering"}}, {"type": "Feature", "id": 1057, "geometry": {"type": "Point", "coordinates": [110583.96999999881, 453402.0399999991]}, "properties": {"Stelsel": "bg/bodegraven", "naam": "BG7228", "type": "http://data.gwsw.nl/1.4/totaal/Pompunit", "Begindatum": "1900-01-01", "Pompcapaciteit1": null, "Pompcapaciteit2": null, "OBJECTID": 1057, "stelseltype": "http://data.gwsw.nl/1.4/totaal/Drukriolering"}}, {"type": "Feature", "id": 1058, "geometry": {"type": "Point", "coordinates": [110580.7100000009, 453460.55000000075]}, "properties": {"Stelsel": "bg/bodegraven", "naam": "BG7229", "type": "http://data.gwsw.nl/1.4/totaal/Pompunit", "Begindatum": "1900-01-01", "Pompcapaciteit1": null, "Pompcapaciteit2": null, "OBJECTID": 1058, "stelseltype": "http://data.gwsw.nl/1.4/totaal/Drukriolering"}}, {"type": "Feature", "id": 1059, "geometry": {"type": "Point", "coordinates": [111987.48999999836, 455444.51000000164]}, "properties": {"Stelsel": "bg/bodegraven", "naam": "BG7233", "type": "http://data.gwsw.nl/1.4/totaal/Pompunit", "Begindatum": "1900-01-01", "Pompcapaciteit1": null, "Pompcapaciteit2": null, "OBJECTID": 1059, "stelseltype": "http://data.gwsw.nl/1.4/totaal/Drukriolering"}}, {"type": "Feature", "id": 1060, "geometry": {"type": "Point", "coordinates": [111995.55999999866, 455167.3599999994]}, "properties": {"Stelsel": "bg/bodegraven", "naam": "BG7234", "type": "http://data.gwsw.nl/1.4/totaal/Pompunit", "Begindatum": "2013-01-01", "Pompcapaciteit1": null, "Pompcapaciteit2": null, "OBJECTID": 1060, "stelseltype": "http://data.gwsw.nl/1.4/totaal/Drukriolering"}}, {"type": "Feature", "id": 1061, "geometry": {"type": "Point", "coordinates": [115390.41899999976, 458536.8990000002]}, "properties": {"Stelsel": "woerden", "naam": "BG7244", "type": "http://data.gwsw.nl/1.4/totaal/Pompunit", "Begindatum": "1900-01-01", "Pompcapaciteit1": null, "Pompcapaciteit2": null, "OBJECTID": 1061, "stelseltype": "http://data.gwsw.nl/1.4/totaal/Drukriolering"}}, {"type": "Feature", "id": 1062, "geometry": {"type": "Point", "coordinates": [113187.66000000015, 455119.4200000018]}, "properties": {"Stelsel": "ni/nieuwerbrug", "naam": "BG7934", "type": "http://data.gwsw.nl/1.4/totaal/Pompunit", "Begindatum": "1900-01-01", "Pompcapaciteit1": null, "Pompcapaciteit2": null, "OBJECTID": 1062, "stelseltype": "http://data.gwsw.nl/1.4/totaal/Drukriolering"}}, {"type": "Feature", "id": 1063, "geometry": {"type": "Point", "coordinates": [113349.60000000149, 455130.66000000015]}, "properties": {"Stelsel": "ni/nieuwerbrug", "naam": "BG7944", "type": "http://data.gwsw.nl/1.4/totaal/Pompunit", "Begindatum": "1900-01-01", "Pompcapaciteit1": null, "Pompcapaciteit2": null, "OBJECTID": 1063, "stelseltype": "http://data.gwsw.nl/1.4/totaal/Drukriolering"}}, {"type": "Feature", "id": 1064, "geometry": {"type": "Point", "coordinates": [113670.41000000015, 455297.3900000006]}, "properties": {"Stelsel": "ni/nieuwerbrug", "naam": "BG7953", "type": "http://data.gwsw.nl/1.4/totaal/Pompunit", "Begindatum": "1900-01-01", "Pompcapaciteit1": null, "Pompcapaciteit2": null, "OBJECTID": 1064, "stelseltype": "http://data.gwsw.nl/1.4/totaal/Drukriolering"}}, {"type": "Feature", "id": 1065, "geometry": {"type": "Point", "coordinates": [113758.82999999821, 455320.8299999982]}, "properties": {"Stelsel": "ni/nieuwerbrug", "naam": "BG7956", "type": "http://data.gwsw.nl/1.4/totaal/Pompunit", "Begindatum": "1900-01-01", "Pompcapaciteit1": null, "Pompcapaciteit2": null, "OBJECTID": 1065, "stelseltype": "http://data.gwsw.nl/1.4/totaal/Drukriolering"}}, {"type": "Feature", "id": 1066, "geometry": {"type": "Point", "coordinates": [114040.83999999985, 455453.12000000104]}, "properties": {"Stelsel": "ni/nieuwerbrug", "naam": "BG7967", "type": "http://data.gwsw.nl/1.4/totaal/Pompunit", "Begindatum": "1900-01-01", "Pompcapaciteit1": null, "Pompcapaciteit2": null, "OBJECTID": 1066, "stelseltype": "http://data.gwsw.nl/1.4/totaal/Drukriolering"}}, {"type": "Feature", "id": 1067, "geometry": {"type": "Point", "coordinates": [114135.66000000015, 455473.7199999988]}, "properties": {"Stelsel": "ni/nieuwerbrug", "naam": "BG7969", "type": "http://data.gwsw.nl/1.4/totaal/Pompunit", "Begindatum": "1900-01-01", "Pompcapaciteit1": null, "Pompcapaciteit2": null, "OBJECTID": 1067, "stelseltype": "http://data.gwsw.nl/1.4/totaal/Drukriolering"}}, {"type": "Feature", "id": 1068, "geometry": {"type": "Point", "coordinates": [114451.2490000017, 450751.8359999992]}, "properties": {"Stelsel": "dr/driebruggen", "naam": "DR0015", "type": "http://data.gwsw.nl/1.4/totaal/Pompunit", "Begindatum": "2005-01-01", "Pompcapaciteit1": null, "Pompcapaciteit2": null, "OBJECTID": 1068, "stelseltype": "http://data.gwsw.nl/1.4/totaal/Vuilwaterstelsel"}}, {"type": "Feature", "id": 1069, "geometry": {"type": "Point", "coordinates": [114495.22899999842, 450462.43200000003]}, "properties": {"Stelsel": "dr/driebruggen", "naam": "DR0017", "type": "http://data.gwsw.nl/1.4/totaal/Pompunit", "Begindatum": "2010-01-01", "Pompcapaciteit1": null, "Pompcapaciteit2": null, "OBJECTID": 1069, "stelseltype": "http://data.gwsw.nl/1.4/totaal/Vuilwaterstelsel"}}, {"type": "Feature", "id": 1070, "geometry": {"type": "Point", "coordinates": [114609.26399999857, 450490.5769999996]}, "properties": {"Stelsel": "dr/driebruggen", "naam": "DR0026", "type": "http://data.gwsw.nl/1.4/totaal/Pompunit", "Begindatum": "2010-01-01", "Pompcapaciteit1": null, "Pompcapaciteit2": null, "OBJECTID": 1070, "stelseltype": "http://data.gwsw.nl/1.4/totaal/Vuilwaterstelsel"}}, {"type": "Feature", "id": 1071, "geometry": {"type": "Point", "coordinates": [114636.62999999896, 450709.8960000016]}, "properties": {"Stelsel": "dr/driebruggen", "naam": "DR0078C", "type": "http://data.gwsw.nl/1.4/totaal/Pompput", "Begindatum": "2008-01-01", "Pompcapaciteit1": null, "Pompcapaciteit2": null, "OBJECTID": 1071, "stelseltype": "http://data.gwsw.nl/1.4/totaal/GemengdStelsel"}}, {"type": "Feature", "id": 1072, "geometry": {"type": "Point", "coordinates": [114524.84899999946, 450876.5489999987]}, "properties": {"Stelsel": "dr/driebruggen", "naam": "DR0156", "type": "http://data.gwsw.nl/1.4/totaal/Pompput", "Begindatum": "1900-01-01", "Pompcapaciteit1": 0, "Pompcapaciteit2": 0, "OBJECTID": 1072, "stelseltype": "http://data.gwsw.nl/1.4/totaal/GemengdStelsel"}}, {"type": "Feature", "id": 1073, "geometry": {"type": "Point", "coordinates": [114271.87000000104, 452090.4200000018]}, "properties": {"Stelsel": "dr/driebruggen", "naam": "DR7161", "type": "http://data.gwsw.nl/1.4/totaal/Pompunit", "Begindatum": "1993-01-01", "Pompcapaciteit1": null, "Pompcapaciteit2": null, "OBJECTID": 1073, "stelseltype": "http://data.gwsw.nl/1.4/totaal/Drukriolering"}}, {"type": "Feature", "id": 1074, "geometry": {"type": "Point", "coordinates": [114319.51999999955, 452149]}, "properties": {"Stelsel": "dr/driebruggen", "naam": "DR7163", "type": "http://data.gwsw.nl/1.4/totaal/Pompunit", "Begindatum": "1993-01-01", "Pompcapaciteit1": null, "Pompcapaciteit2": null, "OBJECTID": 1074, "stelseltype": "http://data.gwsw.nl/1.4/totaal/Drukriolering"}}, {"type": "Feature", "id": 1075, "geometry": {"type": "Point", "coordinates": [114271.51000000164, 452272.23000000045]}, "properties": {"Stelsel": "dr/driebruggen", "naam": "DR7165", "type": "http://data.gwsw.nl/1.4/totaal/Pompunit", "Begindatum": "1993-01-01", "Pompcapaciteit1": null, "Pompcapaciteit2": null, "OBJECTID": 1075, "stelseltype": "http://data.gwsw.nl/1.4/totaal/Drukriolering"}}, {"type": "Feature", "id": 1076, "geometry": {"type": "Point", "coordinates": [114238.32999999821, 452392.48000000045]}, "properties": {"Stelsel": "dr/driebruggen", "naam": "DR7167", "type": "http://data.gwsw.nl/1.4/totaal/Pompunit", "Begindatum": "1993-01-01", "Pompcapaciteit1": null, "Pompcapaciteit2": null, "OBJECTID": 1076, "stelseltype": "http://data.gwsw.nl/1.4/totaal/Drukriolering"}}, {"type": "Feature", "id": 1077, "geometry": {"type": "Point", "coordinates": [114259.60000000149, 452417.9600000009]}, "properties": {"Stelsel": "dr/driebruggen", "naam": "DR7169", "type": "http://data.gwsw.nl/1.4/totaal/Pompunit", "Begindatum": "1993-01-01", "Pompcapaciteit1": null, "Pompcapaciteit2": null, "OBJECTID": 1077, "stelseltype": "http://data.gwsw.nl/1.4/totaal/Drukriolering"}}, {"type": "Feature", "id": 1078, "geometry": {"type": "Point", "coordinates": [114257.30000000075, 452483.73999999836]}, "properties": {"Stelsel": "dr/driebruggen", "naam": "DR7171", "type": "http://data.gwsw.nl/1.4/totaal/Pompunit", "Begindatum": "1993-01-01", "Pompcapaciteit1": null, "Pompcapaciteit2": null, "OBJECTID": 1078, "stelseltype": "http://data.gwsw.nl/1.4/totaal/Drukriolering"}}, {"type": "Feature", "id": 1079, "geometry": {"type": "Point", "coordinates": [114289.46999999881, 452509.94999999925]}, "properties": {"Stelsel": "dr/driebruggen", "naam": "DR7173", "type": "http://data.gwsw.nl/1.4/totaal/Pompunit", "Begindatum": "1993-01-01", "Pompcapaciteit1": null, "Pompcapaciteit2": null, "OBJECTID": 1079, "stelseltype": "http://data.gwsw.nl/1.4/totaal/Drukriolering"}}, {"type": "Feature", "id": 1080, "geometry": {"type": "Point", "coordinates": [114246.1099999994, 452535.5799999982]}, "properties": {"Stelsel": "dr/driebruggen", "naam": "DR7175", "type": "http://data.gwsw.nl/1.4/totaal/Pompunit", "Begindatum": "1993-01-01", "Pompcapaciteit1": null, "Pompcapaciteit2": null, "OBJECTID": 1080, "stelseltype": "http://data.gwsw.nl/1.4/totaal/Drukriolering"}}, {"type": "Feature", "id": 1081, "geometry": {"type": "Point", "coordinates": [114256.19999999925, 452578.25]}, "properties": {"Stelsel": "dr/driebruggen", "naam": "DR7177", "type": "http://data.gwsw.nl/1.4/totaal/Pompunit", "Begindatum": "1993-01-01", "Pompcapaciteit1": null, "Pompcapaciteit2": null, "OBJECTID": 1081, "stelseltype": "http://data.gwsw.nl/1.4/totaal/Drukriolering"}}, {"type": "Feature", "id": 1082, "geometry": {"type": "Point", "coordinates": [114272.94000000134, 452679.4200000018]}, "properties": {"Stelsel": "dr/driebruggen", "naam": "DR7179", "type": "http://data.gwsw.nl/1.4/totaal/Pompunit", "Begindatum": "1993-01-01", "Pompcapaciteit1": null, "Pompcapaciteit2": null, "OBJECTID": 1082, "stelseltype": "http://data.gwsw.nl/1.4/totaal/Drukriolering"}}, {"type": "Feature", "id": 1083, "geometry": {"type": "Point", "coordinates": [114219.80999999866, 452722.1499999985]}, "properties": {"Stelsel": "dr/driebruggen", "naam": "DR7181", "type": "http://data.gwsw.nl/1.4/totaal/Pompunit", "Begindatum": "1993-01-01", "Pompcapaciteit1": null, "Pompcapaciteit2": null, "OBJECTID": 1083, "stelseltype": "http://data.gwsw.nl/1.4/totaal/Drukriolering"}}, {"type": "Feature", "id": 1084, "geometry": {"type": "Point", "coordinates": [114266.5700000003, 452751.1000000015]}, "properties": {"Stelsel": "dr/driebruggen", "naam": "DR7183", "type": "http://data.gwsw.nl/1.4/totaal/Pompunit", "Begindatum": "1993-01-01", "Pompcapaciteit1": null, "Pompcapaciteit2": null, "OBJECTID": 1084, "stelseltype": "http://data.gwsw.nl/1.4/totaal/Drukriolering"}}, {"type": "Feature", "id": 1085, "geometry": {"type": "Point", "coordinates": [114258.8599999994, 452776.9600000009]}, "properties": {"Stelsel": "dr/driebruggen", "naam": "DR7185", "type": "http://data.gwsw.nl/1.4/totaal/Pompunit", "Begindatum": "1993-01-01", "Pompcapaciteit1": null, "Pompcapaciteit2": null, "OBJECTID": 1085, "stelseltype": "http://data.gwsw.nl/1.4/totaal/Drukriolering"}}, {"type": "Feature", "id": 1086, "geometry": {"type": "Point", "coordinates": [114230, 452784.19999999925]}, "properties": {"Stelsel": "dr/driebruggen", "naam": "DR7186", "type": "http://data.gwsw.nl/1.4/totaal/Pompunit", "Begindatum": "1993-01-01", "Pompcapaciteit1": null, "Pompcapaciteit2": null, "OBJECTID": 1086, "stelseltype": "http://data.gwsw.nl/1.4/totaal/Drukriolering"}}, {"type": "Feature", "id": 1087, "geometry": {"type": "Point", "coordinates": [114221.98000000045, 452847.1700000018]}, "properties": {"Stelsel": "dr/driebruggen", "naam": "DR7188", "type": "http://data.gwsw.nl/1.4/totaal/Pompunit", "Begindatum": "1993-01-01", "Pompcapaciteit1": null, "Pompcapaciteit2": null, "OBJECTID": 1087, "stelseltype": "http://data.gwsw.nl/1.4/totaal/Drukriolering"}}, {"type": "Feature", "id": 1088, "geometry": {"type": "Point", "coordinates": [114210.5399999991, 452873.44000000134]}, "properties": {"Stelsel": "dr/driebruggen", "naam": "DR7190", "type": "http://data.gwsw.nl/1.4/totaal/Pompunit", "Begindatum": "1993-01-01", "Pompcapaciteit1": null, "Pompcapaciteit2": null, "OBJECTID": 1088, "stelseltype": "http://data.gwsw.nl/1.4/totaal/Drukriolering"}}, {"type": "Feature", "id": 1089, "geometry": {"type": "Point", "coordinates": [114223.3200000003, 452898.01999999955]}, "properties": {"Stelsel": "dr/driebruggen", "naam": "DR7192", "type": "http://data.gwsw.nl/1.4/totaal/Pompunit", "Begindatum": "1993-01-01", "Pompcapaciteit1": null, "Pompcapaciteit2": null, "OBJECTID": 1089, "stelseltype": "http://data.gwsw.nl/1.4/totaal/Drukriolering"}}, {"type": "Feature", "id": 1090, "geometry": {"type": "Point", "coordinates": [114189.41000000015, 453033.37000000104]}, "properties": {"Stelsel": "dr/driebruggen", "naam": "DR7194", "type": "http://data.gwsw.nl/1.4/totaal/Pompunit", "Begindatum": "1993-01-01", "Pompcapaciteit1": null, "Pompcapaciteit2": null, "OBJECTID": 1090, "stelseltype": "http://data.gwsw.nl/1.4/totaal/Drukriolering"}}, {"type": "Feature", "id": 1091, "geometry": {"type": "Point", "coordinates": [114358.91000000015, 451020.0399999991]}, "properties": {"Stelsel": "dr/driebruggen", "naam": "DR7198", "type": "http://data.gwsw.nl/1.4/totaal/Pompunit", "Begindatum": "2004-01-01", "Pompcapaciteit1": null, "Pompcapaciteit2": null, "OBJECTID": 1091, "stelseltype": "http://data.gwsw.nl/1.4/totaal/Drukriolering"}}, {"type": "Feature", "id": 1092, "geometry": {"type": "Point", "coordinates": [114918.6099999994, 450873.1499999985]}, "properties": {"Stelsel": "dr/driebruggen", "naam": "DR7202", "type": "http://data.gwsw.nl/1.4/totaal/Pompunit", "Begindatum": "2002-01-01", "Pompcapaciteit1": null, "Pompcapaciteit2": null, "OBJECTID": 1092, "stelseltype": "http://data.gwsw.nl/1.4/totaal/Drukriolering"}}, {"type": "Feature", "id": 1093, "geometry": {"type": "Point", "coordinates": [114948.46999999881, 450867.51000000164]}, "properties": {"Stelsel": "dr/driebruggen", "naam": "DR7203", "type": "http://data.gwsw.nl/1.4/totaal/Pompunit", "Begindatum": "2002-01-01", "Pompcapaciteit1": null, "Pompcapaciteit2": null, "OBJECTID": 1093, "stelseltype": "http://data.gwsw.nl/1.4/totaal/Drukriolering"}}, {"type": "Feature", "id": 1094, "geometry": {"type": "Point", "coordinates": [115475.7899999991, 451681.76999999955]}, "properties": {"Stelsel": "dr/driebruggen", "naam": "DR7205", "type": "http://data.gwsw.nl/1.4/totaal/Pompunit", "Begindatum": "2002-01-01", "Pompcapaciteit1": null, "Pompcapaciteit2": null, "OBJECTID": 1094, "stelseltype": "http://data.gwsw.nl/1.4/totaal/Drukriolering"}}, {"type": "Feature", "id": 1095, "geometry": {"type": "Point", "coordinates": [115496.85000000149, 451658.2899999991]}, "properties": {"Stelsel": "dr/driebruggen", "naam": "DR7207", "type": "http://data.gwsw.nl/1.4/totaal/Pompunit", "Begindatum": "2002-01-01", "Pompcapaciteit1": null, "Pompcapaciteit2": null, "OBJECTID": 1095, "stelseltype": "http://data.gwsw.nl/1.4/totaal/Drukriolering"}}, {"type": "Feature", "id": 1096, "geometry": {"type": "Point", "coordinates": [115470.96999999881, 451642.9699999988]}, "properties": {"Stelsel": "dr/driebruggen", "naam": "DR7209", "type": "http://data.gwsw.nl/1.4/totaal/Pompunit", "Begindatum": "2002-01-01", "Pompcapaciteit1": null, "Pompcapaciteit2": null, "OBJECTID": 1096, "stelseltype": "http://data.gwsw.nl/1.4/totaal/Drukriolering"}}, {"type": "Feature", "id": 1097, "geometry": {"type": "Point", "coordinates": [115469.51999999955, 451610.3500000015]}, "properties": {"Stelsel": "dr/driebruggen", "naam": "DR7211", "type": "http://data.gwsw.nl/1.4/totaal/Pompunit", "Begindatum": "2002-01-01", "Pompcapaciteit1": null, "Pompcapaciteit2": null, "OBJECTID": 1097, "stelseltype": "http://data.gwsw.nl/1.4/totaal/Drukriolering"}}, {"type": "Feature", "id": 1098, "geometry": {"type": "Point", "coordinates": [115470.25, 451594.05999999866]}, "properties": {"Stelsel": "dr/driebruggen", "naam": "DR7213", "type": "http://data.gwsw.nl/1.4/totaal/Pompunit", "Begindatum": "2002-01-01", "Pompcapaciteit1": null, "Pompcapaciteit2": null, "OBJECTID": 1098, "stelseltype": "http://data.gwsw.nl/1.4/totaal/Drukriolering"}}, {"type": "Feature", "id": 1099, "geometry": {"type": "Point", "coordinates": [115452.8599999994, 451569.4699999988]}, "properties": {"Stelsel": "dr/driebruggen", "naam": "DR7215", "type": "http://data.gwsw.nl/1.4/totaal/Pompunit", "Begindatum": "2002-01-01", "Pompcapaciteit1": null, "Pompcapaciteit2": null, "OBJECTID": 1099, "stelseltype": "http://data.gwsw.nl/1.4/totaal/Drukriolering"}}, {"type": "Feature", "id": 1100, "geometry": {"type": "Point", "coordinates": [115398.6400000006, 451493.9299999997]}, "properties": {"Stelsel": "dr/driebruggen", "naam": "DR7217", "type": "http://data.gwsw.nl/1.4/totaal/Pompunit", "Begindatum": "2002-01-01", "Pompcapaciteit1": null, "Pompcapaciteit2": null, "OBJECTID": 1100, "stelseltype": "http://data.gwsw.nl/1.4/totaal/Drukriolering"}}, {"type": "Feature", "id": 1101, "geometry": {"type": "Point", "coordinates": [115371.94999999925, 451477.6400000006]}, "properties": {"Stelsel": "dr/driebruggen", "naam": "DR7219", "type": "http://data.gwsw.nl/1.4/totaal/Pompunit", "Begindatum": "2002-01-01", "Pompcapaciteit1": null, "Pompcapaciteit2": null, "OBJECTID": 1101, "stelseltype": "http://data.gwsw.nl/1.4/totaal/Drukriolering"}}, {"type": "Feature", "id": 1102, "geometry": {"type": "Point", "coordinates": [115301.10000000149, 451295.23000000045]}, "properties": {"Stelsel": "dr/driebruggen", "naam": "DR7221", "type": "http://data.gwsw.nl/1.4/totaal/Pompunit", "Begindatum": "2002-01-01", "Pompcapaciteit1": null, "Pompcapaciteit2": null, "OBJECTID": 1102, "stelseltype": "http://data.gwsw.nl/1.4/totaal/Drukriolering"}}, {"type": "Feature", "id": 1103, "geometry": {"type": "Point", "coordinates": [115258.01000000164, 451284.3500000015]}, "properties": {"Stelsel": "dr/driebruggen", "naam": "DR7223", "type": "http://data.gwsw.nl/1.4/totaal/Pompunit", "Begindatum": "2002-01-01", "Pompcapaciteit1": null, "Pompcapaciteit2": null, "OBJECTID": 1103, "stelseltype": "http://data.gwsw.nl/1.4/totaal/Drukriolering"}}, {"type": "Feature", "id": 1104, "geometry": {"type": "Point", "coordinates": [115274.80999999866, 451251.5700000003]}, "properties": {"Stelsel": "dr/driebruggen", "naam": "DR7225", "type": "http://data.gwsw.nl/1.4/totaal/Pompunit", "Begindatum": "2002-01-01", "Pompcapaciteit1": null, "Pompcapaciteit2": null, "OBJECTID": 1104, "stelseltype": "http://data.gwsw.nl/1.4/totaal/Drukriolering"}}, {"type": "Feature", "id": 1105, "geometry": {"type": "Point", "coordinates": [115235.55000000075, 451233.30999999866]}, "properties": {"Stelsel": "dr/driebruggen", "naam": "DR7227", "type": "http://data.gwsw.nl/1.4/totaal/Pompunit", "Begindatum": "2002-01-01", "Pompcapaciteit1": null, "Pompcapaciteit2": null, "OBJECTID": 1105, "stelseltype": "http://data.gwsw.nl/1.4/totaal/Drukriolering"}}, {"type": "Feature", "id": 1106, "geometry": {"type": "Point", "coordinates": [115203.57999999821, 451138.5700000003]}, "properties": {"Stelsel": "dr/driebruggen", "naam": "DR7229", "type": "http://data.gwsw.nl/1.4/totaal/Pompunit", "Begindatum": "2002-01-01", "Pompcapaciteit1": null, "Pompcapaciteit2": null, "OBJECTID": 1106, "stelseltype": "http://data.gwsw.nl/1.4/totaal/Drukriolering"}}, {"type": "Feature", "id": 1107, "geometry": {"type": "Point", "coordinates": [115337.4299999997, 451271.1400000006]}, "properties": {"Stelsel": "dr/driebruggen", "naam": "DR7232", "type": "http://data.gwsw.nl/1.4/totaal/Pompunit", "Begindatum": "2002-01-01", "Pompcapaciteit1": null, "Pompcapaciteit2": null, "OBJECTID": 1107, "stelseltype": "http://data.gwsw.nl/1.4/totaal/Drukriolering"}}, {"type": "Feature", "id": 1108, "geometry": {"type": "Point", "coordinates": [115398.23999999836, 451281.05000000075]}, "properties": {"Stelsel": "dr/driebruggen", "naam": "DR7234", "type": "http://data.gwsw.nl/1.4/totaal/Pompunit", "Begindatum": "2002-01-01", "Pompcapaciteit1": null, "Pompcapaciteit2": null, "OBJECTID": 1108, "stelseltype": "http://data.gwsw.nl/1.4/totaal/Drukriolering"}}, {"type": "Feature", "id": 1109, "geometry": {"type": "Point", "coordinates": [115423.3900000006, 451283.87999999896]}, "properties": {"Stelsel": "dr/driebruggen", "naam": "DR7236", "type": "http://data.gwsw.nl/1.4/totaal/Pompunit", "Begindatum": "2002-01-01", "Pompcapaciteit1": null, "Pompcapaciteit2": null, "OBJECTID": 1109, "stelseltype": "http://data.gwsw.nl/1.4/totaal/Drukriolering"}}, {"type": "Feature", "id": 1110, "geometry": {"type": "Point", "coordinates": [115423.01000000164, 451339.8900000006]}, "properties": {"Stelsel": "dr/driebruggen", "naam": "DR7238", "type": "http://data.gwsw.nl/1.4/totaal/Pompunit", "Begindatum": "2002-01-01", "Pompcapaciteit1": null, "Pompcapaciteit2": null, "OBJECTID": 1110, "stelseltype": "http://data.gwsw.nl/1.4/totaal/Drukriolering"}}, {"type": "Feature", "id": 1111, "geometry": {"type": "Point", "coordinates": [115403.6400000006, 451435.1799999997]}, "properties": {"Stelsel": "dr/driebruggen", "naam": "DR7240", "type": "http://data.gwsw.nl/1.4/totaal/Pompunit", "Begindatum": "2002-01-01", "Pompcapaciteit1": null, "Pompcapaciteit2": null, "OBJECTID": 1111, "stelseltype": "http://data.gwsw.nl/1.4/totaal/Drukriolering"}}, {"type": "Feature", "id": 1112, "geometry": {"type": "Point", "coordinates": [115456.87999999896, 451477.87000000104]}, "properties": {"Stelsel": "dr/driebruggen", "naam": "DR7242", "type": "http://data.gwsw.nl/1.4/totaal/Pompunit", "Begindatum": "2002-01-01", "Pompcapaciteit1": null, "Pompcapaciteit2": null, "OBJECTID": 1112, "stelseltype": "http://data.gwsw.nl/1.4/totaal/Drukriolering"}}, {"type": "Feature", "id": 1113, "geometry": {"type": "Point", "coordinates": [115296.7100000009, 451008.2899999991]}, "properties": {"Stelsel": "dr/driebruggen", "naam": "DR7244", "type": "http://data.gwsw.nl/1.4/totaal/Pompunit", "Begindatum": "2002-01-01", "Pompcapaciteit1": null, "Pompcapaciteit2": null, "OBJECTID": 1113, "stelseltype": "http://data.gwsw.nl/1.4/totaal/Drukriolering"}}, {"type": "Feature", "id": 1114, "geometry": {"type": "Point", "coordinates": [115280.55000000075, 450981.7899999991]}, "properties": {"Stelsel": "dr/driebruggen", "naam": "DR7246", "type": "http://data.gwsw.nl/1.4/totaal/Pompunit", "Begindatum": "2002-01-01", "Pompcapaciteit1": null, "Pompcapaciteit2": null, "OBJECTID": 1114, "stelseltype": "http://data.gwsw.nl/1.4/totaal/Drukriolering"}}, {"type": "Feature", "id": 1115, "geometry": {"type": "Point", "coordinates": [115233.3200000003, 450978.5700000003]}, "properties": {"Stelsel": "dr/driebruggen", "naam": "DR7248", "type": "http://data.gwsw.nl/1.4/totaal/Pompunit", "Begindatum": "2002-01-01", "Pompcapaciteit1": null, "Pompcapaciteit2": null, "OBJECTID": 1115, "stelseltype": "http://data.gwsw.nl/1.4/totaal/Drukriolering"}}, {"type": "Feature", "id": 1116, "geometry": {"type": "Point", "coordinates": [115216.55999999866, 450956.0799999982]}, "properties": {"Stelsel": "dr/driebruggen", "naam": "DR7250", "type": "http://data.gwsw.nl/1.4/totaal/Pompunit", "Begindatum": "2002-01-01", "Pompcapaciteit1": null, "Pompcapaciteit2": null, "OBJECTID": 1116, "stelseltype": "http://data.gwsw.nl/1.4/totaal/Drukriolering"}}, {"type": "Feature", "id": 1117, "geometry": {"type": "Point", "coordinates": [115170.4600000009, 450931.51999999955]}, "properties": {"Stelsel": "dr/driebruggen", "naam": "DR7252", "type": "http://data.gwsw.nl/1.4/totaal/Pompunit", "Begindatum": "2002-01-01", "Pompcapaciteit1": null, "Pompcapaciteit2": null, "OBJECTID": 1117, "stelseltype": "http://data.gwsw.nl/1.4/totaal/Drukriolering"}}, {"type": "Feature", "id": 1118, "geometry": {"type": "Point", "coordinates": [115149.19000000134, 450925.87999999896]}, "properties": {"Stelsel": "dr/driebruggen", "naam": "DR7254", "type": "http://data.gwsw.nl/1.4/totaal/Pompunit", "Begindatum": "2002-01-01", "Pompcapaciteit1": null, "Pompcapaciteit2": null, "OBJECTID": 1118, "stelseltype": "http://data.gwsw.nl/1.4/totaal/Drukriolering"}}, {"type": "Feature", "id": 1119, "geometry": {"type": "Point", "coordinates": [115141.33999999985, 450875.2100000009]}, "properties": {"Stelsel": "dr/driebruggen", "naam": "DR7256", "type": "http://data.gwsw.nl/1.4/totaal/Pompunit", "Begindatum": "2002-01-01", "Pompcapaciteit1": null, "Pompcapaciteit2": null, "OBJECTID": 1119, "stelseltype": "http://data.gwsw.nl/1.4/totaal/Drukriolering"}}, {"type": "Feature", "id": 1120, "geometry": {"type": "Point", "coordinates": [115055.5700000003, 450853.8500000015]}, "properties": {"Stelsel": "dr/driebruggen", "naam": "DR7258", "type": "http://data.gwsw.nl/1.4/totaal/Pompunit", "Begindatum": "2002-01-01", "Pompcapaciteit1": null, "Pompcapaciteit2": null, "OBJECTID": 1120, "stelseltype": "http://data.gwsw.nl/1.4/totaal/Drukriolering"}}, {"type": "Feature", "id": 1121, "geometry": {"type": "Point", "coordinates": [115019.19999999925, 450855.8599999994]}, "properties": {"Stelsel": "dr/driebruggen", "naam": "DR7260", "type": "http://data.gwsw.nl/1.4/totaal/Pompunit", "Begindatum": "2002-01-01", "Pompcapaciteit1": null, "Pompcapaciteit2": null, "OBJECTID": 1121, "stelseltype": "http://data.gwsw.nl/1.4/totaal/Drukriolering"}}, {"type": "Feature", "id": 1122, "geometry": {"type": "Point", "coordinates": [115511.6799999997, 451675.41000000015]}, "properties": {"Stelsel": "dr/driebruggen", "naam": "DR7262", "type": "http://data.gwsw.nl/1.4/totaal/Pompunit", "Begindatum": "2002-01-01", "Pompcapaciteit1": null, "Pompcapaciteit2": null, "OBJECTID": 1122, "stelseltype": "http://data.gwsw.nl/1.4/totaal/Drukriolering"}}, {"type": "Feature", "id": 1123, "geometry": {"type": "Point", "coordinates": [115504.9600000009, 451703.66000000015]}, "properties": {"Stelsel": "dr/driebruggen", "naam": "DR7264", "type": "http://data.gwsw.nl/1.4/totaal/Pompunit", "Begindatum": "2002-01-01", "Pompcapaciteit1": null, "Pompcapaciteit2": null, "OBJECTID": 1123, "stelseltype": "http://data.gwsw.nl/1.4/totaal/Drukriolering"}}, {"type": "Feature", "id": 1124, "geometry": {"type": "Point", "coordinates": [115523.57999999821, 451724.4600000009]}, "properties": {"Stelsel": "dr/driebruggen", "naam": "DR7266", "type": "http://data.gwsw.nl/1.4/totaal/Pompunit", "Begindatum": "2002-01-01", "Pompcapaciteit1": null, "Pompcapaciteit2": null, "OBJECTID": 1124, "stelseltype": "http://data.gwsw.nl/1.4/totaal/Drukriolering"}}, {"type": "Feature", "id": 1125, "geometry": {"type": "Point", "coordinates": [115483.2100000009, 451720.26000000164]}, "properties": {"Stelsel": "dr/driebruggen", "naam": "DR7268", "type": "http://data.gwsw.nl/1.4/totaal/Pompunit", "Begindatum": "2002-01-01", "Pompcapaciteit1": null, "Pompcapaciteit2": null, "OBJECTID": 1125, "stelseltype": "http://data.gwsw.nl/1.4/totaal/Drukriolering"}}, {"type": "Feature", "id": 1126, "geometry": {"type": "Point", "coordinates": [115513.3200000003, 451792.0700000003]}, "properties": {"Stelsel": "dr/driebruggen", "naam": "DR7270", "type": "http://data.gwsw.nl/1.4/totaal/Pompunit", "Begindatum": "2002-01-01", "Pompcapaciteit1": null, "Pompcapaciteit2": null, "OBJECTID": 1126, "stelseltype": "http://data.gwsw.nl/1.4/totaal/Drukriolering"}}, {"type": "Feature", "id": 1127, "geometry": {"type": "Point", "coordinates": [115514.8900000006, 451820.37999999896]}, "properties": {"Stelsel": "dr/driebruggen", "naam": "DR7272", "type": "http://data.gwsw.nl/1.4/totaal/Pompunit", "Begindatum": "2002-01-01", "Pompcapaciteit1": null, "Pompcapaciteit2": null, "OBJECTID": 1127, "stelseltype": "http://data.gwsw.nl/1.4/totaal/Drukriolering"}}, {"type": "Feature", "id": 1128, "geometry": {"type": "Point", "coordinates": [115486.5700000003, 451828.76000000164]}, "properties": {"Stelsel": "dr/driebruggen", "naam": "DR7274", "type": "http://data.gwsw.nl/1.4/totaal/Pompunit", "Begindatum": "2002-01-01", "Pompcapaciteit1": null, "Pompcapaciteit2": null, "OBJECTID": 1128, "stelseltype": "http://data.gwsw.nl/1.4/totaal/Drukriolering"}}, {"type": "Feature", "id": 1129, "geometry": {"type": "Point", "coordinates": [115520.62999999896, 451862.76000000164]}, "properties": {"Stelsel": "dr/driebruggen", "naam": "DR7276", "type": "http://data.gwsw.nl/1.4/totaal/Pompunit", "Begindatum": "2002-01-01", "Pompcapaciteit1": null, "Pompcapaciteit2": null, "OBJECTID": 1129, "stelseltype": "http://data.gwsw.nl/1.4/totaal/Drukriolering"}}, {"type": "Feature", "id": 1130, "geometry": {"type": "Point", "coordinates": [115506.01000000164, 451903.94000000134]}, "properties": {"Stelsel": "dr/driebruggen", "naam": "DR7278", "type": "http://data.gwsw.nl/1.4/totaal/Pompunit", "Begindatum": "2002-01-01", "Pompcapaciteit1": null, "Pompcapaciteit2": null, "OBJECTID": 1130, "stelseltype": "http://data.gwsw.nl/1.4/totaal/Drukriolering"}}, {"type": "Feature", "id": 1131, "geometry": {"type": "Point", "coordinates": [115656.3900000006, 451966.3200000003]}, "properties": {"Stelsel": "dr/driebruggen", "naam": "DR7280", "type": "http://data.gwsw.nl/1.4/totaal/Pompunit", "Begindatum": "2002-01-01", "Pompcapaciteit1": null, "Pompcapaciteit2": null, "OBJECTID": 1131, "stelseltype": "http://data.gwsw.nl/1.4/totaal/Drukriolering"}}, {"type": "Feature", "id": 1132, "geometry": {"type": "Point", "coordinates": [115529.42000000179, 452084.58999999985]}, "properties": {"Stelsel": "dr/driebruggen", "naam": "DR7282", "type": "http://data.gwsw.nl/1.4/totaal/Pompunit", "Begindatum": "2002-01-01", "Pompcapaciteit1": null, "Pompcapaciteit2": null, "OBJECTID": 1132, "stelseltype": "http://data.gwsw.nl/1.4/totaal/Drukriolering"}}, {"type": "Feature", "id": 1133, "geometry": {"type": "Point", "coordinates": [115580.44999999925, 452226.4600000009]}, "properties": {"Stelsel": "dr/driebruggen", "naam": "DR7284", "type": "http://data.gwsw.nl/1.4/totaal/Pompunit", "Begindatum": "2002-01-01", "Pompcapaciteit1": null, "Pompcapaciteit2": null, "OBJECTID": 1133, "stelseltype": "http://data.gwsw.nl/1.4/totaal/Drukriolering"}}, {"type": "Feature", "id": 1134, "geometry": {"type": "Point", "coordinates": [115637.5399999991, 452291.3299999982]}, "properties": {"Stelsel": "dr/driebruggen", "naam": "DR7286", "type": "http://data.gwsw.nl/1.4/totaal/Pompunit", "Begindatum": "2002-01-01", "Pompcapaciteit1": null, "Pompcapaciteit2": null, "OBJECTID": 1134, "stelseltype": "http://data.gwsw.nl/1.4/totaal/Drukriolering"}}, {"type": "Feature", "id": 1135, "geometry": {"type": "Point", "coordinates": [115736.57999999821, 452393.4299999997]}, "properties": {"Stelsel": "dr/driebruggen", "naam": "DR7288", "type": "http://data.gwsw.nl/1.4/totaal/Pompunit", "Begindatum": "2002-01-01", "Pompcapaciteit1": null, "Pompcapaciteit2": null, "OBJECTID": 1135, "stelseltype": "http://data.gwsw.nl/1.4/totaal/Drukriolering"}}, {"type": "Feature", "id": 1136, "geometry": {"type": "Point", "coordinates": [114885.12000000104, 451001.8599999994]}, "properties": {"Stelsel": "dr/driebruggen", "naam": "DR7291", "type": "http://data.gwsw.nl/1.4/totaal/Pompunit", "Begindatum": "2002-01-01", "Pompcapaciteit1": null, "Pompcapaciteit2": null, "OBJECTID": 1136, "stelseltype": "http://data.gwsw.nl/1.4/totaal/Drukriolering"}}, {"type": "Feature", "id": 1137, "geometry": {"type": "Point", "coordinates": [115438.03000000119, 451450.1400000006]}, "properties": {"Stelsel": "dr/driebruggen", "naam": "DR7292", "type": "http://data.gwsw.nl/1.4/totaal/Pompunit", "Begindatum": "2002-01-01", "Pompcapaciteit1": null, "Pompcapaciteit2": null, "OBJECTID": 1137, "stelseltype": "http://data.gwsw.nl/1.4/totaal/Drukriolering"}}, {"type": "Feature", "id": 1138, "geometry": {"type": "Point", "coordinates": [114830.6799999997, 450755.2800000012]}, "properties": {"Stelsel": "dr/driebruggen", "naam": "DR7298", "type": "http://data.gwsw.nl/1.4/totaal/Pompunit", "Begindatum": "1900-01-01", "Pompcapaciteit1": null, "Pompcapaciteit2": null, "OBJECTID": 1138, "stelseltype": "http://data.gwsw.nl/1.4/totaal/Drukriolering"}}, {"type": "Feature", "id": 1139, "geometry": {"type": "Point", "coordinates": [114925.91200000048, 448626.1730000004]}, "properties": {"Stelsel": "", "naam": "DR7303", "type": "http://data.gwsw.nl/1.4/totaal/Pompput", "Begindatum": "", "Pompcapaciteit1": 0, "Pompcapaciteit2": 0, "OBJECTID": 1139, "stelseltype": ""}}, {"type": "Feature", "id": 1140, "geometry": {"type": "Point", "coordinates": [107301.12999999896, 451956.84099999815]}, "properties": {"Stelsel": "rd/reeuwijk dorp", "naam": "RD0087", "type": "http://data.gwsw.nl/1.4/totaal/Pompunit", "Begindatum": "2010-01-01", "Pompcapaciteit1": null, "Pompcapaciteit2": null, "OBJECTID": 1140, "stelseltype": "http://data.gwsw.nl/1.4/totaal/Vuilwaterstelsel"}}, {"type": "Feature", "id": 1141, "geometry": {"type": "Point", "coordinates": [107439.91099999845, 451957.67500000075]}, "properties": {"Stelsel": "rd/reeuwijk dorp", "naam": "RD0090", "type": "http://data.gwsw.nl/1.4/totaal/Pompunit", "Begindatum": "2010-01-01", "Pompcapaciteit1": null, "Pompcapaciteit2": null, "OBJECTID": 1141, "stelseltype": "http://data.gwsw.nl/1.4/totaal/Vuilwaterstelsel"}}, {"type": "Feature", "id": 1142, "geometry": {"type": "Point", "coordinates": [107515.76999999955, 453218.7899999991]}, "properties": {"Stelsel": "rd/reeuwijk dorp", "naam": "RD7190", "type": "http://data.gwsw.nl/1.4/totaal/Pompunit", "Begindatum": "2000-01-01", "Pompcapaciteit1": null, "Pompcapaciteit2": null, "OBJECTID": 1142, "stelseltype": "http://data.gwsw.nl/1.4/totaal/Drukriolering"}}, {"type": "Feature", "id": 1143, "geometry": {"type": "Point", "coordinates": [107477.2899999991, 453271.94000000134]}, "properties": {"Stelsel": "rd/reeuwijk dorp", "naam": "RD7192", "type": "http://data.gwsw.nl/1.4/totaal/Pompunit", "Begindatum": "2000-01-01", "Pompcapaciteit1": null, "Pompcapaciteit2": null, "OBJECTID": 1143, "stelseltype": "http://data.gwsw.nl/1.4/totaal/Drukriolering"}}, {"type": "Feature", "id": 1144, "geometry": {"type": "Point", "coordinates": [108239.17000000179, 454419.41000000015]}, "properties": {"Stelsel": "rd/reeuwijk dorp", "naam": "RD7199", "type": "http://data.gwsw.nl/1.4/totaal/Pompunit", "Begindatum": "2000-01-01", "Pompcapaciteit1": null, "Pompcapaciteit2": null, "OBJECTID": 1144, "stelseltype": "http://data.gwsw.nl/1.4/totaal/Drukriolering"}}, {"type": "Feature", "id": 1145, "geometry": {"type": "Point", "coordinates": [108270.5, 454398.7800000012]}, "properties": {"Stelsel": "rd/reeuwijk dorp", "naam": "RD7201", "type": "http://data.gwsw.nl/1.4/totaal/Pompunit", "Begindatum": "2000-01-01", "Pompcapaciteit1": null, "Pompcapaciteit2": null, "OBJECTID": 1145, "stelseltype": "http://data.gwsw.nl/1.4/totaal/Drukriolering"}}, {"type": "Feature", "id": 1146, "geometry": {"type": "Point", "coordinates": [108209.12999999896, 454383.94000000134]}, "properties": {"Stelsel": "rd/reeuwijk dorp", "naam": "RD7203", "type": "http://data.gwsw.nl/1.4/totaal/Pompunit", "Begindatum": "2000-01-01", "Pompcapaciteit1": null, "Pompcapaciteit2": null, "OBJECTID": 1146, "stelseltype": "http://data.gwsw.nl/1.4/totaal/Drukriolering"}}, {"type": "Feature", "id": 1147, "geometry": {"type": "Point", "coordinates": [108212.8900000006, 454333.01000000164]}, "properties": {"Stelsel": "rd/reeuwijk dorp", "naam": "RD7205", "type": "http://data.gwsw.nl/1.4/totaal/Pompunit", "Begindatum": "2000-01-01", "Pompcapaciteit1": null, "Pompcapaciteit2": null, "OBJECTID": 1147, "stelseltype": "http://data.gwsw.nl/1.4/totaal/Drukriolering"}}, {"type": "Feature", "id": 1148, "geometry": {"type": "Point", "coordinates": [108280.55999999866, 454228.3900000006]}, "properties": {"Stelsel": "rd/reeuwijk dorp", "naam": "RD7215", "type": "http://data.gwsw.nl/1.4/totaal/Pompunit", "Begindatum": "2000-01-01", "Pompcapaciteit1": null, "Pompcapaciteit2": null, "OBJECTID": 1148, "stelseltype": "http://data.gwsw.nl/1.4/totaal/Drukriolering"}}, {"type": "Feature", "id": 1149, "geometry": {"type": "Point", "coordinates": [108248.62000000104, 454012.80999999866]}, "properties": {"Stelsel": "rd/reeuwijk dorp", "naam": "RD7227", "type": "http://data.gwsw.nl/1.4/totaal/Pompunit", "Begindatum": "2000-01-01", "Pompcapaciteit1": null, "Pompcapaciteit2": null, "OBJECTID": 1149, "stelseltype": "http://data.gwsw.nl/1.4/totaal/Drukriolering"}}, {"type": "Feature", "id": 1150, "geometry": {"type": "Point", "coordinates": [108253.08999999985, 453986.73000000045]}, "properties": {"Stelsel": "rd/reeuwijk dorp", "naam": "RD7231", "type": "http://data.gwsw.nl/1.4/totaal/Pompunit", "Begindatum": "2000-01-01", "Pompcapaciteit1": null, "Pompcapaciteit2": null, "OBJECTID": 1150, "stelseltype": "http://data.gwsw.nl/1.4/totaal/Drukriolering"}}, {"type": "Feature", "id": 1151, "geometry": {"type": "Point", "coordinates": [108204.26999999955, 453970.62000000104]}, "properties": {"Stelsel": "rd/reeuwijk dorp", "naam": "RD7233", "type": "http://data.gwsw.nl/1.4/totaal/Pompunit", "Begindatum": "2000-01-01", "Pompcapaciteit1": null, "Pompcapaciteit2": null, "OBJECTID": 1151, "stelseltype": "http://data.gwsw.nl/1.4/totaal/Drukriolering"}}, {"type": "Feature", "id": 1152, "geometry": {"type": "Point", "coordinates": [108225.55999999866, 453915]}, "properties": {"Stelsel": "rd/reeuwijk dorp", "naam": "RD7235", "type": "http://data.gwsw.nl/1.4/totaal/Pompunit", "Begindatum": "2000-01-01", "Pompcapaciteit1": null, "Pompcapaciteit2": null, "OBJECTID": 1152, "stelseltype": "http://data.gwsw.nl/1.4/totaal/Drukriolering"}}, {"type": "Feature", "id": 1153, "geometry": {"type": "Point", "coordinates": [108275.28000000119, 453894.37000000104]}, "properties": {"Stelsel": "rd/reeuwijk dorp", "naam": "RD7239", "type": "http://data.gwsw.nl/1.4/totaal/Pompunit", "Begindatum": "2000-01-01", "Pompcapaciteit1": null, "Pompcapaciteit2": null, "OBJECTID": 1153, "stelseltype": "http://data.gwsw.nl/1.4/totaal/Drukriolering"}}, {"type": "Feature", "id": 1154, "geometry": {"type": "Point", "coordinates": [108203.23000000045, 453865.1000000015]}, "properties": {"Stelsel": "rd/reeuwijk dorp", "naam": "RD7241", "type": "http://data.gwsw.nl/1.4/totaal/Pompunit", "Begindatum": "2000-01-01", "Pompcapaciteit1": null, "Pompcapaciteit2": null, "OBJECTID": 1154, "stelseltype": "http://data.gwsw.nl/1.4/totaal/Drukriolering"}}, {"type": "Feature", "id": 1155, "geometry": {"type": "Point", "coordinates": [108225.83999999985, 453846.6000000015]}, "properties": {"Stelsel": "rd/reeuwijk dorp", "naam": "RD7243", "type": "http://data.gwsw.nl/1.4/totaal/Pompunit", "Begindatum": "2000-01-01", "Pompcapaciteit1": null, "Pompcapaciteit2": null, "OBJECTID": 1155, "stelseltype": "http://data.gwsw.nl/1.4/totaal/Drukriolering"}}, {"type": "Feature", "id": 1156, "geometry": {"type": "Point", "coordinates": [108225.41000000015, 453782.69000000134]}, "properties": {"Stelsel": "rd/reeuwijk dorp", "naam": "RD7245", "type": "http://data.gwsw.nl/1.4/totaal/Pompunit", "Begindatum": "2000-01-01", "Pompcapaciteit1": null, "Pompcapaciteit2": null, "OBJECTID": 1156, "stelseltype": "http://data.gwsw.nl/1.4/totaal/Drukriolering"}}, {"type": "Feature", "id": 1157, "geometry": {"type": "Point", "coordinates": [108301.2899999991, 453507.5399999991]}, "properties": {"Stelsel": "rd/reeuwijk dorp", "naam": "RD7267", "type": "http://data.gwsw.nl/1.4/totaal/Pompunit", "Begindatum": "2000-01-01", "Pompcapaciteit1": null, "Pompcapaciteit2": null, "OBJECTID": 1157, "stelseltype": "http://data.gwsw.nl/1.4/totaal/Drukriolering"}}, {"type": "Feature", "id": 1158, "geometry": {"type": "Point", "coordinates": [108219.14999999851, 453436.9699999988]}, "properties": {"Stelsel": "rd/reeuwijk dorp", "naam": "RD7271", "type": "http://data.gwsw.nl/1.4/totaal/Pompunit", "Begindatum": "2000-01-01", "Pompcapaciteit1": null, "Pompcapaciteit2": null, "OBJECTID": 1158, "stelseltype": "http://data.gwsw.nl/1.4/totaal/Drukriolering"}}, {"type": "Feature", "id": 1159, "geometry": {"type": "Point", "coordinates": [108423.62999999896, 453361.94999999925]}, "properties": {"Stelsel": "rd/reeuwijk dorp", "naam": "RD7276", "type": "http://data.gwsw.nl/1.4/totaal/Pompunit", "Begindatum": "1999-01-01", "Pompcapaciteit1": null, "Pompcapaciteit2": null, "OBJECTID": 1159, "stelseltype": "http://data.gwsw.nl/1.4/totaal/Drukriolering"}}, {"type": "Feature", "id": 1160, "geometry": {"type": "Point", "coordinates": [106984.51999999955, 452114.23999999836]}, "properties": {"Stelsel": "rd/reeuwijk dorp", "naam": "RD7286", "type": "http://data.gwsw.nl/1.4/totaal/Pompunit", "Begindatum": "1992-01-01", "Pompcapaciteit1": null, "Pompcapaciteit2": null, "OBJECTID": 1160, "stelseltype": "http://data.gwsw.nl/1.4/totaal/Drukriolering"}}, {"type": "Feature", "id": 1161, "geometry": {"type": "Point", "coordinates": [106119.39999999851, 452238.19000000134]}, "properties": {"Stelsel": "rd/reeuwijk dorp", "naam": "RD7303", "type": "http://data.gwsw.nl/1.4/totaal/Pompunit", "Begindatum": "1992-01-01", "Pompcapaciteit1": null, "Pompcapaciteit2": null, "OBJECTID": 1161, "stelseltype": "http://data.gwsw.nl/1.4/totaal/Drukriolering"}}, {"type": "Feature", "id": 1162, "geometry": {"type": "Point", "coordinates": [106075.75, 452140.3299999982]}, "properties": {"Stelsel": "rd/reeuwijk dorp", "naam": "RD7308", "type": "http://data.gwsw.nl/1.4/totaal/Pompunit", "Begindatum": "1992-01-01", "Pompcapaciteit1": null, "Pompcapaciteit2": null, "OBJECTID": 1162, "stelseltype": "http://data.gwsw.nl/1.4/totaal/Vuilwaterstelsel"}}, {"type": "Feature", "id": 1163, "geometry": {"type": "Point", "coordinates": [106058, 452067.05000000075]}, "properties": {"Stelsel": "rd/reeuwijk dorp", "naam": "RD7313", "type": "http://data.gwsw.nl/1.4/totaal/Pompunit", "Begindatum": "1992-01-01", "Pompcapaciteit1": null, "Pompcapaciteit2": null, "OBJECTID": 1163, "stelseltype": "http://data.gwsw.nl/1.4/totaal/Drukriolering"}}, {"type": "Feature", "id": 1164, "geometry": {"type": "Point", "coordinates": [106027.0700000003, 452023.3900000006]}, "properties": {"Stelsel": "rd/reeuwijk dorp", "naam": "RD7319", "type": "http://data.gwsw.nl/1.4/totaal/Pompunit", "Begindatum": "1992-01-01", "Pompcapaciteit1": null, "Pompcapaciteit2": null, "OBJECTID": 1164, "stelseltype": "http://data.gwsw.nl/1.4/totaal/Drukriolering"}}, {"type": "Feature", "id": 1165, "geometry": {"type": "Point", "coordinates": [106007.58999999985, 451976.73999999836]}, "properties": {"Stelsel": "rd/reeuwijk dorp", "naam": "RD7322", "type": "http://data.gwsw.nl/1.4/totaal/Pompunit", "Begindatum": "1992-01-01", "Pompcapaciteit1": null, "Pompcapaciteit2": null, "OBJECTID": 1165, "stelseltype": "http://data.gwsw.nl/1.4/totaal/Vuilwaterstelsel"}}, {"type": "Feature", "id": 1166, "geometry": {"type": "Point", "coordinates": [105974.73000000045, 451905.33999999985]}, "properties": {"Stelsel": "rd/reeuwijk dorp", "naam": "RD7328", "type": "http://data.gwsw.nl/1.4/totaal/Pompunit", "Begindatum": "1992-01-01", "Pompcapaciteit1": null, "Pompcapaciteit2": null, "OBJECTID": 1166, "stelseltype": "http://data.gwsw.nl/1.4/totaal/Vuilwaterstelsel"}}, {"type": "Feature", "id": 1167, "geometry": {"type": "Point", "coordinates": [106683.78000000119, 452673.5]}, "properties": {"Stelsel": "rd/reeuwijk dorp", "naam": "RD7334", "type": "http://data.gwsw.nl/1.4/totaal/Pompunit", "Begindatum": "1990-01-01", "Pompcapaciteit1": null, "Pompcapaciteit2": null, "OBJECTID": 1167, "stelseltype": "http://data.gwsw.nl/1.4/totaal/Vuilwaterstelsel"}}, {"type": "Feature", "id": 1168, "geometry": {"type": "Point", "coordinates": [106693.7100000009, 452636.6799999997]}, "properties": {"Stelsel": "rd/reeuwijk dorp", "naam": "RD7337", "type": "http://data.gwsw.nl/1.4/totaal/Pompunit", "Begindatum": "1990-01-01", "Pompcapaciteit1": null, "Pompcapaciteit2": null, "OBJECTID": 1168, "stelseltype": "http://data.gwsw.nl/1.4/totaal/Vuilwaterstelsel"}}, {"type": "Feature", "id": 1169, "geometry": {"type": "Point", "coordinates": [106667.98999999836, 452594.1400000006]}, "properties": {"Stelsel": "rd/reeuwijk dorp", "naam": "RD7343", "type": "http://data.gwsw.nl/1.4/totaal/Pompunit", "Begindatum": "1990-01-01", "Pompcapaciteit1": null, "Pompcapaciteit2": null, "OBJECTID": 1169, "stelseltype": "http://data.gwsw.nl/1.4/totaal/Drukriolering"}}, {"type": "Feature", "id": 1170, "geometry": {"type": "Point", "coordinates": [106663.44999999925, 452463.87999999896]}, "properties": {"Stelsel": "rd/reeuwijk dorp", "naam": "RD7345", "type": "http://data.gwsw.nl/1.4/totaal/Pompunit", "Begindatum": "1990-01-01", "Pompcapaciteit1": null, "Pompcapaciteit2": null, "OBJECTID": 1170, "stelseltype": "http://data.gwsw.nl/1.4/totaal/Drukriolering"}}, {"type": "Feature", "id": 1171, "geometry": {"type": "Point", "coordinates": [106636.66000000015, 452391.26999999955]}, "properties": {"Stelsel": "rd/reeuwijk dorp", "naam": "RD7348", "type": "http://data.gwsw.nl/1.4/totaal/Pompunit", "Begindatum": "1990-01-01", "Pompcapaciteit1": null, "Pompcapaciteit2": null, "OBJECTID": 1171, "stelseltype": "http://data.gwsw.nl/1.4/totaal/Drukriolering"}}, {"type": "Feature", "id": 1172, "geometry": {"type": "Point", "coordinates": [106613.4600000009, 452359.1400000006]}, "properties": {"Stelsel": "rd/reeuwijk dorp", "naam": "RD7350", "type": "http://data.gwsw.nl/1.4/totaal/Pompunit", "Begindatum": "1990-01-01", "Pompcapaciteit1": null, "Pompcapaciteit2": null, "OBJECTID": 1172, "stelseltype": "http://data.gwsw.nl/1.4/totaal/Drukriolering"}}, {"type": "Feature", "id": 1173, "geometry": {"type": "Point", "coordinates": [106563.39999999851, 452314.51000000164]}, "properties": {"Stelsel": "rd/reeuwijk dorp", "naam": "RD7359", "type": "http://data.gwsw.nl/1.4/totaal/Pompunit", "Begindatum": "1990-01-01", "Pompcapaciteit1": null, "Pompcapaciteit2": null, "OBJECTID": 1173, "stelseltype": "http://data.gwsw.nl/1.4/totaal/Vuilwaterstelsel"}}, {"type": "Feature", "id": 1174, "geometry": {"type": "Point", "coordinates": [106644.94000000134, 452274.4200000018]}, "properties": {"Stelsel": "rd/reeuwijk dorp", "naam": "RD7361", "type": "http://data.gwsw.nl/1.4/totaal/Pompunit", "Begindatum": "1990-01-01", "Pompcapaciteit1": null, "Pompcapaciteit2": null, "OBJECTID": 1174, "stelseltype": "http://data.gwsw.nl/1.4/totaal/Drukriolering"}}, {"type": "Feature", "id": 1175, "geometry": {"type": "Point", "coordinates": [106624.8599999994, 452324.76999999955]}, "properties": {"Stelsel": "rd/reeuwijk dorp", "naam": "RD7363", "type": "http://data.gwsw.nl/1.4/totaal/Pompunit", "Begindatum": "1990-01-01", "Pompcapaciteit1": null, "Pompcapaciteit2": null, "OBJECTID": 1175, "stelseltype": "http://data.gwsw.nl/1.4/totaal/Drukriolering"}}, {"type": "Feature", "id": 1176, "geometry": {"type": "Point", "coordinates": [106667.1099999994, 452263.8599999994]}, "properties": {"Stelsel": "rd/reeuwijk dorp", "naam": "RD7365", "type": "http://data.gwsw.nl/1.4/totaal/Pompunit", "Begindatum": "1990-01-01", "Pompcapaciteit1": null, "Pompcapaciteit2": null, "OBJECTID": 1176, "stelseltype": "http://data.gwsw.nl/1.4/totaal/Vuilwaterstelsel"}}, {"type": "Feature", "id": 1177, "geometry": {"type": "Point", "coordinates": [106722.23999999836, 452306.3999999985]}, "properties": {"Stelsel": "rd/reeuwijk dorp", "naam": "RD7369", "type": "http://data.gwsw.nl/1.4/totaal/Pompunit", "Begindatum": "1990-01-01", "Pompcapaciteit1": null, "Pompcapaciteit2": null, "OBJECTID": 1177, "stelseltype": "http://data.gwsw.nl/1.4/totaal/Vuilwaterstelsel"}}, {"type": "Feature", "id": 1178, "geometry": {"type": "Point", "coordinates": [106779.94000000134, 452279.30000000075]}, "properties": {"Stelsel": "rd/reeuwijk dorp", "naam": "RD7371", "type": "http://data.gwsw.nl/1.4/totaal/Pompunit", "Begindatum": "1993-01-01", "Pompcapaciteit1": null, "Pompcapaciteit2": null, "OBJECTID": 1178, "stelseltype": "http://data.gwsw.nl/1.4/totaal/Drukriolering"}}, {"type": "Feature", "id": 1179, "geometry": {"type": "Point", "coordinates": [106618.44000000134, 452164.76000000164]}, "properties": {"Stelsel": "rd/reeuwijk dorp", "naam": "RD7375", "type": "http://data.gwsw.nl/1.4/totaal/Pompunit", "Begindatum": "1990-01-01", "Pompcapaciteit1": null, "Pompcapaciteit2": null, "OBJECTID": 1179, "stelseltype": "http://data.gwsw.nl/1.4/totaal/Drukriolering"}}, {"type": "Feature", "id": 1180, "geometry": {"type": "Point", "coordinates": [106548.48999999836, 452154.94999999925]}, "properties": {"Stelsel": "rd/reeuwijk dorp", "naam": "RD7377", "type": "http://data.gwsw.nl/1.4/totaal/Pompunit", "Begindatum": "1990-01-01", "Pompcapaciteit1": null, "Pompcapaciteit2": null, "OBJECTID": 1180, "stelseltype": "http://data.gwsw.nl/1.4/totaal/Drukriolering"}}, {"type": "Feature", "id": 1181, "geometry": {"type": "Point", "coordinates": [106533.46999999881, 452118.6400000006]}, "properties": {"Stelsel": "rd/reeuwijk dorp", "naam": "RD7379", "type": "http://data.gwsw.nl/1.4/totaal/Pompunit", "Begindatum": "1990-01-01", "Pompcapaciteit1": null, "Pompcapaciteit2": null, "OBJECTID": 1181, "stelseltype": "http://data.gwsw.nl/1.4/totaal/Drukriolering"}}, {"type": "Feature", "id": 1182, "geometry": {"type": "Point", "coordinates": [106565.07999999821, 452088.66000000015]}, "properties": {"Stelsel": "rd/reeuwijk dorp", "naam": "RD7381", "type": "http://data.gwsw.nl/1.4/totaal/Pompunit", "Begindatum": "1990-01-01", "Pompcapaciteit1": null, "Pompcapaciteit2": null, "OBJECTID": 1182, "stelseltype": "http://data.gwsw.nl/1.4/totaal/Drukriolering"}}, {"type": "Feature", "id": 1183, "geometry": {"type": "Point", "coordinates": [106532.48999999836, 452093.8999999985]}, "properties": {"Stelsel": "rd/reeuwijk dorp", "naam": "RD7383", "type": "http://data.gwsw.nl/1.4/totaal/Pompunit", "Begindatum": "1990-01-01", "Pompcapaciteit1": null, "Pompcapaciteit2": null, "OBJECTID": 1183, "stelseltype": "http://data.gwsw.nl/1.4/totaal/Drukriolering"}}, {"type": "Feature", "id": 1184, "geometry": {"type": "Point", "coordinates": [106556.69000000134, 452054.8999999985]}, "properties": {"Stelsel": "rd/reeuwijk dorp", "naam": "RD7386", "type": "http://data.gwsw.nl/1.4/totaal/Pompunit", "Begindatum": "1990-01-01", "Pompcapaciteit1": null, "Pompcapaciteit2": null, "OBJECTID": 1184, "stelseltype": "http://data.gwsw.nl/1.4/totaal/Vuilwaterstelsel"}}, {"type": "Feature", "id": 1185, "geometry": {"type": "Point", "coordinates": [106514.2100000009, 452046.2100000009]}, "properties": {"Stelsel": "rd/reeuwijk dorp", "naam": "RD7388", "type": "http://data.gwsw.nl/1.4/totaal/Pompunit", "Begindatum": "1990-01-01", "Pompcapaciteit1": null, "Pompcapaciteit2": null, "OBJECTID": 1185, "stelseltype": "http://data.gwsw.nl/1.4/totaal/Drukriolering"}}, {"type": "Feature", "id": 1186, "geometry": {"type": "Point", "coordinates": [106544.14999999851, 451999.16000000015]}, "properties": {"Stelsel": "rd/reeuwijk dorp", "naam": "RD7390", "type": "http://data.gwsw.nl/1.4/totaal/Pompunit", "Begindatum": "1990-01-01", "Pompcapaciteit1": null, "Pompcapaciteit2": null, "OBJECTID": 1186, "stelseltype": "http://data.gwsw.nl/1.4/totaal/Drukriolering"}}, {"type": "Feature", "id": 1187, "geometry": {"type": "Point", "coordinates": [106490.60000000149, 451997.1400000006]}, "properties": {"Stelsel": "rd/reeuwijk dorp", "naam": "RD7392", "type": "http://data.gwsw.nl/1.4/totaal/Pompunit", "Begindatum": "1990-01-01", "Pompcapaciteit1": null, "Pompcapaciteit2": null, "OBJECTID": 1187, "stelseltype": "http://data.gwsw.nl/1.4/totaal/Drukriolering"}}, {"type": "Feature", "id": 1188, "geometry": {"type": "Point", "coordinates": [106247.26000000164, 452559.87000000104]}, "properties": {"Stelsel": "rd/reeuwijk dorp", "naam": "RD7429", "type": "http://data.gwsw.nl/1.4/totaal/Pompunit", "Begindatum": "1990-01-01", "Pompcapaciteit1": null, "Pompcapaciteit2": null, "OBJECTID": 1188, "stelseltype": "http://data.gwsw.nl/1.4/totaal/Drukriolering"}}, {"type": "Feature", "id": 1189, "geometry": {"type": "Point", "coordinates": [105832.12999999896, 452356.01999999955]}, "properties": {"Stelsel": "rd/reeuwijk dorp", "naam": "RD7435", "type": "http://data.gwsw.nl/1.4/totaal/Pompunit", "Begindatum": "1990-01-01", "Pompcapaciteit1": null, "Pompcapaciteit2": null, "OBJECTID": 1189, "stelseltype": "http://data.gwsw.nl/1.4/totaal/Drukriolering"}}, {"type": "Feature", "id": 1190, "geometry": {"type": "Point", "coordinates": [105836.17000000179, 452408.75]}, "properties": {"Stelsel": "rd/reeuwijk dorp", "naam": "RD7439", "type": "http://data.gwsw.nl/1.4/totaal/Pompunit", "Begindatum": "1990-01-01", "Pompcapaciteit1": null, "Pompcapaciteit2": null, "OBJECTID": 1190, "stelseltype": "http://data.gwsw.nl/1.4/totaal/Vuilwaterstelsel"}}, {"type": "Feature", "id": 1191, "geometry": {"type": "Point", "coordinates": [105896.4600000009, 452813.05999999866]}, "properties": {"Stelsel": "rd/reeuwijk dorp", "naam": "RD7478", "type": "http://data.gwsw.nl/1.4/totaal/Pompunit", "Begindatum": "1990-01-01", "Pompcapaciteit1": null, "Pompcapaciteit2": null, "OBJECTID": 1191, "stelseltype": "http://data.gwsw.nl/1.4/totaal/Drukriolering"}}, {"type": "Feature", "id": 1192, "geometry": {"type": "Point", "coordinates": [105869.16000000015, 452835.3200000003]}, "properties": {"Stelsel": "rd/reeuwijk dorp", "naam": "RD7481", "type": "http://data.gwsw.nl/1.4/totaal/Pompunit", "Begindatum": "1990-01-01", "Pompcapaciteit1": null, "Pompcapaciteit2": null, "OBJECTID": 1192, "stelseltype": "http://data.gwsw.nl/1.4/totaal/Drukriolering"}}, {"type": "Feature", "id": 1193, "geometry": {"type": "Point", "coordinates": [105863.32999999821, 452952.26999999955]}, "properties": {"Stelsel": "rd/reeuwijk dorp", "naam": "RD7487", "type": "http://data.gwsw.nl/1.4/totaal/Pompunit", "Begindatum": "1990-01-01", "Pompcapaciteit1": null, "Pompcapaciteit2": null, "OBJECTID": 1193, "stelseltype": "http://data.gwsw.nl/1.4/totaal/Drukriolering"}}, {"type": "Feature", "id": 1194, "geometry": {"type": "Point", "coordinates": [105912.12999999896, 452955.8200000003]}, "properties": {"Stelsel": "rd/reeuwijk dorp", "naam": "RD7489", "type": "http://data.gwsw.nl/1.4/totaal/Pompunit", "Begindatum": "1990-01-01", "Pompcapaciteit1": null, "Pompcapaciteit2": null, "OBJECTID": 1194, "stelseltype": "http://data.gwsw.nl/1.4/totaal/Drukriolering"}}, {"type": "Feature", "id": 1195, "geometry": {"type": "Point", "coordinates": [105930.19999999925, 453055.87000000104]}, "properties": {"Stelsel": "rd/reeuwijk dorp", "naam": "RD7491", "type": "http://data.gwsw.nl/1.4/totaal/Pompunit", "Begindatum": "1990-01-01", "Pompcapaciteit1": null, "Pompcapaciteit2": null, "OBJECTID": 1195, "stelseltype": "http://data.gwsw.nl/1.4/totaal/Drukriolering"}}, {"type": "Feature", "id": 1196, "geometry": {"type": "Point", "coordinates": [105927.30999999866, 453083.8200000003]}, "properties": {"Stelsel": "rd/reeuwijk dorp", "naam": "RD7493", "type": "http://data.gwsw.nl/1.4/totaal/Pompunit", "Begindatum": "1998-01-01", "Pompcapaciteit1": null, "Pompcapaciteit2": null, "OBJECTID": 1196, "stelseltype": "http://data.gwsw.nl/1.4/totaal/Drukriolering"}}, {"type": "Feature", "id": 1197, "geometry": {"type": "Point", "coordinates": [105950.0700000003, 453115.8500000015]}, "properties": {"Stelsel": "rd/reeuwijk dorp", "naam": "RD7495", "type": "http://data.gwsw.nl/1.4/totaal/Pompunit", "Begindatum": "1990-01-01", "Pompcapaciteit1": null, "Pompcapaciteit2": null, "OBJECTID": 1197, "stelseltype": "http://data.gwsw.nl/1.4/totaal/Drukriolering"}}, {"type": "Feature", "id": 1198, "geometry": {"type": "Point", "coordinates": [105907.39999999851, 453174.25]}, "properties": {"Stelsel": "rd/reeuwijk dorp", "naam": "RD7499", "type": "http://data.gwsw.nl/1.4/totaal/Pompunit", "Begindatum": "1990-01-01", "Pompcapaciteit1": null, "Pompcapaciteit2": null, "OBJECTID": 1198, "stelseltype": "http://data.gwsw.nl/1.4/totaal/Drukriolering"}}, {"type": "Feature", "id": 1199, "geometry": {"type": "Point", "coordinates": [105917.98000000045, 453234.23999999836]}, "properties": {"Stelsel": "rd/reeuwijk dorp", "naam": "RD7505", "type": "http://data.gwsw.nl/1.4/totaal/Pompunit", "Begindatum": "1990-01-01", "Pompcapaciteit1": null, "Pompcapaciteit2": null, "OBJECTID": 1199, "stelseltype": "http://data.gwsw.nl/1.4/totaal/Drukriolering"}}, {"type": "Feature", "id": 1200, "geometry": {"type": "Point", "coordinates": [106259.95300000161, 452398.1499999985]}, "properties": {"Stelsel": "rd/reeuwijk dorp", "naam": "RD7511", "type": "http://data.gwsw.nl/1.4/totaal/Pompunit", "Begindatum": "2003-01-01", "Pompcapaciteit1": null, "Pompcapaciteit2": null, "OBJECTID": 1200, "stelseltype": "http://data.gwsw.nl/1.4/totaal/Drukriolering"}}, {"type": "Feature", "id": 1201, "geometry": {"type": "Point", "coordinates": [107045.58999999985, 450836.8599999994]}, "properties": {"Stelsel": "rd/reeuwijk dorp", "naam": "RD7514", "type": "http://data.gwsw.nl/1.4/totaal/Pompunit", "Begindatum": "1999-01-01", "Pompcapaciteit1": null, "Pompcapaciteit2": null, "OBJECTID": 1201, "stelseltype": "http://data.gwsw.nl/1.4/totaal/Drukriolering"}}, {"type": "Feature", "id": 1202, "geometry": {"type": "Point", "coordinates": [107033.6799999997, 451194.69999999925]}, "properties": {"Stelsel": "rd/reeuwijk dorp", "naam": "RD7518", "type": "http://data.gwsw.nl/1.4/totaal/Pompunit", "Begindatum": "1999-01-01", "Pompcapaciteit1": null, "Pompcapaciteit2": null, "OBJECTID": 1202, "stelseltype": "http://data.gwsw.nl/1.4/totaal/Drukriolering"}}, {"type": "Feature", "id": 1203, "geometry": {"type": "Point", "coordinates": [107123.33999999985, 451405.69000000134]}, "properties": {"Stelsel": "rd/reeuwijk dorp", "naam": "RD7520", "type": "http://data.gwsw.nl/1.4/totaal/Pompunit", "Begindatum": "1999-01-01", "Pompcapaciteit1": null, "Pompcapaciteit2": null, "OBJECTID": 1203, "stelseltype": "http://data.gwsw.nl/1.4/totaal/Drukriolering"}}, {"type": "Feature", "id": 1204, "geometry": {"type": "Point", "coordinates": [107165.19999999925, 451549.1550000012]}, "properties": {"Stelsel": "rd/reeuwijk dorp", "naam": "RD7532", "type": "http://data.gwsw.nl/1.4/totaal/Pompunit", "Begindatum": "1999-01-01", "Pompcapaciteit1": null, "Pompcapaciteit2": null, "OBJECTID": 1204, "stelseltype": "http://data.gwsw.nl/1.4/totaal/Drukriolering"}}, {"type": "Feature", "id": 1205, "geometry": {"type": "Point", "coordinates": [107140.8200000003, 451779.12999999896]}, "properties": {"Stelsel": "rd/reeuwijk dorp", "naam": "RD7540", "type": "http://data.gwsw.nl/1.4/totaal/Pompunit", "Begindatum": "1999-01-01", "Pompcapaciteit1": null, "Pompcapaciteit2": null, "OBJECTID": 1205, "stelseltype": "http://data.gwsw.nl/1.4/totaal/Drukriolering"}}, {"type": "Feature", "id": 1206, "geometry": {"type": "Point", "coordinates": [107176.5399999991, 451860.0399999991]}, "properties": {"Stelsel": "rd/reeuwijk dorp", "naam": "RD7544", "type": "http://data.gwsw.nl/1.4/totaal/Pompunit", "Begindatum": "1999-01-01", "Pompcapaciteit1": null, "Pompcapaciteit2": null, "OBJECTID": 1206, "stelseltype": "http://data.gwsw.nl/1.4/totaal/Drukriolering"}}, {"type": "Feature", "id": 1207, "geometry": {"type": "Point", "coordinates": [107162.89999999851, 452096.62000000104]}, "properties": {"Stelsel": "rd/reeuwijk dorp", "naam": "RD7557", "type": "http://data.gwsw.nl/1.4/totaal/Pompunit", "Begindatum": "1999-01-01", "Pompcapaciteit1": null, "Pompcapaciteit2": null, "OBJECTID": 1207, "stelseltype": "http://data.gwsw.nl/1.4/totaal/Vuilwaterstelsel"}}, {"type": "Feature", "id": 1208, "geometry": {"type": "Point", "coordinates": [106662.55000000075, 452328.3299999982]}, "properties": {"Stelsel": "rd/reeuwijk dorp", "naam": "RD7565", "type": "http://data.gwsw.nl/1.4/totaal/Pompunit", "Begindatum": "1990-01-01", "Pompcapaciteit1": null, "Pompcapaciteit2": null, "OBJECTID": 1208, "stelseltype": "http://data.gwsw.nl/1.4/totaal/Drukriolering"}}, {"type": "Feature", "id": 1209, "geometry": {"type": "Point", "coordinates": [107262.5, 452076.66000000015]}, "properties": {"Stelsel": "rd/reeuwijk dorp", "naam": "RD7568", "type": "http://data.gwsw.nl/1.4/totaal/Pompunit", "Begindatum": "1985-01-01", "Pompcapaciteit1": null, "Pompcapaciteit2": null, "OBJECTID": 1209, "stelseltype": "http://data.gwsw.nl/1.4/totaal/Drukriolering"}}, {"type": "Feature", "id": 1210, "geometry": {"type": "Point", "coordinates": [107319.51000000164, 452073.01999999955]}, "properties": {"Stelsel": "rd/reeuwijk dorp", "naam": "RD7571", "type": "http://data.gwsw.nl/1.4/totaal/Pompunit", "Begindatum": "1985-01-01", "Pompcapaciteit1": null, "Pompcapaciteit2": null, "OBJECTID": 1210, "stelseltype": "http://data.gwsw.nl/1.4/totaal/Drukriolering"}}, {"type": "Feature", "id": 1211, "geometry": {"type": "Point", "coordinates": [107471.3900000006, 452042.0799999982]}, "properties": {"Stelsel": "rd/reeuwijk dorp", "naam": "RD7576", "type": "http://data.gwsw.nl/1.4/totaal/Pompunit", "Begindatum": "1985-01-01", "Pompcapaciteit1": null, "Pompcapaciteit2": null, "OBJECTID": 1211, "stelseltype": "http://data.gwsw.nl/1.4/totaal/Drukriolering"}}, {"type": "Feature", "id": 1212, "geometry": {"type": "Point", "coordinates": [107568.51000000164, 451997.98999999836]}, "properties": {"Stelsel": "rd/reeuwijk dorp", "naam": "RD7582", "type": "http://data.gwsw.nl/1.4/totaal/Pompunit", "Begindatum": "1985-01-01", "Pompcapaciteit1": null, "Pompcapaciteit2": null, "OBJECTID": 1212, "stelseltype": "http://data.gwsw.nl/1.4/totaal/Drukriolering"}}, {"type": "Feature", "id": 1213, "geometry": {"type": "Point", "coordinates": [107279.1400000006, 452121.6700000018]}, "properties": {"Stelsel": "rd/reeuwijk dorp", "naam": "RD7586", "type": "http://data.gwsw.nl/1.4/totaal/Pompunit", "Begindatum": "1985-01-01", "Pompcapaciteit1": null, "Pompcapaciteit2": null, "OBJECTID": 1213, "stelseltype": "http://data.gwsw.nl/1.4/totaal/Drukriolering"}}, {"type": "Feature", "id": 1214, "geometry": {"type": "Point", "coordinates": [105877.12999999896, 453061.1099999994]}, "properties": {"Stelsel": "rd/reeuwijk dorp", "naam": "RD7601", "type": "http://data.gwsw.nl/1.4/totaal/Pompunit", "Begindatum": "2004-01-01", "Pompcapaciteit1": null, "Pompcapaciteit2": null, "OBJECTID": 1214, "stelseltype": "http://data.gwsw.nl/1.4/totaal/Drukriolering"}}, {"type": "Feature", "id": 1215, "geometry": {"type": "Point", "coordinates": [106547.14999999851, 452012.8500000015]}, "properties": {"Stelsel": "rd/reeuwijk dorp", "naam": "RD7603", "type": "http://data.gwsw.nl/1.4/totaal/Pompunit", "Begindatum": "1990-01-01", "Pompcapaciteit1": null, "Pompcapaciteit2": null, "OBJECTID": 1215, "stelseltype": "http://data.gwsw.nl/1.4/totaal/Drukriolering"}}, {"type": "Feature", "id": 1216, "geometry": {"type": "Point", "coordinates": [107253.7100000009, 452035.73000000045]}, "properties": {"Stelsel": "rd/reeuwijk dorp", "naam": "RD7605", "type": "http://data.gwsw.nl/1.4/totaal/Pompunit", "Begindatum": "2001-01-01", "Pompcapaciteit1": null, "Pompcapaciteit2": null, "OBJECTID": 1216, "stelseltype": "http://data.gwsw.nl/1.4/totaal/Drukriolering"}}, {"type": "Feature", "id": 1217, "geometry": {"type": "Point", "coordinates": [105940.08300000057, 452463.40300000086]}, "properties": {"Stelsel": "rd/reeuwijk dorp", "naam": "RD7607", "type": "http://data.gwsw.nl/1.4/totaal/Pompunit", "Begindatum": "1900-01-01", "Pompcapaciteit1": null, "Pompcapaciteit2": null, "OBJECTID": 1217, "stelseltype": "http://data.gwsw.nl/1.4/totaal/Drukriolering"}}, {"type": "Feature", "id": 1218, "geometry": {"type": "Point", "coordinates": [107363.8200000003, 451830.23000000045]}, "properties": {"Stelsel": "rd/reeuwijk dorp", "naam": "RD7611", "type": "http://data.gwsw.nl/1.4/totaal/Pompunit", "Begindatum": "2010-01-01", "Pompcapaciteit1": null, "Pompcapaciteit2": null, "OBJECTID": 1218, "stelseltype": "http://data.gwsw.nl/1.4/totaal/Drukriolering"}}, {"type": "Feature", "id": 1219, "geometry": {"type": "Point", "coordinates": [105375.48000000045, 452932.6499999985]}, "properties": {"Stelsel": "rd/reeuwijk dorp", "naam": "RD7619", "type": "http://data.gwsw.nl/1.4/totaal/Pompunit", "Begindatum": "2009-01-01", "Pompcapaciteit1": null, "Pompcapaciteit2": null, "OBJECTID": 1219, "stelseltype": "http://data.gwsw.nl/1.4/totaal/Drukriolering"}}, {"type": "Feature", "id": 1220, "geometry": {"type": "Point", "coordinates": [106031.02499999851, 451984.57499999925]}, "properties": {"Stelsel": "rd/reeuwijk dorp", "naam": "RD7630", "type": "http://data.gwsw.nl/1.4/totaal/Pompunit", "Begindatum": "1900-01-01", "Pompcapaciteit1": null, "Pompcapaciteit2": null, "OBJECTID": 1220, "stelseltype": "http://data.gwsw.nl/1.4/totaal/Drukriolering"}}, {"type": "Feature", "id": 1221, "geometry": {"type": "Point", "coordinates": [107376.0709999986, 452125.9759999998]}, "properties": {"Stelsel": "rd/reeuwijk dorp", "naam": "RD7643", "type": "http://data.gwsw.nl/1.4/totaal/Pompunit", "Begindatum": "1985-01-01", "Pompcapaciteit1": null, "Pompcapaciteit2": null, "OBJECTID": 1221, "stelseltype": "http://data.gwsw.nl/1.4/totaal/Drukriolering"}}, {"type": "Feature", "id": 1222, "geometry": {"type": "Point", "coordinates": [108253.28299999982, 454080.21499999985]}, "properties": {"Stelsel": "rd/reeuwijk dorp", "naam": "RD7646", "type": "http://data.gwsw.nl/1.4/totaal/Pompunit", "Begindatum": "2015-01-01", "Pompcapaciteit1": null, "Pompcapaciteit2": null, "OBJECTID": 1222, "stelseltype": "http://data.gwsw.nl/1.4/totaal/Drukriolering"}}, {"type": "Feature", "id": 1223, "geometry": {"type": "Point", "coordinates": [116132.48000000045, 452556.05999999866]}, "properties": {"Stelsel": "wa/waarder", "naam": "WA0008", "type": "http://data.gwsw.nl/1.4/totaal/Pompunit", "Begindatum": "2003-01-01", "Pompcapaciteit1": null, "Pompcapaciteit2": null, "OBJECTID": 1223, "stelseltype": "http://data.gwsw.nl/1.4/totaal/Vuilwaterstelsel"}}, {"type": "Feature", "id": 1224, "geometry": {"type": "Point", "coordinates": [116295.00200000033, 452470.80000000075]}, "properties": {"Stelsel": "wa/waarder", "naam": "WA0058", "type": "http://data.gwsw.nl/1.4/totaal/Pompput", "Begindatum": "1996-01-01", "Pompcapaciteit1": null, "Pompcapaciteit2": null, "OBJECTID": 1224, "stelseltype": "http://data.gwsw.nl/1.4/totaal/GemengdStelsel"}}, {"type": "Feature", "id": 1225, "geometry": {"type": "Point", "coordinates": [116301.12999999896, 452742.2039999999]}, "properties": {"Stelsel": "wa/waarder", "naam": "WA0124", "type": "http://data.gwsw.nl/1.4/totaal/Pompput", "Begindatum": "1996-01-01", "Pompcapaciteit1": 0, "Pompcapaciteit2": 0, "OBJECTID": 1225, "stelseltype": "http://data.gwsw.nl/1.4/totaal/GemengdStelsel"}}, {"type": "Feature", "id": 1226, "geometry": {"type": "Point", "coordinates": [116101.73000000045, 452657.44000000134]}, "properties": {"Stelsel": "wa/waarder", "naam": "WA0149", "type": "http://data.gwsw.nl/1.4/totaal/Pompunit", "Begindatum": "1900-01-01", "Pompcapaciteit1": null, "Pompcapaciteit2": null, "OBJECTID": 1226, "stelseltype": "http://data.gwsw.nl/1.4/totaal/Vuilwaterstelsel"}}, {"type": "Feature", "id": 1227, "geometry": {"type": "Point", "coordinates": [116153.86499999836, 452591.21499999985]}, "properties": {"Stelsel": "wa/waarder", "naam": "WA0151", "type": "http://data.gwsw.nl/1.4/totaal/Pompunit", "Begindatum": "1900-01-01", "Pompcapaciteit1": null, "Pompcapaciteit2": null, "OBJECTID": 1227, "stelseltype": "http://data.gwsw.nl/1.4/totaal/Vuilwaterstelsel"}}, {"type": "Feature", "id": 1228, "geometry": {"type": "Point", "coordinates": [116175.69299999997, 452501.561999999]}, "properties": {"Stelsel": "wa/waarder", "naam": "WA0153", "type": "http://data.gwsw.nl/1.4/totaal/Pompunit", "Begindatum": "1996-01-01", "Pompcapaciteit1": null, "Pompcapaciteit2": null, "OBJECTID": 1228, "stelseltype": "http://data.gwsw.nl/1.4/totaal/Vuilwaterstelsel"}}, {"type": "Feature", "id": 1229, "geometry": {"type": "Point", "coordinates": [116215.37000000104, 452420.8200000003]}, "properties": {"Stelsel": "wa/waarder", "naam": "WA0155", "type": "http://data.gwsw.nl/1.4/totaal/Pompunit", "Begindatum": "2000-01-01", "Pompcapaciteit1": null, "Pompcapaciteit2": null, "OBJECTID": 1229, "stelseltype": "http://data.gwsw.nl/1.4/totaal/Vuilwaterstelsel"}}, {"type": "Feature", "id": 1230, "geometry": {"type": "Point", "coordinates": [116359.83999999985, 452265.05000000075]}, "properties": {"Stelsel": "wa/waarder", "naam": "WA7026", "type": "http://data.gwsw.nl/1.4/totaal/Pompunit", "Begindatum": "1997-01-01", "Pompcapaciteit1": null, "Pompcapaciteit2": null, "OBJECTID": 1230, "stelseltype": "http://data.gwsw.nl/1.4/totaal/Drukriolering"}}, {"type": "Feature", "id": 1231, "geometry": {"type": "Point", "coordinates": [116993.76999999955, 452787.76999999955]}, "properties": {"Stelsel": "wa/waarder", "naam": "WA7050", "type": "http://data.gwsw.nl/1.4/totaal/Pompunit", "Begindatum": "2000-01-01", "Pompcapaciteit1": null, "Pompcapaciteit2": null, "OBJECTID": 1231, "stelseltype": "http://data.gwsw.nl/1.4/totaal/Drukriolering"}}, {"type": "Feature", "id": 1232, "geometry": {"type": "Point", "coordinates": [117040.21999999881, 452858.0300000012]}, "properties": {"Stelsel": "wa/waarder", "naam": "WA7052", "type": "http://data.gwsw.nl/1.4/totaal/Pompunit", "Begindatum": "2000-01-01", "Pompcapaciteit1": null, "Pompcapaciteit2": null, "OBJECTID": 1232, "stelseltype": "http://data.gwsw.nl/1.4/totaal/Drukriolering"}}, {"type": "Feature", "id": 1233, "geometry": {"type": "Point", "coordinates": [117054.82999999821, 452861.48999999836]}, "properties": {"Stelsel": "wa/waarder", "naam": "WA7054", "type": "http://data.gwsw.nl/1.4/totaal/Pompunit", "Begindatum": "2000-01-01", "Pompcapaciteit1": null, "Pompcapaciteit2": null, "OBJECTID": 1233, "stelseltype": "http://data.gwsw.nl/1.4/totaal/Drukriolering"}}, {"type": "Feature", "id": 1234, "geometry": {"type": "Point", "coordinates": [117138.62999999896, 452908.83999999985]}, "properties": {"Stelsel": "wa/waarder", "naam": "WA7056", "type": "http://data.gwsw.nl/1.4/totaal/Pompunit", "Begindatum": "2000-01-01", "Pompcapaciteit1": null, "Pompcapaciteit2": null, "OBJECTID": 1234, "stelseltype": "http://data.gwsw.nl/1.4/totaal/Drukriolering"}}, {"type": "Feature", "id": 1235, "geometry": {"type": "Point", "coordinates": [117175.03000000119, 452929.6099999994]}, "properties": {"Stelsel": "wa/waarder", "naam": "WA7058", "type": "http://data.gwsw.nl/1.4/totaal/Pompunit", "Begindatum": "2000-01-01", "Pompcapaciteit1": null, "Pompcapaciteit2": null, "OBJECTID": 1235, "stelseltype": "http://data.gwsw.nl/1.4/totaal/Drukriolering"}}, {"type": "Feature", "id": 1236, "geometry": {"type": "Point", "coordinates": [117225.01999999955, 452950.44999999925]}, "properties": {"Stelsel": "wa/waarder", "naam": "WA7060", "type": "http://data.gwsw.nl/1.4/totaal/Pompunit", "Begindatum": "2000-01-01", "Pompcapaciteit1": null, "Pompcapaciteit2": null, "OBJECTID": 1236, "stelseltype": "http://data.gwsw.nl/1.4/totaal/Drukriolering"}}, {"type": "Feature", "id": 1237, "geometry": {"type": "Point", "coordinates": [117257.41000000015, 452962.55999999866]}, "properties": {"Stelsel": "wa/waarder", "naam": "WA7062", "type": "http://data.gwsw.nl/1.4/totaal/Pompunit", "Begindatum": "2000-01-01", "Pompcapaciteit1": null, "Pompcapaciteit2": null, "OBJECTID": 1237, "stelseltype": "http://data.gwsw.nl/1.4/totaal/Drukriolering"}}, {"type": "Feature", "id": 1238, "geometry": {"type": "Point", "coordinates": [117415.7899999991, 453011.6499999985]}, "properties": {"Stelsel": "wa/waarder", "naam": "WA7067", "type": "http://data.gwsw.nl/1.4/totaal/Pompunit", "Begindatum": "2000-01-01", "Pompcapaciteit1": null, "Pompcapaciteit2": null, "OBJECTID": 1238, "stelseltype": "http://data.gwsw.nl/1.4/totaal/Drukriolering"}}, {"type": "Feature", "id": 1239, "geometry": {"type": "Point", "coordinates": [117478.21999999881, 453062.94999999925]}, "properties": {"Stelsel": "wa/waarder", "naam": "WA7069", "type": "http://data.gwsw.nl/1.4/totaal/Pompunit", "Begindatum": "2000-01-01", "Pompcapaciteit1": null, "Pompcapaciteit2": null, "OBJECTID": 1239, "stelseltype": "http://data.gwsw.nl/1.4/totaal/Drukriolering"}}, {"type": "Feature", "id": 1240, "geometry": {"type": "Point", "coordinates": [117561.62999999896, 453095.0799999982]}, "properties": {"Stelsel": "wa/waarder", "naam": "WA7071", "type": "http://data.gwsw.nl/1.4/totaal/Pompunit", "Begindatum": "2000-01-01", "Pompcapaciteit1": null, "Pompcapaciteit2": null, "OBJECTID": 1240, "stelseltype": "http://data.gwsw.nl/1.4/totaal/Drukriolering"}}, {"type": "Feature", "id": 1241, "geometry": {"type": "Point", "coordinates": [117603.17000000179, 453121.51000000164]}, "properties": {"Stelsel": "wa/waarder", "naam": "WA7073", "type": "http://data.gwsw.nl/1.4/totaal/Pompunit", "Begindatum": "2000-01-01", "Pompcapaciteit1": null, "Pompcapaciteit2": null, "OBJECTID": 1241, "stelseltype": "http://data.gwsw.nl/1.4/totaal/Drukriolering"}}, {"type": "Feature", "id": 1242, "geometry": {"type": "Point", "coordinates": [117659.80999999866, 453135.4299999997]}, "properties": {"Stelsel": "wa/waarder", "naam": "WA7075", "type": "http://data.gwsw.nl/1.4/totaal/Pompunit", "Begindatum": "2000-01-01", "Pompcapaciteit1": null, "Pompcapaciteit2": null, "OBJECTID": 1242, "stelseltype": "http://data.gwsw.nl/1.4/totaal/Drukriolering"}}, {"type": "Feature", "id": 1243, "geometry": {"type": "Point", "coordinates": [117766.12000000104, 453233.30999999866]}, "properties": {"Stelsel": "wa/waarder", "naam": "WA7077", "type": "http://data.gwsw.nl/1.4/totaal/Pompunit", "Begindatum": "2000-01-01", "Pompcapaciteit1": null, "Pompcapaciteit2": null, "OBJECTID": 1243, "stelseltype": "http://data.gwsw.nl/1.4/totaal/Drukriolering"}}, {"type": "Feature", "id": 1244, "geometry": {"type": "Point", "coordinates": [117874.3200000003, 453244.19000000134]}, "properties": {"Stelsel": "wa/waarder", "naam": "WA7079", "type": "http://data.gwsw.nl/1.4/totaal/Pompunit", "Begindatum": "2000-01-01", "Pompcapaciteit1": null, "Pompcapaciteit2": null, "OBJECTID": 1244, "stelseltype": "http://data.gwsw.nl/1.4/totaal/Drukriolering"}}, {"type": "Feature", "id": 1245, "geometry": {"type": "Point", "coordinates": [117913.89999999851, 453311.8299999982]}, "properties": {"Stelsel": "wa/waarder", "naam": "WA7081", "type": "http://data.gwsw.nl/1.4/totaal/Pompunit", "Begindatum": "2000-01-01", "Pompcapaciteit1": null, "Pompcapaciteit2": null, "OBJECTID": 1245, "stelseltype": "http://data.gwsw.nl/1.4/totaal/Drukriolering"}}, {"type": "Feature", "id": 1246, "geometry": {"type": "Point", "coordinates": [115564.1099999994, 451617.1499999985]}, "properties": {"Stelsel": "wa/waarder", "naam": "WA7109", "type": "http://data.gwsw.nl/1.4/totaal/Pompunit", "Begindatum": "2001-01-01", "Pompcapaciteit1": null, "Pompcapaciteit2": null, "OBJECTID": 1246, "stelseltype": "http://data.gwsw.nl/1.4/totaal/Drukriolering"}}, {"type": "Feature", "id": 1247, "geometry": {"type": "Point", "coordinates": [110357.89999999851, 455731.30099999905]}, "properties": {"Stelsel": "bg/bodegraven", "naam": "BG1547B", "type": "http://data.gwsw.nl/1.4/totaal/Pompput", "Begindatum": "2008-01-01", "Pompcapaciteit1": null, "Pompcapaciteit2": null, "OBJECTID": 1247, "stelseltype": "http://data.gwsw.nl/1.4/totaal/Vuilwaterstelsel"}}, {"type": "Feature", "id": 1248, "geometry": {"type": "Point", "coordinates": [111012.29600000009, 453617.6730000004]}, "properties": {"Stelsel": "bg/bodegraven", "naam": "BG1745", "type": "http://data.gwsw.nl/1.4/totaal/Pompput", "Begindatum": "1900-01-01", "Pompcapaciteit1": null, "Pompcapaciteit2": null, "OBJECTID": 1248, "stelseltype": "http://data.gwsw.nl/1.4/totaal/Vuilwaterstelsel"}}, {"type": "Feature", "id": 1249, "geometry": {"type": "Point", "coordinates": [111143.0390000008, 455778.8729999997]}, "properties": {"Stelsel": "bg/bodegraven", "naam": "BG1855", "type": "http://data.gwsw.nl/1.4/totaal/Pompunit", "Begindatum": "2000-01-01", "Pompcapaciteit1": null, "Pompcapaciteit2": null, "OBJECTID": 1249, "stelseltype": "http://data.gwsw.nl/1.4/totaal/Drukriolering"}}, {"type": "Feature", "id": 1250, "geometry": {"type": "Point", "coordinates": [114803.35000000149, 459827.76999999955]}, "properties": {"Stelsel": "bg/bodegraven", "naam": "BG7130", "type": "http://data.gwsw.nl/1.4/totaal/Pompunit", "Begindatum": "1900-01-01", "Pompcapaciteit1": null, "Pompcapaciteit2": null, "OBJECTID": 1250, "stelseltype": "http://data.gwsw.nl/1.4/totaal/Drukriolering"}}, {"type": "Feature", "id": 1251, "geometry": {"type": "Point", "coordinates": [110318.48000000045, 456971.87999999896]}, "properties": {"Stelsel": "bg/bodegraven", "naam": "BG7685", "type": "http://data.gwsw.nl/1.4/totaal/Pompunit", "Begindatum": "1900-01-01", "Pompcapaciteit1": null, "Pompcapaciteit2": null, "OBJECTID": 1251, "stelseltype": "http://data.gwsw.nl/1.4/totaal/Drukriolering"}}, {"type": "Feature", "id": 1252, "geometry": {"type": "Point", "coordinates": [110471.89999999851, 455974.8900000006]}, "properties": {"Stelsel": "bg/bodegraven", "naam": "BG7691", "type": "http://data.gwsw.nl/1.4/totaal/Pompunit", "Begindatum": "1900-01-01", "Pompcapaciteit1": null, "Pompcapaciteit2": null, "OBJECTID": 1252, "stelseltype": "http://data.gwsw.nl/1.4/totaal/Drukriolering"}}, {"type": "Feature", "id": 1253, "geometry": {"type": "Point", "coordinates": [113436.48999999836, 453736.5399999991]}, "properties": {"Stelsel": "bg/bodegraven", "naam": "BG7714", "type": "http://data.gwsw.nl/1.4/totaal/Pompunit", "Begindatum": "1900-01-01", "Pompcapaciteit1": null, "Pompcapaciteit2": null, "OBJECTID": 1253, "stelseltype": "http://data.gwsw.nl/1.4/totaal/Drukriolering"}}, {"type": "Feature", "id": 1254, "geometry": {"type": "Point", "coordinates": [109202.67000000179, 456050.80000000075]}, "properties": {"Stelsel": "bg/bodegraven", "naam": "BG7746", "type": "http://data.gwsw.nl/1.4/totaal/Pompunit", "Begindatum": "1900-01-01", "Pompcapaciteit1": null, "Pompcapaciteit2": null, "OBJECTID": 1254, "stelseltype": "http://data.gwsw.nl/1.4/totaal/Drukriolering"}}, {"type": "Feature", "id": 1255, "geometry": {"type": "Point", "coordinates": [110395.06899999827, 457005.1400000006]}, "properties": {"Stelsel": "bg/bodegraven", "naam": "BG7751", "type": "http://data.gwsw.nl/1.4/totaal/Pompunit", "Begindatum": "1900-01-01", "Pompcapaciteit1": null, "Pompcapaciteit2": null, "OBJECTID": 1255, "stelseltype": "http://data.gwsw.nl/1.4/totaal/Drukriolering"}}, {"type": "Feature", "id": 1256, "geometry": {"type": "Point", "coordinates": [110521.80999999866, 456967.87000000104]}, "properties": {"Stelsel": "bg/bodegraven", "naam": "BG7794", "type": "http://data.gwsw.nl/1.4/totaal/Pompunit", "Begindatum": "1900-01-01", "Pompcapaciteit1": null, "Pompcapaciteit2": null, "OBJECTID": 1256, "stelseltype": "http://data.gwsw.nl/1.4/totaal/Drukriolering"}}, {"type": "Feature", "id": 1257, "geometry": {"type": "Point", "coordinates": [110443.93200000003, 456013.7010000013]}, "properties": {"Stelsel": "bg/bodegraven", "naam": "BG7808", "type": "http://data.gwsw.nl/1.4/totaal/Pompunit", "Begindatum": "1900-01-01", "Pompcapaciteit1": null, "Pompcapaciteit2": null, "OBJECTID": 1257, "stelseltype": "http://data.gwsw.nl/1.4/totaal/Drukriolering"}}, {"type": "Feature", "id": 1258, "geometry": {"type": "Point", "coordinates": [110586.4299999997, 456370.7100000009]}, "properties": {"Stelsel": "bg/bodegraven", "naam": "BG7813", "type": "http://data.gwsw.nl/1.4/totaal/Pompunit", "Begindatum": "1900-01-01", "Pompcapaciteit1": null, "Pompcapaciteit2": null, "OBJECTID": 1258, "stelseltype": "http://data.gwsw.nl/1.4/totaal/Drukriolering"}}, {"type": "Feature", "id": 1259, "geometry": {"type": "Point", "coordinates": [110295.1799999997, 454458.23000000045]}, "properties": {"Stelsel": "bg/bodegraven", "naam": "BG7835", "type": "http://data.gwsw.nl/1.4/totaal/Pompunit", "Begindatum": "1900-01-01", "Pompcapaciteit1": null, "Pompcapaciteit2": null, "OBJECTID": 1259, "stelseltype": "http://data.gwsw.nl/1.4/totaal/Drukriolering"}}, {"type": "Feature", "id": 1260, "geometry": {"type": "Point", "coordinates": [111735.3599999994, 458025.51999999955]}, "properties": {"Stelsel": "", "naam": "BG7889", "type": "http://data.gwsw.nl/1.4/totaal/Pompput", "Begindatum": "2000-01-01", "Pompcapaciteit1": 0, "Pompcapaciteit2": 0, "OBJECTID": 1260, "stelseltype": ""}}, {"type": "Feature", "id": 1261, "geometry": {"type": "Point", "coordinates": [115157.3900000006, 448883.5700000003]}, "properties": {"Stelsel": "dr/driebruggen", "naam": "DR7007", "type": "http://data.gwsw.nl/1.4/totaal/Pompunit", "Begindatum": "1989-01-01", "Pompcapaciteit1": null, "Pompcapaciteit2": null, "OBJECTID": 1261, "stelseltype": "http://data.gwsw.nl/1.4/totaal/Drukriolering"}}, {"type": "Feature", "id": 1262, "geometry": {"type": "Point", "coordinates": [115722.86499999836, 454255.3579999991]}, "properties": {"Stelsel": "ni/nieuwerbrug", "naam": "NI0001C", "type": "http://data.gwsw.nl/1.4/totaal/Pompput", "Begindatum": "2005-01-01", "Pompcapaciteit1": null, "Pompcapaciteit2": null, "OBJECTID": 1262, "stelseltype": "http://data.gwsw.nl/1.4/totaal/GemengdStelsel"}}, {"type": "Feature", "id": 1263, "geometry": {"type": "Point", "coordinates": [115460.76000000164, 454594.5]}, "properties": {"Stelsel": "ni/nieuwerbrug", "naam": "NI7001", "type": "http://data.gwsw.nl/1.4/totaal/Pompunit", "Begindatum": "1900-01-01", "Pompcapaciteit1": null, "Pompcapaciteit2": null, "OBJECTID": 1263, "stelseltype": "http://data.gwsw.nl/1.4/totaal/Drukriolering"}}, {"type": "Feature", "id": 1264, "geometry": {"type": "Point", "coordinates": [115465.0700000003, 454629.98000000045]}, "properties": {"Stelsel": "ni/nieuwerbrug", "naam": "NI7002", "type": "http://data.gwsw.nl/1.4/totaal/Pompunit", "Begindatum": "1900-01-01", "Pompcapaciteit1": null, "Pompcapaciteit2": null, "OBJECTID": 1264, "stelseltype": "http://data.gwsw.nl/1.4/totaal/Drukriolering"}}, {"type": "Feature", "id": 1265, "geometry": {"type": "Point", "coordinates": [115434.6799999997, 454649.91000000015]}, "properties": {"Stelsel": "ni/nieuwerbrug", "naam": "NI7003", "type": "http://data.gwsw.nl/1.4/totaal/Pompunit", "Begindatum": "1900-01-01", "Pompcapaciteit1": null, "Pompcapaciteit2": null, "OBJECTID": 1265, "stelseltype": "http://data.gwsw.nl/1.4/totaal/Drukriolering"}}, {"type": "Feature", "id": 1266, "geometry": {"type": "Point", "coordinates": [115381.30999999866, 454641.58999999985]}, "properties": {"Stelsel": "ni/nieuwerbrug", "naam": "NI7004", "type": "http://data.gwsw.nl/1.4/totaal/Pompunit", "Begindatum": "1900-01-01", "Pompcapaciteit1": null, "Pompcapaciteit2": null, "OBJECTID": 1266, "stelseltype": "http://data.gwsw.nl/1.4/totaal/Drukriolering"}}, {"type": "Feature", "id": 1267, "geometry": {"type": "Point", "coordinates": [115357.01000000164, 454691.08999999985]}, "properties": {"Stelsel": "ni/nieuwerbrug", "naam": "NI7005", "type": "http://data.gwsw.nl/1.4/totaal/Pompunit", "Begindatum": "1900-01-01", "Pompcapaciteit1": null, "Pompcapaciteit2": null, "OBJECTID": 1267, "stelseltype": "http://data.gwsw.nl/1.4/totaal/Drukriolering"}}, {"type": "Feature", "id": 1268, "geometry": {"type": "Point", "coordinates": [115333.94000000134, 454674.23000000045]}, "properties": {"Stelsel": "ni/nieuwerbrug", "naam": "NI7006", "type": "http://data.gwsw.nl/1.4/totaal/Pompunit", "Begindatum": "1900-01-01", "Pompcapaciteit1": null, "Pompcapaciteit2": null, "OBJECTID": 1268, "stelseltype": "http://data.gwsw.nl/1.4/totaal/Drukriolering"}}, {"type": "Feature", "id": 1269, "geometry": {"type": "Point", "coordinates": [115270.9299999997, 454695.5399999991]}, "properties": {"Stelsel": "ni/nieuwerbrug", "naam": "NI7007", "type": "http://data.gwsw.nl/1.4/totaal/Pompunit", "Begindatum": "1900-01-01", "Pompcapaciteit1": null, "Pompcapaciteit2": null, "OBJECTID": 1269, "stelseltype": "http://data.gwsw.nl/1.4/totaal/Drukriolering"}}, {"type": "Feature", "id": 1270, "geometry": {"type": "Point", "coordinates": [115254.55000000075, 454764]}, "properties": {"Stelsel": "ni/nieuwerbrug", "naam": "NI7008", "type": "http://data.gwsw.nl/1.4/totaal/Pompunit", "Begindatum": "1900-01-01", "Pompcapaciteit1": null, "Pompcapaciteit2": null, "OBJECTID": 1270, "stelseltype": "http://data.gwsw.nl/1.4/totaal/Drukriolering"}}, {"type": "Feature", "id": 1271, "geometry": {"type": "Point", "coordinates": [115229.37000000104, 454755.25]}, "properties": {"Stelsel": "ni/nieuwerbrug", "naam": "NI7009", "type": "http://data.gwsw.nl/1.4/totaal/Pompunit", "Begindatum": "1900-01-01", "Pompcapaciteit1": null, "Pompcapaciteit2": null, "OBJECTID": 1271, "stelseltype": "http://data.gwsw.nl/1.4/totaal/Drukriolering"}}, {"type": "Feature", "id": 1272, "geometry": {"type": "Point", "coordinates": [115194.05999999866, 454807.23999999836]}, "properties": {"Stelsel": "ni/nieuwerbrug", "naam": "NI7010", "type": "http://data.gwsw.nl/1.4/totaal/Pompunit", "Begindatum": "1900-01-01", "Pompcapaciteit1": null, "Pompcapaciteit2": null, "OBJECTID": 1272, "stelseltype": "http://data.gwsw.nl/1.4/totaal/Drukriolering"}}, {"type": "Feature", "id": 1273, "geometry": {"type": "Point", "coordinates": [115138.1099999994, 454850.41000000015]}, "properties": {"Stelsel": "ni/nieuwerbrug", "naam": "NI7011", "type": "http://data.gwsw.nl/1.4/totaal/Pompunit", "Begindatum": "1900-01-01", "Pompcapaciteit1": null, "Pompcapaciteit2": null, "OBJECTID": 1273, "stelseltype": "http://data.gwsw.nl/1.4/totaal/Drukriolering"}}, {"type": "Feature", "id": 1274, "geometry": {"type": "Point", "coordinates": [115049.98000000045, 454875.2800000012]}, "properties": {"Stelsel": "ni/nieuwerbrug", "naam": "NI7012", "type": "http://data.gwsw.nl/1.4/totaal/Pompunit", "Begindatum": "1900-01-01", "Pompcapaciteit1": null, "Pompcapaciteit2": null, "OBJECTID": 1274, "stelseltype": "http://data.gwsw.nl/1.4/totaal/Drukriolering"}}, {"type": "Feature", "id": 1275, "geometry": {"type": "Point", "coordinates": [115026.39999999851, 454914.80999999866]}, "properties": {"Stelsel": "ni/nieuwerbrug", "naam": "NI7013", "type": "http://data.gwsw.nl/1.4/totaal/Pompunit", "Begindatum": "1900-01-01", "Pompcapaciteit1": null, "Pompcapaciteit2": null, "OBJECTID": 1275, "stelseltype": "http://data.gwsw.nl/1.4/totaal/Drukriolering"}}, {"type": "Feature", "id": 1276, "geometry": {"type": "Point", "coordinates": [115001.37000000104, 454911.25]}, "properties": {"Stelsel": "ni/nieuwerbrug", "naam": "NI7014", "type": "http://data.gwsw.nl/1.4/totaal/Pompunit", "Begindatum": "1900-01-01", "Pompcapaciteit1": null, "Pompcapaciteit2": null, "OBJECTID": 1276, "stelseltype": "http://data.gwsw.nl/1.4/totaal/Drukriolering"}}, {"type": "Feature", "id": 1277, "geometry": {"type": "Point", "coordinates": [114939.2100000009, 454938.3900000006]}, "properties": {"Stelsel": "ni/nieuwerbrug", "naam": "NI7015", "type": "http://data.gwsw.nl/1.4/totaal/Pompunit", "Begindatum": "1900-01-01", "Pompcapaciteit1": null, "Pompcapaciteit2": null, "OBJECTID": 1277, "stelseltype": "http://data.gwsw.nl/1.4/totaal/Drukriolering"}}, {"type": "Feature", "id": 1278, "geometry": {"type": "Point", "coordinates": [114875.07999999821, 455013.55999999866]}, "properties": {"Stelsel": "ni/nieuwerbrug", "naam": "NI7016", "type": "http://data.gwsw.nl/1.4/totaal/Pompunit", "Begindatum": "1900-01-01", "Pompcapaciteit1": null, "Pompcapaciteit2": null, "OBJECTID": 1278, "stelseltype": "http://data.gwsw.nl/1.4/totaal/Drukriolering"}}, {"type": "Feature", "id": 1279, "geometry": {"type": "Point", "coordinates": [114828.8200000003, 455076.2800000012]}, "properties": {"Stelsel": "ni/nieuwerbrug", "naam": "NI7017", "type": "http://data.gwsw.nl/1.4/totaal/Pompunit", "Begindatum": "1900-01-01", "Pompcapaciteit1": null, "Pompcapaciteit2": null, "OBJECTID": 1279, "stelseltype": "http://data.gwsw.nl/1.4/totaal/Vuilwaterstelsel"}}, {"type": "Feature", "id": 1280, "geometry": {"type": "Point", "coordinates": [114816.94000000134, 455058.5]}, "properties": {"Stelsel": "ni/nieuwerbrug", "naam": "NI7018", "type": "http://data.gwsw.nl/1.4/totaal/Pompunit", "Begindatum": "1900-01-01", "Pompcapaciteit1": null, "Pompcapaciteit2": null, "OBJECTID": 1280, "stelseltype": "http://data.gwsw.nl/1.4/totaal/Drukriolering"}}, {"type": "Feature", "id": 1281, "geometry": {"type": "Point", "coordinates": [114710.94000000134, 455151.8999999985]}, "properties": {"Stelsel": "ni/nieuwerbrug", "naam": "NI7019", "type": "http://data.gwsw.nl/1.4/totaal/Pompunit", "Begindatum": "1900-01-01", "Pompcapaciteit1": null, "Pompcapaciteit2": null, "OBJECTID": 1281, "stelseltype": "http://data.gwsw.nl/1.4/totaal/Drukriolering"}}, {"type": "Feature", "id": 1282, "geometry": {"type": "Point", "coordinates": [114667.3200000003, 455180.4200000018]}, "properties": {"Stelsel": "ni/nieuwerbrug", "naam": "NI7020", "type": "http://data.gwsw.nl/1.4/totaal/Pompunit", "Begindatum": "1900-01-01", "Pompcapaciteit1": null, "Pompcapaciteit2": null, "OBJECTID": 1282, "stelseltype": "http://data.gwsw.nl/1.4/totaal/Drukriolering"}}, {"type": "Feature", "id": 1283, "geometry": {"type": "Point", "coordinates": [114642.0700000003, 455258.3999999985]}, "properties": {"Stelsel": "ni/nieuwerbrug", "naam": "NI7021", "type": "http://data.gwsw.nl/1.4/totaal/Pompunit", "Begindatum": "1900-01-01", "Pompcapaciteit1": null, "Pompcapaciteit2": null, "OBJECTID": 1283, "stelseltype": "http://data.gwsw.nl/1.4/totaal/Drukriolering"}}, {"type": "Feature", "id": 1284, "geometry": {"type": "Point", "coordinates": [114618.8599999994, 455239.5700000003]}, "properties": {"Stelsel": "ni/nieuwerbrug", "naam": "NI7022", "type": "http://data.gwsw.nl/1.4/totaal/Pompunit", "Begindatum": "1900-01-01", "Pompcapaciteit1": null, "Pompcapaciteit2": null, "OBJECTID": 1284, "stelseltype": "http://data.gwsw.nl/1.4/totaal/Drukriolering"}}, {"type": "Feature", "id": 1285, "geometry": {"type": "Point", "coordinates": [114513.8599999994, 455372.3999999985]}, "properties": {"Stelsel": "ni/nieuwerbrug", "naam": "NI7023", "type": "http://data.gwsw.nl/1.4/totaal/Pompunit", "Begindatum": "1900-01-01", "Pompcapaciteit1": null, "Pompcapaciteit2": null, "OBJECTID": 1285, "stelseltype": "http://data.gwsw.nl/1.4/totaal/Drukriolering"}}, {"type": "Feature", "id": 1286, "geometry": {"type": "Point", "coordinates": [114481.26999999955, 455301.6499999985]}, "properties": {"Stelsel": "ni/nieuwerbrug", "naam": "NI7024", "type": "http://data.gwsw.nl/1.4/totaal/Pompunit", "Begindatum": "1900-01-01", "Pompcapaciteit1": null, "Pompcapaciteit2": null, "OBJECTID": 1286, "stelseltype": "http://data.gwsw.nl/1.4/totaal/Drukriolering"}}, {"type": "Feature", "id": 1287, "geometry": {"type": "Point", "coordinates": [114467.92000000179, 455432.0399999991]}, "properties": {"Stelsel": "ni/nieuwerbrug", "naam": "NI7025", "type": "http://data.gwsw.nl/1.4/totaal/Pompunit", "Begindatum": "1900-01-01", "Pompcapaciteit1": null, "Pompcapaciteit2": null, "OBJECTID": 1287, "stelseltype": "http://data.gwsw.nl/1.4/totaal/Drukriolering"}}, {"type": "Feature", "id": 1288, "geometry": {"type": "Point", "coordinates": [114373.96999999881, 455405.7100000009]}, "properties": {"Stelsel": "ni/nieuwerbrug", "naam": "NI7026", "type": "http://data.gwsw.nl/1.4/totaal/Pompunit", "Begindatum": "1900-01-01", "Pompcapaciteit1": null, "Pompcapaciteit2": null, "OBJECTID": 1288, "stelseltype": "http://data.gwsw.nl/1.4/totaal/Drukriolering"}}, {"type": "Feature", "id": 1289, "geometry": {"type": "Point", "coordinates": [114305.6099999994, 455407.58999999985]}, "properties": {"Stelsel": "ni/nieuwerbrug", "naam": "NI7027", "type": "http://data.gwsw.nl/1.4/totaal/Pompunit", "Begindatum": "1900-01-01", "Pompcapaciteit1": null, "Pompcapaciteit2": null, "OBJECTID": 1289, "stelseltype": "http://data.gwsw.nl/1.4/totaal/Drukriolering"}}, {"type": "Feature", "id": 1290, "geometry": {"type": "Point", "coordinates": [114202.0399999991, 455430.23999999836]}, "properties": {"Stelsel": "ni/nieuwerbrug", "naam": "NI7028", "type": "http://data.gwsw.nl/1.4/totaal/Pompunit", "Begindatum": "1900-01-01", "Pompcapaciteit1": null, "Pompcapaciteit2": null, "OBJECTID": 1290, "stelseltype": "http://data.gwsw.nl/1.4/totaal/Drukriolering"}}, {"type": "Feature", "id": 1291, "geometry": {"type": "Point", "coordinates": [114202.30000000075, 455286.55999999866]}, "properties": {"Stelsel": "ni/nieuwerbrug", "naam": "NI7029", "type": "http://data.gwsw.nl/1.4/totaal/Pompunit", "Begindatum": "1900-01-01", "Pompcapaciteit1": null, "Pompcapaciteit2": null, "OBJECTID": 1291, "stelseltype": "http://data.gwsw.nl/1.4/totaal/Drukriolering"}}, {"type": "Feature", "id": 1292, "geometry": {"type": "Point", "coordinates": [114178.39999999851, 455365.51000000164]}, "properties": {"Stelsel": "ni/nieuwerbrug", "naam": "NI7030", "type": "http://data.gwsw.nl/1.4/totaal/Pompunit", "Begindatum": "1900-01-01", "Pompcapaciteit1": null, "Pompcapaciteit2": null, "OBJECTID": 1292, "stelseltype": "http://data.gwsw.nl/1.4/totaal/Drukriolering"}}, {"type": "Feature", "id": 1293, "geometry": {"type": "Point", "coordinates": [114078.44000000134, 455370.55000000075]}, "properties": {"Stelsel": "ni/nieuwerbrug", "naam": "NI7031", "type": "http://data.gwsw.nl/1.4/totaal/Pompunit", "Begindatum": "1900-01-01", "Pompcapaciteit1": null, "Pompcapaciteit2": null, "OBJECTID": 1293, "stelseltype": "http://data.gwsw.nl/1.4/totaal/Drukriolering"}}, {"type": "Feature", "id": 1294, "geometry": {"type": "Point", "coordinates": [114030.0700000003, 455322.4600000009]}, "properties": {"Stelsel": "ni/nieuwerbrug", "naam": "NI7032", "type": "http://data.gwsw.nl/1.4/totaal/Pompunit", "Begindatum": "1900-01-01", "Pompcapaciteit1": null, "Pompcapaciteit2": null, "OBJECTID": 1294, "stelseltype": "http://data.gwsw.nl/1.4/totaal/Drukriolering"}}, {"type": "Feature", "id": 1295, "geometry": {"type": "Point", "coordinates": [113983.7100000009, 455316.19999999925]}, "properties": {"Stelsel": "ni/nieuwerbrug", "naam": "NI7033", "type": "http://data.gwsw.nl/1.4/totaal/Pompunit", "Begindatum": "1900-01-01", "Pompcapaciteit1": null, "Pompcapaciteit2": null, "OBJECTID": 1295, "stelseltype": "http://data.gwsw.nl/1.4/totaal/Drukriolering"}}, {"type": "Feature", "id": 1296, "geometry": {"type": "Point", "coordinates": [113913.46999999881, 455232.6799999997]}, "properties": {"Stelsel": "ni/nieuwerbrug", "naam": "NI7034", "type": "http://data.gwsw.nl/1.4/totaal/Pompunit", "Begindatum": "1900-01-01", "Pompcapaciteit1": null, "Pompcapaciteit2": null, "OBJECTID": 1296, "stelseltype": "http://data.gwsw.nl/1.4/totaal/Drukriolering"}}, {"type": "Feature", "id": 1297, "geometry": {"type": "Point", "coordinates": [113835.6799999997, 455244.1000000015]}, "properties": {"Stelsel": "ni/nieuwerbrug", "naam": "NI7035", "type": "http://data.gwsw.nl/1.4/totaal/Pompunit", "Begindatum": "1900-01-01", "Pompcapaciteit1": null, "Pompcapaciteit2": null, "OBJECTID": 1297, "stelseltype": "http://data.gwsw.nl/1.4/totaal/Drukriolering"}}, {"type": "Feature", "id": 1298, "geometry": {"type": "Point", "coordinates": [114388.39999999851, 455575.5700000003]}, "properties": {"Stelsel": "ni/nieuwerbrug", "naam": "NI7036", "type": "http://data.gwsw.nl/1.4/totaal/Pompunit", "Begindatum": "1900-01-01", "Pompcapaciteit1": null, "Pompcapaciteit2": null, "OBJECTID": 1298, "stelseltype": "http://data.gwsw.nl/1.4/totaal/Drukriolering"}}, {"type": "Feature", "id": 1299, "geometry": {"type": "Point", "coordinates": [114410.6400000006, 455500.55000000075]}, "properties": {"Stelsel": "ni/nieuwerbrug", "naam": "NI7037", "type": "http://data.gwsw.nl/1.4/totaal/Pompunit", "Begindatum": "1900-01-01", "Pompcapaciteit1": null, "Pompcapaciteit2": null, "OBJECTID": 1299, "stelseltype": "http://data.gwsw.nl/1.4/totaal/Drukriolering"}}, {"type": "Feature", "id": 1300, "geometry": {"type": "Point", "coordinates": [114497.62999999896, 455498.6000000015]}, "properties": {"Stelsel": "ni/nieuwerbrug", "naam": "NI7038", "type": "http://data.gwsw.nl/1.4/totaal/Pompunit", "Begindatum": "1900-01-01", "Pompcapaciteit1": null, "Pompcapaciteit2": null, "OBJECTID": 1300, "stelseltype": "http://data.gwsw.nl/1.4/totaal/Drukriolering"}}, {"type": "Feature", "id": 1301, "geometry": {"type": "Point", "coordinates": [114511.30999999866, 455492.83999999985]}, "properties": {"Stelsel": "ni/nieuwerbrug", "naam": "NI7039", "type": "http://data.gwsw.nl/1.4/totaal/Pompunit", "Begindatum": "1900-01-01", "Pompcapaciteit1": null, "Pompcapaciteit2": null, "OBJECTID": 1301, "stelseltype": "http://data.gwsw.nl/1.4/totaal/Drukriolering"}}, {"type": "Feature", "id": 1302, "geometry": {"type": "Point", "coordinates": [114596.80999999866, 455464.6700000018]}, "properties": {"Stelsel": "ni/nieuwerbrug", "naam": "NI7040", "type": "http://data.gwsw.nl/1.4/totaal/Pompunit", "Begindatum": "1900-01-01", "Pompcapaciteit1": null, "Pompcapaciteit2": null, "OBJECTID": 1302, "stelseltype": "http://data.gwsw.nl/1.4/totaal/Drukriolering"}}, {"type": "Feature", "id": 1303, "geometry": {"type": "Point", "coordinates": [114642.71999999881, 455414.55000000075]}, "properties": {"Stelsel": "ni/nieuwerbrug", "naam": "NI7041", "type": "http://data.gwsw.nl/1.4/totaal/Pompunit", "Begindatum": "1900-01-01", "Pompcapaciteit1": null, "Pompcapaciteit2": null, "OBJECTID": 1303, "stelseltype": "http://data.gwsw.nl/1.4/totaal/Drukriolering"}}, {"type": "Feature", "id": 1304, "geometry": {"type": "Point", "coordinates": [114671.1400000006, 455366.23000000045]}, "properties": {"Stelsel": "ni/nieuwerbrug", "naam": "NI7042", "type": "http://data.gwsw.nl/1.4/totaal/Pompunit", "Begindatum": "1900-01-01", "Pompcapaciteit1": null, "Pompcapaciteit2": null, "OBJECTID": 1304, "stelseltype": "http://data.gwsw.nl/1.4/totaal/Drukriolering"}}, {"type": "Feature", "id": 1305, "geometry": {"type": "Point", "coordinates": [114704.21999999881, 455290.7100000009]}, "properties": {"Stelsel": "ni/nieuwerbrug", "naam": "NI7043", "type": "http://data.gwsw.nl/1.4/totaal/Pompunit", "Begindatum": "1900-01-01", "Pompcapaciteit1": null, "Pompcapaciteit2": null, "OBJECTID": 1305, "stelseltype": "http://data.gwsw.nl/1.4/totaal/Drukriolering"}}, {"type": "Feature", "id": 1306, "geometry": {"type": "Point", "coordinates": [114725.5700000003, 455302.1000000015]}, "properties": {"Stelsel": "ni/nieuwerbrug", "naam": "NI7044", "type": "http://data.gwsw.nl/1.4/totaal/Pompunit", "Begindatum": "1900-01-01", "Pompcapaciteit1": null, "Pompcapaciteit2": null, "OBJECTID": 1306, "stelseltype": "http://data.gwsw.nl/1.4/totaal/Drukriolering"}}, {"type": "Feature", "id": 1307, "geometry": {"type": "Point", "coordinates": [114770.73999999836, 455293.98000000045]}, "properties": {"Stelsel": "ni/nieuwerbrug", "naam": "NI7045", "type": "http://data.gwsw.nl/1.4/totaal/Pompunit", "Begindatum": "1900-01-01", "Pompcapaciteit1": null, "Pompcapaciteit2": null, "OBJECTID": 1307, "stelseltype": "http://data.gwsw.nl/1.4/totaal/Drukriolering"}}, {"type": "Feature", "id": 1308, "geometry": {"type": "Point", "coordinates": [114827.39999999851, 455233.8599999994]}, "properties": {"Stelsel": "ni/nieuwerbrug", "naam": "NI7046", "type": "http://data.gwsw.nl/1.4/totaal/Pompunit", "Begindatum": "1900-01-01", "Pompcapaciteit1": null, "Pompcapaciteit2": null, "OBJECTID": 1308, "stelseltype": "http://data.gwsw.nl/1.4/totaal/Drukriolering"}}, {"type": "Feature", "id": 1309, "geometry": {"type": "Point", "coordinates": [114903.05000000075, 455204.1799999997]}, "properties": {"Stelsel": "ni/nieuwerbrug", "naam": "NI7047", "type": "http://data.gwsw.nl/1.4/totaal/Pompunit", "Begindatum": "1900-01-01", "Pompcapaciteit1": null, "Pompcapaciteit2": null, "OBJECTID": 1309, "stelseltype": "http://data.gwsw.nl/1.4/totaal/Drukriolering"}}, {"type": "Feature", "id": 1310, "geometry": {"type": "Point", "coordinates": [114900.69000000134, 455134.23999999836]}, "properties": {"Stelsel": "ni/nieuwerbrug", "naam": "NI7048", "type": "http://data.gwsw.nl/1.4/totaal/Pompunit", "Begindatum": "1900-01-01", "Pompcapaciteit1": null, "Pompcapaciteit2": null, "OBJECTID": 1310, "stelseltype": "http://data.gwsw.nl/1.4/totaal/Drukriolering"}}, {"type": "Feature", "id": 1311, "geometry": {"type": "Point", "coordinates": [114955.73999999836, 455072.44000000134]}, "properties": {"Stelsel": "ni/nieuwerbrug", "naam": "NI7049", "type": "http://data.gwsw.nl/1.4/totaal/Pompunit", "Begindatum": "1900-01-01", "Pompcapaciteit1": null, "Pompcapaciteit2": null, "OBJECTID": 1311, "stelseltype": "http://data.gwsw.nl/1.4/totaal/Drukriolering"}}, {"type": "Feature", "id": 1312, "geometry": {"type": "Point", "coordinates": [115009.2899999991, 455070.1000000015]}, "properties": {"Stelsel": "ni/nieuwerbrug", "naam": "NI7050", "type": "http://data.gwsw.nl/1.4/totaal/Pompunit", "Begindatum": "1900-01-01", "Pompcapaciteit1": null, "Pompcapaciteit2": null, "OBJECTID": 1312, "stelseltype": "http://data.gwsw.nl/1.4/totaal/Drukriolering"}}, {"type": "Feature", "id": 1313, "geometry": {"type": "Point", "coordinates": [115064.82999999821, 455013.2100000009]}, "properties": {"Stelsel": "ni/nieuwerbrug", "naam": "NI7051", "type": "http://data.gwsw.nl/1.4/totaal/Pompunit", "Begindatum": "1900-01-01", "Pompcapaciteit1": null, "Pompcapaciteit2": null, "OBJECTID": 1313, "stelseltype": "http://data.gwsw.nl/1.4/totaal/Drukriolering"}}, {"type": "Feature", "id": 1314, "geometry": {"type": "Point", "coordinates": [115096.42000000179, 455004.94999999925]}, "properties": {"Stelsel": "ni/nieuwerbrug", "naam": "NI7052", "type": "http://data.gwsw.nl/1.4/totaal/Pompunit", "Begindatum": "1900-01-01", "Pompcapaciteit1": null, "Pompcapaciteit2": null, "OBJECTID": 1314, "stelseltype": "http://data.gwsw.nl/1.4/totaal/Drukriolering"}}, {"type": "Feature", "id": 1315, "geometry": {"type": "Point", "coordinates": [115120.48000000045, 454920.2100000009]}, "properties": {"Stelsel": "ni/nieuwerbrug", "naam": "NI7053", "type": "http://data.gwsw.nl/1.4/totaal/Pompunit", "Begindatum": "1900-01-01", "Pompcapaciteit1": null, "Pompcapaciteit2": null, "OBJECTID": 1315, "stelseltype": "http://data.gwsw.nl/1.4/totaal/Drukriolering"}}, {"type": "Feature", "id": 1316, "geometry": {"type": "Point", "coordinates": [115175.3599999994, 454930.75]}, "properties": {"Stelsel": "ni/nieuwerbrug", "naam": "NI7054", "type": "http://data.gwsw.nl/1.4/totaal/Pompunit", "Begindatum": "1900-01-01", "Pompcapaciteit1": null, "Pompcapaciteit2": null, "OBJECTID": 1316, "stelseltype": "http://data.gwsw.nl/1.4/totaal/Drukriolering"}}, {"type": "Feature", "id": 1317, "geometry": {"type": "Point", "coordinates": [115173.30000000075, 454891.0399999991]}, "properties": {"Stelsel": "ni/nieuwerbrug", "naam": "NI7055", "type": "http://data.gwsw.nl/1.4/totaal/Pompunit", "Begindatum": "1900-01-01", "Pompcapaciteit1": null, "Pompcapaciteit2": null, "OBJECTID": 1317, "stelseltype": "http://data.gwsw.nl/1.4/totaal/Drukriolering"}}, {"type": "Feature", "id": 1318, "geometry": {"type": "Point", "coordinates": [115201.98000000045, 454865.4699999988]}, "properties": {"Stelsel": "ni/nieuwerbrug", "naam": "NI7056", "type": "http://data.gwsw.nl/1.4/totaal/Pompunit", "Begindatum": "1900-01-01", "Pompcapaciteit1": null, "Pompcapaciteit2": null, "OBJECTID": 1318, "stelseltype": "http://data.gwsw.nl/1.4/totaal/Drukriolering"}}, {"type": "Feature", "id": 1319, "geometry": {"type": "Point", "coordinates": [115289.51000000164, 455003.37000000104]}, "properties": {"Stelsel": "ni/nieuwerbrug", "naam": "NI7057", "type": "http://data.gwsw.nl/1.4/totaal/Pompunit", "Begindatum": "1900-01-01", "Pompcapaciteit1": null, "Pompcapaciteit2": null, "OBJECTID": 1319, "stelseltype": "http://data.gwsw.nl/1.4/totaal/Drukriolering"}}, {"type": "Feature", "id": 1320, "geometry": {"type": "Point", "coordinates": [115285.62000000104, 454815.7199999988]}, "properties": {"Stelsel": "ni/nieuwerbrug", "naam": "NI7058", "type": "http://data.gwsw.nl/1.4/totaal/Pompunit", "Begindatum": "1900-01-01", "Pompcapaciteit1": null, "Pompcapaciteit2": null, "OBJECTID": 1320, "stelseltype": "http://data.gwsw.nl/1.4/totaal/Drukriolering"}}, {"type": "Feature", "id": 1321, "geometry": {"type": "Point", "coordinates": [115370.58999999985, 454784.3900000006]}, "properties": {"Stelsel": "ni/nieuwerbrug", "naam": "NI7059", "type": "http://data.gwsw.nl/1.4/totaal/Pompunit", "Begindatum": "1900-01-01", "Pompcapaciteit1": null, "Pompcapaciteit2": null, "OBJECTID": 1321, "stelseltype": "http://data.gwsw.nl/1.4/totaal/Drukriolering"}}, {"type": "Feature", "id": 1322, "geometry": {"type": "Point", "coordinates": [115362.14999999851, 454757.73000000045]}, "properties": {"Stelsel": "ni/nieuwerbrug", "naam": "NI7060", "type": "http://data.gwsw.nl/1.4/totaal/Pompunit", "Begindatum": "1900-01-01", "Pompcapaciteit1": null, "Pompcapaciteit2": null, "OBJECTID": 1322, "stelseltype": "http://data.gwsw.nl/1.4/totaal/Drukriolering"}}, {"type": "Feature", "id": 1323, "geometry": {"type": "Point", "coordinates": [115376.8200000003, 454739.16000000015]}, "properties": {"Stelsel": "ni/nieuwerbrug", "naam": "NI7061", "type": "http://data.gwsw.nl/1.4/totaal/Pompunit", "Begindatum": "1900-01-01", "Pompcapaciteit1": null, "Pompcapaciteit2": null, "OBJECTID": 1323, "stelseltype": "http://data.gwsw.nl/1.4/totaal/Drukriolering"}}, {"type": "Feature", "id": 1324, "geometry": {"type": "Point", "coordinates": [115399.4600000009, 454735.05000000075]}, "properties": {"Stelsel": "ni/nieuwerbrug", "naam": "NI7062", "type": "http://data.gwsw.nl/1.4/totaal/Pompunit", "Begindatum": "1900-01-01", "Pompcapaciteit1": null, "Pompcapaciteit2": null, "OBJECTID": 1324, "stelseltype": "http://data.gwsw.nl/1.4/totaal/Drukriolering"}}, {"type": "Feature", "id": 1325, "geometry": {"type": "Point", "coordinates": [115432.76000000164, 454713.80000000075]}, "properties": {"Stelsel": "ni/nieuwerbrug", "naam": "NI7063", "type": "http://data.gwsw.nl/1.4/totaal/Pompunit", "Begindatum": "1900-01-01", "Pompcapaciteit1": null, "Pompcapaciteit2": null, "OBJECTID": 1325, "stelseltype": "http://data.gwsw.nl/1.4/totaal/Drukriolering"}}, {"type": "Feature", "id": 1326, "geometry": {"type": "Point", "coordinates": [115457.94000000134, 454698.19000000134]}, "properties": {"Stelsel": "ni/nieuwerbrug", "naam": "NI7064", "type": "http://data.gwsw.nl/1.4/totaal/Pompunit", "Begindatum": "1900-01-01", "Pompcapaciteit1": null, "Pompcapaciteit2": null, "OBJECTID": 1326, "stelseltype": "http://data.gwsw.nl/1.4/totaal/Drukriolering"}}, {"type": "Feature", "id": 1327, "geometry": {"type": "Point", "coordinates": [115486.96999999881, 454685.9699999988]}, "properties": {"Stelsel": "ni/nieuwerbrug", "naam": "NI7065", "type": "http://data.gwsw.nl/1.4/totaal/Pompunit", "Begindatum": "1900-01-01", "Pompcapaciteit1": null, "Pompcapaciteit2": null, "OBJECTID": 1327, "stelseltype": "http://data.gwsw.nl/1.4/totaal/Drukriolering"}}, {"type": "Feature", "id": 1328, "geometry": {"type": "Point", "coordinates": [115503.33999999985, 454700.73999999836]}, "properties": {"Stelsel": "ni/nieuwerbrug", "naam": "NI7066", "type": "http://data.gwsw.nl/1.4/totaal/Pompunit", "Begindatum": "1900-01-01", "Pompcapaciteit1": null, "Pompcapaciteit2": null, "OBJECTID": 1328, "stelseltype": "http://data.gwsw.nl/1.4/totaal/Drukriolering"}}, {"type": "Feature", "id": 1329, "geometry": {"type": "Point", "coordinates": [115533.25, 454669.19000000134]}, "properties": {"Stelsel": "ni/nieuwerbrug", "naam": "NI7067", "type": "http://data.gwsw.nl/1.4/totaal/Pompunit", "Begindatum": "1900-01-01", "Pompcapaciteit1": null, "Pompcapaciteit2": null, "OBJECTID": 1329, "stelseltype": "http://data.gwsw.nl/1.4/totaal/Drukriolering"}}, {"type": "Feature", "id": 1330, "geometry": {"type": "Point", "coordinates": [115570.7899999991, 454625.55999999866]}, "properties": {"Stelsel": "ni/nieuwerbrug", "naam": "NI7068", "type": "http://data.gwsw.nl/1.4/totaal/Pompunit", "Begindatum": "1900-01-01", "Pompcapaciteit1": null, "Pompcapaciteit2": null, "OBJECTID": 1330, "stelseltype": "http://data.gwsw.nl/1.4/totaal/Drukriolering"}}, {"type": "Feature", "id": 1331, "geometry": {"type": "Point", "coordinates": [115562.39999999851, 454608.37999999896]}, "properties": {"Stelsel": "ni/nieuwerbrug", "naam": "NI7069", "type": "http://data.gwsw.nl/1.4/totaal/Pompunit", "Begindatum": "1900-01-01", "Pompcapaciteit1": null, "Pompcapaciteit2": null, "OBJECTID": 1331, "stelseltype": "http://data.gwsw.nl/1.4/totaal/Drukriolering"}}, {"type": "Feature", "id": 1332, "geometry": {"type": "Point", "coordinates": [115592.5, 454687.6000000015]}, "properties": {"Stelsel": "ni/nieuwerbrug", "naam": "NI7070", "type": "http://data.gwsw.nl/1.4/totaal/Pompunit", "Begindatum": "1900-01-01", "Pompcapaciteit1": null, "Pompcapaciteit2": null, "OBJECTID": 1332, "stelseltype": "http://data.gwsw.nl/1.4/totaal/Drukriolering"}}, {"type": "Feature", "id": 1333, "geometry": {"type": "Point", "coordinates": [115641.53000000119, 454631.9600000009]}, "properties": {"Stelsel": "ni/nieuwerbrug", "naam": "NI7071", "type": "http://data.gwsw.nl/1.4/totaal/Pompunit", "Begindatum": "1900-01-01", "Pompcapaciteit1": null, "Pompcapaciteit2": null, "OBJECTID": 1333, "stelseltype": "http://data.gwsw.nl/1.4/totaal/Drukriolering"}}, {"type": "Feature", "id": 1334, "geometry": {"type": "Point", "coordinates": [115635.08999999985, 454686.76999999955]}, "properties": {"Stelsel": "ni/nieuwerbrug", "naam": "NI7072", "type": "http://data.gwsw.nl/1.4/totaal/Pompunit", "Begindatum": "1900-01-01", "Pompcapaciteit1": null, "Pompcapaciteit2": null, "OBJECTID": 1334, "stelseltype": "http://data.gwsw.nl/1.4/totaal/Drukriolering"}}, {"type": "Feature", "id": 1335, "geometry": {"type": "Point", "coordinates": [115669.62999999896, 454621.3900000006]}, "properties": {"Stelsel": "ni/nieuwerbrug", "naam": "NI7073", "type": "http://data.gwsw.nl/1.4/totaal/Pompunit", "Begindatum": "1900-01-01", "Pompcapaciteit1": null, "Pompcapaciteit2": null, "OBJECTID": 1335, "stelseltype": "http://data.gwsw.nl/1.4/totaal/Drukriolering"}}, {"type": "Feature", "id": 1336, "geometry": {"type": "Point", "coordinates": [115642.39999999851, 454608.44999999925]}, "properties": {"Stelsel": "ni/nieuwerbrug", "naam": "NI7074", "type": "http://data.gwsw.nl/1.4/totaal/Pompunit", "Begindatum": "1900-01-01", "Pompcapaciteit1": null, "Pompcapaciteit2": null, "OBJECTID": 1336, "stelseltype": "http://data.gwsw.nl/1.4/totaal/Drukriolering"}}, {"type": "Feature", "id": 1337, "geometry": {"type": "Point", "coordinates": [115701.51999999955, 454631.5799999982]}, "properties": {"Stelsel": "ni/nieuwerbrug", "naam": "NI7075", "type": "http://data.gwsw.nl/1.4/totaal/Pompunit", "Begindatum": "1900-01-01", "Pompcapaciteit1": null, "Pompcapaciteit2": null, "OBJECTID": 1337, "stelseltype": "http://data.gwsw.nl/1.4/totaal/Drukriolering"}}, {"type": "Feature", "id": 1338, "geometry": {"type": "Point", "coordinates": [115742.4600000009, 454631.98999999836]}, "properties": {"Stelsel": "ni/nieuwerbrug", "naam": "NI7076", "type": "http://data.gwsw.nl/1.4/totaal/Pompunit", "Begindatum": "1900-01-01", "Pompcapaciteit1": null, "Pompcapaciteit2": null, "OBJECTID": 1338, "stelseltype": "http://data.gwsw.nl/1.4/totaal/Drukriolering"}}, {"type": "Feature", "id": 1339, "geometry": {"type": "Point", "coordinates": [115743.1400000006, 454680.2100000009]}, "properties": {"Stelsel": "ni/nieuwerbrug", "naam": "NI7077", "type": "http://data.gwsw.nl/1.4/totaal/Pompunit", "Begindatum": "1900-01-01", "Pompcapaciteit1": null, "Pompcapaciteit2": null, "OBJECTID": 1339, "stelseltype": "http://data.gwsw.nl/1.4/totaal/Drukriolering"}}, {"type": "Feature", "id": 1340, "geometry": {"type": "Point", "coordinates": [115773.16000000015, 454604.8200000003]}, "properties": {"Stelsel": "ni/nieuwerbrug", "naam": "NI7078", "type": "http://data.gwsw.nl/1.4/totaal/Pompunit", "Begindatum": "1900-01-01", "Pompcapaciteit1": null, "Pompcapaciteit2": null, "OBJECTID": 1340, "stelseltype": "http://data.gwsw.nl/1.4/totaal/Drukriolering"}}, {"type": "Feature", "id": 1341, "geometry": {"type": "Point", "coordinates": [115780.2100000009, 454597.0700000003]}, "properties": {"Stelsel": "ni/nieuwerbrug", "naam": "NI7079", "type": "http://data.gwsw.nl/1.4/totaal/Pompunit", "Begindatum": "1900-01-01", "Pompcapaciteit1": null, "Pompcapaciteit2": null, "OBJECTID": 1341, "stelseltype": "http://data.gwsw.nl/1.4/totaal/Drukriolering"}}, {"type": "Feature", "id": 1342, "geometry": {"type": "Point", "coordinates": [115872.01000000164, 454629.12999999896]}, "properties": {"Stelsel": "ni/nieuwerbrug", "naam": "NI7080", "type": "http://data.gwsw.nl/1.4/totaal/Pompunit", "Begindatum": "1900-01-01", "Pompcapaciteit1": null, "Pompcapaciteit2": null, "OBJECTID": 1342, "stelseltype": "http://data.gwsw.nl/1.4/totaal/Drukriolering"}}, {"type": "Feature", "id": 1343, "geometry": {"type": "Point", "coordinates": [115968.51000000164, 454630.5300000012]}, "properties": {"Stelsel": "ni/nieuwerbrug", "naam": "NI7081", "type": "http://data.gwsw.nl/1.4/totaal/Pompunit", "Begindatum": "1900-01-01", "Pompcapaciteit1": null, "Pompcapaciteit2": null, "OBJECTID": 1343, "stelseltype": "http://data.gwsw.nl/1.4/totaal/Drukriolering"}}, {"type": "Feature", "id": 1344, "geometry": {"type": "Point", "coordinates": [115965.85000000149, 454692.05999999866]}, "properties": {"Stelsel": "ni/nieuwerbrug", "naam": "NI7082", "type": "http://data.gwsw.nl/1.4/totaal/Pompunit", "Begindatum": "1900-01-01", "Pompcapaciteit1": null, "Pompcapaciteit2": null, "OBJECTID": 1344, "stelseltype": "http://data.gwsw.nl/1.4/totaal/Drukriolering"}}, {"type": "Feature", "id": 1345, "geometry": {"type": "Point", "coordinates": [116002.69999999925, 454658.05000000075]}, "properties": {"Stelsel": "ni/nieuwerbrug", "naam": "NI7083", "type": "http://data.gwsw.nl/1.4/totaal/Pompunit", "Begindatum": "1900-01-01", "Pompcapaciteit1": null, "Pompcapaciteit2": null, "OBJECTID": 1345, "stelseltype": "http://data.gwsw.nl/1.4/totaal/Drukriolering"}}, {"type": "Feature", "id": 1346, "geometry": {"type": "Point", "coordinates": [116006.5700000003, 454611.7199999988]}, "properties": {"Stelsel": "ni/nieuwerbrug", "naam": "NI7084", "type": "http://data.gwsw.nl/1.4/totaal/Pompunit", "Begindatum": "1900-01-01", "Pompcapaciteit1": null, "Pompcapaciteit2": null, "OBJECTID": 1346, "stelseltype": "http://data.gwsw.nl/1.4/totaal/Drukriolering"}}, {"type": "Feature", "id": 1347, "geometry": {"type": "Point", "coordinates": [116063.41000000015, 454641.94000000134]}, "properties": {"Stelsel": "ni/nieuwerbrug", "naam": "NI7085", "type": "http://data.gwsw.nl/1.4/totaal/Pompunit", "Begindatum": "1900-01-01", "Pompcapaciteit1": null, "Pompcapaciteit2": null, "OBJECTID": 1347, "stelseltype": "http://data.gwsw.nl/1.4/totaal/Drukriolering"}}, {"type": "Feature", "id": 1348, "geometry": {"type": "Point", "coordinates": [116078.92000000179, 454771.5700000003]}, "properties": {"Stelsel": "ni/nieuwerbrug", "naam": "NI7086", "type": "http://data.gwsw.nl/1.4/totaal/Pompunit", "Begindatum": "1900-01-01", "Pompcapaciteit1": null, "Pompcapaciteit2": null, "OBJECTID": 1348, "stelseltype": "http://data.gwsw.nl/1.4/totaal/Drukriolering"}}, {"type": "Feature", "id": 1349, "geometry": {"type": "Point", "coordinates": [116117.05000000075, 454654.0700000003]}, "properties": {"Stelsel": "ni/nieuwerbrug", "naam": "NI7087", "type": "http://data.gwsw.nl/1.4/totaal/Pompunit", "Begindatum": "1900-01-01", "Pompcapaciteit1": null, "Pompcapaciteit2": null, "OBJECTID": 1349, "stelseltype": "http://data.gwsw.nl/1.4/totaal/Drukriolering"}}, {"type": "Feature", "id": 1350, "geometry": {"type": "Point", "coordinates": [116150.5399999991, 454683.0700000003]}, "properties": {"Stelsel": "ni/nieuwerbrug", "naam": "NI7088", "type": "http://data.gwsw.nl/1.4/totaal/Pompunit", "Begindatum": "1900-01-01", "Pompcapaciteit1": null, "Pompcapaciteit2": null, "OBJECTID": 1350, "stelseltype": "http://data.gwsw.nl/1.4/totaal/Drukriolering"}}, {"type": "Feature", "id": 1351, "geometry": {"type": "Point", "coordinates": [116143.55999999866, 454749.1099999994]}, "properties": {"Stelsel": "ni/nieuwerbrug", "naam": "NI7089", "type": "http://data.gwsw.nl/1.4/totaal/Pompunit", "Begindatum": "1900-01-01", "Pompcapaciteit1": null, "Pompcapaciteit2": null, "OBJECTID": 1351, "stelseltype": "http://data.gwsw.nl/1.4/totaal/Drukriolering"}}, {"type": "Feature", "id": 1352, "geometry": {"type": "Point", "coordinates": [116154.4600000009, 454664.30000000075]}, "properties": {"Stelsel": "ni/nieuwerbrug", "naam": "NI7090", "type": "http://data.gwsw.nl/1.4/totaal/Pompunit", "Begindatum": "1900-01-01", "Pompcapaciteit1": null, "Pompcapaciteit2": null, "OBJECTID": 1352, "stelseltype": "http://data.gwsw.nl/1.4/totaal/Drukriolering"}}, {"type": "Feature", "id": 1353, "geometry": {"type": "Point", "coordinates": [116205.01999999955, 454686.37999999896]}, "properties": {"Stelsel": "ni/nieuwerbrug", "naam": "NI7091", "type": "http://data.gwsw.nl/1.4/totaal/Pompunit", "Begindatum": "1900-01-01", "Pompcapaciteit1": null, "Pompcapaciteit2": null, "OBJECTID": 1353, "stelseltype": "http://data.gwsw.nl/1.4/totaal/Drukriolering"}}, {"type": "Feature", "id": 1354, "geometry": {"type": "Point", "coordinates": [116315.69000000134, 454738.48999999836]}, "properties": {"Stelsel": "ni/nieuwerbrug", "naam": "NI7092", "type": "http://data.gwsw.nl/1.4/totaal/Pompunit", "Begindatum": "1900-01-01", "Pompcapaciteit1": null, "Pompcapaciteit2": null, "OBJECTID": 1354, "stelseltype": "http://data.gwsw.nl/1.4/totaal/Drukriolering"}}, {"type": "Feature", "id": 1355, "geometry": {"type": "Point", "coordinates": [116307.0700000003, 454757.6799999997]}, "properties": {"Stelsel": "ni/nieuwerbrug", "naam": "NI7093", "type": "http://data.gwsw.nl/1.4/totaal/Pompunit", "Begindatum": "1900-01-01", "Pompcapaciteit1": null, "Pompcapaciteit2": null, "OBJECTID": 1355, "stelseltype": "http://data.gwsw.nl/1.4/totaal/Drukriolering"}}, {"type": "Feature", "id": 1356, "geometry": {"type": "Point", "coordinates": [116366.67000000179, 454784.1499999985]}, "properties": {"Stelsel": "ni/nieuwerbrug", "naam": "NI7094", "type": "http://data.gwsw.nl/1.4/totaal/Pompunit", "Begindatum": "1900-01-01", "Pompcapaciteit1": null, "Pompcapaciteit2": null, "OBJECTID": 1356, "stelseltype": "http://data.gwsw.nl/1.4/totaal/Drukriolering"}}, {"type": "Feature", "id": 1357, "geometry": {"type": "Point", "coordinates": [116372.1799999997, 454763.9600000009]}, "properties": {"Stelsel": "ni/nieuwerbrug", "naam": "NI7095", "type": "http://data.gwsw.nl/1.4/totaal/Pompunit", "Begindatum": "1900-01-01", "Pompcapaciteit1": null, "Pompcapaciteit2": null, "OBJECTID": 1357, "stelseltype": "http://data.gwsw.nl/1.4/totaal/Drukriolering"}}, {"type": "Feature", "id": 1358, "geometry": {"type": "Point", "coordinates": [116454.1400000006, 454789.8500000015]}, "properties": {"Stelsel": "ni/nieuwerbrug", "naam": "NI7096", "type": "http://data.gwsw.nl/1.4/totaal/Pompunit", "Begindatum": "1900-01-01", "Pompcapaciteit1": null, "Pompcapaciteit2": null, "OBJECTID": 1358, "stelseltype": "http://data.gwsw.nl/1.4/totaal/Drukriolering"}}, {"type": "Feature", "id": 1359, "geometry": {"type": "Point", "coordinates": [116434.44999999925, 454825.37999999896]}, "properties": {"Stelsel": "ni/nieuwerbrug", "naam": "NI7097", "type": "http://data.gwsw.nl/1.4/totaal/Pompunit", "Begindatum": "1900-01-01", "Pompcapaciteit1": null, "Pompcapaciteit2": null, "OBJECTID": 1359, "stelseltype": "http://data.gwsw.nl/1.4/totaal/Drukriolering"}}, {"type": "Feature", "id": 1360, "geometry": {"type": "Point", "coordinates": [116478.19999999925, 454822.51999999955]}, "properties": {"Stelsel": "ni/nieuwerbrug", "naam": "NI7098", "type": "http://data.gwsw.nl/1.4/totaal/Pompunit", "Begindatum": "1900-01-01", "Pompcapaciteit1": null, "Pompcapaciteit2": null, "OBJECTID": 1360, "stelseltype": "http://data.gwsw.nl/1.4/totaal/Drukriolering"}}, {"type": "Feature", "id": 1361, "geometry": {"type": "Point", "coordinates": [116506.55000000075, 454786.9299999997]}, "properties": {"Stelsel": "ni/nieuwerbrug", "naam": "NI7099", "type": "http://data.gwsw.nl/1.4/totaal/Pompunit", "Begindatum": "1900-01-01", "Pompcapaciteit1": null, "Pompcapaciteit2": null, "OBJECTID": 1361, "stelseltype": "http://data.gwsw.nl/1.4/totaal/Drukriolering"}}, {"type": "Feature", "id": 1362, "geometry": {"type": "Point", "coordinates": [116180.05999999866, 455099.66000000015]}, "properties": {"Stelsel": "ni/nieuwerbrug", "naam": "NI7100", "type": "http://data.gwsw.nl/1.4/totaal/Pompunit", "Begindatum": "1900-01-01", "Pompcapaciteit1": null, "Pompcapaciteit2": null, "OBJECTID": 1362, "stelseltype": "http://data.gwsw.nl/1.4/totaal/Drukriolering"}}, {"type": "Feature", "id": 1363, "geometry": {"type": "Point", "coordinates": [116378.98999999836, 455238.51999999955]}, "properties": {"Stelsel": "ni/nieuwerbrug", "naam": "NI7101", "type": "http://data.gwsw.nl/1.4/totaal/Pompunit", "Begindatum": "1900-01-01", "Pompcapaciteit1": null, "Pompcapaciteit2": null, "OBJECTID": 1363, "stelseltype": "http://data.gwsw.nl/1.4/totaal/Drukriolering"}}, {"type": "Feature", "id": 1364, "geometry": {"type": "Point", "coordinates": [116514.58999999985, 455088]}, "properties": {"Stelsel": "ni/nieuwerbrug", "naam": "NI7102", "type": "http://data.gwsw.nl/1.4/totaal/Pompunit", "Begindatum": "1900-01-01", "Pompcapaciteit1": null, "Pompcapaciteit2": null, "OBJECTID": 1364, "stelseltype": "http://data.gwsw.nl/1.4/totaal/Drukriolering"}}, {"type": "Feature", "id": 1365, "geometry": {"type": "Point", "coordinates": [116606.57999999821, 455141.75]}, "properties": {"Stelsel": "ni/nieuwerbrug", "naam": "NI7103", "type": "http://data.gwsw.nl/1.4/totaal/Pompunit", "Begindatum": "1900-01-01", "Pompcapaciteit1": null, "Pompcapaciteit2": null, "OBJECTID": 1365, "stelseltype": "http://data.gwsw.nl/1.4/totaal/Drukriolering"}}, {"type": "Feature", "id": 1366, "geometry": {"type": "Point", "coordinates": [116649.3900000006, 455150.73000000045]}, "properties": {"Stelsel": "ni/nieuwerbrug", "naam": "NI7104", "type": "http://data.gwsw.nl/1.4/totaal/Pompunit", "Begindatum": "1900-01-01", "Pompcapaciteit1": null, "Pompcapaciteit2": null, "OBJECTID": 1366, "stelseltype": "http://data.gwsw.nl/1.4/totaal/Drukriolering"}}, {"type": "Feature", "id": 1367, "geometry": {"type": "Point", "coordinates": [116413.1799999997, 454928.58999999985]}, "properties": {"Stelsel": "ni/nieuwerbrug", "naam": "NI7105", "type": "http://data.gwsw.nl/1.4/totaal/Pompunit", "Begindatum": "1900-01-01", "Pompcapaciteit1": null, "Pompcapaciteit2": null, "OBJECTID": 1367, "stelseltype": "http://data.gwsw.nl/1.4/totaal/Drukriolering"}}, {"type": "Feature", "id": 1368, "geometry": {"type": "Point", "coordinates": [116190.80000000075, 454271.69999999925]}, "properties": {"Stelsel": "ni/nieuwerbrug", "naam": "NI7106", "type": "http://data.gwsw.nl/1.4/totaal/Pompunit", "Begindatum": "1900-01-01", "Pompcapaciteit1": null, "Pompcapaciteit2": null, "OBJECTID": 1368, "stelseltype": "http://data.gwsw.nl/1.4/totaal/Drukriolering"}}, {"type": "Feature", "id": 1369, "geometry": {"type": "Point", "coordinates": [116215.14999999851, 454281.1799999997]}, "properties": {"Stelsel": "ni/nieuwerbrug", "naam": "NI7107", "type": "http://data.gwsw.nl/1.4/totaal/Pompunit", "Begindatum": "1900-01-01", "Pompcapaciteit1": null, "Pompcapaciteit2": null, "OBJECTID": 1369, "stelseltype": "http://data.gwsw.nl/1.4/totaal/Drukriolering"}}, {"type": "Feature", "id": 1370, "geometry": {"type": "Point", "coordinates": [116270.44999999925, 454269.3599999994]}, "properties": {"Stelsel": "ni/nieuwerbrug", "naam": "NI7108", "type": "http://data.gwsw.nl/1.4/totaal/Pompunit", "Begindatum": "1900-01-01", "Pompcapaciteit1": null, "Pompcapaciteit2": null, "OBJECTID": 1370, "stelseltype": "http://data.gwsw.nl/1.4/totaal/Drukriolering"}}, {"type": "Feature", "id": 1371, "geometry": {"type": "Point", "coordinates": [116335.17000000179, 454229.0399999991]}, "properties": {"Stelsel": "ni/nieuwerbrug", "naam": "NI7109", "type": "http://data.gwsw.nl/1.4/totaal/Pompunit", "Begindatum": "1900-01-01", "Pompcapaciteit1": null, "Pompcapaciteit2": null, "OBJECTID": 1371, "stelseltype": "http://data.gwsw.nl/1.4/totaal/Drukriolering"}}, {"type": "Feature", "id": 1372, "geometry": {"type": "Point", "coordinates": [116347.5399999991, 454202.55999999866]}, "properties": {"Stelsel": "ni/nieuwerbrug", "naam": "NI7110", "type": "http://data.gwsw.nl/1.4/totaal/Pompunit", "Begindatum": "1900-01-01", "Pompcapaciteit1": null, "Pompcapaciteit2": null, "OBJECTID": 1372, "stelseltype": "http://data.gwsw.nl/1.4/totaal/Drukriolering"}}, {"type": "Feature", "id": 1373, "geometry": {"type": "Point", "coordinates": [116368.51000000164, 454219.3200000003]}, "properties": {"Stelsel": "ni/nieuwerbrug", "naam": "NI7111", "type": "http://data.gwsw.nl/1.4/totaal/Pompunit", "Begindatum": "1900-01-01", "Pompcapaciteit1": null, "Pompcapaciteit2": null, "OBJECTID": 1373, "stelseltype": "http://data.gwsw.nl/1.4/totaal/Drukriolering"}}, {"type": "Feature", "id": 1374, "geometry": {"type": "Point", "coordinates": [116420.87000000104, 454155.4200000018]}, "properties": {"Stelsel": "ni/nieuwerbrug", "naam": "NI7112", "type": "http://data.gwsw.nl/1.4/totaal/Pompunit", "Begindatum": "1900-01-01", "Pompcapaciteit1": null, "Pompcapaciteit2": null, "OBJECTID": 1374, "stelseltype": "http://data.gwsw.nl/1.4/totaal/Drukriolering"}}, {"type": "Feature", "id": 1375, "geometry": {"type": "Point", "coordinates": [116488.71999999881, 454202.2100000009]}, "properties": {"Stelsel": "ni/nieuwerbrug", "naam": "NI7113", "type": "http://data.gwsw.nl/1.4/totaal/Pompunit", "Begindatum": "1900-01-01", "Pompcapaciteit1": null, "Pompcapaciteit2": null, "OBJECTID": 1375, "stelseltype": "http://data.gwsw.nl/1.4/totaal/Drukriolering"}}, {"type": "Feature", "id": 1376, "geometry": {"type": "Point", "coordinates": [116540.94999999925, 454243.7899999991]}, "properties": {"Stelsel": "ni/nieuwerbrug", "naam": "NI7114", "type": "http://data.gwsw.nl/1.4/totaal/Pompunit", "Begindatum": "1900-01-01", "Pompcapaciteit1": null, "Pompcapaciteit2": null, "OBJECTID": 1376, "stelseltype": "http://data.gwsw.nl/1.4/totaal/Drukriolering"}}, {"type": "Feature", "id": 1377, "geometry": {"type": "Point", "coordinates": [116326.7490000017, 454682.6009999998]}, "properties": {"Stelsel": "ni/nieuwerbrug", "naam": "NI7115", "type": "http://data.gwsw.nl/1.4/totaal/Pompunit", "Begindatum": "1900-01-01", "Pompcapaciteit1": null, "Pompcapaciteit2": null, "OBJECTID": 1377, "stelseltype": "http://data.gwsw.nl/1.4/totaal/Drukriolering"}}, {"type": "Feature", "id": 1378, "geometry": {"type": "Point", "coordinates": [116391.75, 454677.6400000006]}, "properties": {"Stelsel": "ni/nieuwerbrug", "naam": "NI7116", "type": "http://data.gwsw.nl/1.4/totaal/Pompunit", "Begindatum": "1900-01-01", "Pompcapaciteit1": null, "Pompcapaciteit2": null, "OBJECTID": 1378, "stelseltype": "http://data.gwsw.nl/1.4/totaal/Drukriolering"}}, {"type": "Feature", "id": 1379, "geometry": {"type": "Point", "coordinates": [116463.64999999851, 454715.5799999982]}, "properties": {"Stelsel": "ni/nieuwerbrug", "naam": "NI7117", "type": "http://data.gwsw.nl/1.4/totaal/Pompunit", "Begindatum": "1900-01-01", "Pompcapaciteit1": null, "Pompcapaciteit2": null, "OBJECTID": 1379, "stelseltype": "http://data.gwsw.nl/1.4/totaal/Drukriolering"}}, {"type": "Feature", "id": 1380, "geometry": {"type": "Point", "coordinates": [116392.30000000075, 454694.55000000075]}, "properties": {"Stelsel": "ni/nieuwerbrug", "naam": "NI7337", "type": "http://data.gwsw.nl/1.4/totaal/Pompunit", "Begindatum": "1900-01-01", "Pompcapaciteit1": null, "Pompcapaciteit2": null, "OBJECTID": 1380, "stelseltype": "http://data.gwsw.nl/1.4/totaal/Drukriolering"}}, {"type": "Feature", "id": 1381, "geometry": {"type": "Point", "coordinates": [115293.0700000003, 454798.3599999994]}, "properties": {"Stelsel": "ni/nieuwerbrug", "naam": "NI7338", "type": "http://data.gwsw.nl/1.4/totaal/Pompunit", "Begindatum": "1900-01-01", "Pompcapaciteit1": null, "Pompcapaciteit2": null, "OBJECTID": 1381, "stelseltype": "http://data.gwsw.nl/1.4/totaal/Drukriolering"}}, {"type": "Feature", "id": 1382, "geometry": {"type": "Point", "coordinates": [115664.58999999985, 454864.98999999836]}, "properties": {"Stelsel": "ni/nieuwerbrug", "naam": "NI7340", "type": "http://data.gwsw.nl/1.4/totaal/Pompunit", "Begindatum": "1900-01-01", "Pompcapaciteit1": null, "Pompcapaciteit2": null, "OBJECTID": 1382, "stelseltype": "http://data.gwsw.nl/1.4/totaal/Drukriolering"}}, {"type": "Feature", "id": 1383, "geometry": {"type": "Point", "coordinates": [114201.17000000179, 455364.7199999988]}, "properties": {"Stelsel": "ni/nieuwerbrug", "naam": "NI7344", "type": "http://data.gwsw.nl/1.4/totaal/Pompunit", "Begindatum": "1900-01-01", "Pompcapaciteit1": null, "Pompcapaciteit2": null, "OBJECTID": 1383, "stelseltype": "http://data.gwsw.nl/1.4/totaal/Drukriolering"}}, {"type": "Feature", "id": 1384, "geometry": {"type": "Point", "coordinates": [113884.17000000179, 455199.9200000018]}, "properties": {"Stelsel": "ni/nieuwerbrug", "naam": "NI7345", "type": "http://data.gwsw.nl/1.4/totaal/Pompunit", "Begindatum": "1900-01-01", "Pompcapaciteit1": null, "Pompcapaciteit2": null, "OBJECTID": 1384, "stelseltype": "http://data.gwsw.nl/1.4/totaal/Drukriolering"}}, {"type": "Feature", "id": 1385, "geometry": {"type": "Point", "coordinates": [115249.83999999985, 454837.91000000015]}, "properties": {"Stelsel": "ni/nieuwerbrug", "naam": "NI7346", "type": "http://data.gwsw.nl/1.4/totaal/Pompunit", "Begindatum": "1900-01-01", "Pompcapaciteit1": null, "Pompcapaciteit2": null, "OBJECTID": 1385, "stelseltype": "http://data.gwsw.nl/1.4/totaal/Drukriolering"}}, {"type": "Feature", "id": 1386, "geometry": {"type": "Point", "coordinates": [115334.19999999925, 454832.16000000015]}, "properties": {"Stelsel": "ni/nieuwerbrug", "naam": "NI7347", "type": "http://data.gwsw.nl/1.4/totaal/Pompunit", "Begindatum": "1900-01-01", "Pompcapaciteit1": null, "Pompcapaciteit2": null, "OBJECTID": 1386, "stelseltype": "http://data.gwsw.nl/1.4/totaal/Drukriolering"}}, {"type": "Feature", "id": 1387, "geometry": {"type": "Point", "coordinates": [115764.55000000075, 454904.87000000104]}, "properties": {"Stelsel": "ni/nieuwerbrug", "naam": "NI7348", "type": "http://data.gwsw.nl/1.4/totaal/Pompunit", "Begindatum": "1900-01-01", "Pompcapaciteit1": null, "Pompcapaciteit2": null, "OBJECTID": 1387, "stelseltype": "http://data.gwsw.nl/1.4/totaal/Drukriolering"}}, {"type": "Feature", "id": 1388, "geometry": {"type": "Point", "coordinates": [115821.37999999896, 454781.8500000015]}, "properties": {"Stelsel": "ni/nieuwerbrug", "naam": "NI7349", "type": "http://data.gwsw.nl/1.4/totaal/Pompunit", "Begindatum": "1900-01-01", "Pompcapaciteit1": null, "Pompcapaciteit2": null, "OBJECTID": 1388, "stelseltype": "http://data.gwsw.nl/1.4/totaal/Drukriolering"}}, {"type": "Feature", "id": 1389, "geometry": {"type": "Point", "coordinates": [108890.81399999931, 450575.5080000013]}, "properties": {"Stelsel": "rb/reeuwijk brug", "naam": "RB0085", "type": "http://data.gwsw.nl/1.4/totaal/Pompput", "Begindatum": "1997-01-01", "Pompcapaciteit1": null, "Pompcapaciteit2": null, "OBJECTID": 1389, "stelseltype": "http://data.gwsw.nl/1.4/totaal/Vuilwaterstelsel"}}, {"type": "Feature", "id": 1390, "geometry": {"type": "Point", "coordinates": [108889.87900000066, 450576.5020000003]}, "properties": {"Stelsel": "onbekend", "naam": "RB0085B", "type": "http://data.gwsw.nl/1.4/totaal/Pompput", "Begindatum": "1997-01-01", "Pompcapaciteit1": null, "Pompcapaciteit2": null, "OBJECTID": 1390, "stelseltype": "http://data.gwsw.nl/1.4/totaal/Vuilwaterstelsel"}}, {"type": "Feature", "id": 1391, "geometry": {"type": "Point", "coordinates": [110197.63699999824, 450637.0549999997]}, "properties": {"Stelsel": "rb/reeuwijk brug", "naam": "RB0370", "type": "http://data.gwsw.nl/1.4/totaal/Pompput", "Begindatum": "1965-01-01", "Pompcapaciteit1": 0, "Pompcapaciteit2": 0, "OBJECTID": 1391, "stelseltype": "http://data.gwsw.nl/1.4/totaal/GemengdStelsel"}}, {"type": "Feature", "id": 1392, "geometry": {"type": "Point", "coordinates": [110736.8200000003, 450298.66000000015]}, "properties": {"Stelsel": "rb/reeuwijk brug", "naam": "RB0401", "type": "http://data.gwsw.nl/1.4/totaal/Pompput", "Begindatum": "1970-01-01", "Pompcapaciteit1": 0, "Pompcapaciteit2": 0, "OBJECTID": 1392, "stelseltype": "http://data.gwsw.nl/1.4/totaal/GemengdStelsel"}}, {"type": "Feature", "id": 1393, "geometry": {"type": "Point", "coordinates": [109322.30000000075, 450437.1799999997]}, "properties": {"Stelsel": "rb/reeuwijk brug", "naam": "RB0440", "type": "http://data.gwsw.nl/1.4/totaal/Pompput", "Begindatum": "1965-01-01", "Pompcapaciteit1": 0, "Pompcapaciteit2": 0, "OBJECTID": 1393, "stelseltype": "http://data.gwsw.nl/1.4/totaal/GemengdStelsel"}}, {"type": "Feature", "id": 1394, "geometry": {"type": "Point", "coordinates": [109817.94000000134, 451119.25]}, "properties": {"Stelsel": "rb/reeuwijk brug", "naam": "RB0531", "type": "http://data.gwsw.nl/1.4/totaal/Pompput", "Begindatum": "1976-01-01", "Pompcapaciteit1": null, "Pompcapaciteit2": null, "OBJECTID": 1394, "stelseltype": "http://data.gwsw.nl/1.4/totaal/GemengdStelsel"}}, {"type": "Feature", "id": 1395, "geometry": {"type": "Point", "coordinates": [109316.55000000075, 451468.4200000018]}, "properties": {"Stelsel": "rb/reeuwijk brug", "naam": "RB0741", "type": "http://data.gwsw.nl/1.4/totaal/Pompput", "Begindatum": "1998-01-01", "Pompcapaciteit1": null, "Pompcapaciteit2": null, "OBJECTID": 1395, "stelseltype": "http://data.gwsw.nl/1.4/totaal/Vuilwaterstelsel"}}, {"type": "Feature", "id": 1396, "geometry": {"type": "Point", "coordinates": [109353.3200000003, 451600.3520000018]}, "properties": {"Stelsel": "rb/reeuwijk brug", "naam": "RB0758", "type": "http://data.gwsw.nl/1.4/totaal/Pompput", "Begindatum": "1997-01-01", "Pompcapaciteit1": 0, "Pompcapaciteit2": 0, "OBJECTID": 1396, "stelseltype": "http://data.gwsw.nl/1.4/totaal/Vuilwaterstelsel"}}, {"type": "Feature", "id": 1397, "geometry": {"type": "Point", "coordinates": [110012.48999999836, 451505.01999999955]}, "properties": {"Stelsel": "rb/reeuwijk brug", "naam": "RB0762", "type": "http://data.gwsw.nl/1.4/totaal/Pompunit", "Begindatum": "1988-01-01", "Pompcapaciteit1": null, "Pompcapaciteit2": null, "OBJECTID": 1397, "stelseltype": "http://data.gwsw.nl/1.4/totaal/Vuilwaterstelsel"}}, {"type": "Feature", "id": 1398, "geometry": {"type": "Point", "coordinates": [110011.08999999985, 451479.6400000006]}, "properties": {"Stelsel": "rb/reeuwijk brug", "naam": "RB0763", "type": "http://data.gwsw.nl/1.4/totaal/Pompunit", "Begindatum": "1988-01-01", "Pompcapaciteit1": null, "Pompcapaciteit2": null, "OBJECTID": 1398, "stelseltype": "http://data.gwsw.nl/1.4/totaal/Vuilwaterstelsel"}}, {"type": "Feature", "id": 1399, "geometry": {"type": "Point", "coordinates": [109932.01000000164, 451503.26000000164]}, "properties": {"Stelsel": "rb/reeuwijk brug", "naam": "RB0767", "type": "http://data.gwsw.nl/1.4/totaal/Pompunit", "Begindatum": "1992-01-01", "Pompcapaciteit1": null, "Pompcapaciteit2": null, "OBJECTID": 1399, "stelseltype": "http://data.gwsw.nl/1.4/totaal/Vuilwaterstelsel"}}, {"type": "Feature", "id": 1400, "geometry": {"type": "Point", "coordinates": [109989.85000000149, 451511.5799999982]}, "properties": {"Stelsel": "rb/reeuwijk brug", "naam": "RB0774", "type": "http://data.gwsw.nl/1.4/totaal/Pompunit", "Begindatum": "1988-01-01", "Pompcapaciteit1": null, "Pompcapaciteit2": null, "OBJECTID": 1400, "stelseltype": "http://data.gwsw.nl/1.4/totaal/Vuilwaterstelsel"}}, {"type": "Feature", "id": 1401, "geometry": {"type": "Point", "coordinates": [109969.05999999866, 451463.8599999994]}, "properties": {"Stelsel": "rb/reeuwijk brug", "naam": "RB0785", "type": "http://data.gwsw.nl/1.4/totaal/Pompunit", "Begindatum": "1988-01-01", "Pompcapaciteit1": null, "Pompcapaciteit2": null, "OBJECTID": 1401, "stelseltype": "http://data.gwsw.nl/1.4/totaal/Vuilwaterstelsel"}}, {"type": "Feature", "id": 1402, "geometry": {"type": "Point", "coordinates": [110040.2100000009, 451443.6799999997]}, "properties": {"Stelsel": "rb/reeuwijk brug", "naam": "RB0791", "type": "http://data.gwsw.nl/1.4/totaal/Pompunit", "Begindatum": "1988-01-01", "Pompcapaciteit1": null, "Pompcapaciteit2": null, "OBJECTID": 1402, "stelseltype": "http://data.gwsw.nl/1.4/totaal/Vuilwaterstelsel"}}, {"type": "Feature", "id": 1403, "geometry": {"type": "Point", "coordinates": [109957.58999999985, 451466.3599999994]}, "properties": {"Stelsel": "rb/reeuwijk brug", "naam": "RB0793", "type": "http://data.gwsw.nl/1.4/totaal/Pompunit", "Begindatum": "1992-01-01", "Pompcapaciteit1": null, "Pompcapaciteit2": null, "OBJECTID": 1403, "stelseltype": "http://data.gwsw.nl/1.4/totaal/Vuilwaterstelsel"}}, {"type": "Feature", "id": 1404, "geometry": {"type": "Point", "coordinates": [109937.7100000009, 451480.73000000045]}, "properties": {"Stelsel": "rb/reeuwijk brug", "naam": "RB0795", "type": "http://data.gwsw.nl/1.4/totaal/Pompunit", "Begindatum": "1992-01-01", "Pompcapaciteit1": null, "Pompcapaciteit2": null, "OBJECTID": 1404, "stelseltype": "http://data.gwsw.nl/1.4/totaal/Vuilwaterstelsel"}}, {"type": "Feature", "id": 1405, "geometry": {"type": "Point", "coordinates": [109909.19999999925, 451535.83999999985]}, "properties": {"Stelsel": "rb/reeuwijk brug", "naam": "RB0796", "type": "http://data.gwsw.nl/1.4/totaal/Pompunit", "Begindatum": "1988-01-01", "Pompcapaciteit1": null, "Pompcapaciteit2": null, "OBJECTID": 1405, "stelseltype": "http://data.gwsw.nl/1.4/totaal/Vuilwaterstelsel"}}, {"type": "Feature", "id": 1406, "geometry": {"type": "Point", "coordinates": [109913.46999999881, 451590.2199999988]}, "properties": {"Stelsel": "rb/reeuwijk brug", "naam": "RB0803", "type": "http://data.gwsw.nl/1.4/totaal/Pompunit", "Begindatum": "1992-01-01", "Pompcapaciteit1": null, "Pompcapaciteit2": null, "OBJECTID": 1406, "stelseltype": "http://data.gwsw.nl/1.4/totaal/Vuilwaterstelsel"}}, {"type": "Feature", "id": 1407, "geometry": {"type": "Point", "coordinates": [109953.4299999997, 451582.5399999991]}, "properties": {"Stelsel": "rb/reeuwijk brug", "naam": "RB0804", "type": "http://data.gwsw.nl/1.4/totaal/Pompunit", "Begindatum": "1992-01-01", "Pompcapaciteit1": null, "Pompcapaciteit2": null, "OBJECTID": 1407, "stelseltype": "http://data.gwsw.nl/1.4/totaal/Vuilwaterstelsel"}}, {"type": "Feature", "id": 1408, "geometry": {"type": "Point", "coordinates": [109964.3599999994, 451583.1099999994]}, "properties": {"Stelsel": "rb/reeuwijk brug", "naam": "RB0808", "type": "http://data.gwsw.nl/1.4/totaal/Pompunit", "Begindatum": "1992-01-01", "Pompcapaciteit1": null, "Pompcapaciteit2": null, "OBJECTID": 1408, "stelseltype": "http://data.gwsw.nl/1.4/totaal/Vuilwaterstelsel"}}, {"type": "Feature", "id": 1409, "geometry": {"type": "Point", "coordinates": [109950.7100000009, 451534.4699999988]}, "properties": {"Stelsel": "rb/reeuwijk brug", "naam": "RB0812", "type": "http://data.gwsw.nl/1.4/totaal/Pompunit", "Begindatum": "1988-01-01", "Pompcapaciteit1": null, "Pompcapaciteit2": null, "OBJECTID": 1409, "stelseltype": "http://data.gwsw.nl/1.4/totaal/Vuilwaterstelsel"}}, {"type": "Feature", "id": 1410, "geometry": {"type": "Point", "coordinates": [109945.7899999991, 451535.8599999994]}, "properties": {"Stelsel": "rb/reeuwijk brug", "naam": "RB0815", "type": "http://data.gwsw.nl/1.4/totaal/Pompunit", "Begindatum": "1988-01-01", "Pompcapaciteit1": null, "Pompcapaciteit2": null, "OBJECTID": 1410, "stelseltype": "http://data.gwsw.nl/1.4/totaal/Vuilwaterstelsel"}}, {"type": "Feature", "id": 1411, "geometry": {"type": "Point", "coordinates": [110027.35000000149, 451536.6400000006]}, "properties": {"Stelsel": "rb/reeuwijk brug", "naam": "RB0816", "type": "http://data.gwsw.nl/1.4/totaal/Pompunit", "Begindatum": "1990-01-01", "Pompcapaciteit1": null, "Pompcapaciteit2": null, "OBJECTID": 1411, "stelseltype": "http://data.gwsw.nl/1.4/totaal/Vuilwaterstelsel"}}, {"type": "Feature", "id": 1412, "geometry": {"type": "Point", "coordinates": [110022.75, 451561.8599999994]}, "properties": {"Stelsel": "rb/reeuwijk brug", "naam": "RB0823", "type": "http://data.gwsw.nl/1.4/totaal/Pompunit", "Begindatum": "1990-01-01", "Pompcapaciteit1": null, "Pompcapaciteit2": null, "OBJECTID": 1412, "stelseltype": "http://data.gwsw.nl/1.4/totaal/Vuilwaterstelsel"}}, {"type": "Feature", "id": 1413, "geometry": {"type": "Point", "coordinates": [110034.17000000179, 451602.4699999988]}, "properties": {"Stelsel": "rb/reeuwijk brug", "naam": "RB0831", "type": "http://data.gwsw.nl/1.4/totaal/Pompunit", "Begindatum": "1990-01-01", "Pompcapaciteit1": null, "Pompcapaciteit2": null, "OBJECTID": 1413, "stelseltype": "http://data.gwsw.nl/1.4/totaal/Vuilwaterstelsel"}}, {"type": "Feature", "id": 1414, "geometry": {"type": "Point", "coordinates": [110037.82999999821, 451564.69999999925]}, "properties": {"Stelsel": "rb/reeuwijk brug", "naam": "RB0832", "type": "http://data.gwsw.nl/1.4/totaal/Pompunit", "Begindatum": "1990-01-01", "Pompcapaciteit1": null, "Pompcapaciteit2": null, "OBJECTID": 1414, "stelseltype": "http://data.gwsw.nl/1.4/totaal/Vuilwaterstelsel"}}, {"type": "Feature", "id": 1415, "geometry": {"type": "Point", "coordinates": [110016.48999999836, 451538.0300000012]}, "properties": {"Stelsel": "rb/reeuwijk brug", "naam": "RB0837", "type": "http://data.gwsw.nl/1.4/totaal/Pompunit", "Begindatum": "1990-01-01", "Pompcapaciteit1": null, "Pompcapaciteit2": null, "OBJECTID": 1415, "stelseltype": "http://data.gwsw.nl/1.4/totaal/Vuilwaterstelsel"}}, {"type": "Feature", "id": 1416, "geometry": {"type": "Point", "coordinates": [110011.94000000134, 451705.5799999982]}, "properties": {"Stelsel": "rb/reeuwijk brug", "naam": "RB0844", "type": "http://data.gwsw.nl/1.4/totaal/Pompunit", "Begindatum": "1993-01-01", "Pompcapaciteit1": null, "Pompcapaciteit2": null, "OBJECTID": 1416, "stelseltype": "http://data.gwsw.nl/1.4/totaal/Vuilwaterstelsel"}}, {"type": "Feature", "id": 1417, "geometry": {"type": "Point", "coordinates": [109980.21999999881, 451713.7100000009]}, "properties": {"Stelsel": "rb/reeuwijk brug", "naam": "RB0847", "type": "http://data.gwsw.nl/1.4/totaal/Pompunit", "Begindatum": "1993-01-01", "Pompcapaciteit1": null, "Pompcapaciteit2": null, "OBJECTID": 1417, "stelseltype": "http://data.gwsw.nl/1.4/totaal/Vuilwaterstelsel"}}, {"type": "Feature", "id": 1418, "geometry": {"type": "Point", "coordinates": [109955.30000000075, 451707.6499999985]}, "properties": {"Stelsel": "rb/reeuwijk brug", "naam": "RB0851", "type": "http://data.gwsw.nl/1.4/totaal/Pompunit", "Begindatum": "1993-01-01", "Pompcapaciteit1": null, "Pompcapaciteit2": null, "OBJECTID": 1418, "stelseltype": "http://data.gwsw.nl/1.4/totaal/Vuilwaterstelsel"}}, {"type": "Feature", "id": 1419, "geometry": {"type": "Point", "coordinates": [109986.48999999836, 451697.94999999925]}, "properties": {"Stelsel": "rb/reeuwijk brug", "naam": "RB0854", "type": "http://data.gwsw.nl/1.4/totaal/Pompunit", "Begindatum": "1993-01-01", "Pompcapaciteit1": null, "Pompcapaciteit2": null, "OBJECTID": 1419, "stelseltype": "http://data.gwsw.nl/1.4/totaal/Vuilwaterstelsel"}}, {"type": "Feature", "id": 1420, "geometry": {"type": "Point", "coordinates": [110067.76999999955, 451695.6799999997]}, "properties": {"Stelsel": "rb/reeuwijk brug", "naam": "RB0859", "type": "http://data.gwsw.nl/1.4/totaal/Pompunit", "Begindatum": "1993-01-01", "Pompcapaciteit1": null, "Pompcapaciteit2": null, "OBJECTID": 1420, "stelseltype": "http://data.gwsw.nl/1.4/totaal/Vuilwaterstelsel"}}, {"type": "Feature", "id": 1421, "geometry": {"type": "Point", "coordinates": [110083.69000000134, 451699.3999999985]}, "properties": {"Stelsel": "rb/reeuwijk brug", "naam": "RB0864", "type": "http://data.gwsw.nl/1.4/totaal/Pompunit", "Begindatum": "1993-01-01", "Pompcapaciteit1": null, "Pompcapaciteit2": null, "OBJECTID": 1421, "stelseltype": "http://data.gwsw.nl/1.4/totaal/Vuilwaterstelsel"}}, {"type": "Feature", "id": 1422, "geometry": {"type": "Point", "coordinates": [110072.8900000006, 451683.55999999866]}, "properties": {"Stelsel": "rb/reeuwijk brug", "naam": "RB0867", "type": "http://data.gwsw.nl/1.4/totaal/Pompunit", "Begindatum": "1990-01-01", "Pompcapaciteit1": null, "Pompcapaciteit2": null, "OBJECTID": 1422, "stelseltype": "http://data.gwsw.nl/1.4/totaal/Vuilwaterstelsel"}}, {"type": "Feature", "id": 1423, "geometry": {"type": "Point", "coordinates": [110031.19000000134, 451733.80999999866]}, "properties": {"Stelsel": "rb/reeuwijk brug", "naam": "RB0875", "type": "http://data.gwsw.nl/1.4/totaal/Pompunit", "Begindatum": "1993-01-01", "Pompcapaciteit1": null, "Pompcapaciteit2": null, "OBJECTID": 1423, "stelseltype": "http://data.gwsw.nl/1.4/totaal/Vuilwaterstelsel"}}, {"type": "Feature", "id": 1424, "geometry": {"type": "Point", "coordinates": [110075.44000000134, 451743.8999999985]}, "properties": {"Stelsel": "rb/reeuwijk brug", "naam": "RB0884", "type": "http://data.gwsw.nl/1.4/totaal/Pompunit", "Begindatum": "1993-01-01", "Pompcapaciteit1": null, "Pompcapaciteit2": null, "OBJECTID": 1424, "stelseltype": "http://data.gwsw.nl/1.4/totaal/Vuilwaterstelsel"}}, {"type": "Feature", "id": 1425, "geometry": {"type": "Point", "coordinates": [109941.14999999851, 451656.2899999991]}, "properties": {"Stelsel": "rb/reeuwijk brug", "naam": "RB0893", "type": "http://data.gwsw.nl/1.4/totaal/Pompunit", "Begindatum": "1993-01-01", "Pompcapaciteit1": null, "Pompcapaciteit2": null, "OBJECTID": 1425, "stelseltype": "http://data.gwsw.nl/1.4/totaal/Vuilwaterstelsel"}}, {"type": "Feature", "id": 1426, "geometry": {"type": "Point", "coordinates": [109940.7100000009, 451653.62000000104]}, "properties": {"Stelsel": "rb/reeuwijk brug", "naam": "RB0895", "type": "http://data.gwsw.nl/1.4/totaal/Pompunit", "Begindatum": "1993-01-01", "Pompcapaciteit1": null, "Pompcapaciteit2": null, "OBJECTID": 1426, "stelseltype": "http://data.gwsw.nl/1.4/totaal/Vuilwaterstelsel"}}, {"type": "Feature", "id": 1427, "geometry": {"type": "Point", "coordinates": [109991.00800000131, 451639.77600000054]}, "properties": {"Stelsel": "rb/reeuwijk brug", "naam": "RB0897", "type": "http://data.gwsw.nl/1.4/totaal/Pompunit", "Begindatum": "1993-01-01", "Pompcapaciteit1": null, "Pompcapaciteit2": null, "OBJECTID": 1427, "stelseltype": "http://data.gwsw.nl/1.4/totaal/Vuilwaterstelsel"}}, {"type": "Feature", "id": 1428, "geometry": {"type": "Point", "coordinates": [109929.10000000149, 451650.3200000003]}, "properties": {"Stelsel": "rb/reeuwijk brug", "naam": "RB0899", "type": "http://data.gwsw.nl/1.4/totaal/Pompunit", "Begindatum": "1993-01-01", "Pompcapaciteit1": null, "Pompcapaciteit2": null, "OBJECTID": 1428, "stelseltype": "http://data.gwsw.nl/1.4/totaal/Vuilwaterstelsel"}}, {"type": "Feature", "id": 1429, "geometry": {"type": "Point", "coordinates": [109944.62000000104, 451708.2800000012]}, "properties": {"Stelsel": "rb/reeuwijk brug", "naam": "RB0902", "type": "http://data.gwsw.nl/1.4/totaal/Pompunit", "Begindatum": "1993-01-01", "Pompcapaciteit1": null, "Pompcapaciteit2": null, "OBJECTID": 1429, "stelseltype": "http://data.gwsw.nl/1.4/totaal/Vuilwaterstelsel"}}, {"type": "Feature", "id": 1430, "geometry": {"type": "Point", "coordinates": [109992.39999999851, 451674.52800000086]}, "properties": {"Stelsel": "rb/reeuwijk brug", "naam": "RB0904", "type": "http://data.gwsw.nl/1.4/totaal/Pompunit", "Begindatum": "1993-01-01", "Pompcapaciteit1": null, "Pompcapaciteit2": null, "OBJECTID": 1430, "stelseltype": "http://data.gwsw.nl/1.4/totaal/Vuilwaterstelsel"}}, {"type": "Feature", "id": 1431, "geometry": {"type": "Point", "coordinates": [110050.76000000164, 451578.84800000116]}, "properties": {"Stelsel": "rb/reeuwijk brug", "naam": "RB0907", "type": "http://data.gwsw.nl/1.4/totaal/Pompunit", "Begindatum": "1990-01-01", "Pompcapaciteit1": null, "Pompcapaciteit2": null, "OBJECTID": 1431, "stelseltype": "http://data.gwsw.nl/1.4/totaal/Vuilwaterstelsel"}}, {"type": "Feature", "id": 1432, "geometry": {"type": "Point", "coordinates": [110063.85000000149, 451626.05999999866]}, "properties": {"Stelsel": "rb/reeuwijk brug", "naam": "RB0908", "type": "http://data.gwsw.nl/1.4/totaal/Pompunit", "Begindatum": "1990-01-01", "Pompcapaciteit1": null, "Pompcapaciteit2": null, "OBJECTID": 1432, "stelseltype": "http://data.gwsw.nl/1.4/totaal/Vuilwaterstelsel"}}, {"type": "Feature", "id": 1433, "geometry": {"type": "Point", "coordinates": [109836.8900000006, 451512.98999999836]}, "properties": {"Stelsel": "rb/reeuwijk brug", "naam": "RB0968", "type": "http://data.gwsw.nl/1.4/totaal/Pompunit", "Begindatum": "1998-01-01", "Pompcapaciteit1": null, "Pompcapaciteit2": null, "OBJECTID": 1433, "stelseltype": "http://data.gwsw.nl/1.4/totaal/Vuilwaterstelsel"}}, {"type": "Feature", "id": 1434, "geometry": {"type": "Point", "coordinates": [109831.87000000104, 451516.69000000134]}, "properties": {"Stelsel": "rb/reeuwijk brug", "naam": "RB0969", "type": "http://data.gwsw.nl/1.4/totaal/Pompunit", "Begindatum": "1998-01-01", "Pompcapaciteit1": null, "Pompcapaciteit2": null, "OBJECTID": 1434, "stelseltype": "http://data.gwsw.nl/1.4/totaal/Vuilwaterstelsel"}}, {"type": "Feature", "id": 1435, "geometry": {"type": "Point", "coordinates": [109840.39999999851, 451549.1799999997]}, "properties": {"Stelsel": "rb/reeuwijk brug", "naam": "RB0970", "type": "http://data.gwsw.nl/1.4/totaal/Pompunit", "Begindatum": "1998-01-01", "Pompcapaciteit1": null, "Pompcapaciteit2": null, "OBJECTID": 1435, "stelseltype": "http://data.gwsw.nl/1.4/totaal/Vuilwaterstelsel"}}, {"type": "Feature", "id": 1436, "geometry": {"type": "Point", "coordinates": [109858.75, 451599.4200000018]}, "properties": {"Stelsel": "rb/reeuwijk brug", "naam": "RB0971", "type": "http://data.gwsw.nl/1.4/totaal/Pompunit", "Begindatum": "1998-01-01", "Pompcapaciteit1": null, "Pompcapaciteit2": null, "OBJECTID": 1436, "stelseltype": "http://data.gwsw.nl/1.4/totaal/Vuilwaterstelsel"}}, {"type": "Feature", "id": 1437, "geometry": {"type": "Point", "coordinates": [109879.98999999836, 451683.19999999925]}, "properties": {"Stelsel": "rb/reeuwijk brug", "naam": "RB0972", "type": "http://data.gwsw.nl/1.4/totaal/Pompunit", "Begindatum": "1998-01-01", "Pompcapaciteit1": null, "Pompcapaciteit2": null, "OBJECTID": 1437, "stelseltype": "http://data.gwsw.nl/1.4/totaal/Vuilwaterstelsel"}}, {"type": "Feature", "id": 1438, "geometry": {"type": "Point", "coordinates": [109888.67000000179, 451716.5399999991]}, "properties": {"Stelsel": "rb/reeuwijk brug", "naam": "RB0973", "type": "http://data.gwsw.nl/1.4/totaal/Pompunit", "Begindatum": "1998-01-01", "Pompcapaciteit1": null, "Pompcapaciteit2": null, "OBJECTID": 1438, "stelseltype": "http://data.gwsw.nl/1.4/totaal/Vuilwaterstelsel"}}, {"type": "Feature", "id": 1439, "geometry": {"type": "Point", "coordinates": [109883.87999999896, 451720.3200000003]}, "properties": {"Stelsel": "rb/reeuwijk brug", "naam": "RB0974", "type": "http://data.gwsw.nl/1.4/totaal/Pompunit", "Begindatum": "1998-01-01", "Pompcapaciteit1": null, "Pompcapaciteit2": null, "OBJECTID": 1439, "stelseltype": "http://data.gwsw.nl/1.4/totaal/Vuilwaterstelsel"}}, {"type": "Feature", "id": 1440, "geometry": {"type": "Point", "coordinates": [109907.3599999994, 451793.1499999985]}, "properties": {"Stelsel": "rb/reeuwijk brug", "naam": "RB0975", "type": "http://data.gwsw.nl/1.4/totaal/Pompunit", "Begindatum": "2004-01-01", "Pompcapaciteit1": null, "Pompcapaciteit2": null, "OBJECTID": 1440, "stelseltype": "http://data.gwsw.nl/1.4/totaal/Vuilwaterstelsel"}}, {"type": "Feature", "id": 1441, "geometry": {"type": "Point", "coordinates": [110450.01000000164, 452062.9699999988]}, "properties": {"Stelsel": "rb/reeuwijk brug", "naam": "RB0976", "type": "http://data.gwsw.nl/1.4/totaal/Pompput", "Begindatum": "1900-01-01", "Pompcapaciteit1": null, "Pompcapaciteit2": null, "OBJECTID": 1441, "stelseltype": "http://data.gwsw.nl/1.4/totaal/GemengdStelsel"}}, {"type": "Feature", "id": 1442, "geometry": {"type": "Point", "coordinates": [109732.36899999902, 451730.48000000045]}, "properties": {"Stelsel": "rb/reeuwijk brug", "naam": "RB1042", "type": "http://data.gwsw.nl/1.4/totaal/Pompput", "Begindatum": "2010-01-01", "Pompcapaciteit1": 0, "Pompcapaciteit2": 0, "OBJECTID": 1442, "stelseltype": "http://data.gwsw.nl/1.4/totaal/Vuilwaterstelsel"}}, {"type": "Feature", "id": 1443, "geometry": {"type": "Point", "coordinates": [109777.92300000042, 451576.9519999996]}, "properties": {"Stelsel": "rb/reeuwijk brug", "naam": "RB1043", "type": "http://data.gwsw.nl/1.4/totaal/Pompput", "Begindatum": "2009-01-01", "Pompcapaciteit1": 0, "Pompcapaciteit2": 0, "OBJECTID": 1443, "stelseltype": "http://data.gwsw.nl/1.4/totaal/Vuilwaterstelsel"}}, {"type": "Feature", "id": 1444, "geometry": {"type": "Point", "coordinates": [109010.4299999997, 450197.20899999887]}, "properties": {"Stelsel": "rb/reeuwijk brug", "naam": "RB1056", "type": "http://data.gwsw.nl/1.4/totaal/Pompput", "Begindatum": "2013-01-01", "Pompcapaciteit1": 0, "Pompcapaciteit2": 0, "OBJECTID": 1444, "stelseltype": "http://data.gwsw.nl/1.4/totaal/Vuilwaterstelsel"}}, {"type": "Feature", "id": 1445, "geometry": {"type": "Point", "coordinates": [109186.93100000173, 451434.2529999986]}, "properties": {"Stelsel": "rb/reeuwijk brug", "naam": "RB1083B", "type": "http://data.gwsw.nl/1.4/totaal/Pompput", "Begindatum": "2007-01-01", "Pompcapaciteit1": 0, "Pompcapaciteit2": 0, "OBJECTID": 1445, "stelseltype": "http://data.gwsw.nl/1.4/totaal/Vuilwaterstelsel"}}, {"type": "Feature", "id": 1446, "geometry": {"type": "Point", "coordinates": [109569.23999999836, 451728.55999999866]}, "properties": {"Stelsel": "rb/reeuwijk brug", "naam": "RB1108", "type": "http://data.gwsw.nl/1.4/totaal/Pompput", "Begindatum": "2007-01-01", "Pompcapaciteit1": 0, "Pompcapaciteit2": 0, "OBJECTID": 1446, "stelseltype": "http://data.gwsw.nl/1.4/totaal/Vuilwaterstelsel"}}, {"type": "Feature", "id": 1447, "geometry": {"type": "Point", "coordinates": [109283.52899999917, 450702.65399999917]}, "properties": {"Stelsel": "onbekend", "naam": "RB1126C", "type": "http://data.gwsw.nl/1.4/totaal/Pompput", "Begindatum": "", "Pompcapaciteit1": null, "Pompcapaciteit2": null, "OBJECTID": 1447, "stelseltype": "http://data.gwsw.nl/1.4/totaal/GemengdStelsel"}}, {"type": "Feature", "id": 1448, "geometry": {"type": "Point", "coordinates": [109675.34800000116, 450631.2670000009]}, "properties": {"Stelsel": "rb/reeuwijk brug", "naam": "RB1186A", "type": "http://data.gwsw.nl/1.4/totaal/Pompput", "Begindatum": "2016-01-01", "Pompcapaciteit1": null, "Pompcapaciteit2": null, "OBJECTID": 1448, "stelseltype": "http://data.gwsw.nl/1.4/totaal/GemengdStelsel"}}, {"type": "Feature", "id": 1449, "geometry": {"type": "Point", "coordinates": [109519.60399999842, 451520.6739999987]}, "properties": {"Stelsel": "rb/reeuwijk brug", "naam": "RB1192", "type": "http://data.gwsw.nl/1.4/totaal/Pompput", "Begindatum": "2011-01-01", "Pompcapaciteit1": 0, "Pompcapaciteit2": 0, "OBJECTID": 1449, "stelseltype": "http://data.gwsw.nl/1.4/totaal/Vuilwaterstelsel"}}, {"type": "Feature", "id": 1450, "geometry": {"type": "Point", "coordinates": [109135.45199999958, 450393.1950000003]}, "properties": {"Stelsel": "rd/reeuwijk dorp", "naam": "RB1243", "type": "http://data.gwsw.nl/1.4/totaal/Pompunit", "Begindatum": "1900-01-01", "Pompcapaciteit1": null, "Pompcapaciteit2": null, "OBJECTID": 1450, "stelseltype": "http://data.gwsw.nl/1.4/totaal/Drukriolering"}}, {"type": "Feature", "id": 1451, "geometry": {"type": "Point", "coordinates": [109627.51099999994, 450762.118999999]}, "properties": {"Stelsel": "onbekend", "naam": "RB1244", "type": "http://data.gwsw.nl/1.4/totaal/Pompunit", "Begindatum": "2019-01-01", "Pompcapaciteit1": null, "Pompcapaciteit2": null, "OBJECTID": 1451, "stelseltype": "http://data.gwsw.nl/1.4/totaal/Vuilwaterstelsel"}}, {"type": "Feature", "id": 1452, "geometry": {"type": "Point", "coordinates": [109665.33700000122, 451612.2190000005]}, "properties": {"Stelsel": "rb/reeuwijk brug", "naam": "RB1251", "type": "http://data.gwsw.nl/1.4/totaal/Pompput", "Begindatum": "2017-01-01", "Pompcapaciteit1": 0, "Pompcapaciteit2": 0, "OBJECTID": 1452, "stelseltype": "http://data.gwsw.nl/1.4/totaal/Vuilwaterstelsel"}}, {"type": "Feature", "id": 1453, "geometry": {"type": "Point", "coordinates": [109842.73299999908, 451810.3379999995]}, "properties": {"Stelsel": "rb/reeuwijk brug", "naam": "RB1266", "type": "http://data.gwsw.nl/1.4/totaal/Pompput", "Begindatum": "2017-01-01", "Pompcapaciteit1": 0, "Pompcapaciteit2": 0, "OBJECTID": 1453, "stelseltype": "http://data.gwsw.nl/1.4/totaal/Vuilwaterstelsel"}}, {"type": "Feature", "id": 1454, "geometry": {"type": "Point", "coordinates": [110513.55000000075, 451838.01999999955]}, "properties": {"Stelsel": "rb/reeuwijk brug", "naam": "RB7079", "type": "http://data.gwsw.nl/1.4/totaal/Pompunit", "Begindatum": "1998-01-01", "Pompcapaciteit1": null, "Pompcapaciteit2": null, "OBJECTID": 1454, "stelseltype": "http://data.gwsw.nl/1.4/totaal/Drukriolering"}}, {"type": "Feature", "id": 1455, "geometry": {"type": "Point", "coordinates": [110595.73000000045, 451721.01999999955]}, "properties": {"Stelsel": "rb/reeuwijk brug", "naam": "RB7080", "type": "http://data.gwsw.nl/1.4/totaal/Pompunit", "Begindatum": "1998-01-01", "Pompcapaciteit1": null, "Pompcapaciteit2": null, "OBJECTID": 1455, "stelseltype": "http://data.gwsw.nl/1.4/totaal/Drukriolering"}}, {"type": "Feature", "id": 1456, "geometry": {"type": "Point", "coordinates": [110592.46999999881, 451703.01999999955]}, "properties": {"Stelsel": "rb/reeuwijk brug", "naam": "RB7089", "type": "http://data.gwsw.nl/1.4/totaal/Pompunit", "Begindatum": "1998-01-01", "Pompcapaciteit1": null, "Pompcapaciteit2": null, "OBJECTID": 1456, "stelseltype": "http://data.gwsw.nl/1.4/totaal/Drukriolering"}}, {"type": "Feature", "id": 1457, "geometry": {"type": "Point", "coordinates": [111705.7100000009, 450073.01999999955]}, "properties": {"Stelsel": "rb/reeuwijk brug", "naam": "RB7131", "type": "http://data.gwsw.nl/1.4/totaal/Pompunit", "Begindatum": "1998-01-01", "Pompcapaciteit1": null, "Pompcapaciteit2": null, "OBJECTID": 1457, "stelseltype": "http://data.gwsw.nl/1.4/totaal/Drukriolering"}}, {"type": "Feature", "id": 1458, "geometry": {"type": "Point", "coordinates": [111167.58999999985, 449702.8999999985]}, "properties": {"Stelsel": "rb/reeuwijk brug", "naam": "RB7154", "type": "http://data.gwsw.nl/1.4/totaal/Pompunit", "Begindatum": "1995-01-01", "Pompcapaciteit1": null, "Pompcapaciteit2": null, "OBJECTID": 1458, "stelseltype": "http://data.gwsw.nl/1.4/totaal/Drukriolering"}}, {"type": "Feature", "id": 1459, "geometry": {"type": "Point", "coordinates": [111146.3200000003, 449787.73000000045]}, "properties": {"Stelsel": "rb/reeuwijk brug", "naam": "RB7157", "type": "http://data.gwsw.nl/1.4/totaal/Pompunit", "Begindatum": "1995-01-01", "Pompcapaciteit1": null, "Pompcapaciteit2": null, "OBJECTID": 1459, "stelseltype": "http://data.gwsw.nl/1.4/totaal/Vuilwaterstelsel"}}, {"type": "Feature", "id": 1460, "geometry": {"type": "Point", "coordinates": [112840.98999999836, 449610.6400000006]}, "properties": {"Stelsel": "rb/reeuwijk brug", "naam": "RB7254", "type": "http://data.gwsw.nl/1.4/totaal/Pompunit", "Begindatum": "1998-01-01", "Pompcapaciteit1": null, "Pompcapaciteit2": null, "OBJECTID": 1460, "stelseltype": "http://data.gwsw.nl/1.4/totaal/Drukriolering"}}, {"type": "Feature", "id": 1461, "geometry": {"type": "Point", "coordinates": [111339.3599999994, 449451.9699999988]}, "properties": {"Stelsel": "rb/reeuwijk brug", "naam": "RB7271", "type": "http://data.gwsw.nl/1.4/totaal/Pompunit", "Begindatum": "1994-01-01", "Pompcapaciteit1": null, "Pompcapaciteit2": null, "OBJECTID": 1461, "stelseltype": "http://data.gwsw.nl/1.4/totaal/Drukriolering"}}, {"type": "Feature", "id": 1462, "geometry": {"type": "Point", "coordinates": [111645.01999999955, 449549.4699999988]}, "properties": {"Stelsel": "rb/reeuwijk brug", "naam": "RB7289", "type": "http://data.gwsw.nl/1.4/totaal/Pompunit", "Begindatum": "1994-01-01", "Pompcapaciteit1": null, "Pompcapaciteit2": null, "OBJECTID": 1462, "stelseltype": "http://data.gwsw.nl/1.4/totaal/Drukriolering"}}, {"type": "Feature", "id": 1463, "geometry": {"type": "Point", "coordinates": [110481.5, 449000.01999999955]}, "properties": {"Stelsel": "rb/reeuwijk brug", "naam": "RB7369", "type": "http://data.gwsw.nl/1.4/totaal/Pompunit", "Begindatum": "1993-01-01", "Pompcapaciteit1": null, "Pompcapaciteit2": null, "OBJECTID": 1463, "stelseltype": "http://data.gwsw.nl/1.4/totaal/Drukriolering"}}, {"type": "Feature", "id": 1464, "geometry": {"type": "Point", "coordinates": [110481.48999999836, 448910.4600000009]}, "properties": {"Stelsel": "rb/reeuwijk brug", "naam": "RB7378", "type": "http://data.gwsw.nl/1.4/totaal/Pompunit", "Begindatum": "1993-01-01", "Pompcapaciteit1": null, "Pompcapaciteit2": null, "OBJECTID": 1464, "stelseltype": "http://data.gwsw.nl/1.4/totaal/Drukriolering"}}, {"type": "Feature", "id": 1465, "geometry": {"type": "Point", "coordinates": [111901.42000000179, 448073.37999999896]}, "properties": {"Stelsel": "rb/reeuwijk brug", "naam": "RB7651", "type": "http://data.gwsw.nl/1.4/totaal/Pompunit", "Begindatum": "1993-01-01", "Pompcapaciteit1": null, "Pompcapaciteit2": null, "OBJECTID": 1465, "stelseltype": "http://data.gwsw.nl/1.4/totaal/Drukriolering"}}, {"type": "Feature", "id": 1466, "geometry": {"type": "Point", "coordinates": [112971.41000000015, 448308.25]}, "properties": {"Stelsel": "rb/reeuwijk brug", "naam": "RB7709", "type": "http://data.gwsw.nl/1.4/totaal/Pompunit", "Begindatum": "1993-01-01", "Pompcapaciteit1": null, "Pompcapaciteit2": null, "OBJECTID": 1466, "stelseltype": "http://data.gwsw.nl/1.4/totaal/Drukriolering"}}, {"type": "Feature", "id": 1467, "geometry": {"type": "Point", "coordinates": [109200.10000000149, 450676.23000000045]}, "properties": {"Stelsel": "rb/reeuwijk brug", "naam": "RB7738", "type": "http://data.gwsw.nl/1.4/totaal/Pompunit", "Begindatum": "1988-01-01", "Pompcapaciteit1": null, "Pompcapaciteit2": null, "OBJECTID": 1467, "stelseltype": "http://data.gwsw.nl/1.4/totaal/Vuilwaterstelsel"}}, {"type": "Feature", "id": 1468, "geometry": {"type": "Point", "coordinates": [109890.03000000119, 451770.58999999985]}, "properties": {"Stelsel": "rb/reeuwijk brug", "naam": "RB7798", "type": "http://data.gwsw.nl/1.4/totaal/Pompunit", "Begindatum": "2004-01-01", "Pompcapaciteit1": null, "Pompcapaciteit2": null, "OBJECTID": 1468, "stelseltype": "http://data.gwsw.nl/1.4/totaal/Drukriolering"}}, {"type": "Feature", "id": 1469, "geometry": {"type": "Point", "coordinates": [108819.39400000125, 450829.58999999985]}, "properties": {"Stelsel": "rb/reeuwijk brug", "naam": "RB7880", "type": "http://data.gwsw.nl/1.4/totaal/Pompunit", "Begindatum": "1900-01-01", "Pompcapaciteit1": null, "Pompcapaciteit2": null, "OBJECTID": 1469, "stelseltype": "http://data.gwsw.nl/1.4/totaal/Drukriolering"}}, {"type": "Feature", "id": 1470, "geometry": {"type": "Point", "coordinates": [111106.46700000018, 449476.96499999985]}, "properties": {"Stelsel": "rb/reeuwijk brug", "naam": "RB7913", "type": "http://data.gwsw.nl/1.4/totaal/Pompunit", "Begindatum": "1994-01-01", "Pompcapaciteit1": null, "Pompcapaciteit2": null, "OBJECTID": 1470, "stelseltype": "http://data.gwsw.nl/1.4/totaal/Drukriolering"}}, {"type": "Feature", "id": 1471, "geometry": {"type": "Point", "coordinates": [107322.19299999997, 451860.2349999994]}, "properties": {"Stelsel": "rd/reeuwijk dorp", "naam": "RD0088", "type": "http://data.gwsw.nl/1.4/totaal/Pompunit", "Begindatum": "2010-01-01", "Pompcapaciteit1": null, "Pompcapaciteit2": null, "OBJECTID": 1471, "stelseltype": "http://data.gwsw.nl/1.4/totaal/Vuilwaterstelsel"}}, {"type": "Feature", "id": 1472, "geometry": {"type": "Point", "coordinates": [107412.56599999964, 451822.38599999994]}, "properties": {"Stelsel": "rd/reeuwijk dorp", "naam": "RD0089", "type": "http://data.gwsw.nl/1.4/totaal/Pompunit", "Begindatum": "2010-01-01", "Pompcapaciteit1": null, "Pompcapaciteit2": null, "OBJECTID": 1472, "stelseltype": "http://data.gwsw.nl/1.4/totaal/Vuilwaterstelsel"}}, {"type": "Feature", "id": 1473, "geometry": {"type": "Point", "coordinates": [107361.4140000008, 451981.3289999999]}, "properties": {"Stelsel": "onbekend", "naam": "RD0092", "type": "http://data.gwsw.nl/1.4/totaal/Pompunit", "Begindatum": "", "Pompcapaciteit1": null, "Pompcapaciteit2": null, "OBJECTID": 1473, "stelseltype": "http://data.gwsw.nl/1.4/totaal/Drukriolering"}}, {"type": "Feature", "id": 1474, "geometry": {"type": "Point", "coordinates": [108931.19000000134, 452320.8599999994]}, "properties": {"Stelsel": "rd/reeuwijk dorp", "naam": "RD7036", "type": "http://data.gwsw.nl/1.4/totaal/Pompunit", "Begindatum": "2000-01-01", "Pompcapaciteit1": null, "Pompcapaciteit2": null, "OBJECTID": 1474, "stelseltype": "http://data.gwsw.nl/1.4/totaal/Drukriolering"}}, {"type": "Feature", "id": 1475, "geometry": {"type": "Point", "coordinates": [108906.37000000104, 452340.26999999955]}, "properties": {"Stelsel": "rd/reeuwijk dorp", "naam": "RD7040", "type": "http://data.gwsw.nl/1.4/totaal/Pompunit", "Begindatum": "2000-01-01", "Pompcapaciteit1": null, "Pompcapaciteit2": null, "OBJECTID": 1475, "stelseltype": "http://data.gwsw.nl/1.4/totaal/Drukriolering"}}, {"type": "Feature", "id": 1476, "geometry": {"type": "Point", "coordinates": [108898.12000000104, 452414.51999999955]}, "properties": {"Stelsel": "rd/reeuwijk dorp", "naam": "RD7044", "type": "http://data.gwsw.nl/1.4/totaal/Pompunit", "Begindatum": "2000-01-01", "Pompcapaciteit1": null, "Pompcapaciteit2": null, "OBJECTID": 1476, "stelseltype": "http://data.gwsw.nl/1.4/totaal/Drukriolering"}}, {"type": "Feature", "id": 1477, "geometry": {"type": "Point", "coordinates": [108597.55999999866, 452818.30999999866]}, "properties": {"Stelsel": "rd/reeuwijk dorp", "naam": "RD7071", "type": "http://data.gwsw.nl/1.4/totaal/Pompunit", "Begindatum": "1999-01-01", "Pompcapaciteit1": null, "Pompcapaciteit2": null, "OBJECTID": 1477, "stelseltype": "http://data.gwsw.nl/1.4/totaal/Drukriolering"}}, {"type": "Feature", "id": 1478, "geometry": {"type": "Point", "coordinates": [108366.69999999925, 453248.19999999925]}, "properties": {"Stelsel": "rd/reeuwijk dorp", "naam": "RD7109", "type": "http://data.gwsw.nl/1.4/totaal/Pompunit", "Begindatum": "1999-01-01", "Pompcapaciteit1": null, "Pompcapaciteit2": null, "OBJECTID": 1478, "stelseltype": "http://data.gwsw.nl/1.4/totaal/Drukriolering"}}, {"type": "Feature", "id": 1479, "geometry": {"type": "Point", "coordinates": [107985.30000000075, 453270.48000000045]}, "properties": {"Stelsel": "rd/reeuwijk dorp", "naam": "RD7157", "type": "http://data.gwsw.nl/1.4/totaal/Pompunit", "Begindatum": "2000-01-01", "Pompcapaciteit1": null, "Pompcapaciteit2": null, "OBJECTID": 1479, "stelseltype": "http://data.gwsw.nl/1.4/totaal/Drukriolering"}}, {"type": "Feature", "id": 1480, "geometry": {"type": "Point", "coordinates": [107953.76000000164, 453282.08999999985]}, "properties": {"Stelsel": "rd/reeuwijk dorp", "naam": "RD7159", "type": "http://data.gwsw.nl/1.4/totaal/Pompunit", "Begindatum": "2000-01-01", "Pompcapaciteit1": null, "Pompcapaciteit2": null, "OBJECTID": 1480, "stelseltype": "http://data.gwsw.nl/1.4/totaal/Drukriolering"}}, {"type": "Feature", "id": 1481, "geometry": {"type": "Point", "coordinates": [108236.6099999994, 454464.9600000009]}, "properties": {"Stelsel": "rd/reeuwijk dorp", "naam": "RD7195", "type": "http://data.gwsw.nl/1.4/totaal/Pompunit", "Begindatum": "2000-01-01", "Pompcapaciteit1": null, "Pompcapaciteit2": null, "OBJECTID": 1481, "stelseltype": "http://data.gwsw.nl/1.4/totaal/Drukriolering"}}, {"type": "Feature", "id": 1482, "geometry": {"type": "Point", "coordinates": [110258.46999999881, 454692.3999999985]}, "properties": {"Stelsel": "bg/bodegraven", "naam": "BG7215", "type": "http://data.gwsw.nl/1.4/totaal/Pompunit", "Begindatum": "1900-01-01", "Pompcapaciteit1": null, "Pompcapaciteit2": null, "OBJECTID": 1482, "stelseltype": "http://data.gwsw.nl/1.4/totaal/Drukriolering"}}, {"type": "Feature", "id": 1483, "geometry": {"type": "Point", "coordinates": [111013.25, 453617.1620000005]}, "properties": {"Stelsel": "", "naam": "BG1745B", "type": "http://data.gwsw.nl/1.4/totaal/Rioolgemaal", "Begindatum": "1900-01-01", "Pompcapaciteit1": null, "Pompcapaciteit2": null, "OBJECTID": 1483, "stelseltype": ""}}, {"type": "Feature", "id": 1484, "geometry": {"type": "Point", "coordinates": [110714.30000000075, 455340.30000000075]}, "properties": {"Stelsel": "", "naam": "BG0135", "type": "http://data.gwsw.nl/1.4/totaal/Rioolgemaal", "Begindatum": "1974-01-01", "Pompcapaciteit1": null, "Pompcapaciteit2": null, "OBJECTID": 1484, "stelseltype": ""}}, {"type": "Feature", "id": 1485, "geometry": {"type": "Point", "coordinates": [111379.72399999946, 453643.3029999994]}, "properties": {"Stelsel": "", "naam": "BG1248E", "type": "http://data.gwsw.nl/1.4/totaal/Rioolgemaal", "Begindatum": "1900-01-01", "Pompcapaciteit1": null, "Pompcapaciteit2": null, "OBJECTID": 1485, "stelseltype": ""}}, {"type": "Feature", "id": 1486, "geometry": {"type": "Point", "coordinates": [116448.07400000095, 452486.06799999997]}, "properties": {"Stelsel": "", "naam": "WA0163", "type": "http://data.gwsw.nl/1.4/totaal/Rioolgemaal", "Begindatum": "1988-01-01", "Pompcapaciteit1": null, "Pompcapaciteit2": null, "OBJECTID": 1486, "stelseltype": ""}}, {"type": "Feature", "id": 1487, "geometry": {"type": "Point", "coordinates": [106630.51999999955, 452230.1799999997]}, "properties": {"Stelsel": "", "naam": "RD7618", "type": "http://data.gwsw.nl/1.4/totaal/Rioolgemaal", "Begindatum": "1990-01-01", "Pompcapaciteit1": null, "Pompcapaciteit2": null, "OBJECTID": 1487, "stelseltype": ""}}, {"type": "Feature", "id": 1488, "geometry": {"type": "Point", "coordinates": [115122.23999999836, 451018.23000000045]}, "properties": {"Stelsel": "", "naam": "DR7299", "type": "http://data.gwsw.nl/1.4/totaal/Rioolgemaal", "Begindatum": "1984-01-01", "Pompcapaciteit1": null, "Pompcapaciteit2": null, "OBJECTID": 1488, "stelseltype": ""}}, {"type": "Feature", "id": 1489, "geometry": {"type": "Point", "coordinates": [116104.19999999925, 454261.80000000075]}, "properties": {"Stelsel": "", "naam": "NI0123", "type": "http://data.gwsw.nl/1.4/totaal/Rioolgemaal", "Begindatum": "1985-01-01", "Pompcapaciteit1": null, "Pompcapaciteit2": null, "OBJECTID": 1489, "stelseltype": ""}}, {"type": "Feature", "id": 1490, "geometry": {"type": "Point", "coordinates": [110096.8200000003, 451380.37000000104]}, "properties": {"Stelsel": "", "naam": "RB1128", "type": "http://data.gwsw.nl/1.4/totaal/Rioolgemaal", "Begindatum": "1970-01-01", "Pompcapaciteit1": null, "Pompcapaciteit2": null, "OBJECTID": 1490, "stelseltype": ""}}, {"type": "Feature", "id": 1491, "geometry": {"type": "Point", "coordinates": [109171.05000000075, 451084.5799999982]}, "properties": {"Stelsel": "", "naam": "RB1129", "type": "http://data.gwsw.nl/1.4/totaal/Rioolgemaal", "Begindatum": "1985-01-01", "Pompcapaciteit1": null, "Pompcapaciteit2": null, "OBJECTID": 1491, "stelseltype": ""}}]}