{"type": "FeatureCollection", "features": [{"type": "Feature", "id": 1, "geometry": {"type": "LineString", "coordinates": [[107038.48099999875, 459042.9120000005], [107038.40199999884, 459039.1810000017], [107034.63599999994, 459039.0229999982], [107015.90700000152, 459039.32400000095]]}, "properties": {"Datum": "20190520", "Van_knpnr": "A10008", "Naar_knpnr": "F07756", "Strengnr": 1, "Offset": 0, "Strengtype": "inzamelriool", "Afvoertype": "vuilwater gs", "Jaar": "0", "Jaar_recon": "0", "Materiaal": "pvc klasse 34 sn8", "Vorm": "rond", "Voeg": "mof-spie", "Grondslag": "onbekend", "Fundatie": "onbekend", "VanBobpeil": "", "NarBobpeil": "", "Straat": "\"steekterweg, alphen aan den rijn\"", "Straattype": "onbekend", "Verh_type": "onbekend", "Breedte": 125, "Hoogte": 125, "BodemBrdt": 4, "Lengte": 22.8600006, "Gebied": "steekterweg gs", "Inspectie": "", "JaarVerv": "0", "Beslismodl": "Geen beoordeling", "Beoordeeld": "0000", "Tactisch": 7, "Act_Direct": 0, "Act_In_5Y": 0, "Act_In_10Y": 0, "Geen_actie": 0, "Niet_beord": 22.86, "Operationl": 0, "Project": "", "APM": 0, "APV": "", "Kosten": 2564.66, "Opmerking": "", "Tekening": "onbekend", "OBJ_ID": "feefdb8b3efe42e99e4c484d61236fda", "OBJECTID": 1, "Shape_Length": 26.232567787710714}}, {"type": "Feature", "id": 2, "geometry": {"type": "LineString", "coordinates": [[106815.80600000173, 459041.5929999985], [106852.30299999937, 459041.04100000113]]}, "properties": {"Datum": "20190520", "Van_knpnr": "A10015", "Naar_knpnr": "F07768", "Strengnr": 1, "Offset": 0, "Strengtype": "inzamelriool", "Afvoertype": "vuilwater gs", "Jaar": "0", "Jaar_recon": "0", "Materiaal": "pvc klasse 34 sn8", "Vorm": "rond", "Voeg": "mof-spie", "Grondslag": "onbekend", "Fundatie": "onbekend", "VanBobpeil": "", "NarBobpeil": "", "Straat": "\"steekterweg, alphen aan den rijn\"", "Straattype": "onbekend", "Verh_type": "onbekend", "Breedte": 200, "Hoogte": 200, "BodemBrdt": 6, "Lengte": 36.5, "Gebied": "steekterweg gs", "Inspectie": "", "JaarVerv": "0", "Beslismodl": "Geen beoordeling", "Beoordeeld": "0000", "Tactisch": 7, "Act_Direct": 0, "Act_In_5Y": 0, "Act_In_10Y": 0, "Geen_actie": 0, "Niet_beord": 36.5, "Operationl": 0, "Project": "", "APM": 0, "APV": "", "Kosten": 4487.31, "Opmerking": "", "Tekening": "onbekend", "OBJ_ID": "77e8dddf85974a30a7e88e5c8229c64a", "OBJECTID": 2, "Shape_Length": 36.501174129405975}}, {"type": "Feature", "id": 3, "geometry": {"type": "LineString", "coordinates": [[107315.36699999869, 458500.3590000011], [107296.57999999821, 458473.12000000104]]}, "properties": {"Datum": "20190520", "Van_knpnr": "A16059", "Naar_knpnr": "A16060", "Strengnr": 2224819, "Offset": 0, "Strengtype": "inzamelriool", "Afvoertype": "gemengd", "Jaar": "1978", "Jaar_recon": "1978", "Materiaal": "beton", "Vorm": "rond", "Voeg": "mof-spie", "Grondslag": "zware zavel", "Fundatie": "staal", "VanBobpeil": "-2.350", "NarBobpeil": "-2.450", "Straat": "\"goudse rijpad, alphen aan den rijn\"", "Straattype": "onbekend", "Verh_type": "onbekend", "Breedte": 300, "Hoogte": 300, "BodemBrdt": 55, "Lengte": 33.0900002, "Gebied": "goudse rijpad gem", "Inspectie": "20031216", "JaarVerv": "2048", "Beslismodl": "In10jr inspectie", "Beoordeeld": "0000", "Tactisch": 7, "Act_Direct": 0, "Act_In_5Y": 0, "Act_In_10Y": 0, "Geen_actie": 0, "Niet_beord": 33.09, "Operationl": 0, "Project": "", "APM": 0, "APV": "", "Kosten": 10511.75, "Opmerking": "", "Tekening": "onbekend", "OBJ_ID": "0", "OBJECTID": 3, "Shape_Length": 33.08949213906378}}, {"type": "Feature", "id": 4, "geometry": {"type": "LineString", "coordinates": [[107315.90399999917, 458501.23900000006], [107317.42000000179, 458503.4699999988]]}, "properties": {"Datum": "20190520", "Van_knpnr": "A16059C", "Naar_knpnr": "A16059U", "Strengnr": 2229715, "Offset": 0, "Strengtype": "inzamelriool", "Afvoertype": "gemengd", "Jaar": "1978", "Jaar_recon": "1978", "Materiaal": "beton", "Vorm": "rond", "Voeg": "mof-spie", "Grondslag": "onbekend", "Fundatie": "staal", "VanBobpeil": "", "NarBobpeil": "", "Straat": "\"goudse rijpad, alphen aan den rijn\"", "Straattype": "onbekend", "Verh_type": "onbekend", "Breedte": 300, "Hoogte": 300, "BodemBrdt": 55, "Lengte": 2.70000005, "Gebied": "goudse rijpad gem", "Inspectie": "", "JaarVerv": "0", "Beslismodl": "Geen beoordeling", "Beoordeeld": "0000", "Tactisch": 7, "Act_Direct": 0, "Act_In_5Y": 0, "Act_In_10Y": 0, "Geen_actie": 0, "Niet_beord": 2.7, "Operationl": 0, "Project": "", "APM": 0, "APV": "", "Kosten": 550.77, "Opmerking": "", "Tekening": "onbekend", "OBJ_ID": "3fe9db34298d476e82e880f21b58d5c3", "OBJECTID": 4, "Shape_Length": 2.69733516685759}}, {"type": "Feature", "id": 5, "geometry": {"type": "LineString", "coordinates": [[107296.57999999821, 458473.12000000104], [107297.51000000164, 458461.6700000018]]}, "properties": {"Datum": "20190520", "Van_knpnr": "A16060", "Naar_knpnr": "A16061", "Strengnr": 2224820, "Offset": 0, "Strengtype": "inzamelriool", "Afvoertype": "gemengd", "Jaar": "1978", "Jaar_recon": "1978", "Materiaal": "beton", "Vorm": "rond", "Voeg": "mof-spie", "Grondslag": "zware zavel", "Fundatie": "staal", "VanBobpeil": "-2.450", "NarBobpeil": "-2.460", "Straat": "\"goudse rijpad, alphen aan den rijn\"", "Straattype": "onbekend", "Verh_type": "onbekend", "Breedte": 300, "Hoogte": 300, "BodemBrdt": 55, "Lengte": 11.4899998, "Gebied": "goudse rijpad gem", "Inspectie": "20031216", "JaarVerv": "2048", "Beslismodl": "Geen maatregel", "Beoordeeld": "0000", "Tactisch": 7, "Act_Direct": 0, "Act_In_5Y": 0, "Act_In_10Y": 0, "Geen_actie": 0, "Niet_beord": 11.49, "Operationl": 0, "Project": "", "APM": 0, "APV": "", "Kosten": 2754.18, "Opmerking": "", "Tekening": "onbekend", "OBJ_ID": "a4c1f5767c05414eb2c958c09579af36", "OBJECTID": 5, "Shape_Length": 11.487706472108037}}, {"type": "Feature", "id": 6, "geometry": {"type": "LineString", "coordinates": [[107297.51000000164, 458461.6700000018], [107274.46999999881, 458429.66000000015]]}, "properties": {"Datum": "20190520", "Van_knpnr": "A16061", "Naar_knpnr": "A16062", "Strengnr": 2224821, "Offset": 0, "Strengtype": "inzamelriool", "Afvoertype": "gemengd", "Jaar": "1978", "Jaar_recon": "1978", "Materiaal": "beton", "Vorm": "rond", "Voeg": "mof-spie", "Grondslag": "zware zavel", "Fundatie": "staal", "VanBobpeil": "-2.460", "NarBobpeil": "-2.620", "Straat": "\"goudse rijpad, alphen aan den rijn\"", "Straattype": "onbekend", "Verh_type": "onbekend", "Breedte": 300, "Hoogte": 300, "BodemBrdt": 55, "Lengte": 39.4399986, "Gebied": "goudse rijpad gem", "Inspectie": "20031216", "JaarVerv": "2048", "Beslismodl": "In10jr inspectie", "Beoordeeld": "0000", "Tactisch": 7, "Act_Direct": 0, "Act_In_5Y": 0, "Act_In_10Y": 0, "Geen_actie": 0, "Niet_beord": 39.44, "Operationl": 0, "Project": "", "APM": 0, "APV": "", "Kosten": 9050.69, "Opmerking": "", "Tekening": "onbekend", "OBJ_ID": "0", "OBJECTID": 6, "Shape_Length": 39.43959558914619}}, {"type": "Feature", "id": 7, "geometry": {"type": "LineString", "coordinates": [[107274.46999999881, 458429.66000000015], [107257.44999999925, 458405.55999999866]]}, "properties": {"Datum": "20190520", "Van_knpnr": "A16062", "Naar_knpnr": "A16063", "Strengnr": 2224891, "Offset": 0, "Strengtype": "inzamelriool", "Afvoertype": "gemengd", "Jaar": "1978", "Jaar_recon": "1978", "Materiaal": "beton", "Vorm": "rond", "Voeg": "mof-spie", "Grondslag": "zware zavel", "Fundatie": "staal", "VanBobpeil": "-2.770", "NarBobpeil": "-2.830", "Straat": "\"goudse rijpad, alphen aan den rijn\"", "Straattype": "onbekend", "Verh_type": "onbekend", "Breedte": 400, "Hoogte": 400, "BodemBrdt": 55, "Lengte": 29.5, "Gebied": "goudse rijpad gem", "Inspectie": "20031216", "JaarVerv": "2028", "Beslismodl": "In10jr inspectie", "Beoordeeld": "0000", "Tactisch": 7, "Act_Direct": 0, "Act_In_5Y": 0, "Act_In_10Y": 0, "Geen_actie": 0, "Niet_beord": 29.5, "Operationl": 0, "Project": "", "APM": 0, "APV": "", "Kosten": 7639.41, "Opmerking": "", "Tekening": "onbekend", "OBJ_ID": "0", "OBJECTID": 7, "Shape_Length": 29.504074295876606}}, {"type": "Feature", "id": 8, "geometry": {"type": "LineString", "coordinates": [[107257.44999999925, 458405.55999999866], [107239.3900000006, 458401.51999999955]]}, "properties": {"Datum": "20190520", "Van_knpnr": "A16063", "Naar_knpnr": "A16064", "Strengnr": 2224892, "Offset": 0, "Strengtype": "inzamelriool", "Afvoertype": "gemengd", "Jaar": "1978", "Jaar_recon": "1978", "Materiaal": "beton", "Vorm": "rond", "Voeg": "mof-spie", "Grondslag": "zware zavel", "Fundatie": "staal", "VanBobpeil": "-2.830", "NarBobpeil": "-2.870", "Straat": "\"goudse rijpad, alphen aan den rijn\"", "Straattype": "onbekend", "Verh_type": "onbekend", "Breedte": 400, "Hoogte": 400, "BodemBrdt": 55, "Lengte": 18.5100002, "Gebied": "goudse rijpad gem", "Inspectie": "20031216", "JaarVerv": "2028", "Beslismodl": "In10jr inspectie", "Beoordeeld": "0000", "Tactisch": 7, "Act_Direct": 0, "Act_In_5Y": 0, "Act_In_10Y": 0, "Geen_actie": 0, "Niet_beord": 18.51, "Operationl": 0, "Project": "", "APM": 0, "APV": "", "Kosten": 4823.11, "Opmerking": "", "Tekening": "onbekend", "OBJ_ID": "3a9f4ee7b5f54f05a5d1c3af60594269", "OBJECTID": 8, "Shape_Length": 18.506355663510178}}, {"type": "Feature", "id": 9, "geometry": {"type": "LineString", "coordinates": [[107239.3900000006, 458401.51999999955], [107208.07999999821, 458357.66000000015]]}, "properties": {"Datum": "20190520", "Van_knpnr": "A16064", "Naar_knpnr": "AG16057", "Strengnr": 2224893, "Offset": 0, "Strengtype": "inzamelriool", "Afvoertype": "gemengd", "Jaar": "1978", "Jaar_recon": "1978", "Materiaal": "beton", "Vorm": "rond", "Voeg": "mof-spie", "Grondslag": "zware zavel", "Fundatie": "staal", "VanBobpeil": "-2.870", "NarBobpeil": "-3.100", "Straat": "\"goudse rijpad, alphen aan den rijn\"", "Straattype": "onbekend", "Verh_type": "onbekend", "Breedte": 400, "Hoogte": 400, "BodemBrdt": 55, "Lengte": 53.8899994, "Gebied": "goudse rijpad gem", "Inspectie": "", "JaarVerv": "0", "Beslismodl": "Geen beoordeling", "Beoordeeld": "0000", "Tactisch": 7, "Act_Direct": 0, "Act_In_5Y": 0, "Act_In_10Y": 0, "Geen_actie": 0, "Niet_beord": 53.89, "Operationl": 0, "Project": "", "APM": 0, "APV": "", "Kosten": 14387.98, "Opmerking": "", "Tekening": "onbekend", "OBJ_ID": "0", "OBJECTID": 9, "Shape_Length": 53.888920012345885}}, {"type": "Feature", "id": 10, "geometry": {"type": "LineString", "coordinates": [[107245.42000000179, 458450.01000000164], [107274.46999999881, 458429.66000000015]]}, "properties": {"Datum": "20190520", "Van_knpnr": "A16066", "Naar_knpnr": "A16062", "Strengnr": 2224895, "Offset": 0, "Strengtype": "inzamelriool", "Afvoertype": "gemengd", "Jaar": "1978", "Jaar_recon": "1978", "Materiaal": "beton", "Vorm": "rond", "Voeg": "mof-spie", "Grondslag": "zware zavel", "Fundatie": "staal", "VanBobpeil": "-2.650", "NarBobpeil": "-2.770", "Straat": "\"goudse rijpad, alphen aan den rijn\"", "Straattype": "onbekend", "Verh_type": "onbekend", "Breedte": 300, "Hoogte": 300, "BodemBrdt": 55, "Lengte": 35.4700012, "Gebied": "goudse rijpad gem", "Inspectie": "20031216", "JaarVerv": "2048", "Beslismodl": "In10jr inspectie", "Beoordeeld": "0000", "Tactisch": 7, "Act_Direct": 0, "Act_In_5Y": 0, "Act_In_10Y": 0, "Geen_actie": 0, "Niet_beord": 35.47, "Operationl": 0, "Project": "", "APM": 0, "APV": "", "Kosten": 8308.49, "Opmerking": "", "Tekening": "onbekend", "OBJ_ID": "0", "OBJECTID": 10, "Shape_Length": 35.468648126021044}}, {"type": "Feature", "id": 11, "geometry": {"type": "LineString", "coordinates": [[107219.96999999881, 458468.23999999836], [107245.42000000179, 458450.01000000164]]}, "properties": {"Datum": "20190520", "Van_knpnr": "A16067", "Naar_knpnr": "A16066", "Strengnr": 2224894, "Offset": 0, "Strengtype": "inzamelriool", "Afvoertype": "gemengd", "Jaar": "1978", "Jaar_recon": "1978", "Materiaal": "beton", "Vorm": "rond", "Voeg": "mof-spie", "Grondslag": "zware zavel", "Fundatie": "staal", "VanBobpeil": "-2.550", "NarBobpeil": "-2.650", "Straat": "\"goudse rijpad, alphen aan den rijn\"", "Straattype": "onbekend", "Verh_type": "onbekend", "Breedte": 300, "Hoogte": 300, "BodemBrdt": 55, "Lengte": 31.3099995, "Gebied": "goudse rijpad gem", "Inspectie": "20031216", "JaarVerv": "2048", "Beslismodl": "Z.s.m. repareren", "Beoordeeld": "0000", "Tactisch": 7, "Act_Direct": 0, "Act_In_5Y": 0, "Act_In_10Y": 0, "Geen_actie": 0, "Niet_beord": 31.31, "Operationl": 0, "Project": "", "APM": 0, "APV": "", "Kosten": 7237.62, "Opmerking": "", "Tekening": "onbekend", "OBJ_ID": "4f28b89592d549b8bad69c1027e04364", "OBJECTID": 11, "Shape_Length": 31.305517086164997}}, {"type": "Feature", "id": 12, "geometry": {"type": "LineString", "coordinates": [[107219.96999999881, 458468.23999999836], [107213.3599999994, 458473.0799999982]]}, "properties": {"Datum": "20190520", "Van_knpnr": "A16067", "Naar_knpnr": "A16536", "Strengnr": 2224700, "Offset": 0, "Strengtype": "inzamelriool", "Afvoertype": "gemengd", "Jaar": "2004", "Jaar_recon": "2004", "Materiaal": "pvc klasse 34 sn8", "Vorm": "rond", "Voeg": "mof-spie", "Grondslag": "zware zavel", "Fundatie": "staal", "VanBobpeil": "-2.550", "NarBobpeil": "-2.520", "Straat": "\"goudse rijpad, alphen aan den rijn\"", "Straattype": "onbekend", "Verh_type": "onbekend", "Breedte": 315, "Hoogte": 315, "BodemBrdt": 9, "Lengte": 8.18999958, "Gebied": "goudse rijpad gem", "Inspectie": "", "JaarVerv": "0", "Beslismodl": "Geen beoordeling", "Beoordeeld": "0000", "Tactisch": 7, "Act_Direct": 0, "Act_In_5Y": 0, "Act_In_10Y": 0, "Geen_actie": 0, "Niet_beord": 8.19, "Operationl": 0, "Project": "", "APM": 0, "APV": "", "Kosten": 1355.02, "Opmerking": "", "Tekening": "onbekend", "OBJ_ID": "b447df1e5bbe4426939b761366d9c7ba", "OBJECTID": 12, "Shape_Length": 8.192539288320676}}, {"type": "Feature", "id": 13, "geometry": {"type": "LineString", "coordinates": [[109446.36499999836, 457949.85500000045], [109441.85799999908, 457932.19000000134]]}, "properties": {"Datum": "20190520", "Van_knpnr": "A16203", "Naar_knpnr": "ZM0020", "Strengnr": 2226379, "Offset": 0, "Strengtype": "inzamelriool", "Afvoertype": "gemengd", "Jaar": "1961", "Jaar_recon": "1961", "Materiaal": "beton", "Vorm": "ei", "Voeg": "vaar-moer", "Grondslag": "zware zavel", "Fundatie": "staal", "VanBobpeil": "-2.480", "NarBobpeil": "-2.480", "Straat": "\"buitendorpstraat, zwammerdam\"", "Straattype": "onbekend", "Verh_type": "onbekend", "Breedte": 400, "Hoogte": 600, "BodemBrdt": 90, "Lengte": 18.2299995, "Gebied": "centrum zwammerdam gem", "Inspectie": "", "JaarVerv": "0", "Beslismodl": "Geen beoordeling", "Beoordeeld": "0000", "Tactisch": 7, "Act_Direct": 0, "Act_In_5Y": 0, "Act_In_10Y": 0, "Geen_actie": 0, "Niet_beord": 18.23, "Operationl": 0, "Project": "", "APM": 0, "APV": "", "Kosten": 6009.31, "Opmerking": "", "Tekening": "onbekend", "OBJ_ID": "d560ecd606654d09ac117c36c13e15da", "OBJECTID": 13, "Shape_Length": 18.230887909313832}}, {"type": "Feature", "id": 14, "geometry": {"type": "LineString", "coordinates": [[107213.3599999994, 458473.0799999982], [107194.87999999896, 458446.80000000075]]}, "properties": {"Datum": "20190520", "Van_knpnr": "A16536", "Naar_knpnr": "A16537", "Strengnr": 2224699, "Offset": 0, "Strengtype": "inzamelriool", "Afvoertype": "gemengd", "Jaar": "2004", "Jaar_recon": "2004", "Materiaal": "pvc klasse 34 sn8", "Vorm": "rond", "Voeg": "mof-spie", "Grondslag": "zware zavel", "Fundatie": "staal", "VanBobpeil": "-2.520", "NarBobpeil": "-2.420", "Straat": "\"goudse rijpad, alphen aan den rijn\"", "Straattype": "onbekend", "Verh_type": "onbekend", "Breedte": 315, "Hoogte": 315, "BodemBrdt": 9, "Lengte": 32.1300011, "Gebied": "goudse rijpad gem", "Inspectie": "", "JaarVerv": "0", "Beslismodl": "Geen beoordeling", "Beoordeeld": "0000", "Tactisch": 7, "Act_Direct": 0, "Act_In_5Y": 0, "Act_In_10Y": 0, "Geen_actie": 0, "Niet_beord": 32.13, "Operationl": 0, "Project": "", "APM": 0, "APV": "", "Kosten": 5315.84, "Opmerking": "", "Tekening": "onbekend", "OBJ_ID": "0", "OBJECTID": 14, "Shape_Length": 32.12707269396603}}, {"type": "Feature", "id": 15, "geometry": {"type": "LineString", "coordinates": [[107252.94999999925, 458514.3200000003], [107219.96999999881, 458468.23999999836]]}, "properties": {"Datum": "20190520", "Van_knpnr": "A16538", "Naar_knpnr": "A16067", "Strengnr": 2224702, "Offset": 0, "Strengtype": "inzamelriool", "Afvoertype": "gemengd", "Jaar": "1976", "Jaar_recon": "1976", "Materiaal": "beton", "Vorm": "rond", "Voeg": "mof-spie", "Grondslag": "zware zavel", "Fundatie": "staal", "VanBobpeil": "-2.350", "NarBobpeil": "-2.550", "Straat": "\"goudse rijpad, alphen aan den rijn\"", "Straattype": "onbekend", "Verh_type": "onbekend", "Breedte": 300, "Hoogte": 300, "BodemBrdt": 55, "Lengte": 56.6699982, "Gebied": "goudse rijpad gem", "Inspectie": "20031216", "JaarVerv": "2048", "Beslismodl": "Z.s.m. repareren", "Beoordeeld": "0000", "Tactisch": 7, "Act_Direct": 0, "Act_In_5Y": 0, "Act_In_10Y": 0, "Geen_actie": 0, "Niet_beord": 56.67, "Operationl": 0, "Project": "", "APM": 0, "APV": "", "Kosten": 12861.82, "Opmerking": "", "Tekening": "onbekend", "OBJ_ID": "651d7cc761894738844763785f740260", "OBJECTID": 15, "Shape_Length": 56.6660992146805}}, {"type": "Feature", "id": 16, "geometry": {"type": "LineString", "coordinates": [[106232.44999999925, 459277.8599999994], [106241.39999999851, 459273.25]]}, "properties": {"Datum": "20190520", "Van_knpnr": "A21682", "Naar_knpnr": "A21681U", "Strengnr": 2228200, "Offset": 0, "Strengtype": "inzamelriool", "Afvoertype": "hemelwater gs", "Jaar": "2013", "Jaar_recon": "2013", "Materiaal": "pvc klasse 34 sn8", "Vorm": "rond", "Voeg": "mof-spie", "Grondslag": "lichte klei", "Fundatie": "onbekend", "VanBobpeil": "-1.200", "NarBobpeil": "-1.250", "Straat": "\"kortsteekterbuurt, alphen aan den rijn\"", "Straattype": "onbekend", "Verh_type": "onbekend", "Breedte": 250, "Hoogte": 250, "BodemBrdt": 6, "Lengte": 10.0699997, "Gebied": "kortsteekterweg gs", "Inspectie": "", "JaarVerv": "0", "Beslismodl": "Geen beoordeling", "Beoordeeld": "0000", "Tactisch": 7, "Act_Direct": 0, "Act_In_5Y": 0, "Act_In_10Y": 0, "Geen_actie": 0, "Niet_beord": 10.07, "Operationl": 0, "Project": "", "APM": 0, "APV": "", "Kosten": 1548.36, "Opmerking": "", "Tekening": "onbekend", "OBJ_ID": "ebacad3e3cb7404da549b61416c7c6d4", "OBJECTID": 16, "Shape_Length": 10.06750217189785}}, {"type": "Feature", "id": 17, "geometry": {"type": "LineString", "coordinates": [[106232.44999999925, 459277.8599999994], [106224.10599999875, 459262.23900000006]]}, "properties": {"Datum": "20190520", "Van_knpnr": "A21682", "Naar_knpnr": "A21683", "Strengnr": 2228198, "Offset": 0, "Strengtype": "inzamelriool", "Afvoertype": "hemelwater gs", "Jaar": "2013", "Jaar_recon": "2013", "Materiaal": "pvc klasse 34 sn8", "Vorm": "rond", "Voeg": "mof-spie", "Grondslag": "lichte klei", "Fundatie": "onbekend", "VanBobpeil": "-1.200", "NarBobpeil": "-1.200", "Straat": "\"kortsteekterbuurt, alphen aan den rijn\"", "Straattype": "onbekend", "Verh_type": "onbekend", "Breedte": 250, "Hoogte": 250, "BodemBrdt": 6, "Lengte": 17.7099991, "Gebied": "kortsteekterweg gs", "Inspectie": "", "JaarVerv": "0", "Beslismodl": "Geen beoordeling", "Beoordeeld": "0000", "Tactisch": 7, "Act_Direct": 0, "Act_In_5Y": 0, "Act_In_10Y": 0, "Geen_actie": 0, "Niet_beord": 17.71, "Operationl": 0, "Project": "", "APM": 0, "APV": "", "Kosten": 2586.27, "Opmerking": "", "Tekening": "onbekend", "OBJ_ID": "0", "OBJECTID": 17, "Shape_Length": 17.709827130380773}}, {"type": "Feature", "id": 18, "geometry": {"type": "LineString", "coordinates": [[106224.10599999875, 459262.23900000006], [106272.20300000161, 459248.8960000016]]}, "properties": {"Datum": "20190520", "Van_knpnr": "A21683", "Naar_knpnr": "A21684", "Strengnr": 2228199, "Offset": 0, "Strengtype": "inzamelriool", "Afvoertype": "hemelwater gs", "Jaar": "2013", "Jaar_recon": "2013", "Materiaal": "pvc klasse 34 sn8", "Vorm": "rond", "Voeg": "mof-spie", "Grondslag": "lichte klei", "Fundatie": "onbekend", "VanBobpeil": "-1.200", "NarBobpeil": "-1.200", "Straat": "\"kortsteekterbuurt, alphen aan den rijn\"", "Straattype": "onbekend", "Verh_type": "onbekend", "Breedte": 250, "Hoogte": 250, "BodemBrdt": 6, "Lengte": 49.9099998, "Gebied": "kortsteekterweg gs", "Inspectie": "", "JaarVerv": "0", "Beslismodl": "Geen beoordeling", "Beoordeeld": "0000", "Tactisch": 7, "Act_Direct": 0, "Act_In_5Y": 0, "Act_In_10Y": 0, "Geen_actie": 0, "Niet_beord": 49.91, "Operationl": 0, "Project": "", "APM": 0, "APV": "", "Kosten": 7215.45, "Opmerking": "", "Tekening": "onbekend", "OBJ_ID": "1b52e93ee83d448289220b6e6b948fc9", "OBJECTID": 18, "Shape_Length": 49.91349575249817}}, {"type": "Feature", "id": 19, "geometry": {"type": "LineString", "coordinates": [[109331.69299999997, 458000.0460000001], [109321.3599999994, 458003.9050000012]]}, "properties": {"Datum": "20190520", "Van_knpnr": "A28979", "Naar_knpnr": "F07185", "Strengnr": 2, "Offset": 0, "Strengtype": "inzamelriool", "Afvoertype": "hemelwater gs", "Jaar": "0", "Jaar_recon": "0", "Materiaal": "pvc klasse 34 sn8", "Vorm": "rond", "Voeg": "mof-spie", "Grondslag": "onbekend", "Fundatie": "onbekend", "VanBobpeil": "", "NarBobpeil": "", "Straat": "onbekend", "Straattype": "onbekend", "Verh_type": "onbekend", "Breedte": 160, "Hoogte": 160, "BodemBrdt": 5, "Lengte": 11.0299997, "Gebied": "steekterweg gs", "Inspectie": "", "JaarVerv": "0", "Beslismodl": "Geen beoordeling", "Beoordeeld": "0000", "Tactisch": 7, "Act_Direct": 0, "Act_In_5Y": 0, "Act_In_10Y": 0, "Geen_actie": 0, "Niet_beord": 11.03, "Operationl": 0, "Project": "", "APM": 0, "APV": "", "Kosten": 1651.85, "Opmerking": "", "Tekening": "onbekend", "OBJ_ID": "0", "OBJECTID": 19, "Shape_Length": 11.03008476940284}}, {"type": "Feature", "id": 20, "geometry": {"type": "LineString", "coordinates": [[109331.69299999997, 458000.0460000001], [109321.3599999994, 458003.9050000012]]}, "properties": {"Datum": "20190520", "Van_knpnr": "A28979", "Naar_knpnr": "F07185", "Strengnr": 1, "Offset": 0, "Strengtype": "onbekend", "Afvoertype": "onbekend", "Jaar": "0", "Jaar_recon": "0", "Materiaal": "onbekend", "Vorm": "onbekend", "Voeg": "onbekend", "Grondslag": "onbekend", "Fundatie": "onbekend", "VanBobpeil": "", "NarBobpeil": "", "Straat": "onbekend", "Straattype": "onbekend", "Verh_type": "onbekend", "Breedte": 0, "Hoogte": 0, "BodemBrdt": 130, "Lengte": 11.0299997, "Gebied": "steekterweg gs", "Inspectie": "", "JaarVerv": "0", "Beslismodl": "Geen beoordeling", "Beoordeeld": "0000", "Tactisch": 7, "Act_Direct": 0, "Act_In_5Y": 0, "Act_In_10Y": 0, "Geen_actie": 0, "Niet_beord": 11.03, "Operationl": 0, "Project": "", "APM": 0, "APV": "", "Kosten": 1063.27, "Opmerking": "", "Tekening": "onbekend", "OBJ_ID": "0", "OBJECTID": 20, "Shape_Length": 11.03008476940284}}, {"type": "Feature", "id": 21, "geometry": {"type": "LineString", "coordinates": [[108490.4600000009, 458488.5069999993], [108475.38699999824, 458467.02699999884], [108474.28299999982, 458466.81599999964], [108470.75899999961, 458469.2419999987]]}, "properties": {"Datum": "20190520", "Van_knpnr": "A4276", "Naar_knpnr": "AH1778", "Strengnr": 1, "Offset": 0, "Strengtype": "inzamelriool", "Afvoertype": "vuilwater gs", "Jaar": "0", "Jaar_recon": "0", "Materiaal": "pvc klasse 34 sn8", "Vorm": "rond", "Voeg": "mof-spie", "Grondslag": "onbekend", "Fundatie": "onbekend", "VanBobpeil": "", "NarBobpeil": "", "Straat": "\"steekterweg, alphen aan den rijn\"", "Straattype": "onbekend", "Verh_type": "onbekend", "Breedte": 125, "Hoogte": 125, "BodemBrdt": 4, "Lengte": 27.5499992, "Gebied": "steekterweg gs", "Inspectie": "", "JaarVerv": "0", "Beslismodl": "Geen beoordeling", "Beoordeeld": "0000", "Tactisch": 7, "Act_Direct": 0, "Act_In_5Y": 0, "Act_In_10Y": 0, "Geen_actie": 0, "Niet_beord": 27.55, "Operationl": 0, "Project": "", "APM": 0, "APV": "", "Kosten": 3090.83, "Opmerking": "", "Tekening": "onbekend", "OBJ_ID": "2334199923fb4bd3b01c978616892f67", "OBJECTID": 21, "Shape_Length": 31.643223230559446}}, {"type": "Feature", "id": 22, "geometry": {"type": "LineString", "coordinates": [[107999.27600000054, 458695.98000000045], [108000.68200000003, 458693.89400000125], [107999.33399999887, 458689.2419999987], [107998.04800000042, 458688.4620000012], [107995.8909999989, 458680.94299999997]]}, "properties": {"Datum": "20190520", "Van_knpnr": "A9953", "Naar_knpnr": "AO0672", "Strengnr": 1, "Offset": 0, "Strengtype": "inzamelriool", "Afvoertype": "vuilwater gs", "Jaar": "0", "Jaar_recon": "0", "Materiaal": "pvc klasse 34 sn8", "Vorm": "rond", "Voeg": "mof-spie", "Grondslag": "onbekend", "Fundatie": "onbekend", "VanBobpeil": "", "NarBobpeil": "", "Straat": "\"steekterweg, alphen aan den rijn\"", "Straattype": "onbekend", "Verh_type": "onbekend", "Breedte": 125, "Hoogte": 125, "BodemBrdt": 4, "Lengte": 15.4099998, "Gebied": "steekterweg gs", "Inspectie": "", "JaarVerv": "0", "Beslismodl": "Geen beoordeling", "Beoordeeld": "0000", "Tactisch": 7, "Act_Direct": 0, "Act_In_5Y": 0, "Act_In_10Y": 0, "Geen_actie": 0, "Niet_beord": 15.41, "Operationl": 0, "Project": "", "APM": 0, "APV": "", "Kosten": 1728.85, "Opmerking": "", "Tekening": "onbekend", "OBJ_ID": "b7d5e2c9e85642f3b0844ba355ae0ddf", "OBJECTID": 22, "Shape_Length": 16.68530152859734}}, {"type": "Feature", "id": 23, "geometry": {"type": "LineString", "coordinates": [[107577.10500000045, 458837.48600000143], [107581.60799999908, 458834.6429999992], [107582.08900000155, 458832.6330000013], [107584.7659999989, 458831.2729999982]]}, "properties": {"Datum": "20190520", "Van_knpnr": "A9960", "Naar_knpnr": "AI3906", "Strengnr": 1, "Offset": 0, "Strengtype": "inzamelriool", "Afvoertype": "vuilwater gs", "Jaar": "0", "Jaar_recon": "0", "Materiaal": "pvc klasse 34 sn8", "Vorm": "rond", "Voeg": "mof-spie", "Grondslag": "onbekend", "Fundatie": "onbekend", "VanBobpeil": "", "NarBobpeil": "", "Straat": "\"steekterweg, alphen aan den rijn\"", "Straattype": "onbekend", "Verh_type": "onbekend", "Breedte": 160, "Hoogte": 160, "BodemBrdt": 5, "Lengte": 9.85999966, "Gebied": "steekterweg gs", "Inspectie": "", "JaarVerv": "0", "Beslismodl": "Geen beoordeling", "Beoordeeld": "0000", "Tactisch": 7, "Act_Direct": 0, "Act_In_5Y": 0, "Act_In_10Y": 0, "Geen_actie": 0, "Niet_beord": 9.86, "Operationl": 0, "Project": "", "APM": 0, "APV": "", "Kosten": 1162.89, "Opmerking": "", "Tekening": "onbekend", "OBJ_ID": "b1c542efbe7e4d178608a49576eac208", "OBJECTID": 23, "Shape_Length": 10.394783644751934}}, {"type": "Feature", "id": 24, "geometry": {"type": "LineString", "coordinates": [[107577.10500000045, 458837.48600000143], [107575.59299999848, 458844.43299999833], [107574.91899999976, 458844.80099999905]]}, "properties": {"Datum": "20190520", "Van_knpnr": "A9960", "Naar_knpnr": "AO0699", "Strengnr": 1, "Offset": 0, "Strengtype": "inzamelriool", "Afvoertype": "vuilwater gs", "Jaar": "0", "Jaar_recon": "0", "Materiaal": "pvc klasse 34 sn8", "Vorm": "rond", "Voeg": "mof-spie", "Grondslag": "onbekend", "Fundatie": "onbekend", "VanBobpeil": "", "NarBobpeil": "", "Straat": "\"steekterweg, alphen aan den rijn\"", "Straattype": "onbekend", "Verh_type": "onbekend", "Breedte": 125, "Hoogte": 125, "BodemBrdt": 4, "Lengte": 7.63000011, "Gebied": "steekterweg gs", "Inspectie": "", "JaarVerv": "0", "Beslismodl": "Geen beoordeling", "Beoordeeld": "0000", "Tactisch": 7, "Act_Direct": 0, "Act_In_5Y": 0, "Act_In_10Y": 0, "Geen_actie": 0, "Niet_beord": 7.63, "Operationl": 0, "Project": "", "APM": 0, "APV": "", "Kosten": 856.01, "Opmerking": "", "Tekening": "onbekend", "OBJ_ID": "fdd3485a02474b6dbc3daac4e0b9c2b2", "OBJECTID": 24, "Shape_Length": 7.877557298991069}}, {"type": "Feature", "id": 25, "geometry": {"type": "LineString", "coordinates": [[107544.3049999997, 458828.35599999875], [107528.8040000014, 458837.6429999992]]}, "properties": {"Datum": "20190520", "Van_knpnr": "A9962", "Naar_knpnr": "AI3907", "Strengnr": 1, "Offset": 0, "Strengtype": "inzamelriool", "Afvoertype": "vuilwater gs", "Jaar": "0", "Jaar_recon": "0", "Materiaal": "pvc klasse 34 sn8", "Vorm": "rond", "Voeg": "mof-spie", "Grondslag": "onbekend", "Fundatie": "onbekend", "VanBobpeil": "", "NarBobpeil": "", "Straat": "\"steekterweg, alphen aan den rijn\"", "Straattype": "onbekend", "Verh_type": "onbekend", "Breedte": 160, "Hoogte": 160, "BodemBrdt": 5, "Lengte": 18.0699997, "Gebied": "steekterweg gs", "Inspectie": "", "JaarVerv": "0", "Beslismodl": "Geen beoordeling", "Beoordeeld": "0000", "Tactisch": 7, "Act_Direct": 0, "Act_In_5Y": 0, "Act_In_10Y": 0, "Geen_actie": 0, "Niet_beord": 18.07, "Operationl": 0, "Project": "", "APM": 0, "APV": "", "Kosten": 2131.18, "Opmerking": "", "Tekening": "INPA070748_001 REV TOTAA", "OBJ_ID": "c5640b16ee19437483c0fe7ea14f8f79", "OBJECTID": 25, "Shape_Length": 18.070123684031405}}, {"type": "Feature", "id": 26, "geometry": {"type": "LineString", "coordinates": [[107447.1640000008, 458888.2100000009], [107463.12099999934, 458877.69900000095]]}, "properties": {"Datum": "20190520", "Van_knpnr": "A9963", "Naar_knpnr": "AI3908", "Strengnr": 1, "Offset": 0, "Strengtype": "inzamelriool", "Afvoertype": "vuilwater gs", "Jaar": "0", "Jaar_recon": "0", "Materiaal": "pvc klasse 34 sn8", "Vorm": "rond", "Voeg": "mof-spie", "Grondslag": "onbekend", "Fundatie": "onbekend", "VanBobpeil": "", "NarBobpeil": "", "Straat": "\"steekterweg, alphen aan den rijn\"", "Straattype": "onbekend", "Verh_type": "onbekend", "Breedte": 200, "Hoogte": 200, "BodemBrdt": 6, "Lengte": 19.1100006, "Gebied": "steekterweg gs", "Inspectie": "", "JaarVerv": "0", "Beslismodl": "Geen beoordeling", "Beoordeeld": "0000", "Tactisch": 7, "Act_Direct": 0, "Act_In_5Y": 0, "Act_In_10Y": 0, "Geen_actie": 0, "Niet_beord": 19.11, "Operationl": 0, "Project": "", "APM": 0, "APV": "", "Kosten": 2349.38, "Opmerking": "", "Tekening": "onbekend", "OBJ_ID": "ea7ea4cad7ec4003b95510d04fff8436", "OBJECTID": 26, "Shape_Length": 19.107772501056804}}, {"type": "Feature", "id": 27, "geometry": {"type": "LineString", "coordinates": [[107384.0150000006, 458940.6429999992], [107376.83999999985, 458944.80000000075]]}, "properties": {"Datum": "20190520", "Van_knpnr": "A9964", "Naar_knpnr": "AP17531", "Strengnr": 1, "Offset": 0, "Strengtype": "inzamelriool", "Afvoertype": "vuilwater gs", "Jaar": "0", "Jaar_recon": "0", "Materiaal": "pvc klasse 34 sn8", "Vorm": "rond", "Voeg": "mof-spie", "Grondslag": "onbekend", "Fundatie": "onbekend", "VanBobpeil": "", "NarBobpeil": "", "Straat": "\"steekterweg, alphen aan den rijn\"", "Straattype": "onbekend", "Verh_type": "onbekend", "Breedte": 125, "Hoogte": 125, "BodemBrdt": 4, "Lengte": 8.28999996, "Gebied": "steekterweg gs", "Inspectie": "", "JaarVerv": "0", "Beslismodl": "Geen beoordeling", "Beoordeeld": "0000", "Tactisch": 7, "Act_Direct": 0, "Act_In_5Y": 0, "Act_In_10Y": 0, "Geen_actie": 0, "Niet_beord": 8.29, "Operationl": 0, "Project": "", "APM": 0, "APV": "", "Kosten": 930.06, "Opmerking": "", "Tekening": "onbekend", "OBJ_ID": "02af4e9c4e3f4f60a415d91b2257dbb6", "OBJECTID": 27, "Shape_Length": 8.292241797205879}}, {"type": "Feature", "id": 28, "geometry": {"type": "LineString", "coordinates": [[107377.69700000063, 458948.91899999976], [107376.83999999985, 458944.80000000075]]}, "properties": {"Datum": "20190520", "Van_knpnr": "A9965", "Naar_knpnr": "AP17531", "Strengnr": 1, "Offset": 0, "Strengtype": "inzamelriool", "Afvoertype": "vuilwater gs", "Jaar": "0", "Jaar_recon": "0", "Materiaal": "pvc klasse 34 sn8", "Vorm": "rond", "Voeg": "mof-spie", "Grondslag": "onbekend", "Fundatie": "onbekend", "VanBobpeil": "", "NarBobpeil": "", "Straat": "\"steekterweg, alphen aan den rijn\"", "Straattype": "onbekend", "Verh_type": "onbekend", "Breedte": 125, "Hoogte": 125, "BodemBrdt": 4, "Lengte": 4.21000004, "Gebied": "steekterweg gs", "Inspectie": "", "JaarVerv": "0", "Beslismodl": "Geen beoordeling", "Beoordeeld": "0000", "Tactisch": 7, "Act_Direct": 0, "Act_In_5Y": 0, "Act_In_10Y": 0, "Geen_actie": 0, "Niet_beord": 4.21, "Operationl": 0, "Project": "", "APM": 0, "APV": "", "Kosten": 472.32, "Opmerking": "", "Tekening": "onbekend", "OBJ_ID": "2ba828c7763b48798369bb4132cd9764", "OBJECTID": 28, "Shape_Length": 4.207209288022908}}, {"type": "Feature", "id": 29, "geometry": {"type": "LineString", "coordinates": [[107326.79199999943, 458964.51300000027], [107327.8049999997, 458967.2280000001]]}, "properties": {"Datum": "20190520", "Van_knpnr": "A9968", "Naar_knpnr": "AO0717", "Strengnr": 1, "Offset": 0, "Strengtype": "particulier riool", "Afvoertype": "vuilwater gs", "Jaar": "0", "Jaar_recon": "0", "Materiaal": "pvc klasse 34 sn8", "Vorm": "rond", "Voeg": "mof-spie", "Grondslag": "onbekend", "Fundatie": "onbekend", "VanBobpeil": "", "NarBobpeil": "", "Straat": "\"steekterweg, alphen aan den rijn\"", "Straattype": "onbekend", "Verh_type": "onbekend", "Breedte": 125, "Hoogte": 125, "BodemBrdt": 4, "Lengte": 2.9000001, "Gebied": "steekterweg gs", "Inspectie": "", "JaarVerv": "0", "Beslismodl": "Geen beoordeling", "Beoordeeld": "0000", "Tactisch": 7, "Act_Direct": 0, "Act_In_5Y": 0, "Act_In_10Y": 0, "Geen_actie": 0, "Niet_beord": 2.9, "Operationl": 0, "Project": "", "APM": 0, "APV": "", "Kosten": 325.35, "Opmerking": "", "Tekening": "onbekend", "OBJ_ID": "8e78e19882d84c2e904857e5b87b123d", "OBJECTID": 29, "Shape_Length": 2.8978257366056854}}, {"type": "Feature", "id": 30, "geometry": {"type": "LineString", "coordinates": [[107306.40100000054, 458977.4230000004], [107305.47199999914, 458976.02899999917], [107305.4149999991, 458975], [107313.35700000077, 458970.3209999986]]}, "properties": {"Datum": "20190520", "Van_knpnr": "A9988", "Naar_knpnr": "F07740", "Strengnr": 1, "Offset": 0, "Strengtype": "inzamelriool", "Afvoertype": "vuilwater gs", "Jaar": "0", "Jaar_recon": "0", "Materiaal": "pvc klasse 34 sn8", "Vorm": "rond", "Voeg": "mof-spie", "Grondslag": "onbekend", "Fundatie": "onbekend", "VanBobpeil": "", "NarBobpeil": "", "Straat": "\"steekterweg, alphen aan den rijn\"", "Straattype": "onbekend", "Verh_type": "onbekend", "Breedte": 125, "Hoogte": 125, "BodemBrdt": 4, "Lengte": 9.93999958, "Gebied": "steekterweg gs", "Inspectie": "", "JaarVerv": "0", "Beslismodl": "Geen beoordeling", "Beoordeeld": "0000", "Tactisch": 7, "Act_Direct": 0, "Act_In_5Y": 0, "Act_In_10Y": 0, "Geen_actie": 0, "Niet_beord": 9.94, "Operationl": 0, "Project": "", "APM": 0, "APV": "", "Kosten": 1115.17, "Opmerking": "", "Tekening": "onbekend", "OBJ_ID": "38745edaeab84a56aeb4a69f5a44446e", "OBJECTID": 30, "Shape_Length": 11.92360294527959}}, {"type": "Feature", "id": 31, "geometry": {"type": "LineString", "coordinates": [[109901.87999999896, 457878.12999999896], [109833.36100000143, 457904.8420000002]]}, "properties": {"Datum": "20190520", "Van_knpnr": "AG7693", "Naar_knpnr": "ZM0008", "Strengnr": 2219184, "Offset": 0, "Strengtype": "inzamelriool", "Afvoertype": "gemengd", "Jaar": "1997", "Jaar_recon": "1997", "Materiaal": "pvc klasse 34 sn8", "Vorm": "rond", "Voeg": "mof-spie", "Grondslag": "zware klei", "Fundatie": "staal", "VanBobpeil": "-1.960", "NarBobpeil": "-1.750", "Straat": "\"lindenhovestraat, zwammerdam\"", "Straattype": "onbekend", "Verh_type": "onbekend", "Breedte": 315, "Hoogte": 315, "BodemBrdt": 9, "Lengte": 73.5400009, "Gebied": "lindenhovestraat gem", "Inspectie": "", "JaarVerv": "0", "Beslismodl": "Geen beoordeling", "Beoordeeld": "0000", "Tactisch": 7, "Act_Direct": 0, "Act_In_5Y": 0, "Act_In_10Y": 0, "Geen_actie": 0, "Niet_beord": 73.54, "Operationl": 0, "Project": "", "APM": 0, "APV": "", "Kosten": 12167.03, "Opmerking": "", "Tekening": "onbekend", "OBJ_ID": "7c59f7c0fa224436a721ff49ede240df", "OBJECTID": 31, "Shape_Length": 73.54171812465563}}, {"type": "Feature", "id": 32, "geometry": {"type": "LineString", "coordinates": [[109901.87999999896, 457878.12999999896], [109919.04899999872, 457873.81700000167], [109938.82699999958, 457871.6000000015], [109953.38300000131, 457872.07499999925], [109972.78599999845, 457874.54300000146]]}, "properties": {"Datum": "20190520", "Van_knpnr": "AG7693", "Naar_knpnr": "ZM0049", "Strengnr": 2220910, "Offset": 0, "Strengtype": "inzamelriool", "Afvoertype": "gemengd", "Jaar": "1974", "Jaar_recon": "1974", "Materiaal": "pvc klasse 34 sn8", "Vorm": "rond", "Voeg": "mof-spie", "Grondslag": "zware klei", "Fundatie": "staal", "VanBobpeil": "-1.570", "NarBobpeil": "-1.370", "Straat": "\"lindenhovestraat, zwammerdam\"", "Straattype": "onbekend", "Verh_type": "onbekend", "Breedte": 200, "Hoogte": 200, "BodemBrdt": 6, "Lengte": 71.7300034, "Gebied": "lindenhovestraat gem", "Inspectie": "", "JaarVerv": "0", "Beslismodl": "Geen beoordeling", "Beoordeeld": "0000", "Tactisch": 7, "Act_Direct": 0, "Act_In_5Y": 0, "Act_In_10Y": 0, "Geen_actie": 0, "Niet_beord": 71.73, "Operationl": 0, "Project": "", "APM": 0, "APV": "", "Kosten": 10651.88, "Opmerking": "", "Tekening": "onbekend", "OBJ_ID": "9ed4d15a38e44ed697f01c0e1228fb02", "OBJECTID": 32, "Shape_Length": 71.72739203745708}}, {"type": "Feature", "id": 33, "geometry": {"type": "LineString", "coordinates": [[107995.1649999991, 458679.5020000003], [107995.35000000149, 458679.10599999875]]}, "properties": {"Datum": "20190520", "Van_knpnr": "AH1779", "Naar_knpnr": "AO0673", "Strengnr": 1, "Offset": 0, "Strengtype": "particulier riool", "Afvoertype": "vuilwater gs", "Jaar": "0", "Jaar_recon": "0", "Materiaal": "pvc klasse 34 sn8", "Vorm": "rond", "Voeg": "mof-spie", "Grondslag": "onbekend", "Fundatie": "onbekend", "VanBobpeil": "", "NarBobpeil": "", "Straat": "\"steekterweg, alphen aan den rijn\"", "Straattype": "onbekend", "Verh_type": "onbekend", "Breedte": 125, "Hoogte": 125, "BodemBrdt": 4, "Lengte": 0.439999998, "Gebied": "steekterweg gs", "Inspectie": "", "JaarVerv": "0", "Beslismodl": "Geen beoordeling", "Beoordeeld": "0000", "Tactisch": 7, "Act_Direct": 0, "Act_In_5Y": 0, "Act_In_10Y": 0, "Geen_actie": 0, "Niet_beord": 0.44, "Operationl": 0, "Project": "", "APM": 0, "APV": "", "Kosten": 49.36, "Opmerking": "", "Tekening": "onbekend", "OBJ_ID": "3d1c13e5f855458d8c8cbb800b0407cc", "OBJECTID": 33, "Shape_Length": 0.4370823745395495}}, {"type": "Feature", "id": 34, "geometry": {"type": "LineString", "coordinates": [[107995.69299999997, 458681.3920000009], [107995.8909999989, 458680.94299999997]]}, "properties": {"Datum": "20190520", "Van_knpnr": "AH1780", "Naar_knpnr": "AO0672", "Strengnr": 1, "Offset": 0, "Strengtype": "particulier riool", "Afvoertype": "vuilwater gs", "Jaar": "0", "Jaar_recon": "0", "Materiaal": "pvc klasse 34 sn8", "Vorm": "rond", "Voeg": "mof-spie", "Grondslag": "onbekend", "Fundatie": "onbekend", "VanBobpeil": "", "NarBobpeil": "", "Straat": "\"steekterweg, alphen aan den rijn\"", "Straattype": "onbekend", "Verh_type": "onbekend", "Breedte": 125, "Hoogte": 125, "BodemBrdt": 4, "Lengte": 0.49000001, "Gebied": "steekterweg gs", "Inspectie": "", "JaarVerv": "0", "Beslismodl": "Geen beoordeling", "Beoordeeld": "0000", "Tactisch": 7, "Act_Direct": 0, "Act_In_5Y": 0, "Act_In_10Y": 0, "Geen_actie": 0, "Niet_beord": 0.49, "Operationl": 0, "Project": "", "APM": 0, "APV": "", "Kosten": 54.97, "Opmerking": "", "Tekening": "onbekend", "OBJ_ID": "7a3a52ea6dd44286a0630f9e47ef782b", "OBJECTID": 34, "Shape_Length": 0.4907188608883274}}, {"type": "Feature", "id": 35, "geometry": {"type": "LineString", "coordinates": [[107307.67599999905, 458979.65300000086], [107306.40100000054, 458977.4230000004]]}, "properties": {"Datum": "20190520", "Van_knpnr": "AH1781", "Naar_knpnr": "A9988", "Strengnr": 1, "Offset": 0, "Strengtype": "particulier riool", "Afvoertype": "vuilwater gs", "Jaar": "0", "Jaar_recon": "0", "Materiaal": "pvc klasse 34 sn8", "Vorm": "rond", "Voeg": "mof-spie", "Grondslag": "onbekend", "Fundatie": "onbekend", "VanBobpeil": "", "NarBobpeil": "", "Straat": "\"steekterweg, alphen aan den rijn\"", "Straattype": "onbekend", "Verh_type": "onbekend", "Breedte": 125, "Hoogte": 125, "BodemBrdt": 4, "Lengte": 2.56999993, "Gebied": "steekterweg gs", "Inspectie": "", "JaarVerv": "0", "Beslismodl": "Geen beoordeling", "Beoordeeld": "0000", "Tactisch": 7, "Act_Direct": 0, "Act_In_5Y": 0, "Act_In_10Y": 0, "Geen_actie": 0, "Niet_beord": 2.57, "Operationl": 0, "Project": "", "APM": 0, "APV": "", "Kosten": 288.33, "Opmerking": "", "Tekening": "onbekend", "OBJ_ID": "39f1e6a2726f4e779b494a2a3a1fba99", "OBJECTID": 35, "Shape_Length": 2.568759427855006}}, {"type": "Feature", "id": 36, "geometry": {"type": "LineString", "coordinates": [[107315.61199999973, 458974.5850000009], [107314.43299999833, 458972.41699999943]]}, "properties": {"Datum": "20190520", "Van_knpnr": "AH1782", "Naar_knpnr": "A9987", "Strengnr": 1, "Offset": 0, "Strengtype": "particulier riool", "Afvoertype": "vuilwater gs", "Jaar": "0", "Jaar_recon": "0", "Materiaal": "pvc klasse 34 sn8", "Vorm": "rond", "Voeg": "mof-spie", "Grondslag": "onbekend", "Fundatie": "onbekend", "VanBobpeil": "", "NarBobpeil": "", "Straat": "\"steekterweg, alphen aan den rijn\"", "Straattype": "onbekend", "Verh_type": "onbekend", "Breedte": 125, "Hoogte": 125, "BodemBrdt": 4, "Lengte": 2.47000003, "Gebied": "steekterweg gs", "Inspectie": "", "JaarVerv": "0", "Beslismodl": "Geen beoordeling", "Beoordeeld": "0000", "Tactisch": 7, "Act_Direct": 0, "Act_In_5Y": 0, "Act_In_10Y": 0, "Geen_actie": 0, "Niet_beord": 2.47, "Operationl": 0, "Project": "", "APM": 0, "APV": "", "Kosten": 277.11, "Opmerking": "", "Tekening": "INPA070748_001 REV TOTAA", "OBJ_ID": "7e2f16ee886a4e5394488e681eb2a9a8", "OBJECTID": 36, "Shape_Length": 2.46784622892813}}, {"type": "Feature", "id": 37, "geometry": {"type": "LineString", "coordinates": [[107639.65799999982, 458801.5210000016], [107638.37099999934, 458801.91000000015]]}, "properties": {"Datum": "20190520", "Van_knpnr": "AI3902", "Naar_knpnr": "A9956", "Strengnr": 1, "Offset": 0, "Strengtype": "inzamelriool", "Afvoertype": "vuilwater gs", "Jaar": "0", "Jaar_recon": "0", "Materiaal": "pvc klasse 34 sn8", "Vorm": "rond", "Voeg": "mof-spie", "Grondslag": "onbekend", "Fundatie": "onbekend", "VanBobpeil": "", "NarBobpeil": "", "Straat": "\"steekterweg, alphen aan den rijn\"", "Straattype": "onbekend", "Verh_type": "onbekend", "Breedte": 160, "Hoogte": 160, "BodemBrdt": 5, "Lengte": 1.27999997, "Gebied": "steekterweg gs", "Inspectie": "", "JaarVerv": "0", "Beslismodl": "Geen beoordeling", "Beoordeeld": "0000", "Tactisch": 7, "Act_Direct": 0, "Act_In_5Y": 0, "Act_In_10Y": 0, "Geen_actie": 0, "Niet_beord": 1.28, "Operationl": 0, "Project": "", "APM": 0, "APV": "", "Kosten": 150.96, "Opmerking": "", "Tekening": "onbekend", "OBJ_ID": "e7d822b122824b2ab519cdfae537154d", "OBJECTID": 37, "Shape_Length": 1.3445036259208976}}, {"type": "Feature", "id": 38, "geometry": {"type": "LineString", "coordinates": [[107642.69799999893, 458800.6770000011], [107639.65799999982, 458801.5210000016]]}, "properties": {"Datum": "20190520", "Van_knpnr": "AI3903", "Naar_knpnr": "AI3902", "Strengnr": 1, "Offset": 0, "Strengtype": "inzamelriool", "Afvoertype": "vuilwater gs", "Jaar": "0", "Jaar_recon": "0", "Materiaal": "pvc klasse 34 sn8", "Vorm": "rond", "Voeg": "mof-spie", "Grondslag": "onbekend", "Fundatie": "onbekend", "VanBobpeil": "", "NarBobpeil": "", "Straat": "\"steekterweg, alphen aan den rijn\"", "Straattype": "onbekend", "Verh_type": "onbekend", "Breedte": 160, "Hoogte": 160, "BodemBrdt": 5, "Lengte": 3.22000003, "Gebied": "steekterweg gs", "Inspectie": "", "JaarVerv": "0", "Beslismodl": "Geen beoordeling", "Beoordeeld": "0000", "Tactisch": 7, "Act_Direct": 0, "Act_In_5Y": 0, "Act_In_10Y": 0, "Geen_actie": 0, "Niet_beord": 3.22, "Operationl": 0, "Project": "", "APM": 0, "APV": "", "Kosten": 379.77, "Opmerking": "", "Tekening": "onbekend", "OBJ_ID": "9c7e20b437614f538670aad7286054ec", "OBJECTID": 38, "Shape_Length": 3.1549858946466407}}, {"type": "Feature", "id": 39, "geometry": {"type": "LineString", "coordinates": [[107642.69799999893, 458800.6770000011], [107642.47100000083, 458800.1420000009]]}, "properties": {"Datum": "20190520", "Van_knpnr": "AI3903", "Naar_knpnr": "AO0679", "Strengnr": 1, "Offset": 0, "Strengtype": "huisaansluitleiding", "Afvoertype": "vuilwater gs", "Jaar": "0", "Jaar_recon": "0", "Materiaal": "pvc klasse 34 sn8", "Vorm": "rond", "Voeg": "mof-spie", "Grondslag": "onbekend", "Fundatie": "onbekend", "VanBobpeil": "", "NarBobpeil": "", "Straat": "\"steekterweg, alphen aan den rijn\"", "Straattype": "onbekend", "Verh_type": "onbekend", "Breedte": 160, "Hoogte": 160, "BodemBrdt": 5, "Lengte": 0.579999983, "Gebied": "steekterweg gs", "Inspectie": "", "JaarVerv": "0", "Beslismodl": "Geen beoordeling", "Beoordeeld": "0000", "Tactisch": 7, "Act_Direct": 0, "Act_In_5Y": 0, "Act_In_10Y": 0, "Geen_actie": 0, "Niet_beord": 0.58, "Operationl": 0, "Project": "", "APM": 0, "APV": "", "Kosten": 68.41, "Opmerking": "", "Tekening": "onbekend", "OBJ_ID": "03c840830f5d419abd915793ae379ff8", "OBJECTID": 39, "Shape_Length": 0.581166068601313}}, {"type": "Feature", "id": 40, "geometry": {"type": "LineString", "coordinates": [[107649.84899999946, 458798.8060000017], [107649.6099999994, 458799.8759999983], [107648.97599999979, 458800.0150000006], [107647.61600000039, 458799.31500000134], [107642.69799999893, 458800.6770000011]]}, "properties": {"Datum": "20190520", "Van_knpnr": "AI3904", "Naar_knpnr": "AI3903", "Strengnr": 1, "Offset": 0, "Strengtype": "inzamelriool", "Afvoertype": "vuilwater gs", "Jaar": "0", "Jaar_recon": "0", "Materiaal": "pvc klasse 34 sn8", "Vorm": "rond", "Voeg": "mof-spie", "Grondslag": "onbekend", "Fundatie": "onbekend", "VanBobpeil": "", "NarBobpeil": "", "Straat": "\"steekterweg, alphen aan den rijn\"", "Straattype": "onbekend", "Verh_type": "onbekend", "Breedte": 160, "Hoogte": 160, "BodemBrdt": 5, "Lengte": 7.38999987, "Gebied": "steekterweg gs", "Inspectie": "", "JaarVerv": "0", "Beslismodl": "Geen beoordeling", "Beoordeeld": "0000", "Tactisch": 7, "Act_Direct": 0, "Act_In_5Y": 0, "Act_In_10Y": 0, "Geen_actie": 0, "Niet_beord": 7.39, "Operationl": 0, "Project": "", "APM": 0, "APV": "", "Kosten": 871.58, "Opmerking": "", "Tekening": "onbekend", "OBJ_ID": "8b0351f575d144a38b21db8ae35d11b5", "OBJECTID": 40, "Shape_Length": 8.378114393028369}}, {"type": "Feature", "id": 41, "geometry": {"type": "LineString", "coordinates": [[107649.84899999946, 458798.8060000017], [107650.10200000182, 458799.58999999985], [107650.47300000116, 458799.47399999946]]}, "properties": {"Datum": "20190520", "Van_knpnr": "AI3904", "Naar_knpnr": "AO0678", "Strengnr": 1, "Offset": 0, "Strengtype": "huisaansluitleiding", "Afvoertype": "vuilwater gs", "Jaar": "0", "Jaar_recon": "0", "Materiaal": "pvc klasse 34 sn8", "Vorm": "rond", "Voeg": "mof-spie", "Grondslag": "onbekend", "Fundatie": "onbekend", "VanBobpeil": "", "NarBobpeil": "", "Straat": "\"steekterweg, alphen aan den rijn\"", "Straattype": "onbekend", "Verh_type": "onbekend", "Breedte": 160, "Hoogte": 160, "BodemBrdt": 5, "Lengte": 0.889999986, "Gebied": "steekterweg gs", "Inspectie": "", "JaarVerv": "0", "Beslismodl": "Geen beoordeling", "Beoordeeld": "0000", "Tactisch": 7, "Act_Direct": 0, "Act_In_5Y": 0, "Act_In_10Y": 0, "Geen_actie": 0, "Niet_beord": 0.89, "Operationl": 0, "Project": "", "APM": 0, "APV": "", "Kosten": 104.97, "Opmerking": "", "Tekening": "onbekend", "OBJ_ID": "36ab391bc3984b22b1d5bfc9bd7af275", "OBJECTID": 41, "Shape_Length": 1.2125232388515215}}, {"type": "Feature", "id": 42, "geometry": {"type": "LineString", "coordinates": [[107603.00800000131, 458743.6959999986], [107606.99599999934, 458741.2349999994], [107606.65300000086, 458740.5370000005]]}, "properties": {"Datum": "20190520", "Van_knpnr": "AI3905", "Naar_knpnr": "AP17508", "Strengnr": 1, "Offset": 0, "Strengtype": "inzamelriool", "Afvoertype": "vuilwater gs", "Jaar": "0", "Jaar_recon": "0", "Materiaal": "pvc klasse 34 sn8", "Vorm": "rond", "Voeg": "mof-spie", "Grondslag": "onbekend", "Fundatie": "onbekend", "VanBobpeil": "", "NarBobpeil": "", "Straat": "\"goudse rijpad, alphen aan den rijn\"", "Straattype": "onbekend", "Verh_type": "onbekend", "Breedte": 160, "Hoogte": 160, "BodemBrdt": 5, "Lengte": 4.82000017, "Gebied": "steekterweg gs", "Inspectie": "", "JaarVerv": "0", "Beslismodl": "Geen beoordeling", "Beoordeeld": "0000", "Tactisch": 7, "Act_Direct": 0, "Act_In_5Y": 0, "Act_In_10Y": 0, "Geen_actie": 0, "Niet_beord": 4.82, "Operationl": 0, "Project": "", "APM": 0, "APV": "", "Kosten": 568.47, "Opmerking": "", "Tekening": "INPA070748_001 REV TOTAA", "OBJ_ID": "d8e20119435a413eb9752fd593901b05", "OBJECTID": 42, "Shape_Length": 5.463943713433673}}, {"type": "Feature", "id": 43, "geometry": {"type": "LineString", "coordinates": [[107584.7659999989, 458831.2729999982], [107586.0700000003, 458830.6000000015]]}, "properties": {"Datum": "20190520", "Van_knpnr": "AI3906", "Naar_knpnr": "AP17522", "Strengnr": 1, "Offset": 0, "Strengtype": "inzamelriool", "Afvoertype": "vuilwater gs", "Jaar": "0", "Jaar_recon": "0", "Materiaal": "pvc klasse 34 sn8", "Vorm": "rond", "Voeg": "mof-spie", "Grondslag": "onbekend", "Fundatie": "onbekend", "VanBobpeil": "", "NarBobpeil": "", "Straat": "\"steekterweg, alphen aan den rijn\"", "Straattype": "onbekend", "Verh_type": "onbekend", "Breedte": 160, "Hoogte": 160, "BodemBrdt": 5, "Lengte": 1.47000003, "Gebied": "steekterweg gs", "Inspectie": "", "JaarVerv": "0", "Beslismodl": "Geen beoordeling", "Beoordeeld": "0000", "Tactisch": 7, "Act_Direct": 0, "Act_In_5Y": 0, "Act_In_10Y": 0, "Geen_actie": 0, "Niet_beord": 1.47, "Operationl": 0, "Project": "", "APM": 0, "APV": "", "Kosten": 173.37, "Opmerking": "", "Tekening": "onbekend", "OBJ_ID": "54f4c8420fdb480f8dd3d3c0af2247f0", "OBJECTID": 43, "Shape_Length": 1.4674280218124514}}, {"type": "Feature", "id": 44, "geometry": {"type": "LineString", "coordinates": [[107528.8040000014, 458837.6429999992], [107530.99399999902, 458841.34699999914]]}, "properties": {"Datum": "20190520", "Van_knpnr": "AI3907", "Naar_knpnr": "AO0701", "Strengnr": 1, "Offset": 0, "Strengtype": "huisaansluitleiding", "Afvoertype": "vuilwater gs", "Jaar": "0", "Jaar_recon": "0", "Materiaal": "pvc klasse 34 sn8", "Vorm": "rond", "Voeg": "mof-spie", "Grondslag": "onbekend", "Fundatie": "onbekend", "VanBobpeil": "", "NarBobpeil": "", "Straat": "\"steekterweg, alphen aan den rijn\"", "Straattype": "onbekend", "Verh_type": "onbekend", "Breedte": 125, "Hoogte": 125, "BodemBrdt": 4, "Lengte": 4.30000019, "Gebied": "steekterweg gs", "Inspectie": "", "JaarVerv": "0", "Beslismodl": "Geen beoordeling", "Beoordeeld": "0000", "Tactisch": 7, "Act_Direct": 0, "Act_In_5Y": 0, "Act_In_10Y": 0, "Geen_actie": 0, "Niet_beord": 4.3, "Operationl": 0, "Project": "", "APM": 0, "APV": "", "Kosten": 482.42, "Opmerking": "", "Tekening": "INPA070748_001 REV TOTAA", "OBJ_ID": "908c3849228f41559e44bb9a2279f193", "OBJECTID": 44, "Shape_Length": 4.3029891922819115}}, {"type": "Feature", "id": 45, "geometry": {"type": "LineString", "coordinates": [[107528.8040000014, 458837.6429999992], [107528.9149999991, 458837.8429999985], [107529.27499999851, 458837.94299999997], [107531.17199999839, 458841.2419999987]]}, "properties": {"Datum": "20190520", "Van_knpnr": "AI3907", "Naar_knpnr": "AO0702", "Strengnr": 1, "Offset": 0, "Strengtype": "huisaansluitleiding", "Afvoertype": "vuilwater gs", "Jaar": "0", "Jaar_recon": "0", "Materiaal": "pvc klasse 34 sn8", "Vorm": "rond", "Voeg": "mof-spie", "Grondslag": "onbekend", "Fundatie": "onbekend", "VanBobpeil": "", "NarBobpeil": "", "Straat": "\"steekterweg, alphen aan den rijn\"", "Straattype": "onbekend", "Verh_type": "onbekend", "Breedte": 125, "Hoogte": 125, "BodemBrdt": 4, "Lengte": 4.30999994, "Gebied": "steekterweg gs", "Inspectie": "", "JaarVerv": "0", "Beslismodl": "Geen beoordeling", "Beoordeeld": "0000", "Tactisch": 7, "Act_Direct": 0, "Act_In_5Y": 0, "Act_In_10Y": 0, "Geen_actie": 0, "Niet_beord": 4.31, "Operationl": 0, "Project": "", "APM": 0, "APV": "", "Kosten": 483.54, "Opmerking": "", "Tekening": "INPA070748_001 REV TOTAA", "OBJ_ID": "05d13faaffcf48729af090006dc446dc", "OBJECTID": 45, "Shape_Length": 4.407892289001238}}, {"type": "Feature", "id": 46, "geometry": {"type": "LineString", "coordinates": [[107528.8040000014, 458837.6429999992], [107521.79199999943, 458841.96499999985]]}, "properties": {"Datum": "20190520", "Van_knpnr": "AI3907", "Naar_knpnr": "AP17523", "Strengnr": 1, "Offset": 0, "Strengtype": "inzamelriool", "Afvoertype": "vuilwater gs", "Jaar": "0", "Jaar_recon": "0", "Materiaal": "pvc klasse 34 sn8", "Vorm": "rond", "Voeg": "mof-spie", "Grondslag": "onbekend", "Fundatie": "onbekend", "VanBobpeil": "", "NarBobpeil": "", "Straat": "\"steekterweg, alphen aan den rijn\"", "Straattype": "onbekend", "Verh_type": "onbekend", "Breedte": 200, "Hoogte": 200, "BodemBrdt": 6, "Lengte": 8.23999977, "Gebied": "steekterweg gs", "Inspectie": "", "JaarVerv": "0", "Beslismodl": "Geen beoordeling", "Beoordeeld": "0000", "Tactisch": 7, "Act_Direct": 0, "Act_In_5Y": 0, "Act_In_10Y": 0, "Geen_actie": 0, "Niet_beord": 8.24, "Operationl": 0, "Project": "", "APM": 0, "APV": "", "Kosten": 903.27, "Opmerking": "", "Tekening": "INPA070748_001 REV TOTAA", "OBJ_ID": "30d7571d5f6a4d90b777e0fcaf18117f", "OBJECTID": 46, "Shape_Length": 8.236979302693092}}, {"type": "Feature", "id": 47, "geometry": {"type": "LineString", "coordinates": [[107463.12099999934, 458877.69900000095], [107471.21700000018, 458872.3139999993]]}, "properties": {"Datum": "20190520", "Van_knpnr": "AI3908", "Naar_knpnr": "AP17524", "Strengnr": 1, "Offset": 0, "Strengtype": "inzamelriool", "Afvoertype": "vuilwater gs", "Jaar": "0", "Jaar_recon": "0", "Materiaal": "pvc klasse 34 sn8", "Vorm": "rond", "Voeg": "mof-spie", "Grondslag": "onbekend", "Fundatie": "onbekend", "VanBobpeil": "", "NarBobpeil": "", "Straat": "\"steekterweg, alphen aan den rijn\"", "Straattype": "onbekend", "Verh_type": "onbekend", "Breedte": 200, "Hoogte": 200, "BodemBrdt": 6, "Lengte": 9.72000027, "Gebied": "steekterweg gs", "Inspectie": "", "JaarVerv": "0", "Beslismodl": "Geen beoordeling", "Beoordeeld": "0000", "Tactisch": 7, "Act_Direct": 0, "Act_In_5Y": 0, "Act_In_10Y": 0, "Geen_actie": 0, "Niet_beord": 9.72, "Operationl": 0, "Project": "", "APM": 0, "APV": "", "Kosten": 1065.51, "Opmerking": "", "Tekening": "onbekend", "OBJ_ID": "cedeb90fc6434e0d939ba0a7dcf458cb", "OBJECTID": 47, "Shape_Length": 9.723345156434851}}, {"type": "Feature", "id": 48, "geometry": {"type": "LineString", "coordinates": [[107480.89200000092, 458868.52899999917], [107488.57699999958, 458863.90399999917], [107489.67700000107, 458864.1710000001], [107490.45300000161, 458865.41800000146]]}, "properties": {"Datum": "20190520", "Van_knpnr": "AI3909", "Naar_knpnr": "AO0705", "Strengnr": 1, "Offset": 0, "Strengtype": "inzamelriool", "Afvoertype": "vuilwater gs", "Jaar": "0", "Jaar_recon": "0", "Materiaal": "pvc klasse 34 sn8", "Vorm": "rond", "Voeg": "mof-spie", "Grondslag": "onbekend", "Fundatie": "onbekend", "VanBobpeil": "", "NarBobpeil": "", "Straat": "\"steekterweg, alphen aan den rijn\"", "Straattype": "onbekend", "Verh_type": "onbekend", "Breedte": 125, "Hoogte": 125, "BodemBrdt": 4, "Lengte": 11.5699997, "Gebied": "steekterweg gs", "Inspectie": "", "JaarVerv": "0", "Beslismodl": "Geen beoordeling", "Beoordeeld": "0000", "Tactisch": 7, "Act_Direct": 0, "Act_In_5Y": 0, "Act_In_10Y": 0, "Geen_actie": 0, "Niet_beord": 11.57, "Operationl": 0, "Project": "", "APM": 0, "APV": "", "Kosten": 1298.04, "Opmerking": "", "Tekening": "onbekend", "OBJ_ID": "790b9ed2485341e1a3719ee3cf04e402", "OBJECTID": 48, "Shape_Length": 11.570060259236273}}, {"type": "Feature", "id": 49, "geometry": {"type": "LineString", "coordinates": [[106466.17500000075, 459003.19000000134], [106466.42500000075, 459002.3520000018]]}, "properties": {"Datum": "20190520", "Van_knpnr": "AK2034", "Naar_knpnr": "F07026", "Strengnr": 1, "Offset": 0, "Strengtype": "kolkaansluitleiding", "Afvoertype": "hemelwater gs", "Jaar": "0", "Jaar_recon": "0", "Materiaal": "pvc klasse 34 sn8", "Vorm": "rond", "Voeg": "mof-spie", "Grondslag": "onbekend", "Fundatie": "onbekend", "VanBobpeil": "", "NarBobpeil": "", "Straat": "\"steekterweg, alphen aan den rijn\"", "Straattype": "onbekend", "Verh_type": "onbekend", "Breedte": 160, "Hoogte": 160, "BodemBrdt": 5, "Lengte": 0.870000005, "Gebied": "steekterweg gs", "Inspectie": "", "JaarVerv": "0", "Beslismodl": "Geen beoordeling", "Beoordeeld": "0000", "Tactisch": 7, "Act_Direct": 0, "Act_In_5Y": 0, "Act_In_10Y": 0, "Geen_actie": 0, "Niet_beord": 0.87, "Operationl": 0, "Project": "", "APM": 0, "APV": "", "Kosten": 130.29, "Opmerking": "", "Tekening": "INPA070748_001 REV TOTAA", "OBJ_ID": "0", "OBJECTID": 49, "Shape_Length": 0.8744964260652075}}, {"type": "Feature", "id": 50, "geometry": {"type": "LineString", "coordinates": [[106471.50800000131, 458998.7829999998], [106471.75299999863, 458998.1180000007], [106470.38399999961, 458994.5520000011]]}, "properties": {"Datum": "20190520", "Van_knpnr": "AK2035", "Naar_knpnr": "F07024U", "Strengnr": 1, "Offset": 0, "Strengtype": "kolkaansluitleiding", "Afvoertype": "hemelwater gs", "Jaar": "0", "Jaar_recon": "0", "Materiaal": "pvc klasse 34 sn8", "Vorm": "rond", "Voeg": "mof-spie", "Grondslag": "onbekend", "Fundatie": "onbekend", "VanBobpeil": "", "NarBobpeil": "", "Straat": "\"steekterweg, alphen aan den rijn\"", "Straattype": "onbekend", "Verh_type": "onbekend", "Breedte": 125, "Hoogte": 125, "BodemBrdt": 4, "Lengte": 4.53000021, "Gebied": "steekterweg gs", "Inspectie": "", "JaarVerv": "0", "Beslismodl": "Geen beoordeling", "Beoordeeld": "0000", "Tactisch": 7, "Act_Direct": 0, "Act_In_5Y": 0, "Act_In_10Y": 0, "Geen_actie": 0, "Niet_beord": 4.53, "Operationl": 0, "Project": "", "APM": 0, "APV": "", "Kosten": 652.37, "Opmerking": "", "Tekening": "INPA070748_001 REV TOTAA", "OBJ_ID": "0", "OBJECTID": 50, "Shape_Length": 4.5284495092234565}}, {"type": "Feature", "id": 51, "geometry": {"type": "LineString", "coordinates": [[106477.19299999997, 458999.97300000116], [106478.14400000125, 459000.19000000134], [106479.06700000167, 458996.4910000004]]}, "properties": {"Datum": "20190520", "Van_knpnr": "AK2036", "Naar_knpnr": "F07025U", "Strengnr": 1, "Offset": 0, "Strengtype": "kolkaansluitleiding", "Afvoertype": "hemelwater gs", "Jaar": "0", "Jaar_recon": "0", "Materiaal": "pvc klasse 34 sn8", "Vorm": "rond", "Voeg": "mof-spie", "Grondslag": "onbekend", "Fundatie": "onbekend", "VanBobpeil": "", "NarBobpeil": "", "Straat": "\"steekterweg, alphen aan den rijn\"", "Straattype": "onbekend", "Verh_type": "onbekend", "Breedte": 125, "Hoogte": 125, "BodemBrdt": 4, "Lengte": 4.78999996, "Gebied": "steekterweg gs", "Inspectie": "", "JaarVerv": "0", "Beslismodl": "Geen beoordeling", "Beoordeeld": "0000", "Tactisch": 7, "Act_Direct": 0, "Act_In_5Y": 0, "Act_In_10Y": 0, "Geen_actie": 0, "Niet_beord": 4.79, "Operationl": 0, "Project": "", "APM": 0, "APV": "", "Kosten": 689.81, "Opmerking": "", "Tekening": "INPA070748_001 REV TOTAA", "OBJ_ID": "0", "OBJECTID": 51, "Shape_Length": 4.78786135916409}}, {"type": "Feature", "id": 52, "geometry": {"type": "LineString", "coordinates": [[106582.02499999851, 459031.28599999845], [106582.55299999937, 459027.1710000001], [106585.91000000015, 459027.5159999989], [106587.89999999851, 459019.2280000001]]}, "properties": {"Datum": "20190520", "Van_knpnr": "AK2038", "Naar_knpnr": "AK2039", "Strengnr": 1, "Offset": 0, "Strengtype": "kolkaansluitleiding", "Afvoertype": "hemelwater gs", "Jaar": "0", "Jaar_recon": "0", "Materiaal": "pvc klasse 34 sn8", "Vorm": "rond", "Voeg": "mof-spie", "Grondslag": "onbekend", "Fundatie": "onbekend", "VanBobpeil": "", "NarBobpeil": "", "Straat": "\"steekterweg, alphen aan den rijn\"", "Straattype": "onbekend", "Verh_type": "onbekend", "Breedte": 125, "Hoogte": 125, "BodemBrdt": 4, "Lengte": 16.0499992, "Gebied": "steekterweg gs", "Inspectie": "", "JaarVerv": "0", "Beslismodl": "Geen beoordeling", "Beoordeeld": "0000", "Tactisch": 7, "Act_Direct": 0, "Act_In_5Y": 0, "Act_In_10Y": 0, "Geen_actie": 0, "Niet_beord": 16.05, "Operationl": 0, "Project": "", "APM": 0, "APV": "", "Kosten": 2311.36, "Opmerking": "", "Tekening": "INPA070748_001 REV TOTAA", "OBJ_ID": "0", "OBJECTID": 52, "Shape_Length": 16.046975324594964}}, {"type": "Feature", "id": 53, "geometry": {"type": "LineString", "coordinates": [[106564.12700000033, 459026.11199999973], [106565.84800000116, 459016.1270000003]]}, "properties": {"Datum": "20190520", "Van_knpnr": "AK2040", "Naar_knpnr": "F07029U", "Strengnr": 1, "Offset": 0, "Strengtype": "kolkaansluitleiding", "Afvoertype": "hemelwater gs", "Jaar": "0", "Jaar_recon": "0", "Materiaal": "pvc klasse 34 sn8", "Vorm": "rond", "Voeg": "mof-spie", "Grondslag": "onbekend", "Fundatie": "onbekend", "VanBobpeil": "", "NarBobpeil": "", "Straat": "\"steekterweg, alphen aan den rijn\"", "Straattype": "onbekend", "Verh_type": "onbekend", "Breedte": 125, "Hoogte": 125, "BodemBrdt": 4, "Lengte": 10.1300001, "Gebied": "steekterweg gs", "Inspectie": "", "JaarVerv": "0", "Beslismodl": "Geen beoordeling", "Beoordeeld": "0000", "Tactisch": 7, "Act_Direct": 0, "Act_In_5Y": 0, "Act_In_10Y": 0, "Geen_actie": 0, "Niet_beord": 10.13, "Operationl": 0, "Project": "", "APM": 0, "APV": "", "Kosten": 1458.82, "Opmerking": "", "Tekening": "INPA070748_001 REV TOTAA", "OBJ_ID": "0", "OBJECTID": 53, "Shape_Length": 10.132229073159035}}, {"type": "Feature", "id": 54, "geometry": {"type": "LineString", "coordinates": [[106597.95699999854, 459031.9670000002], [106598.25200000033, 459029.76999999955], [106606.1950000003, 459030.73099999875], [106607.05000000075, 459023.6579999998]]}, "properties": {"Datum": "20190520", "Van_knpnr": "AK2041", "Naar_knpnr": "F07031", "Strengnr": 1, "Offset": 0, "Strengtype": "kolkaansluitleiding", "Afvoertype": "hemelwater gs", "Jaar": "0", "Jaar_recon": "0", "Materiaal": "pvc klasse 34 sn8", "Vorm": "rond", "Voeg": "mof-spie", "Grondslag": "onbekend", "Fundatie": "onbekend", "VanBobpeil": "", "NarBobpeil": "", "Straat": "\"steekterweg, alphen aan den rijn\"", "Straattype": "onbekend", "Verh_type": "onbekend", "Breedte": 125, "Hoogte": 125, "BodemBrdt": 4, "Lengte": 17.3400002, "Gebied": "steekterweg gs", "Inspectie": "", "JaarVerv": "0", "Beslismodl": "Geen beoordeling", "Beoordeeld": "0000", "Tactisch": 7, "Act_Direct": 0, "Act_In_5Y": 0, "Act_In_10Y": 0, "Geen_actie": 0, "Niet_beord": 17.34, "Operationl": 0, "Project": "", "APM": 0, "APV": "", "Kosten": 2497.13, "Opmerking": "", "Tekening": "INPA070748_001 REV TOTAA", "OBJ_ID": "bf14b398b5cb47e9b726cd3c45bf7cfe", "OBJECTID": 54, "Shape_Length": 17.342129749366887}}, {"type": "Feature", "id": 55, "geometry": {"type": "LineString", "coordinates": [[106623.35099999979, 459033.47300000116], [106623.38899999857, 459025.38800000027]]}, "properties": {"Datum": "20190520", "Van_knpnr": "AK2042", "Naar_knpnr": "F07032", "Strengnr": 1, "Offset": 0, "Strengtype": "kolkaansluitleiding", "Afvoertype": "hemelwater gs", "Jaar": "0", "Jaar_recon": "0", "Materiaal": "pvc klasse 34 sn8", "Vorm": "rond", "Voeg": "mof-spie", "Grondslag": "onbekend", "Fundatie": "onbekend", "VanBobpeil": "", "NarBobpeil": "", "Straat": "\"steekterweg, alphen aan den rijn\"", "Straattype": "onbekend", "Verh_type": "onbekend", "Breedte": 125, "Hoogte": 125, "BodemBrdt": 4, "Lengte": 8.09000015, "Gebied": "steekterweg gs", "Inspectie": "", "JaarVerv": "0", "Beslismodl": "Geen beoordeling", "Beoordeeld": "0000", "Tactisch": 7, "Act_Direct": 0, "Act_In_5Y": 0, "Act_In_10Y": 0, "Geen_actie": 0, "Niet_beord": 8.09, "Operationl": 0, "Project": "", "APM": 0, "APV": "", "Kosten": 1165.04, "Opmerking": "", "Tekening": "INPA070748_001 REV TOTAA", "OBJ_ID": "c97607b38c154c6babbbfc1ab1deac8c", "OBJECTID": 55, "Shape_Length": 8.085089301570159}}, {"type": "Feature", "id": 56, "geometry": {"type": "LineString", "coordinates": [[106645.25699999928, 459034.0780000016], [106645.92399999872, 459024.4679999985]]}, "properties": {"Datum": "20190520", "Van_knpnr": "AK2043", "Naar_knpnr": "F07393U", "Strengnr": 1, "Offset": 0, "Strengtype": "kolkaansluitleiding", "Afvoertype": "hemelwater gs", "Jaar": "0", "Jaar_recon": "0", "Materiaal": "pvc klasse 34 sn8", "Vorm": "rond", "Voeg": "mof-spie", "Grondslag": "onbekend", "Fundatie": "onbekend", "VanBobpeil": "", "NarBobpeil": "", "Straat": "\"steekterweg, alphen aan den rijn\"", "Straattype": "onbekend", "Verh_type": "onbekend", "Breedte": 125, "Hoogte": 125, "BodemBrdt": 4, "Lengte": 9.63000011, "Gebied": "steekterweg gs", "Inspectie": "", "JaarVerv": "0", "Beslismodl": "Geen beoordeling", "Beoordeeld": "0000", "Tactisch": 7, "Act_Direct": 0, "Act_In_5Y": 0, "Act_In_10Y": 0, "Geen_actie": 0, "Niet_beord": 9.63, "Operationl": 0, "Project": "", "APM": 0, "APV": "", "Kosten": 1386.82, "Opmerking": "", "Tekening": "INPA070748_001 REV TOTAA", "OBJ_ID": "3c892445ede84250af37257985265d23", "OBJECTID": 56, "Shape_Length": 9.633119383636263}}, {"type": "Feature", "id": 57, "geometry": {"type": "LineString", "coordinates": [[106796.74799999967, 459033.3680000007], [106796.75899999961, 459031.6559999995], [106798.49399999902, 459031.62900000066], [106798.41800000146, 459025.74599999934]]}, "properties": {"Datum": "20190520", "Van_knpnr": "AK2051", "Naar_knpnr": "F07380U", "Strengnr": 1, "Offset": 0, "Strengtype": "kolkaansluitleiding", "Afvoertype": "hemelwater gs", "Jaar": "0", "Jaar_recon": "0", "Materiaal": "pvc klasse 34 sn8", "Vorm": "rond", "Voeg": "mof-spie", "Grondslag": "onbekend", "Fundatie": "onbekend", "VanBobpeil": "", "NarBobpeil": "", "Straat": "\"steekterweg, alphen aan den rijn\"", "Straattype": "onbekend", "Verh_type": "onbekend", "Breedte": 125, "Hoogte": 125, "BodemBrdt": 4, "Lengte": 22.8400002, "Gebied": "steekterweg gs", "Inspectie": "", "JaarVerv": "0", "Beslismodl": "Geen beoordeling", "Beoordeeld": "0000", "Tactisch": 7, "Act_Direct": 0, "Act_In_5Y": 0, "Act_In_10Y": 0, "Geen_actie": 0, "Niet_beord": 22.84, "Operationl": 0, "Project": "", "APM": 0, "APV": "", "Kosten": 3289.19, "Opmerking": "", "Tekening": "INPA070748_001 REV TOTAA", "OBJ_ID": "0", "OBJECTID": 57, "Shape_Length": 9.330736299565112}}, {"type": "Feature", "id": 58, "geometry": {"type": "LineString", "coordinates": [[106811.74700000137, 459033.2250000015], [106811.78700000048, 459031.7749999985], [106813.69700000063, 459031.7179999985], [106813.75800000131, 459025.3420000002]]}, "properties": {"Datum": "20190520", "Van_knpnr": "AK2052", "Naar_knpnr": "F07379U", "Strengnr": 1, "Offset": 0, "Strengtype": "kolkaansluitleiding", "Afvoertype": "hemelwater gs", "Jaar": "0", "Jaar_recon": "0", "Materiaal": "pvc klasse 34 sn8", "Vorm": "rond", "Voeg": "mof-spie", "Grondslag": "onbekend", "Fundatie": "onbekend", "VanBobpeil": "", "NarBobpeil": "", "Straat": "\"steekterweg, alphen aan den rijn\"", "Straattype": "onbekend", "Verh_type": "onbekend", "Breedte": 125, "Hoogte": 125, "BodemBrdt": 4, "Lengte": 10.8800001, "Gebied": "steekterweg gs", "Inspectie": "", "JaarVerv": "0", "Beslismodl": "Geen beoordeling", "Beoordeeld": "0000", "Tactisch": 7, "Act_Direct": 0, "Act_In_5Y": 0, "Act_In_10Y": 0, "Geen_actie": 0, "Niet_beord": 10.88, "Operationl": 0, "Project": "", "APM": 0, "APV": "", "Kosten": 1566.83, "Opmerking": "", "Tekening": "INPA070748_001 REV TOTAA", "OBJ_ID": "0", "OBJECTID": 58, "Shape_Length": 9.73769374558835}}, {"type": "Feature", "id": 59, "geometry": {"type": "LineString", "coordinates": [[106826.98099999875, 459033.0210000016], [106827.21499999985, 459024.938000001]]}, "properties": {"Datum": "20190520", "Van_knpnr": "AK2053", "Naar_knpnr": "F07378U", "Strengnr": 1, "Offset": 0, "Strengtype": "kolkaansluitleiding", "Afvoertype": "hemelwater gs", "Jaar": "0", "Jaar_recon": "0", "Materiaal": "pvc klasse 34 sn8", "Vorm": "rond", "Voeg": "mof-spie", "Grondslag": "onbekend", "Fundatie": "onbekend", "VanBobpeil": "", "NarBobpeil": "", "Straat": "\"steekterweg, alphen aan den rijn\"", "Straattype": "onbekend", "Verh_type": "onbekend", "Breedte": 125, "Hoogte": 125, "BodemBrdt": 4, "Lengte": 8.94999981, "Gebied": "steekterweg gs", "Inspectie": "", "JaarVerv": "0", "Beslismodl": "Geen beoordeling", "Beoordeeld": "0000", "Tactisch": 7, "Act_Direct": 0, "Act_In_5Y": 0, "Act_In_10Y": 0, "Geen_actie": 0, "Niet_beord": 8.95, "Operationl": 0, "Project": "", "APM": 0, "APV": "", "Kosten": 1288.89, "Opmerking": "", "Tekening": "INPA070748_001 REV TOTAA", "OBJ_ID": "0", "OBJECTID": 59, "Shape_Length": 8.086386399973103}}, {"type": "Feature", "id": 60, "geometry": {"type": "LineString", "coordinates": [[107041.07499999925, 459030.0469999984], [107041.0940000005, 459028.7170000002], [107048.97300000116, 459028.3289999999], [107048.97300000116, 459023.02600000054]]}, "properties": {"Datum": "20190520", "Van_knpnr": "AK2061", "Naar_knpnr": "F07367U", "Strengnr": 1, "Offset": 0, "Strengtype": "kolkaansluitleiding", "Afvoertype": "hemelwater gs", "Jaar": "0", "Jaar_recon": "0", "Materiaal": "pvc klasse 34 sn8", "Vorm": "rond", "Voeg": "mof-spie", "Grondslag": "onbekend", "Fundatie": "onbekend", "VanBobpeil": "", "NarBobpeil": "", "Straat": "\"steekterweg, alphen aan den rijn\"", "Straattype": "onbekend", "Verh_type": "onbekend", "Breedte": 125, "Hoogte": 125, "BodemBrdt": 4, "Lengte": 14.5200005, "Gebied": "steekterweg gs", "Inspectie": "", "JaarVerv": "0", "Beslismodl": "Geen beoordeling", "Beoordeeld": "0000", "Tactisch": 7, "Act_Direct": 0, "Act_In_5Y": 0, "Act_In_10Y": 0, "Geen_actie": 0, "Niet_beord": 14.52, "Operationl": 0, "Project": "", "APM": 0, "APV": "", "Kosten": 2091.03, "Opmerking": "", "Tekening": "INPA070748_001 REV TOTAA", "OBJ_ID": "0", "OBJECTID": 60, "Shape_Length": 14.521683417349095}}, {"type": "Feature", "id": 61, "geometry": {"type": "LineString", "coordinates": [[107095.60500000045, 459023.6739999987], [107095.52600000054, 459023.0150000006], [107097.86800000072, 459022.7100000009], [107097.18400000036, 459016.86400000006]]}, "properties": {"Datum": "20190520", "Van_knpnr": "AK2064", "Naar_knpnr": "F07375U", "Strengnr": 1, "Offset": 0, "Strengtype": "kolkaansluitleiding", "Afvoertype": "hemelwater gs", "Jaar": "0", "Jaar_recon": "0", "Materiaal": "pvc klasse 34 sn8", "Vorm": "rond", "Voeg": "mof-spie", "Grondslag": "onbekend", "Fundatie": "onbekend", "VanBobpeil": "", "NarBobpeil": "", "Straat": "\"steekterweg, alphen aan den rijn\"", "Straattype": "onbekend", "Verh_type": "onbekend", "Breedte": 125, "Hoogte": 125, "BodemBrdt": 4, "Lengte": 8.38000011, "Gebied": "steekterweg gs", "Inspectie": "", "JaarVerv": "0", "Beslismodl": "Geen beoordeling", "Beoordeeld": "0000", "Tactisch": 7, "Act_Direct": 0, "Act_In_5Y": 0, "Act_In_10Y": 0, "Geen_actie": 0, "Niet_beord": 8.38, "Operationl": 0, "Project": "", "APM": 0, "APV": "", "Kosten": 1206.8, "Opmerking": "", "Tekening": "INPA070748_001 REV TOTAA", "OBJ_ID": "6cb3321d6e5c434d9015a0cc2e47f393", "OBJECTID": 61, "Shape_Length": 8.911374008387018}}, {"type": "Feature", "id": 62, "geometry": {"type": "LineString", "coordinates": [[107121.96499999985, 459021.61100000143], [107121.625, 459019.36100000143], [107119.27499999851, 459019.6649999991], [107118.57999999821, 459014.10599999875]]}, "properties": {"Datum": "20190520", "Van_knpnr": "AK2065", "Naar_knpnr": "F07364U", "Strengnr": 1, "Offset": 0, "Strengtype": "kolkaansluitleiding", "Afvoertype": "hemelwater gs", "Jaar": "0", "Jaar_recon": "0", "Materiaal": "pvc klasse 34 sn8", "Vorm": "rond", "Voeg": "mof-spie", "Grondslag": "onbekend", "Fundatie": "onbekend", "VanBobpeil": "", "NarBobpeil": "", "Straat": "\"steekterweg, alphen aan den rijn\"", "Straattype": "onbekend", "Verh_type": "onbekend", "Breedte": 125, "Hoogte": 125, "BodemBrdt": 4, "Lengte": 9.72999954, "Gebied": "steekterweg gs", "Inspectie": "", "JaarVerv": "0", "Beslismodl": "Geen beoordeling", "Beoordeeld": "0000", "Tactisch": 7, "Act_Direct": 0, "Act_In_5Y": 0, "Act_In_10Y": 0, "Geen_actie": 0, "Niet_beord": 9.73, "Operationl": 0, "Project": "", "APM": 0, "APV": "", "Kosten": 1401.22, "Opmerking": "", "Tekening": "INPA070748_001 REV TOTAA", "OBJ_ID": "ad46862b11e843bf90ca14e6e7f838ce", "OBJECTID": 62, "Shape_Length": 10.24740214877336}}, {"type": "Feature", "id": 63, "geometry": {"type": "LineString", "coordinates": [[107168.12099999934, 459014.2430000007], [107167.95399999991, 459013.5469999984], [107165.98200000077, 459013.8770000003], [107165.04399999976, 459008.2899999991]]}, "properties": {"Datum": "20190520", "Van_knpnr": "AK2066", "Naar_knpnr": "F07359U", "Strengnr": 1, "Offset": 0, "Strengtype": "kolkaansluitleiding", "Afvoertype": "hemelwater gs", "Jaar": "0", "Jaar_recon": "0", "Materiaal": "pvc klasse 34 sn8", "Vorm": "rond", "Voeg": "mof-spie", "Grondslag": "onbekend", "Fundatie": "onbekend", "VanBobpeil": "", "NarBobpeil": "", "Straat": "\"steekterweg, alphen aan den rijn\"", "Straattype": "onbekend", "Verh_type": "onbekend", "Breedte": 125, "Hoogte": 125, "BodemBrdt": 4, "Lengte": 8.38000011, "Gebied": "steekterweg gs", "Inspectie": "", "JaarVerv": "0", "Beslismodl": "Geen beoordeling", "Beoordeeld": "0000", "Tactisch": 7, "Act_Direct": 0, "Act_In_5Y": 0, "Act_In_10Y": 0, "Geen_actie": 0, "Niet_beord": 8.38, "Operationl": 0, "Project": "", "APM": 0, "APV": "", "Kosten": 1206.8, "Opmerking": "", "Tekening": "INPA070748_001 REV TOTAA", "OBJ_ID": "0", "OBJECTID": 63, "Shape_Length": 8.380368877763312}}, {"type": "Feature", "id": 64, "geometry": {"type": "LineString", "coordinates": [[107179.70899999887, 459011.98900000006], [107178.96200000122, 459005.9820000008]]}, "properties": {"Datum": "20190520", "Van_knpnr": "AK2067", "Naar_knpnr": "F07362U", "Strengnr": 1, "Offset": 0, "Strengtype": "kolkaansluitleiding", "Afvoertype": "hemelwater gs", "Jaar": "0", "Jaar_recon": "0", "Materiaal": "pvc klasse 34 sn8", "Vorm": "rond", "Voeg": "mof-spie", "Grondslag": "onbekend", "Fundatie": "onbekend", "VanBobpeil": "", "NarBobpeil": "", "Straat": "\"steekterweg, alphen aan den rijn\"", "Straattype": "onbekend", "Verh_type": "onbekend", "Breedte": 125, "Hoogte": 125, "BodemBrdt": 4, "Lengte": 6.05000019, "Gebied": "steekterweg gs", "Inspectie": "", "JaarVerv": "0", "Beslismodl": "Geen beoordeling", "Beoordeeld": "0000", "Tactisch": 7, "Act_Direct": 0, "Act_In_5Y": 0, "Act_In_10Y": 0, "Geen_actie": 0, "Niet_beord": 6.05, "Operationl": 0, "Project": "", "APM": 0, "APV": "", "Kosten": 871.26, "Opmerking": "", "Tekening": "INPA070748_001 REV TOTAA", "OBJ_ID": "0", "OBJECTID": 64, "Shape_Length": 6.053268372366243}}, {"type": "Feature", "id": 65, "geometry": {"type": "LineString", "coordinates": [[107193.16299999878, 459009.061999999], [107193.04100000113, 459008.5540000014], [107194.60700000077, 459008.1559999995], [107193.42599999905, 459003.1229999997]]}, "properties": {"Datum": "20190520", "Van_knpnr": "AK2068", "Naar_knpnr": "F07358U", "Strengnr": 1, "Offset": 0, "Strengtype": "kolkaansluitleiding", "Afvoertype": "hemelwater gs", "Jaar": "0", "Jaar_recon": "0", "Materiaal": "pvc klasse 34 sn8", "Vorm": "rond", "Voeg": "mof-spie", "Grondslag": "onbekend", "Fundatie": "onbekend", "VanBobpeil": "", "NarBobpeil": "", "Straat": "\"steekterweg, alphen aan den rijn\"", "Straattype": "onbekend", "Verh_type": "onbekend", "Breedte": 125, "Hoogte": 125, "BodemBrdt": 4, "Lengte": 7.30999994, "Gebied": "steekterweg gs", "Inspectie": "", "JaarVerv": "0", "Beslismodl": "Geen beoordeling", "Beoordeeld": "0000", "Tactisch": 7, "Act_Direct": 0, "Act_In_5Y": 0, "Act_In_10Y": 0, "Geen_actie": 0, "Niet_beord": 7.31, "Operationl": 0, "Project": "", "APM": 0, "APV": "", "Kosten": 1052.71, "Opmerking": "", "Tekening": "INPA070748_001 REV TOTAA", "OBJ_ID": "0", "OBJECTID": 65, "Shape_Length": 7.307933912559896}}, {"type": "Feature", "id": 66, "geometry": {"type": "LineString", "coordinates": [[107170.94799999893, 459026.2340000011], [107184.69799999893, 459023.5080000013]]}, "properties": {"Datum": "20190520", "Van_knpnr": "AK2069", "Naar_knpnr": "AK2369", "Strengnr": 1, "Offset": 0, "Strengtype": "kolkaansluitleiding", "Afvoertype": "hemelwater gs", "Jaar": "0", "Jaar_recon": "0", "Materiaal": "pvc klasse 34 sn8", "Vorm": "rond", "Voeg": "mof-spie", "Grondslag": "onbekend", "Fundatie": "onbekend", "VanBobpeil": "", "NarBobpeil": "", "Straat": "\"steekterweg, alphen aan den rijn\"", "Straattype": "onbekend", "Verh_type": "onbekend", "Breedte": 125, "Hoogte": 125, "BodemBrdt": 4, "Lengte": 14.0200005, "Gebied": "steekterweg gs", "Inspectie": "", "JaarVerv": "0", "Beslismodl": "Geen beoordeling", "Beoordeeld": "0000", "Tactisch": 7, "Act_Direct": 0, "Act_In_5Y": 0, "Act_In_10Y": 0, "Geen_actie": 0, "Niet_beord": 14.02, "Operationl": 0, "Project": "", "APM": 0, "APV": "", "Kosten": 2019.02, "Opmerking": "", "Tekening": "INPA070748_001 REV TOTAA", "OBJ_ID": "5e40032c5e0e42fb851da9c4f086fdaa", "OBJECTID": 66, "Shape_Length": 14.017616630471196}}, {"type": "Feature", "id": 67, "geometry": {"type": "LineString", "coordinates": [[107196.57200000063, 459024.3669999987], [107205.75200000033, 459021.3929999992]]}, "properties": {"Datum": "20190520", "Van_knpnr": "AK2070", "Naar_knpnr": "AK2071", "Strengnr": 1, "Offset": 0, "Strengtype": "kolkaansluitleiding", "Afvoertype": "hemelwater gs", "Jaar": "0", "Jaar_recon": "0", "Materiaal": "pvc klasse 34 sn8", "Vorm": "rond", "Voeg": "mof-spie", "Grondslag": "onbekend", "Fundatie": "onbekend", "VanBobpeil": "", "NarBobpeil": "", "Straat": "\"steekterweg, alphen aan den rijn\"", "Straattype": "onbekend", "Verh_type": "onbekend", "Breedte": 125, "Hoogte": 125, "BodemBrdt": 4, "Lengte": 9.64999962, "Gebied": "steekterweg gs", "Inspectie": "", "JaarVerv": "0", "Beslismodl": "Geen beoordeling", "Beoordeeld": "0000", "Tactisch": 7, "Act_Direct": 0, "Act_In_5Y": 0, "Act_In_10Y": 0, "Geen_actie": 0, "Niet_beord": 9.65, "Operationl": 0, "Project": "", "APM": 0, "APV": "", "Kosten": 1389.7, "Opmerking": "", "Tekening": "INPA070748_001 REV TOTAA", "OBJ_ID": "0", "OBJECTID": 67, "Shape_Length": 9.649718959189306}}, {"type": "Feature", "id": 68, "geometry": {"type": "LineString", "coordinates": [[107275.38199999928, 458976.23999999836], [107275.1799999997, 458975.8020000011], [107276.62799999863, 458975.0150000006]]}, "properties": {"Datum": "20190520", "Van_knpnr": "AK2073", "Naar_knpnr": "F07355", "Strengnr": 1, "Offset": 0, "Strengtype": "kolkaansluitleiding", "Afvoertype": "hemelwater gs", "Jaar": "0", "Jaar_recon": "0", "Materiaal": "pvc klasse 34 sn8", "Vorm": "rond", "Voeg": "mof-spie", "Grondslag": "onbekend", "Fundatie": "onbekend", "VanBobpeil": "", "NarBobpeil": "", "Straat": "\"steekterweg, alphen aan den rijn\"", "Straattype": "onbekend", "Verh_type": "onbekend", "Breedte": 125, "Hoogte": 125, "BodemBrdt": 4, "Lengte": 2.13000011, "Gebied": "steekterweg gs", "Inspectie": "", "JaarVerv": "0", "Beslismodl": "Geen beoordeling", "Beoordeeld": "0000", "Tactisch": 7, "Act_Direct": 0, "Act_In_5Y": 0, "Act_In_10Y": 0, "Geen_actie": 0, "Niet_beord": 2.13, "Operationl": 0, "Project": "", "APM": 0, "APV": "", "Kosten": 306.74, "Opmerking": "", "Tekening": "INPA070748_001 REV TOTAA", "OBJ_ID": "0", "OBJECTID": 68, "Shape_Length": 2.130387252607054}}, {"type": "Feature", "id": 69, "geometry": {"type": "LineString", "coordinates": [[107444.68400000036, 458890.7109999992], [107445.10099999979, 458891.4820000008]]}, "properties": {"Datum": "20190520", "Van_knpnr": "AK2084", "Naar_knpnr": "F07351", "Strengnr": 1, "Offset": 0, "Strengtype": "kolkaansluitleiding", "Afvoertype": "hemelwater gs", "Jaar": "0", "Jaar_recon": "0", "Materiaal": "pvc klasse 34 sn8", "Vorm": "rond", "Voeg": "mof-spie", "Grondslag": "onbekend", "Fundatie": "onbekend", "VanBobpeil": "", "NarBobpeil": "", "Straat": "\"steekterweg, alphen aan den rijn\"", "Straattype": "onbekend", "Verh_type": "onbekend", "Breedte": 125, "Hoogte": 125, "BodemBrdt": 4, "Lengte": 0.879999995, "Gebied": "steekterweg gs", "Inspectie": "", "JaarVerv": "0", "Beslismodl": "Geen beoordeling", "Beoordeeld": "0000", "Tactisch": 7, "Act_Direct": 0, "Act_In_5Y": 0, "Act_In_10Y": 0, "Geen_actie": 0, "Niet_beord": 0.88, "Operationl": 0, "Project": "", "APM": 0, "APV": "", "Kosten": 126.73, "Opmerking": "", "Tekening": "INPA070748_001 REV TOTAA", "OBJ_ID": "72ddbf8237984171910f9f4b85dea4e3", "OBJECTID": 69, "Shape_Length": 0.8765443525363545}}, {"type": "Feature", "id": 70, "geometry": {"type": "LineString", "coordinates": [[107430.29699999839, 458887.01300000027], [107429.81599999964, 458886.3139999993], [107423.30099999905, 458890.4200000018], [107419.19900000095, 458884.15199999884]]}, "properties": {"Datum": "20190520", "Van_knpnr": "AK2085", "Naar_knpnr": "F07333U", "Strengnr": 1, "Offset": 0, "Strengtype": "kolkaansluitleiding", "Afvoertype": "hemelwater gs", "Jaar": "0", "Jaar_recon": "0", "Materiaal": "pvc klasse 34 sn8", "Vorm": "rond", "Voeg": "mof-spie", "Grondslag": "onbekend", "Fundatie": "onbekend", "VanBobpeil": "", "NarBobpeil": "", "Straat": "\"steekterweg, alphen aan den rijn\"", "Straattype": "onbekend", "Verh_type": "onbekend", "Breedte": 125, "Hoogte": 125, "BodemBrdt": 4, "Lengte": 16.0400009, "Gebied": "steekterweg gs", "Inspectie": "", "JaarVerv": "0", "Beslismodl": "Geen beoordeling", "Beoordeeld": "0000", "Tactisch": 7, "Act_Direct": 0, "Act_In_5Y": 0, "Act_In_10Y": 0, "Geen_actie": 0, "Niet_beord": 16.04, "Operationl": 0, "Project": "", "APM": 0, "APV": "", "Kosten": 2309.92, "Opmerking": "", "Tekening": "INPA070748_001 REV TOTAA", "OBJ_ID": "0", "OBJECTID": 70, "Shape_Length": 16.040387782255383}}, {"type": "Feature", "id": 71, "geometry": {"type": "LineString", "coordinates": [[107448.39400000125, 458875.3979999982], [107447.94000000134, 458874.8049999997], [107449.66299999878, 458873.6779999994], [107445.64900000021, 458867.5529999994]]}, "properties": {"Datum": "20190520", "Van_knpnr": "AK2086", "Naar_knpnr": "F07332U", "Strengnr": 1, "Offset": 0, "Strengtype": "kolkaansluitleiding", "Afvoertype": "hemelwater gs", "Jaar": "0", "Jaar_recon": "0", "Materiaal": "pvc klasse 34 sn8", "Vorm": "rond", "Voeg": "mof-spie", "Grondslag": "onbekend", "Fundatie": "onbekend", "VanBobpeil": "", "NarBobpeil": "", "Straat": "\"steekterweg, alphen aan den rijn\"", "Straattype": "onbekend", "Verh_type": "onbekend", "Breedte": 125, "Hoogte": 125, "BodemBrdt": 4, "Lengte": 10.1300001, "Gebied": "steekterweg gs", "Inspectie": "", "JaarVerv": "0", "Beslismodl": "Geen beoordeling", "Beoordeeld": "0000", "Tactisch": 7, "Act_Direct": 0, "Act_In_5Y": 0, "Act_In_10Y": 0, "Geen_actie": 0, "Niet_beord": 10.13, "Operationl": 0, "Project": "", "APM": 0, "APV": "", "Kosten": 1458.82, "Opmerking": "", "Tekening": "INPA070748_001 REV TOTAA", "OBJ_ID": "0", "OBJECTID": 71, "Shape_Length": 10.128787235703687}}, {"type": "Feature", "id": 72, "geometry": {"type": "LineString", "coordinates": [[107458.40199999884, 458869.05799999833], [107458.03500000015, 458868.6000000015], [107467.17199999839, 458862.73000000045], [107462.57200000063, 458855.7419999987]]}, "properties": {"Datum": "20190520", "Van_knpnr": "AK2087", "Naar_knpnr": "F07331U", "Strengnr": 1, "Offset": 0, "Strengtype": "kolkaansluitleiding", "Afvoertype": "hemelwater gs", "Jaar": "0", "Jaar_recon": "0", "Materiaal": "pvc klasse 34 sn8", "Vorm": "rond", "Voeg": "mof-spie", "Grondslag": "onbekend", "Fundatie": "onbekend", "VanBobpeil": "", "NarBobpeil": "", "Straat": "\"steekterweg, alphen aan den rijn\"", "Straattype": "onbekend", "Verh_type": "onbekend", "Breedte": 125, "Hoogte": 125, "BodemBrdt": 4, "Lengte": 19.8099995, "Gebied": "steekterweg gs", "Inspectie": "", "JaarVerv": "0", "Beslismodl": "Geen beoordeling", "Beoordeeld": "0000", "Tactisch": 7, "Act_Direct": 0, "Act_In_5Y": 0, "Act_In_10Y": 0, "Geen_actie": 0, "Niet_beord": 19.81, "Operationl": 0, "Project": "", "APM": 0, "APV": "", "Kosten": 2852.84, "Opmerking": "", "Tekening": "INPA070748_001 REV TOTAA", "OBJ_ID": "0", "OBJECTID": 72, "Shape_Length": 19.813127204004818}}, {"type": "Feature", "id": 73, "geometry": {"type": "LineString", "coordinates": [[107497.2650000006, 458857.7509999983], [107497.65700000152, 458858.3779999986], [107491.09299999848, 458862.4530000016]]}, "properties": {"Datum": "20190520", "Van_knpnr": "AK2093", "Naar_knpnr": "F07350", "Strengnr": 1, "Offset": 0, "Strengtype": "kolkaansluitleiding", "Afvoertype": "hemelwater gs", "Jaar": "0", "Jaar_recon": "0", "Materiaal": "pvc klasse 34 sn8", "Vorm": "rond", "Voeg": "mof-spie", "Grondslag": "onbekend", "Fundatie": "onbekend", "VanBobpeil": "", "NarBobpeil": "", "Straat": "\"steekterweg, alphen aan den rijn\"", "Straattype": "onbekend", "Verh_type": "onbekend", "Breedte": 125, "Hoogte": 125, "BodemBrdt": 4, "Lengte": 8.46000004, "Gebied": "steekterweg gs", "Inspectie": "", "JaarVerv": "0", "Beslismodl": "Geen beoordeling", "Beoordeeld": "0000", "Tactisch": 7, "Act_Direct": 0, "Act_In_5Y": 0, "Act_In_10Y": 0, "Geen_actie": 0, "Niet_beord": 8.46, "Operationl": 0, "Project": "", "APM": 0, "APV": "", "Kosten": 1218.32, "Opmerking": "", "Tekening": "INPA070748_001 REV TOTAA", "OBJ_ID": "83c55df2feae4c8e82f9c9ff79a487b7", "OBJECTID": 73, "Shape_Length": 8.46549627566868}}, {"type": "Feature", "id": 74, "geometry": {"type": "LineString", "coordinates": [[107505.2349999994, 458852.8969999999], [107505.50299999863, 458853.2980000004], [107503.95300000161, 458854.2520000003], [107504.58300000057, 458855.2710000016], [107501.63399999961, 458857.0219999999]]}, "properties": {"Datum": "20190520", "Van_knpnr": "AK2094", "Naar_knpnr": "F07349", "Strengnr": 1, "Offset": 0, "Strengtype": "kolkaansluitleiding", "Afvoertype": "hemelwater gs", "Jaar": "0", "Jaar_recon": "0", "Materiaal": "pvc klasse 34 sn8", "Vorm": "rond", "Voeg": "mof-spie", "Grondslag": "onbekend", "Fundatie": "onbekend", "VanBobpeil": "", "NarBobpeil": "", "Straat": "\"steekterweg, alphen aan den rijn\"", "Straattype": "onbekend", "Verh_type": "onbekend", "Breedte": 125, "Hoogte": 125, "BodemBrdt": 4, "Lengte": 6.92999983, "Gebied": "steekterweg gs", "Inspectie": "", "JaarVerv": "0", "Beslismodl": "Geen beoordeling", "Beoordeeld": "0000", "Tactisch": 7, "Act_Direct": 0, "Act_In_5Y": 0, "Act_In_10Y": 0, "Geen_actie": 0, "Niet_beord": 6.93, "Operationl": 0, "Project": "", "APM": 0, "APV": "", "Kosten": 997.99, "Opmerking": "", "Tekening": "INPA070748_001 REV TOTAA", "OBJ_ID": "0", "OBJECTID": 74, "Shape_Length": 6.930060264816644}}, {"type": "Feature", "id": 75, "geometry": {"type": "LineString", "coordinates": [[107514.36400000006, 458846.8590000011], [107515.54699999839, 458848.62999999896], [107525.44799999893, 458842.131000001]]}, "properties": {"Datum": "20190520", "Van_knpnr": "AK2095", "Naar_knpnr": "F07326", "Strengnr": 1, "Offset": 0, "Strengtype": "kolkaansluitleiding", "Afvoertype": "hemelwater gs", "Jaar": "0", "Jaar_recon": "0", "Materiaal": "pvc klasse 34 sn8", "Vorm": "rond", "Voeg": "mof-spie", "Grondslag": "onbekend", "Fundatie": "onbekend", "VanBobpeil": "", "NarBobpeil": "", "Straat": "\"steekterweg, alphen aan den rijn\"", "Straattype": "onbekend", "Verh_type": "onbekend", "Breedte": 125, "Hoogte": 125, "BodemBrdt": 4, "Lengte": 13.9700003, "Gebied": "steekterweg gs", "Inspectie": "", "JaarVerv": "0", "Beslismodl": "Geen beoordeling", "Beoordeeld": "0000", "Tactisch": 7, "Act_Direct": 0, "Act_In_5Y": 0, "Act_In_10Y": 0, "Geen_actie": 0, "Niet_beord": 13.97, "Operationl": 0, "Project": "", "APM": 0, "APV": "", "Kosten": 2011.82, "Opmerking": "", "Tekening": "INPA070748_001 REV TOTAA", "OBJ_ID": "0", "OBJECTID": 75, "Shape_Length": 13.973200927000859}}, {"type": "Feature", "id": 76, "geometry": {"type": "LineString", "coordinates": [[107564.84800000116, 458816.131000001], [107565.14600000158, 458816.69000000134], [107568.39999999851, 458814.8449999988]]}, "properties": {"Datum": "20190520", "Van_knpnr": "AK2100", "Naar_knpnr": "F07320", "Strengnr": 1, "Offset": 0, "Strengtype": "kolkaansluitleiding", "Afvoertype": "hemelwater gs", "Jaar": "0", "Jaar_recon": "0", "Materiaal": "pvc klasse 34 sn8", "Vorm": "rond", "Voeg": "mof-spie", "Grondslag": "onbekend", "Fundatie": "onbekend", "VanBobpeil": "", "NarBobpeil": "", "Straat": "\"steekterweg, alphen aan den rijn\"", "Straattype": "onbekend", "Verh_type": "onbekend", "Breedte": 125, "Hoogte": 125, "BodemBrdt": 4, "Lengte": 4.36999989, "Gebied": "steekterweg gs", "Inspectie": "", "JaarVerv": "0", "Beslismodl": "Geen beoordeling", "Beoordeeld": "0000", "Tactisch": 7, "Act_Direct": 0, "Act_In_5Y": 0, "Act_In_10Y": 0, "Geen_actie": 0, "Niet_beord": 4.37, "Operationl": 0, "Project": "", "APM": 0, "APV": "", "Kosten": 629.32, "Opmerking": "", "Tekening": "INPA070748_001 REV TOTAA", "OBJ_ID": "6c13fc9afc2d45d7aac04c791a088ab2", "OBJECTID": 76, "Shape_Length": 4.374131101424129}}, {"type": "Feature", "id": 77, "geometry": {"type": "LineString", "coordinates": [[107613.60099999979, 458791.3020000011], [107613.94799999893, 458791.16800000146], [107614.16099999845, 458791.7259999998], [107623.49100000039, 458788.01300000027]]}, "properties": {"Datum": "20190520", "Van_knpnr": "AK2105", "Naar_knpnr": "F07307", "Strengnr": 1, "Offset": 0, "Strengtype": "kolkaansluitleiding", "Afvoertype": "hemelwater gs", "Jaar": "0", "Jaar_recon": "0", "Materiaal": "pvc klasse 34 sn8", "Vorm": "rond", "Voeg": "mof-spie", "Grondslag": "onbekend", "Fundatie": "onbekend", "VanBobpeil": "", "NarBobpeil": "", "Straat": "\"steekterweg, alphen aan den rijn\"", "Straattype": "onbekend", "Verh_type": "onbekend", "Breedte": 160, "Hoogte": 160, "BodemBrdt": 5, "Lengte": 11.0100002, "Gebied": "steekterweg gs", "Inspectie": "", "JaarVerv": "0", "Beslismodl": "Geen beoordeling", "Beoordeeld": "0000", "Tactisch": 7, "Act_Direct": 0, "Act_In_5Y": 0, "Act_In_10Y": 0, "Geen_actie": 0, "Niet_beord": 11.01, "Operationl": 0, "Project": "", "APM": 0, "APV": "", "Kosten": 1648.86, "Opmerking": "", "Tekening": "INPA070748_001 REV TOTAA", "OBJ_ID": "67a3b8f1df804520a5639f40632c30f7", "OBJECTID": 77, "Shape_Length": 11.010922358616904}}, {"type": "Feature", "id": 78, "geometry": {"type": "LineString", "coordinates": [[107640.85000000149, 458781.5689999983], [107639.92100000009, 458781.8999999985], [107639.79800000042, 458781.5069999993]]}, "properties": {"Datum": "20190520", "Van_knpnr": "AK2107", "Naar_knpnr": "F07306", "Strengnr": 1, "Offset": 0, "Strengtype": "kolkaansluitleiding", "Afvoertype": "hemelwater gs", "Jaar": "0", "Jaar_recon": "0", "Materiaal": "pvc klasse 34 sn8", "Vorm": "rond", "Voeg": "mof-spie", "Grondslag": "onbekend", "Fundatie": "onbekend", "VanBobpeil": "", "NarBobpeil": "", "Straat": "\"steekterweg, alphen aan den rijn\"", "Straattype": "onbekend", "Verh_type": "onbekend", "Breedte": 125, "Hoogte": 125, "BodemBrdt": 4, "Lengte": 1.39999998, "Gebied": "steekterweg gs", "Inspectie": "", "JaarVerv": "0", "Beslismodl": "Geen beoordeling", "Beoordeeld": "0000", "Tactisch": 7, "Act_Direct": 0, "Act_In_5Y": 0, "Act_In_10Y": 0, "Geen_actie": 0, "Niet_beord": 1.4, "Operationl": 0, "Project": "", "APM": 0, "APV": "", "Kosten": 201.61, "Opmerking": "", "Tekening": "INPA070748_001 REV TOTAA", "OBJ_ID": "0", "OBJECTID": 78, "Shape_Length": 1.3980043558368165}}, {"type": "Feature", "id": 79, "geometry": {"type": "LineString", "coordinates": [[107687.99199999869, 458764.68499999866], [107689, 458767.76999999955]]}, "properties": {"Datum": "20190520", "Van_knpnr": "AK2112", "Naar_knpnr": "F07310", "Strengnr": 1, "Offset": 0, "Strengtype": "kolkaansluitleiding", "Afvoertype": "hemelwater gs", "Jaar": "0", "Jaar_recon": "0", "Materiaal": "pvc klasse 34 sn8", "Vorm": "rond", "Voeg": "mof-spie", "Grondslag": "onbekend", "Fundatie": "onbekend", "VanBobpeil": "", "NarBobpeil": "", "Straat": "\"steekterweg, alphen aan den rijn\"", "Straattype": "onbekend", "Verh_type": "onbekend", "Breedte": 125, "Hoogte": 125, "BodemBrdt": 4, "Lengte": 3.25, "Gebied": "steekterweg gs", "Inspectie": "", "JaarVerv": "0", "Beslismodl": "Geen beoordeling", "Beoordeeld": "0000", "Tactisch": 7, "Act_Direct": 0, "Act_In_5Y": 0, "Act_In_10Y": 0, "Geen_actie": 0, "Niet_beord": 3.25, "Operationl": 0, "Project": "", "APM": 0, "APV": "", "Kosten": 468.03, "Opmerking": "", "Tekening": "INPA070748_001 REV TOTAA", "OBJ_ID": "48fd57646e9d4ecba1ba7d48e382cd12", "OBJECTID": 79, "Shape_Length": 3.2455028898708433}}, {"type": "Feature", "id": 80, "geometry": {"type": "LineString", "coordinates": [[107755.46599999815, 458740.6400000006], [107756.21299999952, 458742.72100000083]]}, "properties": {"Datum": "20190520", "Van_knpnr": "AK2116", "Naar_knpnr": "F07302", "Strengnr": 1, "Offset": 0, "Strengtype": "kolkaansluitleiding", "Afvoertype": "hemelwater gs", "Jaar": "0", "Jaar_recon": "0", "Materiaal": "pvc klasse 34 sn8", "Vorm": "rond", "Voeg": "mof-spie", "Grondslag": "onbekend", "Fundatie": "onbekend", "VanBobpeil": "", "NarBobpeil": "", "Straat": "\"steekterweg, alphen aan den rijn\"", "Straattype": "onbekend", "Verh_type": "onbekend", "Breedte": 125, "Hoogte": 125, "BodemBrdt": 4, "Lengte": 2.21000004, "Gebied": "steekterweg gs", "Inspectie": "", "JaarVerv": "0", "Beslismodl": "Geen beoordeling", "Beoordeeld": "0000", "Tactisch": 7, "Act_Direct": 0, "Act_In_5Y": 0, "Act_In_10Y": 0, "Geen_actie": 0, "Niet_beord": 2.21, "Operationl": 0, "Project": "", "APM": 0, "APV": "", "Kosten": 318.26, "Opmerking": "", "Tekening": "INPA070748_001 REV TOTAA", "OBJ_ID": "0", "OBJECTID": 80, "Shape_Length": 2.2110110816186412}}, {"type": "Feature", "id": 81, "geometry": {"type": "LineString", "coordinates": [[107794.80600000173, 458723.9679999985], [107795.62999999896, 458727.1739999987], [107798.55700000003, 458726.256000001], [107798.72700000182, 458726.7670000009], [107810.39699999988, 458722.88500000164], [107824, 458717.1079999991]]}, "properties": {"Datum": "20190520", "Van_knpnr": "AK2118", "Naar_knpnr": "F07293", "Strengnr": 1, "Offset": 0, "Strengtype": "kolkaansluitleiding", "Afvoertype": "hemelwater gs", "Jaar": "0", "Jaar_recon": "0", "Materiaal": "pvc klasse 34 sn8", "Vorm": "rond", "Voeg": "mof-spie", "Grondslag": "onbekend", "Fundatie": "onbekend", "VanBobpeil": "", "NarBobpeil": "", "Straat": "\"steekterweg, alphen aan den rijn\"", "Straattype": "onbekend", "Verh_type": "onbekend", "Breedte": 125, "Hoogte": 125, "BodemBrdt": 4, "Lengte": 33.9900017, "Gebied": "steekterweg gs", "Inspectie": "", "JaarVerv": "0", "Beslismodl": "Geen beoordeling", "Beoordeeld": "0000", "Tactisch": 7, "Act_Direct": 0, "Act_In_5Y": 0, "Act_In_10Y": 0, "Geen_actie": 0, "Niet_beord": 33.99, "Operationl": 0, "Project": "", "APM": 0, "APV": "", "Kosten": 4894.9, "Opmerking": "", "Tekening": "INPA070748_001 REV TOTAA", "OBJ_ID": "0", "OBJECTID": 81, "Shape_Length": 33.99392923237031}}, {"type": "Feature", "id": 82, "geometry": {"type": "LineString", "coordinates": [[107782.95800000057, 458719.0309999995], [107784.51999999955, 458718.3530000001], [107781.59299999848, 458710.17500000075]]}, "properties": {"Datum": "20190520", "Van_knpnr": "AK2119", "Naar_knpnr": "F07296U", "Strengnr": 1, "Offset": 0, "Strengtype": "kolkaansluitleiding", "Afvoertype": "hemelwater gs", "Jaar": "0", "Jaar_recon": "0", "Materiaal": "pvc klasse 34 sn8", "Vorm": "rond", "Voeg": "mof-spie", "Grondslag": "onbekend", "Fundatie": "onbekend", "VanBobpeil": "", "NarBobpeil": "", "Straat": "\"steekterweg, alphen aan den rijn\"", "Straattype": "onbekend", "Verh_type": "onbekend", "Breedte": 125, "Hoogte": 125, "BodemBrdt": 4, "Lengte": 10.3900003, "Gebied": "steekterweg gs", "Inspectie": "", "JaarVerv": "0", "Beslismodl": "Geen beoordeling", "Beoordeeld": "0000", "Tactisch": 7, "Act_Direct": 0, "Act_In_5Y": 0, "Act_In_10Y": 0, "Geen_actie": 0, "Niet_beord": 10.39, "Operationl": 0, "Project": "", "APM": 0, "APV": "", "Kosten": 1496.26, "Opmerking": "", "Tekening": "INPA070748_001 REV TOTAA", "OBJ_ID": "0", "OBJECTID": 82, "Shape_Length": 10.388824049686482}}, {"type": "Feature", "id": 83, "geometry": {"type": "LineString", "coordinates": [[107814.60399999842, 458716.7710000016], [107815.01399999857, 458718.0520000011], [107823.27199999988, 458715.0799999982], [107824, 458717.1079999991]]}, "properties": {"Datum": "20190520", "Van_knpnr": "AK2120", "Naar_knpnr": "F07293", "Strengnr": 1, "Offset": 0, "Strengtype": "kolkaansluitleiding", "Afvoertype": "hemelwater gs", "Jaar": "0", "Jaar_recon": "0", "Materiaal": "pvc klasse 34 sn8", "Vorm": "rond", "Voeg": "mof-spie", "Grondslag": "onbekend", "Fundatie": "onbekend", "VanBobpeil": "", "NarBobpeil": "", "Straat": "\"steekterweg, alphen aan den rijn\"", "Straattype": "onbekend", "Verh_type": "onbekend", "Breedte": 125, "Hoogte": 125, "BodemBrdt": 4, "Lengte": 12.2799997, "Gebied": "steekterweg gs", "Inspectie": "", "JaarVerv": "0", "Beslismodl": "Geen beoordeling", "Beoordeeld": "0000", "Tactisch": 7, "Act_Direct": 0, "Act_In_5Y": 0, "Act_In_10Y": 0, "Geen_actie": 0, "Niet_beord": 12.28, "Operationl": 0, "Project": "", "APM": 0, "APV": "", "Kosten": 1768.44, "Opmerking": "", "Tekening": "INPA070748_001 REV TOTAA", "OBJ_ID": "85f3bcb0c802486294db77e11b022a04", "OBJECTID": 83, "Shape_Length": 12.276244264357366}}, {"type": "Feature", "id": 84, "geometry": {"type": "LineString", "coordinates": [[107838.69999999925, 458708.0480000004], [107839.00400000066, 458708.8990000002], [107834.41000000015, 458710.5859999992], [107835.3359999992, 458713.3299999982]]}, "properties": {"Datum": "20190520", "Van_knpnr": "AK2122", "Naar_knpnr": "F07292", "Strengnr": 1, "Offset": 0, "Strengtype": "kolkaansluitleiding", "Afvoertype": "hemelwater gs", "Jaar": "0", "Jaar_recon": "0", "Materiaal": "pvc klasse 34 sn8", "Vorm": "rond", "Voeg": "mof-spie", "Grondslag": "onbekend", "Fundatie": "onbekend", "VanBobpeil": "", "NarBobpeil": "", "Straat": "\"steekterweg, alphen aan den rijn\"", "Straattype": "onbekend", "Verh_type": "onbekend", "Breedte": 125, "Hoogte": 125, "BodemBrdt": 4, "Lengte": 8.68999958, "Gebied": "steekterweg gs", "Inspectie": "", "JaarVerv": "0", "Beslismodl": "Geen beoordeling", "Beoordeeld": "0000", "Tactisch": 7, "Act_Direct": 0, "Act_In_5Y": 0, "Act_In_10Y": 0, "Geen_actie": 0, "Niet_beord": 8.69, "Operationl": 0, "Project": "", "APM": 0, "APV": "", "Kosten": 1251.45, "Opmerking": "", "Tekening": "INPA070748_001 REV TOTAA", "OBJ_ID": "07d800a9d622471b84bd82e240befdf7", "OBJECTID": 84, "Shape_Length": 8.693658438995316}}, {"type": "Feature", "id": 85, "geometry": {"type": "LineString", "coordinates": [[107866.85099999979, 458698.69299999997], [107867.00899999961, 458699.3539999984], [107862.31799999997, 458700.8440000005], [107863.66899999976, 458704.55799999833]]}, "properties": {"Datum": "20190520", "Van_knpnr": "AK2123", "Naar_knpnr": "F07290U", "Strengnr": 1, "Offset": 0, "Strengtype": "kolkaansluitleiding", "Afvoertype": "hemelwater gs", "Jaar": "0", "Jaar_recon": "0", "Materiaal": "pvc klasse 34 sn8", "Vorm": "rond", "Voeg": "mof-spie", "Grondslag": "onbekend", "Fundatie": "onbekend", "VanBobpeil": "", "NarBobpeil": "", "Straat": "\"steekterweg, alphen aan den rijn\"", "Straattype": "onbekend", "Verh_type": "onbekend", "Breedte": 125, "Hoogte": 125, "BodemBrdt": 4, "Lengte": 10.3400002, "Gebied": "steekterweg gs", "Inspectie": "", "JaarVerv": "0", "Beslismodl": "Geen beoordeling", "Beoordeeld": "0000", "Tactisch": 7, "Act_Direct": 0, "Act_In_5Y": 0, "Act_In_10Y": 0, "Geen_actie": 0, "Niet_beord": 10.34, "Operationl": 0, "Project": "", "APM": 0, "APV": "", "Kosten": 1489.06, "Opmerking": "", "Tekening": "INPA070748_001 REV TOTAA", "OBJ_ID": "130521dbe84f43cbb8bd589847e5948a", "OBJECTID": 85, "Shape_Length": 9.553657793431274}}, {"type": "Feature", "id": 86, "geometry": {"type": "LineString", "coordinates": [[107880.83900000155, 458694.1469999999], [107881.43400000036, 458695.9050000012], [107877.48099999875, 458697.27899999917], [107878.63899999857, 458700.6220000014]]}, "properties": {"Datum": "20190520", "Van_knpnr": "AK2124", "Naar_knpnr": "F07289U", "Strengnr": 1, "Offset": 0, "Strengtype": "kolkaansluitleiding", "Afvoertype": "hemelwater gs", "Jaar": "0", "Jaar_recon": "0", "Materiaal": "pvc klasse 34 sn8", "Vorm": "rond", "Voeg": "mof-spie", "Grondslag": "onbekend", "Fundatie": "onbekend", "VanBobpeil": "", "NarBobpeil": "", "Straat": "\"steekterweg, alphen aan den rijn\"", "Straattype": "onbekend", "Verh_type": "onbekend", "Breedte": 125, "Hoogte": 125, "BodemBrdt": 4, "Lengte": 10.2700005, "Gebied": "steekterweg gs", "Inspectie": "", "JaarVerv": "0", "Beslismodl": "Geen beoordeling", "Beoordeeld": "0000", "Tactisch": 7, "Act_Direct": 0, "Act_In_5Y": 0, "Act_In_10Y": 0, "Geen_actie": 0, "Niet_beord": 10.27, "Operationl": 0, "Project": "", "APM": 0, "APV": "", "Kosten": 1478.98, "Opmerking": "", "Tekening": "INPA070748_001 REV TOTAA", "OBJ_ID": "242e8ff96f304a2885032b66bb5a16b9", "OBJECTID": 86, "Shape_Length": 9.578826234406808}}, {"type": "Feature", "id": 87, "geometry": {"type": "LineString", "coordinates": [[107941.36800000072, 458677.19000000134], [107941.93299999833, 458678.86499999836], [107944.9290000014, 458677.97199999914], [107945.66899999976, 458680.3599999994]]}, "properties": {"Datum": "20190520", "Van_knpnr": "AK2125", "Naar_knpnr": "F07287", "Strengnr": 1, "Offset": 0, "Strengtype": "kolkaansluitleiding", "Afvoertype": "hemelwater gs", "Jaar": "0", "Jaar_recon": "0", "Materiaal": "pvc klasse 34 sn8", "Vorm": "rond", "Voeg": "mof-spie", "Grondslag": "onbekend", "Fundatie": "onbekend", "VanBobpeil": "", "NarBobpeil": "", "Straat": "\"steekterweg, alphen aan den rijn\"", "Straattype": "onbekend", "Verh_type": "onbekend", "Breedte": 125, "Hoogte": 125, "BodemBrdt": 4, "Lengte": 7.38999987, "Gebied": "steekterweg gs", "Inspectie": "", "JaarVerv": "0", "Beslismodl": "Geen beoordeling", "Beoordeeld": "0000", "Tactisch": 7, "Act_Direct": 0, "Act_In_5Y": 0, "Act_In_10Y": 0, "Geen_actie": 0, "Niet_beord": 7.39, "Operationl": 0, "Project": "", "APM": 0, "APV": "", "Kosten": 1064.23, "Opmerking": "", "Tekening": "INPA070748_001 REV TOTAA", "OBJ_ID": "8737a5c0fe954be5b328ce99252dbb5f", "OBJECTID": 87, "Shape_Length": 7.394007473127887}}, {"type": "Feature", "id": 88, "geometry": {"type": "LineString", "coordinates": [[107964.90399999917, 458669.9149999991], [107965.49399999902, 458671.6479999982], [107958.31300000101, 458673.9079999998], [107959.0159999989, 458676.1220000014]]}, "properties": {"Datum": "20190520", "Van_knpnr": "AK2126", "Naar_knpnr": "F07286", "Strengnr": 1, "Offset": 0, "Strengtype": "kolkaansluitleiding", "Afvoertype": "hemelwater gs", "Jaar": "0", "Jaar_recon": "0", "Materiaal": "pvc klasse 34 sn8", "Vorm": "rond", "Voeg": "mof-spie", "Grondslag": "onbekend", "Fundatie": "onbekend", "VanBobpeil": "", "NarBobpeil": "", "Straat": "\"steekterweg, alphen aan den rijn\"", "Straattype": "onbekend", "Verh_type": "onbekend", "Breedte": 125, "Hoogte": 125, "BodemBrdt": 4, "Lengte": 11.6800003, "Gebied": "steekterweg gs", "Inspectie": "", "JaarVerv": "0", "Beslismodl": "Geen beoordeling", "Beoordeeld": "0000", "Tactisch": 7, "Act_Direct": 0, "Act_In_5Y": 0, "Act_In_10Y": 0, "Geen_actie": 0, "Niet_beord": 11.68, "Operationl": 0, "Project": "", "APM": 0, "APV": "", "Kosten": 1682.04, "Opmerking": "", "Tekening": "INPA070748_001 REV TOTAA", "OBJ_ID": "7684885cb74a49faacfbf5747eb4c911", "OBJECTID": 88, "Shape_Length": 11.681847764332428}}, {"type": "Feature", "id": 89, "geometry": {"type": "LineString", "coordinates": [[108064.37299999967, 458638.3669999987], [108064.75600000098, 458640.08999999985], [108060.88199999928, 458641.3539999984], [108062.2650000006, 458645.63699999824], [108066.11600000039, 458646.8929999992], [108066.58700000122, 458648.4230000004]]}, "properties": {"Datum": "20190520", "Van_knpnr": "AK2128", "Naar_knpnr": "F07275U", "Strengnr": 1, "Offset": 0, "Strengtype": "kolkaansluitleiding", "Afvoertype": "hemelwater gs", "Jaar": "0", "Jaar_recon": "0", "Materiaal": "pvc klasse 34 sn8", "Vorm": "rond", "Voeg": "mof-spie", "Grondslag": "onbekend", "Fundatie": "onbekend", "VanBobpeil": "", "NarBobpeil": "", "Straat": "\"steekterweg, alphen aan den rijn\"", "Straattype": "onbekend", "Verh_type": "onbekend", "Breedte": 125, "Hoogte": 125, "BodemBrdt": 4, "Lengte": 15.9899998, "Gebied": "steekterweg gs", "Inspectie": "", "JaarVerv": "0", "Beslismodl": "Geen beoordeling", "Beoordeeld": "0000", "Tactisch": 7, "Act_Direct": 0, "Act_In_5Y": 0, "Act_In_10Y": 0, "Geen_actie": 0, "Niet_beord": 15.99, "Operationl": 0, "Project": "", "APM": 0, "APV": "", "Kosten": 2302.72, "Opmerking": "", "Tekening": "INPA070748_001 REV TOTAA", "OBJ_ID": "fa7966a3862f4751b4c952039fcd7e1b", "OBJECTID": 89, "Shape_Length": 15.992304047670721}}, {"type": "Feature", "id": 90, "geometry": {"type": "LineString", "coordinates": [[108085.52899999917, 458627.9910000004], [108086.5700000003, 458630.9979999997], [108089.31100000069, 458632.15399999917], [108092.19099999964, 458641.0700000003]]}, "properties": {"Datum": "20190520", "Van_knpnr": "AK2130", "Naar_knpnr": "F07276U", "Strengnr": 1, "Offset": 0, "Strengtype": "kolkaansluitleiding", "Afvoertype": "hemelwater gs", "Jaar": "0", "Jaar_recon": "0", "Materiaal": "pvc klasse 34 sn8", "Vorm": "rond", "Voeg": "mof-spie", "Grondslag": "onbekend", "Fundatie": "onbekend", "VanBobpeil": "", "NarBobpeil": "", "Straat": "\"steekterweg, alphen aan den rijn\"", "Straattype": "onbekend", "Verh_type": "onbekend", "Breedte": 125, "Hoogte": 125, "BodemBrdt": 4, "Lengte": 15.5299997, "Gebied": "steekterweg gs", "Inspectie": "", "JaarVerv": "0", "Beslismodl": "Geen beoordeling", "Beoordeeld": "0000", "Tactisch": 7, "Act_Direct": 0, "Act_In_5Y": 0, "Act_In_10Y": 0, "Geen_actie": 0, "Niet_beord": 15.53, "Operationl": 0, "Project": "", "APM": 0, "APV": "", "Kosten": 2236.48, "Opmerking": "", "Tekening": "INPA070748_001 REV TOTAA", "OBJ_ID": "80a6895d58ab4a14bb6f511624b245dc", "OBJECTID": 90, "Shape_Length": 15.526494956571954}}, {"type": "Feature", "id": 91, "geometry": {"type": "LineString", "coordinates": [[108103.7100000009, 458624.8020000011], [108107.61499999836, 458635.3680000007]]}, "properties": {"Datum": "20190520", "Van_knpnr": "AK2132", "Naar_knpnr": "F07277U", "Strengnr": 1, "Offset": 0, "Strengtype": "kolkaansluitleiding", "Afvoertype": "hemelwater gs", "Jaar": "0", "Jaar_recon": "0", "Materiaal": "pvc klasse 34 sn8", "Vorm": "rond", "Voeg": "mof-spie", "Grondslag": "onbekend", "Fundatie": "onbekend", "VanBobpeil": "", "NarBobpeil": "", "Straat": "\"steekterweg, alphen aan den rijn\"", "Straattype": "onbekend", "Verh_type": "onbekend", "Breedte": 125, "Hoogte": 125, "BodemBrdt": 4, "Lengte": 11.2700005, "Gebied": "steekterweg gs", "Inspectie": "", "JaarVerv": "0", "Beslismodl": "Geen beoordeling", "Beoordeeld": "0000", "Tactisch": 7, "Act_Direct": 0, "Act_In_5Y": 0, "Act_In_10Y": 0, "Geen_actie": 0, "Niet_beord": 11.27, "Operationl": 0, "Project": "", "APM": 0, "APV": "", "Kosten": 1622.99, "Opmerking": "", "Tekening": "INPA070748_001 REV TOTAA", "OBJ_ID": "4daa50010a9b45a59191fb98bcb50901", "OBJECTID": 91, "Shape_Length": 11.264518674699701}}, {"type": "Feature", "id": 92, "geometry": {"type": "LineString", "coordinates": [[108117.91200000048, 458622.2250000015], [108118.14400000125, 458622.92599999905], [108117.55900000036, 458623.1710000001], [108119.97899999842, 458630.94000000134]]}, "properties": {"Datum": "20190520", "Van_knpnr": "AK2134", "Naar_knpnr": "F07278U", "Strengnr": 1, "Offset": 0, "Strengtype": "kolkaansluitleiding", "Afvoertype": "hemelwater gs", "Jaar": "0", "Jaar_recon": "0", "Materiaal": "pvc klasse 34 sn8", "Vorm": "rond", "Voeg": "mof-spie", "Grondslag": "onbekend", "Fundatie": "onbekend", "VanBobpeil": "", "NarBobpeil": "", "Straat": "\"steekterweg, alphen aan den rijn\"", "Straattype": "onbekend", "Verh_type": "onbekend", "Breedte": 125, "Hoogte": 125, "BodemBrdt": 4, "Lengte": 9.51000023, "Gebied": "steekterweg gs", "Inspectie": "", "JaarVerv": "0", "Beslismodl": "Geen beoordeling", "Beoordeeld": "0000", "Tactisch": 7, "Act_Direct": 0, "Act_In_5Y": 0, "Act_In_10Y": 0, "Geen_actie": 0, "Niet_beord": 9.51, "Operationl": 0, "Project": "", "APM": 0, "APV": "", "Kosten": 1369.54, "Opmerking": "", "Tekening": "INPA070748_001 REV TOTAA", "OBJ_ID": "0d8effaf0609490891e842d052024c4c", "OBJECTID": 92, "Shape_Length": 9.509809194567913}}, {"type": "Feature", "id": 93, "geometry": {"type": "LineString", "coordinates": [[108167.98699999973, 458596.18200000003], [108167.91899999976, 458595.6339999996], [108160.75400000066, 458597.8509999998], [108158.6240000017, 458591.0009999983]]}, "properties": {"Datum": "20190520", "Van_knpnr": "AK2136", "Naar_knpnr": "F07273U", "Strengnr": 1, "Offset": 0, "Strengtype": "kolkaansluitleiding", "Afvoertype": "hemelwater gs", "Jaar": "0", "Jaar_recon": "0", "Materiaal": "pvc klasse 34 sn8", "Vorm": "rond", "Voeg": "mof-spie", "Grondslag": "onbekend", "Fundatie": "onbekend", "VanBobpeil": "", "NarBobpeil": "", "Straat": "\"steekterweg, alphen aan den rijn\"", "Straattype": "onbekend", "Verh_type": "onbekend", "Breedte": 125, "Hoogte": 125, "BodemBrdt": 4, "Lengte": 15.2299995, "Gebied": "steekterweg gs", "Inspectie": "", "JaarVerv": "0", "Beslismodl": "Geen beoordeling", "Beoordeeld": "0000", "Tactisch": 7, "Act_Direct": 0, "Act_In_5Y": 0, "Act_In_10Y": 0, "Geen_actie": 0, "Niet_beord": 15.23, "Operationl": 0, "Project": "", "APM": 0, "APV": "", "Kosten": 2193.27, "Opmerking": "", "Tekening": "INPA070748_001 REV TOTAA", "OBJ_ID": "325e51183bda432dbf8288fda711598d", "OBJECTID": 93, "Shape_Length": 15.225877880514808}}, {"type": "Feature", "id": 94, "geometry": {"type": "LineString", "coordinates": [[108198.32400000095, 458586.88699999824], [108195.91200000048, 458587.6009999998], [108193.80799999833, 458580.2019999996]]}, "properties": {"Datum": "20190520", "Van_knpnr": "AK2139", "Naar_knpnr": "F07274U", "Strengnr": 1, "Offset": 0, "Strengtype": "kolkaansluitleiding", "Afvoertype": "hemelwater gs", "Jaar": "0", "Jaar_recon": "0", "Materiaal": "pvc klasse 34 sn8", "Vorm": "rond", "Voeg": "mof-spie", "Grondslag": "onbekend", "Fundatie": "onbekend", "VanBobpeil": "", "NarBobpeil": "", "Straat": "\"steekterweg, alphen aan den rijn\"", "Straattype": "onbekend", "Verh_type": "onbekend", "Breedte": 125, "Hoogte": 125, "BodemBrdt": 4, "Lengte": 10.21, "Gebied": "steekterweg gs", "Inspectie": "", "JaarVerv": "0", "Beslismodl": "Geen beoordeling", "Beoordeeld": "0000", "Tactisch": 7, "Act_Direct": 0, "Act_In_5Y": 0, "Act_In_10Y": 0, "Geen_actie": 0, "Niet_beord": 10.21, "Operationl": 0, "Project": "", "APM": 0, "APV": "", "Kosten": 1470.34, "Opmerking": "", "Tekening": "INPA070748_001 REV TOTAA", "OBJ_ID": "e0547b3acd7743978851eeaed4618c3b", "OBJECTID": 94, "Shape_Length": 10.207795149255276}}, {"type": "Feature", "id": 95, "geometry": {"type": "LineString", "coordinates": [[108215.23699999973, 458594.48600000143], [108215.50600000098, 458595.6469999999]]}, "properties": {"Datum": "20190520", "Van_knpnr": "AK2140", "Naar_knpnr": "F07248", "Strengnr": 1, "Offset": 0, "Strengtype": "kolkaansluitleiding", "Afvoertype": "hemelwater gs", "Jaar": "0", "Jaar_recon": "0", "Materiaal": "pvc klasse 34 sn8", "Vorm": "rond", "Voeg": "mof-spie", "Grondslag": "onbekend", "Fundatie": "onbekend", "VanBobpeil": "", "NarBobpeil": "", "Straat": "\"steekterweg, alphen aan den rijn\"", "Straattype": "onbekend", "Verh_type": "onbekend", "Breedte": 125, "Hoogte": 125, "BodemBrdt": 4, "Lengte": 1.19000006, "Gebied": "steekterweg gs", "Inspectie": "", "JaarVerv": "0", "Beslismodl": "Geen beoordeling", "Beoordeeld": "0000", "Tactisch": 7, "Act_Direct": 0, "Act_In_5Y": 0, "Act_In_10Y": 0, "Geen_actie": 0, "Niet_beord": 1.19, "Operationl": 0, "Project": "", "APM": 0, "APV": "", "Kosten": 171.37, "Opmerking": "", "Tekening": "INPA070748_001 REV TOTAA", "OBJ_ID": "4a1ceefa71de4f73bd3605f689474c92", "OBJECTID": 95, "Shape_Length": 1.1917558462516396}}, {"type": "Feature", "id": 96, "geometry": {"type": "LineString", "coordinates": [[108215.23699999973, 458594.48600000143], [108215.50600000098, 458595.6469999999]]}, "properties": {"Datum": "20190520", "Van_knpnr": "AK2140", "Naar_knpnr": "F07248", "Strengnr": 2, "Offset": 0, "Strengtype": "kolkaansluitleiding", "Afvoertype": "hemelwater gs", "Jaar": "0", "Jaar_recon": "0", "Materiaal": "pvc klasse 34 sn8", "Vorm": "rond", "Voeg": "mof-spie", "Grondslag": "onbekend", "Fundatie": "onbekend", "VanBobpeil": "", "NarBobpeil": "", "Straat": "\"steekterweg, alphen aan den rijn\"", "Straattype": "onbekend", "Verh_type": "onbekend", "Breedte": 125, "Hoogte": 125, "BodemBrdt": 4, "Lengte": 1.19000006, "Gebied": "steekterweg gs", "Inspectie": "", "JaarVerv": "0", "Beslismodl": "Geen beoordeling", "Beoordeeld": "0000", "Tactisch": 7, "Act_Direct": 0, "Act_In_5Y": 0, "Act_In_10Y": 0, "Geen_actie": 0, "Niet_beord": 1.19, "Operationl": 0, "Project": "", "APM": 0, "APV": "", "Kosten": 171.37, "Opmerking": "", "Tekening": "INPA070748_001 REV TOTAA", "OBJ_ID": "a1bcf3696ac64d6c80604c4fb7de5d4d", "OBJECTID": 96, "Shape_Length": 1.1917558462516396}}, {"type": "Feature", "id": 97, "geometry": {"type": "LineString", "coordinates": [[108237.47599999979, 458587.131000001], [108222.68299999833, 458592.3440000005], [108222.21200000122, 458592.1939999983], [108221.92599999905, 458592.2829999998], [108221.63899999857, 458592.37099999934], [108219.07800000161, 458594.63899999857], [108215.50600000098, 458595.6469999999]]}, "properties": {"Datum": "20190520", "Van_knpnr": "AK2141", "Naar_knpnr": "F07248", "Strengnr": 1, "Offset": 0, "Strengtype": "kolkaansluitleiding", "Afvoertype": "hemelwater gs", "Jaar": "0", "Jaar_recon": "0", "Materiaal": "pvc klasse 34 sn8", "Vorm": "rond", "Voeg": "mof-spie", "Grondslag": "onbekend", "Fundatie": "onbekend", "VanBobpeil": "", "NarBobpeil": "", "Straat": "\"steekterweg, alphen aan den rijn\"", "Straattype": "onbekend", "Verh_type": "onbekend", "Breedte": 125, "Hoogte": 125, "BodemBrdt": 4, "Lengte": 23.9099998, "Gebied": "steekterweg gs", "Inspectie": "", "JaarVerv": "0", "Beslismodl": "Geen beoordeling", "Beoordeeld": "0000", "Tactisch": 7, "Act_Direct": 0, "Act_In_5Y": 0, "Act_In_10Y": 0, "Geen_actie": 0, "Niet_beord": 23.91, "Operationl": 0, "Project": "", "APM": 0, "APV": "", "Kosten": 3443.28, "Opmerking": "", "Tekening": "INPA070748_001 REV TOTAA", "OBJ_ID": "d4dcd748ad6b4167a631e54375e937b5", "OBJECTID": 97, "Shape_Length": 23.911074359515005}}, {"type": "Feature", "id": 98, "geometry": {"type": "LineString", "coordinates": [[108343.13300000131, 458547.936999999], [108330.35099999979, 458553.2349999994]]}, "properties": {"Datum": "20190520", "Van_knpnr": "AK2144", "Naar_knpnr": "AK2143", "Strengnr": 1, "Offset": 0, "Strengtype": "kolkaansluitleiding", "Afvoertype": "hemelwater gs", "Jaar": "0", "Jaar_recon": "0", "Materiaal": "pvc klasse 34 sn8", "Vorm": "rond", "Voeg": "mof-spie", "Grondslag": "onbekend", "Fundatie": "onbekend", "VanBobpeil": "", "NarBobpeil": "", "Straat": "\"steekterweg, alphen aan den rijn\"", "Straattype": "onbekend", "Verh_type": "onbekend", "Breedte": 125, "Hoogte": 125, "BodemBrdt": 4, "Lengte": 13.8400002, "Gebied": "steekterweg gs", "Inspectie": "", "JaarVerv": "0", "Beslismodl": "Geen beoordeling", "Beoordeeld": "0000", "Tactisch": 7, "Act_Direct": 0, "Act_In_5Y": 0, "Act_In_10Y": 0, "Geen_actie": 0, "Niet_beord": 13.84, "Operationl": 0, "Project": "", "APM": 0, "APV": "", "Kosten": 1993.1, "Opmerking": "", "Tekening": "INPA070748_001 REV TOTAA", "OBJ_ID": "7277dde505084b9b8d8b7828ec3d898d", "OBJECTID": 98, "Shape_Length": 13.836485393454373}}, {"type": "Feature", "id": 99, "geometry": {"type": "LineString", "coordinates": [[108359.82699999958, 458540.09800000116], [108343.13300000131, 458547.936999999]]}, "properties": {"Datum": "20190520", "Van_knpnr": "AK2145", "Naar_knpnr": "AK2144", "Strengnr": 1, "Offset": 0, "Strengtype": "kolkaansluitleiding", "Afvoertype": "hemelwater gs", "Jaar": "0", "Jaar_recon": "0", "Materiaal": "pvc klasse 34 sn8", "Vorm": "rond", "Voeg": "mof-spie", "Grondslag": "onbekend", "Fundatie": "onbekend", "VanBobpeil": "", "NarBobpeil": "", "Straat": "\"steekterweg, alphen aan den rijn\"", "Straattype": "onbekend", "Verh_type": "onbekend", "Breedte": 125, "Hoogte": 125, "BodemBrdt": 4, "Lengte": 18.4400005, "Gebied": "steekterweg gs", "Inspectie": "", "JaarVerv": "0", "Beslismodl": "Geen beoordeling", "Beoordeeld": "0000", "Tactisch": 7, "Act_Direct": 0, "Act_In_5Y": 0, "Act_In_10Y": 0, "Geen_actie": 0, "Niet_beord": 18.44, "Operationl": 0, "Project": "", "APM": 0, "APV": "", "Kosten": 2655.54, "Opmerking": "", "Tekening": "INPA070748_001 REV TOTAA", "OBJ_ID": "20e218f37ee442aaaaa01fd95effe174", "OBJECTID": 99, "Shape_Length": 18.442872794339255}}, {"type": "Feature", "id": 100, "geometry": {"type": "LineString", "coordinates": [[108359.82699999958, 458540.09800000116], [108369.25499999896, 458557.34899999946]]}, "properties": {"Datum": "20190520", "Van_knpnr": "AK2145", "Naar_knpnr": "F07247U", "Strengnr": 1, "Offset": 0, "Strengtype": "kolkaansluitleiding", "Afvoertype": "hemelwater gs", "Jaar": "0", "Jaar_recon": "0", "Materiaal": "pvc klasse 34 sn8", "Vorm": "rond", "Voeg": "mof-spie", "Grondslag": "onbekend", "Fundatie": "onbekend", "VanBobpeil": "", "NarBobpeil": "", "Straat": "\"steekterweg, alphen aan den rijn\"", "Straattype": "onbekend", "Verh_type": "onbekend", "Breedte": 125, "Hoogte": 125, "BodemBrdt": 4, "Lengte": 19.6599998, "Gebied": "steekterweg gs", "Inspectie": "", "JaarVerv": "0", "Beslismodl": "Geen beoordeling", "Beoordeeld": "0000", "Tactisch": 7, "Act_Direct": 0, "Act_In_5Y": 0, "Act_In_10Y": 0, "Geen_actie": 0, "Niet_beord": 19.66, "Operationl": 0, "Project": "", "APM": 0, "APV": "", "Kosten": 2831.24, "Opmerking": "", "Tekening": "INPA070748_001 REV TOTAA", "OBJ_ID": "217b5908ba304f73921d62ad1cec5c27", "OBJECTID": 100, "Shape_Length": 19.659201024700604}}, {"type": "Feature", "id": 101, "geometry": {"type": "LineString", "coordinates": [[108408.07499999925, 458511.98900000006], [108407.65199999884, 458511.27899999917]]}, "properties": {"Datum": "20190520", "Van_knpnr": "AK2150", "Naar_knpnr": "F07252", "Strengnr": 1, "Offset": 0, "Strengtype": "kolkaansluitleiding", "Afvoertype": "hemelwater gs", "Jaar": "0", "Jaar_recon": "0", "Materiaal": "pvc klasse 34 sn8", "Vorm": "rond", "Voeg": "mof-spie", "Grondslag": "onbekend", "Fundatie": "onbekend", "VanBobpeil": "", "NarBobpeil": "", "Straat": "\"steekterweg, alphen aan den rijn\"", "Straattype": "onbekend", "Verh_type": "onbekend", "Breedte": 125, "Hoogte": 125, "BodemBrdt": 4, "Lengte": 0.829999983, "Gebied": "steekterweg gs", "Inspectie": "", "JaarVerv": "0", "Beslismodl": "Geen beoordeling", "Beoordeeld": "0000", "Tactisch": 7, "Act_Direct": 0, "Act_In_5Y": 0, "Act_In_10Y": 0, "Geen_actie": 0, "Niet_beord": 0.83, "Operationl": 0, "Project": "", "APM": 0, "APV": "", "Kosten": 119.53, "Opmerking": "", "Tekening": "INPA070748_001 REV TOTAA", "OBJ_ID": "d8b0e821fc4f4412a8d828dbad12bb4d", "OBJECTID": 101, "Shape_Length": 0.8264556864239955}}, {"type": "Feature", "id": 102, "geometry": {"type": "LineString", "coordinates": [[108407.21999999881, 458510.53400000185], [108407.65199999884, 458511.27899999917]]}, "properties": {"Datum": "20190520", "Van_knpnr": "AK2151", "Naar_knpnr": "F07252", "Strengnr": 1, "Offset": 0, "Strengtype": "kolkaansluitleiding", "Afvoertype": "hemelwater gs", "Jaar": "0", "Jaar_recon": "0", "Materiaal": "pvc klasse 34 sn8", "Vorm": "rond", "Voeg": "mof-spie", "Grondslag": "onbekend", "Fundatie": "onbekend", "VanBobpeil": "", "NarBobpeil": "", "Straat": "\"steekterweg, alphen aan den rijn\"", "Straattype": "onbekend", "Verh_type": "onbekend", "Breedte": 125, "Hoogte": 125, "BodemBrdt": 4, "Lengte": 0.860000014, "Gebied": "steekterweg gs", "Inspectie": "", "JaarVerv": "0", "Beslismodl": "Geen beoordeling", "Beoordeeld": "0000", "Tactisch": 7, "Act_Direct": 0, "Act_In_5Y": 0, "Act_In_10Y": 0, "Geen_actie": 0, "Niet_beord": 0.86, "Operationl": 0, "Project": "", "APM": 0, "APV": "", "Kosten": 123.85, "Opmerking": "", "Tekening": "INPA070748_001 REV TOTAA", "OBJ_ID": "63e47cff068c4b50acbce4fe33cb9706", "OBJECTID": 102, "Shape_Length": 0.8611904528205464}}, {"type": "Feature", "id": 103, "geometry": {"type": "LineString", "coordinates": [[108416.72500000149, 458491.1339999996], [108419.36699999869, 458489.48000000045], [108414.27199999988, 458481.4459999986]]}, "properties": {"Datum": "20190520", "Van_knpnr": "AK2152", "Naar_knpnr": "F07242U", "Strengnr": 1, "Offset": 0, "Strengtype": "kolkaansluitleiding", "Afvoertype": "hemelwater gs", "Jaar": "0", "Jaar_recon": "0", "Materiaal": "pvc klasse 34 sn8", "Vorm": "rond", "Voeg": "mof-spie", "Grondslag": "onbekend", "Fundatie": "onbekend", "VanBobpeil": "", "NarBobpeil": "", "Straat": "\"steekterweg, alphen aan den rijn\"", "Straattype": "onbekend", "Verh_type": "onbekend", "Breedte": 125, "Hoogte": 125, "BodemBrdt": 4, "Lengte": 12.6300001, "Gebied": "steekterweg gs", "Inspectie": "", "JaarVerv": "0", "Beslismodl": "Geen beoordeling", "Beoordeeld": "0000", "Tactisch": 7, "Act_Direct": 0, "Act_In_5Y": 0, "Act_In_10Y": 0, "Geen_actie": 0, "Niet_beord": 12.63, "Operationl": 0, "Project": "", "APM": 0, "APV": "", "Kosten": 1818.85, "Opmerking": "", "Tekening": "INPA070748_001 REV TOTAA", "OBJ_ID": "0", "OBJECTID": 103, "Shape_Length": 12.63039917755204}}, {"type": "Feature", "id": 104, "geometry": {"type": "LineString", "coordinates": [[108467.88100000098, 458457.8440000005], [108468.3350000009, 458457.53400000185], [108468.11300000176, 458457.2679999992], [108460.8590000011, 458461.98999999836], [108455.5540000014, 458453.6270000003]]}, "properties": {"Datum": "20190520", "Van_knpnr": "AK2156", "Naar_knpnr": "F07239U", "Strengnr": 1, "Offset": 0, "Strengtype": "kolkaansluitleiding", "Afvoertype": "hemelwater gs", "Jaar": "0", "Jaar_recon": "0", "Materiaal": "pvc klasse 34 sn8", "Vorm": "rond", "Voeg": "mof-spie", "Grondslag": "onbekend", "Fundatie": "onbekend", "VanBobpeil": "", "NarBobpeil": "", "Straat": "\"steekterweg, alphen aan den rijn\"", "Straattype": "onbekend", "Verh_type": "onbekend", "Breedte": 125, "Hoogte": 125, "BodemBrdt": 4, "Lengte": 19.4599991, "Gebied": "steekterweg gs", "Inspectie": "", "JaarVerv": "0", "Beslismodl": "Geen beoordeling", "Beoordeeld": "0000", "Tactisch": 7, "Act_Direct": 0, "Act_In_5Y": 0, "Act_In_10Y": 0, "Geen_actie": 0, "Niet_beord": 19.46, "Operationl": 0, "Project": "", "APM": 0, "APV": "", "Kosten": 2802.43, "Opmerking": "", "Tekening": "INPA070748_001 REV TOTAA", "OBJ_ID": "0", "OBJECTID": 104, "Shape_Length": 19.455392347990447}}, {"type": "Feature", "id": 105, "geometry": {"type": "LineString", "coordinates": [[108570.09699999914, 458375.3280000016], [108569.31300000101, 458374.48099999875], [108542.72500000149, 458398.37000000104], [108541.18699999899, 458398.2890000008], [108538.69799999893, 458400.4600000009]]}, "properties": {"Datum": "20190520", "Van_knpnr": "AK2168", "Naar_knpnr": "F07230", "Strengnr": 1, "Offset": 0, "Strengtype": "kolkaansluitleiding", "Afvoertype": "hemelwater gs", "Jaar": "0", "Jaar_recon": "0", "Materiaal": "pvc klasse 34 sn8", "Vorm": "rond", "Voeg": "mof-spie", "Grondslag": "onbekend", "Fundatie": "onbekend", "VanBobpeil": "", "NarBobpeil": "", "Straat": "\"steekterweg, alphen aan den rijn\"", "Straattype": "onbekend", "Verh_type": "onbekend", "Breedte": 160, "Hoogte": 160, "BodemBrdt": 5, "Lengte": 41.7400017, "Gebied": "steekterweg gs", "Inspectie": "", "JaarVerv": "0", "Beslismodl": "Geen beoordeling", "Beoordeeld": "0000", "Tactisch": 7, "Act_Direct": 0, "Act_In_5Y": 0, "Act_In_10Y": 0, "Geen_actie": 0, "Niet_beord": 41.74, "Operationl": 0, "Project": "", "APM": 0, "APV": "", "Kosten": 6250.98, "Opmerking": "", "Tekening": "INPA070748_001 REV TOTAA", "OBJ_ID": "0", "OBJECTID": 105, "Shape_Length": 41.74067936887141}}, {"type": "Feature", "id": 106, "geometry": {"type": "LineString", "coordinates": [[108589.00299999863, 458371.90100000054], [108576.19299999997, 458382.8999999985]]}, "properties": {"Datum": "20190520", "Van_knpnr": "AK2169", "Naar_knpnr": "F07227", "Strengnr": 1, "Offset": 0, "Strengtype": "kolkaansluitleiding", "Afvoertype": "hemelwater gs", "Jaar": "0", "Jaar_recon": "0", "Materiaal": "pvc klasse 34 sn8", "Vorm": "rond", "Voeg": "mof-spie", "Grondslag": "onbekend", "Fundatie": "onbekend", "VanBobpeil": "", "NarBobpeil": "", "Straat": "\"steekterweg, alphen aan den rijn\"", "Straattype": "onbekend", "Verh_type": "onbekend", "Breedte": 125, "Hoogte": 125, "BodemBrdt": 4, "Lengte": 16.8799992, "Gebied": "steekterweg gs", "Inspectie": "", "JaarVerv": "0", "Beslismodl": "Geen beoordeling", "Beoordeeld": "0000", "Tactisch": 7, "Act_Direct": 0, "Act_In_5Y": 0, "Act_In_10Y": 0, "Geen_actie": 0, "Niet_beord": 16.88, "Operationl": 0, "Project": "", "APM": 0, "APV": "", "Kosten": 2430.89, "Opmerking": "", "Tekening": "INPA070748_001 REV TOTAA", "OBJ_ID": "0", "OBJECTID": 106, "Shape_Length": 16.88413755336827}}, {"type": "Feature", "id": 107, "geometry": {"type": "LineString", "coordinates": [[108594.10599999875, 458352.58399999887], [108590.95100000128, 458355.3570000008]]}, "properties": {"Datum": "20190520", "Van_knpnr": "AK2172", "Naar_knpnr": "F07222", "Strengnr": 1, "Offset": 0, "Strengtype": "kolkaansluitleiding", "Afvoertype": "hemelwater gs", "Jaar": "0", "Jaar_recon": "0", "Materiaal": "pvc klasse 34 sn8", "Vorm": "rond", "Voeg": "mof-spie", "Grondslag": "onbekend", "Fundatie": "onbekend", "VanBobpeil": "", "NarBobpeil": "", "Straat": "\"steekterweg, alphen aan den rijn\"", "Straattype": "onbekend", "Verh_type": "onbekend", "Breedte": 125, "Hoogte": 125, "BodemBrdt": 4, "Lengte": 4.19999981, "Gebied": "steekterweg gs", "Inspectie": "", "JaarVerv": "0", "Beslismodl": "Geen beoordeling", "Beoordeeld": "0000", "Tactisch": 7, "Act_Direct": 0, "Act_In_5Y": 0, "Act_In_10Y": 0, "Geen_actie": 0, "Niet_beord": 4.2, "Operationl": 0, "Project": "", "APM": 0, "APV": "", "Kosten": 604.84, "Opmerking": "", "Tekening": "INPA070748_001 REV TOTAA", "OBJ_ID": "0", "OBJECTID": 107, "Shape_Length": 4.200423073286033}}, {"type": "Feature", "id": 108, "geometry": {"type": "LineString", "coordinates": [[108644.7109999992, 458321.04399999976], [108644.16200000048, 458321.561999999], [108645.16299999878, 458322.63500000164], [108629.40700000152, 458337.0089999996]]}, "properties": {"Datum": "20190520", "Van_knpnr": "AK2176", "Naar_knpnr": "F07226", "Strengnr": 1, "Offset": 0, "Strengtype": "kolkaansluitleiding", "Afvoertype": "hemelwater gs", "Jaar": "0", "Jaar_recon": "0", "Materiaal": "pvc klasse 34 sn8", "Vorm": "rond", "Voeg": "mof-spie", "Grondslag": "onbekend", "Fundatie": "onbekend", "VanBobpeil": "", "NarBobpeil": "", "Straat": "\"steekterweg, alphen aan den rijn\"", "Straattype": "onbekend", "Verh_type": "onbekend", "Breedte": 125, "Hoogte": 125, "BodemBrdt": 4, "Lengte": 23.5499992, "Gebied": "steekterweg gs", "Inspectie": "", "JaarVerv": "0", "Beslismodl": "Geen beoordeling", "Beoordeeld": "0000", "Tactisch": 7, "Act_Direct": 0, "Act_In_5Y": 0, "Act_In_10Y": 0, "Geen_actie": 0, "Niet_beord": 23.55, "Operationl": 0, "Project": "", "APM": 0, "APV": "", "Kosten": 3391.44, "Opmerking": "", "Tekening": "INPA070748_001 REV TOTAA", "OBJ_ID": "0", "OBJECTID": 108, "Shape_Length": 23.549751300656578}}, {"type": "Feature", "id": 109, "geometry": {"type": "LineString", "coordinates": [[108659.13399999961, 458308.0450000018], [108658.60399999842, 458308.51399999857], [108658.92599999905, 458308.8759999983], [108659.46499999985, 458308.4290000014], [108659.75899999961, 458308.7729999982]]}, "properties": {"Datum": "20190520", "Van_knpnr": "AK2177", "Naar_knpnr": "F07265", "Strengnr": 1, "Offset": 0, "Strengtype": "kolkaansluitleiding", "Afvoertype": "hemelwater gs", "Jaar": "0", "Jaar_recon": "0", "Materiaal": "pvc klasse 34 sn8", "Vorm": "rond", "Voeg": "mof-spie", "Grondslag": "onbekend", "Fundatie": "onbekend", "VanBobpeil": "", "NarBobpeil": "", "Straat": "\"steekterweg, alphen aan den rijn\"", "Straattype": "onbekend", "Verh_type": "onbekend", "Breedte": 125, "Hoogte": 125, "BodemBrdt": 4, "Lengte": 2.3499999, "Gebied": "steekterweg gs", "Inspectie": "", "JaarVerv": "0", "Beslismodl": "Geen beoordeling", "Beoordeeld": "0000", "Tactisch": 7, "Act_Direct": 0, "Act_In_5Y": 0, "Act_In_10Y": 0, "Geen_actie": 0, "Niet_beord": 2.35, "Operationl": 0, "Project": "", "APM": 0, "APV": "", "Kosten": 338.42, "Opmerking": "", "Tekening": "INPA070748_001 REV TOTAA", "OBJ_ID": "0", "OBJECTID": 109, "Shape_Length": 2.344955768797405}}, {"type": "Feature", "id": 110, "geometry": {"type": "LineString", "coordinates": [[108667.63300000131, 458297.52800000086], [108668.29100000113, 458298.3920000009], [108668.09899999946, 458299.2250000015], [108669.27299999818, 458300.3990000002], [108701.64299999923, 458272.35599999875]]}, "properties": {"Datum": "20190520", "Van_knpnr": "AK2179", "Naar_knpnr": "F07263", "Strengnr": 1, "Offset": 0, "Strengtype": "kolkaansluitleiding", "Afvoertype": "hemelwater gs", "Jaar": "0", "Jaar_recon": "0", "Materiaal": "pvc klasse 34 sn8", "Vorm": "rond", "Voeg": "mof-spie", "Grondslag": "onbekend", "Fundatie": "onbekend", "VanBobpeil": "", "NarBobpeil": "", "Straat": "\"steekterweg, alphen aan den rijn\"", "Straattype": "onbekend", "Verh_type": "onbekend", "Breedte": 125, "Hoogte": 125, "BodemBrdt": 4, "Lengte": 46.4300003, "Gebied": "steekterweg gs", "Inspectie": "", "JaarVerv": "0", "Beslismodl": "Geen beoordeling", "Beoordeeld": "0000", "Tactisch": 7, "Act_Direct": 0, "Act_In_5Y": 0, "Act_In_10Y": 0, "Geen_actie": 0, "Niet_beord": 46.43, "Operationl": 0, "Project": "", "APM": 0, "APV": "", "Kosten": 6686.38, "Opmerking": "", "Tekening": "INPA070748_001 REV TOTAA", "OBJ_ID": "0", "OBJECTID": 110, "Shape_Length": 46.42903061489155}}, {"type": "Feature", "id": 111, "geometry": {"type": "LineString", "coordinates": [[109197.44399999827, 458053.9979999997], [109195.54800000042, 458054.6339999996], [109194.02899999917, 458050.625]]}, "properties": {"Datum": "20190520", "Van_knpnr": "AK2207", "Naar_knpnr": "F07193", "Strengnr": 1, "Offset": 0, "Strengtype": "kolkaansluitleiding", "Afvoertype": "hemelwater gs", "Jaar": "0", "Jaar_recon": "0", "Materiaal": "pvc klasse 34 sn8", "Vorm": "rond", "Voeg": "mof-spie", "Grondslag": "onbekend", "Fundatie": "onbekend", "VanBobpeil": "", "NarBobpeil": "", "Straat": "\"steekterweg, alphen aan den rijn\"", "Straattype": "onbekend", "Verh_type": "onbekend", "Breedte": 125, "Hoogte": 125, "BodemBrdt": 4, "Lengte": 6.28999996, "Gebied": "steekterweg gs", "Inspectie": "", "JaarVerv": "0", "Beslismodl": "Geen beoordeling", "Beoordeeld": "0000", "Tactisch": 7, "Act_Direct": 0, "Act_In_5Y": 0, "Act_In_10Y": 0, "Geen_actie": 0, "Niet_beord": 6.29, "Operationl": 0, "Project": "", "APM": 0, "APV": "", "Kosten": 905.82, "Opmerking": "", "Tekening": "INPA070748_001 REV TOTAA", "OBJ_ID": "0", "OBJECTID": 111, "Shape_Length": 6.286953134594273}}, {"type": "Feature", "id": 112, "geometry": {"type": "LineString", "coordinates": [[109263.69799999893, 458023.2129999995], [109264.05700000003, 458023.0799999982], [109264.44200000167, 458022.68200000003], [109278.29399999976, 458017.88800000027], [109281.36100000143, 458015.936999999]]}, "properties": {"Datum": "20190520", "Van_knpnr": "AK2208", "Naar_knpnr": "F07192", "Strengnr": 1, "Offset": 0, "Strengtype": "kolkaansluitleiding", "Afvoertype": "hemelwater gs", "Jaar": "0", "Jaar_recon": "0", "Materiaal": "pvc klasse 34 sn8", "Vorm": "rond", "Voeg": "mof-spie", "Grondslag": "onbekend", "Fundatie": "onbekend", "VanBobpeil": "", "NarBobpeil": "", "Straat": "\"steekterweg, alphen aan den rijn\"", "Straattype": "onbekend", "Verh_type": "onbekend", "Breedte": 125, "Hoogte": 125, "BodemBrdt": 4, "Lengte": 19.2299995, "Gebied": "steekterweg gs", "Inspectie": "", "JaarVerv": "0", "Beslismodl": "Geen beoordeling", "Beoordeeld": "0000", "Tactisch": 7, "Act_Direct": 0, "Act_In_5Y": 0, "Act_In_10Y": 0, "Geen_actie": 0, "Niet_beord": 19.23, "Operationl": 0, "Project": "", "APM": 0, "APV": "", "Kosten": 2769.31, "Opmerking": "", "Tekening": "INPA070748_001 REV TOTAA", "OBJ_ID": "0", "OBJECTID": 112, "Shape_Length": 19.229654610117752}}, {"type": "Feature", "id": 113, "geometry": {"type": "LineString", "coordinates": [[109314.26300000027, 458006.25400000066], [109314.64799999818, 458007.16000000015]]}, "properties": {"Datum": "20190520", "Van_knpnr": "AK2211", "Naar_knpnr": "F07260", "Strengnr": 1, "Offset": 0, "Strengtype": "kolkaansluitleiding", "Afvoertype": "hemelwater gs", "Jaar": "0", "Jaar_recon": "0", "Materiaal": "pvc klasse 34 sn8", "Vorm": "rond", "Voeg": "mof-spie", "Grondslag": "onbekend", "Fundatie": "onbekend", "VanBobpeil": "", "NarBobpeil": "", "Straat": "\"spoorlaan, zwammerdam\"", "Straattype": "onbekend", "Verh_type": "onbekend", "Breedte": 125, "Hoogte": 125, "BodemBrdt": 4, "Lengte": 0.980000019, "Gebied": "steekterweg gs", "Inspectie": "", "JaarVerv": "0", "Beslismodl": "Geen beoordeling", "Beoordeeld": "0000", "Tactisch": 7, "Act_Direct": 0, "Act_In_5Y": 0, "Act_In_10Y": 0, "Geen_actie": 0, "Niet_beord": 0.98, "Operationl": 0, "Project": "", "APM": 0, "APV": "", "Kosten": 141.13, "Opmerking": "", "Tekening": "INPA070748_001 REV TOTAA", "OBJ_ID": "0", "OBJECTID": 113, "Shape_Length": 0.9844089584494973}}, {"type": "Feature", "id": 114, "geometry": {"type": "LineString", "coordinates": [[109328.5309999995, 457977.79100000113], [109328.65199999884, 457978.4219999984], [109341.75699999928, 457976.1710000001]]}, "properties": {"Datum": "20190520", "Van_knpnr": "AK2215", "Naar_knpnr": "F07174", "Strengnr": 1, "Offset": 0, "Strengtype": "kolkaansluitleiding", "Afvoertype": "hemelwater gs", "Jaar": "0", "Jaar_recon": "0", "Materiaal": "pvc klasse 34 sn8", "Vorm": "rond", "Voeg": "mof-spie", "Grondslag": "onbekend", "Fundatie": "onbekend", "VanBobpeil": "", "NarBobpeil": "", "Straat": "\"steekterweg, alphen aan den rijn\"", "Straattype": "onbekend", "Verh_type": "onbekend", "Breedte": 125, "Hoogte": 125, "BodemBrdt": 4, "Lengte": 13.9399996, "Gebied": "steekterweg gs", "Inspectie": "", "JaarVerv": "0", "Beslismodl": "Geen beoordeling", "Beoordeeld": "0000", "Tactisch": 7, "Act_Direct": 0, "Act_In_5Y": 0, "Act_In_10Y": 0, "Geen_actie": 0, "Niet_beord": 13.94, "Operationl": 0, "Project": "", "APM": 0, "APV": "", "Kosten": 2007.5, "Opmerking": "", "Tekening": "INPA070748_001 REV TOTAA", "OBJ_ID": "0", "OBJECTID": 114, "Shape_Length": 13.939414603497044}}, {"type": "Feature", "id": 115, "geometry": {"type": "LineString", "coordinates": [[109323.1640000008, 457996.6400000006], [109323.35799999908, 457996.6860000007], [109323.47599999979, 457996.19200000167], [109323.0159999989, 457995.6030000001], [109322.42500000075, 457996.06700000167], [109321.03000000119, 457995.5170000009], [109317.16200000048, 457998.5460000001], [109321.3599999994, 458003.9050000012]]}, "properties": {"Datum": "20190520", "Van_knpnr": "AK2356", "Naar_knpnr": "F07185", "Strengnr": 1, "Offset": 0, "Strengtype": "kolkaansluitleiding", "Afvoertype": "hemelwater gs", "Jaar": "0", "Jaar_recon": "0", "Materiaal": "pvc klasse 34 sn8", "Vorm": "rond", "Voeg": "mof-spie", "Grondslag": "onbekend", "Fundatie": "onbekend", "VanBobpeil": "", "NarBobpeil": "", "Straat": "\"spoorlaan, zwammerdam\"", "Straattype": "onbekend", "Verh_type": "onbekend", "Breedte": 75, "Hoogte": 75, "BodemBrdt": 4, "Lengte": 15.4300003, "Gebied": "steekterweg gs", "Inspectie": "", "JaarVerv": "0", "Beslismodl": "Geen beoordeling", "Beoordeeld": "0000", "Tactisch": 7, "Act_Direct": 0, "Act_In_5Y": 0, "Act_In_10Y": 0, "Geen_actie": 0, "Niet_beord": 15.43, "Operationl": 0, "Project": "", "APM": 0, "APV": "", "Kosten": 1965.32, "Opmerking": "", "Tekening": "INPA070748_001 REV TOTAA", "OBJ_ID": "0", "OBJECTID": 115, "Shape_Length": 15.42588033225768}}, {"type": "Feature", "id": 116, "geometry": {"type": "LineString", "coordinates": [[108369.08199999854, 458543.8729999997], [108371.77100000158, 458549.34899999946]]}, "properties": {"Datum": "20190520", "Van_knpnr": "AK2360", "Naar_knpnr": "AK2361", "Strengnr": 1, "Offset": 0, "Strengtype": "kolkaansluitleiding", "Afvoertype": "hemelwater gs", "Jaar": "0", "Jaar_recon": "0", "Materiaal": "pvc klasse 34 sn8", "Vorm": "rond", "Voeg": "mof-spie", "Grondslag": "onbekend", "Fundatie": "onbekend", "VanBobpeil": "", "NarBobpeil": "", "Straat": "\"steekterweg, alphen aan den rijn\"", "Straattype": "onbekend", "Verh_type": "onbekend", "Breedte": 125, "Hoogte": 125, "BodemBrdt": 4, "Lengte": 6.0999999, "Gebied": "steekterweg gs", "Inspectie": "", "JaarVerv": "0", "Beslismodl": "Geen beoordeling", "Beoordeeld": "0000", "Tactisch": 7, "Act_Direct": 0, "Act_In_5Y": 0, "Act_In_10Y": 0, "Geen_actie": 0, "Niet_beord": 6.1, "Operationl": 0, "Project": "", "APM": 0, "APV": "", "Kosten": 878.46, "Opmerking": "", "Tekening": "INPA070748_001 REV TOTAA", "OBJ_ID": "0", "OBJECTID": 116, "Shape_Length": 6.10059808658655}}, {"type": "Feature", "id": 117, "geometry": {"type": "LineString", "coordinates": [[108371.77100000158, 458549.34899999946], [108374.46599999815, 458554.80700000003]]}, "properties": {"Datum": "20190520", "Van_knpnr": "AK2361", "Naar_knpnr": "F07246U", "Strengnr": 1, "Offset": 0, "Strengtype": "kolkaansluitleiding", "Afvoertype": "hemelwater gs", "Jaar": "0", "Jaar_recon": "0", "Materiaal": "pvc klasse 34 sn8", "Vorm": "rond", "Voeg": "mof-spie", "Grondslag": "onbekend", "Fundatie": "onbekend", "VanBobpeil": "", "NarBobpeil": "", "Straat": "\"steekterweg, alphen aan den rijn\"", "Straattype": "onbekend", "Verh_type": "onbekend", "Breedte": 125, "Hoogte": 125, "BodemBrdt": 4, "Lengte": 6.09000015, "Gebied": "steekterweg gs", "Inspectie": "", "JaarVerv": "0", "Beslismodl": "Geen beoordeling", "Beoordeeld": "0000", "Tactisch": 7, "Act_Direct": 0, "Act_In_5Y": 0, "Act_In_10Y": 0, "Geen_actie": 0, "Niet_beord": 6.09, "Operationl": 0, "Project": "", "APM": 0, "APV": "", "Kosten": 877.02, "Opmerking": "", "Tekening": "INPA070748_001 REV TOTAA", "OBJ_ID": "5f343e35cccb4fd4b25fb776c0db8d6b", "OBJECTID": 117, "Shape_Length": 6.087100211735318}}, {"type": "Feature", "id": 118, "geometry": {"type": "LineString", "coordinates": [[107770.24300000072, 458735.5179999992], [107770.36600000039, 458735.8990000002], [107769.4990000017, 458737.5940000005], [107769.59099999815, 458737.87900000066]]}, "properties": {"Datum": "20190520", "Van_knpnr": "AK2362", "Naar_knpnr": "F07301", "Strengnr": 1, "Offset": 0, "Strengtype": "kolkaansluitleiding", "Afvoertype": "hemelwater gs", "Jaar": "0", "Jaar_recon": "0", "Materiaal": "pvc klasse 34 sn8", "Vorm": "rond", "Voeg": "mof-spie", "Grondslag": "onbekend", "Fundatie": "onbekend", "VanBobpeil": "", "NarBobpeil": "", "Straat": "\"steekterweg, alphen aan den rijn\"", "Straattype": "onbekend", "Verh_type": "onbekend", "Breedte": 125, "Hoogte": 125, "BodemBrdt": 4, "Lengte": 2.5999999, "Gebied": "steekterweg gs", "Inspectie": "", "JaarVerv": "0", "Beslismodl": "Geen beoordeling", "Beoordeeld": "0000", "Tactisch": 7, "Act_Direct": 0, "Act_In_5Y": 0, "Act_In_10Y": 0, "Geen_actie": 0, "Niet_beord": 2.6, "Operationl": 0, "Project": "", "APM": 0, "APV": "", "Kosten": 374.43, "Opmerking": "", "Tekening": "INPA070748_001 REV TOTAA", "OBJ_ID": "d11741ed1c6b430ebab1dea4013e7624", "OBJECTID": 118, "Shape_Length": 2.6037117212604004}}, {"type": "Feature", "id": 119, "geometry": {"type": "LineString", "coordinates": [[107745.02600000054, 458732.47199999914], [107745.63599999994, 458732.2710000016], [107742.41800000146, 458723.2800000012]]}, "properties": {"Datum": "20190520", "Van_knpnr": "AK2363", "Naar_knpnr": "F07298U", "Strengnr": 1, "Offset": 0, "Strengtype": "kolkaansluitleiding", "Afvoertype": "hemelwater gs", "Jaar": "0", "Jaar_recon": "0", "Materiaal": "pvc klasse 34 sn8", "Vorm": "rond", "Voeg": "mof-spie", "Grondslag": "onbekend", "Fundatie": "onbekend", "VanBobpeil": "", "NarBobpeil": "", "Straat": "\"steekterweg, alphen aan den rijn\"", "Straattype": "onbekend", "Verh_type": "onbekend", "Breedte": 125, "Hoogte": 125, "BodemBrdt": 4, "Lengte": 10.1899996, "Gebied": "steekterweg gs", "Inspectie": "", "JaarVerv": "0", "Beslismodl": "Geen beoordeling", "Beoordeeld": "0000", "Tactisch": 7, "Act_Direct": 0, "Act_In_5Y": 0, "Act_In_10Y": 0, "Geen_actie": 0, "Niet_beord": 10.19, "Operationl": 0, "Project": "", "APM": 0, "APV": "", "Kosten": 1467.46, "Opmerking": "", "Tekening": "INPA070748_001 REV TOTAA", "OBJ_ID": "ed0de5cd165144b5a7153df2ef1bf47b", "OBJECTID": 119, "Shape_Length": 10.191796687791454}}, {"type": "Feature", "id": 120, "geometry": {"type": "LineString", "coordinates": [[107490.40500000119, 458862.2899999991], [107490.66800000146, 458862.71499999985], [107491.09299999848, 458862.4530000016]]}, "properties": {"Datum": "20190520", "Van_knpnr": "AK2367", "Naar_knpnr": "F07350", "Strengnr": 1, "Offset": 0, "Strengtype": "kolkaansluitleiding", "Afvoertype": "hemelwater gs", "Jaar": "0", "Jaar_recon": "0", "Materiaal": "pvc klasse 34 sn8", "Vorm": "rond", "Voeg": "mof-spie", "Grondslag": "onbekend", "Fundatie": "onbekend", "VanBobpeil": "", "NarBobpeil": "", "Straat": "\"steekterweg, alphen aan den rijn\"", "Straattype": "onbekend", "Verh_type": "onbekend", "Breedte": 125, "Hoogte": 125, "BodemBrdt": 4, "Lengte": 1, "Gebied": "steekterweg gs", "Inspectie": "", "JaarVerv": "0", "Beslismodl": "Geen beoordeling", "Beoordeeld": "0000", "Tactisch": 7, "Act_Direct": 0, "Act_In_5Y": 0, "Act_In_10Y": 0, "Geen_actie": 0, "Niet_beord": 1, "Operationl": 0, "Project": "", "APM": 0, "APV": "", "Kosten": 144.01, "Opmerking": "", "Tekening": "INPA070748_001 REV TOTAA", "OBJ_ID": "a81b6bc117e44269a9c47347c5e0b108", "OBJECTID": 120, "Shape_Length": 0.999062419717916}}, {"type": "Feature", "id": 121, "geometry": {"type": "LineString", "coordinates": [[107336.18200000003, 458945.81500000134], [107335.77800000086, 458945.1700000018], [107326.96799999848, 458950.625]]}, "properties": {"Datum": "20190520", "Van_knpnr": "AK2368", "Naar_knpnr": "F07352", "Strengnr": 1, "Offset": 0, "Strengtype": "kolkaansluitleiding", "Afvoertype": "hemelwater gs", "Jaar": "0", "Jaar_recon": "0", "Materiaal": "pvc klasse 34 sn8", "Vorm": "rond", "Voeg": "mof-spie", "Grondslag": "onbekend", "Fundatie": "onbekend", "VanBobpeil": "", "NarBobpeil": "", "Straat": "\"steekterweg, alphen aan den rijn\"", "Straattype": "onbekend", "Verh_type": "onbekend", "Breedte": 125, "Hoogte": 125, "BodemBrdt": 4, "Lengte": 12.6999998, "Gebied": "steekterweg gs", "Inspectie": "", "JaarVerv": "0", "Beslismodl": "Geen beoordeling", "Beoordeeld": "0000", "Tactisch": 7, "Act_Direct": 0, "Act_In_5Y": 0, "Act_In_10Y": 0, "Geen_actie": 0, "Niet_beord": 12.7, "Operationl": 0, "Project": "", "APM": 0, "APV": "", "Kosten": 1828.93, "Opmerking": "", "Tekening": "INPA070748_001 REV TOTAA", "OBJ_ID": "0", "OBJECTID": 121, "Shape_Length": 11.1231792542981}}, {"type": "Feature", "id": 122, "geometry": {"type": "LineString", "coordinates": [[107184.69799999893, 459023.5080000013], [107184.64799999818, 459022.90900000185], [107195.93400000036, 459020.5159999989]]}, "properties": {"Datum": "20190520", "Van_knpnr": "AK2369", "Naar_knpnr": "F07360", "Strengnr": 1, "Offset": 0, "Strengtype": "kolkaansluitleiding", "Afvoertype": "hemelwater gs", "Jaar": "0", "Jaar_recon": "0", "Materiaal": "pvc klasse 34 sn8", "Vorm": "rond", "Voeg": "mof-spie", "Grondslag": "onbekend", "Fundatie": "onbekend", "VanBobpeil": "", "NarBobpeil": "", "Straat": "\"steekterweg, alphen aan den rijn\"", "Straattype": "onbekend", "Verh_type": "onbekend", "Breedte": 125, "Hoogte": 125, "BodemBrdt": 4, "Lengte": 12.1400003, "Gebied": "steekterweg gs", "Inspectie": "", "JaarVerv": "0", "Beslismodl": "Geen beoordeling", "Beoordeeld": "0000", "Tactisch": 7, "Act_Direct": 0, "Act_In_5Y": 0, "Act_In_10Y": 0, "Geen_actie": 0, "Niet_beord": 12.14, "Operationl": 0, "Project": "", "APM": 0, "APV": "", "Kosten": 1748.28, "Opmerking": "", "Tekening": "INPA070748_001 REV TOTAA", "OBJ_ID": "ab46868740c743b3809609577cb1d1cd", "OBJECTID": 122, "Shape_Length": 12.137991139158657}}, {"type": "Feature", "id": 123, "geometry": {"type": "LineString", "coordinates": [[107141.90799999982, 459018.94200000167], [107141.71499999985, 459017.7899999991], [107140.72300000116, 459017.91699999943], [107139.875, 459011.1790000014]]}, "properties": {"Datum": "20190520", "Van_knpnr": "AK2370", "Naar_knpnr": "F07363U", "Strengnr": 1, "Offset": 0, "Strengtype": "kolkaansluitleiding", "Afvoertype": "hemelwater gs", "Jaar": "0", "Jaar_recon": "0", "Materiaal": "pvc klasse 34 sn8", "Vorm": "rond", "Voeg": "mof-spie", "Grondslag": "onbekend", "Fundatie": "onbekend", "VanBobpeil": "", "NarBobpeil": "", "Straat": "\"steekterweg, alphen aan den rijn\"", "Straattype": "onbekend", "Verh_type": "onbekend", "Breedte": 125, "Hoogte": 125, "BodemBrdt": 4, "Lengte": 8.39999962, "Gebied": "steekterweg gs", "Inspectie": "", "JaarVerv": "0", "Beslismodl": "Geen beoordeling", "Beoordeeld": "0000", "Tactisch": 7, "Act_Direct": 0, "Act_In_5Y": 0, "Act_In_10Y": 0, "Geen_actie": 0, "Niet_beord": 8.4, "Operationl": 0, "Project": "", "APM": 0, "APV": "", "Kosten": 1209.68, "Opmerking": "", "Tekening": "INPA070748_001 REV TOTAA", "OBJ_ID": "bf144180d207439eb3a9044d4a58aabe", "OBJECTID": 123, "Shape_Length": 8.959303901111536}}, {"type": "Feature", "id": 124, "geometry": {"type": "LineString", "coordinates": [[106842.56700000167, 459032.7039999999], [106842.75699999928, 459024.8040000014]]}, "properties": {"Datum": "20190520", "Van_knpnr": "AK2371", "Naar_knpnr": "F07377U", "Strengnr": 1, "Offset": 0, "Strengtype": "kolkaansluitleiding", "Afvoertype": "hemelwater gs", "Jaar": "0", "Jaar_recon": "0", "Materiaal": "pvc klasse 34 sn8", "Vorm": "rond", "Voeg": "mof-spie", "Grondslag": "onbekend", "Fundatie": "onbekend", "VanBobpeil": "", "NarBobpeil": "", "Straat": "\"steekterweg, alphen aan den rijn\"", "Straattype": "onbekend", "Verh_type": "onbekend", "Breedte": 125, "Hoogte": 125, "BodemBrdt": 4, "Lengte": 8.55000019, "Gebied": "steekterweg gs", "Inspectie": "", "JaarVerv": "0", "Beslismodl": "Geen beoordeling", "Beoordeeld": "0000", "Tactisch": 7, "Act_Direct": 0, "Act_In_5Y": 0, "Act_In_10Y": 0, "Geen_actie": 0, "Niet_beord": 8.55, "Operationl": 0, "Project": "", "APM": 0, "APV": "", "Kosten": 1231.29, "Opmerking": "", "Tekening": "INPA070748_001 REV TOTAA", "OBJ_ID": "0", "OBJECTID": 124, "Shape_Length": 7.902284478272733}}, {"type": "Feature", "id": 125, "geometry": {"type": "LineString", "coordinates": [[106856.96599999815, 459032.52699999884], [106857.22199999914, 459024.3999999985]]}, "properties": {"Datum": "20190520", "Van_knpnr": "AK2372", "Naar_knpnr": "F07376U", "Strengnr": 1, "Offset": 0, "Strengtype": "kolkaansluitleiding", "Afvoertype": "hemelwater gs", "Jaar": "0", "Jaar_recon": "0", "Materiaal": "pvc klasse 34 sn8", "Vorm": "rond", "Voeg": "mof-spie", "Grondslag": "onbekend", "Fundatie": "onbekend", "VanBobpeil": "", "NarBobpeil": "", "Straat": "\"steekterweg, alphen aan den rijn\"", "Straattype": "onbekend", "Verh_type": "onbekend", "Breedte": 125, "Hoogte": 125, "BodemBrdt": 4, "Lengte": 8.56000042, "Gebied": "steekterweg gs", "Inspectie": "", "JaarVerv": "0", "Beslismodl": "Geen beoordeling", "Beoordeeld": "0000", "Tactisch": 7, "Act_Direct": 0, "Act_In_5Y": 0, "Act_In_10Y": 0, "Geen_actie": 0, "Niet_beord": 8.56, "Operationl": 0, "Project": "", "APM": 0, "APV": "", "Kosten": 1232.73, "Opmerking": "", "Tekening": "INPA070748_001 REV TOTAA", "OBJ_ID": "0", "OBJECTID": 125, "Shape_Length": 8.13103099279741}}, {"type": "Feature", "id": 126, "geometry": {"type": "LineString", "coordinates": [[106800.93400000036, 459042.72199999914], [106800.97500000149, 459043.7749999985]]}, "properties": {"Datum": "20190520", "Van_knpnr": "AK2374", "Naar_knpnr": "F07386", "Strengnr": 1, "Offset": 0, "Strengtype": "kolkaansluitleiding", "Afvoertype": "hemelwater gs", "Jaar": "0", "Jaar_recon": "0", "Materiaal": "pvc klasse 34 sn8", "Vorm": "rond", "Voeg": "mof-spie", "Grondslag": "onbekend", "Fundatie": "onbekend", "VanBobpeil": "", "NarBobpeil": "", "Straat": "\"steekterweg, alphen aan den rijn\"", "Straattype": "onbekend", "Verh_type": "onbekend", "Breedte": 125, "Hoogte": 125, "BodemBrdt": 4, "Lengte": 1.04999995, "Gebied": "steekterweg gs", "Inspectie": "", "JaarVerv": "0", "Beslismodl": "Geen beoordeling", "Beoordeeld": "0000", "Tactisch": 7, "Act_Direct": 0, "Act_In_5Y": 0, "Act_In_10Y": 0, "Geen_actie": 0, "Niet_beord": 1.05, "Operationl": 0, "Project": "", "APM": 0, "APV": "", "Kosten": 151.21, "Opmerking": "", "Tekening": "INPA070748_001 REV TOTAA", "OBJ_ID": "e10a542135b3468d9ed2413ee63ed8a1", "OBJECTID": 126, "Shape_Length": 1.0537978927549754}}, {"type": "Feature", "id": 127, "geometry": {"type": "LineString", "coordinates": [[109044.76300000027, 458102.05700000003], [109045.20800000057, 458103.0390000008]]}, "properties": {"Datum": "20190520", "Van_knpnr": "AK2584", "Naar_knpnr": "F07205", "Strengnr": 1, "Offset": 0, "Strengtype": "kolkaansluitleiding", "Afvoertype": "hemelwater gs", "Jaar": "0", "Jaar_recon": "0", "Materiaal": "pvc klasse 34 sn8", "Vorm": "rond", "Voeg": "mof-spie", "Grondslag": "onbekend", "Fundatie": "onbekend", "VanBobpeil": "", "NarBobpeil": "", "Straat": "\"steekterweg, alphen aan den rijn\"", "Straattype": "onbekend", "Verh_type": "onbekend", "Breedte": 125, "Hoogte": 125, "BodemBrdt": 4, "Lengte": 1.08000004, "Gebied": "steekterweg gs", "Inspectie": "", "JaarVerv": "0", "Beslismodl": "Geen beoordeling", "Beoordeeld": "0000", "Tactisch": 7, "Act_Direct": 0, "Act_In_5Y": 0, "Act_In_10Y": 0, "Geen_actie": 0, "Niet_beord": 1.08, "Operationl": 0, "Project": "", "APM": 0, "APV": "", "Kosten": 155.53, "Opmerking": "", "Tekening": "INPA070748_001 REV TOTAA", "OBJ_ID": "0", "OBJECTID": 127, "Shape_Length": 1.0781229066238536}}, {"type": "Feature", "id": 128, "geometry": {"type": "LineString", "coordinates": [[109028.49500000104, 458106.1810000017], [109029.58100000024, 458108.7989999987]]}, "properties": {"Datum": "20190520", "Van_knpnr": "AK2585", "Naar_knpnr": "F07206", "Strengnr": 1, "Offset": 0, "Strengtype": "kolkaansluitleiding", "Afvoertype": "hemelwater gs", "Jaar": "0", "Jaar_recon": "0", "Materiaal": "pvc klasse 34 sn8", "Vorm": "rond", "Voeg": "mof-spie", "Grondslag": "onbekend", "Fundatie": "onbekend", "VanBobpeil": "", "NarBobpeil": "", "Straat": "\"steekterweg, alphen aan den rijn\"", "Straattype": "onbekend", "Verh_type": "onbekend", "Breedte": 125, "Hoogte": 125, "BodemBrdt": 4, "Lengte": 2.82999992, "Gebied": "steekterweg gs", "Inspectie": "", "JaarVerv": "0", "Beslismodl": "Geen beoordeling", "Beoordeeld": "0000", "Tactisch": 7, "Act_Direct": 0, "Act_In_5Y": 0, "Act_In_10Y": 0, "Geen_actie": 0, "Niet_beord": 2.83, "Operationl": 0, "Project": "", "APM": 0, "APV": "", "Kosten": 407.55, "Opmerking": "", "Tekening": "INPA070748_001 REV TOTAA", "OBJ_ID": "0", "OBJECTID": 128, "Shape_Length": 2.834311200713805}}, {"type": "Feature", "id": 129, "geometry": {"type": "LineString", "coordinates": [[109020.65199999884, 458109.493999999], [109021.70399999991, 458112.2960000001]]}, "properties": {"Datum": "20190520", "Van_knpnr": "AK2586", "Naar_knpnr": "F07207", "Strengnr": 1, "Offset": 0, "Strengtype": "kolkaansluitleiding", "Afvoertype": "hemelwater gs", "Jaar": "0", "Jaar_recon": "0", "Materiaal": "pvc klasse 34 sn8", "Vorm": "rond", "Voeg": "mof-spie", "Grondslag": "onbekend", "Fundatie": "onbekend", "VanBobpeil": "", "NarBobpeil": "", "Straat": "\"steekterweg, alphen aan den rijn\"", "Straattype": "onbekend", "Verh_type": "onbekend", "Breedte": 125, "Hoogte": 125, "BodemBrdt": 4, "Lengte": 2.99000001, "Gebied": "steekterweg gs", "Inspectie": "", "JaarVerv": "0", "Beslismodl": "Geen beoordeling", "Beoordeeld": "0000", "Tactisch": 7, "Act_Direct": 0, "Act_In_5Y": 0, "Act_In_10Y": 0, "Geen_actie": 0, "Niet_beord": 2.99, "Operationl": 0, "Project": "", "APM": 0, "APV": "", "Kosten": 430.59, "Opmerking": "", "Tekening": "INPA070748_001 REV TOTAA", "OBJ_ID": "f16fd523269f43a393a32543ce9826a5", "OBJECTID": 129, "Shape_Length": 2.9929764463272654}}, {"type": "Feature", "id": 130, "geometry": {"type": "LineString", "coordinates": [[109003.90300000086, 458116.6640000008], [109004.48099999875, 458118.1490000002]]}, "properties": {"Datum": "20190520", "Van_knpnr": "AK2587", "Naar_knpnr": "F07208", "Strengnr": 1, "Offset": 0, "Strengtype": "kolkaansluitleiding", "Afvoertype": "hemelwater gs", "Jaar": "0", "Jaar_recon": "0", "Materiaal": "pvc klasse 34 sn8", "Vorm": "rond", "Voeg": "mof-spie", "Grondslag": "onbekend", "Fundatie": "onbekend", "VanBobpeil": "", "NarBobpeil": "", "Straat": "\"steekterweg, alphen aan den rijn\"", "Straattype": "onbekend", "Verh_type": "onbekend", "Breedte": 125, "Hoogte": 125, "BodemBrdt": 4, "Lengte": 1.59000003, "Gebied": "steekterweg gs", "Inspectie": "", "JaarVerv": "0", "Beslismodl": "Geen beoordeling", "Beoordeeld": "0000", "Tactisch": 7, "Act_Direct": 0, "Act_In_5Y": 0, "Act_In_10Y": 0, "Geen_actie": 0, "Niet_beord": 1.59, "Operationl": 0, "Project": "", "APM": 0, "APV": "", "Kosten": 228.98, "Opmerking": "", "Tekening": "INPA070748_001 REV TOTAA", "OBJ_ID": "9e0ae5ca587f440297df564ea0fa5066", "OBJECTID": 130, "Shape_Length": 1.5935209430012793}}, {"type": "Feature", "id": 131, "geometry": {"type": "LineString", "coordinates": [[108994.21799999848, 458120.77600000054], [108994.61499999836, 458121.83199999854]]}, "properties": {"Datum": "20190520", "Van_knpnr": "AK2588", "Naar_knpnr": "F07209", "Strengnr": 1, "Offset": 0, "Strengtype": "kolkaansluitleiding", "Afvoertype": "hemelwater gs", "Jaar": "0", "Jaar_recon": "0", "Materiaal": "pvc klasse 34 sn8", "Vorm": "rond", "Voeg": "mof-spie", "Grondslag": "onbekend", "Fundatie": "onbekend", "VanBobpeil": "", "NarBobpeil": "", "Straat": "\"steekterweg, alphen aan den rijn\"", "Straattype": "onbekend", "Verh_type": "onbekend", "Breedte": 125, "Hoogte": 125, "BodemBrdt": 4, "Lengte": 1.13, "Gebied": "steekterweg gs", "Inspectie": "", "JaarVerv": "0", "Beslismodl": "Geen beoordeling", "Beoordeeld": "0000", "Tactisch": 7, "Act_Direct": 0, "Act_In_5Y": 0, "Act_In_10Y": 0, "Geen_actie": 0, "Niet_beord": 1.13, "Operationl": 0, "Project": "", "APM": 0, "APV": "", "Kosten": 162.73, "Opmerking": "", "Tekening": "INPA070748_001 REV TOTAA", "OBJ_ID": "b812763af25d484689dfbc3bc36ec95d", "OBJECTID": 131, "Shape_Length": 1.1281600044710856}}, {"type": "Feature", "id": 132, "geometry": {"type": "LineString", "coordinates": [[108981.78299999982, 458126.08399999887], [108982.20899999887, 458127.40900000185]]}, "properties": {"Datum": "20190520", "Van_knpnr": "AK2589", "Naar_knpnr": "F07262", "Strengnr": 1, "Offset": 0, "Strengtype": "kolkaansluitleiding", "Afvoertype": "hemelwater gs", "Jaar": "0", "Jaar_recon": "0", "Materiaal": "pvc klasse 34 sn8", "Vorm": "rond", "Voeg": "mof-spie", "Grondslag": "onbekend", "Fundatie": "onbekend", "VanBobpeil": "", "NarBobpeil": "", "Straat": "\"steekterweg, alphen aan den rijn\"", "Straattype": "onbekend", "Verh_type": "onbekend", "Breedte": 125, "Hoogte": 125, "BodemBrdt": 4, "Lengte": 1.38999999, "Gebied": "steekterweg gs", "Inspectie": "", "JaarVerv": "0", "Beslismodl": "Geen beoordeling", "Beoordeeld": "0000", "Tactisch": 7, "Act_Direct": 0, "Act_In_5Y": 0, "Act_In_10Y": 0, "Geen_actie": 0, "Niet_beord": 1.39, "Operationl": 0, "Project": "", "APM": 0, "APV": "", "Kosten": 200.17, "Opmerking": "", "Tekening": "INPA070748_001 REV TOTAA", "OBJ_ID": "0", "OBJECTID": 132, "Shape_Length": 1.3917977608421006}}, {"type": "Feature", "id": 133, "geometry": {"type": "LineString", "coordinates": [[108975.70399999991, 458129.0870000012], [108976.06700000167, 458129.96400000155], [108982.20899999887, 458127.40900000185]]}, "properties": {"Datum": "20190520", "Van_knpnr": "AK2590", "Naar_knpnr": "F07262", "Strengnr": 1, "Offset": 0, "Strengtype": "kolkaansluitleiding", "Afvoertype": "hemelwater gs", "Jaar": "0", "Jaar_recon": "0", "Materiaal": "pvc klasse 34 sn8", "Vorm": "rond", "Voeg": "mof-spie", "Grondslag": "onbekend", "Fundatie": "onbekend", "VanBobpeil": "", "NarBobpeil": "", "Straat": "\"steekterweg, alphen aan den rijn\"", "Straattype": "onbekend", "Verh_type": "onbekend", "Breedte": 160, "Hoogte": 160, "BodemBrdt": 5, "Lengte": 7.5999999, "Gebied": "steekterweg gs", "Inspectie": "", "JaarVerv": "0", "Beslismodl": "Geen beoordeling", "Beoordeeld": "0000", "Tactisch": 7, "Act_Direct": 0, "Act_In_5Y": 0, "Act_In_10Y": 0, "Geen_actie": 0, "Niet_beord": 7.6, "Operationl": 0, "Project": "", "APM": 0, "APV": "", "Kosten": 1138.18, "Opmerking": "", "Tekening": "INPA070748_001 REV TOTAA", "OBJ_ID": "0", "OBJECTID": 133, "Shape_Length": 7.601388346987023}}, {"type": "Feature", "id": 134, "geometry": {"type": "LineString", "coordinates": [[108953.55299999937, 458137.91800000146], [108953.65900000185, 458138.1979999989], [108951.69299999997, 458139.1090000011], [108951.97500000149, 458139.55700000003], [108934.97899999842, 458146.70899999887]]}, "properties": {"Datum": "20190520", "Van_knpnr": "AK2591", "Naar_knpnr": "F07210", "Strengnr": 1, "Offset": 0, "Strengtype": "kolkaansluitleiding", "Afvoertype": "hemelwater gs", "Jaar": "0", "Jaar_recon": "0", "Materiaal": "pvc klasse 34 sn8", "Vorm": "rond", "Voeg": "mof-spie", "Grondslag": "onbekend", "Fundatie": "onbekend", "VanBobpeil": "", "NarBobpeil": "", "Straat": "\"steekterweg, alphen aan den rijn\"", "Straattype": "onbekend", "Verh_type": "onbekend", "Breedte": 125, "Hoogte": 125, "BodemBrdt": 4, "Lengte": 21.4400005, "Gebied": "steekterweg gs", "Inspectie": "", "JaarVerv": "0", "Beslismodl": "Geen beoordeling", "Beoordeeld": "0000", "Tactisch": 7, "Act_Direct": 0, "Act_In_5Y": 0, "Act_In_10Y": 0, "Geen_actie": 0, "Niet_beord": 21.44, "Operationl": 0, "Project": "", "APM": 0, "APV": "", "Kosten": 3087.57, "Opmerking": "", "Tekening": "INPA070748_001 REV TOTAA", "OBJ_ID": "91fec6731db94d8ca99ef9ab0c4cb9ae", "OBJECTID": 134, "Shape_Length": 21.435069924912014}}, {"type": "Feature", "id": 135, "geometry": {"type": "LineString", "coordinates": [[108934.52699999884, 458145.80000000075], [108934.97899999842, 458146.70899999887]]}, "properties": {"Datum": "20190520", "Van_knpnr": "AK2592", "Naar_knpnr": "F07210", "Strengnr": 1, "Offset": 0, "Strengtype": "kolkaansluitleiding", "Afvoertype": "hemelwater gs", "Jaar": "0", "Jaar_recon": "0", "Materiaal": "pvc klasse 34 sn8", "Vorm": "rond", "Voeg": "mof-spie", "Grondslag": "onbekend", "Fundatie": "onbekend", "VanBobpeil": "", "NarBobpeil": "", "Straat": "\"steekterweg, alphen aan den rijn\"", "Straattype": "onbekend", "Verh_type": "onbekend", "Breedte": 125, "Hoogte": 125, "BodemBrdt": 4, "Lengte": 1.01999998, "Gebied": "steekterweg gs", "Inspectie": "", "JaarVerv": "0", "Beslismodl": "Geen beoordeling", "Beoordeeld": "0000", "Tactisch": 7, "Act_Direct": 0, "Act_In_5Y": 0, "Act_In_10Y": 0, "Geen_actie": 0, "Niet_beord": 1.02, "Operationl": 0, "Project": "", "APM": 0, "APV": "", "Kosten": 146.89, "Opmerking": "", "Tekening": "INPA070748_001 REV TOTAA", "OBJ_ID": "8608e7393b5e47349129b33c030c8962", "OBJECTID": 135, "Shape_Length": 1.0151773225449052}}, {"type": "Feature", "id": 136, "geometry": {"type": "LineString", "coordinates": [[108916.43899999931, 458153.2950000018], [108916.79300000146, 458154.26199999824]]}, "properties": {"Datum": "20190520", "Van_knpnr": "AK2593", "Naar_knpnr": "F07211", "Strengnr": 1, "Offset": 0, "Strengtype": "kolkaansluitleiding", "Afvoertype": "hemelwater gs", "Jaar": "0", "Jaar_recon": "0", "Materiaal": "pvc klasse 34 sn8", "Vorm": "rond", "Voeg": "mof-spie", "Grondslag": "onbekend", "Fundatie": "onbekend", "VanBobpeil": "", "NarBobpeil": "", "Straat": "\"steekterweg, alphen aan den rijn\"", "Straattype": "onbekend", "Verh_type": "onbekend", "Breedte": 125, "Hoogte": 125, "BodemBrdt": 4, "Lengte": 1.02999997, "Gebied": "steekterweg gs", "Inspectie": "", "JaarVerv": "0", "Beslismodl": "Geen beoordeling", "Beoordeeld": "0000", "Tactisch": 7, "Act_Direct": 0, "Act_In_5Y": 0, "Act_In_10Y": 0, "Geen_actie": 0, "Niet_beord": 1.03, "Operationl": 0, "Project": "", "APM": 0, "APV": "", "Kosten": 148.33, "Opmerking": "", "Tekening": "INPA070748_001 REV TOTAA", "OBJ_ID": "ca910bbeb5db4c31ac9649acce7d44d1", "OBJECTID": 136, "Shape_Length": 1.0297596781095664}}, {"type": "Feature", "id": 137, "geometry": {"type": "LineString", "coordinates": [[108828.42700000107, 458195.22399999946], [108827.58999999985, 458193.26999999955]]}, "properties": {"Datum": "20190520", "Van_knpnr": "AO0650", "Naar_knpnr": "AP17481", "Strengnr": 1, "Offset": 0, "Strengtype": "particulier riool", "Afvoertype": "vuilwater gs", "Jaar": "0", "Jaar_recon": "0", "Materiaal": "pvc klasse 34 sn8", "Vorm": "rond", "Voeg": "mof-spie", "Grondslag": "onbekend", "Fundatie": "onbekend", "VanBobpeil": "", "NarBobpeil": "", "Straat": "\"steekterweg, alphen aan den rijn\"", "Straattype": "onbekend", "Verh_type": "onbekend", "Breedte": 125, "Hoogte": 125, "BodemBrdt": 4, "Lengte": 2.13000011, "Gebied": "steekterweg gs", "Inspectie": "", "JaarVerv": "0", "Beslismodl": "Geen beoordeling", "Beoordeeld": "0000", "Tactisch": 7, "Act_Direct": 0, "Act_In_5Y": 0, "Act_In_10Y": 0, "Geen_actie": 0, "Niet_beord": 2.13, "Operationl": 0, "Project": "", "APM": 0, "APV": "", "Kosten": 238.96, "Opmerking": "", "Tekening": "onbekend", "OBJ_ID": "0c8dd822a76044c9997bc65f58eb473c", "OBJECTID": 137, "Shape_Length": 2.125719878463776}}, {"type": "Feature", "id": 138, "geometry": {"type": "LineString", "coordinates": [[109236.21299999952, 458041.05099999905], [109233.63699999824, 458034.2490000017]]}, "properties": {"Datum": "20190520", "Van_knpnr": "AO0651", "Naar_knpnr": "AP17477", "Strengnr": 1, "Offset": 0, "Strengtype": "particulier riool", "Afvoertype": "vuilwater gs", "Jaar": "0", "Jaar_recon": "0", "Materiaal": "pvc klasse 34 sn8", "Vorm": "rond", "Voeg": "mof-spie", "Grondslag": "onbekend", "Fundatie": "onbekend", "VanBobpeil": "", "NarBobpeil": "", "Straat": "\"steekterweg, alphen aan den rijn\"", "Straattype": "onbekend", "Verh_type": "onbekend", "Breedte": 125, "Hoogte": 125, "BodemBrdt": 4, "Lengte": 7.26999998, "Gebied": "steekterweg gs", "Inspectie": "", "JaarVerv": "0", "Beslismodl": "Geen beoordeling", "Beoordeeld": "0000", "Tactisch": 7, "Act_Direct": 0, "Act_In_5Y": 0, "Act_In_10Y": 0, "Geen_actie": 0, "Niet_beord": 7.27, "Operationl": 0, "Project": "", "APM": 0, "APV": "", "Kosten": 815.62, "Opmerking": "", "Tekening": "onbekend", "OBJ_ID": "48c423937c8345c9b1624f8f21ac2c7e", "OBJECTID": 138, "Shape_Length": 7.273443474071889}}, {"type": "Feature", "id": 139, "geometry": {"type": "LineString", "coordinates": [[109067.50800000131, 458102.0520000011], [109068.7899999991, 458101.66000000015]]}, "properties": {"Datum": "20190520", "Van_knpnr": "AO0652", "Naar_knpnr": "AP17479", "Strengnr": 1, "Offset": 0, "Strengtype": "particulier riool", "Afvoertype": "vuilwater gs", "Jaar": "0", "Jaar_recon": "0", "Materiaal": "pvc klasse 34 sn8", "Vorm": "rond", "Voeg": "mof-spie", "Grondslag": "onbekend", "Fundatie": "onbekend", "VanBobpeil": "", "NarBobpeil": "", "Straat": "\"steekterweg, alphen aan den rijn\"", "Straattype": "onbekend", "Verh_type": "onbekend", "Breedte": 125, "Hoogte": 125, "BodemBrdt": 4, "Lengte": 3.13000011, "Gebied": "steekterweg gs", "Inspectie": "", "JaarVerv": "0", "Beslismodl": "Geen beoordeling", "Beoordeeld": "0000", "Tactisch": 7, "Act_Direct": 0, "Act_In_5Y": 0, "Act_In_10Y": 0, "Geen_actie": 0, "Niet_beord": 3.13, "Operationl": 0, "Project": "", "APM": 0, "APV": "", "Kosten": 351.15, "Opmerking": "", "Tekening": "onbekend", "OBJ_ID": "638237b307344106826a5f8c038bdf03", "OBJECTID": 139, "Shape_Length": 1.3405924045248587}}, {"type": "Feature", "id": 140, "geometry": {"type": "LineString", "coordinates": [[108673.0850000009, 458241.8139999993], [108674.55600000173, 458241.8729999997]]}, "properties": {"Datum": "20190520", "Van_knpnr": "AO0653", "Naar_knpnr": "AP17483", "Strengnr": 1, "Offset": 0, "Strengtype": "particulier riool", "Afvoertype": "vuilwater gs", "Jaar": "0", "Jaar_recon": "0", "Materiaal": "pvc klasse 34 sn8", "Vorm": "rond", "Voeg": "mof-spie", "Grondslag": "lichte klei", "Fundatie": "onbekend", "VanBobpeil": "", "NarBobpeil": "", "Straat": "\"steekterweg, alphen aan den rijn\"", "Straattype": "onbekend", "Verh_type": "onbekend", "Breedte": 125, "Hoogte": 125, "BodemBrdt": 4, "Lengte": 2.80999994, "Gebied": "steekterweg gs", "Inspectie": "", "JaarVerv": "0", "Beslismodl": "Geen beoordeling", "Beoordeeld": "0000", "Tactisch": 7, "Act_Direct": 0, "Act_In_5Y": 0, "Act_In_10Y": 0, "Geen_actie": 0, "Niet_beord": 2.81, "Operationl": 0, "Project": "", "APM": 0, "APV": "", "Kosten": 315.25, "Opmerking": "", "Tekening": "onbekend", "OBJ_ID": "e8a8194646f945fc8fbbf706790fa09a", "OBJECTID": 140, "Shape_Length": 1.4721827340711464}}, {"type": "Feature", "id": 141, "geometry": {"type": "LineString", "coordinates": [[108555.1259999983, 458402.8049999997], [108553.88699999824, 458401.3379999995]]}, "properties": {"Datum": "20190520", "Van_knpnr": "AO0657", "Naar_knpnr": "AP17488", "Strengnr": 1, "Offset": 0, "Strengtype": "particulier riool", "Afvoertype": "vuilwater gs", "Jaar": "0", "Jaar_recon": "0", "Materiaal": "pvc klasse 34 sn8", "Vorm": "rond", "Voeg": "mof-spie", "Grondslag": "lichte klei", "Fundatie": "onbekend", "VanBobpeil": "", "NarBobpeil": "", "Straat": "\"steekterweg, alphen aan den rijn\"", "Straattype": "onbekend", "Verh_type": "onbekend", "Breedte": 125, "Hoogte": 125, "BodemBrdt": 4, "Lengte": 3.66000009, "Gebied": "steekterweg gs", "Inspectie": "", "JaarVerv": "0", "Beslismodl": "Geen beoordeling", "Beoordeeld": "0000", "Tactisch": 7, "Act_Direct": 0, "Act_In_5Y": 0, "Act_In_10Y": 0, "Geen_actie": 0, "Niet_beord": 3.66, "Operationl": 0, "Project": "", "APM": 0, "APV": "", "Kosten": 410.62, "Opmerking": "", "Tekening": "onbekend", "OBJ_ID": "373d22e453d1454997012e8b27621ce3", "OBJECTID": 141, "Shape_Length": 1.9202109260891993}}, {"type": "Feature", "id": 142, "geometry": {"type": "LineString", "coordinates": [[108552.52499999851, 458428.0920000002], [108556.36100000143, 458425.35599999875]]}, "properties": {"Datum": "20190520", "Van_knpnr": "AO0660", "Naar_knpnr": "AO0659", "Strengnr": 1, "Offset": 0, "Strengtype": "inzamelriool", "Afvoertype": "vuilwater gs", "Jaar": "0", "Jaar_recon": "0", "Materiaal": "pvc klasse 34 sn8", "Vorm": "rond", "Voeg": "mof-spie", "Grondslag": "onbekend", "Fundatie": "onbekend", "VanBobpeil": "", "NarBobpeil": "", "Straat": "\"steekterweg, alphen aan den rijn\"", "Straattype": "onbekend", "Verh_type": "onbekend", "Breedte": 160, "Hoogte": 160, "BodemBrdt": 5, "Lengte": 4.71000004, "Gebied": "steekterweg gs", "Inspectie": "", "JaarVerv": "0", "Beslismodl": "Geen beoordeling", "Beoordeeld": "0000", "Tactisch": 7, "Act_Direct": 0, "Act_In_5Y": 0, "Act_In_10Y": 0, "Geen_actie": 0, "Niet_beord": 4.71, "Operationl": 0, "Project": "", "APM": 0, "APV": "", "Kosten": 555.5, "Opmerking": "", "Tekening": "onbekend", "OBJ_ID": "1e62f33123d64b3d8e9014e12edf6f1c", "OBJECTID": 142, "Shape_Length": 4.711750421046813}}, {"type": "Feature", "id": 143, "geometry": {"type": "LineString", "coordinates": [[108547.06599999964, 458431.09699999914], [108549.46700000018, 458429.0689999983], [108551.03299999982, 458429.1469999999], [108552.52499999851, 458428.0920000002]]}, "properties": {"Datum": "20190520", "Van_knpnr": "AO0661", "Naar_knpnr": "AO0660", "Strengnr": 1, "Offset": 0, "Strengtype": "inzamelriool", "Afvoertype": "vuilwater gs", "Jaar": "0", "Jaar_recon": "0", "Materiaal": "pvc klasse 34 sn8", "Vorm": "rond", "Voeg": "mof-spie", "Grondslag": "onbekend", "Fundatie": "onbekend", "VanBobpeil": "", "NarBobpeil": "", "Straat": "\"steekterweg, alphen aan den rijn\"", "Straattype": "onbekend", "Verh_type": "onbekend", "Breedte": 160, "Hoogte": 160, "BodemBrdt": 5, "Lengte": 6.23000002, "Gebied": "steekterweg gs", "Inspectie": "", "JaarVerv": "0", "Beslismodl": "Geen beoordeling", "Beoordeeld": "0000", "Tactisch": 7, "Act_Direct": 0, "Act_In_5Y": 0, "Act_In_10Y": 0, "Geen_actie": 0, "Niet_beord": 6.23, "Operationl": 0, "Project": "", "APM": 0, "APV": "", "Kosten": 734.77, "Opmerking": "", "Tekening": "onbekend", "OBJ_ID": "ae252d488a834383a29eb25c8a72745e", "OBJECTID": 143, "Shape_Length": 6.53812130631833}}, {"type": "Feature", "id": 144, "geometry": {"type": "LineString", "coordinates": [[108538.34600000083, 458432.2580000013], [108538.73699999973, 458432.1939999983], [108541.35599999875, 458435.2509999983], [108542.0540000014, 458435.2039999999], [108547.06599999964, 458431.09699999914]]}, "properties": {"Datum": "20190520", "Van_knpnr": "AO0662", "Naar_knpnr": "AO0661", "Strengnr": 1, "Offset": 0, "Strengtype": "inzamelriool", "Afvoertype": "vuilwater gs", "Jaar": "0", "Jaar_recon": "0", "Materiaal": "pvc klasse 34 sn8", "Vorm": "rond", "Voeg": "mof-spie", "Grondslag": "onbekend", "Fundatie": "onbekend", "VanBobpeil": "", "NarBobpeil": "", "Straat": "\"steekterweg, alphen aan den rijn\"", "Straattype": "onbekend", "Verh_type": "onbekend", "Breedte": 160, "Hoogte": 160, "BodemBrdt": 5, "Lengte": 8.80000019, "Gebied": "steekterweg gs", "Inspectie": "", "JaarVerv": "0", "Beslismodl": "Geen beoordeling", "Beoordeeld": "0000", "Tactisch": 7, "Act_Direct": 0, "Act_In_5Y": 0, "Act_In_10Y": 0, "Geen_actie": 0, "Niet_beord": 8.8, "Operationl": 0, "Project": "", "APM": 0, "APV": "", "Kosten": 1037.87, "Opmerking": "", "Tekening": "onbekend", "OBJ_ID": "702e1dbb5941454585aba39bd0d12805", "OBJECTID": 144, "Shape_Length": 11.60103738552191}}, {"type": "Feature", "id": 145, "geometry": {"type": "LineString", "coordinates": [[108535.07499999925, 458432.8599999994], [108538.34600000083, 458432.2580000013]]}, "properties": {"Datum": "20190520", "Van_knpnr": "AO0663", "Naar_knpnr": "AO0662", "Strengnr": 1, "Offset": 0, "Strengtype": "inzamelriool", "Afvoertype": "vuilwater gs", "Jaar": "0", "Jaar_recon": "0", "Materiaal": "pvc klasse 34 sn8", "Vorm": "rond", "Voeg": "mof-spie", "Grondslag": "onbekend", "Fundatie": "onbekend", "VanBobpeil": "", "NarBobpeil": "", "Straat": "\"steekterweg, alphen aan den rijn\"", "Straattype": "onbekend", "Verh_type": "onbekend", "Breedte": 160, "Hoogte": 160, "BodemBrdt": 5, "Lengte": 3.32999992, "Gebied": "steekterweg gs", "Inspectie": "", "JaarVerv": "0", "Beslismodl": "Geen beoordeling", "Beoordeeld": "0000", "Tactisch": 7, "Act_Direct": 0, "Act_In_5Y": 0, "Act_In_10Y": 0, "Geen_actie": 0, "Niet_beord": 3.33, "Operationl": 0, "Project": "", "APM": 0, "APV": "", "Kosten": 392.74, "Opmerking": "", "Tekening": "onbekend", "OBJ_ID": "1aa4dcb5f63e489e8b69c3f60558c366", "OBJECTID": 145, "Shape_Length": 3.3259352080334925}}, {"type": "Feature", "id": 146, "geometry": {"type": "LineString", "coordinates": [[108533.24599999934, 458434.3280000016], [108535.07499999925, 458432.8599999994]]}, "properties": {"Datum": "20190520", "Van_knpnr": "AO0664", "Naar_knpnr": "AO0663", "Strengnr": 1, "Offset": 0, "Strengtype": "inzamelriool", "Afvoertype": "vuilwater gs", "Jaar": "0", "Jaar_recon": "0", "Materiaal": "pvc klasse 34 sn8", "Vorm": "rond", "Voeg": "mof-spie", "Grondslag": "onbekend", "Fundatie": "onbekend", "VanBobpeil": "", "NarBobpeil": "", "Straat": "\"steekterweg, alphen aan den rijn\"", "Straattype": "onbekend", "Verh_type": "onbekend", "Breedte": 160, "Hoogte": 160, "BodemBrdt": 5, "Lengte": 2.3499999, "Gebied": "steekterweg gs", "Inspectie": "", "JaarVerv": "0", "Beslismodl": "Geen beoordeling", "Beoordeeld": "0000", "Tactisch": 7, "Act_Direct": 0, "Act_In_5Y": 0, "Act_In_10Y": 0, "Geen_actie": 0, "Niet_beord": 2.35, "Operationl": 0, "Project": "", "APM": 0, "APV": "", "Kosten": 277.16, "Opmerking": "", "Tekening": "onbekend", "OBJ_ID": "5d072f86345444e8a98b415478016d49", "OBJECTID": 146, "Shape_Length": 2.3452643787317284}}, {"type": "Feature", "id": 147, "geometry": {"type": "LineString", "coordinates": [[108443.46700000018, 458492.561999999], [108441.3209999986, 458489.72399999946]]}, "properties": {"Datum": "20190520", "Van_knpnr": "AO0665", "Naar_knpnr": "AP17492", "Strengnr": 1, "Offset": 0, "Strengtype": "inzamelriool", "Afvoertype": "vuilwater gs", "Jaar": "0", "Jaar_recon": "0", "Materiaal": "pvc klasse 34 sn8", "Vorm": "rond", "Voeg": "mof-spie", "Grondslag": "onbekend", "Fundatie": "onbekend", "VanBobpeil": "", "NarBobpeil": "", "Straat": "\"steekterweg, alphen aan den rijn\"", "Straattype": "onbekend", "Verh_type": "onbekend", "Breedte": 125, "Hoogte": 125, "BodemBrdt": 4, "Lengte": 4.51999998, "Gebied": "steekterweg gs", "Inspectie": "", "JaarVerv": "0", "Beslismodl": "Geen beoordeling", "Beoordeeld": "0000", "Tactisch": 7, "Act_Direct": 0, "Act_In_5Y": 0, "Act_In_10Y": 0, "Geen_actie": 0, "Niet_beord": 4.52, "Operationl": 0, "Project": "", "APM": 0, "APV": "", "Kosten": 507.1, "Opmerking": "", "Tekening": "onbekend", "OBJ_ID": "0c93d63e00b84721b8556fdc6ee7bb82", "OBJECTID": 147, "Shape_Length": 3.558027544029527}}, {"type": "Feature", "id": 148, "geometry": {"type": "LineString", "coordinates": [[108444.88800000027, 458491.1090000011], [108444.05900000036, 458489.8839999996], [108441.79199999943, 458489.0720000006]]}, "properties": {"Datum": "20190520", "Van_knpnr": "AO0666", "Naar_knpnr": "AP17492", "Strengnr": 1, "Offset": 0, "Strengtype": "inzamelriool", "Afvoertype": "vuilwater gs", "Jaar": "0", "Jaar_recon": "0", "Materiaal": "pvc klasse 34 sn8", "Vorm": "rond", "Voeg": "mof-spie", "Grondslag": "onbekend", "Fundatie": "onbekend", "VanBobpeil": "", "NarBobpeil": "", "Straat": "\"steekterweg, alphen aan den rijn\"", "Straattype": "onbekend", "Verh_type": "onbekend", "Breedte": 125, "Hoogte": 125, "BodemBrdt": 4, "Lengte": 4.59000015, "Gebied": "steekterweg gs", "Inspectie": "", "JaarVerv": "0", "Beslismodl": "Geen beoordeling", "Beoordeeld": "0000", "Tactisch": 7, "Act_Direct": 0, "Act_In_5Y": 0, "Act_In_10Y": 0, "Geen_actie": 0, "Niet_beord": 4.59, "Operationl": 0, "Project": "", "APM": 0, "APV": "", "Kosten": 514.95, "Opmerking": "", "Tekening": "onbekend", "OBJ_ID": "c2e6e1d18c01416386fc9c6875e3acc1", "OBJECTID": 148, "Shape_Length": 3.887178764001254}}, {"type": "Feature", "id": 149, "geometry": {"type": "LineString", "coordinates": [[108374.89499999955, 458539.12000000104], [108373.60000000149, 458537.3599999994]]}, "properties": {"Datum": "20190520", "Van_knpnr": "AO0667", "Naar_knpnr": "AP17493", "Strengnr": 1, "Offset": 0, "Strengtype": "inzamelriool", "Afvoertype": "vuilwater gs", "Jaar": "0", "Jaar_recon": "0", "Materiaal": "pvc klasse 34 sn8", "Vorm": "rond", "Voeg": "mof-spie", "Grondslag": "onbekend", "Fundatie": "onbekend", "VanBobpeil": "", "NarBobpeil": "", "Straat": "\"steekterweg, alphen aan den rijn\"", "Straattype": "onbekend", "Verh_type": "onbekend", "Breedte": 125, "Hoogte": 125, "BodemBrdt": 4, "Lengte": 2.17000008, "Gebied": "steekterweg gs", "Inspectie": "", "JaarVerv": "0", "Beslismodl": "Geen beoordeling", "Beoordeeld": "0000", "Tactisch": 7, "Act_Direct": 0, "Act_In_5Y": 0, "Act_In_10Y": 0, "Geen_actie": 0, "Niet_beord": 2.17, "Operationl": 0, "Project": "", "APM": 0, "APV": "", "Kosten": 243.45, "Opmerking": "", "Tekening": "onbekend", "OBJ_ID": "9cf5d2f81398452a9f2398b8b76029f8", "OBJECTID": 149, "Shape_Length": 2.1850915314358135}}, {"type": "Feature", "id": 150, "geometry": {"type": "LineString", "coordinates": [[108161.42199999839, 458451.9990000017], [108161.32499999925, 458450.93400000036]]}, "properties": {"Datum": "20190520", "Van_knpnr": "AO0670", "Naar_knpnr": "AP17497", "Strengnr": 1, "Offset": 0, "Strengtype": "inzamelriool", "Afvoertype": "vuilwater gs", "Jaar": "0", "Jaar_recon": "0", "Materiaal": "pvc klasse 34 sn8", "Vorm": "rond", "Voeg": "mof-spie", "Grondslag": "onbekend", "Fundatie": "onbekend", "VanBobpeil": "", "NarBobpeil": "", "Straat": "\"steekterweg, alphen aan den rijn\"", "Straattype": "onbekend", "Verh_type": "onbekend", "Breedte": 125, "Hoogte": 125, "BodemBrdt": 4, "Lengte": 1.07000005, "Gebied": "steekterweg gs", "Inspectie": "", "JaarVerv": "0", "Beslismodl": "Geen beoordeling", "Beoordeeld": "0000", "Tactisch": 7, "Act_Direct": 0, "Act_In_5Y": 0, "Act_In_10Y": 0, "Geen_actie": 0, "Niet_beord": 1.07, "Operationl": 0, "Project": "", "APM": 0, "APV": "", "Kosten": 120.04, "Opmerking": "", "Tekening": "onbekend", "OBJ_ID": "4f8cff384ffc44dfb499e6c72f30f332", "OBJECTID": 150, "Shape_Length": 1.0694082488408647}}, {"type": "Feature", "id": 151, "geometry": {"type": "LineString", "coordinates": [[108159.29100000113, 458619.0029999986], [108158.70800000057, 458616.7289999984], [108159.17300000042, 458616.06599999964], [108162.26000000164, 458615.26000000164]]}, "properties": {"Datum": "20190520", "Van_knpnr": "AO0671", "Naar_knpnr": "AP17500", "Strengnr": 1, "Offset": 0, "Strengtype": "kolkaansluitleiding", "Afvoertype": "hemelwater gs", "Jaar": "0", "Jaar_recon": "0", "Materiaal": "pvc klasse 34 sn8", "Vorm": "rond", "Voeg": "mof-spie", "Grondslag": "onbekend", "Fundatie": "onbekend", "VanBobpeil": "", "NarBobpeil": "", "Straat": "\"steekterweg, alphen aan den rijn\"", "Straattype": "onbekend", "Verh_type": "onbekend", "Breedte": 125, "Hoogte": 125, "BodemBrdt": 4, "Lengte": 4.78000021, "Gebied": "steekterweg gs", "Inspectie": "", "JaarVerv": "0", "Beslismodl": "Geen beoordeling", "Beoordeeld": "0000", "Tactisch": 7, "Act_Direct": 0, "Act_In_5Y": 0, "Act_In_10Y": 0, "Geen_actie": 0, "Niet_beord": 4.78, "Operationl": 0, "Project": "", "APM": 0, "APV": "", "Kosten": 688.37, "Opmerking": "", "Tekening": "onbekend", "OBJ_ID": "9e1e0e707ba0440b9e722574cbbacb23", "OBJECTID": 151, "Shape_Length": 6.3478421907863565}}, {"type": "Feature", "id": 152, "geometry": {"type": "LineString", "coordinates": [[107995.35000000149, 458679.10599999875], [107995.8909999989, 458680.94299999997]]}, "properties": {"Datum": "20190520", "Van_knpnr": "AO0673", "Naar_knpnr": "AO0672", "Strengnr": 1, "Offset": 0, "Strengtype": "inzamelriool", "Afvoertype": "vuilwater gs", "Jaar": "0", "Jaar_recon": "0", "Materiaal": "pvc klasse 34 sn8", "Vorm": "rond", "Voeg": "mof-spie", "Grondslag": "onbekend", "Fundatie": "onbekend", "VanBobpeil": "", "NarBobpeil": "", "Straat": "\"steekterweg, alphen aan den rijn\"", "Straattype": "onbekend", "Verh_type": "onbekend", "Breedte": 125, "Hoogte": 125, "BodemBrdt": 4, "Lengte": 1.91999996, "Gebied": "steekterweg gs", "Inspectie": "", "JaarVerv": "0", "Beslismodl": "Geen beoordeling", "Beoordeeld": "0000", "Tactisch": 7, "Act_Direct": 0, "Act_In_5Y": 0, "Act_In_10Y": 0, "Geen_actie": 0, "Niet_beord": 1.92, "Operationl": 0, "Project": "", "APM": 0, "APV": "", "Kosten": 215.4, "Opmerking": "", "Tekening": "onbekend", "OBJ_ID": "c9e3bdf6cf914be19f6c278c014563f9", "OBJECTID": 152, "Shape_Length": 1.91500652784366}}, {"type": "Feature", "id": 153, "geometry": {"type": "LineString", "coordinates": [[107935.43800000101, 458682.7580000013], [107934.81199999899, 458680.7740000002], [107934.375, 458680.67500000075]]}, "properties": {"Datum": "20190520", "Van_knpnr": "AO0674", "Naar_knpnr": "F07738", "Strengnr": 1, "Offset": 0, "Strengtype": "inzamelriool", "Afvoertype": "vuilwater gs", "Jaar": "0", "Jaar_recon": "0", "Materiaal": "pvc klasse 34 sn8", "Vorm": "rond", "Voeg": "mof-spie", "Grondslag": "onbekend", "Fundatie": "onbekend", "VanBobpeil": "", "NarBobpeil": "", "Straat": "\"steekterweg, alphen aan den rijn\"", "Straattype": "onbekend", "Verh_type": "onbekend", "Breedte": 125, "Hoogte": 125, "BodemBrdt": 4, "Lengte": 2.33999991, "Gebied": "steekterweg gs", "Inspectie": "", "JaarVerv": "0", "Beslismodl": "Geen beoordeling", "Beoordeeld": "0000", "Tactisch": 7, "Act_Direct": 0, "Act_In_5Y": 0, "Act_In_10Y": 0, "Geen_actie": 0, "Niet_beord": 2.34, "Operationl": 0, "Project": "", "APM": 0, "APV": "", "Kosten": 262.52, "Opmerking": "", "Tekening": "onbekend", "OBJ_ID": "b736a363dee54c88a6d1df77bdfe0283", "OBJECTID": 153, "Shape_Length": 2.5284899597071284}}, {"type": "Feature", "id": 154, "geometry": {"type": "LineString", "coordinates": [[107940.93800000101, 458680.8770000003], [107940.46700000018, 458679.31700000167], [107939.55999999866, 458679.11499999836], [107935.1799999997, 458680.4230000004], [107934.375, 458680.67500000075]]}, "properties": {"Datum": "20190520", "Van_knpnr": "AO0675", "Naar_knpnr": "F07738", "Strengnr": 1, "Offset": 0, "Strengtype": "inzamelriool", "Afvoertype": "vuilwater gs", "Jaar": "0", "Jaar_recon": "0", "Materiaal": "pvc klasse 34 sn8", "Vorm": "rond", "Voeg": "mof-spie", "Grondslag": "onbekend", "Fundatie": "onbekend", "VanBobpeil": "", "NarBobpeil": "", "Straat": "\"steekterweg, alphen aan den rijn\"", "Straattype": "onbekend", "Verh_type": "onbekend", "Breedte": 125, "Hoogte": 125, "BodemBrdt": 4, "Lengte": 6.57000017, "Gebied": "steekterweg gs", "Inspectie": "", "JaarVerv": "0", "Beslismodl": "Geen beoordeling", "Beoordeeld": "0000", "Tactisch": 7, "Act_Direct": 0, "Act_In_5Y": 0, "Act_In_10Y": 0, "Geen_actie": 0, "Niet_beord": 6.57, "Operationl": 0, "Project": "", "APM": 0, "APV": "", "Kosten": 737.09, "Opmerking": "", "Tekening": "onbekend", "OBJ_ID": "75e0c52ae7ae408eb1dd9825d4a18a68", "OBJECTID": 154, "Shape_Length": 7.973429670605381}}, {"type": "Feature", "id": 155, "geometry": {"type": "LineString", "coordinates": [[107784.67199999839, 458737.98999999836], [107784.52100000158, 458737.4759999998]]}, "properties": {"Datum": "20190520", "Van_knpnr": "AO0677", "Naar_knpnr": "AP17511", "Strengnr": 1, "Offset": 0, "Strengtype": "inzamelriool", "Afvoertype": "vuilwater gs", "Jaar": "0", "Jaar_recon": "0", "Materiaal": "pvc klasse 34 sn8", "Vorm": "rond", "Voeg": "mof-spie", "Grondslag": "onbekend", "Fundatie": "onbekend", "VanBobpeil": "", "NarBobpeil": "", "Straat": "\"steekterweg, alphen aan den rijn\"", "Straattype": "onbekend", "Verh_type": "onbekend", "Breedte": 125, "Hoogte": 125, "BodemBrdt": 4, "Lengte": 0.540000021, "Gebied": "steekterweg gs", "Inspectie": "", "JaarVerv": "0", "Beslismodl": "Geen beoordeling", "Beoordeeld": "0000", "Tactisch": 7, "Act_Direct": 0, "Act_In_5Y": 0, "Act_In_10Y": 0, "Geen_actie": 0, "Niet_beord": 0.54, "Operationl": 0, "Project": "", "APM": 0, "APV": "", "Kosten": 60.58, "Opmerking": "", "Tekening": "onbekend", "OBJ_ID": "a66c81662b004348a6da9a4348c31ea3", "OBJECTID": 155, "Shape_Length": 0.5357210072102847}}, {"type": "Feature", "id": 156, "geometry": {"type": "LineString", "coordinates": [[107637.82400000095, 458800.7430000007], [107637.87700000033, 458800.9690000005], [107639.65799999982, 458801.5210000016]]}, "properties": {"Datum": "20190520", "Van_knpnr": "AO0680", "Naar_knpnr": "AI3902", "Strengnr": 1, "Offset": 0, "Strengtype": "huisaansluitleiding", "Afvoertype": "vuilwater gs", "Jaar": "0", "Jaar_recon": "0", "Materiaal": "pvc klasse 34 sn8", "Vorm": "rond", "Voeg": "mof-spie", "Grondslag": "onbekend", "Fundatie": "onbekend", "VanBobpeil": "", "NarBobpeil": "", "Straat": "\"steekterweg, alphen aan den rijn\"", "Straattype": "onbekend", "Verh_type": "onbekend", "Breedte": 160, "Hoogte": 160, "BodemBrdt": 5, "Lengte": 1.91999996, "Gebied": "steekterweg gs", "Inspectie": "", "JaarVerv": "0", "Beslismodl": "Geen beoordeling", "Beoordeeld": "0000", "Tactisch": 7, "Act_Direct": 0, "Act_In_5Y": 0, "Act_In_10Y": 0, "Geen_actie": 0, "Niet_beord": 1.92, "Operationl": 0, "Project": "", "APM": 0, "APV": "", "Kosten": 226.44, "Opmerking": "", "Tekening": "onbekend", "OBJ_ID": "64cf783080d34387aab5020b05b8d608", "OBJECTID": 156, "Shape_Length": 2.0967131503096827}}, {"type": "Feature", "id": 157, "geometry": {"type": "LineString", "coordinates": [[107810.85099999979, 458683.4519999996], [107809.625, 458683.81500000134]]}, "properties": {"Datum": "20190520", "Van_knpnr": "AO0682", "Naar_knpnr": "AP17506", "Strengnr": 1, "Offset": 0, "Strengtype": "inzamelriool", "Afvoertype": "vuilwater gs", "Jaar": "0", "Jaar_recon": "0", "Materiaal": "pvc klasse 34 sn8", "Vorm": "rond", "Voeg": "mof-spie", "Grondslag": "onbekend", "Fundatie": "onbekend", "VanBobpeil": "", "NarBobpeil": "", "Straat": "\"steekterweg, alphen aan den rijn\"", "Straattype": "onbekend", "Verh_type": "onbekend", "Breedte": 125, "Hoogte": 125, "BodemBrdt": 4, "Lengte": 1.27999997, "Gebied": "steekterweg gs", "Inspectie": "", "JaarVerv": "0", "Beslismodl": "Geen beoordeling", "Beoordeeld": "0000", "Tactisch": 7, "Act_Direct": 0, "Act_In_5Y": 0, "Act_In_10Y": 0, "Geen_actie": 0, "Niet_beord": 1.28, "Operationl": 0, "Project": "", "APM": 0, "APV": "", "Kosten": 143.6, "Opmerking": "", "Tekening": "onbekend", "OBJ_ID": "d60e49e4e5044f9a990d7ad8af953f17", "OBJECTID": 157, "Shape_Length": 1.2786105743208234}}, {"type": "Feature", "id": 158, "geometry": {"type": "LineString", "coordinates": [[107827.57999999821, 458729.22300000116], [107827.37900000066, 458728.36400000006]]}, "properties": {"Datum": "20190520", "Van_knpnr": "AO0683", "Naar_knpnr": "AP17505", "Strengnr": 1, "Offset": 0, "Strengtype": "inzamelriool", "Afvoertype": "vuilwater gs", "Jaar": "0", "Jaar_recon": "0", "Materiaal": "pvc klasse 34 sn8", "Vorm": "rond", "Voeg": "mof-spie", "Grondslag": "onbekend", "Fundatie": "onbekend", "VanBobpeil": "", "NarBobpeil": "", "Straat": "\"steekterweg, alphen aan den rijn\"", "Straattype": "onbekend", "Verh_type": "onbekend", "Breedte": 125, "Hoogte": 125, "BodemBrdt": 4, "Lengte": 0.879999995, "Gebied": "steekterweg gs", "Inspectie": "", "JaarVerv": "0", "Beslismodl": "Geen beoordeling", "Beoordeeld": "0000", "Tactisch": 7, "Act_Direct": 0, "Act_In_5Y": 0, "Act_In_10Y": 0, "Geen_actie": 0, "Niet_beord": 0.88, "Operationl": 0, "Project": "", "APM": 0, "APV": "", "Kosten": 98.73, "Opmerking": "", "Tekening": "onbekend", "OBJ_ID": "f2f5a587205f485dbcd166bf0354ef36", "OBJECTID": 158, "Shape_Length": 0.882202925018961}}, {"type": "Feature", "id": 159, "geometry": {"type": "LineString", "coordinates": [[107771.47199999914, 458641.8269999996], [107772.0390000008, 458641.6339999996]]}, "properties": {"Datum": "20190520", "Van_knpnr": "AO0684", "Naar_knpnr": "AP17507", "Strengnr": 1, "Offset": 0, "Strengtype": "inzamelriool", "Afvoertype": "vuilwater gs", "Jaar": "0", "Jaar_recon": "0", "Materiaal": "pvc klasse 34 sn8", "Vorm": "rond", "Voeg": "mof-spie", "Grondslag": "onbekend", "Fundatie": "onbekend", "VanBobpeil": "", "NarBobpeil": "", "Straat": "\"steekterweg, alphen aan den rijn\"", "Straattype": "onbekend", "Verh_type": "onbekend", "Breedte": 125, "Hoogte": 125, "BodemBrdt": 4, "Lengte": 0.639999986, "Gebied": "steekterweg gs", "Inspectie": "", "JaarVerv": "0", "Beslismodl": "Geen beoordeling", "Beoordeeld": "0000", "Tactisch": 7, "Act_Direct": 0, "Act_In_5Y": 0, "Act_In_10Y": 0, "Geen_actie": 0, "Niet_beord": 0.64, "Operationl": 0, "Project": "", "APM": 0, "APV": "", "Kosten": 71.8, "Opmerking": "", "Tekening": "onbekend", "OBJ_ID": "effb042586604d1fa18c81b0fb732f4a", "OBJECTID": 159, "Shape_Length": 0.59894741161563}}, {"type": "Feature", "id": 160, "geometry": {"type": "LineString", "coordinates": [[107743.60599999875, 458669.3449999988], [107743.66000000015, 458669.62000000104]]}, "properties": {"Datum": "20190520", "Van_knpnr": "AO0686", "Naar_knpnr": "AP17510", "Strengnr": 1, "Offset": 0, "Strengtype": "inzamelriool", "Afvoertype": "vuilwater gs", "Jaar": "0", "Jaar_recon": "0", "Materiaal": "pvc klasse 34 sn8", "Vorm": "rond", "Voeg": "mof-spie", "Grondslag": "onbekend", "Fundatie": "onbekend", "VanBobpeil": "", "NarBobpeil": "", "Straat": "\"steekterweg, alphen aan den rijn\"", "Straattype": "onbekend", "Verh_type": "onbekend", "Breedte": 125, "Hoogte": 125, "BodemBrdt": 4, "Lengte": 0.280000001, "Gebied": "steekterweg gs", "Inspectie": "", "JaarVerv": "0", "Beslismodl": "Geen beoordeling", "Beoordeeld": "0000", "Tactisch": 7, "Act_Direct": 0, "Act_In_5Y": 0, "Act_In_10Y": 0, "Geen_actie": 0, "Niet_beord": 0.28, "Operationl": 0, "Project": "", "APM": 0, "APV": "", "Kosten": 31.41, "Opmerking": "", "Tekening": "onbekend", "OBJ_ID": "169450caac864170a697008a57c8139d", "OBJECTID": 160, "Shape_Length": 0.28025167507192955}}, {"type": "Feature", "id": 161, "geometry": {"type": "LineString", "coordinates": [[107709.23200000077, 458704.2820000015], [107709.54399999976, 458704.1770000011]]}, "properties": {"Datum": "20190520", "Van_knpnr": "AO0687", "Naar_knpnr": "AP17512", "Strengnr": 1, "Offset": 0, "Strengtype": "inzamelriool", "Afvoertype": "vuilwater gs", "Jaar": "0", "Jaar_recon": "0", "Materiaal": "pvc klasse 34 sn8", "Vorm": "rond", "Voeg": "mof-spie", "Grondslag": "onbekend", "Fundatie": "onbekend", "VanBobpeil": "", "NarBobpeil": "", "Straat": "\"steekterweg, alphen aan den rijn\"", "Straattype": "onbekend", "Verh_type": "onbekend", "Breedte": 125, "Hoogte": 125, "BodemBrdt": 4, "Lengte": 0.330000013, "Gebied": "steekterweg gs", "Inspectie": "", "JaarVerv": "0", "Beslismodl": "Geen beoordeling", "Beoordeeld": "0000", "Tactisch": 7, "Act_Direct": 0, "Act_In_5Y": 0, "Act_In_10Y": 0, "Geen_actie": 0, "Niet_beord": 0.33, "Operationl": 0, "Project": "", "APM": 0, "APV": "", "Kosten": 37.02, "Opmerking": "", "Tekening": "onbekend", "OBJ_ID": "6a5db4db151a4bd291ec6e3f9f1bdf90", "OBJECTID": 161, "Shape_Length": 0.32919447058173873}}, {"type": "Feature", "id": 162, "geometry": {"type": "LineString", "coordinates": [[107469.31100000069, 458567.4910000004], [107463.75800000131, 458566.2320000008], [107454.53000000119, 458554.6000000015]]}, "properties": {"Datum": "20190520", "Van_knpnr": "AO0689", "Naar_knpnr": "AP17518", "Strengnr": 1, "Offset": 0, "Strengtype": "inzamelriool", "Afvoertype": "vuilwater gs", "Jaar": "0", "Jaar_recon": "0", "Materiaal": "pvc klasse 34 sn8", "Vorm": "rond", "Voeg": "mof-spie", "Grondslag": "onbekend", "Fundatie": "onbekend", "VanBobpeil": "", "NarBobpeil": "", "Straat": "\"goudse rijpad, alphen aan den rijn\"", "Straattype": "onbekend", "Verh_type": "onbekend", "Breedte": 125, "Hoogte": 125, "BodemBrdt": 4, "Lengte": 19.6100006, "Gebied": "steekterweg gs", "Inspectie": "", "JaarVerv": "0", "Beslismodl": "Geen beoordeling", "Beoordeeld": "0000", "Tactisch": 7, "Act_Direct": 0, "Act_In_5Y": 0, "Act_In_10Y": 0, "Geen_actie": 0, "Niet_beord": 19.61, "Operationl": 0, "Project": "", "APM": 0, "APV": "", "Kosten": 2200.05, "Opmerking": "", "Tekening": "onbekend", "OBJ_ID": "8a1cda67f4c545bea738d164e8738820", "OBJECTID": 162, "Shape_Length": 20.54181002916055}}, {"type": "Feature", "id": 163, "geometry": {"type": "LineString", "coordinates": [[107377.92300000042, 458581.1979999989], [107378.80999999866, 458582.33999999985]]}, "properties": {"Datum": "20190520", "Van_knpnr": "AO0690", "Naar_knpnr": "AP17517", "Strengnr": 1, "Offset": 0, "Strengtype": "inzamelriool", "Afvoertype": "vuilwater gs", "Jaar": "0", "Jaar_recon": "0", "Materiaal": "pvc klasse 34 sn8", "Vorm": "rond", "Voeg": "mof-spie", "Grondslag": "onbekend", "Fundatie": "onbekend", "VanBobpeil": "", "NarBobpeil": "", "Straat": "\"goudse rijpad, alphen aan den rijn\"", "Straattype": "onbekend", "Verh_type": "onbekend", "Breedte": 125, "Hoogte": 125, "BodemBrdt": 4, "Lengte": 1.45000005, "Gebied": "steekterweg gs", "Inspectie": "", "JaarVerv": "0", "Beslismodl": "Geen beoordeling", "Beoordeeld": "0000", "Tactisch": 7, "Act_Direct": 0, "Act_In_5Y": 0, "Act_In_10Y": 0, "Geen_actie": 0, "Niet_beord": 1.45, "Operationl": 0, "Project": "", "APM": 0, "APV": "", "Kosten": 162.68, "Opmerking": "", "Tekening": "onbekend", "OBJ_ID": "a8d270cd535f4271a8d393d29ea4f5b3", "OBJECTID": 163, "Shape_Length": 1.4460058779240261}}, {"type": "Feature", "id": 164, "geometry": {"type": "LineString", "coordinates": [[107552.20699999854, 458650.9140000008], [107552.35599999875, 458651.0309999995]]}, "properties": {"Datum": "20190520", "Van_knpnr": "AO0692", "Naar_knpnr": "AP17514", "Strengnr": 1, "Offset": 0, "Strengtype": "inzamelriool", "Afvoertype": "vuilwater gs", "Jaar": "0", "Jaar_recon": "0", "Materiaal": "pvc klasse 34 sn8", "Vorm": "rond", "Voeg": "mof-spie", "Grondslag": "onbekend", "Fundatie": "onbekend", "VanBobpeil": "", "NarBobpeil": "", "Straat": "\"goudse rijpad, alphen aan den rijn\"", "Straattype": "onbekend", "Verh_type": "onbekend", "Breedte": 125, "Hoogte": 125, "BodemBrdt": 4, "Lengte": 0.189999998, "Gebied": "steekterweg gs", "Inspectie": "", "JaarVerv": "0", "Beslismodl": "Geen beoordeling", "Beoordeeld": "0000", "Tactisch": 7, "Act_Direct": 0, "Act_In_5Y": 0, "Act_In_10Y": 0, "Geen_actie": 0, "Niet_beord": 0.19, "Operationl": 0, "Project": "", "APM": 0, "APV": "", "Kosten": 21.32, "Opmerking": "", "Tekening": "onbekend", "OBJ_ID": "ed0e3c8b198441898d7fbe5015188535", "OBJECTID": 164, "Shape_Length": 0.18944656174056823}}, {"type": "Feature", "id": 165, "geometry": {"type": "LineString", "coordinates": [[107569.53299999982, 458696.26300000027], [107570.05999999866, 458695.8200000003]]}, "properties": {"Datum": "20190520", "Van_knpnr": "AO0693", "Naar_knpnr": "AP17513", "Strengnr": 1, "Offset": 0, "Strengtype": "inzamelriool", "Afvoertype": "vuilwater gs", "Jaar": "0", "Jaar_recon": "0", "Materiaal": "pvc klasse 34 sn8", "Vorm": "rond", "Voeg": "mof-spie", "Grondslag": "onbekend", "Fundatie": "onbekend", "VanBobpeil": "", "NarBobpeil": "", "Straat": "\"goudse rijpad, alphen aan den rijn\"", "Straattype": "onbekend", "Verh_type": "onbekend", "Breedte": 125, "Hoogte": 125, "BodemBrdt": 4, "Lengte": 0.689999998, "Gebied": "steekterweg gs", "Inspectie": "", "JaarVerv": "0", "Beslismodl": "Geen beoordeling", "Beoordeeld": "0000", "Tactisch": 7, "Act_Direct": 0, "Act_In_5Y": 0, "Act_In_10Y": 0, "Geen_actie": 0, "Niet_beord": 0.69, "Operationl": 0, "Project": "", "APM": 0, "APV": "", "Kosten": 77.41, "Opmerking": "", "Tekening": "onbekend", "OBJ_ID": "71ae4a70c73d4600bc4e41f06a812d5b", "OBJECTID": 165, "Shape_Length": 0.6884606007234843}}, {"type": "Feature", "id": 166, "geometry": {"type": "LineString", "coordinates": [[107590.22500000149, 458736.3909999989], [107593.3049999997, 458734.0469999984], [107595.24399999902, 458734.1339999996], [107603.00800000131, 458743.6959999986]]}, "properties": {"Datum": "20190520", "Van_knpnr": "AO0694", "Naar_knpnr": "AI3905", "Strengnr": 1, "Offset": 0, "Strengtype": "huisaansluitleiding", "Afvoertype": "vuilwater gs", "Jaar": "0", "Jaar_recon": "0", "Materiaal": "pvc klasse 34 sn8", "Vorm": "rond", "Voeg": "mof-spie", "Grondslag": "onbekend", "Fundatie": "onbekend", "VanBobpeil": "", "NarBobpeil": "", "Straat": "\"goudse rijpad, alphen aan den rijn\"", "Straattype": "onbekend", "Verh_type": "onbekend", "Breedte": 160, "Hoogte": 160, "BodemBrdt": 5, "Lengte": 14.7200003, "Gebied": "steekterweg gs", "Inspectie": "", "JaarVerv": "0", "Beslismodl": "Geen beoordeling", "Beoordeeld": "0000", "Tactisch": 7, "Act_Direct": 0, "Act_In_5Y": 0, "Act_In_10Y": 0, "Geen_actie": 0, "Niet_beord": 14.72, "Operationl": 0, "Project": "", "APM": 0, "APV": "", "Kosten": 1736.08, "Opmerking": "", "Tekening": "INPA070748_001 REV TOTAA", "OBJ_ID": "ba25c3cafa7b4b27a286565818dc8d55", "OBJECTID": 166, "Shape_Length": 18.128570224940425}}, {"type": "Feature", "id": 167, "geometry": {"type": "LineString", "coordinates": [[107592.44399999827, 458751.3060000017], [107597.81799999997, 458746.9780000001], [107603.00800000131, 458743.6959999986]]}, "properties": {"Datum": "20190520", "Van_knpnr": "AO0695", "Naar_knpnr": "AI3905", "Strengnr": 1, "Offset": 0, "Strengtype": "huisaansluitleiding", "Afvoertype": "vuilwater gs", "Jaar": "0", "Jaar_recon": "0", "Materiaal": "pvc klasse 34 sn8", "Vorm": "rond", "Voeg": "mof-spie", "Grondslag": "onbekend", "Fundatie": "onbekend", "VanBobpeil": "", "NarBobpeil": "", "Straat": "\"goudse rijpad, alphen aan den rijn\"", "Straattype": "onbekend", "Verh_type": "onbekend", "Breedte": 160, "Hoogte": 160, "BodemBrdt": 5, "Lengte": 13.0200005, "Gebied": "steekterweg gs", "Inspectie": "", "JaarVerv": "0", "Beslismodl": "Geen beoordeling", "Beoordeeld": "0000", "Tactisch": 7, "Act_Direct": 0, "Act_In_5Y": 0, "Act_In_10Y": 0, "Geen_actie": 0, "Niet_beord": 13.02, "Operationl": 0, "Project": "", "APM": 0, "APV": "", "Kosten": 1535.58, "Opmerking": "", "Tekening": "INPA070748_001 REV TOTAA", "OBJ_ID": "716b3f31e3444f21b9769ad554fe2933", "OBJECTID": 167, "Shape_Length": 13.040759185999235}}, {"type": "Feature", "id": 168, "geometry": {"type": "LineString", "coordinates": [[107603.16200000048, 458771.6730000004], [107604.14999999851, 458772.9600000009]]}, "properties": {"Datum": "20190520", "Van_knpnr": "AO0696", "Naar_knpnr": "AP17519", "Strengnr": 1, "Offset": 0, "Strengtype": "inzamelriool", "Afvoertype": "vuilwater gs", "Jaar": "0", "Jaar_recon": "0", "Materiaal": "pvc klasse 34 sn8", "Vorm": "rond", "Voeg": "mof-spie", "Grondslag": "onbekend", "Fundatie": "onbekend", "VanBobpeil": "", "NarBobpeil": "", "Straat": "\"steekterweg, alphen aan den rijn\"", "Straattype": "onbekend", "Verh_type": "onbekend", "Breedte": 125, "Hoogte": 125, "BodemBrdt": 4, "Lengte": 1.62, "Gebied": "steekterweg gs", "Inspectie": "", "JaarVerv": "0", "Beslismodl": "Geen beoordeling", "Beoordeeld": "0000", "Tactisch": 7, "Act_Direct": 0, "Act_In_5Y": 0, "Act_In_10Y": 0, "Geen_actie": 0, "Niet_beord": 1.62, "Operationl": 0, "Project": "", "APM": 0, "APV": "", "Kosten": 181.75, "Opmerking": "", "Tekening": "INPA070748_001 REV TOTAA", "OBJ_ID": "b607bb4a586642efae7838025caa8501", "OBJECTID": 168, "Shape_Length": 1.6225020793024207}}, {"type": "Feature", "id": 169, "geometry": {"type": "LineString", "coordinates": [[107587.67700000107, 458830.73800000176], [107586.18400000036, 458831.81500000134], [107584.7659999989, 458831.2729999982]]}, "properties": {"Datum": "20190520", "Van_knpnr": "AO0697", "Naar_knpnr": "AI3906", "Strengnr": 1, "Offset": 0, "Strengtype": "inzamelriool", "Afvoertype": "vuilwater gs", "Jaar": "0", "Jaar_recon": "0", "Materiaal": "pvc klasse 34 sn8", "Vorm": "rond", "Voeg": "mof-spie", "Grondslag": "onbekend", "Fundatie": "onbekend", "VanBobpeil": "", "NarBobpeil": "", "Straat": "\"steekterweg, alphen aan den rijn\"", "Straattype": "onbekend", "Verh_type": "onbekend", "Breedte": 160, "Hoogte": 160, "BodemBrdt": 5, "Lengte": 2.96000004, "Gebied": "steekterweg gs", "Inspectie": "", "JaarVerv": "0", "Beslismodl": "Geen beoordeling", "Beoordeeld": "0000", "Tactisch": 7, "Act_Direct": 0, "Act_In_5Y": 0, "Act_In_10Y": 0, "Geen_actie": 0, "Niet_beord": 2.96, "Operationl": 0, "Project": "", "APM": 0, "APV": "", "Kosten": 349.1, "Opmerking": "", "Tekening": "onbekend", "OBJ_ID": "8a62af7b37ad477c9588e9de0df745de", "OBJECTID": 169, "Shape_Length": 3.358971726240383}}, {"type": "Feature", "id": 170, "geometry": {"type": "LineString", "coordinates": [[107576.39900000021, 458836.38500000164], [107577.10500000045, 458837.48600000143]]}, "properties": {"Datum": "20190520", "Van_knpnr": "AO0698", "Naar_knpnr": "A9960", "Strengnr": 1, "Offset": 0, "Strengtype": "inzamelriool", "Afvoertype": "vuilwater gs", "Jaar": "0", "Jaar_recon": "0", "Materiaal": "pvc klasse 34 sn8", "Vorm": "rond", "Voeg": "mof-spie", "Grondslag": "onbekend", "Fundatie": "onbekend", "VanBobpeil": "", "NarBobpeil": "", "Straat": "\"steekterweg, alphen aan den rijn\"", "Straattype": "onbekend", "Verh_type": "onbekend", "Breedte": 125, "Hoogte": 125, "BodemBrdt": 4, "Lengte": 1.30999994, "Gebied": "steekterweg gs", "Inspectie": "", "JaarVerv": "0", "Beslismodl": "Geen beoordeling", "Beoordeeld": "0000", "Tactisch": 7, "Act_Direct": 0, "Act_In_5Y": 0, "Act_In_10Y": 0, "Geen_actie": 0, "Niet_beord": 1.31, "Operationl": 0, "Project": "", "APM": 0, "APV": "", "Kosten": 146.97, "Opmerking": "", "Tekening": "onbekend", "OBJ_ID": "55f6976d6cb44538a8c5bd27e0fc0f49", "OBJECTID": 170, "Shape_Length": 1.3079132233742703}}, {"type": "Feature", "id": 171, "geometry": {"type": "LineString", "coordinates": [[107512.0549999997, 458853.97100000083], [107510.02199999988, 458850.27699999884], [107510.53799999878, 458848.73099999875], [107521.79199999943, 458841.96499999985]]}, "properties": {"Datum": "20190520", "Van_knpnr": "AO0700", "Naar_knpnr": "AP17523", "Strengnr": 1, "Offset": 0, "Strengtype": "inzamelriool", "Afvoertype": "vuilwater gs", "Jaar": "0", "Jaar_recon": "0", "Materiaal": "pvc klasse 34 sn8", "Vorm": "rond", "Voeg": "mof-spie", "Grondslag": "onbekend", "Fundatie": "onbekend", "VanBobpeil": "", "NarBobpeil": "", "Straat": "\"steekterweg, alphen aan den rijn\"", "Straattype": "onbekend", "Verh_type": "onbekend", "Breedte": 125, "Hoogte": 125, "BodemBrdt": 4, "Lengte": 15.46, "Gebied": "steekterweg gs", "Inspectie": "", "JaarVerv": "0", "Beslismodl": "Geen beoordeling", "Beoordeeld": "0000", "Tactisch": 7, "Act_Direct": 0, "Act_In_5Y": 0, "Act_In_10Y": 0, "Geen_actie": 0, "Niet_beord": 15.46, "Operationl": 0, "Project": "", "APM": 0, "APV": "", "Kosten": 1734.46, "Opmerking": "", "Tekening": "INPA070748_001 REV TOTAA", "OBJ_ID": "7d0e1004e4b84f928c25433037fa8464", "OBJECTID": 171, "Shape_Length": 18.97762941461017}}, {"type": "Feature", "id": 172, "geometry": {"type": "LineString", "coordinates": [[107546.6959999986, 458832.5159999989], [107544.3049999997, 458828.35599999875]]}, "properties": {"Datum": "20190520", "Van_knpnr": "AO0703", "Naar_knpnr": "A9962", "Strengnr": 1, "Offset": 0, "Strengtype": "huisaansluitleiding", "Afvoertype": "vuilwater gs", "Jaar": "0", "Jaar_recon": "0", "Materiaal": "pvc klasse 34 sn8", "Vorm": "rond", "Voeg": "mof-spie", "Grondslag": "onbekend", "Fundatie": "onbekend", "VanBobpeil": "", "NarBobpeil": "", "Straat": "\"steekterweg, alphen aan den rijn\"", "Straattype": "onbekend", "Verh_type": "onbekend", "Breedte": 125, "Hoogte": 125, "BodemBrdt": 4, "Lengte": 4.80000019, "Gebied": "steekterweg gs", "Inspectie": "", "JaarVerv": "0", "Beslismodl": "Geen beoordeling", "Beoordeeld": "0000", "Tactisch": 7, "Act_Direct": 0, "Act_In_5Y": 0, "Act_In_10Y": 0, "Geen_actie": 0, "Niet_beord": 4.8, "Operationl": 0, "Project": "", "APM": 0, "APV": "", "Kosten": 538.51, "Opmerking": "", "Tekening": "INPA070748_001 REV TOTAA", "OBJ_ID": "e638222cb74c4dfeadde9ab527c40e3c", "OBJECTID": 172, "Shape_Length": 4.798174756713925}}, {"type": "Feature", "id": 173, "geometry": {"type": "LineString", "coordinates": [[107482.05900000036, 458870.4549999982], [107480.89200000092, 458868.52899999917]]}, "properties": {"Datum": "20190520", "Van_knpnr": "AO0706", "Naar_knpnr": "AI3909", "Strengnr": 1, "Offset": 0, "Strengtype": "inzamelriool", "Afvoertype": "vuilwater gs", "Jaar": "0", "Jaar_recon": "0", "Materiaal": "pvc klasse 34 sn8", "Vorm": "rond", "Voeg": "mof-spie", "Grondslag": "onbekend", "Fundatie": "onbekend", "VanBobpeil": "", "NarBobpeil": "", "Straat": "\"steekterweg, alphen aan den rijn\"", "Straattype": "onbekend", "Verh_type": "onbekend", "Breedte": 125, "Hoogte": 125, "BodemBrdt": 4, "Lengte": 2.25, "Gebied": "steekterweg gs", "Inspectie": "", "JaarVerv": "0", "Beslismodl": "Geen beoordeling", "Beoordeeld": "0000", "Tactisch": 7, "Act_Direct": 0, "Act_In_5Y": 0, "Act_In_10Y": 0, "Geen_actie": 0, "Niet_beord": 2.25, "Operationl": 0, "Project": "", "APM": 0, "APV": "", "Kosten": 252.43, "Opmerking": "", "Tekening": "onbekend", "OBJ_ID": "42e18658613c4b0184ed404eb4cecddc", "OBJECTID": 173, "Shape_Length": 2.2519691372229844}}, {"type": "Feature", "id": 174, "geometry": {"type": "LineString", "coordinates": [[107473.29800000042, 458875.7529999986], [107471.21700000018, 458872.3139999993]]}, "properties": {"Datum": "20190520", "Van_knpnr": "AO0707", "Naar_knpnr": "AP17524", "Strengnr": 1, "Offset": 0, "Strengtype": "inzamelriool", "Afvoertype": "vuilwater gs", "Jaar": "0", "Jaar_recon": "0", "Materiaal": "pvc klasse 34 sn8", "Vorm": "rond", "Voeg": "mof-spie", "Grondslag": "onbekend", "Fundatie": "onbekend", "VanBobpeil": "", "NarBobpeil": "", "Straat": "\"steekterweg, alphen aan den rijn\"", "Straattype": "onbekend", "Verh_type": "onbekend", "Breedte": 160, "Hoogte": 160, "BodemBrdt": 5, "Lengte": 4.01999998, "Gebied": "steekterweg gs", "Inspectie": "", "JaarVerv": "0", "Beslismodl": "Geen beoordeling", "Beoordeeld": "0000", "Tactisch": 7, "Act_Direct": 0, "Act_In_5Y": 0, "Act_In_10Y": 0, "Geen_actie": 0, "Niet_beord": 4.02, "Operationl": 0, "Project": "", "APM": 0, "APV": "", "Kosten": 474.12, "Opmerking": "", "Tekening": "onbekend", "OBJ_ID": "e7bf65a28aa74326bbf5bd49b234b75c", "OBJECTID": 174, "Shape_Length": 4.019612169883775}}, {"type": "Feature", "id": 175, "geometry": {"type": "LineString", "coordinates": [[107465.00899999961, 458880.7899999991], [107463.12099999934, 458877.69900000095]]}, "properties": {"Datum": "20190520", "Van_knpnr": "AO0708", "Naar_knpnr": "AI3908", "Strengnr": 1, "Offset": 0, "Strengtype": "inzamelriool", "Afvoertype": "vuilwater gs", "Jaar": "0", "Jaar_recon": "0", "Materiaal": "pvc klasse 34 sn8", "Vorm": "rond", "Voeg": "mof-spie", "Grondslag": "onbekend", "Fundatie": "onbekend", "VanBobpeil": "", "NarBobpeil": "", "Straat": "\"steekterweg, alphen aan den rijn\"", "Straattype": "onbekend", "Verh_type": "onbekend", "Breedte": 160, "Hoogte": 160, "BodemBrdt": 5, "Lengte": 3.61999989, "Gebied": "steekterweg gs", "Inspectie": "", "JaarVerv": "0", "Beslismodl": "Geen beoordeling", "Beoordeeld": "0000", "Tactisch": 7, "Act_Direct": 0, "Act_In_5Y": 0, "Act_In_10Y": 0, "Geen_actie": 0, "Niet_beord": 3.62, "Operationl": 0, "Project": "", "APM": 0, "APV": "", "Kosten": 426.94, "Opmerking": "", "Tekening": "onbekend", "OBJ_ID": "51d2699fb0de43f1889ae49dd028e8d3", "OBJECTID": 175, "Shape_Length": 3.6219918538823426}}, {"type": "Feature", "id": 176, "geometry": {"type": "LineString", "coordinates": [[107448.73800000176, 458890.59600000083], [107447.1640000008, 458888.2100000009]]}, "properties": {"Datum": "20190520", "Van_knpnr": "AO0709", "Naar_knpnr": "A9963", "Strengnr": 1, "Offset": 0, "Strengtype": "inzamelriool", "Afvoertype": "vuilwater gs", "Jaar": "0", "Jaar_recon": "0", "Materiaal": "pvc klasse 34 sn8", "Vorm": "rond", "Voeg": "mof-spie", "Grondslag": "onbekend", "Fundatie": "onbekend", "VanBobpeil": "", "NarBobpeil": "", "Straat": "\"steekterweg, alphen aan den rijn\"", "Straattype": "onbekend", "Verh_type": "onbekend", "Breedte": 160, "Hoogte": 160, "BodemBrdt": 5, "Lengte": 2.8599999, "Gebied": "steekterweg gs", "Inspectie": "", "JaarVerv": "0", "Beslismodl": "Geen beoordeling", "Beoordeeld": "0000", "Tactisch": 7, "Act_Direct": 0, "Act_In_5Y": 0, "Act_In_10Y": 0, "Geen_actie": 0, "Niet_beord": 2.86, "Operationl": 0, "Project": "", "APM": 0, "APV": "", "Kosten": 337.31, "Opmerking": "", "Tekening": "onbekend", "OBJ_ID": "9348fec6e7e943948a78cc6c4c95984e", "OBJECTID": 176, "Shape_Length": 2.8584037508227795}}, {"type": "Feature", "id": 177, "geometry": {"type": "LineString", "coordinates": [[107437.76399999857, 458897.5689999983], [107436.1799999997, 458894.8920000009], [107447.1640000008, 458888.2100000009]]}, "properties": {"Datum": "20190520", "Van_knpnr": "AO0710", "Naar_knpnr": "A9963", "Strengnr": 1, "Offset": 0, "Strengtype": "inzamelriool", "Afvoertype": "vuilwater gs", "Jaar": "0", "Jaar_recon": "0", "Materiaal": "pvc klasse 34 sn8", "Vorm": "rond", "Voeg": "mof-spie", "Grondslag": "onbekend", "Fundatie": "onbekend", "VanBobpeil": "", "NarBobpeil": "", "Straat": "\"steekterweg, alphen aan den rijn\"", "Straattype": "onbekend", "Verh_type": "onbekend", "Breedte": 125, "Hoogte": 125, "BodemBrdt": 4, "Lengte": 13.2600002, "Gebied": "steekterweg gs", "Inspectie": "", "JaarVerv": "0", "Beslismodl": "Geen beoordeling", "Beoordeeld": "0000", "Tactisch": 7, "Act_Direct": 0, "Act_In_5Y": 0, "Act_In_10Y": 0, "Geen_actie": 0, "Niet_beord": 13.26, "Operationl": 0, "Project": "", "APM": 0, "APV": "", "Kosten": 1487.64, "Opmerking": "", "Tekening": "onbekend", "OBJ_ID": "f1f24773aede40d5bee027968d0fd0bc", "OBJECTID": 177, "Shape_Length": 15.96733095683107}}, {"type": "Feature", "id": 178, "geometry": {"type": "LineString", "coordinates": [[107296.14200000092, 458891.7270000018], [107297.63300000131, 458891.55999999866]]}, "properties": {"Datum": "20190520", "Van_knpnr": "AO0715", "Naar_knpnr": "AP17530", "Strengnr": 1, "Offset": 0, "Strengtype": "inzamelriool", "Afvoertype": "vuilwater gs", "Jaar": "0", "Jaar_recon": "0", "Materiaal": "pvc klasse 34 sn8", "Vorm": "rond", "Voeg": "mof-spie", "Grondslag": "onbekend", "Fundatie": "onbekend", "VanBobpeil": "", "NarBobpeil": "", "Straat": "\"steekterweg, alphen aan den rijn\"", "Straattype": "onbekend", "Verh_type": "onbekend", "Breedte": 125, "Hoogte": 125, "BodemBrdt": 4, "Lengte": 1.5, "Gebied": "steekterweg gs", "Inspectie": "", "JaarVerv": "0", "Beslismodl": "Geen beoordeling", "Beoordeeld": "0000", "Tactisch": 7, "Act_Direct": 0, "Act_In_5Y": 0, "Act_In_10Y": 0, "Geen_actie": 0, "Niet_beord": 1.5, "Operationl": 0, "Project": "", "APM": 0, "APV": "", "Kosten": 168.29, "Opmerking": "", "Tekening": "onbekend", "OBJ_ID": "381348fcbedc46d3b7915ac8fc2691e1", "OBJECTID": 178, "Shape_Length": 1.500323299229349}}, {"type": "Feature", "id": 179, "geometry": {"type": "LineString", "coordinates": [[107278.90199999884, 458967.38899999857], [107279.13199999928, 458967.2419999987]]}, "properties": {"Datum": "20190520", "Van_knpnr": "AO0718", "Naar_knpnr": "F07746", "Strengnr": 1, "Offset": 0, "Strengtype": "inzamelriool", "Afvoertype": "vuilwater gs", "Jaar": "0", "Jaar_recon": "0", "Materiaal": "pvc klasse 34 sn8", "Vorm": "rond", "Voeg": "mof-spie", "Grondslag": "onbekend", "Fundatie": "onbekend", "VanBobpeil": "", "NarBobpeil": "", "Straat": "\"steekterweg, alphen aan den rijn\"", "Straattype": "onbekend", "Verh_type": "onbekend", "Breedte": 125, "Hoogte": 125, "BodemBrdt": 4, "Lengte": 0.270000011, "Gebied": "steekterweg gs", "Inspectie": "", "JaarVerv": "0", "Beslismodl": "Geen beoordeling", "Beoordeeld": "0000", "Tactisch": 7, "Act_Direct": 0, "Act_In_5Y": 0, "Act_In_10Y": 0, "Geen_actie": 0, "Niet_beord": 0.27, "Operationl": 0, "Project": "", "APM": 0, "APV": "", "Kosten": 30.29, "Opmerking": "", "Tekening": "onbekend", "OBJ_ID": "ee0fa83cb9e8480e8274d2e09e94dbd8", "OBJECTID": 179, "Shape_Length": 0.2729633678180801}}, {"type": "Feature", "id": 180, "geometry": {"type": "LineString", "coordinates": [[107276.5700000003, 458959.5549999997], [107276.77199999988, 458959.4059999995]]}, "properties": {"Datum": "20190520", "Van_knpnr": "AO0719", "Naar_knpnr": "F07745", "Strengnr": 1, "Offset": 0, "Strengtype": "inzamelriool", "Afvoertype": "vuilwater gs", "Jaar": "0", "Jaar_recon": "0", "Materiaal": "pvc klasse 34 sn8", "Vorm": "rond", "Voeg": "mof-spie", "Grondslag": "onbekend", "Fundatie": "onbekend", "VanBobpeil": "", "NarBobpeil": "", "Straat": "\"steekterweg, alphen aan den rijn\"", "Straattype": "onbekend", "Verh_type": "onbekend", "Breedte": 125, "Hoogte": 125, "BodemBrdt": 4, "Lengte": 0.25, "Gebied": "steekterweg gs", "Inspectie": "", "JaarVerv": "0", "Beslismodl": "Geen beoordeling", "Beoordeeld": "0000", "Tactisch": 7, "Act_Direct": 0, "Act_In_5Y": 0, "Act_In_10Y": 0, "Geen_actie": 0, "Niet_beord": 0.25, "Operationl": 0, "Project": "", "APM": 0, "APV": "", "Kosten": 28.05, "Opmerking": "", "Tekening": "onbekend", "OBJ_ID": "dc8dc3c9f690478a80fda38eae801415", "OBJECTID": 180, "Shape_Length": 0.25100796778908374}}, {"type": "Feature", "id": 181, "geometry": {"type": "LineString", "coordinates": [[107276.07899999991, 458958.7509999983], [107276.31700000167, 458958.61400000006]]}, "properties": {"Datum": "20190520", "Van_knpnr": "AO0720", "Naar_knpnr": "F07744", "Strengnr": 1, "Offset": 0, "Strengtype": "inzamelriool", "Afvoertype": "vuilwater gs", "Jaar": "0", "Jaar_recon": "0", "Materiaal": "pvc klasse 34 sn8", "Vorm": "rond", "Voeg": "mof-spie", "Grondslag": "onbekend", "Fundatie": "onbekend", "VanBobpeil": "", "NarBobpeil": "", "Straat": "\"steekterweg, alphen aan den rijn\"", "Straattype": "onbekend", "Verh_type": "onbekend", "Breedte": 125, "Hoogte": 125, "BodemBrdt": 4, "Lengte": 0.270000011, "Gebied": "steekterweg gs", "Inspectie": "", "JaarVerv": "0", "Beslismodl": "Geen beoordeling", "Beoordeeld": "0000", "Tactisch": 7, "Act_Direct": 0, "Act_In_5Y": 0, "Act_In_10Y": 0, "Geen_actie": 0, "Niet_beord": 0.27, "Operationl": 0, "Project": "", "APM": 0, "APV": "", "Kosten": 30.29, "Opmerking": "", "Tekening": "onbekend", "OBJ_ID": "2df9d7eb571e4d11987f1bdddf289fef", "OBJECTID": 181, "Shape_Length": 0.27461427558519985}}, {"type": "Feature", "id": 182, "geometry": {"type": "LineString", "coordinates": [[107196.8599999994, 459028.8209999986], [107195.23999999836, 459028.69999999925]]}, "properties": {"Datum": "20190520", "Van_knpnr": "AO0726", "Naar_knpnr": "AP17536", "Strengnr": 1, "Offset": 0, "Strengtype": "inzamelriool", "Afvoertype": "vuilwater gs", "Jaar": "0", "Jaar_recon": "0", "Materiaal": "pvc klasse 34 sn8", "Vorm": "rond", "Voeg": "mof-spie", "Grondslag": "onbekend", "Fundatie": "onbekend", "VanBobpeil": "", "NarBobpeil": "", "Straat": "\"steekterweg, alphen aan den rijn\"", "Straattype": "onbekend", "Verh_type": "onbekend", "Breedte": 125, "Hoogte": 125, "BodemBrdt": 4, "Lengte": 1.62, "Gebied": "steekterweg gs", "Inspectie": "", "JaarVerv": "0", "Beslismodl": "Geen beoordeling", "Beoordeeld": "0000", "Tactisch": 7, "Act_Direct": 0, "Act_In_5Y": 0, "Act_In_10Y": 0, "Geen_actie": 0, "Niet_beord": 1.62, "Operationl": 0, "Project": "", "APM": 0, "APV": "", "Kosten": 181.75, "Opmerking": "", "Tekening": "onbekend", "OBJ_ID": "a6e98f85e53c4a4cac40fecff7166198", "OBJECTID": 182, "Shape_Length": 1.624512543263645}}, {"type": "Feature", "id": 183, "geometry": {"type": "LineString", "coordinates": [[107191.16000000015, 459032.69299999997], [107191.22300000116, 459032.96499999985]]}, "properties": {"Datum": "20190520", "Van_knpnr": "AO0727", "Naar_knpnr": "F07753", "Strengnr": 1, "Offset": 0, "Strengtype": "inzamelriool", "Afvoertype": "vuilwater gs", "Jaar": "0", "Jaar_recon": "0", "Materiaal": "pvc klasse 34 sn8", "Vorm": "rond", "Voeg": "mof-spie", "Grondslag": "onbekend", "Fundatie": "onbekend", "VanBobpeil": "", "NarBobpeil": "", "Straat": "\"steekterweg, alphen aan den rijn\"", "Straattype": "onbekend", "Verh_type": "onbekend", "Breedte": 160, "Hoogte": 160, "BodemBrdt": 5, "Lengte": 0.280000001, "Gebied": "steekterweg gs", "Inspectie": "", "JaarVerv": "0", "Beslismodl": "Geen beoordeling", "Beoordeeld": "0000", "Tactisch": 7, "Act_Direct": 0, "Act_In_5Y": 0, "Act_In_10Y": 0, "Geen_actie": 0, "Niet_beord": 0.28, "Operationl": 0, "Project": "", "APM": 0, "APV": "", "Kosten": 33.02, "Opmerking": "", "Tekening": "onbekend", "OBJ_ID": "6091e2040a8f48a99b59a04088f0d2b9", "OBJECTID": 183, "Shape_Length": 0.27920064481090173}}, {"type": "Feature", "id": 184, "geometry": {"type": "LineString", "coordinates": [[107185.81100000069, 459033.92500000075], [107185.84600000083, 459034.1099999994]]}, "properties": {"Datum": "20190520", "Van_knpnr": "AO0728", "Naar_knpnr": "F07752", "Strengnr": 1, "Offset": 0, "Strengtype": "inzamelriool", "Afvoertype": "vuilwater gs", "Jaar": "0", "Jaar_recon": "0", "Materiaal": "pvc klasse 34 sn8", "Vorm": "rond", "Voeg": "mof-spie", "Grondslag": "onbekend", "Fundatie": "onbekend", "VanBobpeil": "", "NarBobpeil": "", "Straat": "\"steekterweg, alphen aan den rijn\"", "Straattype": "onbekend", "Verh_type": "onbekend", "Breedte": 160, "Hoogte": 160, "BodemBrdt": 5, "Lengte": 0.189999998, "Gebied": "steekterweg gs", "Inspectie": "", "JaarVerv": "0", "Beslismodl": "Geen beoordeling", "Beoordeeld": "0000", "Tactisch": 7, "Act_Direct": 0, "Act_In_5Y": 0, "Act_In_10Y": 0, "Geen_actie": 0, "Niet_beord": 0.19, "Operationl": 0, "Project": "", "APM": 0, "APV": "", "Kosten": 22.41, "Opmerking": "", "Tekening": "onbekend", "OBJ_ID": "6e4d9f743a4d45bc83809f8669864bd1", "OBJECTID": 184, "Shape_Length": 0.18828170254759793}}, {"type": "Feature", "id": 185, "geometry": {"type": "LineString", "coordinates": [[106956.50699999928, 459040.5949999988], [106952.49799999967, 459040.6009999998], [106952.20800000057, 459040.29100000113]]}, "properties": {"Datum": "20190520", "Van_knpnr": "AO0736", "Naar_knpnr": "F07760", "Strengnr": 1, "Offset": 0, "Strengtype": "inzamelriool", "Afvoertype": "vuilwater gs", "Jaar": "0", "Jaar_recon": "0", "Materiaal": "pvc klasse 34 sn8", "Vorm": "rond", "Voeg": "mof-spie", "Grondslag": "onbekend", "Fundatie": "onbekend", "VanBobpeil": "", "NarBobpeil": "", "Straat": "\"steekterweg, alphen aan den rijn\"", "Straattype": "onbekend", "Verh_type": "onbekend", "Breedte": 160, "Hoogte": 160, "BodemBrdt": 5, "Lengte": 4.30999994, "Gebied": "steekterweg gs", "Inspectie": "", "JaarVerv": "0", "Beslismodl": "Geen beoordeling", "Beoordeeld": "0000", "Tactisch": 7, "Act_Direct": 0, "Act_In_5Y": 0, "Act_In_10Y": 0, "Geen_actie": 0, "Niet_beord": 4.31, "Operationl": 0, "Project": "", "APM": 0, "APV": "", "Kosten": 508.32, "Opmerking": "", "Tekening": "onbekend", "OBJ_ID": "fb79d439131546c285de99e4b6ce6494", "OBJECTID": 185, "Shape_Length": 4.43350419345492}}, {"type": "Feature", "id": 186, "geometry": {"type": "LineString", "coordinates": [[106904.16099999845, 459042.2879999988], [106904.10300000012, 459041.2729999982], [106904.85300000012, 459040.4510000013], [106905.63500000164, 459040.4299999997]]}, "properties": {"Datum": "20190520", "Van_knpnr": "AO0739", "Naar_knpnr": "F07763", "Strengnr": 1, "Offset": 0, "Strengtype": "inzamelriool", "Afvoertype": "vuilwater gs", "Jaar": "0", "Jaar_recon": "0", "Materiaal": "pvc klasse 34 sn8", "Vorm": "rond", "Voeg": "mof-spie", "Grondslag": "onbekend", "Fundatie": "onbekend", "VanBobpeil": "", "NarBobpeil": "", "Straat": "\"steekterweg, alphen aan den rijn\"", "Straattype": "onbekend", "Verh_type": "onbekend", "Breedte": 125, "Hoogte": 125, "BodemBrdt": 4, "Lengte": 2.33999991, "Gebied": "steekterweg gs", "Inspectie": "", "JaarVerv": "0", "Beslismodl": "Geen beoordeling", "Beoordeeld": "0000", "Tactisch": 7, "Act_Direct": 0, "Act_In_5Y": 0, "Act_In_10Y": 0, "Geen_actie": 0, "Niet_beord": 2.34, "Operationl": 0, "Project": "", "APM": 0, "APV": "", "Kosten": 262.52, "Opmerking": "", "Tekening": "onbekend", "OBJ_ID": "3841f3048fee49168f70934b86441a61", "OBJECTID": 186, "Shape_Length": 2.9116748762873166}}, {"type": "Feature", "id": 187, "geometry": {"type": "LineString", "coordinates": [[106905.70300000161, 459042.6339999996], [106905.63500000164, 459040.4299999997]]}, "properties": {"Datum": "20190520", "Van_knpnr": "AO0740", "Naar_knpnr": "F07763", "Strengnr": 1, "Offset": 0, "Strengtype": "inzamelriool", "Afvoertype": "vuilwater gs", "Jaar": "0", "Jaar_recon": "0", "Materiaal": "pvc klasse 34 sn8", "Vorm": "rond", "Voeg": "mof-spie", "Grondslag": "onbekend", "Fundatie": "onbekend", "VanBobpeil": "", "NarBobpeil": "", "Straat": "\"steekterweg, alphen aan den rijn\"", "Straattype": "onbekend", "Verh_type": "onbekend", "Breedte": 125, "Hoogte": 125, "BodemBrdt": 4, "Lengte": 2.1500001, "Gebied": "steekterweg gs", "Inspectie": "", "JaarVerv": "0", "Beslismodl": "Geen beoordeling", "Beoordeeld": "0000", "Tactisch": 7, "Act_Direct": 0, "Act_In_5Y": 0, "Act_In_10Y": 0, "Geen_actie": 0, "Niet_beord": 2.15, "Operationl": 0, "Project": "", "APM": 0, "APV": "", "Kosten": 241.21, "Opmerking": "", "Tekening": "onbekend", "OBJ_ID": "8eac0fad5d7a4782b73d696d8f1564f6", "OBJECTID": 187, "Shape_Length": 2.20504875220523}}, {"type": "Feature", "id": 188, "geometry": {"type": "LineString", "coordinates": [[106914.21599999815, 459042.22399999946], [106914.19000000134, 459040.25400000066]]}, "properties": {"Datum": "20190520", "Van_knpnr": "AO0741", "Naar_knpnr": "F07764", "Strengnr": 1, "Offset": 0, "Strengtype": "inzamelriool", "Afvoertype": "vuilwater gs", "Jaar": "0", "Jaar_recon": "0", "Materiaal": "pvc klasse 34 sn8", "Vorm": "rond", "Voeg": "mof-spie", "Grondslag": "onbekend", "Fundatie": "onbekend", "VanBobpeil": "", "NarBobpeil": "", "Straat": "\"steekterweg, alphen aan den rijn\"", "Straattype": "onbekend", "Verh_type": "onbekend", "Breedte": 125, "Hoogte": 125, "BodemBrdt": 4, "Lengte": 1.97000003, "Gebied": "steekterweg gs", "Inspectie": "", "JaarVerv": "0", "Beslismodl": "Geen beoordeling", "Beoordeeld": "0000", "Tactisch": 7, "Act_Direct": 0, "Act_In_5Y": 0, "Act_In_10Y": 0, "Geen_actie": 0, "Niet_beord": 1.97, "Operationl": 0, "Project": "", "APM": 0, "APV": "", "Kosten": 221.01, "Opmerking": "", "Tekening": "onbekend", "OBJ_ID": "f1b5a726440b44039912445c4ad00c94", "OBJECTID": 188, "Shape_Length": 1.9701715648991927}}, {"type": "Feature", "id": 189, "geometry": {"type": "LineString", "coordinates": [[106920.79399999976, 459042.4219999984], [106920.78799999878, 459040.8029999994], [106920.1409999989, 459040.1160000004], [106916.44299999997, 459040.1959999986]]}, "properties": {"Datum": "20190520", "Van_knpnr": "AO0742", "Naar_knpnr": "F07765", "Strengnr": 1, "Offset": 0, "Strengtype": "inzamelriool", "Afvoertype": "vuilwater gs", "Jaar": "0", "Jaar_recon": "0", "Materiaal": "pvc klasse 34 sn8", "Vorm": "rond", "Voeg": "mof-spie", "Grondslag": "onbekend", "Fundatie": "onbekend", "VanBobpeil": "", "NarBobpeil": "", "Straat": "\"steekterweg, alphen aan den rijn\"", "Straattype": "onbekend", "Verh_type": "onbekend", "Breedte": 125, "Hoogte": 125, "BodemBrdt": 4, "Lengte": 4.82999992, "Gebied": "steekterweg gs", "Inspectie": "", "JaarVerv": "0", "Beslismodl": "Geen beoordeling", "Beoordeeld": "0000", "Tactisch": 7, "Act_Direct": 0, "Act_In_5Y": 0, "Act_In_10Y": 0, "Geen_actie": 0, "Niet_beord": 4.83, "Operationl": 0, "Project": "", "APM": 0, "APV": "", "Kosten": 541.88, "Opmerking": "", "Tekening": "onbekend", "OBJ_ID": "2fdcb25d46424c3b8674f417482d5013", "OBJECTID": 189, "Shape_Length": 6.261580749289294}}, {"type": "Feature", "id": 190, "geometry": {"type": "LineString", "coordinates": [[106815.47500000149, 459044.7820000015], [106815.4059999995, 459042.15100000054], [106815.80600000173, 459041.5929999985]]}, "properties": {"Datum": "20190520", "Van_knpnr": "AO0745", "Naar_knpnr": "A10015", "Strengnr": 1, "Offset": 0, "Strengtype": "inzamelriool", "Afvoertype": "vuilwater gs", "Jaar": "0", "Jaar_recon": "0", "Materiaal": "pvc klasse 34 sn8", "Vorm": "rond", "Voeg": "mof-spie", "Grondslag": "onbekend", "Fundatie": "onbekend", "VanBobpeil": "", "NarBobpeil": "", "Straat": "\"steekterweg, alphen aan den rijn\"", "Straattype": "onbekend", "Verh_type": "onbekend", "Breedte": 125, "Hoogte": 125, "BodemBrdt": 4, "Lengte": 3.21000004, "Gebied": "steekterweg gs", "Inspectie": "", "JaarVerv": "0", "Beslismodl": "Geen beoordeling", "Beoordeeld": "0000", "Tactisch": 7, "Act_Direct": 0, "Act_In_5Y": 0, "Act_In_10Y": 0, "Geen_actie": 0, "Niet_beord": 3.21, "Operationl": 0, "Project": "", "APM": 0, "APV": "", "Kosten": 360.13, "Opmerking": "", "Tekening": "onbekend", "OBJ_ID": "4e3286994970422088c6079588c2af5a", "OBJECTID": 190, "Shape_Length": 3.3184641761086096}}, {"type": "Feature", "id": 191, "geometry": {"type": "LineString", "coordinates": [[106852.43400000036, 459046.44299999997], [106852.67599999905, 459046.4230000004]]}, "properties": {"Datum": "20190520", "Van_knpnr": "AO0746", "Naar_knpnr": "AO0747", "Strengnr": 1, "Offset": 0, "Strengtype": "inzamelriool", "Afvoertype": "vuilwater gs", "Jaar": "0", "Jaar_recon": "0", "Materiaal": "pvc klasse 34 sn8", "Vorm": "rond", "Voeg": "mof-spie", "Grondslag": "onbekend", "Fundatie": "onbekend", "VanBobpeil": "", "NarBobpeil": "", "Straat": "\"steekterweg, alphen aan den rijn\"", "Straattype": "onbekend", "Verh_type": "onbekend", "Breedte": 125, "Hoogte": 125, "BodemBrdt": 4, "Lengte": 0.239999995, "Gebied": "steekterweg gs", "Inspectie": "", "JaarVerv": "0", "Beslismodl": "Geen beoordeling", "Beoordeeld": "0000", "Tactisch": 7, "Act_Direct": 0, "Act_In_5Y": 0, "Act_In_10Y": 0, "Geen_actie": 0, "Niet_beord": 0.24, "Operationl": 0, "Project": "", "APM": 0, "APV": "", "Kosten": 26.93, "Opmerking": "", "Tekening": "onbekend", "OBJ_ID": "e048f737fe994a729106db9d6c95a593", "OBJECTID": 191, "Shape_Length": 0.2428250385513165}}, {"type": "Feature", "id": 192, "geometry": {"type": "LineString", "coordinates": [[106770.66000000015, 459046.8770000003], [106770.5390000008, 459043.68299999833], [106769.42199999839, 459042.59099999815], [106760.87799999863, 459042.73600000143]]}, "properties": {"Datum": "20190520", "Van_knpnr": "AO0752", "Naar_knpnr": "AP17549", "Strengnr": 1, "Offset": 0, "Strengtype": "inzamelriool", "Afvoertype": "vuilwater gs", "Jaar": "0", "Jaar_recon": "0", "Materiaal": "pvc klasse 34 sn8", "Vorm": "rond", "Voeg": "mof-spie", "Grondslag": "onbekend", "Fundatie": "onbekend", "VanBobpeil": "", "NarBobpeil": "", "Straat": "\"steekterweg, alphen aan den rijn\"", "Straattype": "onbekend", "Verh_type": "onbekend", "Breedte": 160, "Hoogte": 160, "BodemBrdt": 5, "Lengte": 10.6199999, "Gebied": "steekterweg gs", "Inspectie": "", "JaarVerv": "0", "Beslismodl": "Geen beoordeling", "Beoordeeld": "0000", "Tactisch": 7, "Act_Direct": 0, "Act_In_5Y": 0, "Act_In_10Y": 0, "Geen_actie": 0, "Niet_beord": 10.62, "Operationl": 0, "Project": "", "APM": 0, "APV": "", "Kosten": 1252.52, "Opmerking": "", "Tekening": "onbekend", "OBJ_ID": "6da44cb484b84dc690cb16bf72deca63", "OBJECTID": 192, "Shape_Length": 13.303620351099834}}, {"type": "Feature", "id": 193, "geometry": {"type": "LineString", "coordinates": [[106656.4609999992, 458947.38899999857], [106657.4600000009, 458948.1799999997]]}, "properties": {"Datum": "20190520", "Van_knpnr": "AO0753", "Naar_knpnr": "AP17552", "Strengnr": 1, "Offset": 0, "Strengtype": "inzamelriool", "Afvoertype": "vuilwater gs", "Jaar": "0", "Jaar_recon": "0", "Materiaal": "pvc klasse 34 sn8", "Vorm": "rond", "Voeg": "mof-spie", "Grondslag": "onbekend", "Fundatie": "onbekend", "VanBobpeil": "", "NarBobpeil": "", "Straat": "\"steekterweg, alphen aan den rijn\"", "Straattype": "onbekend", "Verh_type": "onbekend", "Breedte": 160, "Hoogte": 160, "BodemBrdt": 5, "Lengte": 1.26999998, "Gebied": "steekterweg gs", "Inspectie": "", "JaarVerv": "0", "Beslismodl": "Geen beoordeling", "Beoordeeld": "0000", "Tactisch": 7, "Act_Direct": 0, "Act_In_5Y": 0, "Act_In_10Y": 0, "Geen_actie": 0, "Niet_beord": 1.27, "Operationl": 0, "Project": "", "APM": 0, "APV": "", "Kosten": 149.78, "Opmerking": "", "Tekening": "onbekend", "OBJ_ID": "42f9b6405b9741669f71cd43411709c9", "OBJECTID": 193, "Shape_Length": 1.2742378134342363}}, {"type": "Feature", "id": 194, "geometry": {"type": "LineString", "coordinates": [[110143.6799999997, 457425.73999999836], [110173.17000000179, 457382.12000000104]]}, "properties": {"Datum": "20190520", "Van_knpnr": "AP12929", "Naar_knpnr": "ZM0128", "Strengnr": 2225939, "Offset": 0, "Strengtype": "inzamelriool", "Afvoertype": "vuilwater gs", "Jaar": "1986", "Jaar_recon": "1986", "Materiaal": "pvc klasse 34 sn8", "Vorm": "rond", "Voeg": "mof-spie", "Grondslag": "water", "Fundatie": "staal", "VanBobpeil": "-1.000", "NarBobpeil": "-1.000", "Straat": "\"akerboomseweg, zwammerdam\"", "Straattype": "onbekend", "Verh_type": "onbekend", "Breedte": 200, "Hoogte": 200, "BodemBrdt": 6, "Lengte": 52.6500015, "Gebied": "akerboomseweg gs", "Inspectie": "", "JaarVerv": "0", "Beslismodl": "Geen beoordeling", "Beoordeeld": "0000", "Tactisch": 7, "Act_Direct": 0, "Act_In_5Y": 0, "Act_In_10Y": 0, "Geen_actie": 0, "Niet_beord": 52.65, "Operationl": 0, "Project": "", "APM": 0, "APV": "", "Kosten": 6472.79, "Opmerking": "", "Tekening": "onbekend", "OBJ_ID": "f787e78b1faf4108899955f665d74573", "OBJECTID": 194, "Shape_Length": 52.653247762023625}}, {"type": "Feature", "id": 195, "geometry": {"type": "LineString", "coordinates": [[108707.3040000014, 458275.7809999995], [108707.8440000005, 458275.3900000006]]}, "properties": {"Datum": "20190520", "Van_knpnr": "AP17482", "Naar_knpnr": "AO0654", "Strengnr": 1, "Offset": 0, "Strengtype": "particulier riool", "Afvoertype": "vuilwater gs", "Jaar": "0", "Jaar_recon": "0", "Materiaal": "pvc klasse 34 sn8", "Vorm": "rond", "Voeg": "mof-spie", "Grondslag": "lichte klei", "Fundatie": "onbekend", "VanBobpeil": "", "NarBobpeil": "", "Straat": "\"steekterweg, alphen aan den rijn\"", "Straattype": "onbekend", "Verh_type": "onbekend", "Breedte": 125, "Hoogte": 125, "BodemBrdt": 4, "Lengte": 0.670000017, "Gebied": "steekterweg gs", "Inspectie": "", "JaarVerv": "0", "Beslismodl": "Geen beoordeling", "Beoordeeld": "0000", "Tactisch": 7, "Act_Direct": 0, "Act_In_5Y": 0, "Act_In_10Y": 0, "Geen_actie": 0, "Niet_beord": 0.67, "Operationl": 0, "Project": "", "APM": 0, "APV": "", "Kosten": 75.17, "Opmerking": "", "Tekening": "onbekend", "OBJ_ID": "f1f66629bc1c4611946009e2100ba19b", "OBJECTID": 195, "Shape_Length": 0.666694081398736}}, {"type": "Feature", "id": 196, "geometry": {"type": "LineString", "coordinates": [[108631.94000000134, 458292.9699999988], [108631.375, 458292.2129999995]]}, "properties": {"Datum": "20190520", "Van_knpnr": "AP17484", "Naar_knpnr": "AO0655", "Strengnr": 1, "Offset": 0, "Strengtype": "inzamelriool", "Afvoertype": "vuilwater gs", "Jaar": "0", "Jaar_recon": "0", "Materiaal": "pvc klasse 34 sn8", "Vorm": "rond", "Voeg": "mof-spie", "Grondslag": "lichte klei", "Fundatie": "onbekend", "VanBobpeil": "", "NarBobpeil": "", "Straat": "\"steekterweg, alphen aan den rijn\"", "Straattype": "onbekend", "Verh_type": "onbekend", "Breedte": 125, "Hoogte": 125, "BodemBrdt": 4, "Lengte": 1.96000004, "Gebied": "steekterweg gs", "Inspectie": "", "JaarVerv": "0", "Beslismodl": "Geen beoordeling", "Beoordeeld": "0000", "Tactisch": 7, "Act_Direct": 0, "Act_In_5Y": 0, "Act_In_10Y": 0, "Geen_actie": 0, "Niet_beord": 1.96, "Operationl": 0, "Project": "", "APM": 0, "APV": "", "Kosten": 219.89, "Opmerking": "", "Tekening": "onbekend", "OBJ_ID": "7fbaa0652c2e45b6a12a3a1b4f6c3840", "OBJECTID": 196, "Shape_Length": 0.9446025621564611}}, {"type": "Feature", "id": 197, "geometry": {"type": "LineString", "coordinates": [[108616.28000000119, 458316.66000000015], [108615.4459999986, 458315.561999999]]}, "properties": {"Datum": "20190520", "Van_knpnr": "AP17485", "Naar_knpnr": "AO0656", "Strengnr": 1, "Offset": 0, "Strengtype": "inzamelriool", "Afvoertype": "vuilwater gs", "Jaar": "0", "Jaar_recon": "0", "Materiaal": "pvc klasse 34 sn8", "Vorm": "rond", "Voeg": "mof-spie", "Grondslag": "lichte klei", "Fundatie": "onbekend", "VanBobpeil": "", "NarBobpeil": "", "Straat": "\"steekterweg, alphen aan den rijn\"", "Straattype": "onbekend", "Verh_type": "onbekend", "Breedte": 125, "Hoogte": 125, "BodemBrdt": 4, "Lengte": 1.38, "Gebied": "steekterweg gs", "Inspectie": "", "JaarVerv": "0", "Beslismodl": "Geen beoordeling", "Beoordeeld": "0000", "Tactisch": 7, "Act_Direct": 0, "Act_In_5Y": 0, "Act_In_10Y": 0, "Geen_actie": 0, "Niet_beord": 1.38, "Operationl": 0, "Project": "", "APM": 0, "APV": "", "Kosten": 154.82, "Opmerking": "", "Tekening": "onbekend", "OBJ_ID": "5b23eab312f942d6bb39c97df9e4d87a", "OBJECTID": 197, "Shape_Length": 1.3788255897237998}}, {"type": "Feature", "id": 198, "geometry": {"type": "LineString", "coordinates": [[108562.97800000012, 458373.0370000005], [108562.07600000128, 458371.6939999983]]}, "properties": {"Datum": "20190520", "Van_knpnr": "AP17486", "Naar_knpnr": "AO0658", "Strengnr": 1, "Offset": 0, "Strengtype": "inzamelriool", "Afvoertype": "vuilwater gs", "Jaar": "0", "Jaar_recon": "0", "Materiaal": "pvc klasse 34 sn8", "Vorm": "rond", "Voeg": "mof-spie", "Grondslag": "lichte klei", "Fundatie": "onbekend", "VanBobpeil": "", "NarBobpeil": "", "Straat": "\"steekterweg, alphen aan den rijn\"", "Straattype": "onbekend", "Verh_type": "onbekend", "Breedte": 125, "Hoogte": 125, "BodemBrdt": 4, "Lengte": 1.62, "Gebied": "steekterweg gs", "Inspectie": "", "JaarVerv": "0", "Beslismodl": "Geen beoordeling", "Beoordeeld": "0000", "Tactisch": 7, "Act_Direct": 0, "Act_In_5Y": 0, "Act_In_10Y": 0, "Geen_actie": 0, "Niet_beord": 1.62, "Operationl": 0, "Project": "", "APM": 0, "APV": "", "Kosten": 181.75, "Opmerking": "", "Tekening": "onbekend", "OBJ_ID": "420729ae215f43d6ac8130cfc362edf1", "OBJECTID": 198, "Shape_Length": 1.6177926331353027}}, {"type": "Feature", "id": 199, "geometry": {"type": "LineString", "coordinates": [[108470.80999999866, 458486.0799999982], [108473.4149999991, 458486.1079999991], [108479.30799999833, 458494.76000000164], [108481.76000000164, 458494.76000000164], [108490.4600000009, 458488.5069999993]]}, "properties": {"Datum": "20190520", "Van_knpnr": "AP17491", "Naar_knpnr": "A4276", "Strengnr": 1, "Offset": 0, "Strengtype": "inzamelriool", "Afvoertype": "vuilwater gs", "Jaar": "0", "Jaar_recon": "0", "Materiaal": "pvc klasse 34 sn8", "Vorm": "rond", "Voeg": "mof-spie", "Grondslag": "onbekend", "Fundatie": "onbekend", "VanBobpeil": "", "NarBobpeil": "", "Straat": "\"steekterweg, alphen aan den rijn\"", "Straattype": "onbekend", "Verh_type": "onbekend", "Breedte": 160, "Hoogte": 160, "BodemBrdt": 5, "Lengte": 19.7999992, "Gebied": "steekterweg gs", "Inspectie": "", "JaarVerv": "0", "Beslismodl": "Geen beoordeling", "Beoordeeld": "0000", "Tactisch": 7, "Act_Direct": 0, "Act_In_5Y": 0, "Act_In_10Y": 0, "Geen_actie": 0, "Niet_beord": 19.8, "Operationl": 0, "Project": "", "APM": 0, "APV": "", "Kosten": 2335.21, "Opmerking": "", "Tekening": "onbekend", "OBJ_ID": "e55db8c9b24543e08908e698341233ac", "OBJECTID": 199, "Shape_Length": 26.239424509206934}}, {"type": "Feature", "id": 200, "geometry": {"type": "LineString", "coordinates": [[108356.64900000021, 458482.756000001], [108355.90700000152, 458481.11400000006]]}, "properties": {"Datum": "20190520", "Van_knpnr": "AP17494", "Naar_knpnr": "AO0668", "Strengnr": 1, "Offset": 0, "Strengtype": "inzamelriool", "Afvoertype": "vuilwater gs", "Jaar": "0", "Jaar_recon": "0", "Materiaal": "pvc klasse 34 sn8", "Vorm": "rond", "Voeg": "mof-spie", "Grondslag": "onbekend", "Fundatie": "onbekend", "VanBobpeil": "", "NarBobpeil": "", "Straat": "\"steekterweg, alphen aan den rijn\"", "Straattype": "onbekend", "Verh_type": "onbekend", "Breedte": 125, "Hoogte": 125, "BodemBrdt": 4, "Lengte": 1.79999995, "Gebied": "steekterweg gs", "Inspectie": "", "JaarVerv": "0", "Beslismodl": "Geen beoordeling", "Beoordeeld": "0000", "Tactisch": 7, "Act_Direct": 0, "Act_In_5Y": 0, "Act_In_10Y": 0, "Geen_actie": 0, "Niet_beord": 1.8, "Operationl": 0, "Project": "", "APM": 0, "APV": "", "Kosten": 201.94, "Opmerking": "", "Tekening": "onbekend", "OBJ_ID": "908bdc8c69bd4a9b80ff78da5a3045d4", "OBJECTID": 200, "Shape_Length": 1.8018679199897043}}, {"type": "Feature", "id": 201, "geometry": {"type": "LineString", "coordinates": [[108238.22599999979, 458556.80900000036], [108237.90700000152, 458555.7870000005]]}, "properties": {"Datum": "20190520", "Van_knpnr": "AP17496", "Naar_knpnr": "AO0669", "Strengnr": 1, "Offset": 0, "Strengtype": "inzamelriool", "Afvoertype": "vuilwater gs", "Jaar": "0", "Jaar_recon": "0", "Materiaal": "pvc klasse 34 sn8", "Vorm": "rond", "Voeg": "mof-spie", "Grondslag": "onbekend", "Fundatie": "onbekend", "VanBobpeil": "", "NarBobpeil": "", "Straat": "\"steekterweg, alphen aan den rijn\"", "Straattype": "onbekend", "Verh_type": "onbekend", "Breedte": 125, "Hoogte": 125, "BodemBrdt": 4, "Lengte": 1.07000005, "Gebied": "steekterweg gs", "Inspectie": "", "JaarVerv": "0", "Beslismodl": "Geen beoordeling", "Beoordeeld": "0000", "Tactisch": 7, "Act_Direct": 0, "Act_In_5Y": 0, "Act_In_10Y": 0, "Geen_actie": 0, "Niet_beord": 1.07, "Operationl": 0, "Project": "", "APM": 0, "APV": "", "Kosten": 120.04, "Opmerking": "", "Tekening": "onbekend", "OBJ_ID": "114cde9269c1499890537f042235749f", "OBJECTID": 201, "Shape_Length": 1.070628319564512}}, {"type": "Feature", "id": 202, "geometry": {"type": "LineString", "coordinates": [[107998.78000000119, 458663.6499999985], [107997.6790000014, 458664.7039999999], [107992.26000000164, 458666.1730000004], [107991.98099999875, 458667.1169999987], [107994.53500000015, 458676.2679999992], [107995.35000000149, 458679.10599999875]]}, "properties": {"Datum": "20190520", "Van_knpnr": "AP17501", "Naar_knpnr": "AO0673", "Strengnr": 1, "Offset": 0, "Strengtype": "inzamelriool", "Afvoertype": "vuilwater gs", "Jaar": "0", "Jaar_recon": "0", "Materiaal": "pvc klasse 34 sn8", "Vorm": "rond", "Voeg": "mof-spie", "Grondslag": "onbekend", "Fundatie": "onbekend", "VanBobpeil": "", "NarBobpeil": "", "Straat": "\"steekterweg, alphen aan den rijn\"", "Straattype": "onbekend", "Verh_type": "onbekend", "Breedte": 160, "Hoogte": 160, "BodemBrdt": 5, "Lengte": 15.8299999, "Gebied": "steekterweg gs", "Inspectie": "", "JaarVerv": "0", "Beslismodl": "Geen beoordeling", "Beoordeeld": "0000", "Tactisch": 7, "Act_Direct": 0, "Act_In_5Y": 0, "Act_In_10Y": 0, "Geen_actie": 0, "Niet_beord": 15.83, "Operationl": 0, "Project": "", "APM": 0, "APV": "", "Kosten": 1866.99, "Opmerking": "", "Tekening": "onbekend", "OBJ_ID": "b693f9fcf9fc4dbab04371102ee95b25", "OBJECTID": 202, "Shape_Length": 20.57655226242155}}, {"type": "Feature", "id": 203, "geometry": {"type": "LineString", "coordinates": [[107875.30200000107, 458721.76099999994], [107875.43200000003, 458722.44999999925]]}, "properties": {"Datum": "20190520", "Van_knpnr": "AP17503", "Naar_knpnr": "AO0676", "Strengnr": 1, "Offset": 0, "Strengtype": "inzamelriool", "Afvoertype": "vuilwater gs", "Jaar": "0", "Jaar_recon": "0", "Materiaal": "pvc klasse 34 sn8", "Vorm": "rond", "Voeg": "mof-spie", "Grondslag": "onbekend", "Fundatie": "onbekend", "VanBobpeil": "", "NarBobpeil": "", "Straat": "\"steekterweg, alphen aan den rijn\"", "Straattype": "onbekend", "Verh_type": "onbekend", "Breedte": 125, "Hoogte": 125, "BodemBrdt": 4, "Lengte": 0.699999988, "Gebied": "steekterweg gs", "Inspectie": "", "JaarVerv": "0", "Beslismodl": "Geen beoordeling", "Beoordeeld": "0000", "Tactisch": 7, "Act_Direct": 0, "Act_In_5Y": 0, "Act_In_10Y": 0, "Geen_actie": 0, "Niet_beord": 0.7, "Operationl": 0, "Project": "", "APM": 0, "APV": "", "Kosten": 78.53, "Opmerking": "", "Tekening": "onbekend", "OBJ_ID": "bcc18a33253b4e1dab3db28d4e929d94", "OBJECTID": 203, "Shape_Length": 0.7011569002614494}}, {"type": "Feature", "id": 204, "geometry": {"type": "LineString", "coordinates": [[107867.58199999854, 458644.1079999991], [107867.23099999875, 458642.8599999994]]}, "properties": {"Datum": "20190520", "Van_knpnr": "AP17504", "Naar_knpnr": "AO0681", "Strengnr": 1, "Offset": 0, "Strengtype": "inzamelriool", "Afvoertype": "vuilwater gs", "Jaar": "0", "Jaar_recon": "0", "Materiaal": "pvc klasse 34 sn8", "Vorm": "rond", "Voeg": "mof-spie", "Grondslag": "onbekend", "Fundatie": "onbekend", "VanBobpeil": "", "NarBobpeil": "", "Straat": "\"steekterweg, alphen aan den rijn\"", "Straattype": "onbekend", "Verh_type": "onbekend", "Breedte": 125, "Hoogte": 125, "BodemBrdt": 4, "Lengte": 1.29999995, "Gebied": "steekterweg gs", "Inspectie": "", "JaarVerv": "0", "Beslismodl": "Geen beoordeling", "Beoordeeld": "0000", "Tactisch": 7, "Act_Direct": 0, "Act_In_5Y": 0, "Act_In_10Y": 0, "Geen_actie": 0, "Niet_beord": 1.3, "Operationl": 0, "Project": "", "APM": 0, "APV": "", "Kosten": 145.85, "Opmerking": "", "Tekening": "onbekend", "OBJ_ID": "664369099d2b42ada7c9b462ac44d641", "OBJECTID": 204, "Shape_Length": 1.2964200704383202}}, {"type": "Feature", "id": 205, "geometry": {"type": "LineString", "coordinates": [[107426.65199999884, 458625.8420000002], [107426.06500000134, 458625.68499999866]]}, "properties": {"Datum": "20190520", "Van_knpnr": "AP17516", "Naar_knpnr": "AO0691", "Strengnr": 1, "Offset": 0, "Strengtype": "inzamelriool", "Afvoertype": "vuilwater gs", "Jaar": "0", "Jaar_recon": "0", "Materiaal": "pvc klasse 34 sn8", "Vorm": "rond", "Voeg": "mof-spie", "Grondslag": "onbekend", "Fundatie": "onbekend", "VanBobpeil": "", "NarBobpeil": "", "Straat": "\"goudse rijpad, alphen aan den rijn\"", "Straattype": "onbekend", "Verh_type": "onbekend", "Breedte": 125, "Hoogte": 125, "BodemBrdt": 4, "Lengte": 0.639999986, "Gebied": "steekterweg gs", "Inspectie": "", "JaarVerv": "0", "Beslismodl": "Geen beoordeling", "Beoordeeld": "0000", "Tactisch": 7, "Act_Direct": 0, "Act_In_5Y": 0, "Act_In_10Y": 0, "Geen_actie": 0, "Niet_beord": 0.64, "Operationl": 0, "Project": "", "APM": 0, "APV": "", "Kosten": 71.8, "Opmerking": "", "Tekening": "onbekend", "OBJ_ID": "9b78379560ea40fa90ca4535348c43bf", "OBJECTID": 205, "Shape_Length": 0.6076331109627491}}, {"type": "Feature", "id": 206, "geometry": {"type": "LineString", "coordinates": [[107454.53000000119, 458554.6000000015], [107447.81500000134, 458544.4270000011]]}, "properties": {"Datum": "20190520", "Van_knpnr": "AP17518", "Naar_knpnr": "AO0688", "Strengnr": 1, "Offset": 0, "Strengtype": "inzamelriool", "Afvoertype": "vuilwater gs", "Jaar": "0", "Jaar_recon": "0", "Materiaal": "pvc klasse 34 sn8", "Vorm": "rond", "Voeg": "mof-spie", "Grondslag": "onbekend", "Fundatie": "onbekend", "VanBobpeil": "", "NarBobpeil": "", "Straat": "\"goudse rijpad, alphen aan den rijn\"", "Straattype": "onbekend", "Verh_type": "onbekend", "Breedte": 125, "Hoogte": 125, "BodemBrdt": 4, "Lengte": 12.1899996, "Gebied": "steekterweg gs", "Inspectie": "", "JaarVerv": "0", "Beslismodl": "Geen beoordeling", "Beoordeeld": "0000", "Tactisch": 7, "Act_Direct": 0, "Act_In_5Y": 0, "Act_In_10Y": 0, "Geen_actie": 0, "Niet_beord": 12.19, "Operationl": 0, "Project": "", "APM": 0, "APV": "", "Kosten": 1367.6, "Opmerking": "", "Tekening": "onbekend", "OBJ_ID": "ca388029b2954e19a97ca3fb969d262d", "OBJECTID": 206, "Shape_Length": 12.1893869413719}}, {"type": "Feature", "id": 207, "geometry": {"type": "LineString", "coordinates": [[107646.74700000137, 458789.2349999994], [107649.84899999946, 458798.8060000017]]}, "properties": {"Datum": "20190520", "Van_knpnr": "AP17520", "Naar_knpnr": "AI3904", "Strengnr": 1, "Offset": 0, "Strengtype": "inzamelriool", "Afvoertype": "vuilwater gs", "Jaar": "0", "Jaar_recon": "0", "Materiaal": "pvc klasse 34 sn8", "Vorm": "rond", "Voeg": "mof-spie", "Grondslag": "onbekend", "Fundatie": "onbekend", "VanBobpeil": "", "NarBobpeil": "", "Straat": "\"steekterweg, alphen aan den rijn\"", "Straattype": "onbekend", "Verh_type": "onbekend", "Breedte": 160, "Hoogte": 160, "BodemBrdt": 5, "Lengte": 10.0900002, "Gebied": "steekterweg gs", "Inspectie": "", "JaarVerv": "0", "Beslismodl": "Geen beoordeling", "Beoordeeld": "0000", "Tactisch": 7, "Act_Direct": 0, "Act_In_5Y": 0, "Act_In_10Y": 0, "Geen_actie": 0, "Niet_beord": 10.09, "Operationl": 0, "Project": "", "APM": 0, "APV": "", "Kosten": 1190.01, "Opmerking": "", "Tekening": "onbekend", "OBJ_ID": "1749bf841e5645f2aa15dd29d8226ed0", "OBJECTID": 207, "Shape_Length": 10.061135374929806}}, {"type": "Feature", "id": 208, "geometry": {"type": "LineString", "coordinates": [[107471.21700000018, 458872.3139999993], [107471.47899999842, 458872.16000000015], [107473.01300000027, 458871.2289999984], [107473.86100000143, 458870.69299999997], [107475.73600000143, 458869.5549999997], [107475.72500000149, 458869.56700000167]]}, "properties": {"Datum": "20190520", "Van_knpnr": "AP17524", "Naar_knpnr": "F07739", "Strengnr": 2226896, "Offset": 0, "Strengtype": "inzamelriool", "Afvoertype": "vuilwater gs", "Jaar": "0", "Jaar_recon": "0", "Materiaal": "pvc klasse 34 sn8", "Vorm": "rond", "Voeg": "mof-spie", "Grondslag": "onbekend", "Fundatie": "onbekend", "VanBobpeil": "", "NarBobpeil": "", "Straat": "\"steekterweg, alphen aan den rijn\"", "Straattype": "onbekend", "Verh_type": "onbekend", "Breedte": 160, "Hoogte": 160, "BodemBrdt": 5, "Lengte": 5.30999994, "Gebied": "steekterweg gs", "Inspectie": "", "JaarVerv": "0", "Beslismodl": "Geen beoordeling", "Beoordeeld": "0000", "Tactisch": 7, "Act_Direct": 0, "Act_In_5Y": 0, "Act_In_10Y": 0, "Geen_actie": 0, "Niet_beord": 5.31, "Operationl": 0, "Project": "", "APM": 0, "APV": "", "Kosten": 626.26, "Opmerking": "", "Tekening": "onbekend", "OBJ_ID": "ab6b5047350a41ac905dc710e379b814", "OBJECTID": 208, "Shape_Length": 5.311118050748289}}, {"type": "Feature", "id": 209, "geometry": {"type": "LineString", "coordinates": [[107418.00299999863, 458773.34899999946], [107418.96799999848, 458772.5489999987]]}, "properties": {"Datum": "20190520", "Van_knpnr": "AP17525", "Naar_knpnr": "AO0711", "Strengnr": 1, "Offset": 0, "Strengtype": "inzamelriool", "Afvoertype": "vuilwater gs", "Jaar": "0", "Jaar_recon": "0", "Materiaal": "pvc klasse 34 sn8", "Vorm": "rond", "Voeg": "mof-spie", "Grondslag": "onbekend", "Fundatie": "onbekend", "VanBobpeil": "", "NarBobpeil": "", "Straat": "\"steekterweg, alphen aan den rijn\"", "Straattype": "onbekend", "Verh_type": "onbekend", "Breedte": 160, "Hoogte": 160, "BodemBrdt": 5, "Lengte": 1.25, "Gebied": "steekterweg gs", "Inspectie": "", "JaarVerv": "0", "Beslismodl": "Geen beoordeling", "Beoordeeld": "0000", "Tactisch": 7, "Act_Direct": 0, "Act_In_5Y": 0, "Act_In_10Y": 0, "Geen_actie": 0, "Niet_beord": 1.25, "Operationl": 0, "Project": "", "APM": 0, "APV": "", "Kosten": 147.43, "Opmerking": "", "Tekening": "onbekend", "OBJ_ID": "39bd528525cb4ef4928af5ae66acbdb7", "OBJECTID": 209, "Shape_Length": 1.2534851418762412}}, {"type": "Feature", "id": 210, "geometry": {"type": "LineString", "coordinates": [[107371.78200000152, 458746.8520000018], [107372.55200000107, 458745.26399999857]]}, "properties": {"Datum": "20190520", "Van_knpnr": "AP17526", "Naar_knpnr": "AO0712", "Strengnr": 1, "Offset": 0, "Strengtype": "inzamelriool", "Afvoertype": "vuilwater gs", "Jaar": "0", "Jaar_recon": "0", "Materiaal": "pvc klasse 34 sn8", "Vorm": "rond", "Voeg": "mof-spie", "Grondslag": "onbekend", "Fundatie": "onbekend", "VanBobpeil": "", "NarBobpeil": "", "Straat": "\"steekterweg, alphen aan den rijn\"", "Straattype": "onbekend", "Verh_type": "onbekend", "Breedte": 160, "Hoogte": 160, "BodemBrdt": 5, "Lengte": 1.75999999, "Gebied": "steekterweg gs", "Inspectie": "", "JaarVerv": "0", "Beslismodl": "Geen beoordeling", "Beoordeeld": "0000", "Tactisch": 7, "Act_Direct": 0, "Act_In_5Y": 0, "Act_In_10Y": 0, "Geen_actie": 0, "Niet_beord": 1.76, "Operationl": 0, "Project": "", "APM": 0, "APV": "", "Kosten": 207.57, "Opmerking": "", "Tekening": "onbekend", "OBJ_ID": "8ff8feabfbe149078229d465605d840c", "OBJECTID": 210, "Shape_Length": 1.764835405817963}}, {"type": "Feature", "id": 211, "geometry": {"type": "LineString", "coordinates": [[107376.1400000006, 458898.08999999985], [107376.06899999827, 458896.61300000176]]}, "properties": {"Datum": "20190520", "Van_knpnr": "AP17529", "Naar_knpnr": "AO0713", "Strengnr": 1, "Offset": 0, "Strengtype": "inzamelriool", "Afvoertype": "vuilwater gs", "Jaar": "0", "Jaar_recon": "0", "Materiaal": "pvc klasse 34 sn8", "Vorm": "rond", "Voeg": "mof-spie", "Grondslag": "onbekend", "Fundatie": "onbekend", "VanBobpeil": "", "NarBobpeil": "", "Straat": "\"steekterweg, alphen aan den rijn\"", "Straattype": "onbekend", "Verh_type": "onbekend", "Breedte": 160, "Hoogte": 160, "BodemBrdt": 5, "Lengte": 1.48000002, "Gebied": "steekterweg gs", "Inspectie": "", "JaarVerv": "0", "Beslismodl": "Geen beoordeling", "Beoordeeld": "0000", "Tactisch": 7, "Act_Direct": 0, "Act_In_5Y": 0, "Act_In_10Y": 0, "Geen_actie": 0, "Niet_beord": 1.48, "Operationl": 0, "Project": "", "APM": 0, "APV": "", "Kosten": 174.55, "Opmerking": "", "Tekening": "onbekend", "OBJ_ID": "451e70ebe18c4b239574b140bc34e39c", "OBJECTID": 211, "Shape_Length": 1.4787055131755553}}, {"type": "Feature", "id": 212, "geometry": {"type": "LineString", "coordinates": [[107376.1400000006, 458898.08999999985], [107369.0399999991, 458904.625]]}, "properties": {"Datum": "20190520", "Van_knpnr": "AP17529", "Naar_knpnr": "AO0714", "Strengnr": 1, "Offset": 0, "Strengtype": "inzamelriool", "Afvoertype": "vuilwater gs", "Jaar": "0", "Jaar_recon": "0", "Materiaal": "pvc klasse 34 sn8", "Vorm": "rond", "Voeg": "mof-spie", "Grondslag": "onbekend", "Fundatie": "onbekend", "VanBobpeil": "", "NarBobpeil": "", "Straat": "\"steekterweg, alphen aan den rijn\"", "Straattype": "onbekend", "Verh_type": "onbekend", "Breedte": 160, "Hoogte": 160, "BodemBrdt": 5, "Lengte": 9.64999962, "Gebied": "steekterweg gs", "Inspectie": "", "JaarVerv": "0", "Beslismodl": "Geen beoordeling", "Beoordeeld": "0000", "Tactisch": 7, "Act_Direct": 0, "Act_In_5Y": 0, "Act_In_10Y": 0, "Geen_actie": 0, "Niet_beord": 9.65, "Operationl": 0, "Project": "", "APM": 0, "APV": "", "Kosten": 1138.12, "Opmerking": "", "Tekening": "onbekend", "OBJ_ID": "fec3020a13f94798b7197ecee9312557", "OBJECTID": 212, "Shape_Length": 9.649674866186281}}, {"type": "Feature", "id": 213, "geometry": {"type": "LineString", "coordinates": [[107280.85399999842, 458971.55000000075], [107280.26900000125, 458970.46499999985], [107280.51000000164, 458969.65300000086], [107279.13199999928, 458967.2419999987]]}, "properties": {"Datum": "20190520", "Van_knpnr": "AP17533", "Naar_knpnr": "F07746", "Strengnr": 1, "Offset": 0, "Strengtype": "inzamelriool", "Afvoertype": "vuilwater gs", "Jaar": "0", "Jaar_recon": "0", "Materiaal": "pvc klasse 34 sn8", "Vorm": "rond", "Voeg": "mof-spie", "Grondslag": "onbekend", "Fundatie": "onbekend", "VanBobpeil": "", "NarBobpeil": "", "Straat": "\"steekterweg, alphen aan den rijn\"", "Straattype": "onbekend", "Verh_type": "onbekend", "Breedte": 160, "Hoogte": 160, "BodemBrdt": 5, "Lengte": 4.63999987, "Gebied": "steekterweg gs", "Inspectie": "", "JaarVerv": "0", "Beslismodl": "Geen beoordeling", "Beoordeeld": "0000", "Tactisch": 7, "Act_Direct": 0, "Act_In_5Y": 0, "Act_In_10Y": 0, "Geen_actie": 0, "Niet_beord": 4.64, "Operationl": 0, "Project": "", "APM": 0, "APV": "", "Kosten": 547.24, "Opmerking": "", "Tekening": "onbekend", "OBJ_ID": "3cbb3f1242164074ac8e60cd646f7c2c", "OBJECTID": 213, "Shape_Length": 4.856682856443186}}, {"type": "Feature", "id": 214, "geometry": {"type": "LineString", "coordinates": [[107246.71700000018, 458985.0320000015], [107245.25699999928, 458981.2170000002]]}, "properties": {"Datum": "20190520", "Van_knpnr": "AP17534", "Naar_knpnr": "AO0722", "Strengnr": 1, "Offset": 0, "Strengtype": "inzamelriool", "Afvoertype": "vuilwater gs", "Jaar": "0", "Jaar_recon": "0", "Materiaal": "pvc klasse 34 sn8", "Vorm": "rond", "Voeg": "mof-spie", "Grondslag": "onbekend", "Fundatie": "onbekend", "VanBobpeil": "", "NarBobpeil": "", "Straat": "\"steekterweg, alphen aan den rijn\"", "Straattype": "onbekend", "Verh_type": "onbekend", "Breedte": 200, "Hoogte": 200, "BodemBrdt": 6, "Lengte": 4.07999992, "Gebied": "steekterweg gs", "Inspectie": "", "JaarVerv": "0", "Beslismodl": "Geen beoordeling", "Beoordeeld": "0000", "Tactisch": 7, "Act_Direct": 0, "Act_In_5Y": 0, "Act_In_10Y": 0, "Geen_actie": 0, "Niet_beord": 4.08, "Operationl": 0, "Project": "", "APM": 0, "APV": "", "Kosten": 447.25, "Opmerking": "", "Tekening": "onbekend", "OBJ_ID": "dcd5032fac3f4f08bc8518b5858f97f7", "OBJECTID": 214, "Shape_Length": 4.084828639348695}}, {"type": "Feature", "id": 215, "geometry": {"type": "LineString", "coordinates": [[107226.27299999818, 459011.5469999984], [107221.65300000086, 459013.09899999946], [107221.1240000017, 459014.0150000006], [107221.76799999923, 459016.2100000009]]}, "properties": {"Datum": "20190520", "Van_knpnr": "AP17535", "Naar_knpnr": "AO0723", "Strengnr": 1, "Offset": 0, "Strengtype": "inzamelriool", "Afvoertype": "vuilwater gs", "Jaar": "0", "Jaar_recon": "0", "Materiaal": "pvc klasse 34 sn8", "Vorm": "rond", "Voeg": "mof-spie", "Grondslag": "onbekend", "Fundatie": "onbekend", "VanBobpeil": "", "NarBobpeil": "", "Straat": "\"steekterweg, alphen aan den rijn\"", "Straattype": "onbekend", "Verh_type": "onbekend", "Breedte": 125, "Hoogte": 125, "BodemBrdt": 4, "Lengte": 6.48000002, "Gebied": "steekterweg gs", "Inspectie": "", "JaarVerv": "0", "Beslismodl": "Geen beoordeling", "Beoordeeld": "0000", "Tactisch": 7, "Act_Direct": 0, "Act_In_5Y": 0, "Act_In_10Y": 0, "Geen_actie": 0, "Niet_beord": 6.48, "Operationl": 0, "Project": "", "APM": 0, "APV": "", "Kosten": 726.99, "Opmerking": "", "Tekening": "onbekend", "OBJ_ID": "8af521904870443a9d131c4fe40e62c1", "OBJECTID": 215, "Shape_Length": 8.219017797235868}}, {"type": "Feature", "id": 216, "geometry": {"type": "LineString", "coordinates": [[107226.27299999818, 459011.5469999984], [107227.3909999989, 459015.0460000001], [107227.0009999983, 459015.15300000086]]}, "properties": {"Datum": "20190520", "Van_knpnr": "AP17535", "Naar_knpnr": "AO0724", "Strengnr": 1, "Offset": 0, "Strengtype": "inzamelriool", "Afvoertype": "vuilwater gs", "Jaar": "0", "Jaar_recon": "0", "Materiaal": "pvc klasse 34 sn8", "Vorm": "rond", "Voeg": "mof-spie", "Grondslag": "onbekend", "Fundatie": "onbekend", "VanBobpeil": "", "NarBobpeil": "", "Straat": "\"steekterweg, alphen aan den rijn\"", "Straattype": "onbekend", "Verh_type": "onbekend", "Breedte": 125, "Hoogte": 125, "BodemBrdt": 4, "Lengte": 3.68000007, "Gebied": "steekterweg gs", "Inspectie": "", "JaarVerv": "0", "Beslismodl": "Geen beoordeling", "Beoordeeld": "0000", "Tactisch": 7, "Act_Direct": 0, "Act_In_5Y": 0, "Act_In_10Y": 0, "Geen_actie": 0, "Niet_beord": 3.68, "Operationl": 0, "Project": "", "APM": 0, "APV": "", "Kosten": 412.86, "Opmerking": "", "Tekening": "onbekend", "OBJ_ID": "2d89444cb5714e169cfa78a752da3c30", "OBJECTID": 216, "Shape_Length": 4.077683623779491}}, {"type": "Feature", "id": 217, "geometry": {"type": "LineString", "coordinates": [[107195.23999999836, 459028.69999999925], [107195.72599999979, 459030.18400000036], [107193.58100000024, 459032.4629999995], [107191.22300000116, 459032.96499999985]]}, "properties": {"Datum": "20190520", "Van_knpnr": "AP17536", "Naar_knpnr": "F07753", "Strengnr": 1, "Offset": 0, "Strengtype": "inzamelriool", "Afvoertype": "vuilwater gs", "Jaar": "0", "Jaar_recon": "0", "Materiaal": "pvc klasse 34 sn8", "Vorm": "rond", "Voeg": "mof-spie", "Grondslag": "onbekend", "Fundatie": "onbekend", "VanBobpeil": "", "NarBobpeil": "", "Straat": "\"steekterweg, alphen aan den rijn\"", "Straattype": "onbekend", "Verh_type": "onbekend", "Breedte": 160, "Hoogte": 160, "BodemBrdt": 5, "Lengte": 5.86000013, "Gebied": "steekterweg gs", "Inspectie": "", "JaarVerv": "0", "Beslismodl": "Geen beoordeling", "Beoordeeld": "0000", "Tactisch": 7, "Act_Direct": 0, "Act_In_5Y": 0, "Act_In_10Y": 0, "Geen_actie": 0, "Niet_beord": 5.86, "Operationl": 0, "Project": "", "APM": 0, "APV": "", "Kosten": 691.13, "Opmerking": "", "Tekening": "onbekend", "OBJ_ID": "cf226c88a8f64587b001c98e39c59d44", "OBJECTID": 217, "Shape_Length": 7.102073252263034}}, {"type": "Feature", "id": 218, "geometry": {"type": "LineString", "coordinates": [[107180.71999999881, 458967.5], [107179.78799999878, 458967.2740000002]]}, "properties": {"Datum": "20190520", "Van_knpnr": "AP17537", "Naar_knpnr": "AO0725", "Strengnr": 1, "Offset": 0, "Strengtype": "particulier riool", "Afvoertype": "vuilwater gs", "Jaar": "0", "Jaar_recon": "0", "Materiaal": "pvc klasse 34 sn8", "Vorm": "rond", "Voeg": "mof-spie", "Grondslag": "onbekend", "Fundatie": "onbekend", "VanBobpeil": "", "NarBobpeil": "", "Straat": "\"steekterweg, alphen aan den rijn\"", "Straattype": "onbekend", "Verh_type": "onbekend", "Breedte": 125, "Hoogte": 125, "BodemBrdt": 4, "Lengte": 0.959999979, "Gebied": "steekterweg gs", "Inspectie": "", "JaarVerv": "0", "Beslismodl": "Geen beoordeling", "Beoordeeld": "0000", "Tactisch": 7, "Act_Direct": 0, "Act_In_5Y": 0, "Act_In_10Y": 0, "Geen_actie": 0, "Niet_beord": 0.96, "Operationl": 0, "Project": "", "APM": 0, "APV": "", "Kosten": 107.7, "Opmerking": "", "Tekening": "onbekend", "OBJ_ID": "abd39db01f0d4ee18e2b90313f095cda", "OBJECTID": 218, "Shape_Length": 0.9590099060808793}}, {"type": "Feature", "id": 219, "geometry": {"type": "LineString", "coordinates": [[107160.17000000179, 459027.8110000007], [107149.71299999952, 459029.7470000014]]}, "properties": {"Datum": "20190520", "Van_knpnr": "AP17538", "Naar_knpnr": "AO0731", "Strengnr": 1, "Offset": 0, "Strengtype": "inzamelriool", "Afvoertype": "vuilwater gs", "Jaar": "0", "Jaar_recon": "0", "Materiaal": "pvc klasse 34 sn8", "Vorm": "rond", "Voeg": "mof-spie", "Grondslag": "onbekend", "Fundatie": "onbekend", "VanBobpeil": "", "NarBobpeil": "", "Straat": "\"steekterweg, alphen aan den rijn\"", "Straattype": "onbekend", "Verh_type": "onbekend", "Breedte": 160, "Hoogte": 160, "BodemBrdt": 5, "Lengte": 10.6300001, "Gebied": "steekterweg gs", "Inspectie": "", "JaarVerv": "0", "Beslismodl": "Geen beoordeling", "Beoordeeld": "0000", "Tactisch": 7, "Act_Direct": 0, "Act_In_5Y": 0, "Act_In_10Y": 0, "Geen_actie": 0, "Niet_beord": 10.63, "Operationl": 0, "Project": "", "APM": 0, "APV": "", "Kosten": 1253.7, "Opmerking": "", "Tekening": "onbekend", "OBJ_ID": "8703ff9e8d0747c38dfc693055de59ee", "OBJECTID": 219, "Shape_Length": 10.634704746725403}}, {"type": "Feature", "id": 220, "geometry": {"type": "LineString", "coordinates": [[107089.9299999997, 458984.1400000006], [107088.87200000137, 458984.6790000014]]}, "properties": {"Datum": "20190520", "Van_knpnr": "AP17539", "Naar_knpnr": "AO0732", "Strengnr": 1, "Offset": 0, "Strengtype": "particulier riool", "Afvoertype": "vuilwater gs", "Jaar": "0", "Jaar_recon": "0", "Materiaal": "pvc klasse 34 sn8", "Vorm": "rond", "Voeg": "mof-spie", "Grondslag": "onbekend", "Fundatie": "onbekend", "VanBobpeil": "", "NarBobpeil": "", "Straat": "\"steekterweg, alphen aan den rijn\"", "Straattype": "onbekend", "Verh_type": "onbekend", "Breedte": 160, "Hoogte": 160, "BodemBrdt": 5, "Lengte": 1.19000006, "Gebied": "steekterweg gs", "Inspectie": "", "JaarVerv": "0", "Beslismodl": "Geen beoordeling", "Beoordeeld": "0000", "Tactisch": 7, "Act_Direct": 0, "Act_In_5Y": 0, "Act_In_10Y": 0, "Geen_actie": 0, "Niet_beord": 1.19, "Operationl": 0, "Project": "", "APM": 0, "APV": "", "Kosten": 140.35, "Opmerking": "", "Tekening": "onbekend", "OBJ_ID": "5103d3fe60dd4a8f9ea2a07abc44277d", "OBJECTID": 220, "Shape_Length": 1.187385782859122}}, {"type": "Feature", "id": 221, "geometry": {"type": "LineString", "coordinates": [[107107.19900000095, 459032.8520000018], [107108.22199999914, 459032.96499999985], [107116.07999999821, 459031.5920000002], [107116.71299999952, 459035.3680000007]]}, "properties": {"Datum": "20190520", "Van_knpnr": "AP17540", "Naar_knpnr": "AO0733", "Strengnr": 1, "Offset": 0, "Strengtype": "inzamelriool", "Afvoertype": "vuilwater gs", "Jaar": "0", "Jaar_recon": "0", "Materiaal": "pvc klasse 34 sn8", "Vorm": "rond", "Voeg": "mof-spie", "Grondslag": "onbekend", "Fundatie": "onbekend", "VanBobpeil": "", "NarBobpeil": "", "Straat": "\"steekterweg, alphen aan den rijn\"", "Straattype": "onbekend", "Verh_type": "onbekend", "Breedte": 160, "Hoogte": 160, "BodemBrdt": 5, "Lengte": 9.84000015, "Gebied": "steekterweg gs", "Inspectie": "", "JaarVerv": "0", "Beslismodl": "Geen beoordeling", "Beoordeeld": "0000", "Tactisch": 7, "Act_Direct": 0, "Act_In_5Y": 0, "Act_In_10Y": 0, "Geen_actie": 0, "Niet_beord": 9.84, "Operationl": 0, "Project": "", "APM": 0, "APV": "", "Kosten": 1160.53, "Opmerking": "", "Tekening": "onbekend", "OBJ_ID": "9bf501247d0744789a2832e732194977", "OBJECTID": 221, "Shape_Length": 12.834959645239298}}, {"type": "Feature", "id": 222, "geometry": {"type": "LineString", "coordinates": [[107044.87999999896, 459023.30999999866], [107044.83700000122, 459022.05900000036]]}, "properties": {"Datum": "20190520", "Van_knpnr": "AP17542", "Naar_knpnr": "AO0734", "Strengnr": 1, "Offset": 0, "Strengtype": "particulier riool", "Afvoertype": "vuilwater gs", "Jaar": "0", "Jaar_recon": "0", "Materiaal": "pvc klasse 34 sn8", "Vorm": "rond", "Voeg": "mof-spie", "Grondslag": "onbekend", "Fundatie": "onbekend", "VanBobpeil": "", "NarBobpeil": "", "Straat": "\"steekterweg, alphen aan den rijn\"", "Straattype": "onbekend", "Verh_type": "onbekend", "Breedte": 160, "Hoogte": 160, "BodemBrdt": 5, "Lengte": 1.25, "Gebied": "steekterweg gs", "Inspectie": "", "JaarVerv": "0", "Beslismodl": "Geen beoordeling", "Beoordeeld": "0000", "Tactisch": 7, "Act_Direct": 0, "Act_In_5Y": 0, "Act_In_10Y": 0, "Geen_actie": 0, "Niet_beord": 1.25, "Operationl": 0, "Project": "", "APM": 0, "APV": "", "Kosten": 147.43, "Opmerking": "", "Tekening": "onbekend", "OBJ_ID": "ef891680d67c4b41a5020f2419fc473d", "OBJECTID": 222, "Shape_Length": 1.2517387888673035}}, {"type": "Feature", "id": 223, "geometry": {"type": "LineString", "coordinates": [[106916.58700000122, 459039.1479999982], [106916.44299999997, 459040.1959999986]]}, "properties": {"Datum": "20190520", "Van_knpnr": "AP17545", "Naar_knpnr": "F07765", "Strengnr": 1, "Offset": 0, "Strengtype": "inzamelriool", "Afvoertype": "vuilwater gs", "Jaar": "0", "Jaar_recon": "0", "Materiaal": "pvc klasse 34 sn8", "Vorm": "rond", "Voeg": "mof-spie", "Grondslag": "onbekend", "Fundatie": "onbekend", "VanBobpeil": "", "NarBobpeil": "", "Straat": "\"steekterweg, alphen aan den rijn\"", "Straattype": "onbekend", "Verh_type": "onbekend", "Breedte": 160, "Hoogte": 160, "BodemBrdt": 5, "Lengte": 1.05999994, "Gebied": "steekterweg gs", "Inspectie": "", "JaarVerv": "0", "Beslismodl": "Geen beoordeling", "Beoordeeld": "0000", "Tactisch": 7, "Act_Direct": 0, "Act_In_5Y": 0, "Act_In_10Y": 0, "Geen_actie": 0, "Niet_beord": 1.06, "Operationl": 0, "Project": "", "APM": 0, "APV": "", "Kosten": 125.02, "Opmerking": "", "Tekening": "onbekend", "OBJ_ID": "f3bb57ca753f4437a8e2bbe65f99bb14", "OBJECTID": 223, "Shape_Length": 1.057846870409422}}, {"type": "Feature", "id": 224, "geometry": {"type": "LineString", "coordinates": [[106900.16000000015, 459015.76000000164], [106900.11600000039, 459014.8269999996]]}, "properties": {"Datum": "20190520", "Van_knpnr": "AP17546", "Naar_knpnr": "AO0749", "Strengnr": 1, "Offset": 0, "Strengtype": "particulier riool", "Afvoertype": "vuilwater gs", "Jaar": "0", "Jaar_recon": "0", "Materiaal": "pvc klasse 34 sn8", "Vorm": "rond", "Voeg": "mof-spie", "Grondslag": "onbekend", "Fundatie": "onbekend", "VanBobpeil": "", "NarBobpeil": "", "Straat": "\"steekterweg, alphen aan den rijn\"", "Straattype": "onbekend", "Verh_type": "onbekend", "Breedte": 125, "Hoogte": 125, "BodemBrdt": 4, "Lengte": 0.930000007, "Gebied": "steekterweg gs", "Inspectie": "", "JaarVerv": "0", "Beslismodl": "Geen beoordeling", "Beoordeeld": "0000", "Tactisch": 7, "Act_Direct": 0, "Act_In_5Y": 0, "Act_In_10Y": 0, "Geen_actie": 0, "Niet_beord": 0.93, "Operationl": 0, "Project": "", "APM": 0, "APV": "", "Kosten": 104.34, "Opmerking": "", "Tekening": "onbekend", "OBJ_ID": "08782d0afe72441fa151badf28cd691f", "OBJECTID": 224, "Shape_Length": 0.9340369392139625}}, {"type": "Feature", "id": 225, "geometry": {"type": "LineString", "coordinates": [[106879.69099999964, 459039.6279999986], [106883.99300000072, 459039.8060000017]]}, "properties": {"Datum": "20190520", "Van_knpnr": "AP17547", "Naar_knpnr": "F07766", "Strengnr": 1, "Offset": 0, "Strengtype": "inzamelriool", "Afvoertype": "vuilwater gs", "Jaar": "0", "Jaar_recon": "0", "Materiaal": "pvc klasse 34 sn8", "Vorm": "rond", "Voeg": "mof-spie", "Grondslag": "onbekend", "Fundatie": "onbekend", "VanBobpeil": "", "NarBobpeil": "", "Straat": "\"steekterweg, alphen aan den rijn\"", "Straattype": "onbekend", "Verh_type": "onbekend", "Breedte": 160, "Hoogte": 160, "BodemBrdt": 5, "Lengte": 4.30999994, "Gebied": "steekterweg gs", "Inspectie": "", "JaarVerv": "0", "Beslismodl": "Geen beoordeling", "Beoordeeld": "0000", "Tactisch": 7, "Act_Direct": 0, "Act_In_5Y": 0, "Act_In_10Y": 0, "Geen_actie": 0, "Niet_beord": 4.31, "Operationl": 0, "Project": "", "APM": 0, "APV": "", "Kosten": 508.32, "Opmerking": "", "Tekening": "onbekend", "OBJ_ID": "4914e4a115c8498a9161f9f39b6f6d2d", "OBJECTID": 225, "Shape_Length": 4.3056808997340354}}, {"type": "Feature", "id": 226, "geometry": {"type": "LineString", "coordinates": [[106864.81300000101, 459007.61300000176], [106865.87200000137, 459007.54300000146]]}, "properties": {"Datum": "20190520", "Van_knpnr": "AP17548", "Naar_knpnr": "AO0750", "Strengnr": 1, "Offset": 0, "Strengtype": "particulier riool", "Afvoertype": "vuilwater gs", "Jaar": "0", "Jaar_recon": "0", "Materiaal": "pvc klasse 34 sn8", "Vorm": "rond", "Voeg": "mof-spie", "Grondslag": "onbekend", "Fundatie": "onbekend", "VanBobpeil": "", "NarBobpeil": "", "Straat": "\"steekterweg, alphen aan den rijn\"", "Straattype": "onbekend", "Verh_type": "onbekend", "Breedte": 125, "Hoogte": 125, "BodemBrdt": 4, "Lengte": 1.05999994, "Gebied": "steekterweg gs", "Inspectie": "", "JaarVerv": "0", "Beslismodl": "Geen beoordeling", "Beoordeeld": "0000", "Tactisch": 7, "Act_Direct": 0, "Act_In_5Y": 0, "Act_In_10Y": 0, "Geen_actie": 0, "Niet_beord": 1.06, "Operationl": 0, "Project": "", "APM": 0, "APV": "", "Kosten": 118.92, "Opmerking": "", "Tekening": "onbekend", "OBJ_ID": "0738a10127a44759a5fa4d1430f95149", "OBJECTID": 226, "Shape_Length": 1.0613109821344444}}, {"type": "Feature", "id": 227, "geometry": {"type": "LineString", "coordinates": [[106602.69999999925, 459043.23999999836], [106602.75299999863, 459046.8379999995]]}, "properties": {"Datum": "20190520", "Van_knpnr": "AP17551", "Naar_knpnr": "AO0751", "Strengnr": 1, "Offset": 0, "Strengtype": "inzamelriool", "Afvoertype": "vuilwater gs", "Jaar": "0", "Jaar_recon": "0", "Materiaal": "pvc klasse 34 sn8", "Vorm": "rond", "Voeg": "mof-spie", "Grondslag": "onbekend", "Fundatie": "onbekend", "VanBobpeil": "", "NarBobpeil": "", "Straat": "\"steekterweg, alphen aan den rijn\"", "Straattype": "onbekend", "Verh_type": "onbekend", "Breedte": 160, "Hoogte": 160, "BodemBrdt": 5, "Lengte": 3.5999999, "Gebied": "steekterweg gs", "Inspectie": "", "JaarVerv": "0", "Beslismodl": "Geen beoordeling", "Beoordeeld": "0000", "Tactisch": 7, "Act_Direct": 0, "Act_In_5Y": 0, "Act_In_10Y": 0, "Geen_actie": 0, "Niet_beord": 3.6, "Operationl": 0, "Project": "", "APM": 0, "APV": "", "Kosten": 424.58, "Opmerking": "", "Tekening": "onbekend", "OBJ_ID": "7e0fdfeb2444455b848b84a4f105e497", "OBJECTID": 227, "Shape_Length": 3.598390335733118}}, {"type": "Feature", "id": 228, "geometry": {"type": "LineString", "coordinates": [[106657.4600000009, 458948.1799999997], [106658.4609999992, 458947.3500000015]]}, "properties": {"Datum": "20190520", "Van_knpnr": "AP17552", "Naar_knpnr": "AO0754", "Strengnr": 1, "Offset": 0, "Strengtype": "inzamelriool", "Afvoertype": "vuilwater gs", "Jaar": "0", "Jaar_recon": "0", "Materiaal": "pvc klasse 34 sn8", "Vorm": "rond", "Voeg": "mof-spie", "Grondslag": "onbekend", "Fundatie": "onbekend", "VanBobpeil": "", "NarBobpeil": "", "Straat": "\"steekterweg, alphen aan den rijn\"", "Straattype": "onbekend", "Verh_type": "onbekend", "Breedte": 160, "Hoogte": 160, "BodemBrdt": 5, "Lengte": 1.29999995, "Gebied": "steekterweg gs", "Inspectie": "", "JaarVerv": "0", "Beslismodl": "Geen beoordeling", "Beoordeeld": "0000", "Tactisch": 7, "Act_Direct": 0, "Act_In_5Y": 0, "Act_In_10Y": 0, "Geen_actie": 0, "Niet_beord": 1.3, "Operationl": 0, "Project": "", "APM": 0, "APV": "", "Kosten": 153.32, "Opmerking": "", "Tekening": "onbekend", "OBJ_ID": "f407a9915f5049c5abc1f5e312dcd959", "OBJECTID": 228, "Shape_Length": 1.3003464898367767}}, {"type": "Feature", "id": 229, "geometry": {"type": "LineString", "coordinates": [[106525.5700000003, 458912.3299999982], [106525.88800000027, 458912.875]]}, "properties": {"Datum": "20190520", "Van_knpnr": "AP17553", "Naar_knpnr": "AO0756", "Strengnr": 1, "Offset": 0, "Strengtype": "inzamelriool", "Afvoertype": "vuilwater gs", "Jaar": "0", "Jaar_recon": "0", "Materiaal": "pvc klasse 34 sn8", "Vorm": "rond", "Voeg": "mof-spie", "Grondslag": "onbekend", "Fundatie": "onbekend", "VanBobpeil": "", "NarBobpeil": "", "Straat": "\"steekterweg, alphen aan den rijn\"", "Straattype": "onbekend", "Verh_type": "onbekend", "Breedte": 160, "Hoogte": 160, "BodemBrdt": 5, "Lengte": 0.629999995, "Gebied": "steekterweg gs", "Inspectie": "", "JaarVerv": "0", "Beslismodl": "Geen beoordeling", "Beoordeeld": "0000", "Tactisch": 7, "Act_Direct": 0, "Act_In_5Y": 0, "Act_In_10Y": 0, "Geen_actie": 0, "Niet_beord": 0.63, "Operationl": 0, "Project": "", "APM": 0, "APV": "", "Kosten": 74.3, "Opmerking": "", "Tekening": "onbekend", "OBJ_ID": "b06dad2a237c42018d8182f1412d8f87", "OBJECTID": 229, "Shape_Length": 0.6309904927414657}}, {"type": "Feature", "id": 230, "geometry": {"type": "LineString", "coordinates": [[106493.32699999958, 458986.8729999997], [106493.31599999964, 458985.5450000018]]}, "properties": {"Datum": "20190520", "Van_knpnr": "AP17554", "Naar_knpnr": "AO0755", "Strengnr": 1, "Offset": 0, "Strengtype": "inzamelriool", "Afvoertype": "vuilwater gs", "Jaar": "0", "Jaar_recon": "0", "Materiaal": "pvc klasse 34 sn8", "Vorm": "rond", "Voeg": "mof-spie", "Grondslag": "onbekend", "Fundatie": "onbekend", "VanBobpeil": "", "NarBobpeil": "", "Straat": "\"steekterweg, alphen aan den rijn\"", "Straattype": "onbekend", "Verh_type": "onbekend", "Breedte": 160, "Hoogte": 160, "BodemBrdt": 5, "Lengte": 1.33000004, "Gebied": "steekterweg gs", "Inspectie": "", "JaarVerv": "0", "Beslismodl": "Geen beoordeling", "Beoordeeld": "0000", "Tactisch": 7, "Act_Direct": 0, "Act_In_5Y": 0, "Act_In_10Y": 0, "Geen_actie": 0, "Niet_beord": 1.33, "Operationl": 0, "Project": "", "APM": 0, "APV": "", "Kosten": 156.86, "Opmerking": "", "Tekening": "onbekend", "OBJ_ID": "705247c5f62e4bb5b8b28c7892a60bc8", "OBJECTID": 230, "Shape_Length": 1.328045554331133}}, {"type": "Feature", "id": 231, "geometry": {"type": "LineString", "coordinates": [[106210.17000000179, 458921.1000000015], [106210.71799999848, 458920.0089999996]]}, "properties": {"Datum": "20190520", "Van_knpnr": "AP17556", "Naar_knpnr": "AO0759", "Strengnr": 1, "Offset": 0, "Strengtype": "particulier riool", "Afvoertype": "vuilwater gs", "Jaar": "0", "Jaar_recon": "0", "Materiaal": "pvc klasse 34 sn8", "Vorm": "rond", "Voeg": "mof-spie", "Grondslag": "onbekend", "Fundatie": "onbekend", "VanBobpeil": "", "NarBobpeil": "", "Straat": "\"oostgouweweg, alphen aan den rijn\"", "Straattype": "onbekend", "Verh_type": "onbekend", "Breedte": 160, "Hoogte": 160, "BodemBrdt": 5, "Lengte": 1.22000003, "Gebied": "steekterweg gs", "Inspectie": "", "JaarVerv": "0", "Beslismodl": "Geen beoordeling", "Beoordeeld": "0000", "Tactisch": 7, "Act_Direct": 0, "Act_In_5Y": 0, "Act_In_10Y": 0, "Geen_actie": 0, "Niet_beord": 1.22, "Operationl": 0, "Project": "", "APM": 0, "APV": "", "Kosten": 143.89, "Opmerking": "", "Tekening": "onbekend", "OBJ_ID": "82e49f9fa5084ef4b15d5b943a7afbc6", "OBJECTID": 231, "Shape_Length": 1.220895163587429}}, {"type": "Feature", "id": 232, "geometry": {"type": "LineString", "coordinates": [[106169.38300000131, 458892.5170000009], [106170.85200000182, 458890.811999999], [106170.74599999934, 458889.40900000185], [106170.43800000101, 458889.15199999884]]}, "properties": {"Datum": "20190520", "Van_knpnr": "AP17557", "Naar_knpnr": "AO0758", "Strengnr": 1, "Offset": 0, "Strengtype": "particulier riool", "Afvoertype": "vuilwater gs", "Jaar": "0", "Jaar_recon": "0", "Materiaal": "pvc klasse 34 sn8", "Vorm": "rond", "Voeg": "mof-spie", "Grondslag": "onbekend", "Fundatie": "onbekend", "VanBobpeil": "", "NarBobpeil": "", "Straat": "\"oostgouweweg, alphen aan den rijn\"", "Straattype": "onbekend", "Verh_type": "onbekend", "Breedte": 160, "Hoogte": 160, "BodemBrdt": 5, "Lengte": 3.52999997, "Gebied": "steekterweg gs", "Inspectie": "", "JaarVerv": "0", "Beslismodl": "Geen beoordeling", "Beoordeeld": "0000", "Tactisch": 7, "Act_Direct": 0, "Act_In_5Y": 0, "Act_In_10Y": 0, "Geen_actie": 0, "Niet_beord": 3.53, "Operationl": 0, "Project": "", "APM": 0, "APV": "", "Kosten": 416.33, "Opmerking": "", "Tekening": "onbekend", "OBJ_ID": "0d1f99bf1b8d48669ae5103ef4d79528", "OBJECTID": 232, "Shape_Length": 4.058690581518061}}, {"type": "Feature", "id": 233, "geometry": {"type": "LineString", "coordinates": [[106347.60399999842, 458894.438000001], [106347.63399999961, 458893.3660000004]]}, "properties": {"Datum": "20190520", "Van_knpnr": "AP17559", "Naar_knpnr": "AO0757", "Strengnr": 1, "Offset": 0, "Strengtype": "inzamelriool", "Afvoertype": "vuilwater gs", "Jaar": "0", "Jaar_recon": "0", "Materiaal": "pvc klasse 34 sn8", "Vorm": "rond", "Voeg": "mof-spie", "Grondslag": "onbekend", "Fundatie": "onbekend", "VanBobpeil": "", "NarBobpeil": "", "Straat": "\"oostgouweweg, alphen aan den rijn\"", "Straattype": "onbekend", "Verh_type": "onbekend", "Breedte": 125, "Hoogte": 125, "BodemBrdt": 4, "Lengte": 1.07000005, "Gebied": "steekterweg gs", "Inspectie": "", "JaarVerv": "0", "Beslismodl": "Geen beoordeling", "Beoordeeld": "0000", "Tactisch": 7, "Act_Direct": 0, "Act_In_5Y": 0, "Act_In_10Y": 0, "Geen_actie": 0, "Niet_beord": 1.07, "Operationl": 0, "Project": "", "APM": 0, "APV": "", "Kosten": 120.04, "Opmerking": "", "Tekening": "onbekend", "OBJ_ID": "a1fc400aee814b01bcc6b2b053226334", "OBJECTID": 233, "Shape_Length": 1.072419694622094}}, {"type": "Feature", "id": 234, "geometry": {"type": "LineString", "coordinates": [[108586.86300000176, 458416.3960000016], [108599.55600000173, 458405.2340000011], [108599.78299999982, 458404.38500000164], [108603.6099999994, 458401.1000000015]]}, "properties": {"Datum": "20190520", "Van_knpnr": "F00016", "Naar_knpnr": "AP17487", "Strengnr": 1, "Offset": 0, "Strengtype": "inzamelriool", "Afvoertype": "vuilwater gs", "Jaar": "0", "Jaar_recon": "0", "Materiaal": "pvc klasse 34 sn8", "Vorm": "rond", "Voeg": "mof-spie", "Grondslag": "lichte klei", "Fundatie": "onbekend", "VanBobpeil": "-2.110", "NarBobpeil": "", "Straat": "\"steekterweg, alphen aan den rijn\"", "Straattype": "onbekend", "Verh_type": "onbekend", "Breedte": 125, "Hoogte": 125, "BodemBrdt": 4, "Lengte": 22.6800003, "Gebied": "steekterweg gs", "Inspectie": "", "JaarVerv": "0", "Beslismodl": "Geen beoordeling", "Beoordeeld": "0000", "Tactisch": 7, "Act_Direct": 0, "Act_In_5Y": 0, "Act_In_10Y": 0, "Geen_actie": 0, "Niet_beord": 22.68, "Operationl": 0, "Project": "", "APM": 0, "APV": "", "Kosten": 2360.19, "Opmerking": "", "Tekening": "onbekend", "OBJ_ID": "af63769202dd4cc3815e50f366fb6c2b", "OBJECTID": 234, "Shape_Length": 22.82508528263491}}, {"type": "Feature", "id": 235, "geometry": {"type": "LineString", "coordinates": [[109558.4299999997, 457528.48999999836], [109569.05000000075, 457503.7100000009]]}, "properties": {"Datum": "20190520", "Van_knpnr": "F00203", "Naar_knpnr": "ZMR0105", "Strengnr": 2224625, "Offset": 0, "Strengtype": "inzamelriool", "Afvoertype": "hemelwater gs", "Jaar": "1978", "Jaar_recon": "1978", "Materiaal": "pvc klasse 34 sn8", "Vorm": "rond", "Voeg": "mof-spie", "Grondslag": "zware zavel", "Fundatie": "staal", "VanBobpeil": "-1.210", "NarBobpeil": "-1.220", "Straat": "\"dokter schreuderstraat, zwammerdam\"", "Straattype": "onbekend", "Verh_type": "onbekend", "Breedte": 160, "Hoogte": 160, "BodemBrdt": 5, "Lengte": 26.9599991, "Gebied": "de burcht gs", "Inspectie": "", "JaarVerv": "0", "Beslismodl": "Geen beoordeling", "Beoordeeld": "0000", "Tactisch": 7, "Act_Direct": 0, "Act_In_5Y": 0, "Act_In_10Y": 0, "Geen_actie": 0, "Niet_beord": 26.96, "Operationl": 0, "Project": "", "APM": 0, "APV": "", "Kosten": 4037.53, "Opmerking": "", "Tekening": "onbekend", "OBJ_ID": "3527d860578148c1b4ed936a1978457f", "OBJECTID": 235, "Shape_Length": 26.95983679284075}}, {"type": "Feature", "id": 236, "geometry": {"type": "LineString", "coordinates": [[109534.19000000134, 457681.87000000104], [109495.54399999976, 457666.02699999884]]}, "properties": {"Datum": "20190520", "Van_knpnr": "F00204", "Naar_knpnr": "ZMR0123", "Strengnr": 2225098, "Offset": 0, "Strengtype": "inzamelriool", "Afvoertype": "hemelwater gs", "Jaar": "1973", "Jaar_recon": "1973", "Materiaal": "pvc klasse 34 sn8", "Vorm": "rond", "Voeg": "mof-spie", "Grondslag": "zware zavel", "Fundatie": "staal", "VanBobpeil": "-1.200", "NarBobpeil": "-1.200", "Straat": "\"spoorlaan, zwammerdam\"", "Straattype": "onbekend", "Verh_type": "onbekend", "Breedte": 200, "Hoogte": 200, "BodemBrdt": 6, "Lengte": 41.7700005, "Gebied": "de burcht gs", "Inspectie": "", "JaarVerv": "0", "Beslismodl": "Geen beoordeling", "Beoordeeld": "0000", "Tactisch": 7, "Act_Direct": 0, "Act_In_5Y": 0, "Act_In_10Y": 0, "Geen_actie": 0, "Niet_beord": 41.77, "Operationl": 0, "Project": "", "APM": 0, "APV": "", "Kosten": 5907.95, "Opmerking": "", "Tekening": "onbekend", "OBJ_ID": "36f4c233e17640eea8bdc6e5444e70fd", "OBJECTID": 236, "Shape_Length": 41.76737919946575}}, {"type": "Feature", "id": 237, "geometry": {"type": "LineString", "coordinates": [[109212.7100000009, 457523.05000000075], [109225.97899999842, 457535.9919999987]]}, "properties": {"Datum": "20190520", "Van_knpnr": "F00205", "Naar_knpnr": "ZMR0126", "Strengnr": 2224626, "Offset": 0, "Strengtype": "inzamelriool", "Afvoertype": "hemelwater gs", "Jaar": "1973", "Jaar_recon": "1973", "Materiaal": "pvc klasse 34 sn8", "Vorm": "rond", "Voeg": "mof-spie", "Grondslag": "zware zavel", "Fundatie": "staal", "VanBobpeil": "-1.200", "NarBobpeil": "-1.200", "Straat": "\"spoorlaan, zwammerdam\"", "Straattype": "onbekend", "Verh_type": "onbekend", "Breedte": 200, "Hoogte": 200, "BodemBrdt": 6, "Lengte": 18.5400009, "Gebied": "de burcht gs", "Inspectie": "", "JaarVerv": "0", "Beslismodl": "Geen beoordeling", "Beoordeeld": "0000", "Tactisch": 7, "Act_Direct": 0, "Act_In_5Y": 0, "Act_In_10Y": 0, "Geen_actie": 0, "Niet_beord": 18.54, "Operationl": 0, "Project": "", "APM": 0, "APV": "", "Kosten": 2622.3, "Opmerking": "", "Tekening": "onbekend", "OBJ_ID": "0", "OBJECTID": 237, "Shape_Length": 18.535418119943476}}, {"type": "Feature", "id": 238, "geometry": {"type": "LineString", "coordinates": [[109512.73000000045, 457610.51000000164], [109527.26000000164, 457608.05999999866]]}, "properties": {"Datum": "20190520", "Van_knpnr": "F00810", "Naar_knpnr": "F00814", "Strengnr": 2225338, "Offset": 0, "Strengtype": "groenbeheer", "Afvoertype": "drainagestelsel", "Jaar": "1991", "Jaar_recon": "1991", "Materiaal": "drainagebuis", "Vorm": "rond", "Voeg": "mof-spie", "Grondslag": "zware zavel", "Fundatie": "onbekend", "VanBobpeil": "-0.750", "NarBobpeil": "-0.750", "Straat": "\"dokter schreuderstraat, zwammerdam\"", "Straattype": "onbekend", "Verh_type": "onbekend", "Breedte": 80, "Hoogte": 80, "BodemBrdt": 1, "Lengte": 14.7399998, "Gebied": "de burcht gs", "Inspectie": "", "JaarVerv": "0", "Beslismodl": "Geen beoordeling", "Beoordeeld": "0000", "Tactisch": 7, "Act_Direct": 0, "Act_In_5Y": 0, "Act_In_10Y": 0, "Geen_actie": 0, "Niet_beord": 14.74, "Operationl": 0, "Project": "", "APM": 0, "APV": "", "Kosten": 1330.05, "Opmerking": "", "Tekening": "onbekend", "OBJ_ID": "685d5541f42c4f40bfa35a479f5a63ff", "OBJECTID": 238, "Shape_Length": 14.735107737958531}}, {"type": "Feature", "id": 239, "geometry": {"type": "LineString", "coordinates": [[109557.57999999821, 457628.73999999836], [109520.01000000164, 457609.2800000012]]}, "properties": {"Datum": "20190520", "Van_knpnr": "F00812", "Naar_knpnr": "F00811", "Strengnr": 2226850, "Offset": 0, "Strengtype": "groenbeheer", "Afvoertype": "drainagestelsel", "Jaar": "1991", "Jaar_recon": "1991", "Materiaal": "drainagebuis", "Vorm": "rond", "Voeg": "mof-spie", "Grondslag": "zware zavel", "Fundatie": "onbekend", "VanBobpeil": "-0.750", "NarBobpeil": "-0.750", "Straat": "\"dokter schreuderstraat, zwammerdam\"", "Straattype": "onbekend", "Verh_type": "onbekend", "Breedte": 80, "Hoogte": 80, "BodemBrdt": 1, "Lengte": 42.3100014, "Gebied": "de burcht gs", "Inspectie": "", "JaarVerv": "0", "Beslismodl": "Geen beoordeling", "Beoordeeld": "0000", "Tactisch": 7, "Act_Direct": 0, "Act_In_5Y": 0, "Act_In_10Y": 0, "Geen_actie": 0, "Niet_beord": 42.31, "Operationl": 0, "Project": "", "APM": 0, "APV": "", "Kosten": 3817.8, "Opmerking": "", "Tekening": "onbekend", "OBJ_ID": "2271521d92fc4009a68d8c444cd30958", "OBJECTID": 239, "Shape_Length": 42.31071376888227}}, {"type": "Feature", "id": 240, "geometry": {"type": "LineString", "coordinates": [[109559.48999999836, 457624.7899999991], [109527.26000000164, 457608.05999999866]]}, "properties": {"Datum": "20190520", "Van_knpnr": "F00813", "Naar_knpnr": "F00814", "Strengnr": 2226851, "Offset": 0, "Strengtype": "groenbeheer", "Afvoertype": "drainagestelsel", "Jaar": "1991", "Jaar_recon": "1991", "Materiaal": "drainagebuis", "Vorm": "rond", "Voeg": "mof-spie", "Grondslag": "zware zavel", "Fundatie": "onbekend", "VanBobpeil": "-0.750", "NarBobpeil": "-0.750", "Straat": "\"dokter schreuderstraat, zwammerdam\"", "Straattype": "onbekend", "Verh_type": "onbekend", "Breedte": 80, "Hoogte": 80, "BodemBrdt": 1, "Lengte": 36.3100014, "Gebied": "de burcht gs", "Inspectie": "", "JaarVerv": "0", "Beslismodl": "Geen beoordeling", "Beoordeeld": "0000", "Tactisch": 7, "Act_Direct": 0, "Act_In_5Y": 0, "Act_In_10Y": 0, "Geen_actie": 0, "Niet_beord": 36.31, "Operationl": 0, "Project": "", "APM": 0, "APV": "", "Kosten": 3276.4, "Opmerking": "", "Tekening": "onbekend", "OBJ_ID": "0", "OBJECTID": 240, "Shape_Length": 36.31343828121542}}, {"type": "Feature", "id": 241, "geometry": {"type": "LineString", "coordinates": [[109527.26000000164, 457608.05999999866], [109532.35000000149, 457607.12000000104], [109561.12999999896, 457622.0300000012]]}, "properties": {"Datum": "20190520", "Van_knpnr": "F00814", "Naar_knpnr": "F00815", "Strengnr": 2226849, "Offset": 0, "Strengtype": "groenbeheer", "Afvoertype": "drainagestelsel", "Jaar": "1991", "Jaar_recon": "1991", "Materiaal": "drainagebuis", "Vorm": "rond", "Voeg": "mof-spie", "Grondslag": "zware zavel", "Fundatie": "onbekend", "VanBobpeil": "-0.750", "NarBobpeil": "-0.750", "Straat": "\"dokter schreuderstraat, zwammerdam\"", "Straattype": "onbekend", "Verh_type": "onbekend", "Breedte": 80, "Hoogte": 80, "BodemBrdt": 1, "Lengte": 37.5900002, "Gebied": "de burcht gs", "Inspectie": "", "JaarVerv": "0", "Beslismodl": "Geen beoordeling", "Beoordeeld": "0000", "Tactisch": 7, "Act_Direct": 0, "Act_In_5Y": 0, "Act_In_10Y": 0, "Geen_actie": 0, "Niet_beord": 37.59, "Operationl": 0, "Project": "", "APM": 0, "APV": "", "Kosten": 3391.9, "Opmerking": "", "Tekening": "onbekend", "OBJ_ID": "0", "OBJECTID": 241, "Shape_Length": 37.58897631496437}}, {"type": "Feature", "id": 242, "geometry": {"type": "LineString", "coordinates": [[108521.98800000176, 458430.2280000001], [108523.54699999839, 458430.3350000009], [108528.22899999842, 458436.6559999995], [108530.19999999925, 458436.73800000176], [108533.24599999934, 458434.3280000016]]}, "properties": {"Datum": "20190520", "Van_knpnr": "F02553", "Naar_knpnr": "AO0664", "Strengnr": 1, "Offset": 0, "Strengtype": "inzamelriool", "Afvoertype": "vuilwater gs", "Jaar": "0", "Jaar_recon": "0", "Materiaal": "pvc klasse 34 sn8", "Vorm": "rond", "Voeg": "mof-spie", "Grondslag": "onbekend", "Fundatie": "onbekend", "VanBobpeil": "", "NarBobpeil": "", "Straat": "\"steekterweg, alphen aan den rijn\"", "Straattype": "onbekend", "Verh_type": "onbekend", "Breedte": 160, "Hoogte": 160, "BodemBrdt": 5, "Lengte": 11.9799995, "Gebied": "steekterweg gs", "Inspectie": "", "JaarVerv": "0", "Beslismodl": "Geen beoordeling", "Beoordeeld": "0000", "Tactisch": 7, "Act_Direct": 0, "Act_In_5Y": 0, "Act_In_10Y": 0, "Geen_actie": 0, "Niet_beord": 11.98, "Operationl": 0, "Project": "", "APM": 0, "APV": "", "Kosten": 1412.92, "Opmerking": "", "Tekening": "onbekend", "OBJ_ID": "49542ba54c284aeb97de009221e7e9ef", "OBJECTID": 242, "Shape_Length": 15.285610832610635}}, {"type": "Feature", "id": 243, "geometry": {"type": "LineString", "coordinates": [[109977.91000000015, 457820.23000000045], [109978.66800000146, 457822.5689999983], [109979.78299999982, 457824.743999999], [109982.0700000003, 457826.7509999983], [109986.0850000009, 457828.368999999], [109990.9600000009, 457830.0399999991]]}, "properties": {"Datum": "20190520", "Van_knpnr": "F03803", "Naar_knpnr": "ZMD0003", "Strengnr": 2229972, "Offset": 0, "Strengtype": "groenbeheer", "Afvoertype": "drainagestelsel", "Jaar": "2014", "Jaar_recon": "2014", "Materiaal": "drainagebuis", "Vorm": "rond", "Voeg": "mof-spie", "Grondslag": "zware klei", "Fundatie": "onbekend", "VanBobpeil": "", "NarBobpeil": "", "Straat": "buitenkerk", "Straattype": "onbekend", "Verh_type": "onbekend", "Breedte": 80, "Hoogte": 80, "BodemBrdt": 1, "Lengte": 17.4300003, "Gebied": "lindenhovestraat gem", "Inspectie": "", "JaarVerv": "0", "Beslismodl": "Geen beoordeling", "Beoordeeld": "0000", "Tactisch": 7, "Act_Direct": 0, "Act_In_5Y": 0, "Act_In_10Y": 0, "Geen_actie": 0, "Niet_beord": 17.43, "Operationl": 0, "Project": "", "APM": 0, "APV": "", "Kosten": 1572.78, "Opmerking": "", "Tekening": "onbekend", "OBJ_ID": "0", "OBJECTID": 243, "Shape_Length": 17.427858542821678}}, {"type": "Feature", "id": 244, "geometry": {"type": "LineString", "coordinates": [[106271.69000000134, 459245.25], [106275.79699999839, 459251.74599999934]]}, "properties": {"Datum": "20190520", "Van_knpnr": "F03907", "Naar_knpnr": "AG21685", "Strengnr": 2228202, "Offset": 0, "Strengtype": "inzamelriool", "Afvoertype": "vuilwater gs", "Jaar": "2013", "Jaar_recon": "2013", "Materiaal": "pvc klasse 34 sn8", "Vorm": "rond", "Voeg": "mof-spie", "Grondslag": "lichte klei", "Fundatie": "onbekend", "VanBobpeil": "", "NarBobpeil": "", "Straat": "\"kortsteekterbuurt, alphen aan den rijn\"", "Straattype": "onbekend", "Verh_type": "onbekend", "Breedte": 160, "Hoogte": 160, "BodemBrdt": 5, "Lengte": 7.73999977, "Gebied": "kortsteekterweg gs", "Inspectie": "", "JaarVerv": "0", "Beslismodl": "Geen beoordeling", "Beoordeeld": "0000", "Tactisch": 7, "Act_Direct": 0, "Act_In_5Y": 0, "Act_In_10Y": 0, "Geen_actie": 0, "Niet_beord": 7.74, "Operationl": 0, "Project": "", "APM": 0, "APV": "", "Kosten": 912.86, "Opmerking": "", "Tekening": "onbekend", "OBJ_ID": "1e879191a7084d13afe1d279c551d53a", "OBJECTID": 244, "Shape_Length": 7.685405972832337}}, {"type": "Feature", "id": 245, "geometry": {"type": "LineString", "coordinates": [[106271.99300000072, 459245.1799999997], [106271.49799999967, 459246.73699999973], [106272.20300000161, 459248.8960000016]]}, "properties": {"Datum": "20190520", "Van_knpnr": "F03908", "Naar_knpnr": "A21684", "Strengnr": 2228203, "Offset": 0, "Strengtype": "inzamelriool", "Afvoertype": "hemelwater gs", "Jaar": "2013", "Jaar_recon": "2013", "Materiaal": "pvc klasse 34 sn8", "Vorm": "rond", "Voeg": "mof-spie", "Grondslag": "lichte klei", "Fundatie": "onbekend", "VanBobpeil": "", "NarBobpeil": "", "Straat": "\"kortsteekterbuurt, alphen aan den rijn\"", "Straattype": "onbekend", "Verh_type": "onbekend", "Breedte": 160, "Hoogte": 160, "BodemBrdt": 5, "Lengte": 3.91000009, "Gebied": "kortsteekterweg gs", "Inspectie": "", "JaarVerv": "0", "Beslismodl": "Geen beoordeling", "Beoordeeld": "0000", "Tactisch": 7, "Act_Direct": 0, "Act_In_5Y": 0, "Act_In_10Y": 0, "Geen_actie": 0, "Niet_beord": 3.91, "Operationl": 0, "Project": "", "APM": 0, "APV": "", "Kosten": 585.56, "Opmerking": "", "Tekening": "onbekend", "OBJ_ID": "dbd0c694b50548139ef54b0596c7fd90", "OBJECTID": 245, "Shape_Length": 3.904981735796711}}, {"type": "Feature", "id": 246, "geometry": {"type": "LineString", "coordinates": [[106278.71999999881, 459243.6099999994], [106275.79699999839, 459251.74599999934]]}, "properties": {"Datum": "20190520", "Van_knpnr": "F03910", "Naar_knpnr": "AG21685", "Strengnr": 2228201, "Offset": 0, "Strengtype": "inzamelriool", "Afvoertype": "vuilwater gs", "Jaar": "2013", "Jaar_recon": "2013", "Materiaal": "pvc klasse 34 sn8", "Vorm": "rond", "Voeg": "mof-spie", "Grondslag": "lichte klei", "Fundatie": "onbekend", "VanBobpeil": "", "NarBobpeil": "", "Straat": "\"kortsteekterbuurt, alphen aan den rijn\"", "Straattype": "onbekend", "Verh_type": "onbekend", "Breedte": 160, "Hoogte": 160, "BodemBrdt": 5, "Lengte": 8.65999985, "Gebied": "kortsteekterweg gs", "Inspectie": "", "JaarVerv": "0", "Beslismodl": "Geen beoordeling", "Beoordeeld": "0000", "Tactisch": 7, "Act_Direct": 0, "Act_In_5Y": 0, "Act_In_10Y": 0, "Geen_actie": 0, "Niet_beord": 8.66, "Operationl": 0, "Project": "", "APM": 0, "APV": "", "Kosten": 1021.36, "Opmerking": "", "Tekening": "onbekend", "OBJ_ID": "aa92b127300d4167b771413bf4c5fe15", "OBJECTID": 246, "Shape_Length": 8.645138807530463}}, {"type": "Feature", "id": 247, "geometry": {"type": "LineString", "coordinates": [[106466.42500000075, 459002.3520000018], [106468.75299999863, 458994.1770000011]]}, "properties": {"Datum": "20190520", "Van_knpnr": "F07026", "Naar_knpnr": "F07023U", "Strengnr": 1, "Offset": 0, "Strengtype": "kolkaansluitleiding", "Afvoertype": "hemelwater gs", "Jaar": "0", "Jaar_recon": "0", "Materiaal": "pvc klasse 34 sn8", "Vorm": "rond", "Voeg": "mof-spie", "Grondslag": "onbekend", "Fundatie": "onbekend", "VanBobpeil": "", "NarBobpeil": "", "Straat": "\"steekterweg, alphen aan den rijn\"", "Straattype": "onbekend", "Verh_type": "onbekend", "Breedte": 200, "Hoogte": 200, "BodemBrdt": 6, "Lengte": 8.5, "Gebied": "steekterweg gs", "Inspectie": "", "JaarVerv": "0", "Beslismodl": "Geen beoordeling", "Beoordeeld": "0000", "Tactisch": 7, "Act_Direct": 0, "Act_In_5Y": 0, "Act_In_10Y": 0, "Geen_actie": 0, "Niet_beord": 8.5, "Operationl": 0, "Project": "", "APM": 0, "APV": "", "Kosten": 1315.46, "Opmerking": "", "Tekening": "INPA070748_001 REV TOTAA", "OBJ_ID": "0", "OBJECTID": 247, "Shape_Length": 8.500012294245801}}, {"type": "Feature", "id": 248, "geometry": {"type": "LineString", "coordinates": [[106466.42500000075, 459002.3520000018], [106463.39799999818, 459001.3599999994]]}, "properties": {"Datum": "20190520", "Van_knpnr": "F07026", "Naar_knpnr": "F07027", "Strengnr": 1, "Offset": 0, "Strengtype": "kolkaansluitleiding", "Afvoertype": "hemelwater gs", "Jaar": "0", "Jaar_recon": "0", "Materiaal": "pvc klasse 34 sn8", "Vorm": "rond", "Voeg": "mof-spie", "Grondslag": "onbekend", "Fundatie": "onbekend", "VanBobpeil": "", "NarBobpeil": "", "Straat": "\"steekterweg, alphen aan den rijn\"", "Straattype": "onbekend", "Verh_type": "onbekend", "Breedte": 160, "Hoogte": 160, "BodemBrdt": 5, "Lengte": 3.19000006, "Gebied": "steekterweg gs", "Inspectie": "", "JaarVerv": "0", "Beslismodl": "Geen beoordeling", "Beoordeeld": "0000", "Tactisch": 7, "Act_Direct": 0, "Act_In_5Y": 0, "Act_In_10Y": 0, "Geen_actie": 0, "Niet_beord": 3.19, "Operationl": 0, "Project": "", "APM": 0, "APV": "", "Kosten": 477.73, "Opmerking": "", "Tekening": "INPA070748_001 REV TOTAA", "OBJ_ID": "0", "OBJECTID": 248, "Shape_Length": 3.1854031173943675}}, {"type": "Feature", "id": 249, "geometry": {"type": "LineString", "coordinates": [[106463.39799999818, 459001.3599999994], [106463.00200000033, 459002.44099999964]]}, "properties": {"Datum": "20190520", "Van_knpnr": "F07027", "Naar_knpnr": "AK2033", "Strengnr": 1, "Offset": 0, "Strengtype": "kolkaansluitleiding", "Afvoertype": "hemelwater gs", "Jaar": "0", "Jaar_recon": "0", "Materiaal": "pvc klasse 34 sn8", "Vorm": "rond", "Voeg": "mof-spie", "Grondslag": "onbekend", "Fundatie": "onbekend", "VanBobpeil": "", "NarBobpeil": "", "Straat": "\"steekterweg, alphen aan den rijn\"", "Straattype": "onbekend", "Verh_type": "onbekend", "Breedte": 125, "Hoogte": 125, "BodemBrdt": 4, "Lengte": 1.14999998, "Gebied": "steekterweg gs", "Inspectie": "", "JaarVerv": "0", "Beslismodl": "Geen beoordeling", "Beoordeeld": "0000", "Tactisch": 7, "Act_Direct": 0, "Act_In_5Y": 0, "Act_In_10Y": 0, "Geen_actie": 0, "Niet_beord": 1.15, "Operationl": 0, "Project": "", "APM": 0, "APV": "", "Kosten": 165.61, "Opmerking": "", "Tekening": "INPA070748_001 REV TOTAA", "OBJ_ID": "0", "OBJECTID": 249, "Shape_Length": 1.1512501894966243}}, {"type": "Feature", "id": 250, "geometry": {"type": "LineString", "coordinates": [[106463.39799999818, 459001.3599999994], [106457.60099999979, 458999.4629999995]]}, "properties": {"Datum": "20190520", "Van_knpnr": "F07027", "Naar_knpnr": "F07028", "Strengnr": 1, "Offset": 0, "Strengtype": "kolkaansluitleiding", "Afvoertype": "hemelwater gs", "Jaar": "0", "Jaar_recon": "0", "Materiaal": "pvc klasse 34 sn8", "Vorm": "rond", "Voeg": "mof-spie", "Grondslag": "onbekend", "Fundatie": "onbekend", "VanBobpeil": "", "NarBobpeil": "", "Straat": "\"steekterweg, alphen aan den rijn\"", "Straattype": "onbekend", "Verh_type": "onbekend", "Breedte": 160, "Hoogte": 160, "BodemBrdt": 5, "Lengte": 6.0999999, "Gebied": "steekterweg gs", "Inspectie": "", "JaarVerv": "0", "Beslismodl": "Geen beoordeling", "Beoordeeld": "0000", "Tactisch": 7, "Act_Direct": 0, "Act_In_5Y": 0, "Act_In_10Y": 0, "Geen_actie": 0, "Niet_beord": 6.1, "Operationl": 0, "Project": "", "APM": 0, "APV": "", "Kosten": 913.54, "Opmerking": "", "Tekening": "INPA070748_001 REV TOTAA", "OBJ_ID": "0", "OBJECTID": 250, "Shape_Length": 6.099493256073754}}, {"type": "Feature", "id": 251, "geometry": {"type": "LineString", "coordinates": [[106457.60099999979, 458999.4629999995], [106449.32200000063, 458996.75400000066], [106448.63300000131, 458998.9149999991]]}, "properties": {"Datum": "20190520", "Van_knpnr": "F07028", "Naar_knpnr": "AK2031", "Strengnr": 1, "Offset": 0, "Strengtype": "kolkaansluitleiding", "Afvoertype": "hemelwater gs", "Jaar": "0", "Jaar_recon": "0", "Materiaal": "pvc klasse 34 sn8", "Vorm": "rond", "Voeg": "mof-spie", "Grondslag": "onbekend", "Fundatie": "onbekend", "VanBobpeil": "", "NarBobpeil": "", "Straat": "\"steekterweg, alphen aan den rijn\"", "Straattype": "onbekend", "Verh_type": "onbekend", "Breedte": 160, "Hoogte": 160, "BodemBrdt": 5, "Lengte": 10.9799995, "Gebied": "steekterweg gs", "Inspectie": "", "JaarVerv": "0", "Beslismodl": "Geen beoordeling", "Beoordeeld": "0000", "Tactisch": 7, "Act_Direct": 0, "Act_In_5Y": 0, "Act_In_10Y": 0, "Geen_actie": 0, "Niet_beord": 10.98, "Operationl": 0, "Project": "", "APM": 0, "APV": "", "Kosten": 1644.36, "Opmerking": "", "Tekening": "INPA070748_001 REV TOTAA", "OBJ_ID": "a830433fb4934e77bedb569cc3b301d9", "OBJECTID": 251, "Shape_Length": 10.97912298361676}}, {"type": "Feature", "id": 252, "geometry": {"type": "LineString", "coordinates": [[106457.60099999979, 458999.4629999995], [106457.09600000083, 459000.96499999985]]}, "properties": {"Datum": "20190520", "Van_knpnr": "F07028", "Naar_knpnr": "AK2032", "Strengnr": 1, "Offset": 0, "Strengtype": "kolkaansluitleiding", "Afvoertype": "hemelwater gs", "Jaar": "0", "Jaar_recon": "0", "Materiaal": "pvc klasse 34 sn8", "Vorm": "rond", "Voeg": "mof-spie", "Grondslag": "onbekend", "Fundatie": "onbekend", "VanBobpeil": "", "NarBobpeil": "", "Straat": "\"steekterweg, alphen aan den rijn\"", "Straattype": "onbekend", "Verh_type": "onbekend", "Breedte": 125, "Hoogte": 125, "BodemBrdt": 4, "Lengte": 1.59000003, "Gebied": "steekterweg gs", "Inspectie": "", "JaarVerv": "0", "Beslismodl": "Geen beoordeling", "Beoordeeld": "0000", "Tactisch": 7, "Act_Direct": 0, "Act_In_5Y": 0, "Act_In_10Y": 0, "Geen_actie": 0, "Niet_beord": 1.59, "Operationl": 0, "Project": "", "APM": 0, "APV": "", "Kosten": 228.98, "Opmerking": "", "Tekening": "INPA070748_001 REV TOTAA", "OBJ_ID": "0", "OBJECTID": 252, "Shape_Length": 1.5846226679974245}}, {"type": "Feature", "id": 253, "geometry": {"type": "LineString", "coordinates": [[110092.80999999866, 457314.6259999983], [110100.0709999986, 457319.72199999914]]}, "properties": {"Datum": "20190520", "Van_knpnr": "F07122", "Naar_knpnr": "F07121", "Strengnr": 1, "Offset": 0, "Strengtype": "kolkaansluitleiding", "Afvoertype": "hemelwater gs", "Jaar": "0", "Jaar_recon": "0", "Materiaal": "pvc klasse 34 sn8", "Vorm": "rond", "Voeg": "mof-spie", "Grondslag": "onbekend", "Fundatie": "onbekend", "VanBobpeil": "", "NarBobpeil": "", "Straat": "\"rijksstraatweg, zwammerdam\"", "Straattype": "onbekend", "Verh_type": "onbekend", "Breedte": 125, "Hoogte": 125, "BodemBrdt": 4, "Lengte": 8.86999989, "Gebied": "akerboomseweg gs", "Inspectie": "", "JaarVerv": "0", "Beslismodl": "Geen beoordeling", "Beoordeeld": "0000", "Tactisch": 7, "Act_Direct": 0, "Act_In_5Y": 0, "Act_In_10Y": 0, "Geen_actie": 0, "Niet_beord": 8.87, "Operationl": 0, "Project": "", "APM": 0, "APV": "", "Kosten": 1277.37, "Opmerking": "", "Tekening": "INPA070748_001 REV TOTAA", "OBJ_ID": "c565f346643c44d8ab21b68a7cf97894", "OBJECTID": 253, "Shape_Length": 8.870813773698515}}, {"type": "Feature", "id": 254, "geometry": {"type": "LineString", "coordinates": [[110054.95199999958, 457346.8520000018], [110061.0009999983, 457353.8350000009]]}, "properties": {"Datum": "20190520", "Van_knpnr": "F07124", "Naar_knpnr": "F07123", "Strengnr": 1, "Offset": 0, "Strengtype": "kolkaansluitleiding", "Afvoertype": "hemelwater gs", "Jaar": "0", "Jaar_recon": "0", "Materiaal": "pvc klasse 34 sn8", "Vorm": "rond", "Voeg": "mof-spie", "Grondslag": "onbekend", "Fundatie": "onbekend", "VanBobpeil": "", "NarBobpeil": "", "Straat": "\"rijksstraatweg, zwammerdam\"", "Straattype": "onbekend", "Verh_type": "onbekend", "Breedte": 125, "Hoogte": 125, "BodemBrdt": 4, "Lengte": 9.23999977, "Gebied": "akerboomseweg gs", "Inspectie": "", "JaarVerv": "0", "Beslismodl": "Geen beoordeling", "Beoordeeld": "0000", "Tactisch": 7, "Act_Direct": 0, "Act_In_5Y": 0, "Act_In_10Y": 0, "Geen_actie": 0, "Niet_beord": 9.24, "Operationl": 0, "Project": "", "APM": 0, "APV": "", "Kosten": 1330.65, "Opmerking": "", "Tekening": "INPA070748_001 REV TOTAA", "OBJ_ID": "8017e2c8d82a44648a46528bb9fa79b1", "OBJECTID": 254, "Shape_Length": 9.238651956405414}}, {"type": "Feature", "id": 255, "geometry": {"type": "LineString", "coordinates": [[110050.94399999827, 457331.85500000045], [110053.18699999899, 457334.7129999995]]}, "properties": {"Datum": "20190520", "Van_knpnr": "F07125", "Naar_knpnr": "ZMK0092", "Strengnr": 1, "Offset": 0, "Strengtype": "kolkaansluitleiding", "Afvoertype": "hemelwater gs", "Jaar": "0", "Jaar_recon": "0", "Materiaal": "pvc klasse 34 sn8", "Vorm": "rond", "Voeg": "mof-spie", "Grondslag": "onbekend", "Fundatie": "onbekend", "VanBobpeil": "", "NarBobpeil": "", "Straat": "\"rijksstraatweg, zwammerdam\"", "Straattype": "onbekend", "Verh_type": "onbekend", "Breedte": 125, "Hoogte": 125, "BodemBrdt": 4, "Lengte": 3.63000011, "Gebied": "akerboomseweg gs", "Inspectie": "", "JaarVerv": "0", "Beslismodl": "Geen beoordeling", "Beoordeeld": "0000", "Tactisch": 7, "Act_Direct": 0, "Act_In_5Y": 0, "Act_In_10Y": 0, "Geen_actie": 0, "Niet_beord": 3.63, "Operationl": 0, "Project": "", "APM": 0, "APV": "", "Kosten": 522.76, "Opmerking": "", "Tekening": "INPA070748_001 REV TOTAA", "OBJ_ID": "5adde85668bc4b458d3595db2b254dde", "OBJECTID": 255, "Shape_Length": 3.6330721157070065}}, {"type": "Feature", "id": 256, "geometry": {"type": "LineString", "coordinates": [[109717.14699999988, 457609.4470000006], [109726.09899999946, 457619.2800000012]]}, "properties": {"Datum": "20190520", "Van_knpnr": "F07128U", "Naar_knpnr": "ZMK0085", "Strengnr": 1, "Offset": 0, "Strengtype": "kolkaansluitleiding", "Afvoertype": "hemelwater gs", "Jaar": "0", "Jaar_recon": "0", "Materiaal": "pvc klasse 34 sn8", "Vorm": "rond", "Voeg": "mof-spie", "Grondslag": "onbekend", "Fundatie": "onbekend", "VanBobpeil": "", "NarBobpeil": "", "Straat": "\"rijksstraatweg, zwammerdam\"", "Straattype": "onbekend", "Verh_type": "onbekend", "Breedte": 125, "Hoogte": 125, "BodemBrdt": 4, "Lengte": 13.3000002, "Gebied": "de burcht gs", "Inspectie": "", "JaarVerv": "0", "Beslismodl": "Geen beoordeling", "Beoordeeld": "0000", "Tactisch": 7, "Act_Direct": 0, "Act_In_5Y": 0, "Act_In_10Y": 0, "Geen_actie": 0, "Niet_beord": 13.3, "Operationl": 0, "Project": "", "APM": 0, "APV": "", "Kosten": 1915.33, "Opmerking": "", "Tekening": "INPA070748_001 REV TOTAA", "OBJ_ID": "77d81ae74bbc483fb07529964f28be1a", "OBJECTID": 256, "Shape_Length": 13.297601024382768}}, {"type": "Feature", "id": 257, "geometry": {"type": "LineString", "coordinates": [[109779.29399999976, 457555.47399999946], [109786.5940000005, 457564.66000000015], [109786.26000000164, 457565.28599999845], [109786.92000000179, 457566.2259999998]]}, "properties": {"Datum": "20190520", "Van_knpnr": "F07129U", "Naar_knpnr": "ZMK0088", "Strengnr": 1, "Offset": 0, "Strengtype": "kolkaansluitleiding", "Afvoertype": "hemelwater gs", "Jaar": "0", "Jaar_recon": "0", "Materiaal": "pvc klasse 34 sn8", "Vorm": "rond", "Voeg": "mof-spie", "Grondslag": "onbekend", "Fundatie": "onbekend", "VanBobpeil": "", "NarBobpeil": "", "Straat": "\"rijksstraatweg, zwammerdam\"", "Straattype": "onbekend", "Verh_type": "onbekend", "Breedte": 125, "Hoogte": 125, "BodemBrdt": 4, "Lengte": 13.5900002, "Gebied": "de burcht gs", "Inspectie": "", "JaarVerv": "0", "Beslismodl": "Geen beoordeling", "Beoordeeld": "0000", "Tactisch": 7, "Act_Direct": 0, "Act_In_5Y": 0, "Act_In_10Y": 0, "Geen_actie": 0, "Niet_beord": 13.59, "Operationl": 0, "Project": "", "APM": 0, "APV": "", "Kosten": 1957.1, "Opmerking": "", "Tekening": "INPA070748_001 REV TOTAA", "OBJ_ID": "ce32a7642a7a4c2b98d89c9624d96a62", "OBJECTID": 257, "Shape_Length": 13.591490352576528}}, {"type": "Feature", "id": 258, "geometry": {"type": "LineString", "coordinates": [[109562.18899999931, 457685.4970000014], [109560.8049999997, 457684.7710000016]]}, "properties": {"Datum": "20190520", "Van_knpnr": "F07132", "Naar_knpnr": "F07133", "Strengnr": 1, "Offset": 0, "Strengtype": "kolkaansluitleiding", "Afvoertype": "hemelwater gs", "Jaar": "0", "Jaar_recon": "0", "Materiaal": "pvc klasse 34 sn8", "Vorm": "rond", "Voeg": "mof-spie", "Grondslag": "onbekend", "Fundatie": "onbekend", "VanBobpeil": "", "NarBobpeil": "", "Straat": "\"spoorlaan, zwammerdam\"", "Straattype": "onbekend", "Verh_type": "onbekend", "Breedte": 160, "Hoogte": 160, "BodemBrdt": 5, "Lengte": 1.55999994, "Gebied": "de burcht gs", "Inspectie": "", "JaarVerv": "0", "Beslismodl": "Geen beoordeling", "Beoordeeld": "0000", "Tactisch": 7, "Act_Direct": 0, "Act_In_5Y": 0, "Act_In_10Y": 0, "Geen_actie": 0, "Niet_beord": 1.56, "Operationl": 0, "Project": "", "APM": 0, "APV": "", "Kosten": 233.63, "Opmerking": "", "Tekening": "INPA070748_001 REV TOTAA", "OBJ_ID": "ce6ce5f747254a39b6e197c3ebacf694", "OBJECTID": 258, "Shape_Length": 1.562860198042257}}, {"type": "Feature", "id": 259, "geometry": {"type": "LineString", "coordinates": [[109560.8049999997, 457684.7710000016], [109557.08199999854, 457682.8189999983], [109544.00499999896, 457673.41899999976]]}, "properties": {"Datum": "20190520", "Van_knpnr": "F07133", "Naar_knpnr": "F07130U", "Strengnr": 1, "Offset": 0, "Strengtype": "kolkaansluitleiding", "Afvoertype": "hemelwater gs", "Jaar": "0", "Jaar_recon": "0", "Materiaal": "pvc klasse 34 sn8", "Vorm": "rond", "Voeg": "mof-spie", "Grondslag": "onbekend", "Fundatie": "onbekend", "VanBobpeil": "", "NarBobpeil": "", "Straat": "\"spoorlaan, zwammerdam\"", "Straattype": "onbekend", "Verh_type": "onbekend", "Breedte": 160, "Hoogte": 160, "BodemBrdt": 5, "Lengte": 20.3099995, "Gebied": "de burcht gs", "Inspectie": "", "JaarVerv": "0", "Beslismodl": "Geen beoordeling", "Beoordeeld": "0000", "Tactisch": 7, "Act_Direct": 0, "Act_In_5Y": 0, "Act_In_10Y": 0, "Geen_actie": 0, "Niet_beord": 20.31, "Operationl": 0, "Project": "", "APM": 0, "APV": "", "Kosten": 3041.63, "Opmerking": "", "Tekening": "INPA070748_001 REV TOTAA", "OBJ_ID": "0", "OBJECTID": 259, "Shape_Length": 20.308596663205574}}, {"type": "Feature", "id": 260, "geometry": {"type": "LineString", "coordinates": [[109575.02199999988, 457691.61499999836], [109574.56300000101, 457691.40100000054], [109573.88800000027, 457691.62999999896]]}, "properties": {"Datum": "20190520", "Van_knpnr": "F07134", "Naar_knpnr": "F07258", "Strengnr": 1, "Offset": 0, "Strengtype": "kolkaansluitleiding", "Afvoertype": "hemelwater gs", "Jaar": "0", "Jaar_recon": "0", "Materiaal": "pvc klasse 34 sn8", "Vorm": "rond", "Voeg": "mof-spie", "Grondslag": "onbekend", "Fundatie": "onbekend", "VanBobpeil": "", "NarBobpeil": "", "Straat": "\"spoorlaan, zwammerdam\"", "Straattype": "onbekend", "Verh_type": "onbekend", "Breedte": 125, "Hoogte": 125, "BodemBrdt": 4, "Lengte": 1.22000003, "Gebied": "de burcht gs", "Inspectie": "", "JaarVerv": "0", "Beslismodl": "Geen beoordeling", "Beoordeeld": "0000", "Tactisch": 7, "Act_Direct": 0, "Act_In_5Y": 0, "Act_In_10Y": 0, "Geen_actie": 0, "Niet_beord": 1.22, "Operationl": 0, "Project": "", "APM": 0, "APV": "", "Kosten": 175.69, "Opmerking": "", "Tekening": "INPA070748_001 REV TOTAA", "OBJ_ID": "c374f142d68a4e2ea55356873204aeaa", "OBJECTID": 260, "Shape_Length": 1.219223067381345}}, {"type": "Feature", "id": 261, "geometry": {"type": "LineString", "coordinates": [[109575.02199999988, 457691.61499999836], [109577.2899999991, 457692.6810000017]]}, "properties": {"Datum": "20190520", "Van_knpnr": "F07134", "Naar_knpnr": "ZMK0073", "Strengnr": 1, "Offset": 0, "Strengtype": "kolkaansluitleiding", "Afvoertype": "hemelwater gs", "Jaar": "0", "Jaar_recon": "0", "Materiaal": "pvc klasse 34 sn8", "Vorm": "rond", "Voeg": "mof-spie", "Grondslag": "onbekend", "Fundatie": "onbekend", "VanBobpeil": "", "NarBobpeil": "", "Straat": "\"spoorlaan, zwammerdam\"", "Straattype": "onbekend", "Verh_type": "onbekend", "Breedte": 125, "Hoogte": 125, "BodemBrdt": 4, "Lengte": 2.50999999, "Gebied": "de burcht gs", "Inspectie": "", "JaarVerv": "0", "Beslismodl": "Geen beoordeling", "Beoordeeld": "0000", "Tactisch": 7, "Act_Direct": 0, "Act_In_5Y": 0, "Act_In_10Y": 0, "Geen_actie": 0, "Niet_beord": 2.51, "Operationl": 0, "Project": "", "APM": 0, "APV": "", "Kosten": 361.47, "Opmerking": "", "Tekening": "INPA070748_001 REV TOTAA", "OBJ_ID": "147a4a422ae848718bb7ce01cc81e931", "OBJECTID": 261, "Shape_Length": 2.506028731612048}}, {"type": "Feature", "id": 262, "geometry": {"type": "LineString", "coordinates": [[109617.81500000134, 457742.6779999994], [109616.59499999881, 457740.51099999994], [109616.51000000164, 457736.76399999857]]}, "properties": {"Datum": "20190520", "Van_knpnr": "F07135", "Naar_knpnr": "F07156", "Strengnr": 1, "Offset": 0, "Strengtype": "kolkaansluitleiding", "Afvoertype": "hemelwater gs", "Jaar": "0", "Jaar_recon": "0", "Materiaal": "pvc klasse 34 sn8", "Vorm": "rond", "Voeg": "mof-spie", "Grondslag": "onbekend", "Fundatie": "onbekend", "VanBobpeil": "", "NarBobpeil": "", "Straat": "\"steekterweg, alphen aan den rijn\"", "Straattype": "onbekend", "Verh_type": "onbekend", "Breedte": 160, "Hoogte": 160, "BodemBrdt": 5, "Lengte": 6.23999977, "Gebied": "centrum zwammerdam gem", "Inspectie": "", "JaarVerv": "0", "Beslismodl": "Geen beoordeling", "Beoordeeld": "0000", "Tactisch": 7, "Act_Direct": 0, "Act_In_5Y": 0, "Act_In_10Y": 0, "Geen_actie": 0, "Niet_beord": 6.24, "Operationl": 0, "Project": "", "APM": 0, "APV": "", "Kosten": 934.5, "Opmerking": "", "Tekening": "INPA070748_001 REV TOTAA", "OBJ_ID": "0", "OBJECTID": 262, "Shape_Length": 6.2347870563951275}}, {"type": "Feature", "id": 263, "geometry": {"type": "LineString", "coordinates": [[109588.96200000122, 457698.59899999946], [109601.98099999875, 457705.1739999987]]}, "properties": {"Datum": "20190520", "Van_knpnr": "F07136", "Naar_knpnr": "F07139", "Strengnr": 1, "Offset": 0, "Strengtype": "kolkaansluitleiding", "Afvoertype": "hemelwater gs", "Jaar": "0", "Jaar_recon": "0", "Materiaal": "pvc klasse 34 sn8", "Vorm": "rond", "Voeg": "mof-spie", "Grondslag": "onbekend", "Fundatie": "onbekend", "VanBobpeil": "", "NarBobpeil": "", "Straat": "\"spoorlaan, zwammerdam\"", "Straattype": "onbekend", "Verh_type": "onbekend", "Breedte": 160, "Hoogte": 160, "BodemBrdt": 5, "Lengte": 14.5900002, "Gebied": "de burcht gs", "Inspectie": "", "JaarVerv": "0", "Beslismodl": "Geen beoordeling", "Beoordeeld": "0000", "Tactisch": 7, "Act_Direct": 0, "Act_In_5Y": 0, "Act_In_10Y": 0, "Geen_actie": 0, "Niet_beord": 14.59, "Operationl": 0, "Project": "", "APM": 0, "APV": "", "Kosten": 2185, "Opmerking": "", "Tekening": "INPA070748_001 REV TOTAA", "OBJ_ID": "017ee53198594bf3889530ce5a01ce54", "OBJECTID": 263, "Shape_Length": 14.585094649188775}}, {"type": "Feature", "id": 264, "geometry": {"type": "LineString", "coordinates": [[109588.59800000116, 457698.42500000075], [109588.96200000122, 457698.59899999946]]}, "properties": {"Datum": "20190520", "Van_knpnr": "F07137", "Naar_knpnr": "F07136", "Strengnr": 1, "Offset": 0, "Strengtype": "kolkaansluitleiding", "Afvoertype": "hemelwater gs", "Jaar": "0", "Jaar_recon": "0", "Materiaal": "pvc klasse 34 sn8", "Vorm": "rond", "Voeg": "mof-spie", "Grondslag": "onbekend", "Fundatie": "onbekend", "VanBobpeil": "", "NarBobpeil": "", "Straat": "\"spoorlaan, zwammerdam\"", "Straattype": "onbekend", "Verh_type": "onbekend", "Breedte": 160, "Hoogte": 160, "BodemBrdt": 5, "Lengte": 0.400000006, "Gebied": "de burcht gs", "Inspectie": "", "JaarVerv": "0", "Beslismodl": "Geen beoordeling", "Beoordeeld": "0000", "Tactisch": 7, "Act_Direct": 0, "Act_In_5Y": 0, "Act_In_10Y": 0, "Geen_actie": 0, "Niet_beord": 0.4, "Operationl": 0, "Project": "", "APM": 0, "APV": "", "Kosten": 59.9, "Opmerking": "", "Tekening": "INPA070748_001 REV TOTAA", "OBJ_ID": "84486872c49c47fcaf5280576beb6c3d", "OBJECTID": 264, "Shape_Length": 0.4034501203338899}}, {"type": "Feature", "id": 265, "geometry": {"type": "LineString", "coordinates": [[109603.4990000017, 457705.9690000005], [109608.20300000161, 457708.8220000006]]}, "properties": {"Datum": "20190520", "Van_knpnr": "F07138", "Naar_knpnr": "F07140", "Strengnr": 1, "Offset": 0, "Strengtype": "kolkaansluitleiding", "Afvoertype": "hemelwater gs", "Jaar": "0", "Jaar_recon": "0", "Materiaal": "pvc klasse 34 sn8", "Vorm": "rond", "Voeg": "mof-spie", "Grondslag": "onbekend", "Fundatie": "onbekend", "VanBobpeil": "", "NarBobpeil": "", "Straat": "\"spoorlaan, zwammerdam\"", "Straattype": "onbekend", "Verh_type": "onbekend", "Breedte": 160, "Hoogte": 160, "BodemBrdt": 5, "Lengte": 5.5, "Gebied": "de burcht gs", "Inspectie": "", "JaarVerv": "0", "Beslismodl": "Geen beoordeling", "Beoordeeld": "0000", "Tactisch": 7, "Act_Direct": 0, "Act_In_5Y": 0, "Act_In_10Y": 0, "Geen_actie": 0, "Niet_beord": 5.5, "Operationl": 0, "Project": "", "APM": 0, "APV": "", "Kosten": 823.68, "Opmerking": "", "Tekening": "INPA070748_001 REV TOTAA", "OBJ_ID": "0", "OBJECTID": 265, "Shape_Length": 5.501565686224156}}, {"type": "Feature", "id": 266, "geometry": {"type": "LineString", "coordinates": [[109603.4990000017, 457705.9690000005], [109598.43699999899, 457711.8680000007], [109596.81700000167, 457710.87900000066]]}, "properties": {"Datum": "20190520", "Van_knpnr": "F07138", "Naar_knpnr": "ZMK0067", "Strengnr": 1, "Offset": 0, "Strengtype": "kolkaansluitleiding", "Afvoertype": "hemelwater gs", "Jaar": "0", "Jaar_recon": "0", "Materiaal": "pvc klasse 34 sn8", "Vorm": "rond", "Voeg": "mof-spie", "Grondslag": "onbekend", "Fundatie": "onbekend", "VanBobpeil": "", "NarBobpeil": "", "Straat": "\"spoorlaan, zwammerdam\"", "Straattype": "onbekend", "Verh_type": "onbekend", "Breedte": 125, "Hoogte": 125, "BodemBrdt": 4, "Lengte": 9.67000008, "Gebied": "de burcht gs", "Inspectie": "", "JaarVerv": "0", "Beslismodl": "Geen beoordeling", "Beoordeeld": "0000", "Tactisch": 7, "Act_Direct": 0, "Act_In_5Y": 0, "Act_In_10Y": 0, "Geen_actie": 0, "Niet_beord": 9.67, "Operationl": 0, "Project": "", "APM": 0, "APV": "", "Kosten": 1392.58, "Opmerking": "", "Tekening": "INPA070748_001 REV TOTAA", "OBJ_ID": "0", "OBJECTID": 266, "Shape_Length": 9.67119266192343}}, {"type": "Feature", "id": 267, "geometry": {"type": "LineString", "coordinates": [[109601.98099999875, 457705.1739999987], [109603.4990000017, 457705.9690000005]]}, "properties": {"Datum": "20190520", "Van_knpnr": "F07139", "Naar_knpnr": "F07138", "Strengnr": 1, "Offset": 0, "Strengtype": "kolkaansluitleiding", "Afvoertype": "hemelwater gs", "Jaar": "0", "Jaar_recon": "0", "Materiaal": "pvc klasse 34 sn8", "Vorm": "rond", "Voeg": "mof-spie", "Grondslag": "onbekend", "Fundatie": "onbekend", "VanBobpeil": "", "NarBobpeil": "", "Straat": "\"spoorlaan, zwammerdam\"", "Straattype": "onbekend", "Verh_type": "onbekend", "Breedte": 160, "Hoogte": 160, "BodemBrdt": 5, "Lengte": 1.71000004, "Gebied": "de burcht gs", "Inspectie": "", "JaarVerv": "0", "Beslismodl": "Geen beoordeling", "Beoordeeld": "0000", "Tactisch": 7, "Act_Direct": 0, "Act_In_5Y": 0, "Act_In_10Y": 0, "Geen_actie": 0, "Niet_beord": 1.71, "Operationl": 0, "Project": "", "APM": 0, "APV": "", "Kosten": 256.09, "Opmerking": "", "Tekening": "INPA070748_001 REV TOTAA", "OBJ_ID": "726cba47591d4bc3bbdf3502337ea30c", "OBJECTID": 267, "Shape_Length": 1.7135778394343941}}, {"type": "Feature", "id": 268, "geometry": {"type": "LineString", "coordinates": [[109608.20300000161, 457708.8220000006], [109609.00400000066, 457709.311999999], [109610.45899999887, 457709.34600000083]]}, "properties": {"Datum": "20190520", "Van_knpnr": "F07140", "Naar_knpnr": "F07141", "Strengnr": 1, "Offset": 0, "Strengtype": "kolkaansluitleiding", "Afvoertype": "hemelwater gs", "Jaar": "0", "Jaar_recon": "0", "Materiaal": "pvc klasse 34 sn8", "Vorm": "rond", "Voeg": "mof-spie", "Grondslag": "onbekend", "Fundatie": "onbekend", "VanBobpeil": "", "NarBobpeil": "", "Straat": "\"spoorlaan, zwammerdam\"", "Straattype": "onbekend", "Verh_type": "onbekend", "Breedte": 160, "Hoogte": 160, "BodemBrdt": 5, "Lengte": 2.3900001, "Gebied": "de burcht gs", "Inspectie": "", "JaarVerv": "0", "Beslismodl": "Geen beoordeling", "Beoordeeld": "0000", "Tactisch": 7, "Act_Direct": 0, "Act_In_5Y": 0, "Act_In_10Y": 0, "Geen_actie": 0, "Niet_beord": 2.39, "Operationl": 0, "Project": "", "APM": 0, "APV": "", "Kosten": 357.93, "Opmerking": "", "Tekening": "INPA070748_001 REV TOTAA", "OBJ_ID": "0", "OBJECTID": 268, "Shape_Length": 2.394386543543244}}, {"type": "Feature", "id": 269, "geometry": {"type": "LineString", "coordinates": [[109610.45899999887, 457709.34600000083], [109620.52400000021, 457709.80900000036], [109625.4609999992, 457707.54100000113], [109625.7659999989, 457708.26399999857]]}, "properties": {"Datum": "20190520", "Van_knpnr": "F07141", "Naar_knpnr": "ZMK0065", "Strengnr": 1, "Offset": 0, "Strengtype": "kolkaansluitleiding", "Afvoertype": "hemelwater gs", "Jaar": "0", "Jaar_recon": "0", "Materiaal": "pvc klasse 34 sn8", "Vorm": "rond", "Voeg": "mof-spie", "Grondslag": "onbekend", "Fundatie": "onbekend", "VanBobpeil": "", "NarBobpeil": "", "Straat": "\"spoorlaan, zwammerdam\"", "Straattype": "onbekend", "Verh_type": "onbekend", "Breedte": 125, "Hoogte": 125, "BodemBrdt": 4, "Lengte": 16.2900009, "Gebied": "de burcht gs", "Inspectie": "", "JaarVerv": "0", "Beslismodl": "Geen beoordeling", "Beoordeeld": "0000", "Tactisch": 7, "Act_Direct": 0, "Act_In_5Y": 0, "Act_In_10Y": 0, "Geen_actie": 0, "Niet_beord": 16.29, "Operationl": 0, "Project": "", "APM": 0, "APV": "", "Kosten": 2345.92, "Opmerking": "", "Tekening": "INPA070748_001 REV TOTAA", "OBJ_ID": "0", "OBJECTID": 269, "Shape_Length": 16.293371519625722}}, {"type": "Feature", "id": 270, "geometry": {"type": "LineString", "coordinates": [[109610.45899999887, 457709.34600000083], [109611.09200000018, 457713.4050000012]]}, "properties": {"Datum": "20190520", "Van_knpnr": "F07141", "Naar_knpnr": "ZMK0066", "Strengnr": 1, "Offset": 0, "Strengtype": "kolkaansluitleiding", "Afvoertype": "hemelwater gs", "Jaar": "0", "Jaar_recon": "0", "Materiaal": "pvc klasse 34 sn8", "Vorm": "rond", "Voeg": "mof-spie", "Grondslag": "onbekend", "Fundatie": "onbekend", "VanBobpeil": "", "NarBobpeil": "", "Straat": "\"spoorlaan, zwammerdam\"", "Straattype": "onbekend", "Verh_type": "onbekend", "Breedte": 125, "Hoogte": 125, "BodemBrdt": 4, "Lengte": 4.11000013, "Gebied": "de burcht gs", "Inspectie": "", "JaarVerv": "0", "Beslismodl": "Geen beoordeling", "Beoordeeld": "0000", "Tactisch": 7, "Act_Direct": 0, "Act_In_5Y": 0, "Act_In_10Y": 0, "Geen_actie": 0, "Niet_beord": 4.11, "Operationl": 0, "Project": "", "APM": 0, "APV": "", "Kosten": 591.88, "Opmerking": "", "Tekening": "INPA070748_001 REV TOTAA", "OBJ_ID": "0", "OBJECTID": 270, "Shape_Length": 4.108061587240791}}, {"type": "Feature", "id": 271, "geometry": {"type": "LineString", "coordinates": [[109561.28299999982, 457703.6339999996], [109560.92599999905, 457702.83100000024], [109561.43800000101, 457702.1479999982], [109559.70699999854, 457700.87999999896], [109560.30200000107, 457700.1570000015]]}, "properties": {"Datum": "20190520", "Van_knpnr": "F07142", "Naar_knpnr": "ZMK0078", "Strengnr": 1, "Offset": 0, "Strengtype": "kolkaansluitleiding", "Afvoertype": "hemelwater gs", "Jaar": "0", "Jaar_recon": "0", "Materiaal": "pvc klasse 34 sn8", "Vorm": "rond", "Voeg": "mof-spie", "Grondslag": "onbekend", "Fundatie": "onbekend", "VanBobpeil": "", "NarBobpeil": "", "Straat": "\"spoorlaan, zwammerdam\"", "Straattype": "onbekend", "Verh_type": "onbekend", "Breedte": 125, "Hoogte": 125, "BodemBrdt": 4, "Lengte": 4.80999994, "Gebied": "hooge burch gs", "Inspectie": "", "JaarVerv": "0", "Beslismodl": "Geen beoordeling", "Beoordeeld": "0000", "Tactisch": 7, "Act_Direct": 0, "Act_In_5Y": 0, "Act_In_10Y": 0, "Geen_actie": 0, "Niet_beord": 4.81, "Operationl": 0, "Project": "", "APM": 0, "APV": "", "Kosten": 692.69, "Opmerking": "", "Tekening": "INPA070748_001 REV TOTAA", "OBJ_ID": "0", "OBJECTID": 271, "Shape_Length": 4.814470039013809}}, {"type": "Feature", "id": 272, "geometry": {"type": "LineString", "coordinates": [[109563.52100000158, 457698.3669999987], [109563.0390000008, 457699.1099999994], [109563.36600000039, 457700.2710000016], [109561.28299999982, 457703.6339999996]]}, "properties": {"Datum": "20190520", "Van_knpnr": "F07143", "Naar_knpnr": "F07142", "Strengnr": 1, "Offset": 0, "Strengtype": "kolkaansluitleiding", "Afvoertype": "hemelwater gs", "Jaar": "0", "Jaar_recon": "0", "Materiaal": "pvc klasse 34 sn8", "Vorm": "rond", "Voeg": "mof-spie", "Grondslag": "onbekend", "Fundatie": "onbekend", "VanBobpeil": "", "NarBobpeil": "", "Straat": "\"spoorlaan, zwammerdam\"", "Straattype": "onbekend", "Verh_type": "onbekend", "Breedte": 125, "Hoogte": 125, "BodemBrdt": 4, "Lengte": 6.05000019, "Gebied": "hooge burch gs", "Inspectie": "", "JaarVerv": "0", "Beslismodl": "Geen beoordeling", "Beoordeeld": "0000", "Tactisch": 7, "Act_Direct": 0, "Act_In_5Y": 0, "Act_In_10Y": 0, "Geen_actie": 0, "Niet_beord": 6.05, "Operationl": 0, "Project": "", "APM": 0, "APV": "", "Kosten": 871.26, "Opmerking": "", "Tekening": "INPA070748_001 REV TOTAA", "OBJ_ID": "0", "OBJECTID": 272, "Shape_Length": 6.04765845119501}}, {"type": "Feature", "id": 273, "geometry": {"type": "LineString", "coordinates": [[109563.97399999946, 457710.70899999887], [109561.28299999982, 457703.6339999996]]}, "properties": {"Datum": "20190520", "Van_knpnr": "F07144U", "Naar_knpnr": "F07142", "Strengnr": 1, "Offset": 0, "Strengtype": "kolkaansluitleiding", "Afvoertype": "hemelwater gs", "Jaar": "0", "Jaar_recon": "0", "Materiaal": "pvc klasse 34 sn8", "Vorm": "rond", "Voeg": "mof-spie", "Grondslag": "onbekend", "Fundatie": "onbekend", "VanBobpeil": "", "NarBobpeil": "", "Straat": "\"spoorlaan, zwammerdam\"", "Straattype": "onbekend", "Verh_type": "onbekend", "Breedte": 125, "Hoogte": 125, "BodemBrdt": 4, "Lengte": 7.57000017, "Gebied": "hooge burch gs", "Inspectie": "", "JaarVerv": "0", "Beslismodl": "Geen beoordeling", "Beoordeeld": "0000", "Tactisch": 7, "Act_Direct": 0, "Act_In_5Y": 0, "Act_In_10Y": 0, "Geen_actie": 0, "Niet_beord": 7.57, "Operationl": 0, "Project": "", "APM": 0, "APV": "", "Kosten": 1090.16, "Opmerking": "", "Tekening": "INPA070748_001 REV TOTAA", "OBJ_ID": "0", "OBJECTID": 273, "Shape_Length": 7.569485186426662}}, {"type": "Feature", "id": 274, "geometry": {"type": "LineString", "coordinates": [[109568.38699999824, 457716.0709999986], [109576.05999999866, 457708.42599999905]]}, "properties": {"Datum": "20190520", "Van_knpnr": "F07146U", "Naar_knpnr": "F07150", "Strengnr": 1, "Offset": 0, "Strengtype": "kolkaansluitleiding", "Afvoertype": "hemelwater gs", "Jaar": "0", "Jaar_recon": "0", "Materiaal": "pvc klasse 34 sn8", "Vorm": "rond", "Voeg": "mof-spie", "Grondslag": "onbekend", "Fundatie": "onbekend", "VanBobpeil": "", "NarBobpeil": "", "Straat": "\"spoorlaan, zwammerdam\"", "Straattype": "onbekend", "Verh_type": "onbekend", "Breedte": 125, "Hoogte": 125, "BodemBrdt": 4, "Lengte": 10.8299999, "Gebied": "hooge burch gs", "Inspectie": "", "JaarVerv": "0", "Beslismodl": "Geen beoordeling", "Beoordeeld": "0000", "Tactisch": 7, "Act_Direct": 0, "Act_In_5Y": 0, "Act_In_10Y": 0, "Geen_actie": 0, "Niet_beord": 10.83, "Operationl": 0, "Project": "", "APM": 0, "APV": "", "Kosten": 1559.63, "Opmerking": "", "Tekening": "INPA070748_001 REV TOTAA", "OBJ_ID": "0", "OBJECTID": 274, "Shape_Length": 10.831479769614477}}, {"type": "Feature", "id": 275, "geometry": {"type": "LineString", "coordinates": [[109572.11800000072, 457720.26399999857], [109575.4459999986, 457717.3720000014]]}, "properties": {"Datum": "20190520", "Van_knpnr": "F07147U", "Naar_knpnr": "ZMK0082", "Strengnr": 1, "Offset": 0, "Strengtype": "kolkaansluitleiding", "Afvoertype": "hemelwater gs", "Jaar": "0", "Jaar_recon": "0", "Materiaal": "pvc klasse 34 sn8", "Vorm": "rond", "Voeg": "mof-spie", "Grondslag": "onbekend", "Fundatie": "onbekend", "VanBobpeil": "", "NarBobpeil": "", "Straat": "\"spoorlaan, zwammerdam\"", "Straattype": "onbekend", "Verh_type": "onbekend", "Breedte": 125, "Hoogte": 125, "BodemBrdt": 4, "Lengte": 4.40999985, "Gebied": "hooge burch gs", "Inspectie": "", "JaarVerv": "0", "Beslismodl": "Geen beoordeling", "Beoordeeld": "0000", "Tactisch": 7, "Act_Direct": 0, "Act_In_5Y": 0, "Act_In_10Y": 0, "Geen_actie": 0, "Niet_beord": 4.41, "Operationl": 0, "Project": "", "APM": 0, "APV": "", "Kosten": 635.08, "Opmerking": "", "Tekening": "INPA070748_001 REV TOTAA", "OBJ_ID": "0", "OBJECTID": 275, "Shape_Length": 4.408996254218497}}, {"type": "Feature", "id": 276, "geometry": {"type": "LineString", "coordinates": [[109574.0540000014, 457725.2120000012], [109577.79300000146, 457726.20899999887], [109581.89200000092, 457731.44200000167], [109581.51399999857, 457732.9230000004], [109583.06700000167, 457733.3599999994]]}, "properties": {"Datum": "20190520", "Van_knpnr": "F07148U", "Naar_knpnr": "ZMK0083", "Strengnr": 1, "Offset": 0, "Strengtype": "kolkaansluitleiding", "Afvoertype": "hemelwater gs", "Jaar": "0", "Jaar_recon": "0", "Materiaal": "pvc klasse 34 sn8", "Vorm": "rond", "Voeg": "mof-spie", "Grondslag": "onbekend", "Fundatie": "onbekend", "VanBobpeil": "", "NarBobpeil": "", "Straat": "\"steekterweg, alphen aan den rijn\"", "Straattype": "onbekend", "Verh_type": "onbekend", "Breedte": 125, "Hoogte": 125, "BodemBrdt": 4, "Lengte": 13.6599998, "Gebied": "hooge burch gs", "Inspectie": "", "JaarVerv": "0", "Beslismodl": "Geen beoordeling", "Beoordeeld": "0000", "Tactisch": 7, "Act_Direct": 0, "Act_In_5Y": 0, "Act_In_10Y": 0, "Geen_actie": 0, "Niet_beord": 13.66, "Operationl": 0, "Project": "", "APM": 0, "APV": "", "Kosten": 1967.18, "Opmerking": "", "Tekening": "INPA070748_001 REV TOTAA", "OBJ_ID": "0", "OBJECTID": 276, "Shape_Length": 13.658694690076219}}, {"type": "Feature", "id": 277, "geometry": {"type": "LineString", "coordinates": [[109570.21799999848, 457730.11199999973], [109573.71299999952, 457733.5540000014]]}, "properties": {"Datum": "20190520", "Van_knpnr": "F07149U", "Naar_knpnr": "ZMK0084", "Strengnr": 1, "Offset": 0, "Strengtype": "kolkaansluitleiding", "Afvoertype": "hemelwater gs", "Jaar": "0", "Jaar_recon": "0", "Materiaal": "pvc klasse 34 sn8", "Vorm": "rond", "Voeg": "mof-spie", "Grondslag": "onbekend", "Fundatie": "onbekend", "VanBobpeil": "", "NarBobpeil": "", "Straat": "\"steekterweg, alphen aan den rijn\"", "Straattype": "onbekend", "Verh_type": "onbekend", "Breedte": 125, "Hoogte": 125, "BodemBrdt": 4, "Lengte": 4.90999985, "Gebied": "hooge burch gs", "Inspectie": "", "JaarVerv": "0", "Beslismodl": "Geen beoordeling", "Beoordeeld": "0000", "Tactisch": 7, "Act_Direct": 0, "Act_In_5Y": 0, "Act_In_10Y": 0, "Geen_actie": 0, "Niet_beord": 4.91, "Operationl": 0, "Project": "", "APM": 0, "APV": "", "Kosten": 707.09, "Opmerking": "", "Tekening": "INPA070748_001 REV TOTAA", "OBJ_ID": "0", "OBJECTID": 277, "Shape_Length": 4.905342905320692}}, {"type": "Feature", "id": 278, "geometry": {"type": "LineString", "coordinates": [[109576.05999999866, 457708.42599999905], [109572.94700000063, 457706.0489999987], [109573.93200000003, 457705.12999999896]]}, "properties": {"Datum": "20190520", "Van_knpnr": "F07150", "Naar_knpnr": "ZMK0080", "Strengnr": 1, "Offset": 0, "Strengtype": "kolkaansluitleiding", "Afvoertype": "hemelwater gs", "Jaar": "0", "Jaar_recon": "0", "Materiaal": "pvc klasse 34 sn8", "Vorm": "rond", "Voeg": "mof-spie", "Grondslag": "onbekend", "Fundatie": "onbekend", "VanBobpeil": "", "NarBobpeil": "", "Straat": "\"spoorlaan, zwammerdam\"", "Straattype": "onbekend", "Verh_type": "onbekend", "Breedte": 125, "Hoogte": 125, "BodemBrdt": 4, "Lengte": 5.26000023, "Gebied": "hooge burch gs", "Inspectie": "", "JaarVerv": "0", "Beslismodl": "Geen beoordeling", "Beoordeeld": "0000", "Tactisch": 7, "Act_Direct": 0, "Act_In_5Y": 0, "Act_In_10Y": 0, "Geen_actie": 0, "Niet_beord": 5.26, "Operationl": 0, "Project": "", "APM": 0, "APV": "", "Kosten": 757.49, "Opmerking": "", "Tekening": "INPA070748_001 REV TOTAA", "OBJ_ID": "0", "OBJECTID": 278, "Shape_Length": 5.263885774548773}}, {"type": "Feature", "id": 279, "geometry": {"type": "LineString", "coordinates": [[109576.05999999866, 457708.42599999905], [109584.33799999952, 457714.63899999857], [109582.13399999961, 457716.3660000004], [109582.62700000033, 457720.45899999887], [109583.49199999869, 457720.2589999996]]}, "properties": {"Datum": "20190520", "Van_knpnr": "F07150", "Naar_knpnr": "ZMK0081", "Strengnr": 1, "Offset": 0, "Strengtype": "kolkaansluitleiding", "Afvoertype": "hemelwater gs", "Jaar": "0", "Jaar_recon": "0", "Materiaal": "pvc klasse 34 sn8", "Vorm": "rond", "Voeg": "mof-spie", "Grondslag": "onbekend", "Fundatie": "onbekend", "VanBobpeil": "", "NarBobpeil": "", "Straat": "\"spoorlaan, zwammerdam\"", "Straattype": "onbekend", "Verh_type": "onbekend", "Breedte": 125, "Hoogte": 125, "BodemBrdt": 4, "Lengte": 18.1599998, "Gebied": "hooge burch gs", "Inspectie": "", "JaarVerv": "0", "Beslismodl": "Geen beoordeling", "Beoordeeld": "0000", "Tactisch": 7, "Act_Direct": 0, "Act_In_5Y": 0, "Act_In_10Y": 0, "Geen_actie": 0, "Niet_beord": 18.16, "Operationl": 0, "Project": "", "APM": 0, "APV": "", "Kosten": 2615.22, "Opmerking": "", "Tekening": "INPA070748_001 REV TOTAA", "OBJ_ID": "0", "OBJECTID": 279, "Shape_Length": 18.16063078027254}}, {"type": "Feature", "id": 280, "geometry": {"type": "LineString", "coordinates": [[109631.46799999848, 457737.7100000009], [109631.43800000101, 457739.5300000012], [109631.27600000054, 457739.5300000012], [109631.29199999943, 457739.1970000006]]}, "properties": {"Datum": "20190520", "Van_knpnr": "F07154", "Naar_knpnr": "ZMK0061", "Strengnr": 1, "Offset": 0, "Strengtype": "kolkaansluitleiding", "Afvoertype": "hemelwater gs", "Jaar": "0", "Jaar_recon": "0", "Materiaal": "pvc klasse 34 sn8", "Vorm": "rond", "Voeg": "mof-spie", "Grondslag": "onbekend", "Fundatie": "onbekend", "VanBobpeil": "", "NarBobpeil": "", "Straat": "\"steekterweg, alphen aan den rijn\"", "Straattype": "onbekend", "Verh_type": "onbekend", "Breedte": 125, "Hoogte": 125, "BodemBrdt": 4, "Lengte": 2.31999993, "Gebied": "centrum zwammerdam gem", "Inspectie": "", "JaarVerv": "0", "Beslismodl": "Geen beoordeling", "Beoordeeld": "0000", "Tactisch": 7, "Act_Direct": 0, "Act_In_5Y": 0, "Act_In_10Y": 0, "Geen_actie": 0, "Niet_beord": 2.32, "Operationl": 0, "Project": "", "APM": 0, "APV": "", "Kosten": 334.1, "Opmerking": "", "Tekening": "INPA070748_001 REV TOTAA", "OBJ_ID": "a43c6441eed248f9a5aa507b9208e600", "OBJECTID": 280, "Shape_Length": 2.315631399991457}}, {"type": "Feature", "id": 281, "geometry": {"type": "LineString", "coordinates": [[109631.6259999983, 457737.73000000045], [109631.59899999946, 457741.8660000004], [109634.36499999836, 457742.0789999999], [109634.38199999928, 457742.59800000116]]}, "properties": {"Datum": "20190520", "Van_knpnr": "F07155", "Naar_knpnr": "ZMK0060", "Strengnr": 1, "Offset": 0, "Strengtype": "kolkaansluitleiding", "Afvoertype": "hemelwater gs", "Jaar": "0", "Jaar_recon": "0", "Materiaal": "pvc klasse 34 sn8", "Vorm": "rond", "Voeg": "mof-spie", "Grondslag": "onbekend", "Fundatie": "onbekend", "VanBobpeil": "", "NarBobpeil": "", "Straat": "\"steekterweg, alphen aan den rijn\"", "Straattype": "onbekend", "Verh_type": "onbekend", "Breedte": 125, "Hoogte": 125, "BodemBrdt": 4, "Lengte": 7.42999983, "Gebied": "centrum zwammerdam gem", "Inspectie": "", "JaarVerv": "0", "Beslismodl": "Geen beoordeling", "Beoordeeld": "0000", "Tactisch": 7, "Act_Direct": 0, "Act_In_5Y": 0, "Act_In_10Y": 0, "Geen_actie": 0, "Niet_beord": 7.43, "Operationl": 0, "Project": "", "APM": 0, "APV": "", "Kosten": 1069.99, "Opmerking": "", "Tekening": "INPA070748_001 REV TOTAA", "OBJ_ID": "20ed96cfc91c46f3b466e68016642a05", "OBJECTID": 281, "Shape_Length": 7.429555543866094}}, {"type": "Feature", "id": 282, "geometry": {"type": "LineString", "coordinates": [[109616.51000000164, 457736.76399999857], [109616.16099999845, 457735.03599999845], [109606.44900000095, 457742.6009999998], [109602.9609999992, 457744.0760000013]]}, "properties": {"Datum": "20190520", "Van_knpnr": "F07156", "Naar_knpnr": "F07157", "Strengnr": 1, "Offset": 0, "Strengtype": "kolkaansluitleiding", "Afvoertype": "hemelwater gs", "Jaar": "0", "Jaar_recon": "0", "Materiaal": "pvc klasse 34 sn8", "Vorm": "rond", "Voeg": "mof-spie", "Grondslag": "onbekend", "Fundatie": "onbekend", "VanBobpeil": "", "NarBobpeil": "", "Straat": "\"steekterweg, alphen aan den rijn\"", "Straattype": "onbekend", "Verh_type": "onbekend", "Breedte": 160, "Hoogte": 160, "BodemBrdt": 5, "Lengte": 17.8600006, "Gebied": "hooge burch gs", "Inspectie": "", "JaarVerv": "0", "Beslismodl": "Geen beoordeling", "Beoordeeld": "0000", "Tactisch": 7, "Act_Direct": 0, "Act_In_5Y": 0, "Act_In_10Y": 0, "Geen_actie": 0, "Niet_beord": 17.86, "Operationl": 0, "Project": "", "APM": 0, "APV": "", "Kosten": 2674.71, "Opmerking": "", "Tekening": "INPA070748_001 REV TOTAA", "OBJ_ID": "0", "OBJECTID": 282, "Shape_Length": 17.86059656848797}}, {"type": "Feature", "id": 283, "geometry": {"type": "LineString", "coordinates": [[109616.51000000164, 457736.76399999857], [109616.12299999967, 457736.7679999992]]}, "properties": {"Datum": "20190520", "Van_knpnr": "F07156", "Naar_knpnr": "ZMK0059", "Strengnr": 1, "Offset": 0, "Strengtype": "kolkaansluitleiding", "Afvoertype": "hemelwater gs", "Jaar": "0", "Jaar_recon": "0", "Materiaal": "pvc klasse 34 sn8", "Vorm": "rond", "Voeg": "mof-spie", "Grondslag": "onbekend", "Fundatie": "onbekend", "VanBobpeil": "", "NarBobpeil": "", "Straat": "\"steekterweg, alphen aan den rijn\"", "Straattype": "onbekend", "Verh_type": "onbekend", "Breedte": 125, "Hoogte": 125, "BodemBrdt": 4, "Lengte": 0.389999986, "Gebied": "centrum zwammerdam gem", "Inspectie": "", "JaarVerv": "0", "Beslismodl": "Geen beoordeling", "Beoordeeld": "0000", "Tactisch": 7, "Act_Direct": 0, "Act_In_5Y": 0, "Act_In_10Y": 0, "Geen_actie": 0, "Niet_beord": 0.39, "Operationl": 0, "Project": "", "APM": 0, "APV": "", "Kosten": 56.16, "Opmerking": "", "Tekening": "INPA070748_001 REV TOTAA", "OBJ_ID": "0", "OBJECTID": 283, "Shape_Length": 0.3870206732561803}}, {"type": "Feature", "id": 284, "geometry": {"type": "LineString", "coordinates": [[109602.9609999992, 457744.0760000013], [109600.92599999905, 457747.88699999824], [109598.64699999988, 457749.6810000017], [109593.82800000161, 457760.19099999964]]}, "properties": {"Datum": "20190520", "Van_knpnr": "F07157", "Naar_knpnr": "F07158", "Strengnr": 1, "Offset": 0, "Strengtype": "kolkaansluitleiding", "Afvoertype": "hemelwater gs", "Jaar": "0", "Jaar_recon": "0", "Materiaal": "pvc klasse 34 sn8", "Vorm": "rond", "Voeg": "mof-spie", "Grondslag": "onbekend", "Fundatie": "onbekend", "VanBobpeil": "", "NarBobpeil": "", "Straat": "\"steekterweg, alphen aan den rijn\"", "Straattype": "onbekend", "Verh_type": "onbekend", "Breedte": 160, "Hoogte": 160, "BodemBrdt": 5, "Lengte": 18.7800007, "Gebied": "hooge burch gs", "Inspectie": "", "JaarVerv": "0", "Beslismodl": "Geen beoordeling", "Beoordeeld": "0000", "Tactisch": 7, "Act_Direct": 0, "Act_In_5Y": 0, "Act_In_10Y": 0, "Geen_actie": 0, "Niet_beord": 18.78, "Operationl": 0, "Project": "", "APM": 0, "APV": "", "Kosten": 2812.49, "Opmerking": "", "Tekening": "INPA070748_001 REV TOTAA", "OBJ_ID": "0", "OBJECTID": 284, "Shape_Length": 18.7828176915575}}, {"type": "Feature", "id": 285, "geometry": {"type": "LineString", "coordinates": [[109560.50600000098, 457740.2809999995], [109566.06399999931, 457745.5929999985], [109569.21299999952, 457743.1259999983], [109572.92199999839, 457747.07400000095]]}, "properties": {"Datum": "20190520", "Van_knpnr": "F07159U", "Naar_knpnr": "ZMK0056", "Strengnr": 1, "Offset": 0, "Strengtype": "kolkaansluitleiding", "Afvoertype": "hemelwater gs", "Jaar": "0", "Jaar_recon": "0", "Materiaal": "pvc klasse 34 sn8", "Vorm": "rond", "Voeg": "mof-spie", "Grondslag": "onbekend", "Fundatie": "onbekend", "VanBobpeil": "", "NarBobpeil": "", "Straat": "\"steekterweg, alphen aan den rijn\"", "Straattype": "onbekend", "Verh_type": "onbekend", "Breedte": 125, "Hoogte": 125, "BodemBrdt": 4, "Lengte": 17.1100006, "Gebied": "hooge burch gs", "Inspectie": "", "JaarVerv": "0", "Beslismodl": "Geen beoordeling", "Beoordeeld": "0000", "Tactisch": 7, "Act_Direct": 0, "Act_In_5Y": 0, "Act_In_10Y": 0, "Geen_actie": 0, "Niet_beord": 17.11, "Operationl": 0, "Project": "", "APM": 0, "APV": "", "Kosten": 2464.01, "Opmerking": "", "Tekening": "INPA070748_001 REV TOTAA", "OBJ_ID": "a5ac192b97554470924cd286002e2dba", "OBJECTID": 285, "Shape_Length": 17.105458498275336}}, {"type": "Feature", "id": 286, "geometry": {"type": "LineString", "coordinates": [[109481.9990000017, 457815.686999999], [109488.01900000125, 457823.3720000014], [109485.14400000125, 457825.72399999946], [109486.01000000164, 457827.13800000027]]}, "properties": {"Datum": "20190520", "Van_knpnr": "F07160U", "Naar_knpnr": "ZMK0055", "Strengnr": 1, "Offset": 0, "Strengtype": "kolkaansluitleiding", "Afvoertype": "hemelwater gs", "Jaar": "0", "Jaar_recon": "0", "Materiaal": "pvc klasse 34 sn8", "Vorm": "rond", "Voeg": "mof-spie", "Grondslag": "onbekend", "Fundatie": "onbekend", "VanBobpeil": "", "NarBobpeil": "", "Straat": "\"steekterweg, alphen aan den rijn\"", "Straattype": "onbekend", "Verh_type": "onbekend", "Breedte": 125, "Hoogte": 125, "BodemBrdt": 4, "Lengte": 15.1400003, "Gebied": "hooge burch gs", "Inspectie": "", "JaarVerv": "0", "Beslismodl": "Geen beoordeling", "Beoordeeld": "0000", "Tactisch": 7, "Act_Direct": 0, "Act_In_5Y": 0, "Act_In_10Y": 0, "Geen_actie": 0, "Niet_beord": 15.14, "Operationl": 0, "Project": "", "APM": 0, "APV": "", "Kosten": 2180.31, "Opmerking": "", "Tekening": "INPA070748_001 REV TOTAA", "OBJ_ID": "0", "OBJECTID": 286, "Shape_Length": 15.134772212171708}}, {"type": "Feature", "id": 287, "geometry": {"type": "LineString", "coordinates": [[109467.55299999937, 457828.2289999984], [109474.19799999893, 457836.7120000012], [109477.44000000134, 457834.26399999857], [109479.33199999854, 457836.63500000164]]}, "properties": {"Datum": "20190520", "Van_knpnr": "F07161U", "Naar_knpnr": "ZMK0054", "Strengnr": 1, "Offset": 0, "Strengtype": "kolkaansluitleiding", "Afvoertype": "hemelwater gs", "Jaar": "0", "Jaar_recon": "0", "Materiaal": "pvc klasse 34 sn8", "Vorm": "rond", "Voeg": "mof-spie", "Grondslag": "onbekend", "Fundatie": "onbekend", "VanBobpeil": "", "NarBobpeil": "", "Straat": "\"steekterweg, alphen aan den rijn\"", "Straattype": "onbekend", "Verh_type": "onbekend", "Breedte": 125, "Hoogte": 125, "BodemBrdt": 4, "Lengte": 17.8700008, "Gebied": "hooge burch gs", "Inspectie": "", "JaarVerv": "0", "Beslismodl": "Geen beoordeling", "Beoordeeld": "0000", "Tactisch": 7, "Act_Direct": 0, "Act_In_5Y": 0, "Act_In_10Y": 0, "Geen_actie": 0, "Niet_beord": 17.87, "Operationl": 0, "Project": "", "APM": 0, "APV": "", "Kosten": 2573.46, "Opmerking": "", "Tekening": "INPA070748_001 REV TOTAA", "OBJ_ID": "510f8f0bcdc14ce5b9a80d2ff9f87b1c", "OBJECTID": 287, "Shape_Length": 17.871561148098973}}, {"type": "Feature", "id": 288, "geometry": {"type": "LineString", "coordinates": [[109446.13500000164, 457846.99500000104], [109454.32499999925, 457857.9470000006]]}, "properties": {"Datum": "20190520", "Van_knpnr": "F07162U", "Naar_knpnr": "ZMK0051", "Strengnr": 1, "Offset": 0, "Strengtype": "kolkaansluitleiding", "Afvoertype": "hemelwater gs", "Jaar": "0", "Jaar_recon": "0", "Materiaal": "pvc klasse 34 sn8", "Vorm": "rond", "Voeg": "mof-spie", "Grondslag": "onbekend", "Fundatie": "onbekend", "VanBobpeil": "", "NarBobpeil": "", "Straat": "\"steekterweg, alphen aan den rijn\"", "Straattype": "onbekend", "Verh_type": "onbekend", "Breedte": 125, "Hoogte": 125, "BodemBrdt": 4, "Lengte": 13.6800003, "Gebied": "hooge burch gs", "Inspectie": "", "JaarVerv": "0", "Beslismodl": "Geen beoordeling", "Beoordeeld": "0000", "Tactisch": 7, "Act_Direct": 0, "Act_In_5Y": 0, "Act_In_10Y": 0, "Geen_actie": 0, "Niet_beord": 13.68, "Operationl": 0, "Project": "", "APM": 0, "APV": "", "Kosten": 1970.06, "Opmerking": "", "Tekening": "INPA070748_001 REV TOTAA", "OBJ_ID": "d9ae70bc78cd474ea2b277da67082a23", "OBJECTID": 288, "Shape_Length": 13.675613476250636}}, {"type": "Feature", "id": 289, "geometry": {"type": "LineString", "coordinates": [[109435.06899999827, 457856.55700000003], [109441.73900000006, 457866.0460000001]]}, "properties": {"Datum": "20190520", "Van_knpnr": "F07163U", "Naar_knpnr": "ZMK0049", "Strengnr": 1, "Offset": 0, "Strengtype": "kolkaansluitleiding", "Afvoertype": "hemelwater gs", "Jaar": "0", "Jaar_recon": "0", "Materiaal": "pvc klasse 34 sn8", "Vorm": "rond", "Voeg": "mof-spie", "Grondslag": "onbekend", "Fundatie": "onbekend", "VanBobpeil": "", "NarBobpeil": "", "Straat": "\"steekterweg, alphen aan den rijn\"", "Straattype": "onbekend", "Verh_type": "onbekend", "Breedte": 125, "Hoogte": 125, "BodemBrdt": 4, "Lengte": 11.6000004, "Gebied": "hooge burch gs", "Inspectie": "", "JaarVerv": "0", "Beslismodl": "Geen beoordeling", "Beoordeeld": "0000", "Tactisch": 7, "Act_Direct": 0, "Act_In_5Y": 0, "Act_In_10Y": 0, "Geen_actie": 0, "Niet_beord": 11.6, "Operationl": 0, "Project": "", "APM": 0, "APV": "", "Kosten": 1670.52, "Opmerking": "", "Tekening": "INPA070748_001 REV TOTAA", "OBJ_ID": "4434baec2dbc47439959fb1d333e3027", "OBJECTID": 289, "Shape_Length": 11.598707730820058}}, {"type": "Feature", "id": 290, "geometry": {"type": "LineString", "coordinates": [[109460.79800000042, 457875.94099999964], [109455.5150000006, 457869.1970000006]]}, "properties": {"Datum": "20190520", "Van_knpnr": "F07164U", "Naar_knpnr": "F07259", "Strengnr": 1, "Offset": 0, "Strengtype": "kolkaansluitleiding", "Afvoertype": "hemelwater gs", "Jaar": "0", "Jaar_recon": "0", "Materiaal": "pvc klasse 34 sn8", "Vorm": "rond", "Voeg": "mof-spie", "Grondslag": "onbekend", "Fundatie": "onbekend", "VanBobpeil": "", "NarBobpeil": "", "Straat": "\"steekterweg, alphen aan den rijn\"", "Straattype": "onbekend", "Verh_type": "onbekend", "Breedte": 125, "Hoogte": 125, "BodemBrdt": 4, "Lengte": 8.56999969, "Gebied": "hooge burch gs", "Inspectie": "", "JaarVerv": "0", "Beslismodl": "Geen beoordeling", "Beoordeeld": "0000", "Tactisch": 7, "Act_Direct": 0, "Act_In_5Y": 0, "Act_In_10Y": 0, "Geen_actie": 0, "Niet_beord": 8.57, "Operationl": 0, "Project": "", "APM": 0, "APV": "", "Kosten": 1234.17, "Opmerking": "", "Tekening": "INPA070748_001 REV TOTAA", "OBJ_ID": "90ac0b049f964f49b4806d9130e92a69", "OBJECTID": 290, "Shape_Length": 8.566891208883508}}, {"type": "Feature", "id": 291, "geometry": {"type": "LineString", "coordinates": [[109379.98999999836, 457945.4979999997], [109373.90399999917, 457937.7109999992], [109368.54600000009, 457941.8990000002], [109367.37999999896, 457940.9990000017]]}, "properties": {"Datum": "20190520", "Van_knpnr": "F07167U", "Naar_knpnr": "ZMK0043", "Strengnr": 1, "Offset": 0, "Strengtype": "kolkaansluitleiding", "Afvoertype": "hemelwater gs", "Jaar": "0", "Jaar_recon": "0", "Materiaal": "pvc klasse 34 sn8", "Vorm": "rond", "Voeg": "mof-spie", "Grondslag": "onbekend", "Fundatie": "onbekend", "VanBobpeil": "", "NarBobpeil": "", "Straat": "\"steekterweg, alphen aan den rijn\"", "Straattype": "onbekend", "Verh_type": "onbekend", "Breedte": 125, "Hoogte": 125, "BodemBrdt": 4, "Lengte": 18.1599998, "Gebied": "hooge burch gs", "Inspectie": "", "JaarVerv": "0", "Beslismodl": "Geen beoordeling", "Beoordeeld": "0000", "Tactisch": 7, "Act_Direct": 0, "Act_In_5Y": 0, "Act_In_10Y": 0, "Geen_actie": 0, "Niet_beord": 18.16, "Operationl": 0, "Project": "", "APM": 0, "APV": "", "Kosten": 2615.22, "Opmerking": "", "Tekening": "INPA070748_001 REV TOTAA", "OBJ_ID": "a7402d2986e64460a29c6e42ae980049", "OBJECTID": 291, "Shape_Length": 18.156648930852143}}, {"type": "Feature", "id": 292, "geometry": {"type": "LineString", "coordinates": [[109366.9059999995, 457955.0379999988], [109355.47399999946, 457957.1339999996], [109357.02600000054, 457952.506000001], [109355.76700000092, 457952.18499999866]]}, "properties": {"Datum": "20190520", "Van_knpnr": "F07168U", "Naar_knpnr": "ZMK0045", "Strengnr": 1, "Offset": 0, "Strengtype": "kolkaansluitleiding", "Afvoertype": "hemelwater gs", "Jaar": "0", "Jaar_recon": "0", "Materiaal": "pvc klasse 34 sn8", "Vorm": "rond", "Voeg": "mof-spie", "Grondslag": "onbekend", "Fundatie": "onbekend", "VanBobpeil": "", "NarBobpeil": "", "Straat": "\"steekterweg, alphen aan den rijn\"", "Straattype": "onbekend", "Verh_type": "onbekend", "Breedte": 125, "Hoogte": 125, "BodemBrdt": 4, "Lengte": 17.7999992, "Gebied": "hooge burch gs", "Inspectie": "", "JaarVerv": "0", "Beslismodl": "Geen beoordeling", "Beoordeeld": "0000", "Tactisch": 7, "Act_Direct": 0, "Act_In_5Y": 0, "Act_In_10Y": 0, "Geen_actie": 0, "Niet_beord": 17.8, "Operationl": 0, "Project": "", "APM": 0, "APV": "", "Kosten": 2563.38, "Opmerking": "", "Tekening": "INPA070748_001 REV TOTAA", "OBJ_ID": "94e7744b849d454b9b69b14dd1169944", "OBJECTID": 292, "Shape_Length": 17.803134695630877}}, {"type": "Feature", "id": 293, "geometry": {"type": "LineString", "coordinates": [[109367.27600000054, 457959.9270000011], [109360.58999999985, 457965.19000000134], [109357.21599999815, 457962.6400000006], [109355.17500000075, 457964.12900000066]]}, "properties": {"Datum": "20190520", "Van_knpnr": "F07169U", "Naar_knpnr": "ZMK0044", "Strengnr": 1, "Offset": 0, "Strengtype": "kolkaansluitleiding", "Afvoertype": "hemelwater gs", "Jaar": "0", "Jaar_recon": "0", "Materiaal": "pvc klasse 34 sn8", "Vorm": "rond", "Voeg": "mof-spie", "Grondslag": "onbekend", "Fundatie": "onbekend", "VanBobpeil": "", "NarBobpeil": "", "Straat": "\"steekterweg, alphen aan den rijn\"", "Straattype": "onbekend", "Verh_type": "onbekend", "Breedte": 125, "Hoogte": 125, "BodemBrdt": 4, "Lengte": 15.2700005, "Gebied": "hooge burch gs", "Inspectie": "", "JaarVerv": "0", "Beslismodl": "Geen beoordeling", "Beoordeeld": "0000", "Tactisch": 7, "Act_Direct": 0, "Act_In_5Y": 0, "Act_In_10Y": 0, "Geen_actie": 0, "Niet_beord": 15.27, "Operationl": 0, "Project": "", "APM": 0, "APV": "", "Kosten": 2199.03, "Opmerking": "", "Tekening": "INPA070748_001 REV TOTAA", "OBJ_ID": "9a06cb3dd33149698f0daa084fbbb7f4", "OBJECTID": 293, "Shape_Length": 15.26457222990123}}, {"type": "Feature", "id": 294, "geometry": {"type": "LineString", "coordinates": [[109373.52800000086, 457965.7270000018], [109368.36100000143, 457975.02800000086]]}, "properties": {"Datum": "20190520", "Van_knpnr": "F07171U", "Naar_knpnr": "F07172", "Strengnr": 1, "Offset": 0, "Strengtype": "kolkaansluitleiding", "Afvoertype": "hemelwater gs", "Jaar": "0", "Jaar_recon": "0", "Materiaal": "pvc klasse 34 sn8", "Vorm": "rond", "Voeg": "mof-spie", "Grondslag": "onbekend", "Fundatie": "onbekend", "VanBobpeil": "", "NarBobpeil": "", "Straat": "\"steekterweg, alphen aan den rijn\"", "Straattype": "onbekend", "Verh_type": "onbekend", "Breedte": 125, "Hoogte": 125, "BodemBrdt": 4, "Lengte": 10.6400003, "Gebied": "centrum zwammerdam gem", "Inspectie": "", "JaarVerv": "0", "Beslismodl": "Geen beoordeling", "Beoordeeld": "0000", "Tactisch": 7, "Act_Direct": 0, "Act_In_5Y": 0, "Act_In_10Y": 0, "Geen_actie": 0, "Niet_beord": 10.64, "Operationl": 0, "Project": "", "APM": 0, "APV": "", "Kosten": 1532.27, "Opmerking": "", "Tekening": "INPA070748_001 REV TOTAA", "OBJ_ID": "0", "OBJECTID": 294, "Shape_Length": 10.639853851271086}}, {"type": "Feature", "id": 295, "geometry": {"type": "LineString", "coordinates": [[109368.36100000143, 457975.02800000086], [109367.31500000134, 457974.35500000045], [109366.59800000116, 457975.5480000004]]}, "properties": {"Datum": "20190520", "Van_knpnr": "F07172", "Naar_knpnr": "ZMK0046", "Strengnr": 1, "Offset": 0, "Strengtype": "kolkaansluitleiding", "Afvoertype": "hemelwater gs", "Jaar": "0", "Jaar_recon": "0", "Materiaal": "pvc klasse 34 sn8", "Vorm": "rond", "Voeg": "mof-spie", "Grondslag": "onbekend", "Fundatie": "onbekend", "VanBobpeil": "", "NarBobpeil": "", "Straat": "\"steekterweg, alphen aan den rijn\"", "Straattype": "onbekend", "Verh_type": "onbekend", "Breedte": 125, "Hoogte": 125, "BodemBrdt": 4, "Lengte": 2.6400001, "Gebied": "centrum zwammerdam gem", "Inspectie": "", "JaarVerv": "0", "Beslismodl": "Geen beoordeling", "Beoordeeld": "0000", "Tactisch": 7, "Act_Direct": 0, "Act_In_5Y": 0, "Act_In_10Y": 0, "Geen_actie": 0, "Niet_beord": 2.64, "Operationl": 0, "Project": "", "APM": 0, "APV": "", "Kosten": 380.19, "Opmerking": "", "Tekening": "INPA070748_001 REV TOTAA", "OBJ_ID": "0", "OBJECTID": 295, "Shape_Length": 2.63568553481783}}, {"type": "Feature", "id": 296, "geometry": {"type": "LineString", "coordinates": [[109368.36100000143, 457975.02800000086], [109374.1799999997, 457978.88500000164], [109373.76099999994, 457979.51000000164]]}, "properties": {"Datum": "20190520", "Van_knpnr": "F07172", "Naar_knpnr": "ZMK0047", "Strengnr": 1, "Offset": 0, "Strengtype": "kolkaansluitleiding", "Afvoertype": "hemelwater gs", "Jaar": "0", "Jaar_recon": "0", "Materiaal": "pvc klasse 34 sn8", "Vorm": "rond", "Voeg": "mof-spie", "Grondslag": "onbekend", "Fundatie": "onbekend", "VanBobpeil": "", "NarBobpeil": "", "Straat": "\"steekterweg, alphen aan den rijn\"", "Straattype": "onbekend", "Verh_type": "onbekend", "Breedte": 125, "Hoogte": 125, "BodemBrdt": 4, "Lengte": 7.73000002, "Gebied": "centrum zwammerdam gem", "Inspectie": "", "JaarVerv": "0", "Beslismodl": "Geen beoordeling", "Beoordeeld": "0000", "Tactisch": 7, "Act_Direct": 0, "Act_In_5Y": 0, "Act_In_10Y": 0, "Geen_actie": 0, "Niet_beord": 7.73, "Operationl": 0, "Project": "", "APM": 0, "APV": "", "Kosten": 1113.2, "Opmerking": "", "Tekening": "INPA070748_001 REV TOTAA", "OBJ_ID": "0", "OBJECTID": 296, "Shape_Length": 7.733657370544222}}, {"type": "Feature", "id": 297, "geometry": {"type": "LineString", "coordinates": [[109341.75699999928, 457976.1710000001], [109341.82699999958, 457974.56500000134]]}, "properties": {"Datum": "20190520", "Van_knpnr": "F07174", "Naar_knpnr": "AK2216", "Strengnr": 1, "Offset": 0, "Strengtype": "kolkaansluitleiding", "Afvoertype": "hemelwater gs", "Jaar": "0", "Jaar_recon": "0", "Materiaal": "pvc klasse 34 sn8", "Vorm": "rond", "Voeg": "mof-spie", "Grondslag": "onbekend", "Fundatie": "onbekend", "VanBobpeil": "", "NarBobpeil": "", "Straat": "\"steekterweg, alphen aan den rijn\"", "Straattype": "onbekend", "Verh_type": "onbekend", "Breedte": 125, "Hoogte": 125, "BodemBrdt": 4, "Lengte": 1.61000001, "Gebied": "steekterweg gs", "Inspectie": "", "JaarVerv": "0", "Beslismodl": "Geen beoordeling", "Beoordeeld": "0000", "Tactisch": 7, "Act_Direct": 0, "Act_In_5Y": 0, "Act_In_10Y": 0, "Geen_actie": 0, "Niet_beord": 1.61, "Operationl": 0, "Project": "", "APM": 0, "APV": "", "Kosten": 231.86, "Opmerking": "", "Tekening": "INPA070748_001 REV TOTAA", "OBJ_ID": "0", "OBJECTID": 297, "Shape_Length": 1.6075248041698362}}, {"type": "Feature", "id": 298, "geometry": {"type": "LineString", "coordinates": [[109341.75699999928, 457976.1710000001], [109342.59699999914, 457976.12999999896], [109350.18400000036, 457978.3269999996], [109350.62200000137, 457978.71400000155]]}, "properties": {"Datum": "20190520", "Van_knpnr": "F07174", "Naar_knpnr": "F07175", "Strengnr": 1, "Offset": 0, "Strengtype": "kolkaansluitleiding", "Afvoertype": "hemelwater gs", "Jaar": "0", "Jaar_recon": "0", "Materiaal": "pvc klasse 34 sn8", "Vorm": "rond", "Voeg": "mof-spie", "Grondslag": "onbekend", "Fundatie": "onbekend", "VanBobpeil": "", "NarBobpeil": "", "Straat": "\"steekterweg, alphen aan den rijn\"", "Straattype": "onbekend", "Verh_type": "onbekend", "Breedte": 125, "Hoogte": 125, "BodemBrdt": 4, "Lengte": 9.31999969, "Gebied": "steekterweg gs", "Inspectie": "", "JaarVerv": "0", "Beslismodl": "Geen beoordeling", "Beoordeeld": "0000", "Tactisch": 7, "Act_Direct": 0, "Act_In_5Y": 0, "Act_In_10Y": 0, "Geen_actie": 0, "Niet_beord": 9.32, "Operationl": 0, "Project": "", "APM": 0, "APV": "", "Kosten": 1342.17, "Opmerking": "", "Tekening": "INPA070748_001 REV TOTAA", "OBJ_ID": "0", "OBJECTID": 298, "Shape_Length": 9.3241713946202}}, {"type": "Feature", "id": 299, "geometry": {"type": "LineString", "coordinates": [[109350.62200000137, 457978.71400000155], [109351.29300000146, 457977.8969999999]]}, "properties": {"Datum": "20190520", "Van_knpnr": "F07175", "Naar_knpnr": "ZMK0013", "Strengnr": 1, "Offset": 0, "Strengtype": "kolkaansluitleiding", "Afvoertype": "hemelwater gs", "Jaar": "0", "Jaar_recon": "0", "Materiaal": "pvc klasse 34 sn8", "Vorm": "rond", "Voeg": "mof-spie", "Grondslag": "onbekend", "Fundatie": "onbekend", "VanBobpeil": "", "NarBobpeil": "", "Straat": "\"steekterweg, alphen aan den rijn\"", "Straattype": "onbekend", "Verh_type": "onbekend", "Breedte": 125, "Hoogte": 125, "BodemBrdt": 4, "Lengte": 1.05999994, "Gebied": "steekterweg gs", "Inspectie": "", "JaarVerv": "0", "Beslismodl": "Geen beoordeling", "Beoordeeld": "0000", "Tactisch": 7, "Act_Direct": 0, "Act_In_5Y": 0, "Act_In_10Y": 0, "Geen_actie": 0, "Niet_beord": 1.06, "Operationl": 0, "Project": "", "APM": 0, "APV": "", "Kosten": 152.65, "Opmerking": "", "Tekening": "INPA070748_001 REV TOTAA", "OBJ_ID": "0", "OBJECTID": 299, "Shape_Length": 1.057227507609888}}, {"type": "Feature", "id": 300, "geometry": {"type": "LineString", "coordinates": [[109354.11699999869, 457924.0610000007], [109360.83900000155, 457931.39400000125], [109360.59099999815, 457931.561999999], [109361.3209999986, 457932.7049999982]]}, "properties": {"Datum": "20190520", "Van_knpnr": "F07176U", "Naar_knpnr": "ZMK0042", "Strengnr": 1, "Offset": 0, "Strengtype": "kolkaansluitleiding", "Afvoertype": "hemelwater gs", "Jaar": "0", "Jaar_recon": "0", "Materiaal": "pvc klasse 34 sn8", "Vorm": "rond", "Voeg": "mof-spie", "Grondslag": "onbekend", "Fundatie": "onbekend", "VanBobpeil": "", "NarBobpeil": "", "Straat": "\"steekterweg, alphen aan den rijn\"", "Straattype": "onbekend", "Verh_type": "onbekend", "Breedte": 125, "Hoogte": 125, "BodemBrdt": 4, "Lengte": 11.6000004, "Gebied": "hooge burch gs", "Inspectie": "", "JaarVerv": "0", "Beslismodl": "Geen beoordeling", "Beoordeeld": "0000", "Tactisch": 7, "Act_Direct": 0, "Act_In_5Y": 0, "Act_In_10Y": 0, "Geen_actie": 0, "Niet_beord": 11.6, "Operationl": 0, "Project": "", "APM": 0, "APV": "", "Kosten": 1670.52, "Opmerking": "", "Tekening": "INPA070748_001 REV TOTAA", "OBJ_ID": "59034e52cd6c4f69bb9f019c35ed797a", "OBJECTID": 300, "Shape_Length": 11.603544603898454}}, {"type": "Feature", "id": 301, "geometry": {"type": "LineString", "coordinates": [[109341.19399999827, 457928.7529999986], [109337.59499999881, 457937.006000001]]}, "properties": {"Datum": "20190520", "Van_knpnr": "F07177U", "Naar_knpnr": "F07182", "Strengnr": 1, "Offset": 0, "Strengtype": "kolkaansluitleiding", "Afvoertype": "hemelwater gs", "Jaar": "0", "Jaar_recon": "0", "Materiaal": "pvc klasse 34 sn8", "Vorm": "rond", "Voeg": "mof-spie", "Grondslag": "onbekend", "Fundatie": "onbekend", "VanBobpeil": "", "NarBobpeil": "", "Straat": "\"steekterweg, alphen aan den rijn\"", "Straattype": "onbekend", "Verh_type": "onbekend", "Breedte": 125, "Hoogte": 125, "BodemBrdt": 4, "Lengte": 9, "Gebied": "hooge burch gs", "Inspectie": "", "JaarVerv": "0", "Beslismodl": "Geen beoordeling", "Beoordeeld": "0000", "Tactisch": 7, "Act_Direct": 0, "Act_In_5Y": 0, "Act_In_10Y": 0, "Geen_actie": 0, "Niet_beord": 9, "Operationl": 0, "Project": "", "APM": 0, "APV": "", "Kosten": 1296.09, "Opmerking": "", "Tekening": "INPA070748_001 REV TOTAA", "OBJ_ID": "7deae6642b274380b7e6a9ed705cd9fb", "OBJECTID": 301, "Shape_Length": 9.00359983756498}}, {"type": "Feature", "id": 302, "geometry": {"type": "LineString", "coordinates": [[109311.44799999893, 457951.0179999992], [109320.04699999839, 457949.7289999984]]}, "properties": {"Datum": "20190520", "Van_knpnr": "F07178U", "Naar_knpnr": "F07181", "Strengnr": 1, "Offset": 0, "Strengtype": "kolkaansluitleiding", "Afvoertype": "hemelwater gs", "Jaar": "0", "Jaar_recon": "0", "Materiaal": "pvc klasse 34 sn8", "Vorm": "rond", "Voeg": "mof-spie", "Grondslag": "onbekend", "Fundatie": "onbekend", "VanBobpeil": "", "NarBobpeil": "", "Straat": "\"steekterweg, alphen aan den rijn\"", "Straattype": "onbekend", "Verh_type": "onbekend", "Breedte": 125, "Hoogte": 125, "BodemBrdt": 4, "Lengte": 8.69999981, "Gebied": "hooge burch gs", "Inspectie": "", "JaarVerv": "0", "Beslismodl": "Geen beoordeling", "Beoordeeld": "0000", "Tactisch": 7, "Act_Direct": 0, "Act_In_5Y": 0, "Act_In_10Y": 0, "Geen_actie": 0, "Niet_beord": 8.7, "Operationl": 0, "Project": "", "APM": 0, "APV": "", "Kosten": 1252.89, "Opmerking": "", "Tekening": "INPA070748_001 REV TOTAA", "OBJ_ID": "0", "OBJECTID": 302, "Shape_Length": 8.695074582362631}}, {"type": "Feature", "id": 303, "geometry": {"type": "LineString", "coordinates": [[109306.10599999875, 457959.09600000083], [109312.58900000155, 457970.2870000005], [109312.84200000018, 457970.07499999925], [109313.10799999908, 457970.50400000066]]}, "properties": {"Datum": "20190520", "Van_knpnr": "F07179U", "Naar_knpnr": "ZMK0038", "Strengnr": 1, "Offset": 0, "Strengtype": "kolkaansluitleiding", "Afvoertype": "hemelwater gs", "Jaar": "0", "Jaar_recon": "0", "Materiaal": "pvc klasse 34 sn8", "Vorm": "rond", "Voeg": "mof-spie", "Grondslag": "onbekend", "Fundatie": "onbekend", "VanBobpeil": "", "NarBobpeil": "", "Straat": "\"steekterweg, alphen aan den rijn\"", "Straattype": "onbekend", "Verh_type": "onbekend", "Breedte": 125, "Hoogte": 125, "BodemBrdt": 4, "Lengte": 13.7700005, "Gebied": "steekterweg gs", "Inspectie": "", "JaarVerv": "0", "Beslismodl": "Geen beoordeling", "Beoordeeld": "0000", "Tactisch": 7, "Act_Direct": 0, "Act_In_5Y": 0, "Act_In_10Y": 0, "Geen_actie": 0, "Niet_beord": 13.77, "Operationl": 0, "Project": "", "APM": 0, "APV": "", "Kosten": 1983.02, "Opmerking": "", "Tekening": "INPA070748_001 REV TOTAA", "OBJ_ID": "0", "OBJECTID": 303, "Shape_Length": 13.768058667669965}}, {"type": "Feature", "id": 304, "geometry": {"type": "LineString", "coordinates": [[109337.59499999881, 457937.006000001], [109337.19299999997, 457937.8539999984], [109335.00699999928, 457937.32499999925], [109333.87900000066, 457941.9910000004], [109332.12900000066, 457941.56799999997], [109331.79800000042, 457943.04100000113]]}, "properties": {"Datum": "20190520", "Van_knpnr": "F07182", "Naar_knpnr": "ZMK0040", "Strengnr": 1, "Offset": 0, "Strengtype": "kolkaansluitleiding", "Afvoertype": "hemelwater gs", "Jaar": "0", "Jaar_recon": "0", "Materiaal": "pvc klasse 34 sn8", "Vorm": "rond", "Voeg": "mof-spie", "Grondslag": "onbekend", "Fundatie": "onbekend", "VanBobpeil": "", "NarBobpeil": "", "Straat": "\"steekterweg, alphen aan den rijn\"", "Straattype": "onbekend", "Verh_type": "onbekend", "Breedte": 125, "Hoogte": 125, "BodemBrdt": 4, "Lengte": 11.3000002, "Gebied": "hooge burch gs", "Inspectie": "", "JaarVerv": "0", "Beslismodl": "Geen beoordeling", "Beoordeeld": "0000", "Tactisch": 7, "Act_Direct": 0, "Act_In_5Y": 0, "Act_In_10Y": 0, "Geen_actie": 0, "Niet_beord": 11.3, "Operationl": 0, "Project": "", "APM": 0, "APV": "", "Kosten": 1627.31, "Opmerking": "", "Tekening": "INPA070748_001 REV TOTAA", "OBJ_ID": "0", "OBJECTID": 304, "Shape_Length": 11.298096435024364}}, {"type": "Feature", "id": 305, "geometry": {"type": "LineString", "coordinates": [[109337.59499999881, 457937.006000001], [109340.59899999946, 457942.5450000018], [109342.86199999973, 457943.5709999986], [109345.28700000048, 457941.7170000002], [109345.94999999925, 457942.8040000014]]}, "properties": {"Datum": "20190520", "Van_knpnr": "F07182", "Naar_knpnr": "ZMK0041", "Strengnr": 1, "Offset": 0, "Strengtype": "kolkaansluitleiding", "Afvoertype": "hemelwater gs", "Jaar": "0", "Jaar_recon": "0", "Materiaal": "pvc klasse 34 sn8", "Vorm": "rond", "Voeg": "mof-spie", "Grondslag": "onbekend", "Fundatie": "onbekend", "VanBobpeil": "", "NarBobpeil": "", "Straat": "\"steekterweg, alphen aan den rijn\"", "Straattype": "onbekend", "Verh_type": "onbekend", "Breedte": 125, "Hoogte": 125, "BodemBrdt": 4, "Lengte": 13.1099997, "Gebied": "hooge burch gs", "Inspectie": "", "JaarVerv": "0", "Beslismodl": "Geen beoordeling", "Beoordeeld": "0000", "Tactisch": 7, "Act_Direct": 0, "Act_In_5Y": 0, "Act_In_10Y": 0, "Geen_actie": 0, "Niet_beord": 13.11, "Operationl": 0, "Project": "", "APM": 0, "APV": "", "Kosten": 1887.97, "Opmerking": "", "Tekening": "INPA070748_001 REV TOTAA", "OBJ_ID": "5f8e57c7b1c544b79c8cd81f8dd97a36", "OBJECTID": 305, "Shape_Length": 13.111645381216864}}, {"type": "Feature", "id": 306, "geometry": {"type": "LineString", "coordinates": [[109368.80700000003, 457992.95899999887], [109364.85599999875, 457993.70899999887], [109364.02400000021, 457993.2349999994], [109331.69299999997, 458000.0460000001]]}, "properties": {"Datum": "20190520", "Van_knpnr": "F07183", "Naar_knpnr": "A28979", "Strengnr": 1, "Offset": 0, "Strengtype": "kolkaansluitleiding", "Afvoertype": "hemelwater gs", "Jaar": "0", "Jaar_recon": "0", "Materiaal": "pvc klasse 34 sn8", "Vorm": "rond", "Voeg": "mof-spie", "Grondslag": "onbekend", "Fundatie": "onbekend", "VanBobpeil": "", "NarBobpeil": "", "Straat": "\"spoorlaan, zwammerdam\"", "Straattype": "onbekend", "Verh_type": "onbekend", "Breedte": 160, "Hoogte": 160, "BodemBrdt": 5, "Lengte": 38.0200005, "Gebied": "steekterweg gs", "Inspectie": "", "JaarVerv": "0", "Beslismodl": "Geen beoordeling", "Beoordeeld": "0000", "Tactisch": 7, "Act_Direct": 0, "Act_In_5Y": 0, "Act_In_10Y": 0, "Geen_actie": 0, "Niet_beord": 38.02, "Operationl": 0, "Project": "", "APM": 0, "APV": "", "Kosten": 5693.88, "Opmerking": "", "Tekening": "INPA070748_001 REV TOTAA", "OBJ_ID": "0", "OBJECTID": 306, "Shape_Length": 38.01973427948275}}, {"type": "Feature", "id": 307, "geometry": {"type": "LineString", "coordinates": [[109326.51900000125, 457993.4270000011], [109328.56199999899, 457996.03500000015], [109331.69299999997, 458000.0460000001]]}, "properties": {"Datum": "20190520", "Van_knpnr": "F07184", "Naar_knpnr": "A28979", "Strengnr": 1, "Offset": 0, "Strengtype": "kolkaansluitleiding", "Afvoertype": "hemelwater gs", "Jaar": "0", "Jaar_recon": "0", "Materiaal": "pvc klasse 34 sn8", "Vorm": "rond", "Voeg": "mof-spie", "Grondslag": "onbekend", "Fundatie": "onbekend", "VanBobpeil": "", "NarBobpeil": "", "Straat": "\"spoorlaan, zwammerdam\"", "Straattype": "onbekend", "Verh_type": "onbekend", "Breedte": 160, "Hoogte": 160, "BodemBrdt": 5, "Lengte": 8.39999962, "Gebied": "steekterweg gs", "Inspectie": "", "JaarVerv": "0", "Beslismodl": "Geen beoordeling", "Beoordeeld": "0000", "Tactisch": 7, "Act_Direct": 0, "Act_In_5Y": 0, "Act_In_10Y": 0, "Geen_actie": 0, "Niet_beord": 8.4, "Operationl": 0, "Project": "", "APM": 0, "APV": "", "Kosten": 1257.98, "Opmerking": "", "Tekening": "INPA070748_001 REV TOTAA", "OBJ_ID": "0", "OBJECTID": 307, "Shape_Length": 8.40127884685785}}, {"type": "Feature", "id": 308, "geometry": {"type": "LineString", "coordinates": [[109321.3599999994, 458003.9050000012], [109314.64799999818, 458007.16000000015]]}, "properties": {"Datum": "20190520", "Van_knpnr": "F07185", "Naar_knpnr": "F07260", "Strengnr": 1, "Offset": 0, "Strengtype": "kolkaansluitleiding", "Afvoertype": "hemelwater gs", "Jaar": "0", "Jaar_recon": "0", "Materiaal": "pvc klasse 34 sn8", "Vorm": "rond", "Voeg": "mof-spie", "Grondslag": "onbekend", "Fundatie": "onbekend", "VanBobpeil": "", "NarBobpeil": "", "Straat": "\"spoorlaan, zwammerdam\"", "Straattype": "onbekend", "Verh_type": "onbekend", "Breedte": 160, "Hoogte": 160, "BodemBrdt": 5, "Lengte": 7.46000004, "Gebied": "steekterweg gs", "Inspectie": "", "JaarVerv": "0", "Beslismodl": "Geen beoordeling", "Beoordeeld": "0000", "Tactisch": 7, "Act_Direct": 0, "Act_In_5Y": 0, "Act_In_10Y": 0, "Geen_actie": 0, "Niet_beord": 7.46, "Operationl": 0, "Project": "", "APM": 0, "APV": "", "Kosten": 1117.21, "Opmerking": "", "Tekening": "INPA070748_001 REV TOTAA", "OBJ_ID": "0", "OBJECTID": 308, "Shape_Length": 7.459622578228222}}, {"type": "Feature", "id": 309, "geometry": {"type": "LineString", "coordinates": [[109295.24100000039, 458010.90300000086], [109294.65799999982, 458009.5210000016], [109299.51900000125, 458007.4690000005]]}, "properties": {"Datum": "20190520", "Van_knpnr": "F07187", "Naar_knpnr": "F07189", "Strengnr": 1, "Offset": 0, "Strengtype": "kolkaansluitleiding", "Afvoertype": "hemelwater gs", "Jaar": "0", "Jaar_recon": "0", "Materiaal": "pvc klasse 34 sn8", "Vorm": "rond", "Voeg": "mof-spie", "Grondslag": "onbekend", "Fundatie": "onbekend", "VanBobpeil": "", "NarBobpeil": "", "Straat": "\"spoorlaan, zwammerdam\"", "Straattype": "onbekend", "Verh_type": "onbekend", "Breedte": 75, "Hoogte": 75, "BodemBrdt": 4, "Lengte": 6.78000021, "Gebied": "steekterweg gs", "Inspectie": "", "JaarVerv": "0", "Beslismodl": "Geen beoordeling", "Beoordeeld": "0000", "Tactisch": 7, "Act_Direct": 0, "Act_In_5Y": 0, "Act_In_10Y": 0, "Geen_actie": 0, "Niet_beord": 6.78, "Operationl": 0, "Project": "", "APM": 0, "APV": "", "Kosten": 863.57, "Opmerking": "", "Tekening": "INPA070748_001 REV TOTAA", "OBJ_ID": "0", "OBJECTID": 309, "Shape_Length": 6.7763024190327075}}, {"type": "Feature", "id": 310, "geometry": {"type": "LineString", "coordinates": [[109299.51900000125, 458007.4690000005], [109299.40300000086, 458007.19299999997]]}, "properties": {"Datum": "20190520", "Van_knpnr": "F07189", "Naar_knpnr": "AK2355", "Strengnr": 1, "Offset": 0, "Strengtype": "kolkaansluitleiding", "Afvoertype": "hemelwater gs", "Jaar": "0", "Jaar_recon": "0", "Materiaal": "pvc klasse 34 sn8", "Vorm": "rond", "Voeg": "mof-spie", "Grondslag": "onbekend", "Fundatie": "onbekend", "VanBobpeil": "", "NarBobpeil": "", "Straat": "\"spoorlaan, zwammerdam\"", "Straattype": "onbekend", "Verh_type": "onbekend", "Breedte": 75, "Hoogte": 75, "BodemBrdt": 4, "Lengte": 0.300000012, "Gebied": "steekterweg gs", "Inspectie": "", "JaarVerv": "0", "Beslismodl": "Geen beoordeling", "Beoordeeld": "0000", "Tactisch": 7, "Act_Direct": 0, "Act_In_5Y": 0, "Act_In_10Y": 0, "Geen_actie": 0, "Niet_beord": 0.3, "Operationl": 0, "Project": "", "APM": 0, "APV": "", "Kosten": 38.21, "Opmerking": "", "Tekening": "INPA070748_001 REV TOTAA", "OBJ_ID": "0", "OBJECTID": 310, "Shape_Length": 0.29938603906327976}}, {"type": "Feature", "id": 311, "geometry": {"type": "LineString", "coordinates": [[109299.51900000125, 458007.4690000005], [109301.20699999854, 458006.7569999993], [109303.125, 458007.5370000005], [109304.26700000092, 458010.24599999934]]}, "properties": {"Datum": "20190520", "Van_knpnr": "F07189", "Naar_knpnr": "F07188", "Strengnr": 1, "Offset": 0, "Strengtype": "kolkaansluitleiding", "Afvoertype": "hemelwater gs", "Jaar": "0", "Jaar_recon": "0", "Materiaal": "pvc klasse 34 sn8", "Vorm": "rond", "Voeg": "mof-spie", "Grondslag": "onbekend", "Fundatie": "onbekend", "VanBobpeil": "", "NarBobpeil": "", "Straat": "\"spoorlaan, zwammerdam\"", "Straattype": "onbekend", "Verh_type": "onbekend", "Breedte": 75, "Hoogte": 75, "BodemBrdt": 4, "Lengte": 6.84000015, "Gebied": "steekterweg gs", "Inspectie": "", "JaarVerv": "0", "Beslismodl": "Geen beoordeling", "Beoordeeld": "0000", "Tactisch": 7, "Act_Direct": 0, "Act_In_5Y": 0, "Act_In_10Y": 0, "Geen_actie": 0, "Niet_beord": 6.84, "Operationl": 0, "Project": "", "APM": 0, "APV": "", "Kosten": 871.21, "Opmerking": "", "Tekening": "INPA070748_001 REV TOTAA", "OBJ_ID": "0", "OBJECTID": 311, "Shape_Length": 6.842426190474253}}, {"type": "Feature", "id": 312, "geometry": {"type": "LineString", "coordinates": [[109291.82600000128, 458009.13899999857], [109291.32800000161, 458010.23000000045], [109293.26799999923, 458014.3530000001]]}, "properties": {"Datum": "20190520", "Van_knpnr": "F07191", "Naar_knpnr": "AK2210", "Strengnr": 1, "Offset": 0, "Strengtype": "kolkaansluitleiding", "Afvoertype": "hemelwater gs", "Jaar": "0", "Jaar_recon": "0", "Materiaal": "pvc klasse 34 sn8", "Vorm": "rond", "Voeg": "mof-spie", "Grondslag": "onbekend", "Fundatie": "onbekend", "VanBobpeil": "", "NarBobpeil": "", "Straat": "\"spoorlaan, zwammerdam\"", "Straattype": "onbekend", "Verh_type": "onbekend", "Breedte": 75, "Hoogte": 75, "BodemBrdt": 4, "Lengte": 5.76000023, "Gebied": "steekterweg gs", "Inspectie": "", "JaarVerv": "0", "Beslismodl": "Geen beoordeling", "Beoordeeld": "0000", "Tactisch": 7, "Act_Direct": 0, "Act_In_5Y": 0, "Act_In_10Y": 0, "Geen_actie": 0, "Niet_beord": 5.76, "Operationl": 0, "Project": "", "APM": 0, "APV": "", "Kosten": 733.65, "Opmerking": "", "Tekening": "INPA070748_001 REV TOTAA", "OBJ_ID": "0", "OBJECTID": 312, "Shape_Length": 5.755898968666124}}, {"type": "Feature", "id": 313, "geometry": {"type": "LineString", "coordinates": [[109291.82600000128, 458009.13899999857], [109294.60799999908, 458007.34600000083]]}, "properties": {"Datum": "20190520", "Van_knpnr": "F07191", "Naar_knpnr": "F07190", "Strengnr": 1, "Offset": 0, "Strengtype": "kolkaansluitleiding", "Afvoertype": "hemelwater gs", "Jaar": "0", "Jaar_recon": "0", "Materiaal": "pvc klasse 34 sn8", "Vorm": "rond", "Voeg": "mof-spie", "Grondslag": "onbekend", "Fundatie": "onbekend", "VanBobpeil": "", "NarBobpeil": "", "Straat": "\"steekterweg, alphen aan den rijn\"", "Straattype": "onbekend", "Verh_type": "onbekend", "Breedte": 125, "Hoogte": 125, "BodemBrdt": 4, "Lengte": 3.30999994, "Gebied": "steekterweg gs", "Inspectie": "", "JaarVerv": "0", "Beslismodl": "Geen beoordeling", "Beoordeeld": "0000", "Tactisch": 7, "Act_Direct": 0, "Act_In_5Y": 0, "Act_In_10Y": 0, "Geen_actie": 0, "Niet_beord": 3.31, "Operationl": 0, "Project": "", "APM": 0, "APV": "", "Kosten": 476.67, "Opmerking": "", "Tekening": "INPA070748_001 REV TOTAA", "OBJ_ID": "0", "OBJECTID": 313, "Shape_Length": 3.309739110505102}}, {"type": "Feature", "id": 314, "geometry": {"type": "LineString", "coordinates": [[109281.36100000143, 458015.936999999], [109281.9459999986, 458016.9990000017]]}, "properties": {"Datum": "20190520", "Van_knpnr": "F07192", "Naar_knpnr": "AK2209", "Strengnr": 1, "Offset": 0, "Strengtype": "kolkaansluitleiding", "Afvoertype": "hemelwater gs", "Jaar": "0", "Jaar_recon": "0", "Materiaal": "pvc klasse 34 sn8", "Vorm": "rond", "Voeg": "mof-spie", "Grondslag": "onbekend", "Fundatie": "onbekend", "VanBobpeil": "", "NarBobpeil": "", "Straat": "\"steekterweg, alphen aan den rijn\"", "Straattype": "onbekend", "Verh_type": "onbekend", "Breedte": 125, "Hoogte": 125, "BodemBrdt": 4, "Lengte": 1.21000004, "Gebied": "steekterweg gs", "Inspectie": "", "JaarVerv": "0", "Beslismodl": "Geen beoordeling", "Beoordeeld": "0000", "Tactisch": 7, "Act_Direct": 0, "Act_In_5Y": 0, "Act_In_10Y": 0, "Geen_actie": 0, "Niet_beord": 1.21, "Operationl": 0, "Project": "", "APM": 0, "APV": "", "Kosten": 174.25, "Opmerking": "", "Tekening": "INPA070748_001 REV TOTAA", "OBJ_ID": "0", "OBJECTID": 314, "Shape_Length": 1.2124640210941453}}, {"type": "Feature", "id": 315, "geometry": {"type": "LineString", "coordinates": [[109281.36100000143, 458015.936999999], [109291.82600000128, 458009.13899999857]]}, "properties": {"Datum": "20190520", "Van_knpnr": "F07192", "Naar_knpnr": "F07191", "Strengnr": 1, "Offset": 0, "Strengtype": "kolkaansluitleiding", "Afvoertype": "hemelwater gs", "Jaar": "0", "Jaar_recon": "0", "Materiaal": "pvc klasse 34 sn8", "Vorm": "rond", "Voeg": "mof-spie", "Grondslag": "onbekend", "Fundatie": "onbekend", "VanBobpeil": "", "NarBobpeil": "", "Straat": "\"steekterweg, alphen aan den rijn\"", "Straattype": "onbekend", "Verh_type": "onbekend", "Breedte": 125, "Hoogte": 125, "BodemBrdt": 4, "Lengte": 12.4799995, "Gebied": "steekterweg gs", "Inspectie": "", "JaarVerv": "0", "Beslismodl": "Geen beoordeling", "Beoordeeld": "0000", "Tactisch": 7, "Act_Direct": 0, "Act_In_5Y": 0, "Act_In_10Y": 0, "Geen_actie": 0, "Niet_beord": 12.48, "Operationl": 0, "Project": "", "APM": 0, "APV": "", "Kosten": 1797.24, "Opmerking": "", "Tekening": "INPA070748_001 REV TOTAA", "OBJ_ID": "0", "OBJECTID": 315, "Shape_Length": 12.479143760793603}}, {"type": "Feature", "id": 316, "geometry": {"type": "LineString", "coordinates": [[109156.96299999952, 458046.63500000164], [109158.74500000104, 458051.8680000007], [109161.56799999997, 458050.98900000006], [109162.06199999899, 458052.3830000013]]}, "properties": {"Datum": "20190520", "Van_knpnr": "F07194U", "Naar_knpnr": "ZMK0036", "Strengnr": 1, "Offset": 0, "Strengtype": "kolkaansluitleiding", "Afvoertype": "hemelwater gs", "Jaar": "0", "Jaar_recon": "0", "Materiaal": "pvc klasse 34 sn8", "Vorm": "rond", "Voeg": "mof-spie", "Grondslag": "onbekend", "Fundatie": "onbekend", "VanBobpeil": "", "NarBobpeil": "", "Straat": "\"steekterweg, alphen aan den rijn\"", "Straattype": "onbekend", "Verh_type": "onbekend", "Breedte": 125, "Hoogte": 125, "BodemBrdt": 4, "Lengte": 9.96000004, "Gebied": "steekterweg gs", "Inspectie": "", "JaarVerv": "0", "Beslismodl": "Geen beoordeling", "Beoordeeld": "0000", "Tactisch": 7, "Act_Direct": 0, "Act_In_5Y": 0, "Act_In_10Y": 0, "Geen_actie": 0, "Niet_beord": 9.96, "Operationl": 0, "Project": "", "APM": 0, "APV": "", "Kosten": 1434.34, "Opmerking": "", "Tekening": "INPA070748_001 REV TOTAA", "OBJ_ID": "0", "OBJECTID": 316, "Shape_Length": 9.963718198453678}}, {"type": "Feature", "id": 317, "geometry": {"type": "LineString", "coordinates": [[109144.7509999983, 458050.9239999987], [109146.68699999899, 458056.61199999973], [109145.88300000131, 458056.88599999994], [109146.10799999908, 458057.5480000004]]}, "properties": {"Datum": "20190520", "Van_knpnr": "F07195U", "Naar_knpnr": "ZMK0035", "Strengnr": 1, "Offset": 0, "Strengtype": "kolkaansluitleiding", "Afvoertype": "hemelwater gs", "Jaar": "0", "Jaar_recon": "0", "Materiaal": "pvc klasse 34 sn8", "Vorm": "rond", "Voeg": "mof-spie", "Grondslag": "onbekend", "Fundatie": "onbekend", "VanBobpeil": "", "NarBobpeil": "", "Straat": "\"steekterweg, alphen aan den rijn\"", "Straattype": "onbekend", "Verh_type": "onbekend", "Breedte": 125, "Hoogte": 125, "BodemBrdt": 4, "Lengte": 7.55999994, "Gebied": "steekterweg gs", "Inspectie": "", "JaarVerv": "0", "Beslismodl": "Geen beoordeling", "Beoordeeld": "0000", "Tactisch": 7, "Act_Direct": 0, "Act_In_5Y": 0, "Act_In_10Y": 0, "Geen_actie": 0, "Niet_beord": 7.56, "Operationl": 0, "Project": "", "APM": 0, "APV": "", "Kosten": 1088.72, "Opmerking": "", "Tekening": "INPA070748_001 REV TOTAA", "OBJ_ID": "0", "OBJECTID": 317, "Shape_Length": 7.5570459136035995}}, {"type": "Feature", "id": 318, "geometry": {"type": "LineString", "coordinates": [[109128.6099999994, 458077.80700000003], [109127.20300000161, 458074.49500000104], [109129.18699999899, 458073.65100000054], [109132.64400000125, 458070.98099999875], [109132.4600000009, 458070.6400000006]]}, "properties": {"Datum": "20190520", "Van_knpnr": "F07196U", "Naar_knpnr": "AK2204", "Strengnr": 1, "Offset": 0, "Strengtype": "kolkaansluitleiding", "Afvoertype": "hemelwater gs", "Jaar": "0", "Jaar_recon": "0", "Materiaal": "pvc klasse 34 sn8", "Vorm": "rond", "Voeg": "mof-spie", "Grondslag": "onbekend", "Fundatie": "onbekend", "VanBobpeil": "", "NarBobpeil": "", "Straat": "\"steekterweg, alphen aan den rijn\"", "Straattype": "onbekend", "Verh_type": "onbekend", "Breedte": 125, "Hoogte": 125, "BodemBrdt": 4, "Lengte": 10.5100002, "Gebied": "steekterweg gs", "Inspectie": "", "JaarVerv": "0", "Beslismodl": "Geen beoordeling", "Beoordeeld": "0000", "Tactisch": 7, "Act_Direct": 0, "Act_In_5Y": 0, "Act_In_10Y": 0, "Geen_actie": 0, "Niet_beord": 10.51, "Operationl": 0, "Project": "", "APM": 0, "APV": "", "Kosten": 1513.55, "Opmerking": "", "Tekening": "INPA070748_001 REV TOTAA", "OBJ_ID": "0", "OBJECTID": 318, "Shape_Length": 10.510042653789068}}, {"type": "Feature", "id": 319, "geometry": {"type": "LineString", "coordinates": [[109113.40399999917, 458083.06500000134], [109112.28200000152, 458079.7670000009], [109116.85099999979, 458078.1700000018], [109116.93800000101, 458078.40900000185], [109116.41600000113, 458078.5929999985]]}, "properties": {"Datum": "20190520", "Van_knpnr": "F07197U", "Naar_knpnr": "AK2202", "Strengnr": 1, "Offset": 0, "Strengtype": "kolkaansluitleiding", "Afvoertype": "hemelwater gs", "Jaar": "0", "Jaar_recon": "0", "Materiaal": "pvc klasse 34 sn8", "Vorm": "rond", "Voeg": "mof-spie", "Grondslag": "onbekend", "Fundatie": "onbekend", "VanBobpeil": "", "NarBobpeil": "", "Straat": "\"steekterweg, alphen aan den rijn\"", "Straattype": "onbekend", "Verh_type": "onbekend", "Breedte": 125, "Hoogte": 125, "BodemBrdt": 4, "Lengte": 9.13000011, "Gebied": "steekterweg gs", "Inspectie": "", "JaarVerv": "0", "Beslismodl": "Geen beoordeling", "Beoordeeld": "0000", "Tactisch": 7, "Act_Direct": 0, "Act_In_5Y": 0, "Act_In_10Y": 0, "Geen_actie": 0, "Niet_beord": 9.13, "Operationl": 0, "Project": "", "APM": 0, "APV": "", "Kosten": 1314.81, "Opmerking": "", "Tekening": "INPA070748_001 REV TOTAA", "OBJ_ID": "0", "OBJECTID": 319, "Shape_Length": 9.131512508819766}}, {"type": "Feature", "id": 320, "geometry": {"type": "LineString", "coordinates": [[109088.82600000128, 458092.84099999815], [109087.84099999815, 458090.02600000054], [109095.58999999985, 458087.34800000116], [109095.09499999881, 458085.7529999986]]}, "properties": {"Datum": "20190520", "Van_knpnr": "F07198U", "Naar_knpnr": "AK2201", "Strengnr": 1, "Offset": 0, "Strengtype": "kolkaansluitleiding", "Afvoertype": "hemelwater gs", "Jaar": "0", "Jaar_recon": "0", "Materiaal": "pvc klasse 34 sn8", "Vorm": "rond", "Voeg": "mof-spie", "Grondslag": "onbekend", "Fundatie": "onbekend", "VanBobpeil": "", "NarBobpeil": "", "Straat": "\"steekterweg, alphen aan den rijn\"", "Straattype": "onbekend", "Verh_type": "onbekend", "Breedte": 125, "Hoogte": 125, "BodemBrdt": 4, "Lengte": 12.8500004, "Gebied": "steekterweg gs", "Inspectie": "", "JaarVerv": "0", "Beslismodl": "Geen beoordeling", "Beoordeeld": "0000", "Tactisch": 7, "Act_Direct": 0, "Act_In_5Y": 0, "Act_In_10Y": 0, "Geen_actie": 0, "Niet_beord": 12.85, "Operationl": 0, "Project": "", "APM": 0, "APV": "", "Kosten": 1850.53, "Opmerking": "", "Tekening": "INPA070748_001 REV TOTAA", "OBJ_ID": "0", "OBJECTID": 320, "Shape_Length": 12.851101565212142}}, {"type": "Feature", "id": 321, "geometry": {"type": "LineString", "coordinates": [[109070.72100000083, 458104.2969999984], [109066.99199999869, 458095.2980000004], [109061.65700000152, 458097.1939999983]]}, "properties": {"Datum": "20190520", "Van_knpnr": "F07201U", "Naar_knpnr": "F07204", "Strengnr": 1, "Offset": 0, "Strengtype": "kolkaansluitleiding", "Afvoertype": "hemelwater gs", "Jaar": "0", "Jaar_recon": "0", "Materiaal": "pvc klasse 34 sn8", "Vorm": "rond", "Voeg": "mof-spie", "Grondslag": "onbekend", "Fundatie": "onbekend", "VanBobpeil": "", "NarBobpeil": "", "Straat": "\"steekterweg, alphen aan den rijn\"", "Straattype": "onbekend", "Verh_type": "onbekend", "Breedte": 160, "Hoogte": 160, "BodemBrdt": 5, "Lengte": 15.3999996, "Gebied": "steekterweg gs", "Inspectie": "", "JaarVerv": "0", "Beslismodl": "Geen beoordeling", "Beoordeeld": "0000", "Tactisch": 7, "Act_Direct": 0, "Act_In_5Y": 0, "Act_In_10Y": 0, "Geen_actie": 0, "Niet_beord": 15.4, "Operationl": 0, "Project": "", "APM": 0, "APV": "", "Kosten": 2306.3, "Opmerking": "", "Tekening": "INPA070748_001 REV TOTAA", "OBJ_ID": "0", "OBJECTID": 321, "Shape_Length": 15.402912289927627}}, {"type": "Feature", "id": 322, "geometry": {"type": "LineString", "coordinates": [[109077.17799999937, 458097.91699999943], [109075.10599999875, 458092.4470000006], [109076.10599999875, 458092.1339999996]]}, "properties": {"Datum": "20190520", "Van_knpnr": "F07202U", "Naar_knpnr": "AK2200", "Strengnr": 1, "Offset": 0, "Strengtype": "kolkaansluitleiding", "Afvoertype": "hemelwater gs", "Jaar": "0", "Jaar_recon": "0", "Materiaal": "pvc klasse 34 sn8", "Vorm": "rond", "Voeg": "mof-spie", "Grondslag": "onbekend", "Fundatie": "onbekend", "VanBobpeil": "", "NarBobpeil": "", "Straat": "\"steekterweg, alphen aan den rijn\"", "Straattype": "onbekend", "Verh_type": "onbekend", "Breedte": 125, "Hoogte": 125, "BodemBrdt": 4, "Lengte": 6.9000001, "Gebied": "steekterweg gs", "Inspectie": "", "JaarVerv": "0", "Beslismodl": "Geen beoordeling", "Beoordeeld": "0000", "Tactisch": 7, "Act_Direct": 0, "Act_In_5Y": 0, "Act_In_10Y": 0, "Geen_actie": 0, "Niet_beord": 6.9, "Operationl": 0, "Project": "", "APM": 0, "APV": "", "Kosten": 993.67, "Opmerking": "", "Tekening": "INPA070748_001 REV TOTAA", "OBJ_ID": "0", "OBJECTID": 322, "Shape_Length": 6.897120798507579}}, {"type": "Feature", "id": 323, "geometry": {"type": "LineString", "coordinates": [[109027.70699999854, 458092], [109029.66600000113, 458096.7289999984], [109027.40300000086, 458097.66699999943], [109028.19799999893, 458099.81500000134]]}, "properties": {"Datum": "20190520", "Van_knpnr": "F07203U", "Naar_knpnr": "ZMK0032", "Strengnr": 1, "Offset": 0, "Strengtype": "kolkaansluitleiding", "Afvoertype": "hemelwater gs", "Jaar": "0", "Jaar_recon": "0", "Materiaal": "pvc klasse 34 sn8", "Vorm": "rond", "Voeg": "mof-spie", "Grondslag": "onbekend", "Fundatie": "onbekend", "VanBobpeil": "", "NarBobpeil": "", "Straat": "\"steekterweg, alphen aan den rijn\"", "Straattype": "onbekend", "Verh_type": "onbekend", "Breedte": 125, "Hoogte": 125, "BodemBrdt": 4, "Lengte": 9.85999966, "Gebied": "steekterweg gs", "Inspectie": "", "JaarVerv": "0", "Beslismodl": "Geen beoordeling", "Beoordeeld": "0000", "Tactisch": 7, "Act_Direct": 0, "Act_In_5Y": 0, "Act_In_10Y": 0, "Geen_actie": 0, "Niet_beord": 9.86, "Operationl": 0, "Project": "", "APM": 0, "APV": "", "Kosten": 1419.94, "Opmerking": "", "Tekening": "INPA070748_001 REV TOTAA", "OBJ_ID": "38ba891e09964d858edad6934838c575", "OBJECTID": 323, "Shape_Length": 9.85879897933834}}, {"type": "Feature", "id": 324, "geometry": {"type": "LineString", "coordinates": [[109061.65700000152, 458097.1939999983], [109061.00699999928, 458095.6229999997], [109057.63800000027, 458097.0229999982], [109056.72399999946, 458094.6640000008]]}, "properties": {"Datum": "20190520", "Van_knpnr": "F07204", "Naar_knpnr": "AK2583", "Strengnr": 1, "Offset": 0, "Strengtype": "kolkaansluitleiding", "Afvoertype": "hemelwater gs", "Jaar": "0", "Jaar_recon": "0", "Materiaal": "pvc klasse 34 sn8", "Vorm": "rond", "Voeg": "mof-spie", "Grondslag": "onbekend", "Fundatie": "onbekend", "VanBobpeil": "", "NarBobpeil": "", "Straat": "\"steekterweg, alphen aan den rijn\"", "Straattype": "onbekend", "Verh_type": "onbekend", "Breedte": 125, "Hoogte": 125, "BodemBrdt": 4, "Lengte": 7.88000011, "Gebied": "steekterweg gs", "Inspectie": "", "JaarVerv": "0", "Beslismodl": "Geen beoordeling", "Beoordeeld": "0000", "Tactisch": 7, "Act_Direct": 0, "Act_In_5Y": 0, "Act_In_10Y": 0, "Geen_actie": 0, "Niet_beord": 7.88, "Operationl": 0, "Project": "", "APM": 0, "APV": "", "Kosten": 1134.8, "Opmerking": "", "Tekening": "INPA070748_001 REV TOTAA", "OBJ_ID": "0", "OBJECTID": 324, "Shape_Length": 7.878345315073595}}, {"type": "Feature", "id": 325, "geometry": {"type": "LineString", "coordinates": [[109045.20800000057, 458103.0390000008], [109061.65700000152, 458097.1939999983]]}, "properties": {"Datum": "20190520", "Van_knpnr": "F07205", "Naar_knpnr": "F07204", "Strengnr": 1, "Offset": 0, "Strengtype": "kolkaansluitleiding", "Afvoertype": "hemelwater gs", "Jaar": "0", "Jaar_recon": "0", "Materiaal": "pvc klasse 34 sn8", "Vorm": "rond", "Voeg": "mof-spie", "Grondslag": "onbekend", "Fundatie": "onbekend", "VanBobpeil": "", "NarBobpeil": "", "Straat": "\"steekterweg, alphen aan den rijn\"", "Straattype": "onbekend", "Verh_type": "onbekend", "Breedte": 160, "Hoogte": 160, "BodemBrdt": 5, "Lengte": 17.4599991, "Gebied": "steekterweg gs", "Inspectie": "", "JaarVerv": "0", "Beslismodl": "Geen beoordeling", "Beoordeeld": "0000", "Tactisch": 7, "Act_Direct": 0, "Act_In_5Y": 0, "Act_In_10Y": 0, "Geen_actie": 0, "Niet_beord": 17.46, "Operationl": 0, "Project": "", "APM": 0, "APV": "", "Kosten": 2614.81, "Opmerking": "", "Tekening": "INPA070748_001 REV TOTAA", "OBJ_ID": "72788528ab694ddf8928c3283328c0e0", "OBJECTID": 325, "Shape_Length": 17.45662126704326}}, {"type": "Feature", "id": 326, "geometry": {"type": "LineString", "coordinates": [[109029.58100000024, 458108.7989999987], [109045.20800000057, 458103.0390000008]]}, "properties": {"Datum": "20190520", "Van_knpnr": "F07206", "Naar_knpnr": "F07205", "Strengnr": 1, "Offset": 0, "Strengtype": "kolkaansluitleiding", "Afvoertype": "hemelwater gs", "Jaar": "0", "Jaar_recon": "0", "Materiaal": "pvc klasse 34 sn8", "Vorm": "rond", "Voeg": "mof-spie", "Grondslag": "onbekend", "Fundatie": "onbekend", "VanBobpeil": "", "NarBobpeil": "", "Straat": "\"steekterweg, alphen aan den rijn\"", "Straattype": "onbekend", "Verh_type": "onbekend", "Breedte": 160, "Hoogte": 160, "BodemBrdt": 5, "Lengte": 16.6599998, "Gebied": "steekterweg gs", "Inspectie": "", "JaarVerv": "0", "Beslismodl": "Geen beoordeling", "Beoordeeld": "0000", "Tactisch": 7, "Act_Direct": 0, "Act_In_5Y": 0, "Act_In_10Y": 0, "Geen_actie": 0, "Niet_beord": 16.66, "Operationl": 0, "Project": "", "APM": 0, "APV": "", "Kosten": 2495, "Opmerking": "", "Tekening": "INPA070748_001 REV TOTAA", "OBJ_ID": "478155c95c3c43ad8fab5ca143f8ce1b", "OBJECTID": 326, "Shape_Length": 16.654750943385892}}, {"type": "Feature", "id": 327, "geometry": {"type": "LineString", "coordinates": [[109021.70399999991, 458112.2960000001], [109029.58100000024, 458108.7989999987]]}, "properties": {"Datum": "20190520", "Van_knpnr": "F07207", "Naar_knpnr": "F07206", "Strengnr": 1, "Offset": 0, "Strengtype": "kolkaansluitleiding", "Afvoertype": "hemelwater gs", "Jaar": "0", "Jaar_recon": "0", "Materiaal": "pvc klasse 34 sn8", "Vorm": "rond", "Voeg": "mof-spie", "Grondslag": "onbekend", "Fundatie": "onbekend", "VanBobpeil": "", "NarBobpeil": "", "Straat": "\"steekterweg, alphen aan den rijn\"", "Straattype": "onbekend", "Verh_type": "onbekend", "Breedte": 160, "Hoogte": 160, "BodemBrdt": 5, "Lengte": 8.61999989, "Gebied": "steekterweg gs", "Inspectie": "", "JaarVerv": "0", "Beslismodl": "Geen beoordeling", "Beoordeeld": "0000", "Tactisch": 7, "Act_Direct": 0, "Act_In_5Y": 0, "Act_In_10Y": 0, "Geen_actie": 0, "Niet_beord": 8.62, "Operationl": 0, "Project": "", "APM": 0, "APV": "", "Kosten": 1290.93, "Opmerking": "", "Tekening": "INPA070748_001 REV TOTAA", "OBJ_ID": "6ea90a2a7ee6437a8d5563cf792e56da", "OBJECTID": 327, "Shape_Length": 8.61836051779877}}, {"type": "Feature", "id": 328, "geometry": {"type": "LineString", "coordinates": [[109004.48099999875, 458118.1490000002], [109021.70399999991, 458112.2960000001]]}, "properties": {"Datum": "20190520", "Van_knpnr": "F07208", "Naar_knpnr": "F07207", "Strengnr": 1, "Offset": 0, "Strengtype": "kolkaansluitleiding", "Afvoertype": "hemelwater gs", "Jaar": "0", "Jaar_recon": "0", "Materiaal": "pvc klasse 34 sn8", "Vorm": "rond", "Voeg": "mof-spie", "Grondslag": "onbekend", "Fundatie": "onbekend", "VanBobpeil": "", "NarBobpeil": "", "Straat": "\"steekterweg, alphen aan den rijn\"", "Straattype": "onbekend", "Verh_type": "onbekend", "Breedte": 160, "Hoogte": 160, "BodemBrdt": 5, "Lengte": 18.1900005, "Gebied": "steekterweg gs", "Inspectie": "", "JaarVerv": "0", "Beslismodl": "Geen beoordeling", "Beoordeeld": "0000", "Tactisch": 7, "Act_Direct": 0, "Act_In_5Y": 0, "Act_In_10Y": 0, "Geen_actie": 0, "Niet_beord": 18.19, "Operationl": 0, "Project": "", "APM": 0, "APV": "", "Kosten": 2724.13, "Opmerking": "", "Tekening": "INPA070748_001 REV TOTAA", "OBJ_ID": "ae649c9893174131ae6c82fe6c44fa82", "OBJECTID": 328, "Shape_Length": 18.19036387875272}}, {"type": "Feature", "id": 329, "geometry": {"type": "LineString", "coordinates": [[108994.61499999836, 458121.83199999854], [109004.48099999875, 458118.1490000002]]}, "properties": {"Datum": "20190520", "Van_knpnr": "F07209", "Naar_knpnr": "F07208", "Strengnr": 1, "Offset": 0, "Strengtype": "kolkaansluitleiding", "Afvoertype": "hemelwater gs", "Jaar": "0", "Jaar_recon": "0", "Materiaal": "pvc klasse 34 sn8", "Vorm": "rond", "Voeg": "mof-spie", "Grondslag": "onbekend", "Fundatie": "onbekend", "VanBobpeil": "", "NarBobpeil": "", "Straat": "\"steekterweg, alphen aan den rijn\"", "Straattype": "onbekend", "Verh_type": "onbekend", "Breedte": 160, "Hoogte": 160, "BodemBrdt": 5, "Lengte": 10.5299997, "Gebied": "steekterweg gs", "Inspectie": "", "JaarVerv": "0", "Beslismodl": "Geen beoordeling", "Beoordeeld": "0000", "Tactisch": 7, "Act_Direct": 0, "Act_In_5Y": 0, "Act_In_10Y": 0, "Geen_actie": 0, "Niet_beord": 10.53, "Operationl": 0, "Project": "", "APM": 0, "APV": "", "Kosten": 1576.97, "Opmerking": "", "Tekening": "INPA070748_001 REV TOTAA", "OBJ_ID": "b0cd287b96154ec3863e43ad6bc9655b", "OBJECTID": 329, "Shape_Length": 10.53102297952822}}, {"type": "Feature", "id": 330, "geometry": {"type": "LineString", "coordinates": [[108934.97899999842, 458146.70899999887], [108916.79300000146, 458154.26199999824]]}, "properties": {"Datum": "20190520", "Van_knpnr": "F07210", "Naar_knpnr": "F07211", "Strengnr": 1, "Offset": 0, "Strengtype": "kolkaansluitleiding", "Afvoertype": "hemelwater gs", "Jaar": "0", "Jaar_recon": "0", "Materiaal": "pvc klasse 34 sn8", "Vorm": "rond", "Voeg": "mof-spie", "Grondslag": "onbekend", "Fundatie": "onbekend", "VanBobpeil": "", "NarBobpeil": "", "Straat": "\"steekterweg, alphen aan den rijn\"", "Straattype": "onbekend", "Verh_type": "onbekend", "Breedte": 125, "Hoogte": 125, "BodemBrdt": 4, "Lengte": 19.6900005, "Gebied": "steekterweg gs", "Inspectie": "", "JaarVerv": "0", "Beslismodl": "Geen beoordeling", "Beoordeeld": "0000", "Tactisch": 7, "Act_Direct": 0, "Act_In_5Y": 0, "Act_In_10Y": 0, "Geen_actie": 0, "Niet_beord": 19.69, "Operationl": 0, "Project": "", "APM": 0, "APV": "", "Kosten": 2835.56, "Opmerking": "", "Tekening": "INPA070748_001 REV TOTAA", "OBJ_ID": "08903cb9e59741a088bc7c0adbeaa7ee", "OBJECTID": 330, "Shape_Length": 19.692089906355317}}, {"type": "Feature", "id": 331, "geometry": {"type": "LineString", "coordinates": [[108916.79300000146, 458154.26199999824], [108898.96200000122, 458161.631000001]]}, "properties": {"Datum": "20190520", "Van_knpnr": "F07211", "Naar_knpnr": "F07212", "Strengnr": 1, "Offset": 0, "Strengtype": "kolkaansluitleiding", "Afvoertype": "hemelwater gs", "Jaar": "0", "Jaar_recon": "0", "Materiaal": "pvc klasse 34 sn8", "Vorm": "rond", "Voeg": "mof-spie", "Grondslag": "onbekend", "Fundatie": "onbekend", "VanBobpeil": "", "NarBobpeil": "", "Straat": "\"steekterweg, alphen aan den rijn\"", "Straattype": "onbekend", "Verh_type": "onbekend", "Breedte": 125, "Hoogte": 125, "BodemBrdt": 4, "Lengte": 19.2900009, "Gebied": "steekterweg gs", "Inspectie": "", "JaarVerv": "0", "Beslismodl": "Geen beoordeling", "Beoordeeld": "0000", "Tactisch": 7, "Act_Direct": 0, "Act_In_5Y": 0, "Act_In_10Y": 0, "Geen_actie": 0, "Niet_beord": 19.29, "Operationl": 0, "Project": "", "APM": 0, "APV": "", "Kosten": 2777.95, "Opmerking": "", "Tekening": "INPA070748_001 REV TOTAA", "OBJ_ID": "89f2b201f7dc4d898a5dddcbfb382263", "OBJECTID": 331, "Shape_Length": 19.293696433004}}, {"type": "Feature", "id": 332, "geometry": {"type": "LineString", "coordinates": [[108898.96200000122, 458161.631000001], [108898.35599999875, 458160.22199999914]]}, "properties": {"Datum": "20190520", "Van_knpnr": "F07212", "Naar_knpnr": "AK2594", "Strengnr": 1, "Offset": 0, "Strengtype": "kolkaansluitleiding", "Afvoertype": "hemelwater gs", "Jaar": "0", "Jaar_recon": "0", "Materiaal": "pvc klasse 34 sn8", "Vorm": "rond", "Voeg": "mof-spie", "Grondslag": "onbekend", "Fundatie": "onbekend", "VanBobpeil": "", "NarBobpeil": "", "Straat": "\"steekterweg, alphen aan den rijn\"", "Straattype": "onbekend", "Verh_type": "onbekend", "Breedte": 125, "Hoogte": 125, "BodemBrdt": 4, "Lengte": 1.52999997, "Gebied": "steekterweg gs", "Inspectie": "", "JaarVerv": "0", "Beslismodl": "Geen beoordeling", "Beoordeeld": "0000", "Tactisch": 7, "Act_Direct": 0, "Act_In_5Y": 0, "Act_In_10Y": 0, "Geen_actie": 0, "Niet_beord": 1.53, "Operationl": 0, "Project": "", "APM": 0, "APV": "", "Kosten": 220.34, "Opmerking": "", "Tekening": "INPA070748_001 REV TOTAA", "OBJ_ID": "c59362582ef14e7094ec71b300f94abc", "OBJECTID": 332, "Shape_Length": 1.5337917095241247}}, {"type": "Feature", "id": 333, "geometry": {"type": "LineString", "coordinates": [[108898.96200000122, 458161.631000001], [108883.73299999908, 458168.40300000086]]}, "properties": {"Datum": "20190520", "Van_knpnr": "F07212", "Naar_knpnr": "F07213", "Strengnr": 1, "Offset": 0, "Strengtype": "kolkaansluitleiding", "Afvoertype": "hemelwater gs", "Jaar": "0", "Jaar_recon": "0", "Materiaal": "pvc klasse 34 sn8", "Vorm": "rond", "Voeg": "mof-spie", "Grondslag": "onbekend", "Fundatie": "onbekend", "VanBobpeil": "", "NarBobpeil": "", "Straat": "\"steekterweg, alphen aan den rijn\"", "Straattype": "onbekend", "Verh_type": "onbekend", "Breedte": 125, "Hoogte": 125, "BodemBrdt": 4, "Lengte": 16.6700001, "Gebied": "steekterweg gs", "Inspectie": "", "JaarVerv": "0", "Beslismodl": "Geen beoordeling", "Beoordeeld": "0000", "Tactisch": 7, "Act_Direct": 0, "Act_In_5Y": 0, "Act_In_10Y": 0, "Geen_actie": 0, "Niet_beord": 16.67, "Operationl": 0, "Project": "", "APM": 0, "APV": "", "Kosten": 2400.65, "Opmerking": "", "Tekening": "INPA070748_001 REV TOTAA", "OBJ_ID": "2df191e8e1ed4ff7b2767f235b013ea0", "OBJECTID": 333, "Shape_Length": 16.666806084662447}}, {"type": "Feature", "id": 334, "geometry": {"type": "LineString", "coordinates": [[108883.73299999908, 458168.40300000086], [108845.53599999845, 458184.6429999992], [108845.1090000011, 458183.73999999836]]}, "properties": {"Datum": "20190520", "Van_knpnr": "F07213", "Naar_knpnr": "AK2183", "Strengnr": 1, "Offset": 0, "Strengtype": "kolkaansluitleiding", "Afvoertype": "hemelwater gs", "Jaar": "0", "Jaar_recon": "0", "Materiaal": "pvc klasse 34 sn8", "Vorm": "rond", "Voeg": "mof-spie", "Grondslag": "onbekend", "Fundatie": "onbekend", "VanBobpeil": "", "NarBobpeil": "", "Straat": "\"steekterweg, alphen aan den rijn\"", "Straattype": "onbekend", "Verh_type": "onbekend", "Breedte": 125, "Hoogte": 125, "BodemBrdt": 4, "Lengte": 42.5099983, "Gebied": "steekterweg gs", "Inspectie": "", "JaarVerv": "0", "Beslismodl": "Geen beoordeling", "Beoordeeld": "0000", "Tactisch": 7, "Act_Direct": 0, "Act_In_5Y": 0, "Act_In_10Y": 0, "Geen_actie": 0, "Niet_beord": 42.51, "Operationl": 0, "Project": "", "APM": 0, "APV": "", "Kosten": 6121.87, "Opmerking": "", "Tekening": "INPA070748_001 REV TOTAA", "OBJ_ID": "efea903a43784523bf6c6d6c2bd824e1", "OBJECTID": 334, "Shape_Length": 42.50487285260321}}, {"type": "Feature", "id": 335, "geometry": {"type": "LineString", "coordinates": [[108883.73299999908, 458168.40300000086], [108882.8599999994, 458166.04300000146]]}, "properties": {"Datum": "20190520", "Van_knpnr": "F07213", "Naar_knpnr": "AK2595", "Strengnr": 1, "Offset": 0, "Strengtype": "kolkaansluitleiding", "Afvoertype": "hemelwater gs", "Jaar": "0", "Jaar_recon": "0", "Materiaal": "pvc klasse 34 sn8", "Vorm": "rond", "Voeg": "mof-spie", "Grondslag": "onbekend", "Fundatie": "onbekend", "VanBobpeil": "", "NarBobpeil": "", "Straat": "\"steekterweg, alphen aan den rijn\"", "Straattype": "onbekend", "Verh_type": "onbekend", "Breedte": 125, "Hoogte": 125, "BodemBrdt": 4, "Lengte": 2.51999998, "Gebied": "steekterweg gs", "Inspectie": "", "JaarVerv": "0", "Beslismodl": "Geen beoordeling", "Beoordeeld": "0000", "Tactisch": 7, "Act_Direct": 0, "Act_In_5Y": 0, "Act_In_10Y": 0, "Geen_actie": 0, "Niet_beord": 2.52, "Operationl": 0, "Project": "", "APM": 0, "APV": "", "Kosten": 362.91, "Opmerking": "", "Tekening": "INPA070748_001 REV TOTAA", "OBJ_ID": "7693325ffe31473882222d6a31c9bd7b", "OBJECTID": 335, "Shape_Length": 2.516292708850518}}, {"type": "Feature", "id": 336, "geometry": {"type": "LineString", "coordinates": [[108892.1950000003, 458144.9849999994], [108894.5159999989, 458150.4510000013], [108897.19200000167, 458149.3500000015], [108897.96599999815, 458151.2320000008]]}, "properties": {"Datum": "20190520", "Van_knpnr": "F07214U", "Naar_knpnr": "ZMK0030", "Strengnr": 1, "Offset": 0, "Strengtype": "kolkaansluitleiding", "Afvoertype": "hemelwater gs", "Jaar": "0", "Jaar_recon": "0", "Materiaal": "pvc klasse 34 sn8", "Vorm": "rond", "Voeg": "mof-spie", "Grondslag": "onbekend", "Fundatie": "onbekend", "VanBobpeil": "", "NarBobpeil": "", "Straat": "\"steekterweg, alphen aan den rijn\"", "Straattype": "onbekend", "Verh_type": "onbekend", "Breedte": 125, "Hoogte": 125, "BodemBrdt": 4, "Lengte": 10.8699999, "Gebied": "steekterweg gs", "Inspectie": "", "JaarVerv": "0", "Beslismodl": "Geen beoordeling", "Beoordeeld": "0000", "Tactisch": 7, "Act_Direct": 0, "Act_In_5Y": 0, "Act_In_10Y": 0, "Geen_actie": 0, "Niet_beord": 10.87, "Operationl": 0, "Project": "", "APM": 0, "APV": "", "Kosten": 1565.39, "Opmerking": "", "Tekening": "INPA070748_001 REV TOTAA", "OBJ_ID": "0", "OBJECTID": 336, "Shape_Length": 10.86695548672985}}, {"type": "Feature", "id": 337, "geometry": {"type": "LineString", "coordinates": [[108907.45600000024, 458138.811999999], [108910.04399999976, 458144.8440000005], [108910.89900000021, 458144.4439999983], [108911.49399999902, 458145.9820000008]]}, "properties": {"Datum": "20190520", "Van_knpnr": "F07215U", "Naar_knpnr": "ZMK0031", "Strengnr": 1, "Offset": 0, "Strengtype": "kolkaansluitleiding", "Afvoertype": "hemelwater gs", "Jaar": "0", "Jaar_recon": "0", "Materiaal": "pvc klasse 34 sn8", "Vorm": "rond", "Voeg": "mof-spie", "Grondslag": "onbekend", "Fundatie": "onbekend", "VanBobpeil": "", "NarBobpeil": "", "Straat": "\"steekterweg, alphen aan den rijn\"", "Straattype": "onbekend", "Verh_type": "onbekend", "Breedte": 125, "Hoogte": 125, "BodemBrdt": 4, "Lengte": 9.15999985, "Gebied": "steekterweg gs", "Inspectie": "", "JaarVerv": "0", "Beslismodl": "Geen beoordeling", "Beoordeeld": "0000", "Tactisch": 7, "Act_Direct": 0, "Act_In_5Y": 0, "Act_In_10Y": 0, "Geen_actie": 0, "Niet_beord": 9.16, "Operationl": 0, "Project": "", "APM": 0, "APV": "", "Kosten": 1319.13, "Opmerking": "", "Tekening": "INPA070748_001 REV TOTAA", "OBJ_ID": "0", "OBJECTID": 337, "Shape_Length": 9.1567689607737}}, {"type": "Feature", "id": 338, "geometry": {"type": "LineString", "coordinates": [[108679.63800000027, 458269.27800000086], [108683.18899999931, 458273.3660000004], [108679.03599999845, 458276.97199999914], [108680.09699999914, 458278.243999999], [108680.56399999931, 458277.8260000013]]}, "properties": {"Datum": "20190520", "Van_knpnr": "F07216U", "Naar_knpnr": "AK2181", "Strengnr": 1, "Offset": 0, "Strengtype": "kolkaansluitleiding", "Afvoertype": "hemelwater gs", "Jaar": "0", "Jaar_recon": "0", "Materiaal": "pvc klasse 34 sn8", "Vorm": "rond", "Voeg": "mof-spie", "Grondslag": "onbekend", "Fundatie": "onbekend", "VanBobpeil": "", "NarBobpeil": "", "Straat": "\"steekterweg, alphen aan den rijn\"", "Straattype": "onbekend", "Verh_type": "onbekend", "Breedte": 125, "Hoogte": 125, "BodemBrdt": 4, "Lengte": 13.1999998, "Gebied": "steekterweg gs", "Inspectie": "", "JaarVerv": "0", "Beslismodl": "Geen beoordeling", "Beoordeeld": "0000", "Tactisch": 7, "Act_Direct": 0, "Act_In_5Y": 0, "Act_In_10Y": 0, "Geen_actie": 0, "Niet_beord": 13.2, "Operationl": 0, "Project": "", "APM": 0, "APV": "", "Kosten": 1900.93, "Opmerking": "", "Tekening": "INPA070748_001 REV TOTAA", "OBJ_ID": "0", "OBJECTID": 338, "Shape_Length": 13.198138627044782}}, {"type": "Feature", "id": 339, "geometry": {"type": "LineString", "coordinates": [[108664.85799999908, 458282.6979999989], [108668.28200000152, 458286.5370000005], [108668.6950000003, 458286.186999999], [108669.37900000066, 458286.9439999983]]}, "properties": {"Datum": "20190520", "Van_knpnr": "F07217U", "Naar_knpnr": "AK2180", "Strengnr": 1, "Offset": 0, "Strengtype": "kolkaansluitleiding", "Afvoertype": "hemelwater gs", "Jaar": "0", "Jaar_recon": "0", "Materiaal": "pvc klasse 34 sn8", "Vorm": "rond", "Voeg": "mof-spie", "Grondslag": "onbekend", "Fundatie": "onbekend", "VanBobpeil": "", "NarBobpeil": "", "Straat": "\"steekterweg, alphen aan den rijn\"", "Straattype": "onbekend", "Verh_type": "onbekend", "Breedte": 125, "Hoogte": 125, "BodemBrdt": 4, "Lengte": 6.71000004, "Gebied": "steekterweg gs", "Inspectie": "", "JaarVerv": "0", "Beslismodl": "Geen beoordeling", "Beoordeeld": "0000", "Tactisch": 7, "Act_Direct": 0, "Act_In_5Y": 0, "Act_In_10Y": 0, "Geen_actie": 0, "Niet_beord": 6.71, "Operationl": 0, "Project": "", "APM": 0, "APV": "", "Kosten": 966.31, "Opmerking": "", "Tekening": "INPA070748_001 REV TOTAA", "OBJ_ID": "0", "OBJECTID": 339, "Shape_Length": 6.70569940688819}}, {"type": "Feature", "id": 340, "geometry": {"type": "LineString", "coordinates": [[108649.58100000024, 458296.61400000006], [108652.71299999952, 458300.2320000008], [108653.08900000155, 458299.86499999836], [108653.60399999842, 458300.40199999884]]}, "properties": {"Datum": "20190520", "Van_knpnr": "F07218U", "Naar_knpnr": "AK2178", "Strengnr": 1, "Offset": 0, "Strengtype": "kolkaansluitleiding", "Afvoertype": "hemelwater gs", "Jaar": "0", "Jaar_recon": "0", "Materiaal": "pvc klasse 34 sn8", "Vorm": "rond", "Voeg": "mof-spie", "Grondslag": "onbekend", "Fundatie": "onbekend", "VanBobpeil": "", "NarBobpeil": "", "Straat": "\"steekterweg, alphen aan den rijn\"", "Straattype": "onbekend", "Verh_type": "onbekend", "Breedte": 125, "Hoogte": 125, "BodemBrdt": 4, "Lengte": 6.05999994, "Gebied": "steekterweg gs", "Inspectie": "", "JaarVerv": "0", "Beslismodl": "Geen beoordeling", "Beoordeeld": "0000", "Tactisch": 7, "Act_Direct": 0, "Act_In_5Y": 0, "Act_In_10Y": 0, "Geen_actie": 0, "Niet_beord": 6.06, "Operationl": 0, "Project": "", "APM": 0, "APV": "", "Kosten": 872.7, "Opmerking": "", "Tekening": "INPA070748_001 REV TOTAA", "OBJ_ID": "0", "OBJECTID": 340, "Shape_Length": 6.054784180535681}}, {"type": "Feature", "id": 341, "geometry": {"type": "LineString", "coordinates": [[108602.3209999986, 458337.1079999991], [108606.60799999908, 458341.9310000017], [108606.02499999851, 458342.43200000003], [108606.67300000042, 458343.10500000045]]}, "properties": {"Datum": "20190520", "Van_knpnr": "F07219U", "Naar_knpnr": "AK2174", "Strengnr": 1, "Offset": 0, "Strengtype": "kolkaansluitleiding", "Afvoertype": "hemelwater gs", "Jaar": "0", "Jaar_recon": "0", "Materiaal": "pvc klasse 34 sn8", "Vorm": "rond", "Voeg": "mof-spie", "Grondslag": "onbekend", "Fundatie": "onbekend", "VanBobpeil": "", "NarBobpeil": "", "Straat": "\"steekterweg, alphen aan den rijn\"", "Straattype": "onbekend", "Verh_type": "onbekend", "Breedte": 125, "Hoogte": 125, "BodemBrdt": 4, "Lengte": 8.15999985, "Gebied": "steekterweg gs", "Inspectie": "", "JaarVerv": "0", "Beslismodl": "Geen beoordeling", "Beoordeeld": "0000", "Tactisch": 7, "Act_Direct": 0, "Act_In_5Y": 0, "Act_In_10Y": 0, "Geen_actie": 0, "Niet_beord": 8.16, "Operationl": 0, "Project": "", "APM": 0, "APV": "", "Kosten": 1175.12, "Opmerking": "", "Tekening": "INPA070748_001 REV TOTAA", "OBJ_ID": "0", "OBJECTID": 341, "Shape_Length": 8.15583194040188}}, {"type": "Feature", "id": 342, "geometry": {"type": "LineString", "coordinates": [[108590.95100000128, 458355.3570000008], [108585.03000000119, 458360.8900000006]]}, "properties": {"Datum": "20190520", "Van_knpnr": "F07222", "Naar_knpnr": "AK2170", "Strengnr": 1, "Offset": 0, "Strengtype": "kolkaansluitleiding", "Afvoertype": "hemelwater gs", "Jaar": "0", "Jaar_recon": "0", "Materiaal": "pvc klasse 34 sn8", "Vorm": "rond", "Voeg": "mof-spie", "Grondslag": "onbekend", "Fundatie": "onbekend", "VanBobpeil": "", "NarBobpeil": "", "Straat": "\"steekterweg, alphen aan den rijn\"", "Straattype": "onbekend", "Verh_type": "onbekend", "Breedte": 125, "Hoogte": 125, "BodemBrdt": 4, "Lengte": 8.10000038, "Gebied": "steekterweg gs", "Inspectie": "", "JaarVerv": "0", "Beslismodl": "Geen beoordeling", "Beoordeeld": "0000", "Tactisch": 7, "Act_Direct": 0, "Act_In_5Y": 0, "Act_In_10Y": 0, "Geen_actie": 0, "Niet_beord": 8.1, "Operationl": 0, "Project": "", "APM": 0, "APV": "", "Kosten": 1166.48, "Opmerking": "", "Tekening": "INPA070748_001 REV TOTAA", "OBJ_ID": "0", "OBJECTID": 342, "Shape_Length": 8.103846617445322}}, {"type": "Feature", "id": 343, "geometry": {"type": "LineString", "coordinates": [[108590.95100000128, 458355.3570000008], [108586.63599999994, 458350.4389999993]]}, "properties": {"Datum": "20190520", "Van_knpnr": "F07222", "Naar_knpnr": "F07221U", "Strengnr": 1, "Offset": 0, "Strengtype": "kolkaansluitleiding", "Afvoertype": "hemelwater gs", "Jaar": "0", "Jaar_recon": "0", "Materiaal": "pvc klasse 34 sn8", "Vorm": "rond", "Voeg": "mof-spie", "Grondslag": "onbekend", "Fundatie": "onbekend", "VanBobpeil": "", "NarBobpeil": "", "Straat": "\"steekterweg, alphen aan den rijn\"", "Straattype": "onbekend", "Verh_type": "onbekend", "Breedte": 125, "Hoogte": 125, "BodemBrdt": 4, "Lengte": 6.53999996, "Gebied": "steekterweg gs", "Inspectie": "", "JaarVerv": "0", "Beslismodl": "Geen beoordeling", "Beoordeeld": "0000", "Tactisch": 7, "Act_Direct": 0, "Act_In_5Y": 0, "Act_In_10Y": 0, "Geen_actie": 0, "Niet_beord": 6.54, "Operationl": 0, "Project": "", "APM": 0, "APV": "", "Kosten": 941.83, "Opmerking": "", "Tekening": "INPA070748_001 REV TOTAA", "OBJ_ID": "0", "OBJECTID": 343, "Shape_Length": 6.542625545294288}}, {"type": "Feature", "id": 344, "geometry": {"type": "LineString", "coordinates": [[108600.25899999961, 458361.47199999914], [108599.11699999869, 458360.1490000002]]}, "properties": {"Datum": "20190520", "Van_knpnr": "F07223", "Naar_knpnr": "AK2171", "Strengnr": 1, "Offset": 0, "Strengtype": "kolkaansluitleiding", "Afvoertype": "hemelwater gs", "Jaar": "0", "Jaar_recon": "0", "Materiaal": "pvc klasse 34 sn8", "Vorm": "rond", "Voeg": "mof-spie", "Grondslag": "onbekend", "Fundatie": "onbekend", "VanBobpeil": "", "NarBobpeil": "", "Straat": "\"steekterweg, alphen aan den rijn\"", "Straattype": "onbekend", "Verh_type": "onbekend", "Breedte": 125, "Hoogte": 125, "BodemBrdt": 4, "Lengte": 1.75, "Gebied": "steekterweg gs", "Inspectie": "", "JaarVerv": "0", "Beslismodl": "Geen beoordeling", "Beoordeeld": "0000", "Tactisch": 7, "Act_Direct": 0, "Act_In_5Y": 0, "Act_In_10Y": 0, "Geen_actie": 0, "Niet_beord": 1.75, "Operationl": 0, "Project": "", "APM": 0, "APV": "", "Kosten": 252.02, "Opmerking": "", "Tekening": "INPA070748_001 REV TOTAA", "OBJ_ID": "0", "OBJECTID": 344, "Shape_Length": 1.7477107882230611}}, {"type": "Feature", "id": 345, "geometry": {"type": "LineString", "coordinates": [[108600.25899999961, 458361.47199999914], [108599.14999999851, 458362.4210000001], [108587.75299999863, 458349.4699999988]]}, "properties": {"Datum": "20190520", "Van_knpnr": "F07223", "Naar_knpnr": "F07220U", "Strengnr": 1, "Offset": 0, "Strengtype": "kolkaansluitleiding", "Afvoertype": "hemelwater gs", "Jaar": "0", "Jaar_recon": "0", "Materiaal": "pvc klasse 34 sn8", "Vorm": "rond", "Voeg": "mof-spie", "Grondslag": "onbekend", "Fundatie": "onbekend", "VanBobpeil": "", "NarBobpeil": "", "Straat": "\"steekterweg, alphen aan den rijn\"", "Straattype": "onbekend", "Verh_type": "onbekend", "Breedte": 125, "Hoogte": 125, "BodemBrdt": 4, "Lengte": 18.7099991, "Gebied": "steekterweg gs", "Inspectie": "", "JaarVerv": "0", "Beslismodl": "Geen beoordeling", "Beoordeeld": "0000", "Tactisch": 7, "Act_Direct": 0, "Act_In_5Y": 0, "Act_In_10Y": 0, "Geen_actie": 0, "Niet_beord": 18.71, "Operationl": 0, "Project": "", "APM": 0, "APV": "", "Kosten": 2694.43, "Opmerking": "", "Tekening": "INPA070748_001 REV TOTAA", "OBJ_ID": "0", "OBJECTID": 345, "Shape_Length": 18.711283951398233}}, {"type": "Feature", "id": 346, "geometry": {"type": "LineString", "coordinates": [[108613.39699999988, 458351.48900000006], [108612.2190000005, 458350.0229999982]]}, "properties": {"Datum": "20190520", "Van_knpnr": "F07225", "Naar_knpnr": "AK2173", "Strengnr": 1, "Offset": 0, "Strengtype": "kolkaansluitleiding", "Afvoertype": "hemelwater gs", "Jaar": "0", "Jaar_recon": "0", "Materiaal": "pvc klasse 34 sn8", "Vorm": "rond", "Voeg": "mof-spie", "Grondslag": "onbekend", "Fundatie": "onbekend", "VanBobpeil": "", "NarBobpeil": "", "Straat": "\"steekterweg, alphen aan den rijn\"", "Straattype": "onbekend", "Verh_type": "onbekend", "Breedte": 125, "Hoogte": 125, "BodemBrdt": 4, "Lengte": 1.88, "Gebied": "steekterweg gs", "Inspectie": "", "JaarVerv": "0", "Beslismodl": "Geen beoordeling", "Beoordeeld": "0000", "Tactisch": 7, "Act_Direct": 0, "Act_In_5Y": 0, "Act_In_10Y": 0, "Geen_actie": 0, "Niet_beord": 1.88, "Operationl": 0, "Project": "", "APM": 0, "APV": "", "Kosten": 270.74, "Opmerking": "", "Tekening": "INPA070748_001 REV TOTAA", "OBJ_ID": "851c24f1b0554f588240b044c813028e", "OBJECTID": 346, "Shape_Length": 1.88064882528091}}, {"type": "Feature", "id": 347, "geometry": {"type": "LineString", "coordinates": [[108613.39699999988, 458351.48900000006], [108611.77100000158, 458352.8440000005]]}, "properties": {"Datum": "20190520", "Van_knpnr": "F07225", "Naar_knpnr": "F07224", "Strengnr": 1, "Offset": 0, "Strengtype": "onbekend", "Afvoertype": "onbekend", "Jaar": "0", "Jaar_recon": "0", "Materiaal": "onbekend", "Vorm": "onbekend", "Voeg": "onbekend", "Grondslag": "onbekend", "Fundatie": "onbekend", "VanBobpeil": "", "NarBobpeil": "", "Straat": "onbekend", "Straattype": "onbekend", "Verh_type": "onbekend", "Breedte": 0, "Hoogte": 0, "BodemBrdt": 130, "Lengte": 2.11999989, "Gebied": "steekterweg gs", "Inspectie": "", "JaarVerv": "0", "Beslismodl": "Geen beoordeling", "Beoordeeld": "0000", "Tactisch": 7, "Act_Direct": 0, "Act_In_5Y": 0, "Act_In_10Y": 0, "Geen_actie": 0, "Niet_beord": 2.12, "Operationl": 0, "Project": "", "APM": 0, "APV": "", "Kosten": 204.36, "Opmerking": "", "Tekening": "onbekend", "OBJ_ID": "dc90ff9ebd864728b903709ea08237d6", "OBJECTID": 347, "Shape_Length": 2.1165776611518856}}, {"type": "Feature", "id": 348, "geometry": {"type": "LineString", "coordinates": [[108629.40700000152, 458337.0089999996], [108628.13500000164, 458335.3830000013]]}, "properties": {"Datum": "20190520", "Van_knpnr": "F07226", "Naar_knpnr": "AK2175", "Strengnr": 1, "Offset": 0, "Strengtype": "kolkaansluitleiding", "Afvoertype": "hemelwater gs", "Jaar": "0", "Jaar_recon": "0", "Materiaal": "pvc klasse 34 sn8", "Vorm": "rond", "Voeg": "mof-spie", "Grondslag": "onbekend", "Fundatie": "onbekend", "VanBobpeil": "", "NarBobpeil": "", "Straat": "\"steekterweg, alphen aan den rijn\"", "Straattype": "onbekend", "Verh_type": "onbekend", "Breedte": 125, "Hoogte": 125, "BodemBrdt": 4, "Lengte": 2.05999994, "Gebied": "steekterweg gs", "Inspectie": "", "JaarVerv": "0", "Beslismodl": "Geen beoordeling", "Beoordeeld": "0000", "Tactisch": 7, "Act_Direct": 0, "Act_In_5Y": 0, "Act_In_10Y": 0, "Geen_actie": 0, "Niet_beord": 2.06, "Operationl": 0, "Project": "", "APM": 0, "APV": "", "Kosten": 296.66, "Opmerking": "", "Tekening": "INPA070748_001 REV TOTAA", "OBJ_ID": "0", "OBJECTID": 348, "Shape_Length": 2.0644272799429033}}, {"type": "Feature", "id": 349, "geometry": {"type": "LineString", "coordinates": [[108629.40700000152, 458337.0089999996], [108613.39699999988, 458351.48900000006]]}, "properties": {"Datum": "20190520", "Van_knpnr": "F07226", "Naar_knpnr": "F07225", "Strengnr": 1, "Offset": 0, "Strengtype": "kolkaansluitleiding", "Afvoertype": "hemelwater gs", "Jaar": "0", "Jaar_recon": "0", "Materiaal": "pvc klasse 34 sn8", "Vorm": "rond", "Voeg": "mof-spie", "Grondslag": "onbekend", "Fundatie": "onbekend", "VanBobpeil": "", "NarBobpeil": "", "Straat": "\"steekterweg, alphen aan den rijn\"", "Straattype": "onbekend", "Verh_type": "onbekend", "Breedte": 125, "Hoogte": 125, "BodemBrdt": 4, "Lengte": 21.5900002, "Gebied": "steekterweg gs", "Inspectie": "", "JaarVerv": "0", "Beslismodl": "Geen beoordeling", "Beoordeeld": "0000", "Tactisch": 7, "Act_Direct": 0, "Act_In_5Y": 0, "Act_In_10Y": 0, "Geen_actie": 0, "Niet_beord": 21.59, "Operationl": 0, "Project": "", "APM": 0, "APV": "", "Kosten": 3109.18, "Opmerking": "", "Tekening": "INPA070748_001 REV TOTAA", "OBJ_ID": "2fa58552c44b40a386c12fc35420c761", "OBJECTID": 349, "Shape_Length": 21.586813105816034}}, {"type": "Feature", "id": 350, "geometry": {"type": "LineString", "coordinates": [[108576.19299999997, 458382.8999999985], [108577.07600000128, 458383.7019999996]]}, "properties": {"Datum": "20190520", "Van_knpnr": "F07227", "Naar_knpnr": "AK2167", "Strengnr": 1, "Offset": 0, "Strengtype": "kolkaansluitleiding", "Afvoertype": "hemelwater gs", "Jaar": "0", "Jaar_recon": "0", "Materiaal": "pvc klasse 34 sn8", "Vorm": "rond", "Voeg": "mof-spie", "Grondslag": "onbekend", "Fundatie": "onbekend", "VanBobpeil": "", "NarBobpeil": "", "Straat": "\"steekterweg, alphen aan den rijn\"", "Straattype": "onbekend", "Verh_type": "onbekend", "Breedte": 125, "Hoogte": 125, "BodemBrdt": 4, "Lengte": 1.19000006, "Gebied": "steekterweg gs", "Inspectie": "", "JaarVerv": "0", "Beslismodl": "Geen beoordeling", "Beoordeeld": "0000", "Tactisch": 7, "Act_Direct": 0, "Act_In_5Y": 0, "Act_In_10Y": 0, "Geen_actie": 0, "Niet_beord": 1.19, "Operationl": 0, "Project": "", "APM": 0, "APV": "", "Kosten": 171.37, "Opmerking": "", "Tekening": "INPA070748_001 REV TOTAA", "OBJ_ID": "0", "OBJECTID": 350, "Shape_Length": 1.192850788672525}}, {"type": "Feature", "id": 351, "geometry": {"type": "LineString", "coordinates": [[108576.19299999997, 458382.8999999985], [108570.57299999893, 458388.44299999997]]}, "properties": {"Datum": "20190520", "Van_knpnr": "F07227", "Naar_knpnr": "F07228", "Strengnr": 1, "Offset": 0, "Strengtype": "kolkaansluitleiding", "Afvoertype": "hemelwater gs", "Jaar": "0", "Jaar_recon": "0", "Materiaal": "pvc klasse 34 sn8", "Vorm": "rond", "Voeg": "mof-spie", "Grondslag": "onbekend", "Fundatie": "onbekend", "VanBobpeil": "", "NarBobpeil": "", "Straat": "\"steekterweg, alphen aan den rijn\"", "Straattype": "onbekend", "Verh_type": "onbekend", "Breedte": 125, "Hoogte": 125, "BodemBrdt": 4, "Lengte": 7.88999987, "Gebied": "steekterweg gs", "Inspectie": "", "JaarVerv": "0", "Beslismodl": "Geen beoordeling", "Beoordeeld": "0000", "Tactisch": 7, "Act_Direct": 0, "Act_In_5Y": 0, "Act_In_10Y": 0, "Geen_actie": 0, "Niet_beord": 7.89, "Operationl": 0, "Project": "", "APM": 0, "APV": "", "Kosten": 1136.24, "Opmerking": "", "Tekening": "INPA070748_001 REV TOTAA", "OBJ_ID": "0", "OBJECTID": 351, "Shape_Length": 7.893620780599564}}, {"type": "Feature", "id": 352, "geometry": {"type": "LineString", "coordinates": [[108570.57299999893, 458388.44299999997], [108571.4690000005, 458389.1339999996]]}, "properties": {"Datum": "20190520", "Van_knpnr": "F07228", "Naar_knpnr": "AK2166", "Strengnr": 1, "Offset": 0, "Strengtype": "kolkaansluitleiding", "Afvoertype": "hemelwater gs", "Jaar": "0", "Jaar_recon": "0", "Materiaal": "pvc klasse 34 sn8", "Vorm": "rond", "Voeg": "mof-spie", "Grondslag": "onbekend", "Fundatie": "onbekend", "VanBobpeil": "", "NarBobpeil": "", "Straat": "\"steekterweg, alphen aan den rijn\"", "Straattype": "onbekend", "Verh_type": "onbekend", "Breedte": 125, "Hoogte": 125, "BodemBrdt": 4, "Lengte": 1.13, "Gebied": "steekterweg gs", "Inspectie": "", "JaarVerv": "0", "Beslismodl": "Geen beoordeling", "Beoordeeld": "0000", "Tactisch": 7, "Act_Direct": 0, "Act_In_5Y": 0, "Act_In_10Y": 0, "Geen_actie": 0, "Niet_beord": 1.13, "Operationl": 0, "Project": "", "APM": 0, "APV": "", "Kosten": 162.73, "Opmerking": "", "Tekening": "INPA070748_001 REV TOTAA", "OBJ_ID": "0", "OBJECTID": 352, "Shape_Length": 1.131502100014076}}, {"type": "Feature", "id": 353, "geometry": {"type": "LineString", "coordinates": [[108570.57299999893, 458388.44299999997], [108566.99399999902, 458392.0229999982]]}, "properties": {"Datum": "20190520", "Van_knpnr": "F07228", "Naar_knpnr": "F07229", "Strengnr": 1, "Offset": 0, "Strengtype": "kolkaansluitleiding", "Afvoertype": "hemelwater gs", "Jaar": "0", "Jaar_recon": "0", "Materiaal": "pvc klasse 34 sn8", "Vorm": "rond", "Voeg": "mof-spie", "Grondslag": "onbekend", "Fundatie": "onbekend", "VanBobpeil": "", "NarBobpeil": "", "Straat": "\"steekterweg, alphen aan den rijn\"", "Straattype": "onbekend", "Verh_type": "onbekend", "Breedte": 125, "Hoogte": 125, "BodemBrdt": 4, "Lengte": 5.05999994, "Gebied": "steekterweg gs", "Inspectie": "", "JaarVerv": "0", "Beslismodl": "Geen beoordeling", "Beoordeeld": "0000", "Tactisch": 7, "Act_Direct": 0, "Act_In_5Y": 0, "Act_In_10Y": 0, "Geen_actie": 0, "Niet_beord": 5.06, "Operationl": 0, "Project": "", "APM": 0, "APV": "", "Kosten": 728.69, "Opmerking": "", "Tekening": "INPA070748_001 REV TOTAA", "OBJ_ID": "0", "OBJECTID": 353, "Shape_Length": 5.062177494572563}}, {"type": "Feature", "id": 354, "geometry": {"type": "LineString", "coordinates": [[108566.99399999902, 458392.0229999982], [108564.88599999994, 458389.2820000015]]}, "properties": {"Datum": "20190520", "Van_knpnr": "F07229", "Naar_knpnr": "AK2165", "Strengnr": 1, "Offset": 0, "Strengtype": "kolkaansluitleiding", "Afvoertype": "hemelwater gs", "Jaar": "0", "Jaar_recon": "0", "Materiaal": "pvc klasse 34 sn8", "Vorm": "rond", "Voeg": "mof-spie", "Grondslag": "onbekend", "Fundatie": "onbekend", "VanBobpeil": "", "NarBobpeil": "", "Straat": "\"steekterweg, alphen aan den rijn\"", "Straattype": "onbekend", "Verh_type": "onbekend", "Breedte": 125, "Hoogte": 125, "BodemBrdt": 4, "Lengte": 3.46000004, "Gebied": "steekterweg gs", "Inspectie": "", "JaarVerv": "0", "Beslismodl": "Geen beoordeling", "Beoordeeld": "0000", "Tactisch": 7, "Act_Direct": 0, "Act_In_5Y": 0, "Act_In_10Y": 0, "Geen_actie": 0, "Niet_beord": 3.46, "Operationl": 0, "Project": "", "APM": 0, "APV": "", "Kosten": 498.27, "Opmerking": "", "Tekening": "INPA070748_001 REV TOTAA", "OBJ_ID": "0", "OBJECTID": 354, "Shape_Length": 3.45785265414922}}, {"type": "Feature", "id": 355, "geometry": {"type": "LineString", "coordinates": [[108566.99399999902, 458392.0229999982], [108551.07299999893, 458405.5390000008]]}, "properties": {"Datum": "20190520", "Van_knpnr": "F07229", "Naar_knpnr": "F07236", "Strengnr": 1, "Offset": 0, "Strengtype": "kolkaansluitleiding", "Afvoertype": "hemelwater gs", "Jaar": "0", "Jaar_recon": "0", "Materiaal": "pvc klasse 34 sn8", "Vorm": "rond", "Voeg": "mof-spie", "Grondslag": "onbekend", "Fundatie": "onbekend", "VanBobpeil": "", "NarBobpeil": "", "Straat": "\"steekterweg, alphen aan den rijn\"", "Straattype": "onbekend", "Verh_type": "onbekend", "Breedte": 125, "Hoogte": 125, "BodemBrdt": 4, "Lengte": 20.8799992, "Gebied": "steekterweg gs", "Inspectie": "", "JaarVerv": "0", "Beslismodl": "Geen beoordeling", "Beoordeeld": "0000", "Tactisch": 7, "Act_Direct": 0, "Act_In_5Y": 0, "Act_In_10Y": 0, "Geen_actie": 0, "Niet_beord": 20.88, "Operationl": 0, "Project": "", "APM": 0, "APV": "", "Kosten": 3006.93, "Opmerking": "", "Tekening": "INPA070748_001 REV TOTAA", "OBJ_ID": "0", "OBJECTID": 355, "Shape_Length": 20.88445587210117}}, {"type": "Feature", "id": 356, "geometry": {"type": "LineString", "coordinates": [[108538.69799999893, 458400.4600000009], [108539.31100000069, 458401.2809999995]]}, "properties": {"Datum": "20190520", "Van_knpnr": "F07230", "Naar_knpnr": "AK2163", "Strengnr": 1, "Offset": 0, "Strengtype": "kolkaansluitleiding", "Afvoertype": "hemelwater gs", "Jaar": "0", "Jaar_recon": "0", "Materiaal": "pvc klasse 34 sn8", "Vorm": "rond", "Voeg": "mof-spie", "Grondslag": "onbekend", "Fundatie": "onbekend", "VanBobpeil": "", "NarBobpeil": "", "Straat": "\"steekterweg, alphen aan den rijn\"", "Straattype": "onbekend", "Verh_type": "onbekend", "Breedte": 125, "Hoogte": 125, "BodemBrdt": 4, "Lengte": 1.02999997, "Gebied": "steekterweg gs", "Inspectie": "", "JaarVerv": "0", "Beslismodl": "Geen beoordeling", "Beoordeeld": "0000", "Tactisch": 7, "Act_Direct": 0, "Act_In_5Y": 0, "Act_In_10Y": 0, "Geen_actie": 0, "Niet_beord": 1.03, "Operationl": 0, "Project": "", "APM": 0, "APV": "", "Kosten": 148.33, "Opmerking": "", "Tekening": "INPA070748_001 REV TOTAA", "OBJ_ID": "0", "OBJECTID": 356, "Shape_Length": 1.0246023618242135}}, {"type": "Feature", "id": 357, "geometry": {"type": "LineString", "coordinates": [[108538.69799999893, 458400.4600000009], [108524.68699999899, 458412.1499999985]]}, "properties": {"Datum": "20190520", "Van_knpnr": "F07230", "Naar_knpnr": "F07231", "Strengnr": 1, "Offset": 0, "Strengtype": "kolkaansluitleiding", "Afvoertype": "hemelwater gs", "Jaar": "0", "Jaar_recon": "0", "Materiaal": "pvc klasse 34 sn8", "Vorm": "rond", "Voeg": "mof-spie", "Grondslag": "onbekend", "Fundatie": "onbekend", "VanBobpeil": "", "NarBobpeil": "", "Straat": "\"steekterweg, alphen aan den rijn\"", "Straattype": "onbekend", "Verh_type": "onbekend", "Breedte": 160, "Hoogte": 160, "BodemBrdt": 5, "Lengte": 18.25, "Gebied": "steekterweg gs", "Inspectie": "", "JaarVerv": "0", "Beslismodl": "Geen beoordeling", "Beoordeeld": "0000", "Tactisch": 7, "Act_Direct": 0, "Act_In_5Y": 0, "Act_In_10Y": 0, "Geen_actie": 0, "Niet_beord": 18.25, "Operationl": 0, "Project": "", "APM": 0, "APV": "", "Kosten": 2733.12, "Opmerking": "", "Tekening": "INPA070748_001 REV TOTAA", "OBJ_ID": "0", "OBJECTID": 357, "Shape_Length": 18.247307224425953}}, {"type": "Feature", "id": 358, "geometry": {"type": "LineString", "coordinates": [[108524.68699999899, 458412.1499999985], [108525.32400000095, 458413.2100000009], [108525.17799999937, 458413.3200000003]]}, "properties": {"Datum": "20190520", "Van_knpnr": "F07231", "Naar_knpnr": "AK2160", "Strengnr": 1, "Offset": 0, "Strengtype": "kolkaansluitleiding", "Afvoertype": "hemelwater gs", "Jaar": "0", "Jaar_recon": "0", "Materiaal": "pvc klasse 34 sn8", "Vorm": "rond", "Voeg": "mof-spie", "Grondslag": "onbekend", "Fundatie": "onbekend", "VanBobpeil": "", "NarBobpeil": "", "Straat": "\"steekterweg, alphen aan den rijn\"", "Straattype": "onbekend", "Verh_type": "onbekend", "Breedte": 125, "Hoogte": 125, "BodemBrdt": 4, "Lengte": 1.41999996, "Gebied": "steekterweg gs", "Inspectie": "", "JaarVerv": "0", "Beslismodl": "Geen beoordeling", "Beoordeeld": "0000", "Tactisch": 7, "Act_Direct": 0, "Act_In_5Y": 0, "Act_In_10Y": 0, "Geen_actie": 0, "Niet_beord": 1.42, "Operationl": 0, "Project": "", "APM": 0, "APV": "", "Kosten": 204.49, "Opmerking": "", "Tekening": "INPA070748_001 REV TOTAA", "OBJ_ID": "0", "OBJECTID": 358, "Shape_Length": 1.4194770363448457}}, {"type": "Feature", "id": 359, "geometry": {"type": "LineString", "coordinates": [[108524.68699999899, 458412.1499999985], [108509.52299999818, 458424.9389999993]]}, "properties": {"Datum": "20190520", "Van_knpnr": "F07231", "Naar_knpnr": "F07267", "Strengnr": 1, "Offset": 0, "Strengtype": "kolkaansluitleiding", "Afvoertype": "hemelwater gs", "Jaar": "0", "Jaar_recon": "0", "Materiaal": "pvc klasse 34 sn8", "Vorm": "rond", "Voeg": "mof-spie", "Grondslag": "onbekend", "Fundatie": "onbekend", "VanBobpeil": "", "NarBobpeil": "", "Straat": "\"steekterweg, alphen aan den rijn\"", "Straattype": "onbekend", "Verh_type": "onbekend", "Breedte": 160, "Hoogte": 160, "BodemBrdt": 5, "Lengte": 19.8400002, "Gebied": "steekterweg gs", "Inspectie": "", "JaarVerv": "0", "Beslismodl": "Geen beoordeling", "Beoordeeld": "0000", "Tactisch": 7, "Act_Direct": 0, "Act_In_5Y": 0, "Act_In_10Y": 0, "Geen_actie": 0, "Niet_beord": 19.84, "Operationl": 0, "Project": "", "APM": 0, "APV": "", "Kosten": 2971.24, "Opmerking": "", "Tekening": "INPA070748_001 REV TOTAA", "OBJ_ID": "0", "OBJECTID": 359, "Shape_Length": 19.83697096446394}}, {"type": "Feature", "id": 360, "geometry": {"type": "LineString", "coordinates": [[108522.44000000134, 458428.8520000018], [108484.53299999982, 458460.6490000002], [108484.76099999994, 458459.1469999999]]}, "properties": {"Datum": "20190520", "Van_knpnr": "F07232", "Naar_knpnr": "AK2157", "Strengnr": 1, "Offset": 0, "Strengtype": "kolkaansluitleiding", "Afvoertype": "hemelwater gs", "Jaar": "0", "Jaar_recon": "0", "Materiaal": "pvc klasse 34 sn8", "Vorm": "rond", "Voeg": "mof-spie", "Grondslag": "onbekend", "Fundatie": "onbekend", "VanBobpeil": "", "NarBobpeil": "", "Straat": "\"steekterweg, alphen aan den rijn\"", "Straattype": "onbekend", "Verh_type": "onbekend", "Breedte": 125, "Hoogte": 125, "BodemBrdt": 4, "Lengte": 51, "Gebied": "steekterweg gs", "Inspectie": "", "JaarVerv": "0", "Beslismodl": "Geen beoordeling", "Beoordeeld": "0000", "Tactisch": 7, "Act_Direct": 0, "Act_In_5Y": 0, "Act_In_10Y": 0, "Geen_actie": 0, "Niet_beord": 51, "Operationl": 0, "Project": "", "APM": 0, "APV": "", "Kosten": 7344.51, "Opmerking": "", "Tekening": "INPA070748_001 REV TOTAA", "OBJ_ID": "0", "OBJECTID": 360, "Shape_Length": 50.99637138802639}}, {"type": "Feature", "id": 361, "geometry": {"type": "LineString", "coordinates": [[108522.44000000134, 458428.8520000018], [108509.87000000104, 458413.81700000167]]}, "properties": {"Datum": "20190520", "Van_knpnr": "F07232", "Naar_knpnr": "F07234U", "Strengnr": 1, "Offset": 0, "Strengtype": "kolkaansluitleiding", "Afvoertype": "hemelwater gs", "Jaar": "0", "Jaar_recon": "0", "Materiaal": "pvc klasse 34 sn8", "Vorm": "rond", "Voeg": "mof-spie", "Grondslag": "onbekend", "Fundatie": "onbekend", "VanBobpeil": "", "NarBobpeil": "", "Straat": "\"steekterweg, alphen aan den rijn\"", "Straattype": "onbekend", "Verh_type": "onbekend", "Breedte": 125, "Hoogte": 125, "BodemBrdt": 4, "Lengte": 19.6000004, "Gebied": "steekterweg gs", "Inspectie": "", "JaarVerv": "0", "Beslismodl": "Geen beoordeling", "Beoordeeld": "0000", "Tactisch": 7, "Act_Direct": 0, "Act_In_5Y": 0, "Act_In_10Y": 0, "Geen_actie": 0, "Niet_beord": 19.6, "Operationl": 0, "Project": "", "APM": 0, "APV": "", "Kosten": 2822.6, "Opmerking": "", "Tekening": "INPA070748_001 REV TOTAA", "OBJ_ID": "0", "OBJECTID": 361, "Shape_Length": 19.597349948704114}}, {"type": "Feature", "id": 362, "geometry": {"type": "LineString", "coordinates": [[108542.48200000077, 458412.22100000083], [108543.22300000116, 458413.1009999998]]}, "properties": {"Datum": "20190520", "Van_knpnr": "F07235", "Naar_knpnr": "AK2161", "Strengnr": 1, "Offset": 0, "Strengtype": "kolkaansluitleiding", "Afvoertype": "hemelwater gs", "Jaar": "0", "Jaar_recon": "0", "Materiaal": "pvc klasse 34 sn8", "Vorm": "rond", "Voeg": "mof-spie", "Grondslag": "onbekend", "Fundatie": "onbekend", "VanBobpeil": "", "NarBobpeil": "", "Straat": "\"steekterweg, alphen aan den rijn\"", "Straattype": "onbekend", "Verh_type": "onbekend", "Breedte": 125, "Hoogte": 125, "BodemBrdt": 4, "Lengte": 1.14999998, "Gebied": "steekterweg gs", "Inspectie": "", "JaarVerv": "0", "Beslismodl": "Geen beoordeling", "Beoordeeld": "0000", "Tactisch": 7, "Act_Direct": 0, "Act_In_5Y": 0, "Act_In_10Y": 0, "Geen_actie": 0, "Niet_beord": 1.15, "Operationl": 0, "Project": "", "APM": 0, "APV": "", "Kosten": 165.61, "Opmerking": "", "Tekening": "INPA070748_001 REV TOTAA", "OBJ_ID": "1e035ac37b3c42488014fbde9760a0e8", "OBJECTID": 362, "Shape_Length": 1.1504264421241144}}, {"type": "Feature", "id": 363, "geometry": {"type": "LineString", "coordinates": [[108542.48200000077, 458412.22100000083], [108522.44000000134, 458428.8520000018]]}, "properties": {"Datum": "20190520", "Van_knpnr": "F07235", "Naar_knpnr": "F07232", "Strengnr": 1, "Offset": 0, "Strengtype": "kolkaansluitleiding", "Afvoertype": "hemelwater gs", "Jaar": "0", "Jaar_recon": "0", "Materiaal": "pvc klasse 34 sn8", "Vorm": "rond", "Voeg": "mof-spie", "Grondslag": "onbekend", "Fundatie": "onbekend", "VanBobpeil": "", "NarBobpeil": "", "Straat": "\"steekterweg, alphen aan den rijn\"", "Straattype": "onbekend", "Verh_type": "onbekend", "Breedte": 125, "Hoogte": 125, "BodemBrdt": 4, "Lengte": 26.0400009, "Gebied": "steekterweg gs", "Inspectie": "", "JaarVerv": "0", "Beslismodl": "Geen beoordeling", "Beoordeeld": "0000", "Tactisch": 7, "Act_Direct": 0, "Act_In_5Y": 0, "Act_In_10Y": 0, "Geen_actie": 0, "Niet_beord": 26.04, "Operationl": 0, "Project": "", "APM": 0, "APV": "", "Kosten": 3750.02, "Opmerking": "", "Tekening": "INPA070748_001 REV TOTAA", "OBJ_ID": "eb6c7d4d4fe2445999ae50060d65a809", "OBJECTID": 363, "Shape_Length": 26.043654217678732}}, {"type": "Feature", "id": 364, "geometry": {"type": "LineString", "coordinates": [[108551.07299999893, 458405.5390000008], [108549.4299999997, 458403.5520000011]]}, "properties": {"Datum": "20190520", "Van_knpnr": "F07236", "Naar_knpnr": "AK2162", "Strengnr": 1, "Offset": 0, "Strengtype": "kolkaansluitleiding", "Afvoertype": "hemelwater gs", "Jaar": "0", "Jaar_recon": "0", "Materiaal": "pvc klasse 34 sn8", "Vorm": "rond", "Voeg": "mof-spie", "Grondslag": "onbekend", "Fundatie": "onbekend", "VanBobpeil": "", "NarBobpeil": "", "Straat": "\"steekterweg, alphen aan den rijn\"", "Straattype": "onbekend", "Verh_type": "onbekend", "Breedte": 125, "Hoogte": 125, "BodemBrdt": 4, "Lengte": 2.57999992, "Gebied": "steekterweg gs", "Inspectie": "", "JaarVerv": "0", "Beslismodl": "Geen beoordeling", "Beoordeeld": "0000", "Tactisch": 7, "Act_Direct": 0, "Act_In_5Y": 0, "Act_In_10Y": 0, "Geen_actie": 0, "Niet_beord": 2.58, "Operationl": 0, "Project": "", "APM": 0, "APV": "", "Kosten": 371.55, "Opmerking": "", "Tekening": "INPA070748_001 REV TOTAA", "OBJ_ID": "0", "OBJECTID": 364, "Shape_Length": 2.578297499589196}}, {"type": "Feature", "id": 365, "geometry": {"type": "LineString", "coordinates": [[108551.07299999893, 458405.5390000008], [108542.48200000077, 458412.22100000083]]}, "properties": {"Datum": "20190520", "Van_knpnr": "F07236", "Naar_knpnr": "F07235", "Strengnr": 1, "Offset": 0, "Strengtype": "kolkaansluitleiding", "Afvoertype": "hemelwater gs", "Jaar": "0", "Jaar_recon": "0", "Materiaal": "pvc klasse 34 sn8", "Vorm": "rond", "Voeg": "mof-spie", "Grondslag": "onbekend", "Fundatie": "onbekend", "VanBobpeil": "", "NarBobpeil": "", "Straat": "\"steekterweg, alphen aan den rijn\"", "Straattype": "onbekend", "Verh_type": "onbekend", "Breedte": 125, "Hoogte": 125, "BodemBrdt": 4, "Lengte": 10.8800001, "Gebied": "steekterweg gs", "Inspectie": "", "JaarVerv": "0", "Beslismodl": "Geen beoordeling", "Beoordeeld": "0000", "Tactisch": 7, "Act_Direct": 0, "Act_In_5Y": 0, "Act_In_10Y": 0, "Geen_actie": 0, "Niet_beord": 10.88, "Operationl": 0, "Project": "", "APM": 0, "APV": "", "Kosten": 1566.83, "Opmerking": "", "Tekening": "INPA070748_001 REV TOTAA", "OBJ_ID": "05bf7a1abc4647eeb0d4c85dbff7bd4f", "OBJECTID": 365, "Shape_Length": 10.88367607789989}}, {"type": "Feature", "id": 366, "geometry": {"type": "LineString", "coordinates": [[108554.4290000014, 458402.3979999982], [108559.12099999934, 458398.4919999987], [108559.89600000158, 458399.4479999989]]}, "properties": {"Datum": "20190520", "Van_knpnr": "F07237", "Naar_knpnr": "AK2164", "Strengnr": 1, "Offset": 0, "Strengtype": "kolkaansluitleiding", "Afvoertype": "hemelwater gs", "Jaar": "0", "Jaar_recon": "0", "Materiaal": "pvc klasse 34 sn8", "Vorm": "rond", "Voeg": "mof-spie", "Grondslag": "onbekend", "Fundatie": "onbekend", "VanBobpeil": "", "NarBobpeil": "", "Straat": "\"steekterweg, alphen aan den rijn\"", "Straattype": "onbekend", "Verh_type": "onbekend", "Breedte": 125, "Hoogte": 125, "BodemBrdt": 4, "Lengte": 7.34000015, "Gebied": "steekterweg gs", "Inspectie": "", "JaarVerv": "0", "Beslismodl": "Geen beoordeling", "Beoordeeld": "0000", "Tactisch": 7, "Act_Direct": 0, "Act_In_5Y": 0, "Act_In_10Y": 0, "Geen_actie": 0, "Niet_beord": 7.34, "Operationl": 0, "Project": "", "APM": 0, "APV": "", "Kosten": 1057.03, "Opmerking": "", "Tekening": "INPA070748_001 REV TOTAA", "OBJ_ID": "0", "OBJECTID": 366, "Shape_Length": 7.335730300021935}}, {"type": "Feature", "id": 367, "geometry": {"type": "LineString", "coordinates": [[108488.25200000033, 458431.17500000075], [108493.2340000011, 458437.686999999], [108482.11499999836, 458446.1939999983], [108482.63300000131, 458447.2129999995]]}, "properties": {"Datum": "20190520", "Van_knpnr": "F07238U", "Naar_knpnr": "AK2158", "Strengnr": 1, "Offset": 0, "Strengtype": "kolkaansluitleiding", "Afvoertype": "hemelwater gs", "Jaar": "0", "Jaar_recon": "0", "Materiaal": "pvc klasse 34 sn8", "Vorm": "rond", "Voeg": "mof-spie", "Grondslag": "onbekend", "Fundatie": "onbekend", "VanBobpeil": "", "NarBobpeil": "", "Straat": "\"steekterweg, alphen aan den rijn\"", "Straattype": "onbekend", "Verh_type": "onbekend", "Breedte": 125, "Hoogte": 125, "BodemBrdt": 4, "Lengte": 23.3400002, "Gebied": "steekterweg gs", "Inspectie": "", "JaarVerv": "0", "Beslismodl": "Geen beoordeling", "Beoordeeld": "0000", "Tactisch": 7, "Act_Direct": 0, "Act_In_5Y": 0, "Act_In_10Y": 0, "Geen_actie": 0, "Niet_beord": 23.34, "Operationl": 0, "Project": "", "APM": 0, "APV": "", "Kosten": 3361.19, "Opmerking": "", "Tekening": "INPA070748_001 REV TOTAA", "OBJ_ID": "0", "OBJECTID": 367, "Shape_Length": 23.34232128645343}}, {"type": "Feature", "id": 368, "geometry": {"type": "LineString", "coordinates": [[108444.8900000006, 458461.2710000016], [108449.90199999884, 458469.1739999987], [108446, 458471.6700000018], [108446.52600000054, 458472.6730000004]]}, "properties": {"Datum": "20190520", "Van_knpnr": "F07240U", "Naar_knpnr": "AK2155", "Strengnr": 1, "Offset": 0, "Strengtype": "kolkaansluitleiding", "Afvoertype": "hemelwater gs", "Jaar": "0", "Jaar_recon": "0", "Materiaal": "pvc klasse 34 sn8", "Vorm": "rond", "Voeg": "mof-spie", "Grondslag": "onbekend", "Fundatie": "onbekend", "VanBobpeil": "", "NarBobpeil": "", "Straat": "\"steekterweg, alphen aan den rijn\"", "Straattype": "onbekend", "Verh_type": "onbekend", "Breedte": 125, "Hoogte": 125, "BodemBrdt": 4, "Lengte": 15.1199999, "Gebied": "steekterweg gs", "Inspectie": "", "JaarVerv": "0", "Beslismodl": "Geen beoordeling", "Beoordeeld": "0000", "Tactisch": 7, "Act_Direct": 0, "Act_In_5Y": 0, "Act_In_10Y": 0, "Geen_actie": 0, "Niet_beord": 15.12, "Operationl": 0, "Project": "", "APM": 0, "APV": "", "Kosten": 2177.43, "Opmerking": "", "Tekening": "INPA070748_001 REV TOTAA", "OBJ_ID": "0", "OBJECTID": 368, "Shape_Length": 15.122865926338758}}, {"type": "Feature", "id": 369, "geometry": {"type": "LineString", "coordinates": [[108429.42599999905, 458471.73800000176], [108434.42199999839, 458479.61499999836], [108431.35399999842, 458481.72199999914]]}, "properties": {"Datum": "20190520", "Van_knpnr": "F07241U", "Naar_knpnr": "AK2154", "Strengnr": 1, "Offset": 0, "Strengtype": "kolkaansluitleiding", "Afvoertype": "hemelwater gs", "Jaar": "0", "Jaar_recon": "0", "Materiaal": "pvc klasse 34 sn8", "Vorm": "rond", "Voeg": "mof-spie", "Grondslag": "onbekend", "Fundatie": "onbekend", "VanBobpeil": "", "NarBobpeil": "", "Straat": "\"steekterweg, alphen aan den rijn\"", "Straattype": "onbekend", "Verh_type": "onbekend", "Breedte": 125, "Hoogte": 125, "BodemBrdt": 4, "Lengte": 13.0500002, "Gebied": "steekterweg gs", "Inspectie": "", "JaarVerv": "0", "Beslismodl": "Geen beoordeling", "Beoordeeld": "0000", "Tactisch": 7, "Act_Direct": 0, "Act_In_5Y": 0, "Act_In_10Y": 0, "Geen_actie": 0, "Niet_beord": 13.05, "Operationl": 0, "Project": "", "APM": 0, "APV": "", "Kosten": 1879.33, "Opmerking": "", "Tekening": "INPA070748_001 REV TOTAA", "OBJ_ID": "0", "OBJECTID": 369, "Shape_Length": 13.049599369712716}}, {"type": "Feature", "id": 370, "geometry": {"type": "LineString", "coordinates": [[108398.29300000146, 458491.06599999964], [108403.58999999985, 458499.15300000086]]}, "properties": {"Datum": "20190520", "Van_knpnr": "F07243U", "Naar_knpnr": "AK2149", "Strengnr": 1, "Offset": 0, "Strengtype": "kolkaansluitleiding", "Afvoertype": "hemelwater gs", "Jaar": "0", "Jaar_recon": "0", "Materiaal": "pvc klasse 34 sn8", "Vorm": "rond", "Voeg": "mof-spie", "Grondslag": "onbekend", "Fundatie": "onbekend", "VanBobpeil": "", "NarBobpeil": "", "Straat": "\"steekterweg, alphen aan den rijn\"", "Straattype": "onbekend", "Verh_type": "onbekend", "Breedte": 125, "Hoogte": 125, "BodemBrdt": 4, "Lengte": 9.67000008, "Gebied": "steekterweg gs", "Inspectie": "", "JaarVerv": "0", "Beslismodl": "Geen beoordeling", "Beoordeeld": "0000", "Tactisch": 7, "Act_Direct": 0, "Act_In_5Y": 0, "Act_In_10Y": 0, "Geen_actie": 0, "Niet_beord": 9.67, "Operationl": 0, "Project": "", "APM": 0, "APV": "", "Kosten": 1392.58, "Opmerking": "", "Tekening": "INPA070748_001 REV TOTAA", "OBJ_ID": "1f3a2a6f81b54cdcbdb270c675ccca2e", "OBJECTID": 370, "Shape_Length": 9.66735630887337}}, {"type": "Feature", "id": 371, "geometry": {"type": "LineString", "coordinates": [[108383.43200000003, 458499.72100000083], [108388.16600000113, 458508.1409999989]]}, "properties": {"Datum": "20190520", "Van_knpnr": "F07244U", "Naar_knpnr": "AK2148", "Strengnr": 1, "Offset": 0, "Strengtype": "kolkaansluitleiding", "Afvoertype": "hemelwater gs", "Jaar": "0", "Jaar_recon": "0", "Materiaal": "pvc klasse 34 sn8", "Vorm": "rond", "Voeg": "mof-spie", "Grondslag": "onbekend", "Fundatie": "onbekend", "VanBobpeil": "", "NarBobpeil": "", "Straat": "\"steekterweg, alphen aan den rijn\"", "Straattype": "onbekend", "Verh_type": "onbekend", "Breedte": 125, "Hoogte": 125, "BodemBrdt": 4, "Lengte": 9.65999985, "Gebied": "steekterweg gs", "Inspectie": "", "JaarVerv": "0", "Beslismodl": "Geen beoordeling", "Beoordeeld": "0000", "Tactisch": 7, "Act_Direct": 0, "Act_In_5Y": 0, "Act_In_10Y": 0, "Geen_actie": 0, "Niet_beord": 9.66, "Operationl": 0, "Project": "", "APM": 0, "APV": "", "Kosten": 1391.14, "Opmerking": "", "Tekening": "INPA070748_001 REV TOTAA", "OBJ_ID": "c17709f54a1c4f55a18454b2ccfdd753", "OBJECTID": 371, "Shape_Length": 9.659562928922748}}, {"type": "Feature", "id": 372, "geometry": {"type": "LineString", "coordinates": [[108356.02600000054, 458513.87000000104], [108366.9149999991, 458534.9299999997]]}, "properties": {"Datum": "20190520", "Van_knpnr": "F07245U", "Naar_knpnr": "F07249", "Strengnr": 1, "Offset": 0, "Strengtype": "kolkaansluitleiding", "Afvoertype": "hemelwater gs", "Jaar": "0", "Jaar_recon": "0", "Materiaal": "pvc klasse 34 sn8", "Vorm": "rond", "Voeg": "mof-spie", "Grondslag": "onbekend", "Fundatie": "onbekend", "VanBobpeil": "", "NarBobpeil": "", "Straat": "\"steekterweg, alphen aan den rijn\"", "Straattype": "onbekend", "Verh_type": "onbekend", "Breedte": 160, "Hoogte": 160, "BodemBrdt": 5, "Lengte": 23.7099991, "Gebied": "steekterweg gs", "Inspectie": "", "JaarVerv": "0", "Beslismodl": "Geen beoordeling", "Beoordeeld": "0000", "Tactisch": 7, "Act_Direct": 0, "Act_In_5Y": 0, "Act_In_10Y": 0, "Geen_actie": 0, "Niet_beord": 23.71, "Operationl": 0, "Project": "", "APM": 0, "APV": "", "Kosten": 3550.81, "Opmerking": "", "Tekening": "INPA070748_001 REV TOTAA", "OBJ_ID": "8453d00d368b48c48d0aab268399a48d", "OBJECTID": 372, "Shape_Length": 23.708520006789943}}, {"type": "Feature", "id": 373, "geometry": {"type": "LineString", "coordinates": [[108215.50600000098, 458595.6469999999], [108204.36199999973, 458599.02699999884]]}, "properties": {"Datum": "20190520", "Van_knpnr": "F07248", "Naar_knpnr": "F07268", "Strengnr": 1, "Offset": 0, "Strengtype": "kolkaansluitleiding", "Afvoertype": "hemelwater gs", "Jaar": "0", "Jaar_recon": "0", "Materiaal": "pvc klasse 34 sn8", "Vorm": "rond", "Voeg": "mof-spie", "Grondslag": "onbekend", "Fundatie": "onbekend", "VanBobpeil": "", "NarBobpeil": "", "Straat": "\"steekterweg, alphen aan den rijn\"", "Straattype": "onbekend", "Verh_type": "onbekend", "Breedte": 125, "Hoogte": 125, "BodemBrdt": 4, "Lengte": 11.6499996, "Gebied": "steekterweg gs", "Inspectie": "", "JaarVerv": "0", "Beslismodl": "Geen beoordeling", "Beoordeeld": "0000", "Tactisch": 7, "Act_Direct": 0, "Act_In_5Y": 0, "Act_In_10Y": 0, "Geen_actie": 0, "Niet_beord": 11.65, "Operationl": 0, "Project": "", "APM": 0, "APV": "", "Kosten": 1677.72, "Opmerking": "", "Tekening": "INPA070748_001 REV TOTAA", "OBJ_ID": "0", "OBJECTID": 373, "Shape_Length": 11.645305321065937}}, {"type": "Feature", "id": 374, "geometry": {"type": "LineString", "coordinates": [[108366.9149999991, 458534.9299999997], [108360.62000000104, 458538.75], [108359.82699999958, 458540.09800000116]]}, "properties": {"Datum": "20190520", "Van_knpnr": "F07249", "Naar_knpnr": "AK2145", "Strengnr": 1, "Offset": 0, "Strengtype": "kolkaansluitleiding", "Afvoertype": "hemelwater gs", "Jaar": "0", "Jaar_recon": "0", "Materiaal": "pvc klasse 34 sn8", "Vorm": "rond", "Voeg": "mof-spie", "Grondslag": "onbekend", "Fundatie": "onbekend", "VanBobpeil": "", "NarBobpeil": "", "Straat": "\"steekterweg, alphen aan den rijn\"", "Straattype": "onbekend", "Verh_type": "onbekend", "Breedte": 125, "Hoogte": 125, "BodemBrdt": 4, "Lengte": 8.93000031, "Gebied": "steekterweg gs", "Inspectie": "", "JaarVerv": "0", "Beslismodl": "Geen beoordeling", "Beoordeeld": "0000", "Tactisch": 7, "Act_Direct": 0, "Act_In_5Y": 0, "Act_In_10Y": 0, "Geen_actie": 0, "Niet_beord": 8.93, "Operationl": 0, "Project": "", "APM": 0, "APV": "", "Kosten": 1286.01, "Opmerking": "", "Tekening": "INPA070748_001 REV TOTAA", "OBJ_ID": "1493a75403f34b74b25277ccd72e6fdc", "OBJECTID": 374, "Shape_Length": 8.927338356018021}}, {"type": "Feature", "id": 375, "geometry": {"type": "LineString", "coordinates": [[108378.06799999997, 458528.1559999995], [108378.49300000072, 458528.9389999993], [108377.63300000131, 458529.3839999996]]}, "properties": {"Datum": "20190520", "Van_knpnr": "F07250", "Naar_knpnr": "AK2146", "Strengnr": 1, "Offset": 0, "Strengtype": "kolkaansluitleiding", "Afvoertype": "hemelwater gs", "Jaar": "0", "Jaar_recon": "0", "Materiaal": "pvc klasse 34 sn8", "Vorm": "rond", "Voeg": "mof-spie", "Grondslag": "onbekend", "Fundatie": "onbekend", "VanBobpeil": "", "NarBobpeil": "", "Straat": "\"steekterweg, alphen aan den rijn\"", "Straattype": "onbekend", "Verh_type": "onbekend", "Breedte": 125, "Hoogte": 125, "BodemBrdt": 4, "Lengte": 1.86000001, "Gebied": "steekterweg gs", "Inspectie": "", "JaarVerv": "0", "Beslismodl": "Geen beoordeling", "Beoordeeld": "0000", "Tactisch": 7, "Act_Direct": 0, "Act_In_5Y": 0, "Act_In_10Y": 0, "Geen_actie": 0, "Niet_beord": 1.86, "Operationl": 0, "Project": "", "APM": 0, "APV": "", "Kosten": 267.86, "Opmerking": "", "Tekening": "INPA070748_001 REV TOTAA", "OBJ_ID": "b0b03c5643824748901030e5078318c5", "OBJECTID": 375, "Shape_Length": 1.859216664072619}}, {"type": "Feature", "id": 376, "geometry": {"type": "LineString", "coordinates": [[108378.06799999997, 458528.1559999995], [108366.9149999991, 458534.9299999997]]}, "properties": {"Datum": "20190520", "Van_knpnr": "F07250", "Naar_knpnr": "F07249", "Strengnr": 1, "Offset": 0, "Strengtype": "kolkaansluitleiding", "Afvoertype": "hemelwater gs", "Jaar": "0", "Jaar_recon": "0", "Materiaal": "pvc klasse 34 sn8", "Vorm": "rond", "Voeg": "mof-spie", "Grondslag": "onbekend", "Fundatie": "onbekend", "VanBobpeil": "", "NarBobpeil": "", "Straat": "\"steekterweg, alphen aan den rijn\"", "Straattype": "onbekend", "Verh_type": "onbekend", "Breedte": 125, "Hoogte": 125, "BodemBrdt": 4, "Lengte": 13.0500002, "Gebied": "steekterweg gs", "Inspectie": "", "JaarVerv": "0", "Beslismodl": "Geen beoordeling", "Beoordeeld": "0000", "Tactisch": 7, "Act_Direct": 0, "Act_In_5Y": 0, "Act_In_10Y": 0, "Geen_actie": 0, "Niet_beord": 13.05, "Operationl": 0, "Project": "", "APM": 0, "APV": "", "Kosten": 1879.33, "Opmerking": "", "Tekening": "INPA070748_001 REV TOTAA", "OBJ_ID": "0", "OBJECTID": 376, "Shape_Length": 13.049003219484034}}, {"type": "Feature", "id": 377, "geometry": {"type": "LineString", "coordinates": [[108393.91000000015, 458520.63599999994], [108393.65900000185, 458520.2049999982]]}, "properties": {"Datum": "20190520", "Van_knpnr": "F07251", "Naar_knpnr": "AK2147", "Strengnr": 1, "Offset": 0, "Strengtype": "kolkaansluitleiding", "Afvoertype": "hemelwater gs", "Jaar": "0", "Jaar_recon": "0", "Materiaal": "pvc klasse 34 sn8", "Vorm": "rond", "Voeg": "mof-spie", "Grondslag": "onbekend", "Fundatie": "onbekend", "VanBobpeil": "", "NarBobpeil": "", "Straat": "\"steekterweg, alphen aan den rijn\"", "Straattype": "onbekend", "Verh_type": "onbekend", "Breedte": 125, "Hoogte": 125, "BodemBrdt": 4, "Lengte": 0.5, "Gebied": "steekterweg gs", "Inspectie": "", "JaarVerv": "0", "Beslismodl": "Geen beoordeling", "Beoordeeld": "0000", "Tactisch": 7, "Act_Direct": 0, "Act_In_5Y": 0, "Act_In_10Y": 0, "Geen_actie": 0, "Niet_beord": 0.5, "Operationl": 0, "Project": "", "APM": 0, "APV": "", "Kosten": 72.01, "Opmerking": "", "Tekening": "INPA070748_001 REV TOTAA", "OBJ_ID": "7aab1ab96b5f472ab1b72396fb5a120e", "OBJECTID": 377, "Shape_Length": 0.4987604641882045}}, {"type": "Feature", "id": 378, "geometry": {"type": "LineString", "coordinates": [[108393.91000000015, 458520.63599999994], [108378.06799999997, 458528.1559999995]]}, "properties": {"Datum": "20190520", "Van_knpnr": "F07251", "Naar_knpnr": "F07250", "Strengnr": 1, "Offset": 0, "Strengtype": "kolkaansluitleiding", "Afvoertype": "hemelwater gs", "Jaar": "0", "Jaar_recon": "0", "Materiaal": "pvc klasse 34 sn8", "Vorm": "rond", "Voeg": "mof-spie", "Grondslag": "onbekend", "Fundatie": "onbekend", "VanBobpeil": "", "NarBobpeil": "", "Straat": "\"steekterweg, alphen aan den rijn\"", "Straattype": "onbekend", "Verh_type": "onbekend", "Breedte": 125, "Hoogte": 125, "BodemBrdt": 4, "Lengte": 17.5400009, "Gebied": "steekterweg gs", "Inspectie": "", "JaarVerv": "0", "Beslismodl": "Geen beoordeling", "Beoordeeld": "0000", "Tactisch": 7, "Act_Direct": 0, "Act_In_5Y": 0, "Act_In_10Y": 0, "Geen_actie": 0, "Niet_beord": 17.54, "Operationl": 0, "Project": "", "APM": 0, "APV": "", "Kosten": 2525.94, "Opmerking": "", "Tekening": "INPA070748_001 REV TOTAA", "OBJ_ID": "77d18c1acf6d463e9ce561930f818787", "OBJECTID": 378, "Shape_Length": 17.53623003951939}}, {"type": "Feature", "id": 379, "geometry": {"type": "LineString", "coordinates": [[108407.65199999884, 458511.27899999917], [108433.6400000006, 458495.34899999946], [108433.5159999989, 458495.1629999988], [108433.30700000003, 458495.2960000001]]}, "properties": {"Datum": "20190520", "Van_knpnr": "F07252", "Naar_knpnr": "AK2153", "Strengnr": 1, "Offset": 0, "Strengtype": "kolkaansluitleiding", "Afvoertype": "hemelwater gs", "Jaar": "0", "Jaar_recon": "0", "Materiaal": "pvc klasse 34 sn8", "Vorm": "rond", "Voeg": "mof-spie", "Grondslag": "onbekend", "Fundatie": "onbekend", "VanBobpeil": "", "NarBobpeil": "", "Straat": "\"steekterweg, alphen aan den rijn\"", "Straattype": "onbekend", "Verh_type": "onbekend", "Breedte": 125, "Hoogte": 125, "BodemBrdt": 4, "Lengte": 30.9500008, "Gebied": "steekterweg gs", "Inspectie": "", "JaarVerv": "0", "Beslismodl": "Geen beoordeling", "Beoordeeld": "0000", "Tactisch": 7, "Act_Direct": 0, "Act_In_5Y": 0, "Act_In_10Y": 0, "Geen_actie": 0, "Niet_beord": 30.95, "Operationl": 0, "Project": "", "APM": 0, "APV": "", "Kosten": 4457.11, "Opmerking": "", "Tekening": "INPA070748_001 REV TOTAA", "OBJ_ID": "6d52a1ec282f493db354193a1370ed62", "OBJECTID": 379, "Shape_Length": 30.953088845290267}}, {"type": "Feature", "id": 380, "geometry": {"type": "LineString", "coordinates": [[108407.65199999884, 458511.27899999917], [108393.91000000015, 458520.63599999994]]}, "properties": {"Datum": "20190520", "Van_knpnr": "F07252", "Naar_knpnr": "F07251", "Strengnr": 1, "Offset": 0, "Strengtype": "kolkaansluitleiding", "Afvoertype": "hemelwater gs", "Jaar": "0", "Jaar_recon": "0", "Materiaal": "pvc klasse 34 sn8", "Vorm": "rond", "Voeg": "mof-spie", "Grondslag": "onbekend", "Fundatie": "onbekend", "VanBobpeil": "", "NarBobpeil": "", "Straat": "\"steekterweg, alphen aan den rijn\"", "Straattype": "onbekend", "Verh_type": "onbekend", "Breedte": 125, "Hoogte": 125, "BodemBrdt": 4, "Lengte": 16.6299992, "Gebied": "steekterweg gs", "Inspectie": "", "JaarVerv": "0", "Beslismodl": "Geen beoordeling", "Beoordeeld": "0000", "Tactisch": 7, "Act_Direct": 0, "Act_In_5Y": 0, "Act_In_10Y": 0, "Geen_actie": 0, "Niet_beord": 16.63, "Operationl": 0, "Project": "", "APM": 0, "APV": "", "Kosten": 2394.89, "Opmerking": "", "Tekening": "INPA070748_001 REV TOTAA", "OBJ_ID": "dc2fbefca4e54f429ad3d9dd8a548d69", "OBJECTID": 380, "Shape_Length": 16.62516204367527}}, {"type": "Feature", "id": 381, "geometry": {"type": "LineString", "coordinates": [[108303.74199999869, 458541.63599999994], [108306.53500000015, 458547.97100000083], [108314.31199999899, 458544.5399999991], [108314.57400000095, 458545.13500000164], [108313.88100000098, 458545.5540000014]]}, "properties": {"Datum": "20190520", "Van_knpnr": "F07253U", "Naar_knpnr": "AK2142", "Strengnr": 1, "Offset": 0, "Strengtype": "kolkaansluitleiding", "Afvoertype": "hemelwater gs", "Jaar": "0", "Jaar_recon": "0", "Materiaal": "pvc klasse 34 sn8", "Vorm": "rond", "Voeg": "mof-spie", "Grondslag": "onbekend", "Fundatie": "onbekend", "VanBobpeil": "", "NarBobpeil": "", "Straat": "\"steekterweg, alphen aan den rijn\"", "Straattype": "onbekend", "Verh_type": "onbekend", "Breedte": 125, "Hoogte": 125, "BodemBrdt": 4, "Lengte": 16.8799992, "Gebied": "steekterweg gs", "Inspectie": "", "JaarVerv": "0", "Beslismodl": "Geen beoordeling", "Beoordeeld": "0000", "Tactisch": 7, "Act_Direct": 0, "Act_In_5Y": 0, "Act_In_10Y": 0, "Geen_actie": 0, "Niet_beord": 16.88, "Operationl": 0, "Project": "", "APM": 0, "APV": "", "Kosten": 2430.89, "Opmerking": "", "Tekening": "INPA070748_001 REV TOTAA", "OBJ_ID": "b74da1af75da4b41a54f09b0c74703cb", "OBJECTID": 381, "Shape_Length": 16.88352782800394}}, {"type": "Feature", "id": 382, "geometry": {"type": "LineString", "coordinates": [[109544.16099999845, 457673.2320000008], [109549.5709999986, 457676.9140000008]]}, "properties": {"Datum": "20190520", "Van_knpnr": "F07254U", "Naar_knpnr": "ZM0001", "Strengnr": 2226376, "Offset": 0, "Strengtype": "inzamelriool", "Afvoertype": "hemelwater gs", "Jaar": "1963", "Jaar_recon": "1963", "Materiaal": "beton", "Vorm": "ei", "Voeg": "vaar-moer", "Grondslag": "zware zavel", "Fundatie": "staal", "VanBobpeil": "-1.980", "NarBobpeil": "-1.980", "Straat": "\"spoorlaan, zwammerdam\"", "Straattype": "onbekend", "Verh_type": "onbekend", "Breedte": 400, "Hoogte": 600, "BodemBrdt": 90, "Lengte": 6.53999996, "Gebied": "de burcht gs", "Inspectie": "", "JaarVerv": "0", "Beslismodl": "Geen beoordeling", "Beoordeeld": "0000", "Tactisch": 7, "Act_Direct": 0, "Act_In_5Y": 0, "Act_In_10Y": 0, "Geen_actie": 0, "Niet_beord": 6.54, "Operationl": 0, "Project": "", "APM": 0, "APV": "", "Kosten": 1792.79, "Opmerking": "", "Tekening": "onbekend", "OBJ_ID": "0", "OBJECTID": 382, "Shape_Length": 6.544098410157947}}, {"type": "Feature", "id": 383, "geometry": {"type": "LineString", "coordinates": [[109728.5, 457805.6799999997], [109726.39999999851, 457804.91000000015]]}, "properties": {"Datum": "20190520", "Van_knpnr": "F07255U", "Naar_knpnr": "ZM0002", "Strengnr": 2225175, "Offset": 0, "Strengtype": "overstortriool", "Afvoertype": "gemengd", "Jaar": "1958", "Jaar_recon": "1958", "Materiaal": "beton", "Vorm": "rond", "Voeg": "vaar-moer", "Grondslag": "zware zavel", "Fundatie": "staal", "VanBobpeil": "-0.820", "NarBobpeil": "-0.820", "Straat": "\"vinkebuurt, zwammerdam\"", "Straattype": "onbekend", "Verh_type": "onbekend", "Breedte": 300, "Hoogte": 300, "BodemBrdt": 55, "Lengte": 2.24000001, "Gebied": "centrum zwammerdam gem", "Inspectie": "", "JaarVerv": "0", "Beslismodl": "Geen beoordeling", "Beoordeeld": "0000", "Tactisch": 7, "Act_Direct": 0, "Act_In_5Y": 0, "Act_In_10Y": 0, "Geen_actie": 0, "Niet_beord": 2.24, "Operationl": 0, "Project": "", "APM": 0, "APV": "", "Kosten": 465.72, "Opmerking": "", "Tekening": "onbekend", "OBJ_ID": "92f8baa897e44865a0cf97e3e4026c6b", "OBJECTID": 383, "Shape_Length": 2.236716344459005}}, {"type": "Feature", "id": 384, "geometry": {"type": "LineString", "coordinates": [[109573.88800000027, 457691.62999999896], [109562.18899999931, 457685.4970000014]]}, "properties": {"Datum": "20190520", "Van_knpnr": "F07258", "Naar_knpnr": "F07132", "Strengnr": 1, "Offset": 0, "Strengtype": "kolkaansluitleiding", "Afvoertype": "hemelwater gs", "Jaar": "0", "Jaar_recon": "0", "Materiaal": "pvc klasse 34 sn8", "Vorm": "rond", "Voeg": "mof-spie", "Grondslag": "onbekend", "Fundatie": "onbekend", "VanBobpeil": "", "NarBobpeil": "", "Straat": "\"spoorlaan, zwammerdam\"", "Straattype": "onbekend", "Verh_type": "onbekend", "Breedte": 160, "Hoogte": 160, "BodemBrdt": 5, "Lengte": 13.21, "Gebied": "de burcht gs", "Inspectie": "", "JaarVerv": "0", "Beslismodl": "Geen beoordeling", "Beoordeeld": "0000", "Tactisch": 7, "Act_Direct": 0, "Act_In_5Y": 0, "Act_In_10Y": 0, "Geen_actie": 0, "Niet_beord": 13.21, "Operationl": 0, "Project": "", "APM": 0, "APV": "", "Kosten": 1978.33, "Opmerking": "", "Tekening": "INPA070748_001 REV TOTAA", "OBJ_ID": "6d14a3599eea444dbfafd9d96fca3413", "OBJECTID": 384, "Shape_Length": 13.209098757776932}}, {"type": "Feature", "id": 385, "geometry": {"type": "LineString", "coordinates": [[109836.2899999991, 457915.9600000009], [109833.05099999905, 457905.9759999998]]}, "properties": {"Datum": "20190520", "Van_knpnr": "F07258U", "Naar_knpnr": "ZM0008C", "Strengnr": 2226539, "Offset": 0, "Strengtype": "inzamelriool", "Afvoertype": "gemengd", "Jaar": "1997", "Jaar_recon": "1997", "Materiaal": "pvc klasse 34 sn8", "Vorm": "rond", "Voeg": "mof-spie", "Grondslag": "onbekend", "Fundatie": "staal", "VanBobpeil": "-2.400", "NarBobpeil": "-1.790", "Straat": "\"lindenhovestraat, zwammerdam\"", "Straattype": "onbekend", "Verh_type": "onbekend", "Breedte": 250, "Hoogte": 250, "BodemBrdt": 6, "Lengte": 10.5, "Gebied": "lindenhovestraat gem", "Inspectie": "", "JaarVerv": "0", "Beslismodl": "Geen beoordeling", "Beoordeeld": "0000", "Tactisch": 7, "Act_Direct": 0, "Act_In_5Y": 0, "Act_In_10Y": 0, "Geen_actie": 0, "Niet_beord": 10.5, "Operationl": 0, "Project": "", "APM": 0, "APV": "", "Kosten": 1614.48, "Opmerking": "", "Tekening": "onbekend", "OBJ_ID": "0", "OBJECTID": 385, "Shape_Length": 10.496255380963467}}, {"type": "Feature", "id": 386, "geometry": {"type": "LineString", "coordinates": [[109314.64799999818, 458007.16000000015], [109307.8740000017, 458010.51000000164], [109307.04600000009, 458012.5460000001], [109301.41099999845, 458014.92500000075]]}, "properties": {"Datum": "20190520", "Van_knpnr": "F07260", "Naar_knpnr": "F07186", "Strengnr": 1, "Offset": 0, "Strengtype": "kolkaansluitleiding", "Afvoertype": "hemelwater gs", "Jaar": "0", "Jaar_recon": "0", "Materiaal": "pvc klasse 34 sn8", "Vorm": "rond", "Voeg": "mof-spie", "Grondslag": "onbekend", "Fundatie": "onbekend", "VanBobpeil": "", "NarBobpeil": "", "Straat": "\"spoorlaan, zwammerdam\"", "Straattype": "onbekend", "Verh_type": "onbekend", "Breedte": 160, "Hoogte": 160, "BodemBrdt": 5, "Lengte": 15.8699999, "Gebied": "steekterweg gs", "Inspectie": "", "JaarVerv": "0", "Beslismodl": "Geen beoordeling", "Beoordeeld": "0000", "Tactisch": 7, "Act_Direct": 0, "Act_In_5Y": 0, "Act_In_10Y": 0, "Geen_actie": 0, "Niet_beord": 15.87, "Operationl": 0, "Project": "", "APM": 0, "APV": "", "Kosten": 2376.69, "Opmerking": "", "Tekening": "INPA070748_001 REV TOTAA", "OBJ_ID": "0", "OBJECTID": 386, "Shape_Length": 15.871619850821087}}, {"type": "Feature", "id": 387, "geometry": {"type": "LineString", "coordinates": [[108982.20899999887, 458127.40900000185], [108991.25800000131, 458123.6700000018], [108992.5, 458122.61100000143], [108994.61499999836, 458121.83199999854]]}, "properties": {"Datum": "20190520", "Van_knpnr": "F07262", "Naar_knpnr": "F07209", "Strengnr": 1, "Offset": 0, "Strengtype": "kolkaansluitleiding", "Afvoertype": "hemelwater gs", "Jaar": "0", "Jaar_recon": "0", "Materiaal": "pvc klasse 34 sn8", "Vorm": "rond", "Voeg": "mof-spie", "Grondslag": "onbekend", "Fundatie": "onbekend", "VanBobpeil": "", "NarBobpeil": "", "Straat": "\"steekterweg, alphen aan den rijn\"", "Straattype": "onbekend", "Verh_type": "onbekend", "Breedte": 160, "Hoogte": 160, "BodemBrdt": 5, "Lengte": 13.6800003, "Gebied": "steekterweg gs", "Inspectie": "", "JaarVerv": "0", "Beslismodl": "Geen beoordeling", "Beoordeeld": "0000", "Tactisch": 7, "Act_Direct": 0, "Act_In_5Y": 0, "Act_In_10Y": 0, "Geen_actie": 0, "Niet_beord": 13.68, "Operationl": 0, "Project": "", "APM": 0, "APV": "", "Kosten": 2048.72, "Opmerking": "", "Tekening": "INPA070748_001 REV TOTAA", "OBJ_ID": "0", "OBJECTID": 387, "Shape_Length": 13.67713337000331}}, {"type": "Feature", "id": 388, "geometry": {"type": "LineString", "coordinates": [[108701.64299999923, 458272.35599999875], [108702.2890000008, 458273.1099999994], [108703.32699999958, 458273.1099999994], [108706.03000000119, 458271.13800000027]]}, "properties": {"Datum": "20190520", "Van_knpnr": "F07263", "Naar_knpnr": "AK2182", "Strengnr": 1, "Offset": 0, "Strengtype": "kolkaansluitleiding", "Afvoertype": "hemelwater gs", "Jaar": "0", "Jaar_recon": "0", "Materiaal": "pvc klasse 34 sn8", "Vorm": "rond", "Voeg": "mof-spie", "Grondslag": "onbekend", "Fundatie": "onbekend", "VanBobpeil": "", "NarBobpeil": "", "Straat": "\"steekterweg, alphen aan den rijn\"", "Straattype": "onbekend", "Verh_type": "onbekend", "Breedte": 125, "Hoogte": 125, "BodemBrdt": 4, "Lengte": 5.38000011, "Gebied": "steekterweg gs", "Inspectie": "", "JaarVerv": "0", "Beslismodl": "Geen beoordeling", "Beoordeeld": "0000", "Tactisch": 7, "Act_Direct": 0, "Act_In_5Y": 0, "Act_In_10Y": 0, "Geen_actie": 0, "Niet_beord": 5.38, "Operationl": 0, "Project": "", "APM": 0, "APV": "", "Kosten": 774.77, "Opmerking": "", "Tekening": "INPA070748_001 REV TOTAA", "OBJ_ID": "0", "OBJECTID": 388, "Shape_Length": 5.3767826890338855}}, {"type": "Feature", "id": 389, "geometry": {"type": "LineString", "coordinates": [[108705.22500000149, 458269.2419999987], [108701.64299999923, 458272.35599999875]]}, "properties": {"Datum": "20190520", "Van_knpnr": "F07264", "Naar_knpnr": "F07263", "Strengnr": 1, "Offset": 0, "Strengtype": "kolkaansluitleiding", "Afvoertype": "hemelwater gs", "Jaar": "0", "Jaar_recon": "0", "Materiaal": "pvc klasse 34 sn8", "Vorm": "rond", "Voeg": "mof-spie", "Grondslag": "onbekend", "Fundatie": "onbekend", "VanBobpeil": "", "NarBobpeil": "", "Straat": "\"steekterweg, alphen aan den rijn\"", "Straattype": "onbekend", "Verh_type": "onbekend", "Breedte": 125, "Hoogte": 125, "BodemBrdt": 4, "Lengte": 4.75, "Gebied": "steekterweg gs", "Inspectie": "", "JaarVerv": "0", "Beslismodl": "Geen beoordeling", "Beoordeeld": "0000", "Tactisch": 7, "Act_Direct": 0, "Act_In_5Y": 0, "Act_In_10Y": 0, "Geen_actie": 0, "Niet_beord": 4.75, "Operationl": 0, "Project": "", "APM": 0, "APV": "", "Kosten": 684.05, "Opmerking": "", "Tekening": "INPA070748_001 REV TOTAA", "OBJ_ID": "0", "OBJECTID": 389, "Shape_Length": 4.7463375371540435}}, {"type": "Feature", "id": 390, "geometry": {"type": "LineString", "coordinates": [[108619.51099999994, 458345.125], [108600.25899999961, 458361.47199999914]]}, "properties": {"Datum": "20190520", "Van_knpnr": "F07266", "Naar_knpnr": "F07223", "Strengnr": 1, "Offset": 0, "Strengtype": "kolkaansluitleiding", "Afvoertype": "hemelwater gs", "Jaar": "0", "Jaar_recon": "0", "Materiaal": "pvc klasse 34 sn8", "Vorm": "rond", "Voeg": "mof-spie", "Grondslag": "onbekend", "Fundatie": "onbekend", "VanBobpeil": "", "NarBobpeil": "", "Straat": "\"steekterweg, alphen aan den rijn\"", "Straattype": "onbekend", "Verh_type": "onbekend", "Breedte": 125, "Hoogte": 125, "BodemBrdt": 4, "Lengte": 25.2600002, "Gebied": "steekterweg gs", "Inspectie": "", "JaarVerv": "0", "Beslismodl": "Geen beoordeling", "Beoordeeld": "0000", "Tactisch": 7, "Act_Direct": 0, "Act_In_5Y": 0, "Act_In_10Y": 0, "Geen_actie": 0, "Niet_beord": 25.26, "Operationl": 0, "Project": "", "APM": 0, "APV": "", "Kosten": 3637.69, "Opmerking": "", "Tekening": "INPA070748_001 REV TOTAA", "OBJ_ID": "0", "OBJECTID": 390, "Shape_Length": 25.255967868691275}}, {"type": "Feature", "id": 391, "geometry": {"type": "LineString", "coordinates": [[108509.52299999818, 458424.9389999993], [108510.10700000077, 458425.7470000014], [108509.84699999914, 458425.9310000017]]}, "properties": {"Datum": "20190520", "Van_knpnr": "F07267", "Naar_knpnr": "AK2159", "Strengnr": 1, "Offset": 0, "Strengtype": "kolkaansluitleiding", "Afvoertype": "hemelwater gs", "Jaar": "0", "Jaar_recon": "0", "Materiaal": "pvc klasse 34 sn8", "Vorm": "rond", "Voeg": "mof-spie", "Grondslag": "onbekend", "Fundatie": "onbekend", "VanBobpeil": "", "NarBobpeil": "", "Straat": "\"steekterweg, alphen aan den rijn\"", "Straattype": "onbekend", "Verh_type": "onbekend", "Breedte": 125, "Hoogte": 125, "BodemBrdt": 4, "Lengte": 1.32000005, "Gebied": "steekterweg gs", "Inspectie": "", "JaarVerv": "0", "Beslismodl": "Geen beoordeling", "Beoordeeld": "0000", "Tactisch": 7, "Act_Direct": 0, "Act_In_5Y": 0, "Act_In_10Y": 0, "Geen_actie": 0, "Niet_beord": 1.32, "Operationl": 0, "Project": "", "APM": 0, "APV": "", "Kosten": 190.09, "Opmerking": "", "Tekening": "INPA070748_001 REV TOTAA", "OBJ_ID": "0", "OBJECTID": 391, "Shape_Length": 1.3154769546550527}}, {"type": "Feature", "id": 392, "geometry": {"type": "LineString", "coordinates": [[108509.52299999818, 458424.9389999993], [108508.52100000158, 458425.7509999983], [108503.43499999866, 458419.0489999987]]}, "properties": {"Datum": "20190520", "Van_knpnr": "F07267", "Naar_knpnr": "F07233U", "Strengnr": 1, "Offset": 0, "Strengtype": "kolkaansluitleiding", "Afvoertype": "hemelwater gs", "Jaar": "0", "Jaar_recon": "0", "Materiaal": "pvc klasse 34 sn8", "Vorm": "rond", "Voeg": "mof-spie", "Grondslag": "onbekend", "Fundatie": "onbekend", "VanBobpeil": "", "NarBobpeil": "", "Straat": "\"steekterweg, alphen aan den rijn\"", "Straattype": "onbekend", "Verh_type": "onbekend", "Breedte": 160, "Hoogte": 160, "BodemBrdt": 5, "Lengte": 9.69999981, "Gebied": "steekterweg gs", "Inspectie": "", "JaarVerv": "0", "Beslismodl": "Geen beoordeling", "Beoordeeld": "0000", "Tactisch": 7, "Act_Direct": 0, "Act_In_5Y": 0, "Act_In_10Y": 0, "Geen_actie": 0, "Niet_beord": 9.7, "Operationl": 0, "Project": "", "APM": 0, "APV": "", "Kosten": 1452.67, "Opmerking": "", "Tekening": "INPA070748_001 REV TOTAA", "OBJ_ID": "0", "OBJECTID": 392, "Shape_Length": 9.70304314633945}}, {"type": "Feature", "id": 393, "geometry": {"type": "LineString", "coordinates": [[108204.36199999973, 458599.02699999884], [108204.12200000137, 458598.0329999998]]}, "properties": {"Datum": "20190520", "Van_knpnr": "F07268", "Naar_knpnr": "AK2138", "Strengnr": 1, "Offset": 0, "Strengtype": "kolkaansluitleiding", "Afvoertype": "hemelwater gs", "Jaar": "0", "Jaar_recon": "0", "Materiaal": "pvc klasse 34 sn8", "Vorm": "rond", "Voeg": "mof-spie", "Grondslag": "onbekend", "Fundatie": "onbekend", "VanBobpeil": "", "NarBobpeil": "", "Straat": "\"steekterweg, alphen aan den rijn\"", "Straattype": "onbekend", "Verh_type": "onbekend", "Breedte": 125, "Hoogte": 125, "BodemBrdt": 4, "Lengte": 1.01999998, "Gebied": "steekterweg gs", "Inspectie": "", "JaarVerv": "0", "Beslismodl": "Geen beoordeling", "Beoordeeld": "0000", "Tactisch": 7, "Act_Direct": 0, "Act_In_5Y": 0, "Act_In_10Y": 0, "Geen_actie": 0, "Niet_beord": 1.02, "Operationl": 0, "Project": "", "APM": 0, "APV": "", "Kosten": 146.89, "Opmerking": "", "Tekening": "INPA070748_001 REV TOTAA", "OBJ_ID": "aad59008d4bd4108a4ce909bab7db9a1", "OBJECTID": 393, "Shape_Length": 1.0225634441236726}}, {"type": "Feature", "id": 394, "geometry": {"type": "LineString", "coordinates": [[108186.6559999995, 458603.3969999999], [108202.38300000131, 458599.66000000015], [108204.36199999973, 458599.02699999884]]}, "properties": {"Datum": "20190520", "Van_knpnr": "F07269", "Naar_knpnr": "F07268", "Strengnr": 1, "Offset": 0, "Strengtype": "kolkaansluitleiding", "Afvoertype": "hemelwater gs", "Jaar": "0", "Jaar_recon": "0", "Materiaal": "pvc klasse 34 sn8", "Vorm": "rond", "Voeg": "mof-spie", "Grondslag": "onbekend", "Fundatie": "onbekend", "VanBobpeil": "", "NarBobpeil": "", "Straat": "\"steekterweg, alphen aan den rijn\"", "Straattype": "onbekend", "Verh_type": "onbekend", "Breedte": 125, "Hoogte": 125, "BodemBrdt": 4, "Lengte": 18.2399998, "Gebied": "steekterweg gs", "Inspectie": "", "JaarVerv": "0", "Beslismodl": "Geen beoordeling", "Beoordeeld": "0000", "Tactisch": 7, "Act_Direct": 0, "Act_In_5Y": 0, "Act_In_10Y": 0, "Geen_actie": 0, "Niet_beord": 18.24, "Operationl": 0, "Project": "", "APM": 0, "APV": "", "Kosten": 2626.74, "Opmerking": "", "Tekening": "INPA070748_001 REV TOTAA", "OBJ_ID": "33d5ee299bee412b94b558f09731cfa6", "OBJECTID": 394, "Shape_Length": 18.242661346190687}}, {"type": "Feature", "id": 395, "geometry": {"type": "LineString", "coordinates": [[108188.09499999881, 458607.9310000017], [108186.6559999995, 458603.3969999999]]}, "properties": {"Datum": "20190520", "Van_knpnr": "F07270", "Naar_knpnr": "F07269", "Strengnr": 1, "Offset": 0, "Strengtype": "kolkaansluitleiding", "Afvoertype": "hemelwater gs", "Jaar": "0", "Jaar_recon": "0", "Materiaal": "pvc klasse 34 sn8", "Vorm": "rond", "Voeg": "mof-spie", "Grondslag": "onbekend", "Fundatie": "onbekend", "VanBobpeil": "", "NarBobpeil": "", "Straat": "\"steekterweg, alphen aan den rijn\"", "Straattype": "onbekend", "Verh_type": "onbekend", "Breedte": 125, "Hoogte": 125, "BodemBrdt": 4, "Lengte": 4.76000023, "Gebied": "steekterweg gs", "Inspectie": "", "JaarVerv": "0", "Beslismodl": "Geen beoordeling", "Beoordeeld": "0000", "Tactisch": 7, "Act_Direct": 0, "Act_In_5Y": 0, "Act_In_10Y": 0, "Geen_actie": 0, "Niet_beord": 4.76, "Operationl": 0, "Project": "", "APM": 0, "APV": "", "Kosten": 685.49, "Opmerking": "", "Tekening": "INPA070748_001 REV TOTAA", "OBJ_ID": "b6f7a4139caa44ed92b12db3837b8106", "OBJECTID": 395, "Shape_Length": 4.756876813076266}}, {"type": "Feature", "id": 396, "geometry": {"type": "LineString", "coordinates": [[108172.77800000086, 458607.8960000016], [108172.3590000011, 458606.38800000027]]}, "properties": {"Datum": "20190520", "Van_knpnr": "F07271", "Naar_knpnr": "AK2137", "Strengnr": 1, "Offset": 0, "Strengtype": "kolkaansluitleiding", "Afvoertype": "hemelwater gs", "Jaar": "0", "Jaar_recon": "0", "Materiaal": "pvc klasse 34 sn8", "Vorm": "rond", "Voeg": "mof-spie", "Grondslag": "onbekend", "Fundatie": "onbekend", "VanBobpeil": "", "NarBobpeil": "", "Straat": "\"steekterweg, alphen aan den rijn\"", "Straattype": "onbekend", "Verh_type": "onbekend", "Breedte": 125, "Hoogte": 125, "BodemBrdt": 4, "Lengte": 1.57000005, "Gebied": "steekterweg gs", "Inspectie": "", "JaarVerv": "0", "Beslismodl": "Geen beoordeling", "Beoordeeld": "0000", "Tactisch": 7, "Act_Direct": 0, "Act_In_5Y": 0, "Act_In_10Y": 0, "Geen_actie": 0, "Niet_beord": 1.57, "Operationl": 0, "Project": "", "APM": 0, "APV": "", "Kosten": 226.1, "Opmerking": "", "Tekening": "INPA070748_001 REV TOTAA", "OBJ_ID": "69b7d219e31742e78a5cc7670d8298c8", "OBJECTID": 396, "Shape_Length": 1.5651277915094002}}, {"type": "Feature", "id": 397, "geometry": {"type": "LineString", "coordinates": [[108172.77800000086, 458607.8960000016], [108186.6559999995, 458603.3969999999]]}, "properties": {"Datum": "20190520", "Van_knpnr": "F07271", "Naar_knpnr": "F07269", "Strengnr": 1, "Offset": 0, "Strengtype": "kolkaansluitleiding", "Afvoertype": "hemelwater gs", "Jaar": "0", "Jaar_recon": "0", "Materiaal": "pvc klasse 34 sn8", "Vorm": "rond", "Voeg": "mof-spie", "Grondslag": "onbekend", "Fundatie": "onbekend", "VanBobpeil": "", "NarBobpeil": "", "Straat": "\"steekterweg, alphen aan den rijn\"", "Straattype": "onbekend", "Verh_type": "onbekend", "Breedte": 125, "Hoogte": 125, "BodemBrdt": 4, "Lengte": 14.5900002, "Gebied": "steekterweg gs", "Inspectie": "", "JaarVerv": "0", "Beslismodl": "Geen beoordeling", "Beoordeeld": "0000", "Tactisch": 7, "Act_Direct": 0, "Act_In_5Y": 0, "Act_In_10Y": 0, "Geen_actie": 0, "Niet_beord": 14.59, "Operationl": 0, "Project": "", "APM": 0, "APV": "", "Kosten": 2101.11, "Opmerking": "", "Tekening": "INPA070748_001 REV TOTAA", "OBJ_ID": "483a8a13411a4742a008d394df60b700", "OBJECTID": 397, "Shape_Length": 14.589033037773076}}, {"type": "Feature", "id": 398, "geometry": {"type": "LineString", "coordinates": [[108165.94000000134, 458610.09099999815], [108172.77800000086, 458607.8960000016]]}, "properties": {"Datum": "20190520", "Van_knpnr": "F07272", "Naar_knpnr": "F07271", "Strengnr": 1, "Offset": 0, "Strengtype": "kolkaansluitleiding", "Afvoertype": "hemelwater gs", "Jaar": "0", "Jaar_recon": "0", "Materiaal": "pvc klasse 34 sn8", "Vorm": "rond", "Voeg": "mof-spie", "Grondslag": "onbekend", "Fundatie": "onbekend", "VanBobpeil": "", "NarBobpeil": "", "Straat": "\"steekterweg, alphen aan den rijn\"", "Straattype": "onbekend", "Verh_type": "onbekend", "Breedte": 125, "Hoogte": 125, "BodemBrdt": 4, "Lengte": 7.17999983, "Gebied": "steekterweg gs", "Inspectie": "", "JaarVerv": "0", "Beslismodl": "Geen beoordeling", "Beoordeeld": "0000", "Tactisch": 7, "Act_Direct": 0, "Act_In_5Y": 0, "Act_In_10Y": 0, "Geen_actie": 0, "Niet_beord": 7.18, "Operationl": 0, "Project": "", "APM": 0, "APV": "", "Kosten": 1033.99, "Opmerking": "", "Tekening": "INPA070748_001 REV TOTAA", "OBJ_ID": "2868026ec49146a4a33dee5f34a60cb6", "OBJECTID": 398, "Shape_Length": 7.1816619927725}}, {"type": "Feature", "id": 399, "geometry": {"type": "LineString", "coordinates": [[108083.29500000179, 458614.21400000155], [108085.09899999946, 458620.6550000012], [108081.73900000006, 458621.7490000017], [108082.02299999818, 458622.7960000001]]}, "properties": {"Datum": "20190520", "Van_knpnr": "F07279U", "Naar_knpnr": "AK2131", "Strengnr": 1, "Offset": 0, "Strengtype": "kolkaansluitleiding", "Afvoertype": "hemelwater gs", "Jaar": "0", "Jaar_recon": "0", "Materiaal": "pvc klasse 34 sn8", "Vorm": "rond", "Voeg": "mof-spie", "Grondslag": "onbekend", "Fundatie": "onbekend", "VanBobpeil": "", "NarBobpeil": "", "Straat": "\"steekterweg, alphen aan den rijn\"", "Straattype": "onbekend", "Verh_type": "onbekend", "Breedte": 125, "Hoogte": 125, "BodemBrdt": 4, "Lengte": 9.53999996, "Gebied": "steekterweg gs", "Inspectie": "", "JaarVerv": "0", "Beslismodl": "Geen beoordeling", "Beoordeeld": "0000", "Tactisch": 7, "Act_Direct": 0, "Act_In_5Y": 0, "Act_In_10Y": 0, "Geen_actie": 0, "Niet_beord": 9.54, "Operationl": 0, "Project": "", "APM": 0, "APV": "", "Kosten": 1373.86, "Opmerking": "", "Tekening": "INPA070748_001 REV TOTAA", "OBJ_ID": "d4e59d7d675e4562815b5a09c75c8003", "OBJECTID": 399, "Shape_Length": 11.307312886626043}}, {"type": "Feature", "id": 400, "geometry": {"type": "LineString", "coordinates": [[108063.9849999994, 458620.47199999914], [108066.2340000011, 458627.76000000164]]}, "properties": {"Datum": "20190520", "Van_knpnr": "F07280U", "Naar_knpnr": "AK2129", "Strengnr": 1, "Offset": 0, "Strengtype": "kolkaansluitleiding", "Afvoertype": "hemelwater gs", "Jaar": "0", "Jaar_recon": "0", "Materiaal": "pvc klasse 34 sn8", "Vorm": "rond", "Voeg": "mof-spie", "Grondslag": "onbekend", "Fundatie": "onbekend", "VanBobpeil": "", "NarBobpeil": "", "Straat": "\"steekterweg, alphen aan den rijn\"", "Straattype": "onbekend", "Verh_type": "onbekend", "Breedte": 125, "Hoogte": 125, "BodemBrdt": 4, "Lengte": 6.15999985, "Gebied": "steekterweg gs", "Inspectie": "", "JaarVerv": "0", "Beslismodl": "Geen beoordeling", "Beoordeeld": "0000", "Tactisch": 7, "Act_Direct": 0, "Act_In_5Y": 0, "Act_In_10Y": 0, "Geen_actie": 0, "Niet_beord": 6.16, "Operationl": 0, "Project": "", "APM": 0, "APV": "", "Kosten": 887.1, "Opmerking": "", "Tekening": "INPA070748_001 REV TOTAA", "OBJ_ID": "621319536c834e928e753451b7a4edb9", "OBJECTID": 400, "Shape_Length": 7.627119052704657}}, {"type": "Feature", "id": 401, "geometry": {"type": "LineString", "coordinates": [[108124.19399999827, 458601.6039999984], [108126.74500000104, 458609.5009999983], [108121.03599999845, 458611.34600000083], [108121.80299999937, 458614.3139999993]]}, "properties": {"Datum": "20190520", "Van_knpnr": "F07281U", "Naar_knpnr": "AK2135", "Strengnr": 1, "Offset": 0, "Strengtype": "kolkaansluitleiding", "Afvoertype": "hemelwater gs", "Jaar": "0", "Jaar_recon": "0", "Materiaal": "pvc klasse 34 sn8", "Vorm": "rond", "Voeg": "mof-spie", "Grondslag": "onbekend", "Fundatie": "onbekend", "VanBobpeil": "", "NarBobpeil": "", "Straat": "\"steekterweg, alphen aan den rijn\"", "Straattype": "onbekend", "Verh_type": "onbekend", "Breedte": 125, "Hoogte": 125, "BodemBrdt": 4, "Lengte": 17.3600006, "Gebied": "steekterweg gs", "Inspectie": "", "JaarVerv": "0", "Beslismodl": "Geen beoordeling", "Beoordeeld": "0000", "Tactisch": 7, "Act_Direct": 0, "Act_In_5Y": 0, "Act_In_10Y": 0, "Geen_actie": 0, "Niet_beord": 17.36, "Operationl": 0, "Project": "", "APM": 0, "APV": "", "Kosten": 2500.01, "Opmerking": "", "Tekening": "INPA070748_001 REV TOTAA", "OBJ_ID": "0", "OBJECTID": 401, "Shape_Length": 17.364036952807908}}, {"type": "Feature", "id": 402, "geometry": {"type": "LineString", "coordinates": [[108106.50699999928, 458607.5529999994], [108108.52600000054, 458613.9450000003], [108101.6559999995, 458616.1240000017], [108101.62700000033, 458616.7490000017]]}, "properties": {"Datum": "20190520", "Van_knpnr": "F07282U", "Naar_knpnr": "AK2133", "Strengnr": 1, "Offset": 0, "Strengtype": "kolkaansluitleiding", "Afvoertype": "hemelwater gs", "Jaar": "0", "Jaar_recon": "0", "Materiaal": "pvc klasse 34 sn8", "Vorm": "rond", "Voeg": "mof-spie", "Grondslag": "onbekend", "Fundatie": "onbekend", "VanBobpeil": "", "NarBobpeil": "", "Straat": "\"steekterweg, alphen aan den rijn\"", "Straattype": "onbekend", "Verh_type": "onbekend", "Breedte": 125, "Hoogte": 125, "BodemBrdt": 4, "Lengte": 17.2199993, "Gebied": "steekterweg gs", "Inspectie": "", "JaarVerv": "0", "Beslismodl": "Geen beoordeling", "Beoordeeld": "0000", "Tactisch": 7, "Act_Direct": 0, "Act_In_5Y": 0, "Act_In_10Y": 0, "Geen_actie": 0, "Niet_beord": 17.22, "Operationl": 0, "Project": "", "APM": 0, "APV": "", "Kosten": 2479.85, "Opmerking": "", "Tekening": "INPA070748_001 REV TOTAA", "OBJ_ID": "867e3c9936fa4606ab0e8895a35b897f", "OBJECTID": 402, "Shape_Length": 14.536240968590295}}, {"type": "Feature", "id": 403, "geometry": {"type": "LineString", "coordinates": [[108003.29600000009, 458664.0029999986], [108002.26999999955, 458659.3269999996], [107999.16600000113, 458660.21400000155], [107999.17399999872, 458661.0029999986], [107997.7100000009, 458661.4789999984], [107997.28400000185, 458659.8590000011]]}, "properties": {"Datum": "20190520", "Van_knpnr": "F07283U", "Naar_knpnr": "AK2127", "Strengnr": 1, "Offset": 0, "Strengtype": "kolkaansluitleiding", "Afvoertype": "hemelwater gs", "Jaar": "0", "Jaar_recon": "0", "Materiaal": "pvc klasse 34 sn8", "Vorm": "rond", "Voeg": "mof-spie", "Grondslag": "onbekend", "Fundatie": "onbekend", "VanBobpeil": "", "NarBobpeil": "", "Straat": "\"steekterweg, alphen aan den rijn\"", "Straattype": "onbekend", "Verh_type": "onbekend", "Breedte": 125, "Hoogte": 125, "BodemBrdt": 4, "Lengte": 14.54, "Gebied": "steekterweg gs", "Inspectie": "", "JaarVerv": "0", "Beslismodl": "Geen beoordeling", "Beoordeeld": "0000", "Tactisch": 7, "Act_Direct": 0, "Act_In_5Y": 0, "Act_In_10Y": 0, "Geen_actie": 0, "Niet_beord": 14.54, "Operationl": 0, "Project": "", "APM": 0, "APV": "", "Kosten": 2093.91, "Opmerking": "", "Tekening": "INPA070748_001 REV TOTAA", "OBJ_ID": "91851ded985441178b47d83e5883ad7e", "OBJECTID": 403, "Shape_Length": 12.019040758648678}}, {"type": "Feature", "id": 404, "geometry": {"type": "LineString", "coordinates": [[107981.35399999842, 458669.2019999996], [107977.75600000098, 458670.3260000013]]}, "properties": {"Datum": "20190520", "Van_knpnr": "F07284", "Naar_knpnr": "F07285", "Strengnr": 1, "Offset": 0, "Strengtype": "goot", "Afvoertype": "hemelwater gs", "Jaar": "0", "Jaar_recon": "0", "Materiaal": "pvc klasse 34 sn8", "Vorm": "rond", "Voeg": "mof-spie", "Grondslag": "onbekend", "Fundatie": "onbekend", "VanBobpeil": "", "NarBobpeil": "", "Straat": "\"steekterweg, alphen aan den rijn\"", "Straattype": "onbekend", "Verh_type": "onbekend", "Breedte": 125, "Hoogte": 125, "BodemBrdt": 4, "Lengte": 3.76999998, "Gebied": "steekterweg gs", "Inspectie": "", "JaarVerv": "0", "Beslismodl": "Geen beoordeling", "Beoordeeld": "0000", "Tactisch": 7, "Act_Direct": 0, "Act_In_5Y": 0, "Act_In_10Y": 0, "Geen_actie": 0, "Niet_beord": 3.77, "Operationl": 0, "Project": "", "APM": 0, "APV": "", "Kosten": 542.92, "Opmerking": "", "Tekening": "onbekend", "OBJ_ID": "171c0ec8f3324e6ab131bb32d4d6765d", "OBJECTID": 404, "Shape_Length": 3.7694800683085465}}, {"type": "Feature", "id": 405, "geometry": {"type": "LineString", "coordinates": [[107977.75600000098, 458670.3260000013], [107959.0159999989, 458676.1220000014]]}, "properties": {"Datum": "20190520", "Van_knpnr": "F07285", "Naar_knpnr": "F07286", "Strengnr": 1, "Offset": 0, "Strengtype": "kolkaansluitleiding", "Afvoertype": "hemelwater gs", "Jaar": "0", "Jaar_recon": "0", "Materiaal": "pvc klasse 34 sn8", "Vorm": "rond", "Voeg": "mof-spie", "Grondslag": "onbekend", "Fundatie": "onbekend", "VanBobpeil": "", "NarBobpeil": "", "Straat": "\"steekterweg, alphen aan den rijn\"", "Straattype": "onbekend", "Verh_type": "onbekend", "Breedte": 125, "Hoogte": 125, "BodemBrdt": 4, "Lengte": 19.6200008, "Gebied": "steekterweg gs", "Inspectie": "", "JaarVerv": "0", "Beslismodl": "Geen beoordeling", "Beoordeeld": "0000", "Tactisch": 7, "Act_Direct": 0, "Act_In_5Y": 0, "Act_In_10Y": 0, "Geen_actie": 0, "Niet_beord": 19.62, "Operationl": 0, "Project": "", "APM": 0, "APV": "", "Kosten": 2825.48, "Opmerking": "", "Tekening": "INPA070748_001 REV TOTAA", "OBJ_ID": "ea85d0f236964659b4bdb429381f6412", "OBJECTID": 405, "Shape_Length": 19.61584094754099}}, {"type": "Feature", "id": 406, "geometry": {"type": "LineString", "coordinates": [[107959.0159999989, 458676.1220000014], [107945.66899999976, 458680.3599999994]]}, "properties": {"Datum": "20190520", "Van_knpnr": "F07286", "Naar_knpnr": "F07287", "Strengnr": 1, "Offset": 0, "Strengtype": "kolkaansluitleiding", "Afvoertype": "hemelwater gs", "Jaar": "0", "Jaar_recon": "0", "Materiaal": "pvc klasse 34 sn8", "Vorm": "rond", "Voeg": "mof-spie", "Grondslag": "onbekend", "Fundatie": "onbekend", "VanBobpeil": "", "NarBobpeil": "", "Straat": "\"steekterweg, alphen aan den rijn\"", "Straattype": "onbekend", "Verh_type": "onbekend", "Breedte": 125, "Hoogte": 125, "BodemBrdt": 4, "Lengte": 14, "Gebied": "steekterweg gs", "Inspectie": "", "JaarVerv": "0", "Beslismodl": "Geen beoordeling", "Beoordeeld": "0000", "Tactisch": 7, "Act_Direct": 0, "Act_In_5Y": 0, "Act_In_10Y": 0, "Geen_actie": 0, "Niet_beord": 14, "Operationl": 0, "Project": "", "APM": 0, "APV": "", "Kosten": 2016.14, "Opmerking": "", "Tekening": "INPA070748_001 REV TOTAA", "OBJ_ID": "90aab0be36f64d40bd158e7843859675", "OBJECTID": 406, "Shape_Length": 14.003679979214656}}, {"type": "Feature", "id": 407, "geometry": {"type": "LineString", "coordinates": [[107945.66899999976, 458680.3599999994], [107925.39400000125, 458686.51900000125], [107923.50400000066, 458689.30799999833], [107919.07600000128, 458690.4620000012]]}, "properties": {"Datum": "20190520", "Van_knpnr": "F07287", "Naar_knpnr": "F07288U", "Strengnr": 1, "Offset": 0, "Strengtype": "kolkaansluitleiding", "Afvoertype": "hemelwater gs", "Jaar": "0", "Jaar_recon": "0", "Materiaal": "pvc klasse 34 sn8", "Vorm": "rond", "Voeg": "mof-spie", "Grondslag": "onbekend", "Fundatie": "onbekend", "VanBobpeil": "", "NarBobpeil": "", "Straat": "\"steekterweg, alphen aan den rijn\"", "Straattype": "onbekend", "Verh_type": "onbekend", "Breedte": 125, "Hoogte": 125, "BodemBrdt": 4, "Lengte": 32.7400017, "Gebied": "steekterweg gs", "Inspectie": "", "JaarVerv": "0", "Beslismodl": "Geen beoordeling", "Beoordeeld": "0000", "Tactisch": 7, "Act_Direct": 0, "Act_In_5Y": 0, "Act_In_10Y": 0, "Geen_actie": 0, "Niet_beord": 32.74, "Operationl": 0, "Project": "", "APM": 0, "APV": "", "Kosten": 4714.89, "Opmerking": "", "Tekening": "INPA070748_001 REV TOTAA", "OBJ_ID": "aafdebd2c7e445d7b134d7d1ed30a5bd", "OBJECTID": 407, "Shape_Length": 29.134802797629543}}, {"type": "Feature", "id": 408, "geometry": {"type": "LineString", "coordinates": [[107856.11899999902, 458706.58199999854], [107835.3359999992, 458713.3299999982]]}, "properties": {"Datum": "20190520", "Van_knpnr": "F07291U", "Naar_knpnr": "F07292", "Strengnr": 1, "Offset": 0, "Strengtype": "kolkaansluitleiding", "Afvoertype": "hemelwater gs", "Jaar": "0", "Jaar_recon": "0", "Materiaal": "pvc klasse 34 sn8", "Vorm": "rond", "Voeg": "mof-spie", "Grondslag": "onbekend", "Fundatie": "onbekend", "VanBobpeil": "", "NarBobpeil": "", "Straat": "\"steekterweg, alphen aan den rijn\"", "Straattype": "onbekend", "Verh_type": "onbekend", "Breedte": 125, "Hoogte": 125, "BodemBrdt": 4, "Lengte": 21.8500004, "Gebied": "steekterweg gs", "Inspectie": "", "JaarVerv": "0", "Beslismodl": "Geen beoordeling", "Beoordeeld": "0000", "Tactisch": 7, "Act_Direct": 0, "Act_In_5Y": 0, "Act_In_10Y": 0, "Geen_actie": 0, "Niet_beord": 21.85, "Operationl": 0, "Project": "", "APM": 0, "APV": "", "Kosten": 3146.62, "Opmerking": "", "Tekening": "INPA070748_001 REV TOTAA", "OBJ_ID": "0531c09d10224bc59be96fd563f15728", "OBJECTID": 408, "Shape_Length": 21.851054733997238}}, {"type": "Feature", "id": 409, "geometry": {"type": "LineString", "coordinates": [[107835.3359999992, 458713.3299999982], [107824, 458717.1079999991]]}, "properties": {"Datum": "20190520", "Van_knpnr": "F07292", "Naar_knpnr": "F07293", "Strengnr": 1, "Offset": 0, "Strengtype": "kolkaansluitleiding", "Afvoertype": "hemelwater gs", "Jaar": "0", "Jaar_recon": "0", "Materiaal": "pvc klasse 34 sn8", "Vorm": "rond", "Voeg": "mof-spie", "Grondslag": "onbekend", "Fundatie": "onbekend", "VanBobpeil": "", "NarBobpeil": "", "Straat": "\"steekterweg, alphen aan den rijn\"", "Straattype": "onbekend", "Verh_type": "onbekend", "Breedte": 125, "Hoogte": 125, "BodemBrdt": 4, "Lengte": 11.9499998, "Gebied": "steekterweg gs", "Inspectie": "", "JaarVerv": "0", "Beslismodl": "Geen beoordeling", "Beoordeeld": "0000", "Tactisch": 7, "Act_Direct": 0, "Act_In_5Y": 0, "Act_In_10Y": 0, "Geen_actie": 0, "Niet_beord": 11.95, "Operationl": 0, "Project": "", "APM": 0, "APV": "", "Kosten": 1720.92, "Opmerking": "", "Tekening": "INPA070748_001 REV TOTAA", "OBJ_ID": "0", "OBJECTID": 409, "Shape_Length": 11.948982382959944}}, {"type": "Feature", "id": 410, "geometry": {"type": "LineString", "coordinates": [[107816.63899999857, 458699.4780000001], [107818.73699999973, 458705.3509999998], [107816.68100000173, 458706.0020000003], [107816.94999999925, 458706.9239999987]]}, "properties": {"Datum": "20190520", "Van_knpnr": "F07294U", "Naar_knpnr": "AK2121", "Strengnr": 1, "Offset": 0, "Strengtype": "kolkaansluitleiding", "Afvoertype": "hemelwater gs", "Jaar": "0", "Jaar_recon": "0", "Materiaal": "pvc klasse 34 sn8", "Vorm": "rond", "Voeg": "mof-spie", "Grondslag": "onbekend", "Fundatie": "onbekend", "VanBobpeil": "", "NarBobpeil": "", "Straat": "\"steekterweg, alphen aan den rijn\"", "Straattype": "onbekend", "Verh_type": "onbekend", "Breedte": 125, "Hoogte": 125, "BodemBrdt": 4, "Lengte": 11.1400003, "Gebied": "steekterweg gs", "Inspectie": "", "JaarVerv": "0", "Beslismodl": "Geen beoordeling", "Beoordeeld": "0000", "Tactisch": 7, "Act_Direct": 0, "Act_In_5Y": 0, "Act_In_10Y": 0, "Geen_actie": 0, "Niet_beord": 11.14, "Operationl": 0, "Project": "", "APM": 0, "APV": "", "Kosten": 1604.27, "Opmerking": "", "Tekening": "INPA070748_001 REV TOTAA", "OBJ_ID": "87c3bb9d888243f28f4752f0e4b365f6", "OBJECTID": 410, "Shape_Length": 9.353527140923005}}, {"type": "Feature", "id": 411, "geometry": {"type": "LineString", "coordinates": [[107769.29600000009, 458714.7729999982], [107772.16099999845, 458722.77699999884], [107770.4140000008, 458723.5469999984]]}, "properties": {"Datum": "20190520", "Van_knpnr": "F07297U", "Naar_knpnr": "AK2117", "Strengnr": 1, "Offset": 0, "Strengtype": "kolkaansluitleiding", "Afvoertype": "hemelwater gs", "Jaar": "0", "Jaar_recon": "0", "Materiaal": "pvc klasse 34 sn8", "Vorm": "rond", "Voeg": "mof-spie", "Grondslag": "onbekend", "Fundatie": "onbekend", "VanBobpeil": "", "NarBobpeil": "", "Straat": "\"steekterweg, alphen aan den rijn\"", "Straattype": "onbekend", "Verh_type": "onbekend", "Breedte": 125, "Hoogte": 125, "BodemBrdt": 4, "Lengte": 10.4099998, "Gebied": "steekterweg gs", "Inspectie": "", "JaarVerv": "0", "Beslismodl": "Geen beoordeling", "Beoordeeld": "0000", "Tactisch": 7, "Act_Direct": 0, "Act_In_5Y": 0, "Act_In_10Y": 0, "Geen_actie": 0, "Niet_beord": 10.41, "Operationl": 0, "Project": "", "APM": 0, "APV": "", "Kosten": 1499.14, "Opmerking": "", "Tekening": "INPA070748_001 REV TOTAA", "OBJ_ID": "0", "OBJECTID": 411, "Shape_Length": 10.410472668116508}}, {"type": "Feature", "id": 412, "geometry": {"type": "LineString", "coordinates": [[107725.51700000092, 458730.45899999887], [107728.29899999872, 458738.47300000116], [107725.37299999967, 458739.65399999917]]}, "properties": {"Datum": "20190520", "Van_knpnr": "F07299U", "Naar_knpnr": "AK2115", "Strengnr": 1, "Offset": 0, "Strengtype": "kolkaansluitleiding", "Afvoertype": "hemelwater gs", "Jaar": "0", "Jaar_recon": "0", "Materiaal": "pvc klasse 34 sn8", "Vorm": "rond", "Voeg": "mof-spie", "Grondslag": "onbekend", "Fundatie": "onbekend", "VanBobpeil": "", "NarBobpeil": "", "Straat": "\"steekterweg, alphen aan den rijn\"", "Straattype": "onbekend", "Verh_type": "onbekend", "Breedte": 125, "Hoogte": 125, "BodemBrdt": 4, "Lengte": 11.6400003, "Gebied": "steekterweg gs", "Inspectie": "", "JaarVerv": "0", "Beslismodl": "Geen beoordeling", "Beoordeeld": "0000", "Tactisch": 7, "Act_Direct": 0, "Act_In_5Y": 0, "Act_In_10Y": 0, "Geen_actie": 0, "Niet_beord": 11.64, "Operationl": 0, "Project": "", "APM": 0, "APV": "", "Kosten": 1676.28, "Opmerking": "", "Tekening": "INPA070748_001 REV TOTAA", "OBJ_ID": "59d54027e1514ec08a8204f341fde685", "OBJECTID": 412, "Shape_Length": 11.63849382037803}}, {"type": "Feature", "id": 413, "geometry": {"type": "LineString", "coordinates": [[107723.91800000146, 458760.37999999896], [107732.48900000006, 458753.6160000004], [107731.48999999836, 458750.5229999982], [107729.34200000018, 458751.21499999985], [107728.93100000173, 458750.0309999995]]}, "properties": {"Datum": "20190520", "Van_knpnr": "F07300U", "Naar_knpnr": "AK2114", "Strengnr": 1, "Offset": 0, "Strengtype": "kolkaansluitleiding", "Afvoertype": "hemelwater gs", "Jaar": "0", "Jaar_recon": "0", "Materiaal": "pvc klasse 34 sn8", "Vorm": "rond", "Voeg": "mof-spie", "Grondslag": "onbekend", "Fundatie": "onbekend", "VanBobpeil": "", "NarBobpeil": "", "Straat": "\"steekterweg, alphen aan den rijn\"", "Straattype": "onbekend", "Verh_type": "onbekend", "Breedte": 125, "Hoogte": 125, "BodemBrdt": 4, "Lengte": 17.6800003, "Gebied": "steekterweg gs", "Inspectie": "", "JaarVerv": "0", "Beslismodl": "Geen beoordeling", "Beoordeeld": "0000", "Tactisch": 7, "Act_Direct": 0, "Act_In_5Y": 0, "Act_In_10Y": 0, "Geen_actie": 0, "Niet_beord": 17.68, "Operationl": 0, "Project": "", "APM": 0, "APV": "", "Kosten": 2546.1, "Opmerking": "", "Tekening": "INPA070748_001 REV TOTAA", "OBJ_ID": "fc5d8befc2c143529b57893e48459a39", "OBJECTID": 413, "Shape_Length": 17.678857716000934}}, {"type": "Feature", "id": 414, "geometry": {"type": "LineString", "coordinates": [[107769.59099999815, 458737.87900000066], [107775.45300000161, 458735.76000000164], [107778.76999999955, 458741.5920000002]]}, "properties": {"Datum": "20190520", "Van_knpnr": "F07301", "Naar_knpnr": "F07295U", "Strengnr": 1, "Offset": 0, "Strengtype": "kolkaansluitleiding", "Afvoertype": "hemelwater gs", "Jaar": "0", "Jaar_recon": "0", "Materiaal": "pvc klasse 34 sn8", "Vorm": "rond", "Voeg": "mof-spie", "Grondslag": "onbekend", "Fundatie": "onbekend", "VanBobpeil": "", "NarBobpeil": "", "Straat": "\"steekterweg, alphen aan den rijn\"", "Straattype": "onbekend", "Verh_type": "onbekend", "Breedte": 125, "Hoogte": 125, "BodemBrdt": 4, "Lengte": 12.9399996, "Gebied": "steekterweg gs", "Inspectie": "", "JaarVerv": "0", "Beslismodl": "Geen beoordeling", "Beoordeeld": "0000", "Tactisch": 7, "Act_Direct": 0, "Act_In_5Y": 0, "Act_In_10Y": 0, "Geen_actie": 0, "Niet_beord": 12.94, "Operationl": 0, "Project": "", "APM": 0, "APV": "", "Kosten": 1863.49, "Opmerking": "", "Tekening": "INPA070748_001 REV TOTAA", "OBJ_ID": "4982a432c408454596b76e87acc0a01c", "OBJECTID": 414, "Shape_Length": 12.942534397641388}}, {"type": "Feature", "id": 415, "geometry": {"type": "LineString", "coordinates": [[107756.21299999952, 458742.72100000083], [107769.59099999815, 458737.87900000066]]}, "properties": {"Datum": "20190520", "Van_knpnr": "F07302", "Naar_knpnr": "F07301", "Strengnr": 1, "Offset": 0, "Strengtype": "kolkaansluitleiding", "Afvoertype": "hemelwater gs", "Jaar": "0", "Jaar_recon": "0", "Materiaal": "pvc klasse 34 sn8", "Vorm": "rond", "Voeg": "mof-spie", "Grondslag": "onbekend", "Fundatie": "onbekend", "VanBobpeil": "", "NarBobpeil": "", "Straat": "\"steekterweg, alphen aan den rijn\"", "Straattype": "onbekend", "Verh_type": "onbekend", "Breedte": 125, "Hoogte": 125, "BodemBrdt": 4, "Lengte": 14.2299995, "Gebied": "steekterweg gs", "Inspectie": "", "JaarVerv": "0", "Beslismodl": "Geen beoordeling", "Beoordeeld": "0000", "Tactisch": 7, "Act_Direct": 0, "Act_In_5Y": 0, "Act_In_10Y": 0, "Geen_actie": 0, "Niet_beord": 14.23, "Operationl": 0, "Project": "", "APM": 0, "APV": "", "Kosten": 2049.26, "Opmerking": "", "Tekening": "INPA070748_001 REV TOTAA", "OBJ_ID": "0", "OBJECTID": 415, "Shape_Length": 14.227292362394596}}, {"type": "Feature", "id": 416, "geometry": {"type": "LineString", "coordinates": [[107756.21299999952, 458742.72100000083], [107736.77499999851, 458749.74599999934]]}, "properties": {"Datum": "20190520", "Van_knpnr": "F07302", "Naar_knpnr": "F07303", "Strengnr": 1, "Offset": 0, "Strengtype": "kolkaansluitleiding", "Afvoertype": "hemelwater gs", "Jaar": "0", "Jaar_recon": "0", "Materiaal": "pvc klasse 34 sn8", "Vorm": "rond", "Voeg": "mof-spie", "Grondslag": "onbekend", "Fundatie": "onbekend", "VanBobpeil": "", "NarBobpeil": "", "Straat": "\"steekterweg, alphen aan den rijn\"", "Straattype": "onbekend", "Verh_type": "onbekend", "Breedte": 125, "Hoogte": 125, "BodemBrdt": 4, "Lengte": 20.6700001, "Gebied": "steekterweg gs", "Inspectie": "", "JaarVerv": "0", "Beslismodl": "Geen beoordeling", "Beoordeeld": "0000", "Tactisch": 7, "Act_Direct": 0, "Act_In_5Y": 0, "Act_In_10Y": 0, "Geen_actie": 0, "Niet_beord": 20.67, "Operationl": 0, "Project": "", "APM": 0, "APV": "", "Kosten": 2976.69, "Opmerking": "", "Tekening": "INPA070748_001 REV TOTAA", "OBJ_ID": "e436c1d252464b2ba9e049eb25b48778", "OBJECTID": 416, "Shape_Length": 20.668489761432888}}, {"type": "Feature", "id": 417, "geometry": {"type": "LineString", "coordinates": [[107689.32999999821, 458755.50400000066], [107688.7490000017, 458754.16600000113], [107704.4450000003, 458748.5480000004], [107705.31899999827, 458746.7010000013], [107707.86100000143, 458745.9219999984]]}, "properties": {"Datum": "20190520", "Van_knpnr": "F07304", "Naar_knpnr": "AK2113", "Strengnr": 1, "Offset": 0, "Strengtype": "kolkaansluitleiding", "Afvoertype": "hemelwater gs", "Jaar": "0", "Jaar_recon": "0", "Materiaal": "pvc klasse 34 sn8", "Vorm": "rond", "Voeg": "mof-spie", "Grondslag": "onbekend", "Fundatie": "onbekend", "VanBobpeil": "", "NarBobpeil": "", "Straat": "\"steekterweg, alphen aan den rijn\"", "Straattype": "onbekend", "Verh_type": "onbekend", "Breedte": 125, "Hoogte": 125, "BodemBrdt": 4, "Lengte": 22.8299999, "Gebied": "steekterweg gs", "Inspectie": "", "JaarVerv": "0", "Beslismodl": "Geen beoordeling", "Beoordeeld": "0000", "Tactisch": 7, "Act_Direct": 0, "Act_In_5Y": 0, "Act_In_10Y": 0, "Geen_actie": 0, "Niet_beord": 22.83, "Operationl": 0, "Project": "", "APM": 0, "APV": "", "Kosten": 3287.75, "Opmerking": "", "Tekening": "INPA070748_001 REV TOTAA", "OBJ_ID": "0", "OBJECTID": 417, "Shape_Length": 22.83185893936539}}, {"type": "Feature", "id": 418, "geometry": {"type": "LineString", "coordinates": [[107655.46200000122, 458776.00400000066], [107654.70300000161, 458772.868999999]]}, "properties": {"Datum": "20190520", "Van_knpnr": "F07305", "Naar_knpnr": "AK2108", "Strengnr": 1, "Offset": 0, "Strengtype": "kolkaansluitleiding", "Afvoertype": "hemelwater gs", "Jaar": "0", "Jaar_recon": "0", "Materiaal": "pvc klasse 34 sn8", "Vorm": "rond", "Voeg": "mof-spie", "Grondslag": "onbekend", "Fundatie": "onbekend", "VanBobpeil": "", "NarBobpeil": "", "Straat": "\"steekterweg, alphen aan den rijn\"", "Straattype": "onbekend", "Verh_type": "onbekend", "Breedte": 125, "Hoogte": 125, "BodemBrdt": 4, "Lengte": 3.23000002, "Gebied": "steekterweg gs", "Inspectie": "", "JaarVerv": "0", "Beslismodl": "Geen beoordeling", "Beoordeeld": "0000", "Tactisch": 7, "Act_Direct": 0, "Act_In_5Y": 0, "Act_In_10Y": 0, "Geen_actie": 0, "Niet_beord": 3.23, "Operationl": 0, "Project": "", "APM": 0, "APV": "", "Kosten": 465.15, "Opmerking": "", "Tekening": "INPA070748_001 REV TOTAA", "OBJ_ID": "0", "OBJECTID": 418, "Shape_Length": 3.2255706486898115}}, {"type": "Feature", "id": 419, "geometry": {"type": "LineString", "coordinates": [[107655.46200000122, 458776.00400000066], [107669.46999999881, 458772.63599999994], [107670.8740000017, 458772.118999999]]}, "properties": {"Datum": "20190520", "Van_knpnr": "F07305", "Naar_knpnr": "F07309", "Strengnr": 1, "Offset": 0, "Strengtype": "kolkaansluitleiding", "Afvoertype": "hemelwater gs", "Jaar": "0", "Jaar_recon": "0", "Materiaal": "pvc klasse 34 sn8", "Vorm": "rond", "Voeg": "mof-spie", "Grondslag": "onbekend", "Fundatie": "onbekend", "VanBobpeil": "", "NarBobpeil": "", "Straat": "\"steekterweg, alphen aan den rijn\"", "Straattype": "onbekend", "Verh_type": "onbekend", "Breedte": 160, "Hoogte": 160, "BodemBrdt": 5, "Lengte": 15.8999996, "Gebied": "steekterweg gs", "Inspectie": "", "JaarVerv": "0", "Beslismodl": "Geen beoordeling", "Beoordeeld": "0000", "Tactisch": 7, "Act_Direct": 0, "Act_In_5Y": 0, "Act_In_10Y": 0, "Geen_actie": 0, "Niet_beord": 15.9, "Operationl": 0, "Project": "", "APM": 0, "APV": "", "Kosten": 2381.18, "Opmerking": "", "Tekening": "INPA070748_001 REV TOTAA", "OBJ_ID": "7722c8ecfff543d4a38b27202df9e112", "OBJECTID": 419, "Shape_Length": 15.903366070877032}}, {"type": "Feature", "id": 420, "geometry": {"type": "LineString", "coordinates": [[107639.79800000042, 458781.5069999993], [107650.55700000003, 458777.22399999946], [107655.46200000122, 458776.00400000066]]}, "properties": {"Datum": "20190520", "Van_knpnr": "F07306", "Naar_knpnr": "F07305", "Strengnr": 1, "Offset": 0, "Strengtype": "kolkaansluitleiding", "Afvoertype": "hemelwater gs", "Jaar": "0", "Jaar_recon": "0", "Materiaal": "pvc klasse 34 sn8", "Vorm": "rond", "Voeg": "mof-spie", "Grondslag": "onbekend", "Fundatie": "onbekend", "VanBobpeil": "", "NarBobpeil": "", "Straat": "\"steekterweg, alphen aan den rijn\"", "Straattype": "onbekend", "Verh_type": "onbekend", "Breedte": 160, "Hoogte": 160, "BodemBrdt": 5, "Lengte": 16.6399994, "Gebied": "steekterweg gs", "Inspectie": "", "JaarVerv": "0", "Beslismodl": "Geen beoordeling", "Beoordeeld": "0000", "Tactisch": 7, "Act_Direct": 0, "Act_In_5Y": 0, "Act_In_10Y": 0, "Geen_actie": 0, "Niet_beord": 16.64, "Operationl": 0, "Project": "", "APM": 0, "APV": "", "Kosten": 2492.01, "Opmerking": "", "Tekening": "INPA070748_001 REV TOTAA", "OBJ_ID": "66dc0cbc10424ff0a7ddf07fef85a3da", "OBJECTID": 420, "Shape_Length": 16.634608842581677}}, {"type": "Feature", "id": 421, "geometry": {"type": "LineString", "coordinates": [[107623.49100000039, 458788.01300000027], [107623.34099999815, 458787.6030000001], [107623.78400000185, 458787.4149999991]]}, "properties": {"Datum": "20190520", "Van_knpnr": "F07307", "Naar_knpnr": "AK2106", "Strengnr": 1, "Offset": 0, "Strengtype": "kolkaansluitleiding", "Afvoertype": "hemelwater gs", "Jaar": "0", "Jaar_recon": "0", "Materiaal": "pvc klasse 34 sn8", "Vorm": "rond", "Voeg": "mof-spie", "Grondslag": "onbekend", "Fundatie": "onbekend", "VanBobpeil": "", "NarBobpeil": "", "Straat": "\"steekterweg, alphen aan den rijn\"", "Straattype": "onbekend", "Verh_type": "onbekend", "Breedte": 125, "Hoogte": 125, "BodemBrdt": 4, "Lengte": 0.920000017, "Gebied": "steekterweg gs", "Inspectie": "", "JaarVerv": "0", "Beslismodl": "Geen beoordeling", "Beoordeeld": "0000", "Tactisch": 7, "Act_Direct": 0, "Act_In_5Y": 0, "Act_In_10Y": 0, "Geen_actie": 0, "Niet_beord": 0.92, "Operationl": 0, "Project": "", "APM": 0, "APV": "", "Kosten": 132.49, "Opmerking": "", "Tekening": "INPA070748_001 REV TOTAA", "OBJ_ID": "0", "OBJECTID": 421, "Shape_Length": 0.9178187075783202}}, {"type": "Feature", "id": 422, "geometry": {"type": "LineString", "coordinates": [[107623.49100000039, 458788.01300000027], [107639.79800000042, 458781.5069999993]]}, "properties": {"Datum": "20190520", "Van_knpnr": "F07307", "Naar_knpnr": "F07306", "Strengnr": 1, "Offset": 0, "Strengtype": "kolkaansluitleiding", "Afvoertype": "hemelwater gs", "Jaar": "0", "Jaar_recon": "0", "Materiaal": "pvc klasse 34 sn8", "Vorm": "rond", "Voeg": "mof-spie", "Grondslag": "onbekend", "Fundatie": "onbekend", "VanBobpeil": "", "NarBobpeil": "", "Straat": "\"steekterweg, alphen aan den rijn\"", "Straattype": "onbekend", "Verh_type": "onbekend", "Breedte": 160, "Hoogte": 160, "BodemBrdt": 5, "Lengte": 17.5599995, "Gebied": "steekterweg gs", "Inspectie": "", "JaarVerv": "0", "Beslismodl": "Geen beoordeling", "Beoordeeld": "0000", "Tactisch": 7, "Act_Direct": 0, "Act_In_5Y": 0, "Act_In_10Y": 0, "Geen_actie": 0, "Niet_beord": 17.56, "Operationl": 0, "Project": "", "APM": 0, "APV": "", "Kosten": 2629.79, "Opmerking": "", "Tekening": "INPA070748_001 REV TOTAA", "OBJ_ID": "94f46187b6554daab9c54a574bbff590", "OBJECTID": 422, "Shape_Length": 17.556944068196177}}, {"type": "Feature", "id": 423, "geometry": {"type": "LineString", "coordinates": [[107643.33199999854, 458764.1959999986], [107650.1559999995, 458764.6579999998], [107650.29300000146, 458765.01099999994]]}, "properties": {"Datum": "20190520", "Van_knpnr": "F07308", "Naar_knpnr": "AK2109", "Strengnr": 1, "Offset": 0, "Strengtype": "kolkaansluitleiding", "Afvoertype": "hemelwater gs", "Jaar": "0", "Jaar_recon": "0", "Materiaal": "pvc klasse 34 sn8", "Vorm": "rond", "Voeg": "mof-spie", "Grondslag": "onbekend", "Fundatie": "onbekend", "VanBobpeil": "", "NarBobpeil": "", "Straat": "\"steekterweg, alphen aan den rijn\"", "Straattype": "onbekend", "Verh_type": "onbekend", "Breedte": 125, "Hoogte": 125, "BodemBrdt": 4, "Lengte": 7.21999979, "Gebied": "steekterweg gs", "Inspectie": "", "JaarVerv": "0", "Beslismodl": "Geen beoordeling", "Beoordeeld": "0000", "Tactisch": 7, "Act_Direct": 0, "Act_In_5Y": 0, "Act_In_10Y": 0, "Geen_actie": 0, "Niet_beord": 7.22, "Operationl": 0, "Project": "", "APM": 0, "APV": "", "Kosten": 1039.75, "Opmerking": "", "Tekening": "INPA070748_001 REV TOTAA", "OBJ_ID": "0", "OBJECTID": 423, "Shape_Length": 7.218274211740232}}, {"type": "Feature", "id": 424, "geometry": {"type": "LineString", "coordinates": [[107670.8740000017, 458772.118999999], [107670.51199999824, 458770.94200000167]]}, "properties": {"Datum": "20190520", "Van_knpnr": "F07309", "Naar_knpnr": "AK2111", "Strengnr": 1, "Offset": 0, "Strengtype": "kolkaansluitleiding", "Afvoertype": "hemelwater gs", "Jaar": "0", "Jaar_recon": "0", "Materiaal": "pvc klasse 34 sn8", "Vorm": "rond", "Voeg": "mof-spie", "Grondslag": "onbekend", "Fundatie": "onbekend", "VanBobpeil": "", "NarBobpeil": "", "Straat": "\"steekterweg, alphen aan den rijn\"", "Straattype": "onbekend", "Verh_type": "onbekend", "Breedte": 125, "Hoogte": 125, "BodemBrdt": 4, "Lengte": 1.23000002, "Gebied": "steekterweg gs", "Inspectie": "", "JaarVerv": "0", "Beslismodl": "Geen beoordeling", "Beoordeeld": "0000", "Tactisch": 7, "Act_Direct": 0, "Act_In_5Y": 0, "Act_In_10Y": 0, "Geen_actie": 0, "Niet_beord": 1.23, "Operationl": 0, "Project": "", "APM": 0, "APV": "", "Kosten": 177.13, "Opmerking": "", "Tekening": "INPA070748_001 REV TOTAA", "OBJ_ID": "1f9a9815ad6c4e339ec8ea9318a7e166", "OBJECTID": 424, "Shape_Length": 1.2314109778051976}}, {"type": "Feature", "id": 425, "geometry": {"type": "LineString", "coordinates": [[107689, 458767.76999999955], [107672.64600000158, 458773.37099999934], [107670.8740000017, 458772.118999999]]}, "properties": {"Datum": "20190520", "Van_knpnr": "F07310", "Naar_knpnr": "F07309", "Strengnr": 1, "Offset": 0, "Strengtype": "kolkaansluitleiding", "Afvoertype": "hemelwater gs", "Jaar": "0", "Jaar_recon": "0", "Materiaal": "pvc klasse 34 sn8", "Vorm": "rond", "Voeg": "mof-spie", "Grondslag": "onbekend", "Fundatie": "onbekend", "VanBobpeil": "", "NarBobpeil": "", "Straat": "\"steekterweg, alphen aan den rijn\"", "Straattype": "onbekend", "Verh_type": "onbekend", "Breedte": 160, "Hoogte": 160, "BodemBrdt": 5, "Lengte": 19.4599991, "Gebied": "steekterweg gs", "Inspectie": "", "JaarVerv": "0", "Beslismodl": "Geen beoordeling", "Beoordeeld": "0000", "Tactisch": 7, "Act_Direct": 0, "Act_In_5Y": 0, "Act_In_10Y": 0, "Geen_actie": 0, "Niet_beord": 19.46, "Operationl": 0, "Project": "", "APM": 0, "APV": "", "Kosten": 2914.33, "Opmerking": "", "Tekening": "INPA070748_001 REV TOTAA", "OBJ_ID": "8ddb39c53e504c1abb0b1c65da82faec", "OBJECTID": 425, "Shape_Length": 19.456216127611697}}, {"type": "Feature", "id": 426, "geometry": {"type": "LineString", "coordinates": [[107601.56500000134, 458797.25499999896], [107611.45100000128, 458792.5170000009]]}, "properties": {"Datum": "20190520", "Van_knpnr": "F07312", "Naar_knpnr": "F07311", "Strengnr": 1, "Offset": 0, "Strengtype": "kolkaansluitleiding", "Afvoertype": "hemelwater gs", "Jaar": "0", "Jaar_recon": "0", "Materiaal": "pvc klasse 34 sn8", "Vorm": "rond", "Voeg": "mof-spie", "Grondslag": "onbekend", "Fundatie": "onbekend", "VanBobpeil": "", "NarBobpeil": "", "Straat": "\"steekterweg, alphen aan den rijn\"", "Straattype": "onbekend", "Verh_type": "onbekend", "Breedte": 125, "Hoogte": 125, "BodemBrdt": 4, "Lengte": 10.96, "Gebied": "steekterweg gs", "Inspectie": "", "JaarVerv": "0", "Beslismodl": "Geen beoordeling", "Beoordeeld": "0000", "Tactisch": 7, "Act_Direct": 0, "Act_In_5Y": 0, "Act_In_10Y": 0, "Geen_actie": 0, "Niet_beord": 10.96, "Operationl": 0, "Project": "", "APM": 0, "APV": "", "Kosten": 1578.35, "Opmerking": "", "Tekening": "INPA070748_001 REV TOTAA", "OBJ_ID": "0", "OBJECTID": 426, "Shape_Length": 10.962738708013735}}, {"type": "Feature", "id": 427, "geometry": {"type": "LineString", "coordinates": [[107601.56500000134, 458797.25499999896], [107600.7899999991, 458796.01399999857]]}, "properties": {"Datum": "20190520", "Van_knpnr": "F07312", "Naar_knpnr": "F07313", "Strengnr": 1, "Offset": 0, "Strengtype": "kolkaansluitleiding", "Afvoertype": "hemelwater gs", "Jaar": "0", "Jaar_recon": "0", "Materiaal": "pvc klasse 34 sn8", "Vorm": "rond", "Voeg": "mof-spie", "Grondslag": "onbekend", "Fundatie": "onbekend", "VanBobpeil": "", "NarBobpeil": "", "Straat": "\"steekterweg, alphen aan den rijn\"", "Straattype": "onbekend", "Verh_type": "onbekend", "Breedte": 125, "Hoogte": 125, "BodemBrdt": 4, "Lengte": 1.46000004, "Gebied": "steekterweg gs", "Inspectie": "", "JaarVerv": "0", "Beslismodl": "Geen beoordeling", "Beoordeeld": "0000", "Tactisch": 7, "Act_Direct": 0, "Act_In_5Y": 0, "Act_In_10Y": 0, "Geen_actie": 0, "Niet_beord": 1.46, "Operationl": 0, "Project": "", "APM": 0, "APV": "", "Kosten": 210.25, "Opmerking": "", "Tekening": "INPA070748_001 REV TOTAA", "OBJ_ID": "0", "OBJECTID": 427, "Shape_Length": 1.4631151712787758}}, {"type": "Feature", "id": 428, "geometry": {"type": "LineString", "coordinates": [[107600.7899999991, 458796.01399999857], [107595.4290000014, 458798.8539999984], [107594.51300000027, 458797.6579999998]]}, "properties": {"Datum": "20190520", "Van_knpnr": "F07313", "Naar_knpnr": "AK2103", "Strengnr": 1, "Offset": 0, "Strengtype": "kolkaansluitleiding", "Afvoertype": "hemelwater gs", "Jaar": "0", "Jaar_recon": "0", "Materiaal": "pvc klasse 34 sn8", "Vorm": "rond", "Voeg": "mof-spie", "Grondslag": "onbekend", "Fundatie": "onbekend", "VanBobpeil": "", "NarBobpeil": "", "Straat": "\"steekterweg, alphen aan den rijn\"", "Straattype": "onbekend", "Verh_type": "onbekend", "Breedte": 125, "Hoogte": 125, "BodemBrdt": 4, "Lengte": 7.57000017, "Gebied": "steekterweg gs", "Inspectie": "", "JaarVerv": "0", "Beslismodl": "Geen beoordeling", "Beoordeeld": "0000", "Tactisch": 7, "Act_Direct": 0, "Act_In_5Y": 0, "Act_In_10Y": 0, "Geen_actie": 0, "Niet_beord": 7.57, "Operationl": 0, "Project": "", "APM": 0, "APV": "", "Kosten": 1090.16, "Opmerking": "", "Tekening": "INPA070748_001 REV TOTAA", "OBJ_ID": "0", "OBJECTID": 428, "Shape_Length": 7.573265041251638}}, {"type": "Feature", "id": 429, "geometry": {"type": "LineString", "coordinates": [[107600.7899999991, 458796.01399999857], [107605.05799999833, 458791.6319999993], [107605.24100000039, 458790.29300000146]]}, "properties": {"Datum": "20190520", "Van_knpnr": "F07313", "Naar_knpnr": "AK2104", "Strengnr": 1, "Offset": 0, "Strengtype": "kolkaansluitleiding", "Afvoertype": "hemelwater gs", "Jaar": "0", "Jaar_recon": "0", "Materiaal": "pvc klasse 34 sn8", "Vorm": "rond", "Voeg": "mof-spie", "Grondslag": "onbekend", "Fundatie": "onbekend", "VanBobpeil": "", "NarBobpeil": "", "Straat": "\"steekterweg, alphen aan den rijn\"", "Straattype": "onbekend", "Verh_type": "onbekend", "Breedte": 125, "Hoogte": 125, "BodemBrdt": 4, "Lengte": 7.46999979, "Gebied": "steekterweg gs", "Inspectie": "", "JaarVerv": "0", "Beslismodl": "Geen beoordeling", "Beoordeeld": "0000", "Tactisch": 7, "Act_Direct": 0, "Act_In_5Y": 0, "Act_In_10Y": 0, "Geen_actie": 0, "Niet_beord": 7.47, "Operationl": 0, "Project": "", "APM": 0, "APV": "", "Kosten": 1075.75, "Opmerking": "", "Tekening": "INPA070748_001 REV TOTAA", "OBJ_ID": "0", "OBJECTID": 429, "Shape_Length": 7.468452191957735}}, {"type": "Feature", "id": 430, "geometry": {"type": "LineString", "coordinates": [[107589.78599999845, 458802.8990000002], [107589.13300000131, 458801.80099999905]]}, "properties": {"Datum": "20190520", "Van_knpnr": "F07314", "Naar_knpnr": "AK2366", "Strengnr": 1, "Offset": 0, "Strengtype": "kolkaansluitleiding", "Afvoertype": "hemelwater gs", "Jaar": "0", "Jaar_recon": "0", "Materiaal": "pvc klasse 34 sn8", "Vorm": "rond", "Voeg": "mof-spie", "Grondslag": "onbekend", "Fundatie": "onbekend", "VanBobpeil": "", "NarBobpeil": "", "Straat": "\"steekterweg, alphen aan den rijn\"", "Straattype": "onbekend", "Verh_type": "onbekend", "Breedte": 125, "Hoogte": 125, "BodemBrdt": 4, "Lengte": 1.27999997, "Gebied": "steekterweg gs", "Inspectie": "", "JaarVerv": "0", "Beslismodl": "Geen beoordeling", "Beoordeeld": "0000", "Tactisch": 7, "Act_Direct": 0, "Act_In_5Y": 0, "Act_In_10Y": 0, "Geen_actie": 0, "Niet_beord": 1.28, "Operationl": 0, "Project": "", "APM": 0, "APV": "", "Kosten": 184.33, "Opmerking": "", "Tekening": "INPA070748_001 REV TOTAA", "OBJ_ID": "0", "OBJECTID": 430, "Shape_Length": 1.2775026414124921}}, {"type": "Feature", "id": 431, "geometry": {"type": "LineString", "coordinates": [[107589.78599999845, 458802.8990000002], [107601.56500000134, 458797.25499999896]]}, "properties": {"Datum": "20190520", "Van_knpnr": "F07314", "Naar_knpnr": "F07312", "Strengnr": 1, "Offset": 0, "Strengtype": "kolkaansluitleiding", "Afvoertype": "hemelwater gs", "Jaar": "0", "Jaar_recon": "0", "Materiaal": "pvc klasse 34 sn8", "Vorm": "rond", "Voeg": "mof-spie", "Grondslag": "onbekend", "Fundatie": "onbekend", "VanBobpeil": "", "NarBobpeil": "", "Straat": "\"steekterweg, alphen aan den rijn\"", "Straattype": "onbekend", "Verh_type": "onbekend", "Breedte": 125, "Hoogte": 125, "BodemBrdt": 4, "Lengte": 13.0600004, "Gebied": "steekterweg gs", "Inspectie": "", "JaarVerv": "0", "Beslismodl": "Geen beoordeling", "Beoordeeld": "0000", "Tactisch": 7, "Act_Direct": 0, "Act_In_5Y": 0, "Act_In_10Y": 0, "Geen_actie": 0, "Niet_beord": 13.06, "Operationl": 0, "Project": "", "APM": 0, "APV": "", "Kosten": 1880.77, "Opmerking": "", "Tekening": "INPA070748_001 REV TOTAA", "OBJ_ID": "0", "OBJECTID": 431, "Shape_Length": 13.061377304183171}}, {"type": "Feature", "id": 432, "geometry": {"type": "LineString", "coordinates": [[107580.00400000066, 458807.8819999993], [107589.78599999845, 458802.8990000002]]}, "properties": {"Datum": "20190520", "Van_knpnr": "F07315", "Naar_knpnr": "F07314", "Strengnr": 1, "Offset": 0, "Strengtype": "kolkaansluitleiding", "Afvoertype": "hemelwater gs", "Jaar": "0", "Jaar_recon": "0", "Materiaal": "pvc klasse 34 sn8", "Vorm": "rond", "Voeg": "mof-spie", "Grondslag": "onbekend", "Fundatie": "onbekend", "VanBobpeil": "", "NarBobpeil": "", "Straat": "\"steekterweg, alphen aan den rijn\"", "Straattype": "onbekend", "Verh_type": "onbekend", "Breedte": 125, "Hoogte": 125, "BodemBrdt": 4, "Lengte": 10.9799995, "Gebied": "steekterweg gs", "Inspectie": "", "JaarVerv": "0", "Beslismodl": "Geen beoordeling", "Beoordeeld": "0000", "Tactisch": 7, "Act_Direct": 0, "Act_In_5Y": 0, "Act_In_10Y": 0, "Geen_actie": 0, "Niet_beord": 10.98, "Operationl": 0, "Project": "", "APM": 0, "APV": "", "Kosten": 1581.23, "Opmerking": "", "Tekening": "INPA070748_001 REV TOTAA", "OBJ_ID": "0", "OBJECTID": 432, "Shape_Length": 10.978060527599892}}, {"type": "Feature", "id": 433, "geometry": {"type": "LineString", "coordinates": [[107580.00400000066, 458807.8819999993], [107576.98900000006, 458809.4200000018]]}, "properties": {"Datum": "20190520", "Van_knpnr": "F07315", "Naar_knpnr": "F07316", "Strengnr": 1, "Offset": 0, "Strengtype": "kolkaansluitleiding", "Afvoertype": "hemelwater gs", "Jaar": "0", "Jaar_recon": "0", "Materiaal": "pvc klasse 34 sn8", "Vorm": "rond", "Voeg": "mof-spie", "Grondslag": "onbekend", "Fundatie": "onbekend", "VanBobpeil": "", "NarBobpeil": "", "Straat": "\"steekterweg, alphen aan den rijn\"", "Straattype": "onbekend", "Verh_type": "onbekend", "Breedte": 125, "Hoogte": 125, "BodemBrdt": 4, "Lengte": 3.3900001, "Gebied": "steekterweg gs", "Inspectie": "", "JaarVerv": "0", "Beslismodl": "Geen beoordeling", "Beoordeeld": "0000", "Tactisch": 7, "Act_Direct": 0, "Act_In_5Y": 0, "Act_In_10Y": 0, "Geen_actie": 0, "Niet_beord": 3.39, "Operationl": 0, "Project": "", "APM": 0, "APV": "", "Kosten": 488.19, "Opmerking": "", "Tekening": "INPA070748_001 REV TOTAA", "OBJ_ID": "c5e6c1c81bf54f5d918385e70e91e2d4", "OBJECTID": 433, "Shape_Length": 3.3846224326052385}}, {"type": "Feature", "id": 434, "geometry": {"type": "LineString", "coordinates": [[107576.98900000006, 458809.4200000018], [107576.10399999842, 458809.8680000007], [107576.05200000107, 458809.7749999985]]}, "properties": {"Datum": "20190520", "Van_knpnr": "F07316", "Naar_knpnr": "AK2101", "Strengnr": 1, "Offset": 0, "Strengtype": "kolkaansluitleiding", "Afvoertype": "hemelwater gs", "Jaar": "0", "Jaar_recon": "0", "Materiaal": "pvc klasse 34 sn8", "Vorm": "rond", "Voeg": "mof-spie", "Grondslag": "onbekend", "Fundatie": "onbekend", "VanBobpeil": "", "NarBobpeil": "", "Straat": "\"steekterweg, alphen aan den rijn\"", "Straattype": "onbekend", "Verh_type": "onbekend", "Breedte": 125, "Hoogte": 125, "BodemBrdt": 4, "Lengte": 1.10000002, "Gebied": "steekterweg gs", "Inspectie": "", "JaarVerv": "0", "Beslismodl": "Geen beoordeling", "Beoordeeld": "0000", "Tactisch": 7, "Act_Direct": 0, "Act_In_5Y": 0, "Act_In_10Y": 0, "Geen_actie": 0, "Niet_beord": 1.1, "Operationl": 0, "Project": "", "APM": 0, "APV": "", "Kosten": 158.41, "Opmerking": "", "Tekening": "INPA070748_001 REV TOTAA", "OBJ_ID": "0", "OBJECTID": 434, "Shape_Length": 1.0984824124503203}}, {"type": "Feature", "id": 435, "geometry": {"type": "LineString", "coordinates": [[107577.30099999905, 458809.8740000017], [107580.05799999833, 458808.01000000164], [107579.13599999994, 458806.13500000164]]}, "properties": {"Datum": "20190520", "Van_knpnr": "F07317", "Naar_knpnr": "AK2102", "Strengnr": 1, "Offset": 0, "Strengtype": "kolkaansluitleiding", "Afvoertype": "hemelwater gs", "Jaar": "0", "Jaar_recon": "0", "Materiaal": "pvc klasse 34 sn8", "Vorm": "rond", "Voeg": "mof-spie", "Grondslag": "onbekend", "Fundatie": "onbekend", "VanBobpeil": "", "NarBobpeil": "", "Straat": "\"steekterweg, alphen aan den rijn\"", "Straattype": "onbekend", "Verh_type": "onbekend", "Breedte": 125, "Hoogte": 125, "BodemBrdt": 4, "Lengte": 5.42000008, "Gebied": "steekterweg gs", "Inspectie": "", "JaarVerv": "0", "Beslismodl": "Geen beoordeling", "Beoordeeld": "0000", "Tactisch": 7, "Act_Direct": 0, "Act_In_5Y": 0, "Act_In_10Y": 0, "Geen_actie": 0, "Niet_beord": 5.42, "Operationl": 0, "Project": "", "APM": 0, "APV": "", "Kosten": 780.53, "Opmerking": "", "Tekening": "INPA070748_001 REV TOTAA", "OBJ_ID": "0", "OBJECTID": 435, "Shape_Length": 5.417422051483431}}, {"type": "Feature", "id": 436, "geometry": {"type": "LineString", "coordinates": [[107577.30099999905, 458809.8740000017], [107576.98900000006, 458809.4200000018]]}, "properties": {"Datum": "20190520", "Van_knpnr": "F07317", "Naar_knpnr": "F07316", "Strengnr": 1, "Offset": 0, "Strengtype": "kolkaansluitleiding", "Afvoertype": "hemelwater gs", "Jaar": "0", "Jaar_recon": "0", "Materiaal": "pvc klasse 34 sn8", "Vorm": "rond", "Voeg": "mof-spie", "Grondslag": "onbekend", "Fundatie": "onbekend", "VanBobpeil": "", "NarBobpeil": "", "Straat": "\"steekterweg, alphen aan den rijn\"", "Straattype": "onbekend", "Verh_type": "onbekend", "Breedte": 125, "Hoogte": 125, "BodemBrdt": 4, "Lengte": 0.550000012, "Gebied": "steekterweg gs", "Inspectie": "", "JaarVerv": "0", "Beslismodl": "Geen beoordeling", "Beoordeeld": "0000", "Tactisch": 7, "Act_Direct": 0, "Act_In_5Y": 0, "Act_In_10Y": 0, "Geen_actie": 0, "Niet_beord": 0.55, "Operationl": 0, "Project": "", "APM": 0, "APV": "", "Kosten": 79.21, "Opmerking": "", "Tekening": "INPA070748_001 REV TOTAA", "OBJ_ID": "e4faf782fbca440a9b84b47234b7566e", "OBJECTID": 436, "Shape_Length": 0.5508720353099551}}, {"type": "Feature", "id": 437, "geometry": {"type": "LineString", "coordinates": [[107574.22300000116, 458811.98999999836], [107577.30099999905, 458809.8740000017]]}, "properties": {"Datum": "20190520", "Van_knpnr": "F07318", "Naar_knpnr": "F07317", "Strengnr": 1, "Offset": 0, "Strengtype": "kolkaansluitleiding", "Afvoertype": "hemelwater gs", "Jaar": "0", "Jaar_recon": "0", "Materiaal": "pvc klasse 34 sn8", "Vorm": "rond", "Voeg": "mof-spie", "Grondslag": "onbekend", "Fundatie": "onbekend", "VanBobpeil": "", "NarBobpeil": "", "Straat": "\"steekterweg, alphen aan den rijn\"", "Straattype": "onbekend", "Verh_type": "onbekend", "Breedte": 125, "Hoogte": 125, "BodemBrdt": 4, "Lengte": 3.74000001, "Gebied": "steekterweg gs", "Inspectie": "", "JaarVerv": "0", "Beslismodl": "Geen beoordeling", "Beoordeeld": "0000", "Tactisch": 7, "Act_Direct": 0, "Act_In_5Y": 0, "Act_In_10Y": 0, "Geen_actie": 0, "Niet_beord": 3.74, "Operationl": 0, "Project": "", "APM": 0, "APV": "", "Kosten": 538.6, "Opmerking": "", "Tekening": "INPA070748_001 REV TOTAA", "OBJ_ID": "c6f6017614ce4a8ba67b445d48016261", "OBJECTID": 437, "Shape_Length": 3.7351760297003804}}, {"type": "Feature", "id": 438, "geometry": {"type": "LineString", "coordinates": [[107574.22300000116, 458811.98999999836], [107565.2890000008, 458793.40399999917]]}, "properties": {"Datum": "20190520", "Van_knpnr": "F07318", "Naar_knpnr": "F07328", "Strengnr": 1, "Offset": 0, "Strengtype": "inzamelriool", "Afvoertype": "hemelwater gs", "Jaar": "0", "Jaar_recon": "0", "Materiaal": "beton", "Vorm": "rond", "Voeg": "mof-spie", "Grondslag": "onbekend", "Fundatie": "onbekend", "VanBobpeil": "", "NarBobpeil": "", "Straat": "\"steekterweg, alphen aan den rijn\"", "Straattype": "onbekend", "Verh_type": "onbekend", "Breedte": 400, "Hoogte": 400, "BodemBrdt": 12, "Lengte": 20.6200008, "Gebied": "steekterweg gs", "Inspectie": "", "JaarVerv": "0", "Beslismodl": "Geen beoordeling", "Beoordeeld": "0000", "Tactisch": 7, "Act_Direct": 0, "Act_In_5Y": 0, "Act_In_10Y": 0, "Geen_actie": 0, "Niet_beord": 20.62, "Operationl": 0, "Project": "", "APM": 0, "APV": "", "Kosten": 4657.85, "Opmerking": "", "Tekening": "INPA070748_001 REV TOTAA", "OBJ_ID": "0", "OBJECTID": 438, "Shape_Length": 20.621730091737675}}, {"type": "Feature", "id": 439, "geometry": {"type": "LineString", "coordinates": [[107568.39999999851, 458814.8449999988], [107572.20100000128, 458812.7179999985]]}, "properties": {"Datum": "20190520", "Van_knpnr": "F07320", "Naar_knpnr": "F07327", "Strengnr": 1, "Offset": 0, "Strengtype": "kolkaansluitleiding", "Afvoertype": "hemelwater gs", "Jaar": "0", "Jaar_recon": "0", "Materiaal": "pvc klasse 34 sn8", "Vorm": "rond", "Voeg": "mof-spie", "Grondslag": "onbekend", "Fundatie": "onbekend", "VanBobpeil": "", "NarBobpeil": "", "Straat": "\"steekterweg, alphen aan den rijn\"", "Straattype": "onbekend", "Verh_type": "onbekend", "Breedte": 125, "Hoogte": 125, "BodemBrdt": 4, "Lengte": 4.36000013, "Gebied": "steekterweg gs", "Inspectie": "", "JaarVerv": "0", "Beslismodl": "Geen beoordeling", "Beoordeeld": "0000", "Tactisch": 7, "Act_Direct": 0, "Act_In_5Y": 0, "Act_In_10Y": 0, "Geen_actie": 0, "Niet_beord": 4.36, "Operationl": 0, "Project": "", "APM": 0, "APV": "", "Kosten": 627.88, "Opmerking": "", "Tekening": "INPA070748_001 REV TOTAA", "OBJ_ID": "38f5bf8864d04a8d8446ec583a94ce56", "OBJECTID": 439, "Shape_Length": 4.355654947589902}}, {"type": "Feature", "id": 440, "geometry": {"type": "LineString", "coordinates": [[107568.93499999866, 458815.6240000017], [107574.22300000116, 458811.98999999836]]}, "properties": {"Datum": "20190520", "Van_knpnr": "F07321", "Naar_knpnr": "F07318", "Strengnr": 1, "Offset": 0, "Strengtype": "kolkaansluitleiding", "Afvoertype": "hemelwater gs", "Jaar": "0", "Jaar_recon": "0", "Materiaal": "pvc klasse 34 sn8", "Vorm": "rond", "Voeg": "mof-spie", "Grondslag": "onbekend", "Fundatie": "onbekend", "VanBobpeil": "", "NarBobpeil": "", "Straat": "\"steekterweg, alphen aan den rijn\"", "Straattype": "onbekend", "Verh_type": "onbekend", "Breedte": 125, "Hoogte": 125, "BodemBrdt": 4, "Lengte": 6.42000008, "Gebied": "steekterweg gs", "Inspectie": "", "JaarVerv": "0", "Beslismodl": "Geen beoordeling", "Beoordeeld": "0000", "Tactisch": 7, "Act_Direct": 0, "Act_In_5Y": 0, "Act_In_10Y": 0, "Geen_actie": 0, "Niet_beord": 6.42, "Operationl": 0, "Project": "", "APM": 0, "APV": "", "Kosten": 924.54, "Opmerking": "", "Tekening": "INPA070748_001 REV TOTAA", "OBJ_ID": "205fccb60c0b43eabec22b88ab83aac1", "OBJECTID": 440, "Shape_Length": 6.416299560551664}}, {"type": "Feature", "id": 441, "geometry": {"type": "LineString", "coordinates": [[107568.93499999866, 458815.6240000017], [107568.39999999851, 458814.8449999988]]}, "properties": {"Datum": "20190520", "Van_knpnr": "F07321", "Naar_knpnr": "F07320", "Strengnr": 1, "Offset": 0, "Strengtype": "kolkaansluitleiding", "Afvoertype": "hemelwater gs", "Jaar": "0", "Jaar_recon": "0", "Materiaal": "pvc klasse 34 sn8", "Vorm": "rond", "Voeg": "mof-spie", "Grondslag": "onbekend", "Fundatie": "onbekend", "VanBobpeil": "", "NarBobpeil": "", "Straat": "\"steekterweg, alphen aan den rijn\"", "Straattype": "onbekend", "Verh_type": "onbekend", "Breedte": 125, "Hoogte": 125, "BodemBrdt": 4, "Lengte": 0.949999988, "Gebied": "steekterweg gs", "Inspectie": "", "JaarVerv": "0", "Beslismodl": "Geen beoordeling", "Beoordeeld": "0000", "Tactisch": 7, "Act_Direct": 0, "Act_In_5Y": 0, "Act_In_10Y": 0, "Geen_actie": 0, "Niet_beord": 0.95, "Operationl": 0, "Project": "", "APM": 0, "APV": "", "Kosten": 136.81, "Opmerking": "", "Tekening": "INPA070748_001 REV TOTAA", "OBJ_ID": "40503663f85b435a8d40d17f42ad5084", "OBJECTID": 441, "Shape_Length": 0.945021695340032}}, {"type": "Feature", "id": 442, "geometry": {"type": "LineString", "coordinates": [[107554.3909999989, 458825.62099999934], [107553.17700000107, 458823.4360000007], [107556.9140000008, 458821.3779999986], [107556.5150000006, 458820.6629999988]]}, "properties": {"Datum": "20190520", "Van_knpnr": "F07322", "Naar_knpnr": "AK2099", "Strengnr": 1, "Offset": 0, "Strengtype": "kolkaansluitleiding", "Afvoertype": "hemelwater gs", "Jaar": "0", "Jaar_recon": "0", "Materiaal": "pvc klasse 34 sn8", "Vorm": "rond", "Voeg": "mof-spie", "Grondslag": "onbekend", "Fundatie": "onbekend", "VanBobpeil": "", "NarBobpeil": "", "Straat": "\"steekterweg, alphen aan den rijn\"", "Straattype": "onbekend", "Verh_type": "onbekend", "Breedte": 125, "Hoogte": 125, "BodemBrdt": 4, "Lengte": 7.59000015, "Gebied": "steekterweg gs", "Inspectie": "", "JaarVerv": "0", "Beslismodl": "Geen beoordeling", "Beoordeeld": "0000", "Tactisch": 7, "Act_Direct": 0, "Act_In_5Y": 0, "Act_In_10Y": 0, "Geen_actie": 0, "Niet_beord": 7.59, "Operationl": 0, "Project": "", "APM": 0, "APV": "", "Kosten": 1093.04, "Opmerking": "", "Tekening": "INPA070748_001 REV TOTAA", "OBJ_ID": "cb86dcba25e647d9ae39a9f272521372", "OBJECTID": 442, "Shape_Length": 7.584607893563016}}, {"type": "Feature", "id": 443, "geometry": {"type": "LineString", "coordinates": [[107554.3909999989, 458825.62099999934], [107568.93499999866, 458815.6240000017]]}, "properties": {"Datum": "20190520", "Van_knpnr": "F07322", "Naar_knpnr": "F07321", "Strengnr": 1, "Offset": 0, "Strengtype": "kolkaansluitleiding", "Afvoertype": "hemelwater gs", "Jaar": "0", "Jaar_recon": "0", "Materiaal": "pvc klasse 34 sn8", "Vorm": "rond", "Voeg": "mof-spie", "Grondslag": "onbekend", "Fundatie": "onbekend", "VanBobpeil": "", "NarBobpeil": "", "Straat": "\"steekterweg, alphen aan den rijn\"", "Straattype": "onbekend", "Verh_type": "onbekend", "Breedte": 125, "Hoogte": 125, "BodemBrdt": 4, "Lengte": 17.6499996, "Gebied": "steekterweg gs", "Inspectie": "", "JaarVerv": "0", "Beslismodl": "Geen beoordeling", "Beoordeeld": "0000", "Tactisch": 7, "Act_Direct": 0, "Act_In_5Y": 0, "Act_In_10Y": 0, "Geen_actie": 0, "Niet_beord": 17.65, "Operationl": 0, "Project": "", "APM": 0, "APV": "", "Kosten": 2541.78, "Opmerking": "", "Tekening": "INPA070748_001 REV TOTAA", "OBJ_ID": "11903c8447d14ce09e170c342b69abe7", "OBJECTID": 443, "Shape_Length": 17.648454463379828}}, {"type": "Feature", "id": 444, "geometry": {"type": "LineString", "coordinates": [[107542.11100000143, 458831.98999999836], [107554.3909999989, 458825.62099999934]]}, "properties": {"Datum": "20190520", "Van_knpnr": "F07323", "Naar_knpnr": "F07322", "Strengnr": 1, "Offset": 0, "Strengtype": "kolkaansluitleiding", "Afvoertype": "hemelwater gs", "Jaar": "0", "Jaar_recon": "0", "Materiaal": "pvc klasse 34 sn8", "Vorm": "rond", "Voeg": "mof-spie", "Grondslag": "onbekend", "Fundatie": "onbekend", "VanBobpeil": "", "NarBobpeil": "", "Straat": "\"steekterweg, alphen aan den rijn\"", "Straattype": "onbekend", "Verh_type": "onbekend", "Breedte": 125, "Hoogte": 125, "BodemBrdt": 4, "Lengte": 13.8299999, "Gebied": "steekterweg gs", "Inspectie": "", "JaarVerv": "0", "Beslismodl": "Geen beoordeling", "Beoordeeld": "0000", "Tactisch": 7, "Act_Direct": 0, "Act_In_5Y": 0, "Act_In_10Y": 0, "Geen_actie": 0, "Niet_beord": 13.83, "Operationl": 0, "Project": "", "APM": 0, "APV": "", "Kosten": 1991.66, "Opmerking": "", "Tekening": "INPA070748_001 REV TOTAA", "OBJ_ID": "0", "OBJECTID": 444, "Shape_Length": 13.83338573615502}}, {"type": "Feature", "id": 445, "geometry": {"type": "LineString", "coordinates": [[107542.11100000143, 458831.98999999836], [107540.0390000008, 458828.63699999824], [107542.76300000027, 458826.9519999996]]}, "properties": {"Datum": "20190520", "Van_knpnr": "F07323", "Naar_knpnr": "F07324", "Strengnr": 1, "Offset": 0, "Strengtype": "kolkaansluitleiding", "Afvoertype": "hemelwater gs", "Jaar": "0", "Jaar_recon": "0", "Materiaal": "pvc klasse 34 sn8", "Vorm": "rond", "Voeg": "mof-spie", "Grondslag": "onbekend", "Fundatie": "onbekend", "VanBobpeil": "", "NarBobpeil": "", "Straat": "\"steekterweg, alphen aan den rijn\"", "Straattype": "onbekend", "Verh_type": "onbekend", "Breedte": 125, "Hoogte": 125, "BodemBrdt": 4, "Lengte": 7.1500001, "Gebied": "steekterweg gs", "Inspectie": "", "JaarVerv": "0", "Beslismodl": "Geen beoordeling", "Beoordeeld": "0000", "Tactisch": 7, "Act_Direct": 0, "Act_In_5Y": 0, "Act_In_10Y": 0, "Geen_actie": 0, "Niet_beord": 7.15, "Operationl": 0, "Project": "", "APM": 0, "APV": "", "Kosten": 1029.67, "Opmerking": "", "Tekening": "INPA070748_001 REV TOTAA", "OBJ_ID": "c4ee36c4c3844874a9955b56d2be8470", "OBJECTID": 445, "Shape_Length": 7.144577002336161}}, {"type": "Feature", "id": 446, "geometry": {"type": "LineString", "coordinates": [[107542.76300000027, 458826.9519999996], [107542.47300000116, 458826.4310000017]]}, "properties": {"Datum": "20190520", "Van_knpnr": "F07324", "Naar_knpnr": "AK2098", "Strengnr": 1, "Offset": 0, "Strengtype": "kolkaansluitleiding", "Afvoertype": "hemelwater gs", "Jaar": "0", "Jaar_recon": "0", "Materiaal": "pvc klasse 34 sn8", "Vorm": "rond", "Voeg": "mof-spie", "Grondslag": "onbekend", "Fundatie": "onbekend", "VanBobpeil": "", "NarBobpeil": "", "Straat": "\"steekterweg, alphen aan den rijn\"", "Straattype": "onbekend", "Verh_type": "onbekend", "Breedte": 125, "Hoogte": 125, "BodemBrdt": 4, "Lengte": 0.600000024, "Gebied": "steekterweg gs", "Inspectie": "", "JaarVerv": "0", "Beslismodl": "Geen beoordeling", "Beoordeeld": "0000", "Tactisch": 7, "Act_Direct": 0, "Act_In_5Y": 0, "Act_In_10Y": 0, "Geen_actie": 0, "Niet_beord": 0.6, "Operationl": 0, "Project": "", "APM": 0, "APV": "", "Kosten": 86.41, "Opmerking": "", "Tekening": "INPA070748_001 REV TOTAA", "OBJ_ID": "0a17b2d96a5445588f3bb64d4d2928a6", "OBJECTID": 446, "Shape_Length": 0.5962725863609278}}, {"type": "Feature", "id": 447, "geometry": {"type": "LineString", "coordinates": [[107542.76300000027, 458826.9519999996], [107546.53200000152, 458828.66899999976], [107546.93299999833, 458828.4360000007]]}, "properties": {"Datum": "20190520", "Van_knpnr": "F07324", "Naar_knpnr": "AK2365", "Strengnr": 1, "Offset": 0, "Strengtype": "kolkaansluitleiding", "Afvoertype": "hemelwater gs", "Jaar": "0", "Jaar_recon": "0", "Materiaal": "pvc klasse 34 sn8", "Vorm": "rond", "Voeg": "mof-spie", "Grondslag": "onbekend", "Fundatie": "onbekend", "VanBobpeil": "", "NarBobpeil": "", "Straat": "\"steekterweg, alphen aan den rijn\"", "Straattype": "onbekend", "Verh_type": "onbekend", "Breedte": 125, "Hoogte": 125, "BodemBrdt": 4, "Lengte": 4.61000013, "Gebied": "steekterweg gs", "Inspectie": "", "JaarVerv": "0", "Beslismodl": "Geen beoordeling", "Beoordeeld": "0000", "Tactisch": 7, "Act_Direct": 0, "Act_In_5Y": 0, "Act_In_10Y": 0, "Geen_actie": 0, "Niet_beord": 4.61, "Operationl": 0, "Project": "", "APM": 0, "APV": "", "Kosten": 663.89, "Opmerking": "", "Tekening": "INPA070748_001 REV TOTAA", "OBJ_ID": "9fbf1d481c86429d9ee57239ffc401d4", "OBJECTID": 447, "Shape_Length": 4.6054503296429425}}, {"type": "Feature", "id": 448, "geometry": {"type": "LineString", "coordinates": [[107535.33799999952, 458836.2129999995], [107535.07600000128, 458835.79199999943], [107534.56500000134, 458836.10500000045], [107533.74500000104, 458834.7740000002]]}, "properties": {"Datum": "20190520", "Van_knpnr": "F07325", "Naar_knpnr": "AK2097", "Strengnr": 1, "Offset": 0, "Strengtype": "kolkaansluitleiding", "Afvoertype": "hemelwater gs", "Jaar": "0", "Jaar_recon": "0", "Materiaal": "pvc klasse 34 sn8", "Vorm": "rond", "Voeg": "mof-spie", "Grondslag": "onbekend", "Fundatie": "onbekend", "VanBobpeil": "", "NarBobpeil": "", "Straat": "\"steekterweg, alphen aan den rijn\"", "Straattype": "onbekend", "Verh_type": "onbekend", "Breedte": 125, "Hoogte": 125, "BodemBrdt": 4, "Lengte": 2.66000009, "Gebied": "steekterweg gs", "Inspectie": "", "JaarVerv": "0", "Beslismodl": "Geen beoordeling", "Beoordeeld": "0000", "Tactisch": 7, "Act_Direct": 0, "Act_In_5Y": 0, "Act_In_10Y": 0, "Geen_actie": 0, "Niet_beord": 2.66, "Operationl": 0, "Project": "", "APM": 0, "APV": "", "Kosten": 383.07, "Opmerking": "", "Tekening": "INPA070748_001 REV TOTAA", "OBJ_ID": "0", "OBJECTID": 448, "Shape_Length": 2.658426419027615}}, {"type": "Feature", "id": 449, "geometry": {"type": "LineString", "coordinates": [[107535.33799999952, 458836.2129999995], [107542.11100000143, 458831.98999999836]]}, "properties": {"Datum": "20190520", "Van_knpnr": "F07325", "Naar_knpnr": "F07323", "Strengnr": 1, "Offset": 0, "Strengtype": "kolkaansluitleiding", "Afvoertype": "hemelwater gs", "Jaar": "0", "Jaar_recon": "0", "Materiaal": "pvc klasse 34 sn8", "Vorm": "rond", "Voeg": "mof-spie", "Grondslag": "onbekend", "Fundatie": "onbekend", "VanBobpeil": "", "NarBobpeil": "", "Straat": "\"steekterweg, alphen aan den rijn\"", "Straattype": "onbekend", "Verh_type": "onbekend", "Breedte": 125, "Hoogte": 125, "BodemBrdt": 4, "Lengte": 7.98000002, "Gebied": "steekterweg gs", "Inspectie": "", "JaarVerv": "0", "Beslismodl": "Geen beoordeling", "Beoordeeld": "0000", "Tactisch": 7, "Act_Direct": 0, "Act_In_5Y": 0, "Act_In_10Y": 0, "Geen_actie": 0, "Niet_beord": 7.98, "Operationl": 0, "Project": "", "APM": 0, "APV": "", "Kosten": 1149.2, "Opmerking": "", "Tekening": "INPA070748_001 REV TOTAA", "OBJ_ID": "0", "OBJECTID": 449, "Shape_Length": 7.981682656912241}}, {"type": "Feature", "id": 450, "geometry": {"type": "LineString", "coordinates": [[107525.44799999893, 458842.131000001], [107523.60799999908, 458839.15399999917], [107522.24100000039, 458840.0480000004], [107521.75899999961, 458839.3189999983]]}, "properties": {"Datum": "20190520", "Van_knpnr": "F07326", "Naar_knpnr": "AK2096", "Strengnr": 1, "Offset": 0, "Strengtype": "kolkaansluitleiding", "Afvoertype": "hemelwater gs", "Jaar": "0", "Jaar_recon": "0", "Materiaal": "pvc klasse 34 sn8", "Vorm": "rond", "Voeg": "mof-spie", "Grondslag": "onbekend", "Fundatie": "onbekend", "VanBobpeil": "", "NarBobpeil": "", "Straat": "\"steekterweg, alphen aan den rijn\"", "Straattype": "onbekend", "Verh_type": "onbekend", "Breedte": 125, "Hoogte": 125, "BodemBrdt": 4, "Lengte": 6.01000023, "Gebied": "steekterweg gs", "Inspectie": "", "JaarVerv": "0", "Beslismodl": "Geen beoordeling", "Beoordeeld": "0000", "Tactisch": 7, "Act_Direct": 0, "Act_In_5Y": 0, "Act_In_10Y": 0, "Geen_actie": 0, "Niet_beord": 6.01, "Operationl": 0, "Project": "", "APM": 0, "APV": "", "Kosten": 865.5, "Opmerking": "", "Tekening": "INPA070748_001 REV TOTAA", "OBJ_ID": "0", "OBJECTID": 450, "Shape_Length": 6.007047604639548}}, {"type": "Feature", "id": 451, "geometry": {"type": "LineString", "coordinates": [[107525.44799999893, 458842.131000001], [107535.33799999952, 458836.2129999995]]}, "properties": {"Datum": "20190520", "Van_knpnr": "F07326", "Naar_knpnr": "F07325", "Strengnr": 1, "Offset": 0, "Strengtype": "kolkaansluitleiding", "Afvoertype": "hemelwater gs", "Jaar": "0", "Jaar_recon": "0", "Materiaal": "pvc klasse 34 sn8", "Vorm": "rond", "Voeg": "mof-spie", "Grondslag": "onbekend", "Fundatie": "onbekend", "VanBobpeil": "", "NarBobpeil": "", "Straat": "\"steekterweg, alphen aan den rijn\"", "Straattype": "onbekend", "Verh_type": "onbekend", "Breedte": 125, "Hoogte": 125, "BodemBrdt": 4, "Lengte": 11.5299997, "Gebied": "steekterweg gs", "Inspectie": "", "JaarVerv": "0", "Beslismodl": "Geen beoordeling", "Beoordeeld": "0000", "Tactisch": 7, "Act_Direct": 0, "Act_In_5Y": 0, "Act_In_10Y": 0, "Geen_actie": 0, "Niet_beord": 11.53, "Operationl": 0, "Project": "", "APM": 0, "APV": "", "Kosten": 1660.44, "Opmerking": "", "Tekening": "INPA070748_001 REV TOTAA", "OBJ_ID": "0", "OBJECTID": 451, "Shape_Length": 11.52539908328879}}, {"type": "Feature", "id": 452, "geometry": {"type": "LineString", "coordinates": [[107572.20100000128, 458812.7179999985], [107571.8590000011, 458812.1700000018], [107572.25800000131, 458811.93299999833]]}, "properties": {"Datum": "20190520", "Van_knpnr": "F07327", "Naar_knpnr": "AK2364", "Strengnr": 1, "Offset": 0, "Strengtype": "kolkaansluitleiding", "Afvoertype": "hemelwater gs", "Jaar": "0", "Jaar_recon": "0", "Materiaal": "pvc klasse 34 sn8", "Vorm": "rond", "Voeg": "mof-spie", "Grondslag": "onbekend", "Fundatie": "onbekend", "VanBobpeil": "", "NarBobpeil": "", "Straat": "\"steekterweg, alphen aan den rijn\"", "Straattype": "onbekend", "Verh_type": "onbekend", "Breedte": 125, "Hoogte": 125, "BodemBrdt": 4, "Lengte": 1.11000001, "Gebied": "steekterweg gs", "Inspectie": "", "JaarVerv": "0", "Beslismodl": "Geen beoordeling", "Beoordeeld": "0000", "Tactisch": 7, "Act_Direct": 0, "Act_In_5Y": 0, "Act_In_10Y": 0, "Geen_actie": 0, "Niet_beord": 1.11, "Operationl": 0, "Project": "", "APM": 0, "APV": "", "Kosten": 159.85, "Opmerking": "", "Tekening": "INPA070748_001 REV TOTAA", "OBJ_ID": "a9abaadb850d4f15a80b837c41d992a5", "OBJECTID": 452, "Shape_Length": 1.110042580990441}}, {"type": "Feature", "id": 453, "geometry": {"type": "LineString", "coordinates": [[107572.20100000128, 458812.7179999985], [107572.65700000152, 458812.4510000013]]}, "properties": {"Datum": "20190520", "Van_knpnr": "F07327", "Naar_knpnr": "F07319", "Strengnr": 1, "Offset": 0, "Strengtype": "kolkaansluitleiding", "Afvoertype": "hemelwater gs", "Jaar": "0", "Jaar_recon": "0", "Materiaal": "pvc klasse 34 sn8", "Vorm": "rond", "Voeg": "mof-spie", "Grondslag": "onbekend", "Fundatie": "onbekend", "VanBobpeil": "", "NarBobpeil": "", "Straat": "\"steekterweg, alphen aan den rijn\"", "Straattype": "onbekend", "Verh_type": "onbekend", "Breedte": 125, "Hoogte": 125, "BodemBrdt": 4, "Lengte": 0.529999971, "Gebied": "steekterweg gs", "Inspectie": "", "JaarVerv": "0", "Beslismodl": "Geen beoordeling", "Beoordeeld": "0000", "Tactisch": 7, "Act_Direct": 0, "Act_In_5Y": 0, "Act_In_10Y": 0, "Geen_actie": 0, "Niet_beord": 0.53, "Operationl": 0, "Project": "", "APM": 0, "APV": "", "Kosten": 76.33, "Opmerking": "", "Tekening": "INPA070748_001 REV TOTAA", "OBJ_ID": "1765cffa9f704b46a0ccfe8375ddba97", "OBJECTID": 453, "Shape_Length": 0.5284174474044933}}, {"type": "Feature", "id": 454, "geometry": {"type": "LineString", "coordinates": [[107493.375, 458837.0879999995], [107497.51900000125, 458843.9539999999], [107491.89699999988, 458847.4129999988], [107492.18600000069, 458847.9620000012]]}, "properties": {"Datum": "20190520", "Van_knpnr": "F07329U", "Naar_knpnr": "AK2092", "Strengnr": 1, "Offset": 0, "Strengtype": "kolkaansluitleiding", "Afvoertype": "hemelwater gs", "Jaar": "0", "Jaar_recon": "0", "Materiaal": "pvc klasse 34 sn8", "Vorm": "rond", "Voeg": "mof-spie", "Grondslag": "onbekend", "Fundatie": "onbekend", "VanBobpeil": "", "NarBobpeil": "", "Straat": "\"steekterweg, alphen aan den rijn\"", "Straattype": "onbekend", "Verh_type": "onbekend", "Breedte": 125, "Hoogte": 125, "BodemBrdt": 4, "Lengte": 15.2399998, "Gebied": "steekterweg gs", "Inspectie": "", "JaarVerv": "0", "Beslismodl": "Geen beoordeling", "Beoordeeld": "0000", "Tactisch": 7, "Act_Direct": 0, "Act_In_5Y": 0, "Act_In_10Y": 0, "Geen_actie": 0, "Niet_beord": 15.24, "Operationl": 0, "Project": "", "APM": 0, "APV": "", "Kosten": 2194.71, "Opmerking": "", "Tekening": "INPA070748_001 REV TOTAA", "OBJ_ID": "0", "OBJECTID": 454, "Shape_Length": 15.240941038988625}}, {"type": "Feature", "id": 455, "geometry": {"type": "LineString", "coordinates": [[107400.40300000086, 458895.29300000146], [107404.95699999854, 458902.7569999993], [107403.29500000179, 458903.868999999], [107403.68499999866, 458904.3759999983]]}, "properties": {"Datum": "20190520", "Van_knpnr": "F07334U", "Naar_knpnr": "AK2081", "Strengnr": 1, "Offset": 0, "Strengtype": "kolkaansluitleiding", "Afvoertype": "hemelwater gs", "Jaar": "0", "Jaar_recon": "0", "Materiaal": "pvc klasse 34 sn8", "Vorm": "rond", "Voeg": "mof-spie", "Grondslag": "onbekend", "Fundatie": "onbekend", "VanBobpeil": "", "NarBobpeil": "", "Straat": "\"steekterweg, alphen aan den rijn\"", "Straattype": "onbekend", "Verh_type": "onbekend", "Breedte": 125, "Hoogte": 125, "BodemBrdt": 4, "Lengte": 11.3800001, "Gebied": "steekterweg gs", "Inspectie": "", "JaarVerv": "0", "Beslismodl": "Geen beoordeling", "Beoordeeld": "0000", "Tactisch": 7, "Act_Direct": 0, "Act_In_5Y": 0, "Act_In_10Y": 0, "Geen_actie": 0, "Niet_beord": 11.38, "Operationl": 0, "Project": "", "APM": 0, "APV": "", "Kosten": 1638.83, "Opmerking": "", "Tekening": "INPA070748_001 REV TOTAA", "OBJ_ID": "0", "OBJECTID": 455, "Shape_Length": 11.382925716366106}}, {"type": "Feature", "id": 456, "geometry": {"type": "LineString", "coordinates": [[107391.75600000098, 458900.4750000015], [107395.87000000104, 458909.6169999987]]}, "properties": {"Datum": "20190520", "Van_knpnr": "F07335U", "Naar_knpnr": "AK2080", "Strengnr": 1, "Offset": 0, "Strengtype": "kolkaansluitleiding", "Afvoertype": "hemelwater gs", "Jaar": "0", "Jaar_recon": "0", "Materiaal": "pvc klasse 34 sn8", "Vorm": "rond", "Voeg": "mof-spie", "Grondslag": "onbekend", "Fundatie": "onbekend", "VanBobpeil": "", "NarBobpeil": "", "Straat": "\"steekterweg, alphen aan den rijn\"", "Straattype": "onbekend", "Verh_type": "onbekend", "Breedte": 125, "Hoogte": 125, "BodemBrdt": 4, "Lengte": 10.0299997, "Gebied": "steekterweg gs", "Inspectie": "", "JaarVerv": "0", "Beslismodl": "Geen beoordeling", "Beoordeeld": "0000", "Tactisch": 7, "Act_Direct": 0, "Act_In_5Y": 0, "Act_In_10Y": 0, "Geen_actie": 0, "Niet_beord": 10.03, "Operationl": 0, "Project": "", "APM": 0, "APV": "", "Kosten": 1444.42, "Opmerking": "", "Tekening": "INPA070748_001 REV TOTAA", "OBJ_ID": "0", "OBJECTID": 456, "Shape_Length": 10.025026680726057}}, {"type": "Feature", "id": 457, "geometry": {"type": "LineString", "coordinates": [[107361.33799999952, 458920.9990000017], [107364.82299999893, 458926.6939999983], [107363.97599999979, 458927.2259999998], [107364.49599999934, 458928.131000001]]}, "properties": {"Datum": "20190520", "Van_knpnr": "F07336U", "Naar_knpnr": "AK2077", "Strengnr": 1, "Offset": 0, "Strengtype": "kolkaansluitleiding", "Afvoertype": "hemelwater gs", "Jaar": "0", "Jaar_recon": "0", "Materiaal": "pvc klasse 34 sn8", "Vorm": "rond", "Voeg": "mof-spie", "Grondslag": "onbekend", "Fundatie": "onbekend", "VanBobpeil": "", "NarBobpeil": "", "Straat": "\"steekterweg, alphen aan den rijn\"", "Straattype": "onbekend", "Verh_type": "onbekend", "Breedte": 125, "Hoogte": 125, "BodemBrdt": 4, "Lengte": 8.72000027, "Gebied": "steekterweg gs", "Inspectie": "", "JaarVerv": "0", "Beslismodl": "Geen beoordeling", "Beoordeeld": "0000", "Tactisch": 7, "Act_Direct": 0, "Act_In_5Y": 0, "Act_In_10Y": 0, "Geen_actie": 0, "Niet_beord": 8.72, "Operationl": 0, "Project": "", "APM": 0, "APV": "", "Kosten": 1255.77, "Opmerking": "", "Tekening": "INPA070748_001 REV TOTAA", "OBJ_ID": "0", "OBJECTID": 457, "Shape_Length": 8.720666255192608}}, {"type": "Feature", "id": 458, "geometry": {"type": "LineString", "coordinates": [[107347.26000000164, 458929.63800000027], [107350.94700000063, 458936.5949999988]]}, "properties": {"Datum": "20190520", "Van_knpnr": "F07337U", "Naar_knpnr": "AK2076", "Strengnr": 1, "Offset": 0, "Strengtype": "kolkaansluitleiding", "Afvoertype": "hemelwater gs", "Jaar": "0", "Jaar_recon": "0", "Materiaal": "pvc klasse 34 sn8", "Vorm": "rond", "Voeg": "mof-spie", "Grondslag": "onbekend", "Fundatie": "onbekend", "VanBobpeil": "", "NarBobpeil": "", "Straat": "\"steekterweg, alphen aan den rijn\"", "Straattype": "onbekend", "Verh_type": "onbekend", "Breedte": 125, "Hoogte": 125, "BodemBrdt": 4, "Lengte": 7.86999989, "Gebied": "steekterweg gs", "Inspectie": "", "JaarVerv": "0", "Beslismodl": "Geen beoordeling", "Beoordeeld": "0000", "Tactisch": 7, "Act_Direct": 0, "Act_In_5Y": 0, "Act_In_10Y": 0, "Geen_actie": 0, "Niet_beord": 7.87, "Operationl": 0, "Project": "", "APM": 0, "APV": "", "Kosten": 1133.36, "Opmerking": "", "Tekening": "INPA070748_001 REV TOTAA", "OBJ_ID": "0", "OBJECTID": 458, "Shape_Length": 7.8736153050685225}}, {"type": "Feature", "id": 459, "geometry": {"type": "LineString", "coordinates": [[107386.91099999845, 458927.1700000018], [107384.50299999863, 458928.6579999998], [107383.86199999973, 458927.56599999964], [107386.125, 458926.2030000016]]}, "properties": {"Datum": "20190520", "Van_knpnr": "F07339", "Naar_knpnr": "AK2078", "Strengnr": 1, "Offset": 0, "Strengtype": "kolkaansluitleiding", "Afvoertype": "hemelwater gs", "Jaar": "0", "Jaar_recon": "0", "Materiaal": "pvc klasse 34 sn8", "Vorm": "rond", "Voeg": "mof-spie", "Grondslag": "onbekend", "Fundatie": "onbekend", "VanBobpeil": "", "NarBobpeil": "", "Straat": "\"steekterweg, alphen aan den rijn\"", "Straattype": "onbekend", "Verh_type": "onbekend", "Breedte": 125, "Hoogte": 125, "BodemBrdt": 4, "Lengte": 6.73999977, "Gebied": "steekterweg gs", "Inspectie": "", "JaarVerv": "0", "Beslismodl": "Geen beoordeling", "Beoordeeld": "0000", "Tactisch": 7, "Act_Direct": 0, "Act_In_5Y": 0, "Act_In_10Y": 0, "Geen_actie": 0, "Niet_beord": 6.74, "Operationl": 0, "Project": "", "APM": 0, "APV": "", "Kosten": 970.63, "Opmerking": "", "Tekening": "INPA070748_001 REV TOTAA", "OBJ_ID": "0", "OBJECTID": 459, "Shape_Length": 6.738655615169227}}, {"type": "Feature", "id": 460, "geometry": {"type": "LineString", "coordinates": [[107386.91099999845, 458927.1700000018], [107390.55999999866, 458931.4840000011]]}, "properties": {"Datum": "20190520", "Van_knpnr": "F07339", "Naar_knpnr": "F07338U", "Strengnr": 1, "Offset": 0, "Strengtype": "kolkaansluitleiding", "Afvoertype": "hemelwater gs", "Jaar": "0", "Jaar_recon": "0", "Materiaal": "pvc klasse 34 sn8", "Vorm": "rond", "Voeg": "mof-spie", "Grondslag": "onbekend", "Fundatie": "onbekend", "VanBobpeil": "", "NarBobpeil": "", "Straat": "\"steekterweg, alphen aan den rijn\"", "Straattype": "onbekend", "Verh_type": "onbekend", "Breedte": 160, "Hoogte": 160, "BodemBrdt": 5, "Lengte": 5.6500001, "Gebied": "steekterweg gs", "Inspectie": "", "JaarVerv": "0", "Beslismodl": "Geen beoordeling", "Beoordeeld": "0000", "Tactisch": 7, "Act_Direct": 0, "Act_In_5Y": 0, "Act_In_10Y": 0, "Geen_actie": 0, "Niet_beord": 5.65, "Operationl": 0, "Project": "", "APM": 0, "APV": "", "Kosten": 846.14, "Opmerking": "", "Tekening": "INPA070748_001 REV TOTAA", "OBJ_ID": "0", "OBJECTID": 460, "Shape_Length": 5.650291761989675}}, {"type": "Feature", "id": 461, "geometry": {"type": "LineString", "coordinates": [[107398.44900000095, 458920.05799999833], [107397.68200000003, 458918.7809999995]]}, "properties": {"Datum": "20190520", "Van_knpnr": "F07340", "Naar_knpnr": "AK2079", "Strengnr": 1, "Offset": 0, "Strengtype": "kolkaansluitleiding", "Afvoertype": "hemelwater gs", "Jaar": "0", "Jaar_recon": "0", "Materiaal": "pvc klasse 34 sn8", "Vorm": "rond", "Voeg": "mof-spie", "Grondslag": "onbekend", "Fundatie": "onbekend", "VanBobpeil": "", "NarBobpeil": "", "Straat": "\"steekterweg, alphen aan den rijn\"", "Straattype": "onbekend", "Verh_type": "onbekend", "Breedte": 125, "Hoogte": 125, "BodemBrdt": 4, "Lengte": 1.49000001, "Gebied": "steekterweg gs", "Inspectie": "", "JaarVerv": "0", "Beslismodl": "Geen beoordeling", "Beoordeeld": "0000", "Tactisch": 7, "Act_Direct": 0, "Act_In_5Y": 0, "Act_In_10Y": 0, "Geen_actie": 0, "Niet_beord": 1.49, "Operationl": 0, "Project": "", "APM": 0, "APV": "", "Kosten": 214.57, "Opmerking": "", "Tekening": "INPA070748_001 REV TOTAA", "OBJ_ID": "ad367f1ee1694784b5f74295e14bc0d9", "OBJECTID": 461, "Shape_Length": 1.4896368679811631}}, {"type": "Feature", "id": 462, "geometry": {"type": "LineString", "coordinates": [[107398.44900000095, 458920.05799999833], [107386.91099999845, 458927.1700000018]]}, "properties": {"Datum": "20190520", "Van_knpnr": "F07340", "Naar_knpnr": "F07339", "Strengnr": 1, "Offset": 0, "Strengtype": "kolkaansluitleiding", "Afvoertype": "hemelwater gs", "Jaar": "0", "Jaar_recon": "0", "Materiaal": "pvc klasse 34 sn8", "Vorm": "rond", "Voeg": "mof-spie", "Grondslag": "onbekend", "Fundatie": "onbekend", "VanBobpeil": "", "NarBobpeil": "", "Straat": "\"steekterweg, alphen aan den rijn\"", "Straattype": "onbekend", "Verh_type": "onbekend", "Breedte": 160, "Hoogte": 160, "BodemBrdt": 5, "Lengte": 13.5500002, "Gebied": "steekterweg gs", "Inspectie": "", "JaarVerv": "0", "Beslismodl": "Geen beoordeling", "Beoordeeld": "0000", "Tactisch": 7, "Act_Direct": 0, "Act_In_5Y": 0, "Act_In_10Y": 0, "Geen_actie": 0, "Niet_beord": 13.55, "Operationl": 0, "Project": "", "APM": 0, "APV": "", "Kosten": 2029.25, "Opmerking": "", "Tekening": "INPA070748_001 REV TOTAA", "OBJ_ID": "0", "OBJECTID": 462, "Shape_Length": 13.553818211372826}}, {"type": "Feature", "id": 463, "geometry": {"type": "LineString", "coordinates": [[107413.07400000095, 458910.6799999997], [107412.0940000005, 458909.08199999854]]}, "properties": {"Datum": "20190520", "Van_knpnr": "F07341", "Naar_knpnr": "AK2082", "Strengnr": 1, "Offset": 0, "Strengtype": "kolkaansluitleiding", "Afvoertype": "hemelwater gs", "Jaar": "0", "Jaar_recon": "0", "Materiaal": "pvc klasse 34 sn8", "Vorm": "rond", "Voeg": "mof-spie", "Grondslag": "onbekend", "Fundatie": "onbekend", "VanBobpeil": "", "NarBobpeil": "", "Straat": "\"steekterweg, alphen aan den rijn\"", "Straattype": "onbekend", "Verh_type": "onbekend", "Breedte": 125, "Hoogte": 125, "BodemBrdt": 4, "Lengte": 1.88, "Gebied": "steekterweg gs", "Inspectie": "", "JaarVerv": "0", "Beslismodl": "Geen beoordeling", "Beoordeeld": "0000", "Tactisch": 7, "Act_Direct": 0, "Act_In_5Y": 0, "Act_In_10Y": 0, "Geen_actie": 0, "Niet_beord": 1.88, "Operationl": 0, "Project": "", "APM": 0, "APV": "", "Kosten": 270.74, "Opmerking": "", "Tekening": "INPA070748_001 REV TOTAA", "OBJ_ID": "15eff463bff54ac4b5dc6210974b4f87", "OBJECTID": 463, "Shape_Length": 1.8745676847184978}}, {"type": "Feature", "id": 464, "geometry": {"type": "LineString", "coordinates": [[107413.07400000095, 458910.6799999997], [107398.44900000095, 458920.05799999833]]}, "properties": {"Datum": "20190520", "Van_knpnr": "F07341", "Naar_knpnr": "F07340", "Strengnr": 1, "Offset": 0, "Strengtype": "kolkaansluitleiding", "Afvoertype": "hemelwater gs", "Jaar": "0", "Jaar_recon": "0", "Materiaal": "pvc klasse 34 sn8", "Vorm": "rond", "Voeg": "mof-spie", "Grondslag": "onbekend", "Fundatie": "onbekend", "VanBobpeil": "", "NarBobpeil": "", "Straat": "\"steekterweg, alphen aan den rijn\"", "Straattype": "onbekend", "Verh_type": "onbekend", "Breedte": 160, "Hoogte": 160, "BodemBrdt": 5, "Lengte": 17.3700008, "Gebied": "steekterweg gs", "Inspectie": "", "JaarVerv": "0", "Beslismodl": "Geen beoordeling", "Beoordeeld": "0000", "Tactisch": 7, "Act_Direct": 0, "Act_In_5Y": 0, "Act_In_10Y": 0, "Geen_actie": 0, "Niet_beord": 17.37, "Operationl": 0, "Project": "", "APM": 0, "APV": "", "Kosten": 2601.33, "Opmerking": "", "Tekening": "INPA070748_001 REV TOTAA", "OBJ_ID": "31bd63c4c2154db297b079c0f7005936", "OBJECTID": 464, "Shape_Length": 17.373471414034885}}, {"type": "Feature", "id": 465, "geometry": {"type": "LineString", "coordinates": [[107431.8049999997, 458899.7809999995], [107431.43299999833, 458899.02699999884]]}, "properties": {"Datum": "20190520", "Van_knpnr": "F07342", "Naar_knpnr": "AK2083", "Strengnr": 1, "Offset": 0, "Strengtype": "kolkaansluitleiding", "Afvoertype": "hemelwater gs", "Jaar": "0", "Jaar_recon": "0", "Materiaal": "pvc klasse 34 sn8", "Vorm": "rond", "Voeg": "mof-spie", "Grondslag": "onbekend", "Fundatie": "onbekend", "VanBobpeil": "", "NarBobpeil": "", "Straat": "\"steekterweg, alphen aan den rijn\"", "Straattype": "onbekend", "Verh_type": "onbekend", "Breedte": 125, "Hoogte": 125, "BodemBrdt": 4, "Lengte": 0.839999974, "Gebied": "steekterweg gs", "Inspectie": "", "JaarVerv": "0", "Beslismodl": "Geen beoordeling", "Beoordeeld": "0000", "Tactisch": 7, "Act_Direct": 0, "Act_In_5Y": 0, "Act_In_10Y": 0, "Geen_actie": 0, "Niet_beord": 0.84, "Operationl": 0, "Project": "", "APM": 0, "APV": "", "Kosten": 120.97, "Opmerking": "", "Tekening": "INPA070748_001 REV TOTAA", "OBJ_ID": "5cbd146a54314b6b878466c44bd7bff6", "OBJECTID": 465, "Shape_Length": 0.8407734546289366}}, {"type": "Feature", "id": 466, "geometry": {"type": "LineString", "coordinates": [[107431.8049999997, 458899.7809999995], [107413.07400000095, 458910.6799999997]]}, "properties": {"Datum": "20190520", "Van_knpnr": "F07342", "Naar_knpnr": "F07341", "Strengnr": 1, "Offset": 0, "Strengtype": "kolkaansluitleiding", "Afvoertype": "hemelwater gs", "Jaar": "0", "Jaar_recon": "0", "Materiaal": "pvc klasse 34 sn8", "Vorm": "rond", "Voeg": "mof-spie", "Grondslag": "onbekend", "Fundatie": "onbekend", "VanBobpeil": "", "NarBobpeil": "", "Straat": "\"steekterweg, alphen aan den rijn\"", "Straattype": "onbekend", "Verh_type": "onbekend", "Breedte": 160, "Hoogte": 160, "BodemBrdt": 5, "Lengte": 21.6700001, "Gebied": "steekterweg gs", "Inspectie": "", "JaarVerv": "0", "Beslismodl": "Geen beoordeling", "Beoordeeld": "0000", "Tactisch": 7, "Act_Direct": 0, "Act_In_5Y": 0, "Act_In_10Y": 0, "Geen_actie": 0, "Niet_beord": 21.67, "Operationl": 0, "Project": "", "APM": 0, "APV": "", "Kosten": 3245.3, "Opmerking": "", "Tekening": "INPA070748_001 REV TOTAA", "OBJ_ID": "cc43830d09c140cd84d4aabd35003bd4", "OBJECTID": 466, "Shape_Length": 21.67114583859507}}, {"type": "Feature", "id": 467, "geometry": {"type": "LineString", "coordinates": [[107458.5700000003, 458882.92599999905], [107458.21400000155, 458882.2280000001]]}, "properties": {"Datum": "20190520", "Van_knpnr": "F07344", "Naar_knpnr": "AK2088", "Strengnr": 1, "Offset": 0, "Strengtype": "kolkaansluitleiding", "Afvoertype": "hemelwater gs", "Jaar": "0", "Jaar_recon": "0", "Materiaal": "pvc klasse 34 sn8", "Vorm": "rond", "Voeg": "mof-spie", "Grondslag": "onbekend", "Fundatie": "onbekend", "VanBobpeil": "", "NarBobpeil": "", "Straat": "\"steekterweg, alphen aan den rijn\"", "Straattype": "onbekend", "Verh_type": "onbekend", "Breedte": 125, "Hoogte": 125, "BodemBrdt": 4, "Lengte": 0.779999971, "Gebied": "steekterweg gs", "Inspectie": "", "JaarVerv": "0", "Beslismodl": "Geen beoordeling", "Beoordeeld": "0000", "Tactisch": 7, "Act_Direct": 0, "Act_In_5Y": 0, "Act_In_10Y": 0, "Geen_actie": 0, "Niet_beord": 0.78, "Operationl": 0, "Project": "", "APM": 0, "APV": "", "Kosten": 112.33, "Opmerking": "", "Tekening": "INPA070748_001 REV TOTAA", "OBJ_ID": "3c10f2950eae45b1950e2a9e62a771fc", "OBJECTID": 467, "Shape_Length": 0.7835432327645016}}, {"type": "Feature", "id": 468, "geometry": {"type": "LineString", "coordinates": [[107458.5700000003, 458882.92599999905], [107454.17000000179, 458885.63699999824], [107455.09800000116, 458887.15900000185]]}, "properties": {"Datum": "20190520", "Van_knpnr": "F07344", "Naar_knpnr": "F07343", "Strengnr": 1, "Offset": 0, "Strengtype": "kolkaansluitleiding", "Afvoertype": "hemelwater gs", "Jaar": "0", "Jaar_recon": "0", "Materiaal": "pvc klasse 34 sn8", "Vorm": "rond", "Voeg": "mof-spie", "Grondslag": "onbekend", "Fundatie": "onbekend", "VanBobpeil": "", "NarBobpeil": "", "Straat": "\"steekterweg, alphen aan den rijn\"", "Straattype": "onbekend", "Verh_type": "onbekend", "Breedte": 125, "Hoogte": 125, "BodemBrdt": 4, "Lengte": 6.94999981, "Gebied": "steekterweg gs", "Inspectie": "", "JaarVerv": "0", "Beslismodl": "Geen beoordeling", "Beoordeeld": "0000", "Tactisch": 7, "Act_Direct": 0, "Act_In_5Y": 0, "Act_In_10Y": 0, "Geen_actie": 0, "Niet_beord": 6.95, "Operationl": 0, "Project": "", "APM": 0, "APV": "", "Kosten": 1000.87, "Opmerking": "", "Tekening": "INPA070748_001 REV TOTAA", "OBJ_ID": "0", "OBJECTID": 468, "Shape_Length": 6.950726953047752}}, {"type": "Feature", "id": 469, "geometry": {"type": "LineString", "coordinates": [[107467.01099999994, 458877.5780000016], [107466.70499999821, 458876.9539999999]]}, "properties": {"Datum": "20190520", "Van_knpnr": "F07345", "Naar_knpnr": "AK2089", "Strengnr": 1, "Offset": 0, "Strengtype": "kolkaansluitleiding", "Afvoertype": "hemelwater gs", "Jaar": "0", "Jaar_recon": "0", "Materiaal": "pvc klasse 34 sn8", "Vorm": "rond", "Voeg": "mof-spie", "Grondslag": "onbekend", "Fundatie": "onbekend", "VanBobpeil": "", "NarBobpeil": "", "Straat": "\"steekterweg, alphen aan den rijn\"", "Straattype": "onbekend", "Verh_type": "onbekend", "Breedte": 125, "Hoogte": 125, "BodemBrdt": 4, "Lengte": 0.699999988, "Gebied": "steekterweg gs", "Inspectie": "", "JaarVerv": "0", "Beslismodl": "Geen beoordeling", "Beoordeeld": "0000", "Tactisch": 7, "Act_Direct": 0, "Act_In_5Y": 0, "Act_In_10Y": 0, "Geen_actie": 0, "Niet_beord": 0.7, "Operationl": 0, "Project": "", "APM": 0, "APV": "", "Kosten": 100.81, "Opmerking": "", "Tekening": "INPA070748_001 REV TOTAA", "OBJ_ID": "0", "OBJECTID": 469, "Shape_Length": 0.6949906497053621}}, {"type": "Feature", "id": 470, "geometry": {"type": "LineString", "coordinates": [[107467.01099999994, 458877.5780000016], [107458.5700000003, 458882.92599999905]]}, "properties": {"Datum": "20190520", "Van_knpnr": "F07345", "Naar_knpnr": "F07344", "Strengnr": 1, "Offset": 0, "Strengtype": "kolkaansluitleiding", "Afvoertype": "hemelwater gs", "Jaar": "0", "Jaar_recon": "0", "Materiaal": "pvc klasse 34 sn8", "Vorm": "rond", "Voeg": "mof-spie", "Grondslag": "onbekend", "Fundatie": "onbekend", "VanBobpeil": "", "NarBobpeil": "", "Straat": "\"steekterweg, alphen aan den rijn\"", "Straattype": "onbekend", "Verh_type": "onbekend", "Breedte": 125, "Hoogte": 125, "BodemBrdt": 4, "Lengte": 9.98999977, "Gebied": "steekterweg gs", "Inspectie": "", "JaarVerv": "0", "Beslismodl": "Geen beoordeling", "Beoordeeld": "0000", "Tactisch": 7, "Act_Direct": 0, "Act_In_5Y": 0, "Act_In_10Y": 0, "Geen_actie": 0, "Niet_beord": 9.99, "Operationl": 0, "Project": "", "APM": 0, "APV": "", "Kosten": 1438.66, "Opmerking": "", "Tekening": "INPA070748_001 REV TOTAA", "OBJ_ID": "0", "OBJECTID": 470, "Shape_Length": 9.992576492904554}}, {"type": "Feature", "id": 471, "geometry": {"type": "LineString", "coordinates": [[107473.98099999875, 458873.4470000006], [107473.54800000042, 458872.63699999824]]}, "properties": {"Datum": "20190520", "Van_knpnr": "F07346", "Naar_knpnr": "AK2090", "Strengnr": 1, "Offset": 0, "Strengtype": "kolkaansluitleiding", "Afvoertype": "hemelwater gs", "Jaar": "0", "Jaar_recon": "0", "Materiaal": "pvc klasse 34 sn8", "Vorm": "rond", "Voeg": "mof-spie", "Grondslag": "onbekend", "Fundatie": "onbekend", "VanBobpeil": "", "NarBobpeil": "", "Straat": "\"steekterweg, alphen aan den rijn\"", "Straattype": "onbekend", "Verh_type": "onbekend", "Breedte": 125, "Hoogte": 125, "BodemBrdt": 4, "Lengte": 0.920000017, "Gebied": "steekterweg gs", "Inspectie": "", "JaarVerv": "0", "Beslismodl": "Geen beoordeling", "Beoordeeld": "0000", "Tactisch": 7, "Act_Direct": 0, "Act_In_5Y": 0, "Act_In_10Y": 0, "Geen_actie": 0, "Niet_beord": 0.92, "Operationl": 0, "Project": "", "APM": 0, "APV": "", "Kosten": 132.49, "Opmerking": "", "Tekening": "INPA070748_001 REV TOTAA", "OBJ_ID": "0", "OBJECTID": 471, "Shape_Length": 0.9184710133788042}}, {"type": "Feature", "id": 472, "geometry": {"type": "LineString", "coordinates": [[107473.98099999875, 458873.4470000006], [107467.01099999994, 458877.5780000016]]}, "properties": {"Datum": "20190520", "Van_knpnr": "F07346", "Naar_knpnr": "F07345", "Strengnr": 1, "Offset": 0, "Strengtype": "kolkaansluitleiding", "Afvoertype": "hemelwater gs", "Jaar": "0", "Jaar_recon": "0", "Materiaal": "pvc klasse 34 sn8", "Vorm": "rond", "Voeg": "mof-spie", "Grondslag": "onbekend", "Fundatie": "onbekend", "VanBobpeil": "", "NarBobpeil": "", "Straat": "\"steekterweg, alphen aan den rijn\"", "Straattype": "onbekend", "Verh_type": "onbekend", "Breedte": 125, "Hoogte": 125, "BodemBrdt": 4, "Lengte": 8.10000038, "Gebied": "steekterweg gs", "Inspectie": "", "JaarVerv": "0", "Beslismodl": "Geen beoordeling", "Beoordeeld": "0000", "Tactisch": 7, "Act_Direct": 0, "Act_In_5Y": 0, "Act_In_10Y": 0, "Geen_actie": 0, "Niet_beord": 8.1, "Operationl": 0, "Project": "", "APM": 0, "APV": "", "Kosten": 1166.48, "Opmerking": "", "Tekening": "INPA070748_001 REV TOTAA", "OBJ_ID": "0", "OBJECTID": 472, "Shape_Length": 8.10222568134878}}, {"type": "Feature", "id": 473, "geometry": {"type": "LineString", "coordinates": [[107480.2650000006, 458869.67599999905], [107479.99700000137, 458869.2430000007], [107482.12200000137, 458867.97300000116], [107481.46599999815, 458866.8999999985], [107481.29699999839, 458866.70899999887]]}, "properties": {"Datum": "20190520", "Van_knpnr": "F07347", "Naar_knpnr": "AK2091", "Strengnr": 1, "Offset": 0, "Strengtype": "kolkaansluitleiding", "Afvoertype": "hemelwater gs", "Jaar": "0", "Jaar_recon": "0", "Materiaal": "pvc klasse 34 sn8", "Vorm": "rond", "Voeg": "mof-spie", "Grondslag": "onbekend", "Fundatie": "onbekend", "VanBobpeil": "", "NarBobpeil": "", "Straat": "\"steekterweg, alphen aan den rijn\"", "Straattype": "onbekend", "Verh_type": "onbekend", "Breedte": 125, "Hoogte": 125, "BodemBrdt": 4, "Lengte": 4.5, "Gebied": "steekterweg gs", "Inspectie": "", "JaarVerv": "0", "Beslismodl": "Geen beoordeling", "Beoordeeld": "0000", "Tactisch": 7, "Act_Direct": 0, "Act_In_5Y": 0, "Act_In_10Y": 0, "Geen_actie": 0, "Niet_beord": 4.5, "Operationl": 0, "Project": "", "APM": 0, "APV": "", "Kosten": 648.05, "Opmerking": "", "Tekening": "INPA070748_001 REV TOTAA", "OBJ_ID": "d29553d9dff542c6bbd106e767aac0d5", "OBJECTID": 473, "Shape_Length": 4.497489604765955}}, {"type": "Feature", "id": 474, "geometry": {"type": "LineString", "coordinates": [[107480.2650000006, 458869.67599999905], [107473.98099999875, 458873.4470000006]]}, "properties": {"Datum": "20190520", "Van_knpnr": "F07347", "Naar_knpnr": "F07346", "Strengnr": 1, "Offset": 0, "Strengtype": "kolkaansluitleiding", "Afvoertype": "hemelwater gs", "Jaar": "0", "Jaar_recon": "0", "Materiaal": "pvc klasse 34 sn8", "Vorm": "rond", "Voeg": "mof-spie", "Grondslag": "onbekend", "Fundatie": "onbekend", "VanBobpeil": "", "NarBobpeil": "", "Straat": "\"steekterweg, alphen aan den rijn\"", "Straattype": "onbekend", "Verh_type": "onbekend", "Breedte": 125, "Hoogte": 125, "BodemBrdt": 4, "Lengte": 7.32999992, "Gebied": "steekterweg gs", "Inspectie": "", "JaarVerv": "0", "Beslismodl": "Geen beoordeling", "Beoordeeld": "0000", "Tactisch": 7, "Act_Direct": 0, "Act_In_5Y": 0, "Act_In_10Y": 0, "Geen_actie": 0, "Niet_beord": 7.33, "Operationl": 0, "Project": "", "APM": 0, "APV": "", "Kosten": 1055.59, "Opmerking": "", "Tekening": "INPA070748_001 REV TOTAA", "OBJ_ID": "0", "OBJECTID": 474, "Shape_Length": 7.328649059351608}}, {"type": "Feature", "id": 475, "geometry": {"type": "LineString", "coordinates": [[107491.45899999887, 458863.0450000018], [107480.2650000006, 458869.67599999905]]}, "properties": {"Datum": "20190520", "Van_knpnr": "F07348", "Naar_knpnr": "F07347", "Strengnr": 1, "Offset": 0, "Strengtype": "kolkaansluitleiding", "Afvoertype": "hemelwater gs", "Jaar": "0", "Jaar_recon": "0", "Materiaal": "pvc klasse 34 sn8", "Vorm": "rond", "Voeg": "mof-spie", "Grondslag": "onbekend", "Fundatie": "onbekend", "VanBobpeil": "", "NarBobpeil": "", "Straat": "\"steekterweg, alphen aan den rijn\"", "Straattype": "onbekend", "Verh_type": "onbekend", "Breedte": 125, "Hoogte": 125, "BodemBrdt": 4, "Lengte": 13.0100002, "Gebied": "steekterweg gs", "Inspectie": "", "JaarVerv": "0", "Beslismodl": "Geen beoordeling", "Beoordeeld": "0000", "Tactisch": 7, "Act_Direct": 0, "Act_In_5Y": 0, "Act_In_10Y": 0, "Geen_actie": 0, "Niet_beord": 13.01, "Operationl": 0, "Project": "", "APM": 0, "APV": "", "Kosten": 1873.57, "Opmerking": "", "Tekening": "INPA070748_001 REV TOTAA", "OBJ_ID": "d30da6d72a5847a38589d2cc65e525cf", "OBJECTID": 475, "Shape_Length": 13.010603249847398}}, {"type": "Feature", "id": 476, "geometry": {"type": "LineString", "coordinates": [[107491.45899999887, 458863.0450000018], [107501.63399999961, 458857.0219999999]]}, "properties": {"Datum": "20190520", "Van_knpnr": "F07348", "Naar_knpnr": "F07349", "Strengnr": 1, "Offset": 0, "Strengtype": "kolkaansluitleiding", "Afvoertype": "hemelwater gs", "Jaar": "0", "Jaar_recon": "0", "Materiaal": "pvc klasse 34 sn8", "Vorm": "rond", "Voeg": "mof-spie", "Grondslag": "onbekend", "Fundatie": "onbekend", "VanBobpeil": "", "NarBobpeil": "", "Straat": "\"steekterweg, alphen aan den rijn\"", "Straattype": "onbekend", "Verh_type": "onbekend", "Breedte": 125, "Hoogte": 125, "BodemBrdt": 4, "Lengte": 11.8199997, "Gebied": "steekterweg gs", "Inspectie": "", "JaarVerv": "0", "Beslismodl": "Geen beoordeling", "Beoordeeld": "0000", "Tactisch": 7, "Act_Direct": 0, "Act_In_5Y": 0, "Act_In_10Y": 0, "Geen_actie": 0, "Niet_beord": 11.82, "Operationl": 0, "Project": "", "APM": 0, "APV": "", "Kosten": 1702.2, "Opmerking": "", "Tekening": "INPA070748_001 REV TOTAA", "OBJ_ID": "a10cabb117db4336a3c05fa9e237c339", "OBJECTID": 476, "Shape_Length": 11.824007528673933}}, {"type": "Feature", "id": 477, "geometry": {"type": "LineString", "coordinates": [[107501.63399999961, 458857.0219999999], [107490.79800000042, 458838.63899999857]]}, "properties": {"Datum": "20190520", "Van_knpnr": "F07349", "Naar_knpnr": "F07330U", "Strengnr": 1, "Offset": 0, "Strengtype": "kolkaansluitleiding", "Afvoertype": "hemelwater gs", "Jaar": "0", "Jaar_recon": "0", "Materiaal": "pvc klasse 34 sn8", "Vorm": "rond", "Voeg": "mof-spie", "Grondslag": "onbekend", "Fundatie": "onbekend", "VanBobpeil": "", "NarBobpeil": "", "Straat": "\"steekterweg, alphen aan den rijn\"", "Straattype": "onbekend", "Verh_type": "onbekend", "Breedte": 160, "Hoogte": 160, "BodemBrdt": 5, "Lengte": 21.3400002, "Gebied": "steekterweg gs", "Inspectie": "", "JaarVerv": "0", "Beslismodl": "Geen beoordeling", "Beoordeeld": "0000", "Tactisch": 7, "Act_Direct": 0, "Act_In_5Y": 0, "Act_In_10Y": 0, "Geen_actie": 0, "Niet_beord": 21.34, "Operationl": 0, "Project": "", "APM": 0, "APV": "", "Kosten": 3195.88, "Opmerking": "", "Tekening": "INPA070748_001 REV TOTAA", "OBJ_ID": "0", "OBJECTID": 477, "Shape_Length": 21.33901555908268}}, {"type": "Feature", "id": 478, "geometry": {"type": "LineString", "coordinates": [[107491.09299999848, 458862.4530000016], [107491.45899999887, 458863.0450000018]]}, "properties": {"Datum": "20190520", "Van_knpnr": "F07350", "Naar_knpnr": "F07348", "Strengnr": 1, "Offset": 0, "Strengtype": "kolkaansluitleiding", "Afvoertype": "hemelwater gs", "Jaar": "0", "Jaar_recon": "0", "Materiaal": "pvc klasse 34 sn8", "Vorm": "rond", "Voeg": "mof-spie", "Grondslag": "onbekend", "Fundatie": "onbekend", "VanBobpeil": "", "NarBobpeil": "", "Straat": "\"steekterweg, alphen aan den rijn\"", "Straattype": "onbekend", "Verh_type": "onbekend", "Breedte": 125, "Hoogte": 125, "BodemBrdt": 4, "Lengte": 0.699999988, "Gebied": "steekterweg gs", "Inspectie": "", "JaarVerv": "0", "Beslismodl": "Geen beoordeling", "Beoordeeld": "0000", "Tactisch": 7, "Act_Direct": 0, "Act_In_5Y": 0, "Act_In_10Y": 0, "Geen_actie": 0, "Niet_beord": 0.7, "Operationl": 0, "Project": "", "APM": 0, "APV": "", "Kosten": 100.81, "Opmerking": "", "Tekening": "INPA070748_001 REV TOTAA", "OBJ_ID": "3b97eaeae6f0413c87bd6c0a0423f03a", "OBJECTID": 478, "Shape_Length": 0.6960028739131143}}, {"type": "Feature", "id": 479, "geometry": {"type": "LineString", "coordinates": [[107445.10099999979, 458891.4820000008], [107431.8049999997, 458899.7809999995]]}, "properties": {"Datum": "20190520", "Van_knpnr": "F07351", "Naar_knpnr": "F07342", "Strengnr": 1, "Offset": 0, "Strengtype": "kolkaansluitleiding", "Afvoertype": "hemelwater gs", "Jaar": "0", "Jaar_recon": "0", "Materiaal": "pvc klasse 34 sn8", "Vorm": "rond", "Voeg": "mof-spie", "Grondslag": "onbekend", "Fundatie": "onbekend", "VanBobpeil": "", "NarBobpeil": "", "Straat": "\"steekterweg, alphen aan den rijn\"", "Straattype": "onbekend", "Verh_type": "onbekend", "Breedte": 160, "Hoogte": 160, "BodemBrdt": 5, "Lengte": 15.6700001, "Gebied": "steekterweg gs", "Inspectie": "", "JaarVerv": "0", "Beslismodl": "Geen beoordeling", "Beoordeeld": "0000", "Tactisch": 7, "Act_Direct": 0, "Act_In_5Y": 0, "Act_In_10Y": 0, "Geen_actie": 0, "Niet_beord": 15.67, "Operationl": 0, "Project": "", "APM": 0, "APV": "", "Kosten": 2346.74, "Opmerking": "", "Tekening": "INPA070748_001 REV TOTAA", "OBJ_ID": "aa0d7fba55124e57b1654cdb49d9f31d", "OBJECTID": 479, "Shape_Length": 15.673449428288183}}, {"type": "Feature", "id": 480, "geometry": {"type": "LineString", "coordinates": [[107326.96799999848, 458950.625], [107324.06100000069, 458952.5929999985], [107324.38800000027, 458953.1090000011]]}, "properties": {"Datum": "20190520", "Van_knpnr": "F07352", "Naar_knpnr": "AK2075", "Strengnr": 1, "Offset": 0, "Strengtype": "kolkaansluitleiding", "Afvoertype": "hemelwater gs", "Jaar": "0", "Jaar_recon": "0", "Materiaal": "pvc klasse 34 sn8", "Vorm": "rond", "Voeg": "mof-spie", "Grondslag": "onbekend", "Fundatie": "onbekend", "VanBobpeil": "", "NarBobpeil": "", "Straat": "\"steekterweg, alphen aan den rijn\"", "Straattype": "onbekend", "Verh_type": "onbekend", "Breedte": 125, "Hoogte": 125, "BodemBrdt": 4, "Lengte": 4.11999989, "Gebied": "steekterweg gs", "Inspectie": "", "JaarVerv": "0", "Beslismodl": "Geen beoordeling", "Beoordeeld": "0000", "Tactisch": 7, "Act_Direct": 0, "Act_In_5Y": 0, "Act_In_10Y": 0, "Geen_actie": 0, "Niet_beord": 4.12, "Operationl": 0, "Project": "", "APM": 0, "APV": "", "Kosten": 593.32, "Opmerking": "", "Tekening": "INPA070748_001 REV TOTAA", "OBJ_ID": "0", "OBJECTID": 480, "Shape_Length": 4.121397633675364}}, {"type": "Feature", "id": 481, "geometry": {"type": "LineString", "coordinates": [[107326.96799999848, 458950.625], [107323.21700000018, 458944.52800000086]]}, "properties": {"Datum": "20190520", "Van_knpnr": "F07352", "Naar_knpnr": "F07353U", "Strengnr": 1, "Offset": 0, "Strengtype": "kolkaansluitleiding", "Afvoertype": "hemelwater gs", "Jaar": "0", "Jaar_recon": "0", "Materiaal": "pvc klasse 34 sn8", "Vorm": "rond", "Voeg": "mof-spie", "Grondslag": "onbekend", "Fundatie": "onbekend", "VanBobpeil": "", "NarBobpeil": "", "Straat": "\"steekterweg, alphen aan den rijn\"", "Straattype": "onbekend", "Verh_type": "onbekend", "Breedte": 125, "Hoogte": 125, "BodemBrdt": 4, "Lengte": 6.73999977, "Gebied": "steekterweg gs", "Inspectie": "", "JaarVerv": "0", "Beslismodl": "Geen beoordeling", "Beoordeeld": "0000", "Tactisch": 7, "Act_Direct": 0, "Act_In_5Y": 0, "Act_In_10Y": 0, "Geen_actie": 0, "Niet_beord": 6.74, "Operationl": 0, "Project": "", "APM": 0, "APV": "", "Kosten": 970.63, "Opmerking": "", "Tekening": "INPA070748_001 REV TOTAA", "OBJ_ID": "0", "OBJECTID": 481, "Shape_Length": 7.158450249650215}}, {"type": "Feature", "id": 482, "geometry": {"type": "LineString", "coordinates": [[107308.57999999821, 458954.01399999857], [107312.7890000008, 458961.37999999896]]}, "properties": {"Datum": "20190520", "Van_knpnr": "F07354U", "Naar_knpnr": "AK2074", "Strengnr": 1, "Offset": 0, "Strengtype": "kolkaansluitleiding", "Afvoertype": "hemelwater gs", "Jaar": "0", "Jaar_recon": "0", "Materiaal": "pvc klasse 34 sn8", "Vorm": "rond", "Voeg": "mof-spie", "Grondslag": "onbekend", "Fundatie": "onbekend", "VanBobpeil": "", "NarBobpeil": "", "Straat": "\"steekterweg, alphen aan den rijn\"", "Straattype": "onbekend", "Verh_type": "onbekend", "Breedte": 125, "Hoogte": 125, "BodemBrdt": 4, "Lengte": 8.47999954, "Gebied": "steekterweg gs", "Inspectie": "", "JaarVerv": "0", "Beslismodl": "Geen beoordeling", "Beoordeeld": "0000", "Tactisch": 7, "Act_Direct": 0, "Act_In_5Y": 0, "Act_In_10Y": 0, "Geen_actie": 0, "Niet_beord": 8.48, "Operationl": 0, "Project": "", "APM": 0, "APV": "", "Kosten": 1221.2, "Opmerking": "", "Tekening": "INPA070748_001 REV TOTAA", "OBJ_ID": "0", "OBJECTID": 482, "Shape_Length": 8.483727778962136}}, {"type": "Feature", "id": 483, "geometry": {"type": "LineString", "coordinates": [[107276.62799999863, 458975.0150000006], [107292.08199999854, 458966.6810000017], [107290.8440000005, 458964.38699999824]]}, "properties": {"Datum": "20190520", "Van_knpnr": "F07355", "Naar_knpnr": "F07356U", "Strengnr": 1, "Offset": 0, "Strengtype": "kolkaansluitleiding", "Afvoertype": "hemelwater gs", "Jaar": "0", "Jaar_recon": "0", "Materiaal": "pvc klasse 34 sn8", "Vorm": "rond", "Voeg": "mof-spie", "Grondslag": "onbekend", "Fundatie": "onbekend", "VanBobpeil": "", "NarBobpeil": "", "Straat": "\"steekterweg, alphen aan den rijn\"", "Straattype": "onbekend", "Verh_type": "onbekend", "Breedte": 125, "Hoogte": 125, "BodemBrdt": 4, "Lengte": 20.1700001, "Gebied": "steekterweg gs", "Inspectie": "", "JaarVerv": "0", "Beslismodl": "Geen beoordeling", "Beoordeeld": "0000", "Tactisch": 7, "Act_Direct": 0, "Act_In_5Y": 0, "Act_In_10Y": 0, "Geen_actie": 0, "Niet_beord": 20.17, "Operationl": 0, "Project": "", "APM": 0, "APV": "", "Kosten": 2904.68, "Opmerking": "", "Tekening": "INPA070748_001 REV TOTAA", "OBJ_ID": "0", "OBJECTID": 483, "Shape_Length": 20.16468924273226}}, {"type": "Feature", "id": 484, "geometry": {"type": "LineString", "coordinates": [[107220.20399999991, 458994.99599999934], [107221.77199999988, 458999.93299999833], [107222.28500000015, 458999.7899999991], [107222.69399999827, 459000.9690000005]]}, "properties": {"Datum": "20190520", "Van_knpnr": "F07357U", "Naar_knpnr": "AK2072", "Strengnr": 1, "Offset": 0, "Strengtype": "kolkaansluitleiding", "Afvoertype": "hemelwater gs", "Jaar": "0", "Jaar_recon": "0", "Materiaal": "pvc klasse 34 sn8", "Vorm": "rond", "Voeg": "mof-spie", "Grondslag": "onbekend", "Fundatie": "onbekend", "VanBobpeil": "", "NarBobpeil": "", "Straat": "\"steekterweg, alphen aan den rijn\"", "Straattype": "onbekend", "Verh_type": "onbekend", "Breedte": 125, "Hoogte": 125, "BodemBrdt": 4, "Lengte": 6.96000004, "Gebied": "steekterweg gs", "Inspectie": "", "JaarVerv": "0", "Beslismodl": "Geen beoordeling", "Beoordeeld": "0000", "Tactisch": 7, "Act_Direct": 0, "Act_In_5Y": 0, "Act_In_10Y": 0, "Geen_actie": 0, "Niet_beord": 6.96, "Operationl": 0, "Project": "", "APM": 0, "APV": "", "Kosten": 1002.31, "Opmerking": "", "Tekening": "INPA070748_001 REV TOTAA", "OBJ_ID": "a6ecff0d7bb640e6abb752d7ecfb8329", "OBJECTID": 484, "Shape_Length": 6.960503688361091}}, {"type": "Feature", "id": 485, "geometry": {"type": "LineString", "coordinates": [[107195.93400000036, 459020.5159999989], [107196.57200000063, 459024.3669999987]]}, "properties": {"Datum": "20190520", "Van_knpnr": "F07360", "Naar_knpnr": "AK2070", "Strengnr": 1, "Offset": 0, "Strengtype": "kolkaansluitleiding", "Afvoertype": "hemelwater gs", "Jaar": "0", "Jaar_recon": "0", "Materiaal": "pvc klasse 34 sn8", "Vorm": "rond", "Voeg": "mof-spie", "Grondslag": "onbekend", "Fundatie": "onbekend", "VanBobpeil": "", "NarBobpeil": "", "Straat": "\"steekterweg, alphen aan den rijn\"", "Straattype": "onbekend", "Verh_type": "onbekend", "Breedte": 125, "Hoogte": 125, "BodemBrdt": 4, "Lengte": 3.9000001, "Gebied": "steekterweg gs", "Inspectie": "", "JaarVerv": "0", "Beslismodl": "Geen beoordeling", "Beoordeeld": "0000", "Tactisch": 7, "Act_Direct": 0, "Act_In_5Y": 0, "Act_In_10Y": 0, "Geen_actie": 0, "Niet_beord": 3.9, "Operationl": 0, "Project": "", "APM": 0, "APV": "", "Kosten": 561.64, "Opmerking": "", "Tekening": "INPA070748_001 REV TOTAA", "OBJ_ID": "0", "OBJECTID": 485, "Shape_Length": 3.903491385764222}}, {"type": "Feature", "id": 486, "geometry": {"type": "LineString", "coordinates": [[107182.49500000104, 459010.0789999999], [107184.51999999955, 459020.13899999857], [107195.28000000119, 459017.77600000054], [107195.93400000036, 459020.5159999989]]}, "properties": {"Datum": "20190520", "Van_knpnr": "F07361", "Naar_knpnr": "F07360", "Strengnr": 1, "Offset": 0, "Strengtype": "kolkaansluitleiding", "Afvoertype": "hemelwater gs", "Jaar": "0", "Jaar_recon": "0", "Materiaal": "pvc klasse 34 sn8", "Vorm": "rond", "Voeg": "mof-spie", "Grondslag": "onbekend", "Fundatie": "onbekend", "VanBobpeil": "", "NarBobpeil": "", "Straat": "\"steekterweg, alphen aan den rijn\"", "Straattype": "onbekend", "Verh_type": "onbekend", "Breedte": 125, "Hoogte": 125, "BodemBrdt": 4, "Lengte": 24.1000004, "Gebied": "steekterweg gs", "Inspectie": "", "JaarVerv": "0", "Beslismodl": "Geen beoordeling", "Beoordeeld": "0000", "Tactisch": 7, "Act_Direct": 0, "Act_In_5Y": 0, "Act_In_10Y": 0, "Geen_actie": 0, "Niet_beord": 24.1, "Operationl": 0, "Project": "", "APM": 0, "APV": "", "Kosten": 3470.64, "Opmerking": "", "Tekening": "INPA070748_001 REV TOTAA", "OBJ_ID": "0", "OBJECTID": 486, "Shape_Length": 24.095167597894545}}, {"type": "Feature", "id": 487, "geometry": {"type": "LineString", "coordinates": [[107079.6240000017, 459019.4210000001], [107080.36499999836, 459024.94000000134], [107079.0700000003, 459025.11400000006], [107079.15399999917, 459025.78500000015]]}, "properties": {"Datum": "20190520", "Van_knpnr": "F07365U", "Naar_knpnr": "AK2063", "Strengnr": 1, "Offset": 0, "Strengtype": "kolkaansluitleiding", "Afvoertype": "hemelwater gs", "Jaar": "0", "Jaar_recon": "0", "Materiaal": "pvc klasse 34 sn8", "Vorm": "rond", "Voeg": "mof-spie", "Grondslag": "onbekend", "Fundatie": "onbekend", "VanBobpeil": "", "NarBobpeil": "", "Straat": "\"steekterweg, alphen aan den rijn\"", "Straattype": "onbekend", "Verh_type": "onbekend", "Breedte": 125, "Hoogte": 125, "BodemBrdt": 4, "Lengte": 7.13000011, "Gebied": "steekterweg gs", "Inspectie": "", "JaarVerv": "0", "Beslismodl": "Geen beoordeling", "Beoordeeld": "0000", "Tactisch": 7, "Act_Direct": 0, "Act_In_5Y": 0, "Act_In_10Y": 0, "Geen_actie": 0, "Niet_beord": 7.13, "Operationl": 0, "Project": "", "APM": 0, "APV": "", "Kosten": 1026.79, "Opmerking": "", "Tekening": "INPA070748_001 REV TOTAA", "OBJ_ID": "5b64317eb74349bc90018513a45561b8", "OBJECTID": 487, "Shape_Length": 7.5513970952981015}}, {"type": "Feature", "id": 488, "geometry": {"type": "LineString", "coordinates": [[107058.13699999824, 459022.4530000016], [107058.50400000066, 459027.5780000016], [107060.32800000161, 459027.4389999993], [107060.39900000021, 459028.18200000003]]}, "properties": {"Datum": "20190520", "Van_knpnr": "F07366U", "Naar_knpnr": "AK2062", "Strengnr": 1, "Offset": 0, "Strengtype": "kolkaansluitleiding", "Afvoertype": "hemelwater gs", "Jaar": "0", "Jaar_recon": "0", "Materiaal": "pvc klasse 34 sn8", "Vorm": "rond", "Voeg": "mof-spie", "Grondslag": "onbekend", "Fundatie": "onbekend", "VanBobpeil": "", "NarBobpeil": "", "Straat": "\"steekterweg, alphen aan den rijn\"", "Straattype": "onbekend", "Verh_type": "onbekend", "Breedte": 125, "Hoogte": 125, "BodemBrdt": 4, "Lengte": 7.71000004, "Gebied": "steekterweg gs", "Inspectie": "", "JaarVerv": "0", "Beslismodl": "Geen beoordeling", "Beoordeeld": "0000", "Tactisch": 7, "Act_Direct": 0, "Act_In_5Y": 0, "Act_In_10Y": 0, "Geen_actie": 0, "Niet_beord": 7.71, "Operationl": 0, "Project": "", "APM": 0, "APV": "", "Kosten": 1110.32, "Opmerking": "", "Tekening": "INPA070748_001 REV TOTAA", "OBJ_ID": "86b9fc87ad354d63a5532870803cb343", "OBJECTID": 488, "Shape_Length": 7.713796868245145}}, {"type": "Feature", "id": 489, "geometry": {"type": "LineString", "coordinates": [[106985.25299999863, 459024.18200000003], [106985.3359999992, 459030.1700000018], [106990.4690000005, 459030.15399999917], [106990.47599999979, 459031.77800000086]]}, "properties": {"Datum": "20190520", "Van_knpnr": "F07368U", "Naar_knpnr": "AK2060", "Strengnr": 1, "Offset": 0, "Strengtype": "kolkaansluitleiding", "Afvoertype": "hemelwater gs", "Jaar": "0", "Jaar_recon": "0", "Materiaal": "pvc klasse 34 sn8", "Vorm": "rond", "Voeg": "mof-spie", "Grondslag": "onbekend", "Fundatie": "onbekend", "VanBobpeil": "", "NarBobpeil": "", "Straat": "\"steekterweg, alphen aan den rijn\"", "Straattype": "onbekend", "Verh_type": "onbekend", "Breedte": 125, "Hoogte": 125, "BodemBrdt": 4, "Lengte": 12.75, "Gebied": "steekterweg gs", "Inspectie": "", "JaarVerv": "0", "Beslismodl": "Geen beoordeling", "Beoordeeld": "0000", "Tactisch": 7, "Act_Direct": 0, "Act_In_5Y": 0, "Act_In_10Y": 0, "Geen_actie": 0, "Niet_beord": 12.75, "Operationl": 0, "Project": "", "APM": 0, "APV": "", "Kosten": 1836.13, "Opmerking": "", "Tekening": "INPA070748_001 REV TOTAA", "OBJ_ID": "0", "OBJECTID": 489, "Shape_Length": 12.74561523371541}}, {"type": "Feature", "id": 490, "geometry": {"type": "LineString", "coordinates": [[106971.75499999896, 459024.20600000024], [106971.4849999994, 459031.4690000005]]}, "properties": {"Datum": "20190520", "Van_knpnr": "F07369U", "Naar_knpnr": "AK2059", "Strengnr": 1, "Offset": 0, "Strengtype": "kolkaansluitleiding", "Afvoertype": "hemelwater gs", "Jaar": "0", "Jaar_recon": "0", "Materiaal": "pvc klasse 34 sn8", "Vorm": "rond", "Voeg": "mof-spie", "Grondslag": "onbekend", "Fundatie": "onbekend", "VanBobpeil": "", "NarBobpeil": "", "Straat": "\"steekterweg, alphen aan den rijn\"", "Straattype": "onbekend", "Verh_type": "onbekend", "Breedte": 125, "Hoogte": 125, "BodemBrdt": 4, "Lengte": 7.26999998, "Gebied": "steekterweg gs", "Inspectie": "", "JaarVerv": "0", "Beslismodl": "Geen beoordeling", "Beoordeeld": "0000", "Tactisch": 7, "Act_Direct": 0, "Act_In_5Y": 0, "Act_In_10Y": 0, "Geen_actie": 0, "Niet_beord": 7.27, "Operationl": 0, "Project": "", "APM": 0, "APV": "", "Kosten": 1046.95, "Opmerking": "", "Tekening": "INPA070748_001 REV TOTAA", "OBJ_ID": "0", "OBJECTID": 490, "Shape_Length": 7.268016854937445}}, {"type": "Feature", "id": 491, "geometry": {"type": "LineString", "coordinates": [[106956.12000000104, 459024.2329999991], [106956.21200000122, 459031.41800000146]]}, "properties": {"Datum": "20190520", "Van_knpnr": "F07370U", "Naar_knpnr": "AK2058", "Strengnr": 1, "Offset": 0, "Strengtype": "kolkaansluitleiding", "Afvoertype": "hemelwater gs", "Jaar": "0", "Jaar_recon": "0", "Materiaal": "pvc klasse 34 sn8", "Vorm": "rond", "Voeg": "mof-spie", "Grondslag": "onbekend", "Fundatie": "onbekend", "VanBobpeil": "", "NarBobpeil": "", "Straat": "\"steekterweg, alphen aan den rijn\"", "Straattype": "onbekend", "Verh_type": "onbekend", "Breedte": 125, "Hoogte": 125, "BodemBrdt": 4, "Lengte": 7.19000006, "Gebied": "steekterweg gs", "Inspectie": "", "JaarVerv": "0", "Beslismodl": "Geen beoordeling", "Beoordeeld": "0000", "Tactisch": 7, "Act_Direct": 0, "Act_In_5Y": 0, "Act_In_10Y": 0, "Geen_actie": 0, "Niet_beord": 7.19, "Operationl": 0, "Project": "", "APM": 0, "APV": "", "Kosten": 1035.43, "Opmerking": "", "Tekening": "INPA070748_001 REV TOTAA", "OBJ_ID": "0", "OBJECTID": 491, "Shape_Length": 7.1855889831170865}}, {"type": "Feature", "id": 492, "geometry": {"type": "LineString", "coordinates": [[106940.51099999994, 459023.7109999992], [106940.60200000182, 459031.62999999896]]}, "properties": {"Datum": "20190520", "Van_knpnr": "F07371U", "Naar_knpnr": "AK2057", "Strengnr": 1, "Offset": 0, "Strengtype": "kolkaansluitleiding", "Afvoertype": "hemelwater gs", "Jaar": "0", "Jaar_recon": "0", "Materiaal": "pvc klasse 34 sn8", "Vorm": "rond", "Voeg": "mof-spie", "Grondslag": "onbekend", "Fundatie": "onbekend", "VanBobpeil": "", "NarBobpeil": "", "Straat": "\"steekterweg, alphen aan den rijn\"", "Straattype": "onbekend", "Verh_type": "onbekend", "Breedte": 125, "Hoogte": 125, "BodemBrdt": 4, "Lengte": 7.92000008, "Gebied": "steekterweg gs", "Inspectie": "", "JaarVerv": "0", "Beslismodl": "Geen beoordeling", "Beoordeeld": "0000", "Tactisch": 7, "Act_Direct": 0, "Act_In_5Y": 0, "Act_In_10Y": 0, "Geen_actie": 0, "Niet_beord": 7.92, "Operationl": 0, "Project": "", "APM": 0, "APV": "", "Kosten": 1140.56, "Opmerking": "", "Tekening": "INPA070748_001 REV TOTAA", "OBJ_ID": "e7618da41e14468798c9094ce3571448", "OBJECTID": 492, "Shape_Length": 7.919522838944632}}, {"type": "Feature", "id": 493, "geometry": {"type": "LineString", "coordinates": [[106926.7659999989, 459023.9050000012], [106926.26700000092, 459031.76000000164]]}, "properties": {"Datum": "20190520", "Van_knpnr": "F07372U", "Naar_knpnr": "AK2056", "Strengnr": 1, "Offset": 0, "Strengtype": "kolkaansluitleiding", "Afvoertype": "hemelwater gs", "Jaar": "0", "Jaar_recon": "0", "Materiaal": "pvc klasse 34 sn8", "Vorm": "rond", "Voeg": "mof-spie", "Grondslag": "onbekend", "Fundatie": "onbekend", "VanBobpeil": "", "NarBobpeil": "", "Straat": "\"steekterweg, alphen aan den rijn\"", "Straattype": "onbekend", "Verh_type": "onbekend", "Breedte": 125, "Hoogte": 125, "BodemBrdt": 4, "Lengte": 7.86999989, "Gebied": "steekterweg gs", "Inspectie": "", "JaarVerv": "0", "Beslismodl": "Geen beoordeling", "Beoordeeld": "0000", "Tactisch": 7, "Act_Direct": 0, "Act_In_5Y": 0, "Act_In_10Y": 0, "Geen_actie": 0, "Niet_beord": 7.87, "Operationl": 0, "Project": "", "APM": 0, "APV": "", "Kosten": 1133.36, "Opmerking": "", "Tekening": "INPA070748_001 REV TOTAA", "OBJ_ID": "0", "OBJECTID": 493, "Shape_Length": 7.870833882442216}}, {"type": "Feature", "id": 494, "geometry": {"type": "LineString", "coordinates": [[106910.9450000003, 459023.52699999884], [106910.9450000003, 459030.69099999964]]}, "properties": {"Datum": "20190520", "Van_knpnr": "F07373U", "Naar_knpnr": "F07374", "Strengnr": 1, "Offset": 0, "Strengtype": "kolkaansluitleiding", "Afvoertype": "hemelwater gs", "Jaar": "0", "Jaar_recon": "0", "Materiaal": "pvc klasse 34 sn8", "Vorm": "rond", "Voeg": "mof-spie", "Grondslag": "onbekend", "Fundatie": "onbekend", "VanBobpeil": "", "NarBobpeil": "", "Straat": "\"steekterweg, alphen aan den rijn\"", "Straattype": "onbekend", "Verh_type": "onbekend", "Breedte": 125, "Hoogte": 125, "BodemBrdt": 4, "Lengte": 7.15999985, "Gebied": "steekterweg gs", "Inspectie": "", "JaarVerv": "0", "Beslismodl": "Geen beoordeling", "Beoordeeld": "0000", "Tactisch": 7, "Act_Direct": 0, "Act_In_5Y": 0, "Act_In_10Y": 0, "Geen_actie": 0, "Niet_beord": 7.16, "Operationl": 0, "Project": "", "APM": 0, "APV": "", "Kosten": 1031.11, "Opmerking": "", "Tekening": "INPA070748_001 REV TOTAA", "OBJ_ID": "0", "OBJECTID": 494, "Shape_Length": 7.164000000804663}}, {"type": "Feature", "id": 495, "geometry": {"type": "LineString", "coordinates": [[106910.9450000003, 459030.69099999964], [106886.4290000014, 459030.993999999], [106886.44099999964, 459032.2969999984]]}, "properties": {"Datum": "20190520", "Van_knpnr": "F07374", "Naar_knpnr": "AK2054", "Strengnr": 1, "Offset": 0, "Strengtype": "kolkaansluitleiding", "Afvoertype": "hemelwater gs", "Jaar": "0", "Jaar_recon": "0", "Materiaal": "pvc klasse 34 sn8", "Vorm": "rond", "Voeg": "mof-spie", "Grondslag": "onbekend", "Fundatie": "onbekend", "VanBobpeil": "", "NarBobpeil": "", "Straat": "\"steekterweg, alphen aan den rijn\"", "Straattype": "onbekend", "Verh_type": "onbekend", "Breedte": 125, "Hoogte": 125, "BodemBrdt": 4, "Lengte": 25.8199997, "Gebied": "steekterweg gs", "Inspectie": "", "JaarVerv": "0", "Beslismodl": "Geen beoordeling", "Beoordeeld": "0000", "Tactisch": 7, "Act_Direct": 0, "Act_In_5Y": 0, "Act_In_10Y": 0, "Geen_actie": 0, "Niet_beord": 25.82, "Operationl": 0, "Project": "", "APM": 0, "APV": "", "Kosten": 3718.34, "Opmerking": "", "Tekening": "INPA070748_001 REV TOTAA", "OBJ_ID": "0", "OBJECTID": 495, "Shape_Length": 25.82092761292591}}, {"type": "Feature", "id": 496, "geometry": {"type": "LineString", "coordinates": [[106910.9450000003, 459030.69099999964], [106910.96299999952, 459031.98000000045]]}, "properties": {"Datum": "20190520", "Van_knpnr": "F07374", "Naar_knpnr": "AK2055", "Strengnr": 1, "Offset": 0, "Strengtype": "kolkaansluitleiding", "Afvoertype": "hemelwater gs", "Jaar": "0", "Jaar_recon": "0", "Materiaal": "pvc klasse 34 sn8", "Vorm": "rond", "Voeg": "mof-spie", "Grondslag": "onbekend", "Fundatie": "onbekend", "VanBobpeil": "", "NarBobpeil": "", "Straat": "\"steekterweg, alphen aan den rijn\"", "Straattype": "onbekend", "Verh_type": "onbekend", "Breedte": 125, "Hoogte": 125, "BodemBrdt": 4, "Lengte": 1.28999996, "Gebied": "steekterweg gs", "Inspectie": "", "JaarVerv": "0", "Beslismodl": "Geen beoordeling", "Beoordeeld": "0000", "Tactisch": 7, "Act_Direct": 0, "Act_In_5Y": 0, "Act_In_10Y": 0, "Geen_actie": 0, "Niet_beord": 1.29, "Operationl": 0, "Project": "", "APM": 0, "APV": "", "Kosten": 185.77, "Opmerking": "", "Tekening": "INPA070748_001 REV TOTAA", "OBJ_ID": "0", "OBJECTID": 496, "Shape_Length": 1.2891256734882466}}, {"type": "Feature", "id": 497, "geometry": {"type": "LineString", "coordinates": [[106782.8759999983, 459026.3509999998], [106782.97700000182, 459032.36300000176], [106782.47700000182, 459032.3669999987], [106782.36600000039, 459033.9609999992]]}, "properties": {"Datum": "20190520", "Van_knpnr": "F07381U", "Naar_knpnr": "AK2050", "Strengnr": 1, "Offset": 0, "Strengtype": "kolkaansluitleiding", "Afvoertype": "hemelwater gs", "Jaar": "0", "Jaar_recon": "0", "Materiaal": "pvc klasse 34 sn8", "Vorm": "rond", "Voeg": "mof-spie", "Grondslag": "onbekend", "Fundatie": "onbekend", "VanBobpeil": "", "NarBobpeil": "", "Straat": "\"steekterweg, alphen aan den rijn\"", "Straattype": "onbekend", "Verh_type": "onbekend", "Breedte": 125, "Hoogte": 125, "BodemBrdt": 4, "Lengte": 8.61999989, "Gebied": "steekterweg gs", "Inspectie": "", "JaarVerv": "0", "Beslismodl": "Geen beoordeling", "Beoordeeld": "0000", "Tactisch": 7, "Act_Direct": 0, "Act_In_5Y": 0, "Act_In_10Y": 0, "Geen_actie": 0, "Niet_beord": 8.62, "Operationl": 0, "Project": "", "APM": 0, "APV": "", "Kosten": 1241.37, "Opmerking": "", "Tekening": "INPA070748_001 REV TOTAA", "OBJ_ID": "0", "OBJECTID": 497, "Shape_Length": 8.110724460609331}}, {"type": "Feature", "id": 498, "geometry": {"type": "LineString", "coordinates": [[106761.00899999961, 459026.75499999896], [106761.57899999991, 459033.56700000167], [106757.49599999934, 459033.86199999973]]}, "properties": {"Datum": "20190520", "Van_knpnr": "F07382U", "Naar_knpnr": "AK2048", "Strengnr": 1, "Offset": 0, "Strengtype": "kolkaansluitleiding", "Afvoertype": "hemelwater gs", "Jaar": "0", "Jaar_recon": "0", "Materiaal": "pvc klasse 34 sn8", "Vorm": "rond", "Voeg": "mof-spie", "Grondslag": "onbekend", "Fundatie": "onbekend", "VanBobpeil": "", "NarBobpeil": "", "Straat": "\"steekterweg, alphen aan den rijn\"", "Straattype": "onbekend", "Verh_type": "onbekend", "Breedte": 125, "Hoogte": 125, "BodemBrdt": 4, "Lengte": 12.1899996, "Gebied": "steekterweg gs", "Inspectie": "", "JaarVerv": "0", "Beslismodl": "Geen beoordeling", "Beoordeeld": "0000", "Tactisch": 7, "Act_Direct": 0, "Act_In_5Y": 0, "Act_In_10Y": 0, "Geen_actie": 0, "Niet_beord": 12.19, "Operationl": 0, "Project": "", "APM": 0, "APV": "", "Kosten": 1755.48, "Opmerking": "", "Tekening": "INPA070748_001 REV TOTAA", "OBJ_ID": "22fb430abab14163b891ebcd55fd75dc", "OBJECTID": 498, "Shape_Length": 10.929449148059032}}, {"type": "Feature", "id": 499, "geometry": {"type": "LineString", "coordinates": [[106744.17399999872, 459032.18499999866], [106734.50800000131, 459032.3520000018], [106734.60500000045, 459033.9780000001]]}, "properties": {"Datum": "20190520", "Van_knpnr": "F073834", "Naar_knpnr": "AK2046", "Strengnr": 1, "Offset": 0, "Strengtype": "kolkaansluitleiding", "Afvoertype": "hemelwater gs", "Jaar": "0", "Jaar_recon": "0", "Materiaal": "pvc klasse 34 sn8", "Vorm": "rond", "Voeg": "mof-spie", "Grondslag": "onbekend", "Fundatie": "onbekend", "VanBobpeil": "", "NarBobpeil": "", "Straat": "\"steekterweg, alphen aan den rijn\"", "Straattype": "onbekend", "Verh_type": "onbekend", "Breedte": 125, "Hoogte": 125, "BodemBrdt": 4, "Lengte": 11.3000002, "Gebied": "steekterweg gs", "Inspectie": "", "JaarVerv": "0", "Beslismodl": "Geen beoordeling", "Beoordeeld": "0000", "Tactisch": 7, "Act_Direct": 0, "Act_In_5Y": 0, "Act_In_10Y": 0, "Geen_actie": 0, "Niet_beord": 11.3, "Operationl": 0, "Project": "", "APM": 0, "APV": "", "Kosten": 1627.31, "Opmerking": "", "Tekening": "INPA070748_001 REV TOTAA", "OBJ_ID": "b481fdddafdd462abb251df41da16e3b", "OBJECTID": 499, "Shape_Length": 11.296333248894964}}, {"type": "Feature", "id": 500, "geometry": {"type": "LineString", "coordinates": [[106744.17399999872, 459032.18499999866], [106745.69999999925, 459032.18299999833], [106745.71200000122, 459032.83399999887]]}, "properties": {"Datum": "20190520", "Van_knpnr": "F073834", "Naar_knpnr": "AK2047", "Strengnr": 1, "Offset": 0, "Strengtype": "kolkaansluitleiding", "Afvoertype": "hemelwater gs", "Jaar": "0", "Jaar_recon": "0", "Materiaal": "pvc klasse 34 sn8", "Vorm": "rond", "Voeg": "mof-spie", "Grondslag": "onbekend", "Fundatie": "onbekend", "VanBobpeil": "", "NarBobpeil": "", "Straat": "\"steekterweg, alphen aan den rijn\"", "Straattype": "onbekend", "Verh_type": "onbekend", "Breedte": 125, "Hoogte": 125, "BodemBrdt": 4, "Lengte": 2.18000007, "Gebied": "steekterweg gs", "Inspectie": "", "JaarVerv": "0", "Beslismodl": "Geen beoordeling", "Beoordeeld": "0000", "Tactisch": 7, "Act_Direct": 0, "Act_In_5Y": 0, "Act_In_10Y": 0, "Geen_actie": 0, "Niet_beord": 2.18, "Operationl": 0, "Project": "", "APM": 0, "APV": "", "Kosten": 313.94, "Opmerking": "", "Tekening": "INPA070748_001 REV TOTAA", "OBJ_ID": "d10a08068454421abc0c2421146e1ce4", "OBJECTID": 500, "Shape_Length": 2.1771119014099387}}, {"type": "Feature", "id": 501, "geometry": {"type": "LineString", "coordinates": [[106744.25600000098, 459027.4279999994], [106744.17399999872, 459032.18499999866]]}, "properties": {"Datum": "20190520", "Van_knpnr": "F07383U", "Naar_knpnr": "F073834", "Strengnr": 1, "Offset": 0, "Strengtype": "kolkaansluitleiding", "Afvoertype": "hemelwater gs", "Jaar": "0", "Jaar_recon": "0", "Materiaal": "pvc klasse 34 sn8", "Vorm": "rond", "Voeg": "mof-spie", "Grondslag": "onbekend", "Fundatie": "onbekend", "VanBobpeil": "", "NarBobpeil": "", "Straat": "\"steekterweg, alphen aan den rijn\"", "Straattype": "onbekend", "Verh_type": "onbekend", "Breedte": 125, "Hoogte": 125, "BodemBrdt": 4, "Lengte": 6.13000011, "Gebied": "steekterweg gs", "Inspectie": "", "JaarVerv": "0", "Beslismodl": "Geen beoordeling", "Beoordeeld": "0000", "Tactisch": 7, "Act_Direct": 0, "Act_In_5Y": 0, "Act_In_10Y": 0, "Geen_actie": 0, "Niet_beord": 6.13, "Operationl": 0, "Project": "", "APM": 0, "APV": "", "Kosten": 882.78, "Opmerking": "", "Tekening": "INPA070748_001 REV TOTAA", "OBJ_ID": "08941a992b5641dc884abb0621552154", "OBJECTID": 501, "Shape_Length": 4.75770669478127}}, {"type": "Feature", "id": 502, "geometry": {"type": "LineString", "coordinates": [[106777.88100000098, 459040.8289999999], [106782.36600000039, 459033.9609999992]]}, "properties": {"Datum": "20190520", "Van_knpnr": "F07385", "Naar_knpnr": "AK2050", "Strengnr": 1, "Offset": 0, "Strengtype": "kolkaansluitleiding", "Afvoertype": "hemelwater gs", "Jaar": "0", "Jaar_recon": "0", "Materiaal": "pvc klasse 34 sn8", "Vorm": "rond", "Voeg": "mof-spie", "Grondslag": "onbekend", "Fundatie": "onbekend", "VanBobpeil": "", "NarBobpeil": "", "Straat": "\"steekterweg, alphen aan den rijn\"", "Straattype": "onbekend", "Verh_type": "onbekend", "Breedte": 125, "Hoogte": 125, "BodemBrdt": 4, "Lengte": 8.19999981, "Gebied": "steekterweg gs", "Inspectie": "", "JaarVerv": "0", "Beslismodl": "Geen beoordeling", "Beoordeeld": "0000", "Tactisch": 7, "Act_Direct": 0, "Act_In_5Y": 0, "Act_In_10Y": 0, "Geen_actie": 0, "Niet_beord": 8.2, "Operationl": 0, "Project": "", "APM": 0, "APV": "", "Kosten": 1180.88, "Opmerking": "", "Tekening": "INPA070748_001 REV TOTAA", "OBJ_ID": "41bda6b4aa134dd6b602199b602dda56", "OBJECTID": 502, "Shape_Length": 8.202722048471362}}, {"type": "Feature", "id": 503, "geometry": {"type": "LineString", "coordinates": [[106800.97500000149, 459043.7749999985], [106807.97300000116, 459043.625]]}, "properties": {"Datum": "20190520", "Van_knpnr": "F07386", "Naar_knpnr": "F07387", "Strengnr": 1, "Offset": 0, "Strengtype": "kolkaansluitleiding", "Afvoertype": "hemelwater gs", "Jaar": "0", "Jaar_recon": "0", "Materiaal": "pvc klasse 34 sn8", "Vorm": "rond", "Voeg": "mof-spie", "Grondslag": "onbekend", "Fundatie": "onbekend", "VanBobpeil": "", "NarBobpeil": "", "Straat": "\"steekterweg, alphen aan den rijn\"", "Straattype": "onbekend", "Verh_type": "onbekend", "Breedte": 125, "Hoogte": 125, "BodemBrdt": 4, "Lengte": 7, "Gebied": "steekterweg gs", "Inspectie": "", "JaarVerv": "0", "Beslismodl": "Geen beoordeling", "Beoordeeld": "0000", "Tactisch": 7, "Act_Direct": 0, "Act_In_5Y": 0, "Act_In_10Y": 0, "Geen_actie": 0, "Niet_beord": 7, "Operationl": 0, "Project": "", "APM": 0, "APV": "", "Kosten": 1008.07, "Opmerking": "", "Tekening": "INPA070748_001 REV TOTAA", "OBJ_ID": "b377555d03d44d5c846b0744d37b772b", "OBJECTID": 503, "Shape_Length": 6.999607417203104}}, {"type": "Feature", "id": 504, "geometry": {"type": "LineString", "coordinates": [[106807.97300000116, 459043.625], [106807.8909999989, 459041.41000000015]]}, "properties": {"Datum": "20190520", "Van_knpnr": "F07387", "Naar_knpnr": "F07388", "Strengnr": 1, "Offset": 0, "Strengtype": "kolkaansluitleiding", "Afvoertype": "hemelwater gs", "Jaar": "0", "Jaar_recon": "0", "Materiaal": "pvc klasse 34 sn8", "Vorm": "rond", "Voeg": "mof-spie", "Grondslag": "onbekend", "Fundatie": "onbekend", "VanBobpeil": "", "NarBobpeil": "", "Straat": "\"steekterweg, alphen aan den rijn\"", "Straattype": "onbekend", "Verh_type": "onbekend", "Breedte": 125, "Hoogte": 125, "BodemBrdt": 4, "Lengte": 2.22000003, "Gebied": "steekterweg gs", "Inspectie": "", "JaarVerv": "0", "Beslismodl": "Geen beoordeling", "Beoordeeld": "0000", "Tactisch": 7, "Act_Direct": 0, "Act_In_5Y": 0, "Act_In_10Y": 0, "Geen_actie": 0, "Niet_beord": 2.22, "Operationl": 0, "Project": "", "APM": 0, "APV": "", "Kosten": 319.7, "Opmerking": "", "Tekening": "INPA070748_001 REV TOTAA", "OBJ_ID": "96f3766b427447abbf97ed816736a070", "OBJECTID": 504, "Shape_Length": 2.2165173131990947}}, {"type": "Feature", "id": 505, "geometry": {"type": "LineString", "coordinates": [[106807.97300000116, 459043.625], [106812.65399999917, 459043.52800000086]]}, "properties": {"Datum": "20190520", "Van_knpnr": "F07387", "Naar_knpnr": "F07389", "Strengnr": 1, "Offset": 0, "Strengtype": "kolkaansluitleiding", "Afvoertype": "hemelwater gs", "Jaar": "0", "Jaar_recon": "0", "Materiaal": "pvc klasse 34 sn8", "Vorm": "rond", "Voeg": "mof-spie", "Grondslag": "onbekend", "Fundatie": "onbekend", "VanBobpeil": "", "NarBobpeil": "", "Straat": "\"steekterweg, alphen aan den rijn\"", "Straattype": "onbekend", "Verh_type": "onbekend", "Breedte": 125, "Hoogte": 125, "BodemBrdt": 4, "Lengte": 4.67999983, "Gebied": "steekterweg gs", "Inspectie": "", "JaarVerv": "0", "Beslismodl": "Geen beoordeling", "Beoordeeld": "0000", "Tactisch": 7, "Act_Direct": 0, "Act_In_5Y": 0, "Act_In_10Y": 0, "Geen_actie": 0, "Niet_beord": 4.68, "Operationl": 0, "Project": "", "APM": 0, "APV": "", "Kosten": 673.97, "Opmerking": "", "Tekening": "INPA070748_001 REV TOTAA", "OBJ_ID": "2c58d3ba34244894aeb1c82138a4c5b4", "OBJECTID": 505, "Shape_Length": 4.6820049104137755}}, {"type": "Feature", "id": 506, "geometry": {"type": "LineString", "coordinates": [[106812.65399999917, 459043.52800000086], [106812.63199999928, 459042.4780000001]]}, "properties": {"Datum": "20190520", "Van_knpnr": "F07389", "Naar_knpnr": "AK2373", "Strengnr": 1, "Offset": 0, "Strengtype": "kolkaansluitleiding", "Afvoertype": "hemelwater gs", "Jaar": "0", "Jaar_recon": "0", "Materiaal": "pvc klasse 34 sn8", "Vorm": "rond", "Voeg": "mof-spie", "Grondslag": "onbekend", "Fundatie": "onbekend", "VanBobpeil": "", "NarBobpeil": "", "Straat": "\"steekterweg, alphen aan den rijn\"", "Straattype": "onbekend", "Verh_type": "onbekend", "Breedte": 125, "Hoogte": 125, "BodemBrdt": 4, "Lengte": 1.04999995, "Gebied": "steekterweg gs", "Inspectie": "", "JaarVerv": "0", "Beslismodl": "Geen beoordeling", "Beoordeeld": "0000", "Tactisch": 7, "Act_Direct": 0, "Act_In_5Y": 0, "Act_In_10Y": 0, "Geen_actie": 0, "Niet_beord": 1.05, "Operationl": 0, "Project": "", "APM": 0, "APV": "", "Kosten": 151.21, "Opmerking": "", "Tekening": "INPA070748_001 REV TOTAA", "OBJ_ID": "661358893b7a44229f6866b48bd944d0", "OBJECTID": 506, "Shape_Length": 1.050230451643532}}, {"type": "Feature", "id": 507, "geometry": {"type": "LineString", "coordinates": [[106812.65399999917, 459043.52800000086], [106819.64299999923, 459043.3839999996]]}, "properties": {"Datum": "20190520", "Van_knpnr": "F07389", "Naar_knpnr": "F07390", "Strengnr": 1, "Offset": 0, "Strengtype": "kolkaansluitleiding", "Afvoertype": "hemelwater gs", "Jaar": "0", "Jaar_recon": "0", "Materiaal": "pvc klasse 34 sn8", "Vorm": "rond", "Voeg": "mof-spie", "Grondslag": "onbekend", "Fundatie": "onbekend", "VanBobpeil": "", "NarBobpeil": "", "Straat": "\"steekterweg, alphen aan den rijn\"", "Straattype": "onbekend", "Verh_type": "onbekend", "Breedte": 125, "Hoogte": 125, "BodemBrdt": 4, "Lengte": 6.98999977, "Gebied": "steekterweg gs", "Inspectie": "", "JaarVerv": "0", "Beslismodl": "Geen beoordeling", "Beoordeeld": "0000", "Tactisch": 7, "Act_Direct": 0, "Act_In_5Y": 0, "Act_In_10Y": 0, "Geen_actie": 0, "Niet_beord": 6.99, "Operationl": 0, "Project": "", "APM": 0, "APV": "", "Kosten": 1006.63, "Opmerking": "", "Tekening": "INPA070748_001 REV TOTAA", "OBJ_ID": "1259762843164c05b37d0d68a76a9273", "OBJECTID": 507, "Shape_Length": 6.990483316709485}}, {"type": "Feature", "id": 508, "geometry": {"type": "LineString", "coordinates": [[106819.64299999923, 459043.3839999996], [106819.62099999934, 459042.7340000011]]}, "properties": {"Datum": "20190520", "Van_knpnr": "F07390", "Naar_knpnr": "F07381", "Strengnr": 1, "Offset": 0, "Strengtype": "kolkaansluitleiding", "Afvoertype": "hemelwater gs", "Jaar": "0", "Jaar_recon": "0", "Materiaal": "pvc klasse 34 sn8", "Vorm": "rond", "Voeg": "mof-spie", "Grondslag": "onbekend", "Fundatie": "onbekend", "VanBobpeil": "", "NarBobpeil": "", "Straat": "\"steekterweg, alphen aan den rijn\"", "Straattype": "onbekend", "Verh_type": "onbekend", "Breedte": 125, "Hoogte": 125, "BodemBrdt": 4, "Lengte": 0.649999976, "Gebied": "steekterweg gs", "Inspectie": "", "JaarVerv": "0", "Beslismodl": "Geen beoordeling", "Beoordeeld": "0000", "Tactisch": 7, "Act_Direct": 0, "Act_In_5Y": 0, "Act_In_10Y": 0, "Geen_actie": 0, "Niet_beord": 0.65, "Operationl": 0, "Project": "", "APM": 0, "APV": "", "Kosten": 93.61, "Opmerking": "", "Tekening": "INPA070748_001 REV TOTAA", "OBJ_ID": "be73d7846dd3473d840f2ba389e535f6", "OBJECTID": 508, "Shape_Length": 0.6503721996346429}}, {"type": "Feature", "id": 509, "geometry": {"type": "LineString", "coordinates": [[106681.60300000012, 459032.5920000002], [106681.60300000012, 459033.2580000013]]}, "properties": {"Datum": "20190520", "Van_knpnr": "F07391", "Naar_knpnr": "AK2044", "Strengnr": 1, "Offset": 0, "Strengtype": "kolkaansluitleiding", "Afvoertype": "hemelwater gs", "Jaar": "0", "Jaar_recon": "0", "Materiaal": "pvc klasse 34 sn8", "Vorm": "rond", "Voeg": "mof-spie", "Grondslag": "onbekend", "Fundatie": "onbekend", "VanBobpeil": "", "NarBobpeil": "", "Straat": "\"steekterweg, alphen aan den rijn\"", "Straattype": "onbekend", "Verh_type": "onbekend", "Breedte": 125, "Hoogte": 125, "BodemBrdt": 4, "Lengte": 0.670000017, "Gebied": "steekterweg gs", "Inspectie": "", "JaarVerv": "0", "Beslismodl": "Geen beoordeling", "Beoordeeld": "0000", "Tactisch": 7, "Act_Direct": 0, "Act_In_5Y": 0, "Act_In_10Y": 0, "Geen_actie": 0, "Niet_beord": 0.67, "Operationl": 0, "Project": "", "APM": 0, "APV": "", "Kosten": 96.49, "Opmerking": "", "Tekening": "INPA070748_001 REV TOTAA", "OBJ_ID": "0", "OBJECTID": 509, "Shape_Length": 0.6660000011324883}}, {"type": "Feature", "id": 510, "geometry": {"type": "LineString", "coordinates": [[106681.60300000012, 459032.5920000002], [106698.34299999848, 459032.51199999824], [106698.33399999887, 459033.0920000002]]}, "properties": {"Datum": "20190520", "Van_knpnr": "F07391", "Naar_knpnr": "AK2045", "Strengnr": 1, "Offset": 0, "Strengtype": "kolkaansluitleiding", "Afvoertype": "hemelwater gs", "Jaar": "0", "Jaar_recon": "0", "Materiaal": "pvc klasse 34 sn8", "Vorm": "rond", "Voeg": "mof-spie", "Grondslag": "onbekend", "Fundatie": "onbekend", "VanBobpeil": "", "NarBobpeil": "", "Straat": "\"steekterweg, alphen aan den rijn\"", "Straattype": "onbekend", "Verh_type": "onbekend", "Breedte": 125, "Hoogte": 125, "BodemBrdt": 4, "Lengte": 17.3199997, "Gebied": "steekterweg gs", "Inspectie": "", "JaarVerv": "0", "Beslismodl": "Geen beoordeling", "Beoordeeld": "0000", "Tactisch": 7, "Act_Direct": 0, "Act_In_5Y": 0, "Act_In_10Y": 0, "Geen_actie": 0, "Niet_beord": 17.32, "Operationl": 0, "Project": "", "APM": 0, "APV": "", "Kosten": 2494.25, "Opmerking": "", "Tekening": "INPA070748_001 REV TOTAA", "OBJ_ID": "0", "OBJECTID": 510, "Shape_Length": 17.320260981493814}}, {"type": "Feature", "id": 511, "geometry": {"type": "LineString", "coordinates": [[106663.8049999997, 459025.23099999875], [106660.97899999842, 459025.1939999983], [106661.04100000113, 459032.7430000007], [106681.60300000012, 459032.5920000002]]}, "properties": {"Datum": "20190520", "Van_knpnr": "F07392U", "Naar_knpnr": "F07391", "Strengnr": 1, "Offset": 0, "Strengtype": "kolkaansluitleiding", "Afvoertype": "hemelwater gs", "Jaar": "0", "Jaar_recon": "0", "Materiaal": "pvc klasse 34 sn8", "Vorm": "rond", "Voeg": "mof-spie", "Grondslag": "onbekend", "Fundatie": "onbekend", "VanBobpeil": "", "NarBobpeil": "", "Straat": "\"steekterweg, alphen aan den rijn\"", "Straattype": "onbekend", "Verh_type": "onbekend", "Breedte": 125, "Hoogte": 125, "BodemBrdt": 4, "Lengte": 30.9400005, "Gebied": "steekterweg gs", "Inspectie": "", "JaarVerv": "0", "Beslismodl": "Geen beoordeling", "Beoordeeld": "0000", "Tactisch": 7, "Act_Direct": 0, "Act_In_5Y": 0, "Act_In_10Y": 0, "Geen_actie": 0, "Niet_beord": 30.94, "Operationl": 0, "Project": "", "APM": 0, "APV": "", "Kosten": 4455.67, "Opmerking": "", "Tekening": "INPA070748_001 REV TOTAA", "OBJ_ID": "0", "OBJECTID": 511, "Shape_Length": 30.938051244093494}}, {"type": "Feature", "id": 512, "geometry": {"type": "LineString", "coordinates": [[107666.69299999997, 458761.4849999994], [107667.00400000066, 458761.21400000155], [107667.3209999986, 458761.4519999996], [107667.37999999896, 458761.95600000024], [107667.58900000155, 458762.09699999914]]}, "properties": {"Datum": "20190520", "Van_knpnr": "F07394", "Naar_knpnr": "AK2110", "Strengnr": 1, "Offset": 0, "Strengtype": "kolkaansluitleiding", "Afvoertype": "hemelwater gs", "Jaar": "0", "Jaar_recon": "0", "Materiaal": "pvc klasse 34 sn8", "Vorm": "rond", "Voeg": "mof-spie", "Grondslag": "onbekend", "Fundatie": "onbekend", "VanBobpeil": "", "NarBobpeil": "", "Straat": "\"steekterweg, alphen aan den rijn\"", "Straattype": "onbekend", "Verh_type": "onbekend", "Breedte": 125, "Hoogte": 125, "BodemBrdt": 4, "Lengte": 1.57000005, "Gebied": "steekterweg gs", "Inspectie": "", "JaarVerv": "0", "Beslismodl": "Geen beoordeling", "Beoordeeld": "0000", "Tactisch": 7, "Act_Direct": 0, "Act_In_5Y": 0, "Act_In_10Y": 0, "Geen_actie": 0, "Niet_beord": 1.57, "Operationl": 0, "Project": "", "APM": 0, "APV": "", "Kosten": 226.1, "Opmerking": "", "Tekening": "INPA070748_001 REV TOTAA", "OBJ_ID": "0", "OBJECTID": 512, "Shape_Length": 1.5684636939582584}}, {"type": "Feature", "id": 513, "geometry": {"type": "LineString", "coordinates": [[109494.91000000015, 457605.48000000045], [109495.87999999896, 457608.8900000006]]}, "properties": {"Datum": "20190520", "Van_knpnr": "F07455U", "Naar_knpnr": "ZMR0116", "Strengnr": 2224854, "Offset": 0, "Strengtype": "inzamelriool", "Afvoertype": "hemelwater gs", "Jaar": "1989", "Jaar_recon": "1989", "Materiaal": "pvc klasse 34 sn8", "Vorm": "rond", "Voeg": "mof-spie", "Grondslag": "zware zavel", "Fundatie": "staal", "VanBobpeil": "-1.700", "NarBobpeil": "-1.500", "Straat": "\"dokter schreuderstraat, zwammerdam\"", "Straattype": "onbekend", "Verh_type": "onbekend", "Breedte": 315, "Hoogte": 315, "BodemBrdt": 9, "Lengte": 3.54999995, "Gebied": "de burcht gs", "Inspectie": "", "JaarVerv": "0", "Beslismodl": "Geen beoordeling", "Beoordeeld": "0000", "Tactisch": 7, "Act_Direct": 0, "Act_In_5Y": 0, "Act_In_10Y": 0, "Geen_actie": 0, "Niet_beord": 3.55, "Operationl": 0, "Project": "", "APM": 0, "APV": "", "Kosten": 518.77, "Opmerking": "", "Tekening": "onbekend", "OBJ_ID": "0841425383bc4269842b3f2880b5edba", "OBJECTID": 513, "Shape_Length": 3.5452785502275557}}, {"type": "Feature", "id": 514, "geometry": {"type": "LineString", "coordinates": [[109486.46999999881, 457615.2899999991], [109482.5549999997, 457607.69900000095]]}, "properties": {"Datum": "20190520", "Van_knpnr": "F07457U", "Naar_knpnr": "ZMR0114", "Strengnr": 2224984, "Offset": 0, "Strengtype": "inzamelriool", "Afvoertype": "hemelwater gs", "Jaar": "1984", "Jaar_recon": "1984", "Materiaal": "pvc klasse 34 sn8", "Vorm": "rond", "Voeg": "mof-spie", "Grondslag": "zware zavel", "Fundatie": "staal", "VanBobpeil": "-1.120", "NarBobpeil": "-1.120", "Straat": "\"ds. bennink boltstraat, zwammerdam\"", "Straattype": "onbekend", "Verh_type": "onbekend", "Breedte": 160, "Hoogte": 160, "BodemBrdt": 5, "Lengte": 8.53999996, "Gebied": "de burcht gs", "Inspectie": "", "JaarVerv": "0", "Beslismodl": "Geen beoordeling", "Beoordeeld": "0000", "Tactisch": 7, "Act_Direct": 0, "Act_In_5Y": 0, "Act_In_10Y": 0, "Geen_actie": 0, "Niet_beord": 8.54, "Operationl": 0, "Project": "", "APM": 0, "APV": "", "Kosten": 1278.95, "Opmerking": "", "Tekening": "onbekend", "OBJ_ID": "8ef79cc4906643e9be08999a07fc9d23", "OBJECTID": 514, "Shape_Length": 8.541106834886623}}, {"type": "Feature", "id": 515, "geometry": {"type": "LineString", "coordinates": [[109496.44000000134, 457602.0799999982], [109555.30999999866, 457632.4699999988]]}, "properties": {"Datum": "20190520", "Van_knpnr": "F07463U", "Naar_knpnr": "F00809", "Strengnr": 2226848, "Offset": 0, "Strengtype": "groenbeheer", "Afvoertype": "drainagestelsel", "Jaar": "1991", "Jaar_recon": "1991", "Materiaal": "drainagebuis", "Vorm": "rond", "Voeg": "mof-spie", "Grondslag": "zware zavel", "Fundatie": "onbekend", "VanBobpeil": "-0.750", "NarBobpeil": "-0.750", "Straat": "\"dokter schreuderstraat, zwammerdam\"", "Straattype": "onbekend", "Verh_type": "onbekend", "Breedte": 80, "Hoogte": 80, "BodemBrdt": 1, "Lengte": 66.25, "Gebied": "de burcht gs", "Inspectie": "", "JaarVerv": "0", "Beslismodl": "Geen beoordeling", "Beoordeeld": "0000", "Tactisch": 7, "Act_Direct": 0, "Act_In_5Y": 0, "Act_In_10Y": 0, "Geen_actie": 0, "Niet_beord": 66.25, "Operationl": 0, "Project": "", "APM": 0, "APV": "", "Kosten": 5978, "Opmerking": "", "Tekening": "onbekend", "OBJ_ID": "0", "OBJECTID": 515, "Shape_Length": 66.25125658974646}}, {"type": "Feature", "id": 516, "geometry": {"type": "LineString", "coordinates": [[109966.14999999851, 457885.37999999896], [109972.78599999845, 457874.54300000146]]}, "properties": {"Datum": "20190520", "Van_knpnr": "F07467U", "Naar_knpnr": "ZM0049", "Strengnr": 2220911, "Offset": 0, "Strengtype": "inzamelriool", "Afvoertype": "gemengd", "Jaar": "1974", "Jaar_recon": "1974", "Materiaal": "pvc klasse 34 sn8", "Vorm": "rond", "Voeg": "mof-spie", "Grondslag": "zware klei", "Fundatie": "staal", "VanBobpeil": "-2.250", "NarBobpeil": "-1.370", "Straat": "\"lindenhovestraat, zwammerdam\"", "Straattype": "onbekend", "Verh_type": "onbekend", "Breedte": 200, "Hoogte": 200, "BodemBrdt": 6, "Lengte": 12.71, "Gebied": "lindenhovestraat gem", "Inspectie": "", "JaarVerv": "0", "Beslismodl": "Geen beoordeling", "Beoordeeld": "0000", "Tactisch": 7, "Act_Direct": 0, "Act_In_5Y": 0, "Act_In_10Y": 0, "Geen_actie": 0, "Niet_beord": 12.71, "Operationl": 0, "Project": "", "APM": 0, "APV": "", "Kosten": 1967, "Opmerking": "", "Tekening": "onbekend", "OBJ_ID": "0", "OBJECTID": 516, "Shape_Length": 12.707362627427862}}, {"type": "Feature", "id": 517, "geometry": {"type": "LineString", "coordinates": [[109721.26999999955, 457652.7199999988], [109723.39600000158, 457655.0799999982]]}, "properties": {"Datum": "20190520", "Van_knpnr": "F07468U", "Naar_knpnr": "ZM0005C", "Strengnr": 1, "Offset": 0, "Strengtype": "inzamelriool", "Afvoertype": "hemelwater gs", "Jaar": "2010", "Jaar_recon": "2010", "Materiaal": "pvc klasse 34 sn8", "Vorm": "rond", "Voeg": "mof-spie", "Grondslag": "onbekend", "Fundatie": "onbekend", "VanBobpeil": "-1.380", "NarBobpeil": "-1.380", "Straat": "\"van brederodestraat, zwammerdam\"", "Straattype": "onbekend", "Verh_type": "onbekend", "Breedte": 315, "Hoogte": 315, "BodemBrdt": 9, "Lengte": 3.18000007, "Gebied": "centrum zwammerdam gem", "Inspectie": "", "JaarVerv": "0", "Beslismodl": "Geen beoordeling", "Beoordeeld": "0000", "Tactisch": 7, "Act_Direct": 0, "Act_In_5Y": 0, "Act_In_10Y": 0, "Geen_actie": 0, "Niet_beord": 3.18, "Operationl": 0, "Project": "", "APM": 0, "APV": "", "Kosten": 466.82, "Opmerking": "", "Tekening": "onbekend", "OBJ_ID": "1d364e9768774966a789cdd6e9729374", "OBJECTID": 517, "Shape_Length": 3.1763935533563195}}, {"type": "Feature", "id": 518, "geometry": {"type": "LineString", "coordinates": [[109714.76999999955, 457939.94999999925], [109717.77199999988, 457945.63500000164]]}, "properties": {"Datum": "20190520", "Van_knpnr": "F07469U", "Naar_knpnr": "ZM0045", "Strengnr": 2227021, "Offset": 0, "Strengtype": "inzamelriool", "Afvoertype": "gemengd", "Jaar": "1974", "Jaar_recon": "1974", "Materiaal": "pvc klasse 34 sn8", "Vorm": "rond", "Voeg": "mof-spie", "Grondslag": "zware klei", "Fundatie": "staal", "VanBobpeil": "-1.450", "NarBobpeil": "-1.450", "Straat": "\"lindenhovestraat, zwammerdam\"", "Straattype": "onbekend", "Verh_type": "onbekend", "Breedte": 200, "Hoogte": 200, "BodemBrdt": 6, "Lengte": 6.42999983, "Gebied": "lindenhovestraat gem", "Inspectie": "", "JaarVerv": "0", "Beslismodl": "Geen beoordeling", "Beoordeeld": "0000", "Tactisch": 7, "Act_Direct": 0, "Act_In_5Y": 0, "Act_In_10Y": 0, "Geen_actie": 0, "Niet_beord": 6.43, "Operationl": 0, "Project": "", "APM": 0, "APV": "", "Kosten": 981.4, "Opmerking": "", "Tekening": "onbekend", "OBJ_ID": "c558a812d700418f93327a0430c970f8", "OBJECTID": 518, "Shape_Length": 6.42893685060574}}, {"type": "Feature", "id": 519, "geometry": {"type": "LineString", "coordinates": [[109720.96999999881, 457954.26999999955], [109717.77199999988, 457945.63500000164]]}, "properties": {"Datum": "20190520", "Van_knpnr": "F07470U", "Naar_knpnr": "ZM0045", "Strengnr": 2227023, "Offset": 0, "Strengtype": "inzamelriool", "Afvoertype": "gemengd", "Jaar": "1974", "Jaar_recon": "1974", "Materiaal": "pvc klasse 34 sn8", "Vorm": "rond", "Voeg": "mof-spie", "Grondslag": "zware klei", "Fundatie": "staal", "VanBobpeil": "-1.450", "NarBobpeil": "-1.450", "Straat": "\"lindenhovestraat, zwammerdam\"", "Straattype": "onbekend", "Verh_type": "onbekend", "Breedte": 200, "Hoogte": 200, "BodemBrdt": 6, "Lengte": 9.21000004, "Gebied": "lindenhovestraat gem", "Inspectie": "", "JaarVerv": "0", "Beslismodl": "Geen beoordeling", "Beoordeeld": "0000", "Tactisch": 7, "Act_Direct": 0, "Act_In_5Y": 0, "Act_In_10Y": 0, "Geen_actie": 0, "Niet_beord": 9.21, "Operationl": 0, "Project": "", "APM": 0, "APV": "", "Kosten": 1405.71, "Opmerking": "", "Tekening": "onbekend", "OBJ_ID": "1cec798d21044b55b867a584f7a890da", "OBJECTID": 519, "Shape_Length": 9.208171857492117}}, {"type": "Feature", "id": 520, "geometry": {"type": "LineString", "coordinates": [[110079.14799999818, 457291.3960000016], [110085.38500000164, 457298.92500000075], [110088.04199999943, 457296.72399999946], [110090.01999999955, 457299.11199999973]]}, "properties": {"Datum": "20190520", "Van_knpnr": "F07471U", "Naar_knpnr": "ZMK0096", "Strengnr": 1, "Offset": 0, "Strengtype": "kolkaansluitleiding", "Afvoertype": "hemelwater gs", "Jaar": "0", "Jaar_recon": "0", "Materiaal": "pvc klasse 34 sn8", "Vorm": "rond", "Voeg": "mof-spie", "Grondslag": "onbekend", "Fundatie": "onbekend", "VanBobpeil": "", "NarBobpeil": "", "Straat": "\"rijksstraatweg, zwammerdam\"", "Straattype": "onbekend", "Verh_type": "onbekend", "Breedte": 125, "Hoogte": 125, "BodemBrdt": 4, "Lengte": 16.3299999, "Gebied": "akerboomseweg gs", "Inspectie": "", "JaarVerv": "0", "Beslismodl": "Geen beoordeling", "Beoordeeld": "0000", "Tactisch": 7, "Act_Direct": 0, "Act_In_5Y": 0, "Act_In_10Y": 0, "Geen_actie": 0, "Niet_beord": 16.33, "Operationl": 0, "Project": "", "APM": 0, "APV": "", "Kosten": 2351.68, "Opmerking": "", "Tekening": "INPA070748_001 REV TOTAA", "OBJ_ID": "24cba81ca2c6406797663c6788f93a4c", "OBJECTID": 520, "Shape_Length": 16.327845299911786}}, {"type": "Feature", "id": 521, "geometry": {"type": "LineString", "coordinates": [[110066.99199999869, 457302.04199999943], [110077.54100000113, 457314.36100000143]]}, "properties": {"Datum": "20190520", "Van_knpnr": "F07472U", "Naar_knpnr": "ZMK0093", "Strengnr": 1, "Offset": 0, "Strengtype": "kolkaansluitleiding", "Afvoertype": "hemelwater gs", "Jaar": "0", "Jaar_recon": "0", "Materiaal": "pvc klasse 34 sn8", "Vorm": "rond", "Voeg": "mof-spie", "Grondslag": "onbekend", "Fundatie": "onbekend", "VanBobpeil": "", "NarBobpeil": "", "Straat": "\"rijksstraatweg, zwammerdam\"", "Straattype": "onbekend", "Verh_type": "onbekend", "Breedte": 125, "Hoogte": 125, "BodemBrdt": 4, "Lengte": 16.2199993, "Gebied": "akerboomseweg gs", "Inspectie": "", "JaarVerv": "0", "Beslismodl": "Geen beoordeling", "Beoordeeld": "0000", "Tactisch": 7, "Act_Direct": 0, "Act_In_5Y": 0, "Act_In_10Y": 0, "Geen_actie": 0, "Niet_beord": 16.22, "Operationl": 0, "Project": "", "APM": 0, "APV": "", "Kosten": 2335.84, "Opmerking": "", "Tekening": "INPA070748_001 REV TOTAA", "OBJ_ID": "25fc0d2c097e4cb994c785f198ff8edf", "OBJECTID": 521, "Shape_Length": 16.218482114573952}}, {"type": "Feature", "id": 522, "geometry": {"type": "LineString", "coordinates": [[110043.34200000018, 457323.01999999955], [110050.94399999827, 457331.85500000045]]}, "properties": {"Datum": "20190520", "Van_knpnr": "F07473U", "Naar_knpnr": "F07125", "Strengnr": 1, "Offset": 0, "Strengtype": "kolkaansluitleiding", "Afvoertype": "hemelwater gs", "Jaar": "0", "Jaar_recon": "0", "Materiaal": "pvc klasse 34 sn8", "Vorm": "rond", "Voeg": "mof-spie", "Grondslag": "onbekend", "Fundatie": "onbekend", "VanBobpeil": "", "NarBobpeil": "", "Straat": "\"rijksstraatweg, zwammerdam\"", "Straattype": "onbekend", "Verh_type": "onbekend", "Breedte": 125, "Hoogte": 125, "BodemBrdt": 4, "Lengte": 11.6599998, "Gebied": "akerboomseweg gs", "Inspectie": "", "JaarVerv": "0", "Beslismodl": "Geen beoordeling", "Beoordeeld": "0000", "Tactisch": 7, "Act_Direct": 0, "Act_In_5Y": 0, "Act_In_10Y": 0, "Geen_actie": 0, "Niet_beord": 11.66, "Operationl": 0, "Project": "", "APM": 0, "APV": "", "Kosten": 1679.16, "Opmerking": "", "Tekening": "INPA070748_001 REV TOTAA", "OBJ_ID": "ff4936c36afc4f818e81831f84d7fd4b", "OBJECTID": 522, "Shape_Length": 11.65536910555813}}, {"type": "Feature", "id": 523, "geometry": {"type": "LineString", "coordinates": [[110148.7100000009, 457346.05000000075], [110158.5399999991, 457336.5399999991]]}, "properties": {"Datum": "20190520", "Van_knpnr": "F07477", "Naar_knpnr": "AP15067", "Strengnr": 2224793, "Offset": 0, "Strengtype": "inzamelriool", "Afvoertype": "vuilwater gs", "Jaar": "1986", "Jaar_recon": "1986", "Materiaal": "pvc klasse 34 sn8", "Vorm": "rond", "Voeg": "mof-spie", "Grondslag": "zware zavel", "Fundatie": "staal", "VanBobpeil": "-1.000", "NarBobpeil": "-1.000", "Straat": "\"akerboomseweg, zwammerdam\"", "Straattype": "onbekend", "Verh_type": "onbekend", "Breedte": 200, "Hoogte": 200, "BodemBrdt": 6, "Lengte": 13.6800003, "Gebied": "akerboomseweg gs", "Inspectie": "", "JaarVerv": "0", "Beslismodl": "Geen beoordeling", "Beoordeeld": "0000", "Tactisch": 7, "Act_Direct": 0, "Act_In_5Y": 0, "Act_In_10Y": 0, "Geen_actie": 0, "Niet_beord": 13.68, "Operationl": 0, "Project": "", "APM": 0, "APV": "", "Kosten": 1499.6, "Opmerking": "", "Tekening": "onbekend", "OBJ_ID": "fced1cf34e7240ae892ab53c35d174fa", "OBJECTID": 523, "Shape_Length": 13.67731698821159}}, {"type": "Feature", "id": 524, "geometry": {"type": "LineString", "coordinates": [[110148.7100000009, 457346.05000000075], [110134.32999999821, 457341.73000000045]]}, "properties": {"Datum": "20190520", "Van_knpnr": "F07477", "Naar_knpnr": "ZM0132", "Strengnr": 2224795, "Offset": 0, "Strengtype": "inzamelriool", "Afvoertype": "vuilwater gs", "Jaar": "1986", "Jaar_recon": "1986", "Materiaal": "pvc klasse 34 sn8", "Vorm": "rond", "Voeg": "mof-spie", "Grondslag": "zware zavel", "Fundatie": "staal", "VanBobpeil": "-1.000", "NarBobpeil": "-1.000", "Straat": "\"akerboomseweg, zwammerdam\"", "Straattype": "onbekend", "Verh_type": "onbekend", "Breedte": 200, "Hoogte": 200, "BodemBrdt": 6, "Lengte": 15.0200005, "Gebied": "akerboomseweg gs", "Inspectie": "", "JaarVerv": "0", "Beslismodl": "Geen beoordeling", "Beoordeeld": "0000", "Tactisch": 7, "Act_Direct": 0, "Act_In_5Y": 0, "Act_In_10Y": 0, "Geen_actie": 0, "Niet_beord": 15.02, "Operationl": 0, "Project": "", "APM": 0, "APV": "", "Kosten": 1646.49, "Opmerking": "", "Tekening": "onbekend", "OBJ_ID": "0", "OBJECTID": 524, "Shape_Length": 15.014885949607319}}, {"type": "Feature", "id": 525, "geometry": {"type": "LineString", "coordinates": [[110125.26000000164, 457364.12000000104], [110133.53400000185, 457344.0870000012], [110128.32999999821, 457338.7800000012]]}, "properties": {"Datum": "20190520", "Van_knpnr": "F07478", "Naar_knpnr": "AP12931", "Strengnr": 2224797, "Offset": 0, "Strengtype": "inzamelriool", "Afvoertype": "vuilwater gs", "Jaar": "1986", "Jaar_recon": "1986", "Materiaal": "pvc klasse 34 sn8", "Vorm": "rond", "Voeg": "mof-spie", "Grondslag": "zware zavel", "Fundatie": "staal", "VanBobpeil": "-1.280", "NarBobpeil": "-1.280", "Straat": "\"akerboomseweg, zwammerdam\"", "Straattype": "onbekend", "Verh_type": "onbekend", "Breedte": 200, "Hoogte": 200, "BodemBrdt": 6, "Lengte": 29.1100006, "Gebied": "akerboomseweg gs", "Inspectie": "", "JaarVerv": "0", "Beslismodl": "Geen beoordeling", "Beoordeeld": "0000", "Tactisch": 7, "Act_Direct": 0, "Act_In_5Y": 0, "Act_In_10Y": 0, "Geen_actie": 0, "Niet_beord": 29.11, "Operationl": 0, "Project": "", "APM": 0, "APV": "", "Kosten": 3191.04, "Opmerking": "", "Tekening": "onbekend", "OBJ_ID": "9bb3a1ff9ee14ad698a3a4ef2bb744df", "OBJECTID": 525, "Shape_Length": 29.107168900206418}}, {"type": "Feature", "id": 526, "geometry": {"type": "LineString", "coordinates": [[110125.26000000164, 457364.12000000104], [110116.30999999866, 457361.12999999896]]}, "properties": {"Datum": "20190520", "Van_knpnr": "F07478", "Naar_knpnr": "F07479", "Strengnr": 2224867, "Offset": 0, "Strengtype": "inzamelriool", "Afvoertype": "vuilwater gs", "Jaar": "1986", "Jaar_recon": "1986", "Materiaal": "pvc klasse 34 sn8", "Vorm": "rond", "Voeg": "mof-spie", "Grondslag": "zware zavel", "Fundatie": "staal", "VanBobpeil": "-1.000", "NarBobpeil": "-1.000", "Straat": "\"akerboomseweg, zwammerdam\"", "Straattype": "onbekend", "Verh_type": "onbekend", "Breedte": 200, "Hoogte": 200, "BodemBrdt": 6, "Lengte": 9.43999958, "Gebied": "akerboomseweg gs", "Inspectie": "", "JaarVerv": "0", "Beslismodl": "Geen beoordeling", "Beoordeeld": "0000", "Tactisch": 7, "Act_Direct": 0, "Act_In_5Y": 0, "Act_In_10Y": 0, "Geen_actie": 0, "Niet_beord": 9.44, "Operationl": 0, "Project": "", "APM": 0, "APV": "", "Kosten": 1034.81, "Opmerking": "", "Tekening": "onbekend", "OBJ_ID": "5a5d9b73ff39489fbac8f136f1401a51", "OBJECTID": 526, "Shape_Length": 9.436238660918947}}, {"type": "Feature", "id": 527, "geometry": {"type": "LineString", "coordinates": [[109643.98999999836, 457884.33999999985], [109582.23999999836, 457915.3900000006]]}, "properties": {"Datum": "20190520", "Van_knpnr": "F07480", "Naar_knpnr": "ZM0012", "Strengnr": 2216185, "Offset": 0, "Strengtype": "inzamelriool", "Afvoertype": "vuilwater gs", "Jaar": "2009", "Jaar_recon": "2009", "Materiaal": "pvc klasse 34 sn8", "Vorm": "rond", "Voeg": "mof-spie", "Grondslag": "zware zavel", "Fundatie": "staal", "VanBobpeil": "-1.640", "NarBobpeil": "-1.880", "Straat": "\"vinkebuurt, zwammerdam\"", "Straattype": "onbekend", "Verh_type": "onbekend", "Breedte": 500, "Hoogte": 500, "BodemBrdt": 15, "Lengte": 69.1200027, "Gebied": "centrum zwammerdam gem", "Inspectie": "20090408", "JaarVerv": "2079", "Beslismodl": "Geen maatregel", "Beoordeeld": "0000", "Tactisch": 7, "Act_Direct": 0, "Act_In_5Y": 0, "Act_In_10Y": 0, "Geen_actie": 0, "Niet_beord": 69.12, "Operationl": 0, "Project": "", "APM": 0, "APV": "", "Kosten": 7484.22, "Opmerking": "", "Tekening": "onbekend", "OBJ_ID": "0", "OBJECTID": 527, "Shape_Length": 69.11703842068371}}, {"type": "Feature", "id": 528, "geometry": {"type": "LineString", "coordinates": [[107934.375, 458680.67500000075], [107934.01999999955, 458680.7800000012], [107933.67000000179, 458680.66000000015]]}, "properties": {"Datum": "20190520", "Van_knpnr": "F07738", "Naar_knpnr": "AP17502", "Strengnr": 1, "Offset": 0, "Strengtype": "inzamelriool", "Afvoertype": "vuilwater gs", "Jaar": "0", "Jaar_recon": "0", "Materiaal": "pvc klasse 34 sn8", "Vorm": "rond", "Voeg": "mof-spie", "Grondslag": "onbekend", "Fundatie": "onbekend", "VanBobpeil": "", "NarBobpeil": "", "Straat": "\"steekterweg, alphen aan den rijn\"", "Straattype": "onbekend", "Verh_type": "onbekend", "Breedte": 125, "Hoogte": 125, "BodemBrdt": 4, "Lengte": 0.709999979, "Gebied": "steekterweg gs", "Inspectie": "", "JaarVerv": "0", "Beslismodl": "Geen beoordeling", "Beoordeeld": "0000", "Tactisch": 7, "Act_Direct": 0, "Act_In_5Y": 0, "Act_In_10Y": 0, "Geen_actie": 0, "Niet_beord": 0.71, "Operationl": 0, "Project": "", "APM": 0, "APV": "", "Kosten": 79.65, "Opmerking": "", "Tekening": "onbekend", "OBJ_ID": "cd313f2dc1b74e089642f4eec5fdb76d", "OBJECTID": 528, "Shape_Length": 0.7402026459876668}}, {"type": "Feature", "id": 529, "geometry": {"type": "LineString", "coordinates": [[107475.72500000149, 458869.56700000167], [107478.07400000095, 458868.1270000003], [107480.68899999931, 458868.66000000015], [107480.89200000092, 458868.52899999917]]}, "properties": {"Datum": "20190520", "Van_knpnr": "F07739", "Naar_knpnr": "AI3909", "Strengnr": 1, "Offset": 0, "Strengtype": "inzamelriool", "Afvoertype": "vuilwater gs", "Jaar": "0", "Jaar_recon": "0", "Materiaal": "pvc klasse 34 sn8", "Vorm": "rond", "Voeg": "mof-spie", "Grondslag": "onbekend", "Fundatie": "onbekend", "VanBobpeil": "", "NarBobpeil": "", "Straat": "\"steekterweg, alphen aan den rijn\"", "Straattype": "onbekend", "Verh_type": "onbekend", "Breedte": 160, "Hoogte": 160, "BodemBrdt": 5, "Lengte": 5.67000008, "Gebied": "steekterweg gs", "Inspectie": "", "JaarVerv": "0", "Beslismodl": "Geen beoordeling", "Beoordeeld": "0000", "Tactisch": 7, "Act_Direct": 0, "Act_In_5Y": 0, "Act_In_10Y": 0, "Geen_actie": 0, "Niet_beord": 5.67, "Operationl": 0, "Project": "", "APM": 0, "APV": "", "Kosten": 668.72, "Opmerking": "", "Tekening": "onbekend", "OBJ_ID": "59ba8080484f4e778da14af6f45cd1d5", "OBJECTID": 529, "Shape_Length": 5.665614939677189}}, {"type": "Feature", "id": 530, "geometry": {"type": "LineString", "coordinates": [[107313.35700000077, 458970.3209999986], [107314.43299999833, 458972.41699999943]]}, "properties": {"Datum": "20190520", "Van_knpnr": "F07740", "Naar_knpnr": "A9987", "Strengnr": 1, "Offset": 0, "Strengtype": "inzamelriool", "Afvoertype": "vuilwater gs", "Jaar": "0", "Jaar_recon": "0", "Materiaal": "pvc klasse 34 sn8", "Vorm": "rond", "Voeg": "mof-spie", "Grondslag": "onbekend", "Fundatie": "onbekend", "VanBobpeil": "", "NarBobpeil": "", "Straat": "\"steekterweg, alphen aan den rijn\"", "Straattype": "onbekend", "Verh_type": "onbekend", "Breedte": 125, "Hoogte": 125, "BodemBrdt": 4, "Lengte": 2.3599999, "Gebied": "steekterweg gs", "Inspectie": "", "JaarVerv": "0", "Beslismodl": "Geen beoordeling", "Beoordeeld": "0000", "Tactisch": 7, "Act_Direct": 0, "Act_In_5Y": 0, "Act_In_10Y": 0, "Geen_actie": 0, "Niet_beord": 2.36, "Operationl": 0, "Project": "", "APM": 0, "APV": "", "Kosten": 264.77, "Opmerking": "", "Tekening": "onbekend", "OBJ_ID": "bfa2f57cf5a141d38216f3d45e2735d2", "OBJECTID": 530, "Shape_Length": 2.3560543283717035}}, {"type": "Feature", "id": 531, "geometry": {"type": "LineString", "coordinates": [[107313.35700000077, 458970.3209999986], [107325.95600000024, 458962.9360000007]]}, "properties": {"Datum": "20190520", "Van_knpnr": "F07740", "Naar_knpnr": "F07741", "Strengnr": 1, "Offset": 0, "Strengtype": "inzamelriool", "Afvoertype": "vuilwater gs", "Jaar": "0", "Jaar_recon": "0", "Materiaal": "pvc klasse 34 sn8", "Vorm": "rond", "Voeg": "mof-spie", "Grondslag": "onbekend", "Fundatie": "onbekend", "VanBobpeil": "", "NarBobpeil": "", "Straat": "\"steekterweg, alphen aan den rijn\"", "Straattype": "onbekend", "Verh_type": "onbekend", "Breedte": 160, "Hoogte": 160, "BodemBrdt": 5, "Lengte": 14.6000004, "Gebied": "steekterweg gs", "Inspectie": "", "JaarVerv": "0", "Beslismodl": "Geen beoordeling", "Beoordeeld": "0000", "Tactisch": 7, "Act_Direct": 0, "Act_In_5Y": 0, "Act_In_10Y": 0, "Geen_actie": 0, "Niet_beord": 14.6, "Operationl": 0, "Project": "", "APM": 0, "APV": "", "Kosten": 1721.92, "Opmerking": "", "Tekening": "onbekend", "OBJ_ID": "f44ef28c88fa4ea3a2468b8daae7b448", "OBJECTID": 531, "Shape_Length": 14.603870238935642}}, {"type": "Feature", "id": 532, "geometry": {"type": "LineString", "coordinates": [[107325.95600000024, 458962.9360000007], [107326.79199999943, 458964.51300000027]]}, "properties": {"Datum": "20190520", "Van_knpnr": "F07741", "Naar_knpnr": "A9968", "Strengnr": 1, "Offset": 0, "Strengtype": "inzamelriool", "Afvoertype": "vuilwater gs", "Jaar": "0", "Jaar_recon": "0", "Materiaal": "pvc klasse 34 sn8", "Vorm": "rond", "Voeg": "mof-spie", "Grondslag": "onbekend", "Fundatie": "onbekend", "VanBobpeil": "", "NarBobpeil": "", "Straat": "\"steekterweg, alphen aan den rijn\"", "Straattype": "onbekend", "Verh_type": "onbekend", "Breedte": 125, "Hoogte": 125, "BodemBrdt": 4, "Lengte": 1.77999997, "Gebied": "steekterweg gs", "Inspectie": "", "JaarVerv": "0", "Beslismodl": "Geen beoordeling", "Beoordeeld": "0000", "Tactisch": 7, "Act_Direct": 0, "Act_In_5Y": 0, "Act_In_10Y": 0, "Geen_actie": 0, "Niet_beord": 1.78, "Operationl": 0, "Project": "", "APM": 0, "APV": "", "Kosten": 199.7, "Opmerking": "", "Tekening": "onbekend", "OBJ_ID": "17ec73a3961f4a1d975efe93e939cf5d", "OBJECTID": 532, "Shape_Length": 1.7848879509197917}}, {"type": "Feature", "id": 533, "geometry": {"type": "LineString", "coordinates": [[107325.95600000024, 458962.9360000007], [107333.63100000098, 458958.4459999986]]}, "properties": {"Datum": "20190520", "Van_knpnr": "F07741", "Naar_knpnr": "F07742", "Strengnr": 1, "Offset": 0, "Strengtype": "inzamelriool", "Afvoertype": "vuilwater gs", "Jaar": "0", "Jaar_recon": "0", "Materiaal": "pvc klasse 34 sn8", "Vorm": "rond", "Voeg": "mof-spie", "Grondslag": "onbekend", "Fundatie": "onbekend", "VanBobpeil": "", "NarBobpeil": "", "Straat": "\"steekterweg, alphen aan den rijn\"", "Straattype": "onbekend", "Verh_type": "onbekend", "Breedte": 160, "Hoogte": 160, "BodemBrdt": 5, "Lengte": 8.89000034, "Gebied": "steekterweg gs", "Inspectie": "", "JaarVerv": "0", "Beslismodl": "Geen beoordeling", "Beoordeeld": "0000", "Tactisch": 7, "Act_Direct": 0, "Act_In_5Y": 0, "Act_In_10Y": 0, "Geen_actie": 0, "Niet_beord": 8.89, "Operationl": 0, "Project": "", "APM": 0, "APV": "", "Kosten": 1048.49, "Opmerking": "", "Tekening": "onbekend", "OBJ_ID": "3d726d9e968046e68861eb0919c6d7b3", "OBJECTID": 533, "Shape_Length": 8.891890970438762}}, {"type": "Feature", "id": 534, "geometry": {"type": "LineString", "coordinates": [[107333.63100000098, 458958.4459999986], [107336.2899999991, 458956.94000000134]]}, "properties": {"Datum": "20190520", "Van_knpnr": "F07742", "Naar_knpnr": "AP17532", "Strengnr": 1, "Offset": 0, "Strengtype": "inzamelriool", "Afvoertype": "vuilwater gs", "Jaar": "0", "Jaar_recon": "0", "Materiaal": "pvc klasse 34 sn8", "Vorm": "rond", "Voeg": "mof-spie", "Grondslag": "onbekend", "Fundatie": "onbekend", "VanBobpeil": "", "NarBobpeil": "", "Straat": "\"steekterweg, alphen aan den rijn\"", "Straattype": "onbekend", "Verh_type": "onbekend", "Breedte": 200, "Hoogte": 200, "BodemBrdt": 6, "Lengte": 3.05999994, "Gebied": "steekterweg gs", "Inspectie": "", "JaarVerv": "0", "Beslismodl": "Geen beoordeling", "Beoordeeld": "0000", "Tactisch": 7, "Act_Direct": 0, "Act_In_5Y": 0, "Act_In_10Y": 0, "Geen_actie": 0, "Niet_beord": 3.06, "Operationl": 0, "Project": "", "APM": 0, "APV": "", "Kosten": 335.44, "Opmerking": "", "Tekening": "onbekend", "OBJ_ID": "db6dd29b9884474cad268be3d5760697", "OBJECTID": 534, "Shape_Length": 3.055865995386065}}, {"type": "Feature", "id": 535, "geometry": {"type": "LineString", "coordinates": [[107333.63100000098, 458958.4459999986], [107336.12900000066, 458962.28400000185]]}, "properties": {"Datum": "20190520", "Van_knpnr": "F07742", "Naar_knpnr": "F07743", "Strengnr": 1, "Offset": 0, "Strengtype": "inzamelriool", "Afvoertype": "vuilwater gs", "Jaar": "0", "Jaar_recon": "0", "Materiaal": "pvc klasse 34 sn8", "Vorm": "rond", "Voeg": "mof-spie", "Grondslag": "onbekend", "Fundatie": "onbekend", "VanBobpeil": "", "NarBobpeil": "", "Straat": "\"steekterweg, alphen aan den rijn\"", "Straattype": "onbekend", "Verh_type": "onbekend", "Breedte": 125, "Hoogte": 125, "BodemBrdt": 4, "Lengte": 4.57999992, "Gebied": "steekterweg gs", "Inspectie": "", "JaarVerv": "0", "Beslismodl": "Geen beoordeling", "Beoordeeld": "0000", "Tactisch": 7, "Act_Direct": 0, "Act_In_5Y": 0, "Act_In_10Y": 0, "Geen_actie": 0, "Niet_beord": 4.58, "Operationl": 0, "Project": "", "APM": 0, "APV": "", "Kosten": 513.83, "Opmerking": "", "Tekening": "onbekend", "OBJ_ID": "85bdbb35e8fe4722a7bc146cfbcf8273", "OBJECTID": 535, "Shape_Length": 4.579328337572805}}, {"type": "Feature", "id": 536, "geometry": {"type": "LineString", "coordinates": [[107336.12900000066, 458962.28400000185], [107338.2650000006, 458965.5879999995], [107341.85200000182, 458966.1570000015]]}, "properties": {"Datum": "20190520", "Van_knpnr": "F07743", "Naar_knpnr": "A9967", "Strengnr": 1, "Offset": 0, "Strengtype": "inzamelriool", "Afvoertype": "vuilwater gs", "Jaar": "0", "Jaar_recon": "0", "Materiaal": "pvc klasse 34 sn8", "Vorm": "rond", "Voeg": "mof-spie", "Grondslag": "onbekend", "Fundatie": "onbekend", "VanBobpeil": "", "NarBobpeil": "", "Straat": "\"steekterweg, alphen aan den rijn\"", "Straattype": "onbekend", "Verh_type": "onbekend", "Breedte": 125, "Hoogte": 125, "BodemBrdt": 4, "Lengte": 6.90999985, "Gebied": "steekterweg gs", "Inspectie": "", "JaarVerv": "0", "Beslismodl": "Geen beoordeling", "Beoordeeld": "0000", "Tactisch": 7, "Act_Direct": 0, "Act_In_5Y": 0, "Act_In_10Y": 0, "Geen_actie": 0, "Niet_beord": 6.91, "Operationl": 0, "Project": "", "APM": 0, "APV": "", "Kosten": 775.23, "Opmerking": "", "Tekening": "onbekend", "OBJ_ID": "64d4252a1eb645b9a1d79be54e6c14bf", "OBJECTID": 536, "Shape_Length": 7.566174237466797}}, {"type": "Feature", "id": 537, "geometry": {"type": "LineString", "coordinates": [[107336.12900000066, 458962.28400000185], [107341.59099999815, 458958.88699999824]]}, "properties": {"Datum": "20190520", "Van_knpnr": "F07743", "Naar_knpnr": "AO0716", "Strengnr": 1, "Offset": 0, "Strengtype": "inzamelriool", "Afvoertype": "vuilwater gs", "Jaar": "0", "Jaar_recon": "0", "Materiaal": "pvc klasse 34 sn8", "Vorm": "rond", "Voeg": "mof-spie", "Grondslag": "onbekend", "Fundatie": "onbekend", "VanBobpeil": "", "NarBobpeil": "", "Straat": "\"steekterweg, alphen aan den rijn\"", "Straattype": "onbekend", "Verh_type": "onbekend", "Breedte": 125, "Hoogte": 125, "BodemBrdt": 4, "Lengte": 6.42999983, "Gebied": "steekterweg gs", "Inspectie": "", "JaarVerv": "0", "Beslismodl": "Geen beoordeling", "Beoordeeld": "0000", "Tactisch": 7, "Act_Direct": 0, "Act_In_5Y": 0, "Act_In_10Y": 0, "Geen_actie": 0, "Niet_beord": 6.43, "Operationl": 0, "Project": "", "APM": 0, "APV": "", "Kosten": 721.38, "Opmerking": "", "Tekening": "onbekend", "OBJ_ID": "0c04c6f8bb114110aab585a1f0302b3e", "OBJECTID": 537, "Shape_Length": 6.43218881852458}}, {"type": "Feature", "id": 538, "geometry": {"type": "LineString", "coordinates": [[107276.31700000167, 458958.61400000006], [107276.05099999905, 458958.11100000143]]}, "properties": {"Datum": "20190520", "Van_knpnr": "F07744", "Naar_knpnr": "AO0721", "Strengnr": 1, "Offset": 0, "Strengtype": "inzamelriool", "Afvoertype": "vuilwater gs", "Jaar": "0", "Jaar_recon": "0", "Materiaal": "pvc klasse 34 sn8", "Vorm": "rond", "Voeg": "mof-spie", "Grondslag": "onbekend", "Fundatie": "onbekend", "VanBobpeil": "", "NarBobpeil": "", "Straat": "\"steekterweg, alphen aan den rijn\"", "Straattype": "onbekend", "Verh_type": "onbekend", "Breedte": 160, "Hoogte": 160, "BodemBrdt": 5, "Lengte": 0.569999993, "Gebied": "steekterweg gs", "Inspectie": "", "JaarVerv": "0", "Beslismodl": "Geen beoordeling", "Beoordeeld": "0000", "Tactisch": 7, "Act_Direct": 0, "Act_In_5Y": 0, "Act_In_10Y": 0, "Geen_actie": 0, "Niet_beord": 0.57, "Operationl": 0, "Project": "", "APM": 0, "APV": "", "Kosten": 67.23, "Opmerking": "", "Tekening": "onbekend", "OBJ_ID": "8158b9a587944675b9497b976074a462", "OBJECTID": 538, "Shape_Length": 0.5690035149417737}}, {"type": "Feature", "id": 539, "geometry": {"type": "LineString", "coordinates": [[107276.77199999988, 458959.4059999995], [107276.31700000167, 458958.61400000006]]}, "properties": {"Datum": "20190520", "Van_knpnr": "F07745", "Naar_knpnr": "F07744", "Strengnr": 1, "Offset": 0, "Strengtype": "inzamelriool", "Afvoertype": "vuilwater gs", "Jaar": "0", "Jaar_recon": "0", "Materiaal": "pvc klasse 34 sn8", "Vorm": "rond", "Voeg": "mof-spie", "Grondslag": "onbekend", "Fundatie": "onbekend", "VanBobpeil": "", "NarBobpeil": "", "Straat": "\"steekterweg, alphen aan den rijn\"", "Straattype": "onbekend", "Verh_type": "onbekend", "Breedte": 160, "Hoogte": 160, "BodemBrdt": 5, "Lengte": 0.910000026, "Gebied": "steekterweg gs", "Inspectie": "", "JaarVerv": "0", "Beslismodl": "Geen beoordeling", "Beoordeeld": "0000", "Tactisch": 7, "Act_Direct": 0, "Act_In_5Y": 0, "Act_In_10Y": 0, "Geen_actie": 0, "Niet_beord": 0.91, "Operationl": 0, "Project": "", "APM": 0, "APV": "", "Kosten": 107.33, "Opmerking": "", "Tekening": "onbekend", "OBJ_ID": "95915aa4ada54e7ba0b1a354d140b92d", "OBJECTID": 539, "Shape_Length": 0.913394218000017}}, {"type": "Feature", "id": 540, "geometry": {"type": "LineString", "coordinates": [[107279.13199999928, 458967.2419999987], [107277.70800000057, 458964.7710000016], [107278.34800000116, 458962.05700000003], [107276.77199999988, 458959.4059999995]]}, "properties": {"Datum": "20190520", "Van_knpnr": "F07746", "Naar_knpnr": "F07745", "Strengnr": 1, "Offset": 0, "Strengtype": "inzamelriool", "Afvoertype": "vuilwater gs", "Jaar": "0", "Jaar_recon": "0", "Materiaal": "pvc klasse 34 sn8", "Vorm": "rond", "Voeg": "mof-spie", "Grondslag": "onbekend", "Fundatie": "onbekend", "VanBobpeil": "", "NarBobpeil": "", "Straat": "\"steekterweg, alphen aan den rijn\"", "Straattype": "onbekend", "Verh_type": "onbekend", "Breedte": 160, "Hoogte": 160, "BodemBrdt": 5, "Lengte": 8.18000031, "Gebied": "steekterweg gs", "Inspectie": "", "JaarVerv": "0", "Beslismodl": "Geen beoordeling", "Beoordeeld": "0000", "Tactisch": 7, "Act_Direct": 0, "Act_In_5Y": 0, "Act_In_10Y": 0, "Geen_actie": 0, "Niet_beord": 8.18, "Operationl": 0, "Project": "", "APM": 0, "APV": "", "Kosten": 964.75, "Opmerking": "", "Tekening": "onbekend", "OBJ_ID": "cde98a887109434289f9fc5ca4edb0db", "OBJECTID": 540, "Shape_Length": 8.724473857747416}}, {"type": "Feature", "id": 541, "geometry": {"type": "LineString", "coordinates": [[107181.55799999833, 459034.94200000167], [107181.54600000009, 459034.8189999983]]}, "properties": {"Datum": "20190520", "Van_knpnr": "F07751", "Naar_knpnr": "AO0729", "Strengnr": 1, "Offset": 0, "Strengtype": "inzamelriool", "Afvoertype": "vuilwater gs", "Jaar": "0", "Jaar_recon": "0", "Materiaal": "pvc klasse 34 sn8", "Vorm": "rond", "Voeg": "mof-spie", "Grondslag": "onbekend", "Fundatie": "onbekend", "VanBobpeil": "", "NarBobpeil": "", "Straat": "\"steekterweg, alphen aan den rijn\"", "Straattype": "onbekend", "Verh_type": "onbekend", "Breedte": 160, "Hoogte": 160, "BodemBrdt": 5, "Lengte": 0.119999997, "Gebied": "steekterweg gs", "Inspectie": "", "JaarVerv": "0", "Beslismodl": "Geen beoordeling", "Beoordeeld": "0000", "Tactisch": 7, "Act_Direct": 0, "Act_In_5Y": 0, "Act_In_10Y": 0, "Geen_actie": 0, "Niet_beord": 0.12, "Operationl": 0, "Project": "", "APM": 0, "APV": "", "Kosten": 14.15, "Opmerking": "", "Tekening": "onbekend", "OBJ_ID": "7086d4a3482c49f58456df68cb5f14e0", "OBJECTID": 541, "Shape_Length": 0.12358398275495193}}, {"type": "Feature", "id": 542, "geometry": {"type": "LineString", "coordinates": [[107181.55799999833, 459034.94200000167], [107179.25699999928, 459035.38800000027]]}, "properties": {"Datum": "20190520", "Van_knpnr": "F07751", "Naar_knpnr": "AO0730", "Strengnr": 1, "Offset": 0, "Strengtype": "inzamelriool", "Afvoertype": "vuilwater gs", "Jaar": "0", "Jaar_recon": "0", "Materiaal": "pvc klasse 34 sn8", "Vorm": "rond", "Voeg": "mof-spie", "Grondslag": "onbekend", "Fundatie": "onbekend", "VanBobpeil": "", "NarBobpeil": "", "Straat": "\"steekterweg, alphen aan den rijn\"", "Straattype": "onbekend", "Verh_type": "onbekend", "Breedte": 160, "Hoogte": 160, "BodemBrdt": 5, "Lengte": 2.33999991, "Gebied": "steekterweg gs", "Inspectie": "", "JaarVerv": "0", "Beslismodl": "Geen beoordeling", "Beoordeeld": "0000", "Tactisch": 7, "Act_Direct": 0, "Act_In_5Y": 0, "Act_In_10Y": 0, "Geen_actie": 0, "Niet_beord": 2.34, "Operationl": 0, "Project": "", "APM": 0, "APV": "", "Kosten": 275.98, "Opmerking": "", "Tekening": "onbekend", "OBJ_ID": "45a8b88fb4394905a998a6eedf3b9a68", "OBJECTID": 542, "Shape_Length": 2.3438252909211807}}, {"type": "Feature", "id": 543, "geometry": {"type": "LineString", "coordinates": [[107185.84600000083, 459034.1099999994], [107181.55799999833, 459034.94200000167]]}, "properties": {"Datum": "20190520", "Van_knpnr": "F07752", "Naar_knpnr": "F07751", "Strengnr": 1, "Offset": 0, "Strengtype": "inzamelriool", "Afvoertype": "vuilwater gs", "Jaar": "0", "Jaar_recon": "0", "Materiaal": "pvc klasse 34 sn8", "Vorm": "rond", "Voeg": "mof-spie", "Grondslag": "onbekend", "Fundatie": "onbekend", "VanBobpeil": "", "NarBobpeil": "", "Straat": "\"steekterweg, alphen aan den rijn\"", "Straattype": "onbekend", "Verh_type": "onbekend", "Breedte": 160, "Hoogte": 160, "BodemBrdt": 5, "Lengte": 4.36999989, "Gebied": "steekterweg gs", "Inspectie": "", "JaarVerv": "0", "Beslismodl": "Geen beoordeling", "Beoordeeld": "0000", "Tactisch": 7, "Act_Direct": 0, "Act_In_5Y": 0, "Act_In_10Y": 0, "Geen_actie": 0, "Niet_beord": 4.37, "Operationl": 0, "Project": "", "APM": 0, "APV": "", "Kosten": 515.4, "Opmerking": "", "Tekening": "onbekend", "OBJ_ID": "e146adff90cb4644abd3b6d24955dd0e", "OBJECTID": 543, "Shape_Length": 4.367970698761387}}, {"type": "Feature", "id": 544, "geometry": {"type": "LineString", "coordinates": [[107191.22300000116, 459032.96499999985], [107185.84600000083, 459034.1099999994]]}, "properties": {"Datum": "20190520", "Van_knpnr": "F07753", "Naar_knpnr": "F07752", "Strengnr": 1, "Offset": 0, "Strengtype": "inzamelriool", "Afvoertype": "vuilwater gs", "Jaar": "0", "Jaar_recon": "0", "Materiaal": "pvc klasse 34 sn8", "Vorm": "rond", "Voeg": "mof-spie", "Grondslag": "onbekend", "Fundatie": "onbekend", "VanBobpeil": "", "NarBobpeil": "", "Straat": "\"steekterweg, alphen aan den rijn\"", "Straattype": "onbekend", "Verh_type": "onbekend", "Breedte": 160, "Hoogte": 160, "BodemBrdt": 5, "Lengte": 5.5, "Gebied": "steekterweg gs", "Inspectie": "", "JaarVerv": "0", "Beslismodl": "Geen beoordeling", "Beoordeeld": "0000", "Tactisch": 7, "Act_Direct": 0, "Act_In_5Y": 0, "Act_In_10Y": 0, "Geen_actie": 0, "Niet_beord": 5.5, "Operationl": 0, "Project": "", "APM": 0, "APV": "", "Kosten": 648.67, "Opmerking": "", "Tekening": "onbekend", "OBJ_ID": "4773136e0eeb494a8ec001f87f48d257", "OBJECTID": 544, "Shape_Length": 5.497558913054204}}, {"type": "Feature", "id": 545, "geometry": {"type": "LineString", "coordinates": [[107070.1950000003, 459037.01900000125], [107070.20199999958, 459037.24599999934], [107050.87799999863, 459038.36100000143], [107051.04800000042, 459042.44099999964]]}, "properties": {"Datum": "20190520", "Van_knpnr": "F07755", "Naar_knpnr": "A10007", "Strengnr": 1, "Offset": 0, "Strengtype": "inzamelriool", "Afvoertype": "vuilwater gs", "Jaar": "0", "Jaar_recon": "0", "Materiaal": "pvc klasse 34 sn8", "Vorm": "rond", "Voeg": "mof-spie", "Grondslag": "onbekend", "Fundatie": "onbekend", "VanBobpeil": "", "NarBobpeil": "", "Straat": "\"steekterweg, alphen aan den rijn\"", "Straattype": "onbekend", "Verh_type": "onbekend", "Breedte": 125, "Hoogte": 125, "BodemBrdt": 4, "Lengte": 19.8999996, "Gebied": "steekterweg gs", "Inspectie": "", "JaarVerv": "0", "Beslismodl": "Geen beoordeling", "Beoordeeld": "0000", "Tactisch": 7, "Act_Direct": 0, "Act_In_5Y": 0, "Act_In_10Y": 0, "Geen_actie": 0, "Niet_beord": 19.9, "Operationl": 0, "Project": "", "APM": 0, "APV": "", "Kosten": 2232.58, "Opmerking": "", "Tekening": "onbekend", "OBJ_ID": "12dbce7bf3474612be83c7e08eea0979", "OBJECTID": 545, "Shape_Length": 23.66678920230062}}, {"type": "Feature", "id": 546, "geometry": {"type": "LineString", "coordinates": [[107070.1950000003, 459037.01900000125], [107086.40700000152, 459035.5320000015], [107086.74599999934, 459039.3029999994]]}, "properties": {"Datum": "20190520", "Van_knpnr": "F07755", "Naar_knpnr": "A9998", "Strengnr": 1, "Offset": 0, "Strengtype": "inzamelriool", "Afvoertype": "vuilwater gs", "Jaar": "0", "Jaar_recon": "0", "Materiaal": "pvc klasse 34 sn8", "Vorm": "rond", "Voeg": "mof-spie", "Grondslag": "onbekend", "Fundatie": "onbekend", "VanBobpeil": "", "NarBobpeil": "", "Straat": "\"steekterweg, alphen aan den rijn\"", "Straattype": "onbekend", "Verh_type": "onbekend", "Breedte": 125, "Hoogte": 125, "BodemBrdt": 4, "Lengte": 16.7099991, "Gebied": "steekterweg gs", "Inspectie": "", "JaarVerv": "0", "Beslismodl": "Geen beoordeling", "Beoordeeld": "0000", "Tactisch": 7, "Act_Direct": 0, "Act_In_5Y": 0, "Act_In_10Y": 0, "Geen_actie": 0, "Niet_beord": 16.71, "Operationl": 0, "Project": "", "APM": 0, "APV": "", "Kosten": 1874.69, "Opmerking": "", "Tekening": "onbekend", "OBJ_ID": "b5c6db8f3ae34fb5af8f9d77ad23388e", "OBJECTID": 546, "Shape_Length": 20.066259418272047}}, {"type": "Feature", "id": 547, "geometry": {"type": "LineString", "coordinates": [[107070.1950000003, 459037.01900000125], [107070.01300000027, 459035.98099999875]]}, "properties": {"Datum": "20190520", "Van_knpnr": "F07755", "Naar_knpnr": "AP17541", "Strengnr": 1, "Offset": 0, "Strengtype": "inzamelriool", "Afvoertype": "vuilwater gs", "Jaar": "0", "Jaar_recon": "0", "Materiaal": "pvc klasse 34 sn8", "Vorm": "rond", "Voeg": "mof-spie", "Grondslag": "onbekend", "Fundatie": "onbekend", "VanBobpeil": "", "NarBobpeil": "", "Straat": "\"steekterweg, alphen aan den rijn\"", "Straattype": "onbekend", "Verh_type": "onbekend", "Breedte": 125, "Hoogte": 125, "BodemBrdt": 4, "Lengte": 1.04999995, "Gebied": "steekterweg gs", "Inspectie": "", "JaarVerv": "0", "Beslismodl": "Geen beoordeling", "Beoordeeld": "0000", "Tactisch": 7, "Act_Direct": 0, "Act_In_5Y": 0, "Act_In_10Y": 0, "Geen_actie": 0, "Niet_beord": 1.05, "Operationl": 0, "Project": "", "APM": 0, "APV": "", "Kosten": 117.8, "Opmerking": "", "Tekening": "onbekend", "OBJ_ID": "63806bdc91dc41c69ad3ad22633c6414", "OBJECTID": 547, "Shape_Length": 1.0538349041514503}}, {"type": "Feature", "id": 548, "geometry": {"type": "LineString", "coordinates": [[107015.90700000152, 459039.32400000095], [107015.92199999839, 459043.44099999964]]}, "properties": {"Datum": "20190520", "Van_knpnr": "F07756", "Naar_knpnr": "A10009", "Strengnr": 1, "Offset": 0, "Strengtype": "inzamelriool", "Afvoertype": "vuilwater gs", "Jaar": "0", "Jaar_recon": "0", "Materiaal": "pvc klasse 34 sn8", "Vorm": "rond", "Voeg": "mof-spie", "Grondslag": "onbekend", "Fundatie": "onbekend", "VanBobpeil": "", "NarBobpeil": "", "Straat": "\"steekterweg, alphen aan den rijn\"", "Straattype": "onbekend", "Verh_type": "onbekend", "Breedte": 125, "Hoogte": 125, "BodemBrdt": 4, "Lengte": 4.11999989, "Gebied": "steekterweg gs", "Inspectie": "", "JaarVerv": "0", "Beslismodl": "Geen beoordeling", "Beoordeeld": "0000", "Tactisch": 7, "Act_Direct": 0, "Act_In_5Y": 0, "Act_In_10Y": 0, "Geen_actie": 0, "Niet_beord": 4.12, "Operationl": 0, "Project": "", "APM": 0, "APV": "", "Kosten": 462.22, "Opmerking": "", "Tekening": "onbekend", "OBJ_ID": "9dab8574b8c54e4785bc8ad63c003c24", "OBJECTID": 548, "Shape_Length": 4.117027324309236}}, {"type": "Feature", "id": 549, "geometry": {"type": "LineString", "coordinates": [[107015.90700000152, 459039.32400000095], [106994.4849999994, 459039.31500000134]]}, "properties": {"Datum": "20190520", "Van_knpnr": "F07756", "Naar_knpnr": "F07759", "Strengnr": 1, "Offset": 0, "Strengtype": "inzamelriool", "Afvoertype": "vuilwater gs", "Jaar": "0", "Jaar_recon": "0", "Materiaal": "pvc klasse 34 sn8", "Vorm": "rond", "Voeg": "mof-spie", "Grondslag": "onbekend", "Fundatie": "onbekend", "VanBobpeil": "", "NarBobpeil": "", "Straat": "\"steekterweg, alphen aan den rijn\"", "Straattype": "onbekend", "Verh_type": "onbekend", "Breedte": 125, "Hoogte": 125, "BodemBrdt": 4, "Lengte": 21.4200001, "Gebied": "steekterweg gs", "Inspectie": "", "JaarVerv": "0", "Beslismodl": "Geen beoordeling", "Beoordeeld": "0000", "Tactisch": 7, "Act_Direct": 0, "Act_In_5Y": 0, "Act_In_10Y": 0, "Geen_actie": 0, "Niet_beord": 21.42, "Operationl": 0, "Project": "", "APM": 0, "APV": "", "Kosten": 2403.11, "Opmerking": "", "Tekening": "onbekend", "OBJ_ID": "93819b4a839841979eb62c38db4c15e8", "OBJECTID": 549, "Shape_Length": 21.422001892695498}}, {"type": "Feature", "id": 550, "geometry": {"type": "LineString", "coordinates": [[106991.84299999848, 459039.2270000018], [106991.45600000024, 459040.02899999917], [106979.29500000179, 459039.7829999998], [106978.73999999836, 459040.25499999896], [106978.76099999994, 459042.4699999988]]}, "properties": {"Datum": "20190520", "Van_knpnr": "F07757", "Naar_knpnr": "AO0735", "Strengnr": 1, "Offset": 0, "Strengtype": "inzamelriool", "Afvoertype": "vuilwater gs", "Jaar": "0", "Jaar_recon": "0", "Materiaal": "pvc klasse 34 sn8", "Vorm": "rond", "Voeg": "mof-spie", "Grondslag": "onbekend", "Fundatie": "onbekend", "VanBobpeil": "", "NarBobpeil": "", "Straat": "\"steekterweg, alphen aan den rijn\"", "Straattype": "onbekend", "Verh_type": "onbekend", "Breedte": 125, "Hoogte": 125, "BodemBrdt": 4, "Lengte": 13.4799995, "Gebied": "steekterweg gs", "Inspectie": "", "JaarVerv": "0", "Beslismodl": "Geen beoordeling", "Beoordeeld": "0000", "Tactisch": 7, "Act_Direct": 0, "Act_In_5Y": 0, "Act_In_10Y": 0, "Geen_actie": 0, "Niet_beord": 13.48, "Operationl": 0, "Project": "", "APM": 0, "APV": "", "Kosten": 1512.32, "Opmerking": "", "Tekening": "INPA070748_001 REV TOTAA", "OBJ_ID": "e777222e9b034552882f2d08db20f77b", "OBJECTID": 550, "Shape_Length": 15.997644121690747}}, {"type": "Feature", "id": 551, "geometry": {"type": "LineString", "coordinates": [[106991.84299999848, 459039.2270000018], [106991.625, 459038.73699999973]]}, "properties": {"Datum": "20190520", "Van_knpnr": "F07757", "Naar_knpnr": "AP17543", "Strengnr": 1, "Offset": 0, "Strengtype": "inzamelriool", "Afvoertype": "vuilwater gs", "Jaar": "0", "Jaar_recon": "0", "Materiaal": "pvc klasse 34 sn8", "Vorm": "rond", "Voeg": "mof-spie", "Grondslag": "onbekend", "Fundatie": "onbekend", "VanBobpeil": "", "NarBobpeil": "", "Straat": "\"steekterweg, alphen aan den rijn\"", "Straattype": "onbekend", "Verh_type": "onbekend", "Breedte": 125, "Hoogte": 125, "BodemBrdt": 4, "Lengte": 0.540000021, "Gebied": "steekterweg gs", "Inspectie": "", "JaarVerv": "0", "Beslismodl": "Geen beoordeling", "Beoordeeld": "0000", "Tactisch": 7, "Act_Direct": 0, "Act_In_5Y": 0, "Act_In_10Y": 0, "Geen_actie": 0, "Niet_beord": 0.54, "Operationl": 0, "Project": "", "APM": 0, "APV": "", "Kosten": 60.58, "Opmerking": "", "Tekening": "onbekend", "OBJ_ID": "b71ae1c2916044cab0083e9646e2414f", "OBJECTID": 551, "Shape_Length": 0.5363058841573108}}, {"type": "Feature", "id": 552, "geometry": {"type": "LineString", "coordinates": [[107043.0700000003, 459045.2710000016], [107043.0150000006, 459043.8759999983], [107041.97599999979, 459042.881000001], [107038.48099999875, 459042.9120000005]]}, "properties": {"Datum": "20190520", "Van_knpnr": "F07758", "Naar_knpnr": "A10008", "Strengnr": 1, "Offset": 0, "Strengtype": "inzamelriool", "Afvoertype": "vuilwater gs", "Jaar": "0", "Jaar_recon": "0", "Materiaal": "pvc klasse 34 sn8", "Vorm": "rond", "Voeg": "mof-spie", "Grondslag": "onbekend", "Fundatie": "onbekend", "VanBobpeil": "", "NarBobpeil": "", "Straat": "\"steekterweg, alphen aan den rijn\"", "Straattype": "onbekend", "Verh_type": "onbekend", "Breedte": 125, "Hoogte": 125, "BodemBrdt": 4, "Lengte": 5.15999985, "Gebied": "steekterweg gs", "Inspectie": "", "JaarVerv": "0", "Beslismodl": "Geen beoordeling", "Beoordeeld": "0000", "Tactisch": 7, "Act_Direct": 0, "Act_In_5Y": 0, "Act_In_10Y": 0, "Geen_actie": 0, "Niet_beord": 5.16, "Operationl": 0, "Project": "", "APM": 0, "APV": "", "Kosten": 578.9, "Opmerking": "", "Tekening": "onbekend", "OBJ_ID": "1dbaa9c3e9a647a3896757a421d3d8b7", "OBJECTID": 552, "Shape_Length": 6.329812963249671}}, {"type": "Feature", "id": 553, "geometry": {"type": "LineString", "coordinates": [[106994.4849999994, 459039.31500000134], [106994.57999999821, 459043.2820000015]]}, "properties": {"Datum": "20190520", "Van_knpnr": "F07759", "Naar_knpnr": "A10010", "Strengnr": 1, "Offset": 0, "Strengtype": "inzamelriool", "Afvoertype": "vuilwater gs", "Jaar": "0", "Jaar_recon": "0", "Materiaal": "pvc klasse 34 sn8", "Vorm": "rond", "Voeg": "mof-spie", "Grondslag": "onbekend", "Fundatie": "onbekend", "VanBobpeil": "", "NarBobpeil": "", "Straat": "\"steekterweg, alphen aan den rijn\"", "Straattype": "onbekend", "Verh_type": "onbekend", "Breedte": 125, "Hoogte": 125, "BodemBrdt": 4, "Lengte": 3.97000003, "Gebied": "steekterweg gs", "Inspectie": "", "JaarVerv": "0", "Beslismodl": "Geen beoordeling", "Beoordeeld": "0000", "Tactisch": 7, "Act_Direct": 0, "Act_In_5Y": 0, "Act_In_10Y": 0, "Geen_actie": 0, "Niet_beord": 3.97, "Operationl": 0, "Project": "", "APM": 0, "APV": "", "Kosten": 445.39, "Opmerking": "", "Tekening": "onbekend", "OBJ_ID": "ec7059b4ab6f44b09eb6c0cc9453b613", "OBJECTID": 553, "Shape_Length": 3.9681373465635246}}, {"type": "Feature", "id": 554, "geometry": {"type": "LineString", "coordinates": [[106994.4849999994, 459039.31500000134], [106991.84299999848, 459039.2270000018]]}, "properties": {"Datum": "20190520", "Van_knpnr": "F07759", "Naar_knpnr": "F07757", "Strengnr": 1, "Offset": 0, "Strengtype": "inzamelriool", "Afvoertype": "vuilwater gs", "Jaar": "0", "Jaar_recon": "0", "Materiaal": "pvc klasse 34 sn8", "Vorm": "rond", "Voeg": "mof-spie", "Grondslag": "onbekend", "Fundatie": "onbekend", "VanBobpeil": "", "NarBobpeil": "", "Straat": "\"steekterweg, alphen aan den rijn\"", "Straattype": "onbekend", "Verh_type": "onbekend", "Breedte": 125, "Hoogte": 125, "BodemBrdt": 4, "Lengte": 2.6400001, "Gebied": "steekterweg gs", "Inspectie": "", "JaarVerv": "0", "Beslismodl": "Geen beoordeling", "Beoordeeld": "0000", "Tactisch": 7, "Act_Direct": 0, "Act_In_5Y": 0, "Act_In_10Y": 0, "Geen_actie": 0, "Niet_beord": 2.64, "Operationl": 0, "Project": "", "APM": 0, "APV": "", "Kosten": 296.18, "Opmerking": "", "Tekening": "onbekend", "OBJ_ID": "16d6ad9287f24ee6ad2033f75a72d280", "OBJECTID": 554, "Shape_Length": 2.6434651510465987}}, {"type": "Feature", "id": 555, "geometry": {"type": "LineString", "coordinates": [[106952.20800000057, 459040.29100000113], [106952.01999999955, 459039.2899999991]]}, "properties": {"Datum": "20190520", "Van_knpnr": "F07760", "Naar_knpnr": "AP17544", "Strengnr": 1, "Offset": 0, "Strengtype": "inzamelriool", "Afvoertype": "vuilwater gs", "Jaar": "0", "Jaar_recon": "0", "Materiaal": "pvc klasse 34 sn8", "Vorm": "rond", "Voeg": "mof-spie", "Grondslag": "onbekend", "Fundatie": "onbekend", "VanBobpeil": "", "NarBobpeil": "", "Straat": "\"steekterweg, alphen aan den rijn\"", "Straattype": "onbekend", "Verh_type": "onbekend", "Breedte": 160, "Hoogte": 160, "BodemBrdt": 5, "Lengte": 1.01999998, "Gebied": "steekterweg gs", "Inspectie": "", "JaarVerv": "0", "Beslismodl": "Geen beoordeling", "Beoordeeld": "0000", "Tactisch": 7, "Act_Direct": 0, "Act_In_5Y": 0, "Act_In_10Y": 0, "Geen_actie": 0, "Niet_beord": 1.02, "Operationl": 0, "Project": "", "APM": 0, "APV": "", "Kosten": 120.3, "Opmerking": "", "Tekening": "INPA070748_001 REV TOTAA", "OBJ_ID": "d52c2fd849174934ab1442b04aeb5c17", "OBJECTID": 555, "Shape_Length": 1.0185013522024218}}, {"type": "Feature", "id": 556, "geometry": {"type": "LineString", "coordinates": [[106952.20800000057, 459040.29100000113], [106952.05600000173, 459040.44099999964], [106942.95199999958, 459040.4149999991]]}, "properties": {"Datum": "20190520", "Van_knpnr": "F07760", "Naar_knpnr": "F07761", "Strengnr": 1, "Offset": 0, "Strengtype": "inzamelriool", "Afvoertype": "vuilwater gs", "Jaar": "0", "Jaar_recon": "0", "Materiaal": "pvc klasse 34 sn8", "Vorm": "rond", "Voeg": "mof-spie", "Grondslag": "onbekend", "Fundatie": "onbekend", "VanBobpeil": "", "NarBobpeil": "", "Straat": "\"steekterweg, alphen aan den rijn\"", "Straattype": "onbekend", "Verh_type": "onbekend", "Breedte": 160, "Hoogte": 160, "BodemBrdt": 5, "Lengte": 9.26000023, "Gebied": "steekterweg gs", "Inspectie": "", "JaarVerv": "0", "Beslismodl": "Geen beoordeling", "Beoordeeld": "0000", "Tactisch": 7, "Act_Direct": 0, "Act_In_5Y": 0, "Act_In_10Y": 0, "Geen_actie": 0, "Niet_beord": 9.26, "Operationl": 0, "Project": "", "APM": 0, "APV": "", "Kosten": 1092.12, "Opmerking": "", "Tekening": "onbekend", "OBJ_ID": "e096c6ab5b6141268e180398ccea6d37", "OBJECTID": 556, "Shape_Length": 9.317588057428777}}, {"type": "Feature", "id": 557, "geometry": {"type": "LineString", "coordinates": [[106942.95199999958, 459040.4149999991], [106942.97300000116, 459042.3990000002]]}, "properties": {"Datum": "20190520", "Van_knpnr": "F07761", "Naar_knpnr": "AO0737", "Strengnr": 1, "Offset": 0, "Strengtype": "inzamelriool", "Afvoertype": "vuilwater gs", "Jaar": "0", "Jaar_recon": "0", "Materiaal": "pvc klasse 34 sn8", "Vorm": "rond", "Voeg": "mof-spie", "Grondslag": "onbekend", "Fundatie": "onbekend", "VanBobpeil": "", "NarBobpeil": "", "Straat": "\"steekterweg, alphen aan den rijn\"", "Straattype": "onbekend", "Verh_type": "onbekend", "Breedte": 125, "Hoogte": 125, "BodemBrdt": 4, "Lengte": 1.98000002, "Gebied": "steekterweg gs", "Inspectie": "", "JaarVerv": "0", "Beslismodl": "Geen beoordeling", "Beoordeeld": "0000", "Tactisch": 7, "Act_Direct": 0, "Act_In_5Y": 0, "Act_In_10Y": 0, "Geen_actie": 0, "Niet_beord": 1.98, "Operationl": 0, "Project": "", "APM": 0, "APV": "", "Kosten": 222.14, "Opmerking": "", "Tekening": "onbekend", "OBJ_ID": "da2802177b8645ae87ebf2874862609b", "OBJECTID": 557, "Shape_Length": 1.984111137119541}}, {"type": "Feature", "id": 558, "geometry": {"type": "LineString", "coordinates": [[106942.95199999958, 459040.4149999991], [106935.10599999875, 459040.3520000018], [106934.30600000173, 459041.1490000002], [106934.31599999964, 459042.3779999986]]}, "properties": {"Datum": "20190520", "Van_knpnr": "F07761", "Naar_knpnr": "AO0738", "Strengnr": 1, "Offset": 0, "Strengtype": "inzamelriool", "Afvoertype": "vuilwater gs", "Jaar": "0", "Jaar_recon": "0", "Materiaal": "pvc klasse 34 sn8", "Vorm": "rond", "Voeg": "mof-spie", "Grondslag": "onbekend", "Fundatie": "onbekend", "VanBobpeil": "", "NarBobpeil": "", "Straat": "\"steekterweg, alphen aan den rijn\"", "Straattype": "onbekend", "Verh_type": "onbekend", "Breedte": 125, "Hoogte": 125, "BodemBrdt": 4, "Lengte": 8.85999966, "Gebied": "steekterweg gs", "Inspectie": "", "JaarVerv": "0", "Beslismodl": "Geen beoordeling", "Beoordeeld": "0000", "Tactisch": 7, "Act_Direct": 0, "Act_In_5Y": 0, "Act_In_10Y": 0, "Geen_actie": 0, "Niet_beord": 8.86, "Operationl": 0, "Project": "", "APM": 0, "APV": "", "Kosten": 994, "Opmerking": "", "Tekening": "onbekend", "OBJ_ID": "be378ffe993b40008664ab1fb73f5cb4", "OBJECTID": 558, "Shape_Length": 10.204545128158406}}, {"type": "Feature", "id": 559, "geometry": {"type": "LineString", "coordinates": [[106963.22100000083, 459042.12999999896], [106963.23099999875, 459041.05999999866], [106962.7490000017, 459040.58399999887], [106956.50699999928, 459040.5949999988]]}, "properties": {"Datum": "20190520", "Van_knpnr": "F07762", "Naar_knpnr": "AO0736", "Strengnr": 1, "Offset": 0, "Strengtype": "particulier riool", "Afvoertype": "vuilwater gs", "Jaar": "0", "Jaar_recon": "0", "Materiaal": "pvc klasse 34 sn8", "Vorm": "rond", "Voeg": "mof-spie", "Grondslag": "onbekend", "Fundatie": "onbekend", "VanBobpeil": "", "NarBobpeil": "", "Straat": "\"steekterweg, alphen aan den rijn\"", "Straattype": "onbekend", "Verh_type": "onbekend", "Breedte": 160, "Hoogte": 160, "BodemBrdt": 5, "Lengte": 6.88999987, "Gebied": "steekterweg gs", "Inspectie": "", "JaarVerv": "0", "Beslismodl": "Geen beoordeling", "Beoordeeld": "0000", "Tactisch": 7, "Act_Direct": 0, "Act_In_5Y": 0, "Act_In_10Y": 0, "Geen_actie": 0, "Niet_beord": 6.89, "Operationl": 0, "Project": "", "APM": 0, "APV": "", "Kosten": 812.61, "Opmerking": "", "Tekening": "onbekend", "OBJ_ID": "b1145026dde342639a37cd7c27b05323", "OBJECTID": 559, "Shape_Length": 7.9894780029745}}, {"type": "Feature", "id": 560, "geometry": {"type": "LineString", "coordinates": [[106905.63500000164, 459040.4299999997], [106914.19000000134, 459040.25400000066]]}, "properties": {"Datum": "20190520", "Van_knpnr": "F07763", "Naar_knpnr": "F07764", "Strengnr": 1, "Offset": 0, "Strengtype": "inzamelriool", "Afvoertype": "vuilwater gs", "Jaar": "0", "Jaar_recon": "0", "Materiaal": "pvc klasse 34 sn8", "Vorm": "rond", "Voeg": "mof-spie", "Grondslag": "onbekend", "Fundatie": "onbekend", "VanBobpeil": "", "NarBobpeil": "", "Straat": "\"steekterweg, alphen aan den rijn\"", "Straattype": "onbekend", "Verh_type": "onbekend", "Breedte": 160, "Hoogte": 160, "BodemBrdt": 5, "Lengte": 8.56000042, "Gebied": "steekterweg gs", "Inspectie": "", "JaarVerv": "0", "Beslismodl": "Geen beoordeling", "Beoordeeld": "0000", "Tactisch": 7, "Act_Direct": 0, "Act_In_5Y": 0, "Act_In_10Y": 0, "Geen_actie": 0, "Niet_beord": 8.56, "Operationl": 0, "Project": "", "APM": 0, "APV": "", "Kosten": 1009.57, "Opmerking": "", "Tekening": "onbekend", "OBJ_ID": "c18f2a50c3d84b7c9853381831a85511", "OBJECTID": 560, "Shape_Length": 8.556810211437737}}, {"type": "Feature", "id": 561, "geometry": {"type": "LineString", "coordinates": [[106914.19000000134, 459040.25400000066], [106916.44299999997, 459040.1959999986]]}, "properties": {"Datum": "20190520", "Van_knpnr": "F07764", "Naar_knpnr": "F07765", "Strengnr": 1, "Offset": 0, "Strengtype": "inzamelriool", "Afvoertype": "vuilwater gs", "Jaar": "0", "Jaar_recon": "0", "Materiaal": "pvc klasse 34 sn8", "Vorm": "rond", "Voeg": "mof-spie", "Grondslag": "onbekend", "Fundatie": "onbekend", "VanBobpeil": "", "NarBobpeil": "", "Straat": "\"steekterweg, alphen aan den rijn\"", "Straattype": "onbekend", "Verh_type": "onbekend", "Breedte": 160, "Hoogte": 160, "BodemBrdt": 5, "Lengte": 2.25, "Gebied": "steekterweg gs", "Inspectie": "", "JaarVerv": "0", "Beslismodl": "Geen beoordeling", "Beoordeeld": "0000", "Tactisch": 7, "Act_Direct": 0, "Act_In_5Y": 0, "Act_In_10Y": 0, "Geen_actie": 0, "Niet_beord": 2.25, "Operationl": 0, "Project": "", "APM": 0, "APV": "", "Kosten": 265.36, "Opmerking": "", "Tekening": "onbekend", "OBJ_ID": "8ea8057431874a1abc37d1cb4969be36", "OBJECTID": 561, "Shape_Length": 2.2537464351743814}}, {"type": "Feature", "id": 562, "geometry": {"type": "LineString", "coordinates": [[106883.99300000072, 459039.8060000017], [106885.26099999994, 459039.7950000018], [106885.85399999842, 459040.2969999984], [106886.07999999821, 459043.2280000001]]}, "properties": {"Datum": "20190520", "Van_knpnr": "F07766", "Naar_knpnr": "AO0743", "Strengnr": 1, "Offset": 0, "Strengtype": "inzamelriool", "Afvoertype": "vuilwater gs", "Jaar": "0", "Jaar_recon": "0", "Materiaal": "pvc klasse 34 sn8", "Vorm": "rond", "Voeg": "mof-spie", "Grondslag": "onbekend", "Fundatie": "onbekend", "VanBobpeil": "", "NarBobpeil": "", "Straat": "\"steekterweg, alphen aan den rijn\"", "Straattype": "onbekend", "Verh_type": "onbekend", "Breedte": 160, "Hoogte": 160, "BodemBrdt": 5, "Lengte": 4.01000023, "Gebied": "steekterweg gs", "Inspectie": "", "JaarVerv": "0", "Beslismodl": "Geen beoordeling", "Beoordeeld": "0000", "Tactisch": 7, "Act_Direct": 0, "Act_In_5Y": 0, "Act_In_10Y": 0, "Geen_actie": 0, "Niet_beord": 4.01, "Operationl": 0, "Project": "", "APM": 0, "APV": "", "Kosten": 472.94, "Opmerking": "", "Tekening": "onbekend", "OBJ_ID": "7cc42b489e9a4630af54725d03b4df26", "OBJECTID": 562, "Shape_Length": 4.984698956802486}}, {"type": "Feature", "id": 563, "geometry": {"type": "LineString", "coordinates": [[106883.99300000072, 459039.8060000017], [106884.12099999934, 459043.256000001]]}, "properties": {"Datum": "20190520", "Van_knpnr": "F07766", "Naar_knpnr": "AO0744", "Strengnr": 1, "Offset": 0, "Strengtype": "inzamelriool", "Afvoertype": "vuilwater gs", "Jaar": "0", "Jaar_recon": "0", "Materiaal": "pvc klasse 34 sn8", "Vorm": "rond", "Voeg": "mof-spie", "Grondslag": "onbekend", "Fundatie": "onbekend", "VanBobpeil": "", "NarBobpeil": "", "Straat": "\"steekterweg, alphen aan den rijn\"", "Straattype": "onbekend", "Verh_type": "onbekend", "Breedte": 125, "Hoogte": 125, "BodemBrdt": 4, "Lengte": 3.45000005, "Gebied": "steekterweg gs", "Inspectie": "", "JaarVerv": "0", "Beslismodl": "Geen beoordeling", "Beoordeeld": "0000", "Tactisch": 7, "Act_Direct": 0, "Act_In_5Y": 0, "Act_In_10Y": 0, "Geen_actie": 0, "Niet_beord": 3.45, "Operationl": 0, "Project": "", "APM": 0, "APV": "", "Kosten": 387.06, "Opmerking": "", "Tekening": "onbekend", "OBJ_ID": "488877eb6cab4992becf5e2b8f25b428", "OBJECTID": 563, "Shape_Length": 3.452373675387435}}, {"type": "Feature", "id": 564, "geometry": {"type": "LineString", "coordinates": [[106861.47500000149, 459040.7430000007], [106861.5399999991, 459043.9620000012]]}, "properties": {"Datum": "20190520", "Van_knpnr": "F07767", "Naar_knpnr": "AO0748", "Strengnr": 1, "Offset": 0, "Strengtype": "inzamelriool", "Afvoertype": "vuilwater gs", "Jaar": "0", "Jaar_recon": "0", "Materiaal": "pvc klasse 34 sn8", "Vorm": "rond", "Voeg": "mof-spie", "Grondslag": "onbekend", "Fundatie": "onbekend", "VanBobpeil": "", "NarBobpeil": "", "Straat": "\"steekterweg, alphen aan den rijn\"", "Straattype": "onbekend", "Verh_type": "onbekend", "Breedte": 160, "Hoogte": 160, "BodemBrdt": 5, "Lengte": 3.22000003, "Gebied": "steekterweg gs", "Inspectie": "", "JaarVerv": "0", "Beslismodl": "Geen beoordeling", "Beoordeeld": "0000", "Tactisch": 7, "Act_Direct": 0, "Act_In_5Y": 0, "Act_In_10Y": 0, "Geen_actie": 0, "Niet_beord": 3.22, "Operationl": 0, "Project": "", "APM": 0, "APV": "", "Kosten": 379.77, "Opmerking": "", "Tekening": "onbekend", "OBJ_ID": "94b312296fe04c2fb438357c081fb472", "OBJECTID": 564, "Shape_Length": 3.2196561932839662}}, {"type": "Feature", "id": 565, "geometry": {"type": "LineString", "coordinates": [[106861.47500000149, 459040.7430000007], [106879.69099999964, 459039.6279999986]]}, "properties": {"Datum": "20190520", "Van_knpnr": "F07767", "Naar_knpnr": "AP17547", "Strengnr": 1, "Offset": 0, "Strengtype": "inzamelriool", "Afvoertype": "vuilwater gs", "Jaar": "0", "Jaar_recon": "0", "Materiaal": "pvc klasse 34 sn8", "Vorm": "rond", "Voeg": "mof-spie", "Grondslag": "onbekend", "Fundatie": "onbekend", "VanBobpeil": "", "NarBobpeil": "", "Straat": "\"steekterweg, alphen aan den rijn\"", "Straattype": "onbekend", "Verh_type": "onbekend", "Breedte": 200, "Hoogte": 200, "BodemBrdt": 6, "Lengte": 18.25, "Gebied": "steekterweg gs", "Inspectie": "", "JaarVerv": "0", "Beslismodl": "Geen beoordeling", "Beoordeeld": "0000", "Tactisch": 7, "Act_Direct": 0, "Act_In_5Y": 0, "Act_In_10Y": 0, "Geen_actie": 0, "Niet_beord": 18.25, "Operationl": 0, "Project": "", "APM": 0, "APV": "", "Kosten": 2000.57, "Opmerking": "", "Tekening": "onbekend", "OBJ_ID": "42eb6533fd494620bc44b2b91c0d4926", "OBJECTID": 565, "Shape_Length": 18.250092628185072}}, {"type": "Feature", "id": 566, "geometry": {"type": "LineString", "coordinates": [[106852.30299999937, 459041.04100000113], [106852.43400000036, 459046.44299999997]]}, "properties": {"Datum": "20190520", "Van_knpnr": "F07768", "Naar_knpnr": "AO0746", "Strengnr": 1, "Offset": 0, "Strengtype": "inzamelriool", "Afvoertype": "vuilwater gs", "Jaar": "0", "Jaar_recon": "0", "Materiaal": "pvc klasse 34 sn8", "Vorm": "rond", "Voeg": "mof-spie", "Grondslag": "onbekend", "Fundatie": "onbekend", "VanBobpeil": "", "NarBobpeil": "", "Straat": "\"steekterweg, alphen aan den rijn\"", "Straattype": "onbekend", "Verh_type": "onbekend", "Breedte": 160, "Hoogte": 160, "BodemBrdt": 5, "Lengte": 5.4000001, "Gebied": "steekterweg gs", "Inspectie": "", "JaarVerv": "0", "Beslismodl": "Geen beoordeling", "Beoordeeld": "0000", "Tactisch": 7, "Act_Direct": 0, "Act_In_5Y": 0, "Act_In_10Y": 0, "Geen_actie": 0, "Niet_beord": 5.4, "Operationl": 0, "Project": "", "APM": 0, "APV": "", "Kosten": 636.88, "Opmerking": "", "Tekening": "onbekend", "OBJ_ID": "187b473cb88940b7b34edbad2dc44ae0", "OBJECTID": 566, "Shape_Length": 5.403588158594276}}, {"type": "Feature", "id": 567, "geometry": {"type": "LineString", "coordinates": [[106852.30299999937, 459041.04100000113], [106861.47500000149, 459040.7430000007]]}, "properties": {"Datum": "20190520", "Van_knpnr": "F07768", "Naar_knpnr": "F07767", "Strengnr": 1, "Offset": 0, "Strengtype": "inzamelriool", "Afvoertype": "vuilwater gs", "Jaar": "0", "Jaar_recon": "0", "Materiaal": "pvc klasse 34 sn8", "Vorm": "rond", "Voeg": "mof-spie", "Grondslag": "onbekend", "Fundatie": "onbekend", "VanBobpeil": "", "NarBobpeil": "", "Straat": "\"steekterweg, alphen aan den rijn\"", "Straattype": "onbekend", "Verh_type": "onbekend", "Breedte": 200, "Hoogte": 200, "BodemBrdt": 6, "Lengte": 9.18000031, "Gebied": "steekterweg gs", "Inspectie": "", "JaarVerv": "0", "Beslismodl": "Geen beoordeling", "Beoordeeld": "0000", "Tactisch": 7, "Act_Direct": 0, "Act_In_5Y": 0, "Act_In_10Y": 0, "Geen_actie": 0, "Niet_beord": 9.18, "Operationl": 0, "Project": "", "APM": 0, "APV": "", "Kosten": 1128.59, "Opmerking": "", "Tekening": "onbekend", "OBJ_ID": "1853422d378b4f7a972e7e0f52380d49", "OBJECTID": 567, "Shape_Length": 9.17683976317904}}, {"type": "Feature", "id": 568, "geometry": {"type": "LineString", "coordinates": [[109549.5709999986, 457676.9140000008], [109612.14999999851, 457706.6099999994]]}, "properties": {"Datum": "20190520", "Van_knpnr": "ZM0001", "Naar_knpnr": "ZMR0121", "Strengnr": 2226643, "Offset": 0, "Strengtype": "inzamelriool", "Afvoertype": "hemelwater gs", "Jaar": "1963", "Jaar_recon": "1963", "Materiaal": "beton", "Vorm": "ei", "Voeg": "vaar-moer", "Grondslag": "zware zavel", "Fundatie": "staal", "VanBobpeil": "-1.980", "NarBobpeil": "-1.980", "Straat": "\"spoorlaan, zwammerdam\"", "Straattype": "onbekend", "Verh_type": "onbekend", "Breedte": 400, "Hoogte": 600, "BodemBrdt": 90, "Lengte": 69.2699966, "Gebied": "de burcht gs", "Inspectie": "", "JaarVerv": "0", "Beslismodl": "Geen beoordeling", "Beoordeeld": "0000", "Tactisch": 7, "Act_Direct": 0, "Act_In_5Y": 0, "Act_In_10Y": 0, "Geen_actie": 0, "Niet_beord": 69.27, "Operationl": 0, "Project": "", "APM": 0, "APV": "", "Kosten": 18988.77, "Opmerking": "", "Tekening": "onbekend", "OBJ_ID": "0", "OBJECTID": 568, "Shape_Length": 69.26747907139121}}, {"type": "Feature", "id": 569, "geometry": {"type": "LineString", "coordinates": [[109726.39999999851, 457804.91000000015], [109717.51999999955, 457801.62000000104]]}, "properties": {"Datum": "20190520", "Van_knpnr": "ZM0002", "Naar_knpnr": "ZM0037", "Strengnr": 2225174, "Offset": 0, "Strengtype": "inzamelriool", "Afvoertype": "gemengd", "Jaar": "1958", "Jaar_recon": "1958", "Materiaal": "beton", "Vorm": "rond", "Voeg": "vaar-moer", "Grondslag": "zware zavel", "Fundatie": "staal", "VanBobpeil": "-1.610", "NarBobpeil": "-1.610", "Straat": "\"vinkebuurt, zwammerdam\"", "Straattype": "onbekend", "Verh_type": "onbekend", "Breedte": 300, "Hoogte": 300, "BodemBrdt": 55, "Lengte": 9.47000027, "Gebied": "centrum zwammerdam gem", "Inspectie": "19991108", "JaarVerv": "2069", "Beslismodl": "Geen maatregel", "Beoordeeld": "0000", "Tactisch": 7, "Act_Direct": 0, "Act_In_5Y": 0, "Act_In_10Y": 0, "Geen_actie": 0, "Niet_beord": 9.47, "Operationl": 0, "Project": "", "APM": 0, "APV": "", "Kosten": 2162.57, "Opmerking": "", "Tekening": "onbekend", "OBJ_ID": "9b30479677f84517bb6e51222d8fe4d8", "OBJECTID": 569, "Shape_Length": 9.469873281918396}}, {"type": "Feature", "id": 570, "geometry": {"type": "LineString", "coordinates": [[109684.89900000021, 457741.75], [109690.71599999815, 457744.2430000007]]}, "properties": {"Datum": "20190520", "Van_knpnr": "ZM0004", "Naar_knpnr": "F07256U", "Strengnr": 1, "Offset": 0, "Strengtype": "inzamelriool", "Afvoertype": "hemelwater gs", "Jaar": "2010", "Jaar_recon": "2010", "Materiaal": "beton - pvc", "Vorm": "rond", "Voeg": "onbekend", "Grondslag": "onbekend", "Fundatie": "staal", "VanBobpeil": "-1.500", "NarBobpeil": "", "Straat": "\"buitendorpstraat, zwammerdam\"", "Straattype": "onbekend", "Verh_type": "onbekend", "Breedte": 500, "Hoogte": 500, "BodemBrdt": 140, "Lengte": 6.86000013, "Gebied": "centrum zwammerdam gem", "Inspectie": "", "JaarVerv": "0", "Beslismodl": "Geen beoordeling", "Beoordeeld": "0000", "Tactisch": 7, "Act_Direct": 0, "Act_In_5Y": 0, "Act_In_10Y": 0, "Geen_actie": 0, "Niet_beord": 6.86, "Operationl": 0, "Project": "", "APM": 0, "APV": "", "Kosten": 1837.48, "Opmerking": "", "Tekening": "onbekend", "OBJ_ID": "eb863571a8f644cfa7fef68724f05a06", "OBJECTID": 570, "Shape_Length": 6.328707449364567}}, {"type": "Feature", "id": 571, "geometry": {"type": "LineString", "coordinates": [[109684.69700000063, 457740.9670000002], [109716.5399999991, 457671]]}, "properties": {"Datum": "20190520", "Van_knpnr": "ZM0004", "Naar_knpnr": "ZMR0099", "Strengnr": 1, "Offset": 0, "Strengtype": "inzamelriool", "Afvoertype": "hemelwater gs", "Jaar": "2010", "Jaar_recon": "2010", "Materiaal": "pvc klasse 34 sn8", "Vorm": "rond", "Voeg": "mof-spie", "Grondslag": "zware zavel", "Fundatie": "onbekend", "VanBobpeil": "-1.400", "NarBobpeil": "-1.380", "Straat": "\"buitendorpstraat, zwammerdam\"", "Straattype": "onbekend", "Verh_type": "onbekend", "Breedte": 400, "Hoogte": 400, "BodemBrdt": 12, "Lengte": 77.8799973, "Gebied": "centrum zwammerdam gem", "Inspectie": "", "JaarVerv": "0", "Beslismodl": "Geen beoordeling", "Beoordeeld": "0000", "Tactisch": 7, "Act_Direct": 0, "Act_In_5Y": 0, "Act_In_10Y": 0, "Geen_actie": 0, "Niet_beord": 77.88, "Operationl": 0, "Project": "", "APM": 0, "APV": "", "Kosten": 11315.77, "Opmerking": "Deze leiding is later aangebracht", "Tekening": "onbekend", "OBJ_ID": "ac71afa0394e4e7ebd60d99f25df88c0", "OBJECTID": 571, "Shape_Length": 76.8723470301787}}, {"type": "Feature", "id": 572, "geometry": {"type": "LineString", "coordinates": [[109685.65100000054, 457741.5689999983], [109718.10000000149, 457670.44999999925]]}, "properties": {"Datum": "20190520", "Van_knpnr": "ZM0004C", "Naar_knpnr": "ZM0099", "Strengnr": 1, "Offset": 0, "Strengtype": "inzamelriool", "Afvoertype": "gemengd", "Jaar": "2010", "Jaar_recon": "2010", "Materiaal": "beton - pvc", "Vorm": "rond", "Voeg": "onbekend", "Grondslag": "zware zavel", "Fundatie": "staal", "VanBobpeil": "-1.950", "NarBobpeil": "-1.800", "Straat": "\"buitendorpstraat, zwammerdam\"", "Straattype": "onbekend", "Verh_type": "onbekend", "Breedte": 500, "Hoogte": 500, "BodemBrdt": 140, "Lengte": 79.1600037, "Gebied": "centrum zwammerdam gem", "Inspectie": "", "JaarVerv": "0", "Beslismodl": "Geen beoordeling", "Beoordeeld": "0000", "Tactisch": 7, "Act_Direct": 0, "Act_In_5Y": 0, "Act_In_10Y": 0, "Geen_actie": 0, "Niet_beord": 79.16, "Operationl": 0, "Project": "", "APM": 0, "APV": "", "Kosten": 22266.6, "Opmerking": "", "Tekening": "onbekend", "OBJ_ID": "50e9d1215bbf49b5ba055e63b6efec15", "OBJECTID": 572, "Shape_Length": 78.17192438415472}}, {"type": "Feature", "id": 573, "geometry": {"type": "LineString", "coordinates": [[109725.85500000045, 457655.2890000008], [109767.65700000152, 457620.2199999988], [109768.0150000006, 457618.56500000134], [109770.41000000015, 457616.30000000075]]}, "properties": {"Datum": "20190520", "Van_knpnr": "ZM0005", "Naar_knpnr": "ZM0098", "Strengnr": 2227178, "Offset": 0, "Strengtype": "inzamelriool", "Afvoertype": "gemengd", "Jaar": "2010", "Jaar_recon": "2010", "Materiaal": "pvc klasse 34 sn8", "Vorm": "rond", "Voeg": "mof-spie", "Grondslag": "zware zavel", "Fundatie": "onbekend", "VanBobpeil": "-1.760", "NarBobpeil": "-1.650", "Straat": "\"van brederodestraat, zwammerdam\"", "Straattype": "onbekend", "Verh_type": "onbekend", "Breedte": 500, "Hoogte": 500, "BodemBrdt": 15, "Lengte": 59.5499992, "Gebied": "centrum zwammerdam gem", "Inspectie": "", "JaarVerv": "0", "Beslismodl": "Geen beoordeling", "Beoordeeld": "0000", "Tactisch": 7, "Act_Direct": 0, "Act_In_5Y": 0, "Act_In_10Y": 0, "Geen_actie": 0, "Niet_beord": 59.55, "Operationl": 0, "Project": "", "APM": 0, "APV": "", "Kosten": 9453.36, "Opmerking": "", "Tekening": "onbekend", "OBJ_ID": "0", "OBJECTID": 573, "Shape_Length": 59.55378590356926}}, {"type": "Feature", "id": 574, "geometry": {"type": "LineString", "coordinates": [[109724.0159999989, 457654.55000000075], [109722.09699999914, 457652.1970000006]]}, "properties": {"Datum": "20190520", "Van_knpnr": "ZM0005C", "Naar_knpnr": "F07464U", "Strengnr": 1, "Offset": 0, "Strengtype": "inzamelriool", "Afvoertype": "gemengd", "Jaar": "2010", "Jaar_recon": "2010", "Materiaal": "pvc klasse 34 sn8", "Vorm": "rond", "Voeg": "mof-spie", "Grondslag": "onbekend", "Fundatie": "onbekend", "VanBobpeil": "", "NarBobpeil": "", "Straat": "\"van brederodestraat, zwammerdam\"", "Straattype": "onbekend", "Verh_type": "onbekend", "Breedte": 500, "Hoogte": 500, "BodemBrdt": 15, "Lengte": 3.03999996, "Gebied": "centrum zwammerdam gem", "Inspectie": "", "JaarVerv": "0", "Beslismodl": "Geen beoordeling", "Beoordeeld": "0000", "Tactisch": 7, "Act_Direct": 0, "Act_In_5Y": 0, "Act_In_10Y": 0, "Geen_actie": 0, "Niet_beord": 3.04, "Operationl": 0, "Project": "", "APM": 0, "APV": "", "Kosten": 425.9, "Opmerking": "", "Tekening": "onbekend", "OBJ_ID": "54b0c000af2846a796c5e4966ae3703f", "OBJECTID": 574, "Shape_Length": 3.0363086140321687}}, {"type": "Feature", "id": 575, "geometry": {"type": "LineString", "coordinates": [[109683.62200000137, 457740.5489999987], [109691.14999999851, 457743.41000000015]]}, "properties": {"Datum": "20190520", "Van_knpnr": "ZM0007", "Naar_knpnr": "F07257U", "Strengnr": 2226375, "Offset": 0, "Strengtype": "inzamelriool", "Afvoertype": "hemelwater gs", "Jaar": "1963", "Jaar_recon": "1963", "Materiaal": "beton", "Vorm": "ei", "Voeg": "vaar-moer", "Grondslag": "zware zavel", "Fundatie": "staal", "VanBobpeil": "-1.950", "NarBobpeil": "-1.980", "Straat": "\"spoorlaan, zwammerdam\"", "Straattype": "onbekend", "Verh_type": "onbekend", "Breedte": 400, "Hoogte": 600, "BodemBrdt": 90, "Lengte": 8.05000019, "Gebied": "centrum zwammerdam gem", "Inspectie": "", "JaarVerv": "0", "Beslismodl": "Geen beoordeling", "Beoordeeld": "0000", "Tactisch": 7, "Act_Direct": 0, "Act_In_5Y": 0, "Act_In_10Y": 0, "Geen_actie": 0, "Niet_beord": 8.05, "Operationl": 0, "Project": "", "APM": 0, "APV": "", "Kosten": 2222.64, "Opmerking": "", "Tekening": "onbekend", "OBJ_ID": "0", "OBJECTID": 575, "Shape_Length": 8.05332881267801}}, {"type": "Feature", "id": 576, "geometry": {"type": "LineString", "coordinates": [[109832.15500000119, 457905.31700000167], [109776.44399999827, 457926.55900000036]]}, "properties": {"Datum": "20190520", "Van_knpnr": "ZM0008", "Naar_knpnr": "ZM0046", "Strengnr": 2219185, "Offset": 0, "Strengtype": "inzamelriool", "Afvoertype": "gemengd", "Jaar": "1974", "Jaar_recon": "1974", "Materiaal": "pvc klasse 34 sn8", "Vorm": "rond", "Voeg": "mof-spie", "Grondslag": "zware klei", "Fundatie": "staal", "VanBobpeil": "-1.750", "NarBobpeil": "-1.600", "Straat": "\"lindenhovestraat, zwammerdam\"", "Straattype": "onbekend", "Verh_type": "onbekend", "Breedte": 200, "Hoogte": 200, "BodemBrdt": 6, "Lengte": 59.6199989, "Gebied": "lindenhovestraat gem", "Inspectie": "", "JaarVerv": "0", "Beslismodl": "Geen beoordeling", "Beoordeeld": "0000", "Tactisch": 7, "Act_Direct": 0, "Act_In_5Y": 0, "Act_In_10Y": 0, "Geen_actie": 0, "Niet_beord": 59.62, "Operationl": 0, "Project": "", "APM": 0, "APV": "", "Kosten": 10020.93, "Opmerking": "", "Tekening": "onbekend", "OBJ_ID": "2cc2058be3fd4de2b700cde3ab90640a", "OBJECTID": 576, "Shape_Length": 59.62330152943321}}, {"type": "Feature", "id": 577, "geometry": {"type": "LineString", "coordinates": [[109375.68600000069, 457990.5780000016], [109448.83300000057, 457967.50499999896]]}, "properties": {"Datum": "20190520", "Van_knpnr": "ZM0009", "Naar_knpnr": "ZM0010", "Strengnr": 2221838, "Offset": 0, "Strengtype": "inzamelriool", "Afvoertype": "gemengd", "Jaar": "2002", "Jaar_recon": "2002", "Materiaal": "pvc klasse 34 sn8", "Vorm": "rond", "Voeg": "mof-spie", "Grondslag": "water", "Fundatie": "staal", "VanBobpeil": "-1.550", "NarBobpeil": "-1.860", "Straat": "\"vinkebuurt, zwammerdam\"", "Straattype": "onbekend", "Verh_type": "onbekend", "Breedte": 315, "Hoogte": 315, "BodemBrdt": 9, "Lengte": 76.6999969, "Gebied": "steekterweg gs", "Inspectie": "", "JaarVerv": "0", "Beslismodl": "Geen beoordeling", "Beoordeeld": "0000", "Tactisch": 7, "Act_Direct": 0, "Act_In_5Y": 0, "Act_In_10Y": 0, "Geen_actie": 0, "Niet_beord": 76.7, "Operationl": 0, "Project": "", "APM": 0, "APV": "", "Kosten": 12689.84, "Opmerking": "", "Tekening": "onbekend", "OBJ_ID": "0", "OBJECTID": 577, "Shape_Length": 76.69971928309099}}, {"type": "Feature", "id": 578, "geometry": {"type": "LineString", "coordinates": [[109522.78000000119, 457943.76000000164], [109448.83300000057, 457967.50499999896]]}, "properties": {"Datum": "20190520", "Van_knpnr": "ZM0011", "Naar_knpnr": "ZM0010", "Strengnr": 2221837, "Offset": 0, "Strengtype": "inzamelriool", "Afvoertype": "gemengd", "Jaar": "1999", "Jaar_recon": "1999", "Materiaal": "pvc klasse 34 sn8", "Vorm": "rond", "Voeg": "mof-spie", "Grondslag": "water", "Fundatie": "staal", "VanBobpeil": "-2.100", "NarBobpeil": "-1.860", "Straat": "\"vinkebuurt, zwammerdam\"", "Straattype": "onbekend", "Verh_type": "onbekend", "Breedte": 315, "Hoogte": 315, "BodemBrdt": 9, "Lengte": 77.6699982, "Gebied": "centrum zwammerdam gem", "Inspectie": "", "JaarVerv": "0", "Beslismodl": "Geen beoordeling", "Beoordeeld": "0000", "Tactisch": 7, "Act_Direct": 0, "Act_In_5Y": 0, "Act_In_10Y": 0, "Geen_actie": 0, "Niet_beord": 77.67, "Operationl": 0, "Project": "", "APM": 0, "APV": "", "Kosten": 12850.33, "Opmerking": "", "Tekening": "onbekend", "OBJ_ID": "0be11d6b8fb14a7cae7ea939b713b06d", "OBJECTID": 578, "Shape_Length": 77.6658472815766}}, {"type": "Feature", "id": 579, "geometry": {"type": "LineString", "coordinates": [[109522.78000000119, 457943.76000000164], [109497.4600000009, 457928.23999999836]]}, "properties": {"Datum": "20190520", "Van_knpnr": "ZM0011", "Naar_knpnr": "ZM0019", "Strengnr": 2215919, "Offset": 0, "Strengtype": "inzamelriool", "Afvoertype": "gemengd", "Jaar": "1961", "Jaar_recon": "1961", "Materiaal": "beton", "Vorm": "ei", "Voeg": "vaar-moer", "Grondslag": "zware zavel", "Fundatie": "staal", "VanBobpeil": "-2.110", "NarBobpeil": "-2.480", "Straat": "\"buitendorpstraat, zwammerdam\"", "Straattype": "onbekend", "Verh_type": "onbekend", "Breedte": 300, "Hoogte": 450, "BodemBrdt": 90, "Lengte": 29.7000008, "Gebied": "centrum zwammerdam gem", "Inspectie": "", "JaarVerv": "0", "Beslismodl": "Geen beoordeling", "Beoordeeld": "0000", "Tactisch": 7, "Act_Direct": 0, "Act_In_5Y": 0, "Act_In_10Y": 0, "Geen_actie": 0, "Niet_beord": 29.7, "Operationl": 0, "Project": "", "APM": 0, "APV": "", "Kosten": 8501.5, "Opmerking": "", "Tekening": "onbekend", "OBJ_ID": "1dce37ec32e846f5b8d031d3a5ac9f30", "OBJECTID": 579, "Shape_Length": 29.698026872451457}}, {"type": "Feature", "id": 580, "geometry": {"type": "LineString", "coordinates": [[109582.23999999836, 457915.3900000006], [109578.98600000143, 457917.02600000054], [109562.90500000119, 457925.1339999996], [109559.67199999839, 457926.7580000013], [109549.42000000179, 457931.65100000054], [109541.58199999854, 457935.2109999992], [109534.93100000173, 457938.2349999994], [109522.78000000119, 457943.76000000164]]}, "properties": {"Datum": "20190520", "Van_knpnr": "ZM0012", "Naar_knpnr": "ZM0011", "Strengnr": 2216186, "Offset": 0, "Strengtype": "inzamelriool", "Afvoertype": "vuilwater gs", "Jaar": "2009", "Jaar_recon": "2009", "Materiaal": "pvc klasse 34 sn8", "Vorm": "rond", "Voeg": "mof-spie", "Grondslag": "zware zavel", "Fundatie": "staal", "VanBobpeil": "-1.880", "NarBobpeil": "-2.120", "Straat": "\"vinkebuurt, zwammerdam\"", "Straattype": "onbekend", "Verh_type": "onbekend", "Breedte": 500, "Hoogte": 500, "BodemBrdt": 15, "Lengte": 65.8899994, "Gebied": "centrum zwammerdam gem", "Inspectie": "", "JaarVerv": "0", "Beslismodl": "Geen beoordeling", "Beoordeeld": "0000", "Tactisch": 7, "Act_Direct": 0, "Act_In_5Y": 0, "Act_In_10Y": 0, "Geen_actie": 0, "Niet_beord": 65.89, "Operationl": 0, "Project": "", "APM": 0, "APV": "", "Kosten": 8363.2, "Opmerking": "", "Tekening": "onbekend", "OBJ_ID": "55e254e5ff7a4b348d24eaddd8e07d3e", "OBJECTID": 580, "Shape_Length": 65.89217208589584}}, {"type": "Feature", "id": 581, "geometry": {"type": "LineString", "coordinates": [[109698.70699999854, 457855.3350000009], [109643.98999999836, 457884.33999999985]]}, "properties": {"Datum": "20190520", "Van_knpnr": "ZM0014", "Naar_knpnr": "F07480", "Strengnr": 2216184, "Offset": 0, "Strengtype": "inzamelriool", "Afvoertype": "vuilwater gs", "Jaar": "2009", "Jaar_recon": "2009", "Materiaal": "pvc klasse 34 sn8", "Vorm": "rond", "Voeg": "mof-spie", "Grondslag": "zware zavel", "Fundatie": "staal", "VanBobpeil": "-1.400", "NarBobpeil": "-1.640", "Straat": "\"vinkebuurt, zwammerdam\"", "Straattype": "onbekend", "Verh_type": "onbekend", "Breedte": 500, "Hoogte": 500, "BodemBrdt": 15, "Lengte": 61.9300003, "Gebied": "centrum zwammerdam gem", "Inspectie": "20090408", "JaarVerv": "2079", "Beslismodl": "Geen maatregel", "Beoordeeld": "0000", "Tactisch": 7, "Act_Direct": 0, "Act_In_5Y": 0, "Act_In_10Y": 0, "Geen_actie": 0, "Niet_beord": 61.93, "Operationl": 0, "Project": "", "APM": 0, "APV": "", "Kosten": 6705.7, "Opmerking": "", "Tekening": "onbekend", "OBJ_ID": "1458cd28af5846de97bfc1a2ef98b59f", "OBJECTID": 581, "Shape_Length": 61.92931546496424}}, {"type": "Feature", "id": 582, "geometry": {"type": "LineString", "coordinates": [[109758.62000000104, 457834.0799999982], [109807.0700000003, 457836.3500000015]]}, "properties": {"Datum": "20190520", "Van_knpnr": "ZM0016", "Naar_knpnr": "ZM0013", "Strengnr": 2224253, "Offset": 0, "Strengtype": "inzamelriool", "Afvoertype": "gemengd", "Jaar": "2004", "Jaar_recon": "2004", "Materiaal": "pvc klasse 34 sn8", "Vorm": "rond", "Voeg": "mof-spie", "Grondslag": "zware zavel", "Fundatie": "staal", "VanBobpeil": "-1.000", "NarBobpeil": "-0.870", "Straat": "\"hof van spreij, zwammerdam\"", "Straattype": "onbekend", "Verh_type": "onbekend", "Breedte": 250, "Hoogte": 250, "BodemBrdt": 6, "Lengte": 48.5, "Gebied": "centrum zwammerdam gem", "Inspectie": "", "JaarVerv": "0", "Beslismodl": "Geen beoordeling", "Beoordeeld": "0000", "Tactisch": 7, "Act_Direct": 0, "Act_In_5Y": 0, "Act_In_10Y": 0, "Geen_actie": 0, "Niet_beord": 48.5, "Operationl": 0, "Project": "", "APM": 0, "APV": "", "Kosten": 7328.16, "Opmerking": "", "Tekening": "onbekend", "OBJ_ID": "0", "OBJECTID": 582, "Shape_Length": 48.503148350830664}}, {"type": "Feature", "id": 583, "geometry": {"type": "LineString", "coordinates": [[109736.25200000033, 457815.7800000012], [109703.7650000006, 457851.9629999995], [109698.70699999854, 457855.3350000009]]}, "properties": {"Datum": "20190520", "Van_knpnr": "ZM0018", "Naar_knpnr": "ZM0014", "Strengnr": 2226979, "Offset": 0, "Strengtype": "inzamelriool", "Afvoertype": "gemengd", "Jaar": "2004", "Jaar_recon": "2004", "Materiaal": "pvc klasse 34 sn8", "Vorm": "rond", "Voeg": "mof-spie", "Grondslag": "zware zavel", "Fundatie": "staal", "VanBobpeil": "-1.200", "NarBobpeil": "-1.400", "Straat": "\"vinkebuurt, zwammerdam\"", "Straattype": "onbekend", "Verh_type": "onbekend", "Breedte": 250, "Hoogte": 250, "BodemBrdt": 6, "Lengte": 54.7099991, "Gebied": "centrum zwammerdam gem", "Inspectie": "", "JaarVerv": "0", "Beslismodl": "Geen beoordeling", "Beoordeeld": "0000", "Tactisch": 7, "Act_Direct": 0, "Act_In_5Y": 0, "Act_In_10Y": 0, "Geen_actie": 0, "Niet_beord": 54.71, "Operationl": 0, "Project": "", "APM": 0, "APV": "", "Kosten": 9140.95, "Opmerking": "", "Tekening": "onbekend", "OBJ_ID": "0", "OBJECTID": 583, "Shape_Length": 54.70626307814907}}, {"type": "Feature", "id": 584, "geometry": {"type": "LineString", "coordinates": [[109736.25200000033, 457815.7800000012], [109758.62000000104, 457834.0799999982]]}, "properties": {"Datum": "20190520", "Van_knpnr": "ZM0018", "Naar_knpnr": "ZM0016", "Strengnr": 2224254, "Offset": 0, "Strengtype": "inzamelriool", "Afvoertype": "gemengd", "Jaar": "2004", "Jaar_recon": "2004", "Materiaal": "pvc klasse 34 sn8", "Vorm": "rond", "Voeg": "mof-spie", "Grondslag": "zware zavel", "Fundatie": "staal", "VanBobpeil": "-1.080", "NarBobpeil": "-1.000", "Straat": "\"hof van spreij, zwammerdam\"", "Straattype": "onbekend", "Verh_type": "onbekend", "Breedte": 250, "Hoogte": 250, "BodemBrdt": 6, "Lengte": 28.8999996, "Gebied": "centrum zwammerdam gem", "Inspectie": "", "JaarVerv": "0", "Beslismodl": "Geen beoordeling", "Beoordeeld": "0000", "Tactisch": 7, "Act_Direct": 0, "Act_In_5Y": 0, "Act_In_10Y": 0, "Geen_actie": 0, "Niet_beord": 28.9, "Operationl": 0, "Project": "", "APM": 0, "APV": "", "Kosten": 4828.61, "Opmerking": "", "Tekening": "onbekend", "OBJ_ID": "70f0b732e4f44720991f2e9fdd87833a", "OBJECTID": 584, "Shape_Length": 28.900128441287613}}, {"type": "Feature", "id": 585, "geometry": {"type": "LineString", "coordinates": [[109736.25200000033, 457815.7800000012], [109740.68400000036, 457808.5610000007]]}, "properties": {"Datum": "20190520", "Van_knpnr": "ZM0018", "Naar_knpnr": "ZM0017", "Strengnr": 2224383, "Offset": 0, "Strengtype": "inzamelriool", "Afvoertype": "gemengd", "Jaar": "2004", "Jaar_recon": "2004", "Materiaal": "pvc klasse 34 sn8", "Vorm": "rond", "Voeg": "mof-spie", "Grondslag": "zware zavel", "Fundatie": "staal", "VanBobpeil": "-1.200", "NarBobpeil": "-0.650", "Straat": "\"vinkebuurt, zwammerdam\"", "Straattype": "onbekend", "Verh_type": "onbekend", "Breedte": 250, "Hoogte": 250, "BodemBrdt": 6, "Lengte": 8.47000027, "Gebied": "centrum zwammerdam gem", "Inspectie": "", "JaarVerv": "0", "Beslismodl": "Geen beoordeling", "Beoordeeld": "0000", "Tactisch": 7, "Act_Direct": 0, "Act_In_5Y": 0, "Act_In_10Y": 0, "Geen_actie": 0, "Niet_beord": 8.47, "Operationl": 0, "Project": "", "APM": 0, "APV": "", "Kosten": 1415.17, "Opmerking": "", "Tekening": "onbekend", "OBJ_ID": "dd9f4b8301314f449261a6d058adef7f", "OBJECTID": 585, "Shape_Length": 8.47092586483786}}, {"type": "Feature", "id": 586, "geometry": {"type": "LineString", "coordinates": [[109497.4600000009, 457928.23999999836], [109475.95399999991, 457914.9230000004]]}, "properties": {"Datum": "20190520", "Van_knpnr": "ZM0019", "Naar_knpnr": "ZM0022", "Strengnr": 2215924, "Offset": 0, "Strengtype": "inzamelriool", "Afvoertype": "gemengd", "Jaar": "1961", "Jaar_recon": "1961", "Materiaal": "beton", "Vorm": "ei", "Voeg": "vaar-moer", "Grondslag": "zware zavel", "Fundatie": "staal", "VanBobpeil": "-2.460", "NarBobpeil": "-2.540", "Straat": "\"buitendorpstraat, zwammerdam\"", "Straattype": "onbekend", "Verh_type": "onbekend", "Breedte": 300, "Hoogte": 450, "BodemBrdt": 90, "Lengte": 25.2999992, "Gebied": "centrum zwammerdam gem", "Inspectie": "", "JaarVerv": "0", "Beslismodl": "Geen beoordeling", "Beoordeeld": "0000", "Tactisch": 7, "Act_Direct": 0, "Act_In_5Y": 0, "Act_In_10Y": 0, "Geen_actie": 0, "Niet_beord": 25.3, "Operationl": 0, "Project": "", "APM": 0, "APV": "", "Kosten": 7392.19, "Opmerking": "", "Tekening": "onbekend", "OBJ_ID": "a4f088393bed48d786a94f58e1b3523c", "OBJECTID": 586, "Shape_Length": 25.295266849502344}}, {"type": "Feature", "id": 587, "geometry": {"type": "LineString", "coordinates": [[109475.95399999991, 457914.9230000004], [109441.85799999908, 457932.19000000134]]}, "properties": {"Datum": "20190520", "Van_knpnr": "ZM0022", "Naar_knpnr": "ZM0020", "Strengnr": 2215191, "Offset": 0, "Strengtype": "inzamelriool", "Afvoertype": "gemengd", "Jaar": "1961", "Jaar_recon": "1961", "Materiaal": "beton", "Vorm": "ei", "Voeg": "vaar-moer", "Grondslag": "zware zavel", "Fundatie": "staal", "VanBobpeil": "-2.520", "NarBobpeil": "-2.480", "Straat": "\"buitendorpstraat, zwammerdam\"", "Straattype": "onbekend", "Verh_type": "onbekend", "Breedte": 400, "Hoogte": 600, "BodemBrdt": 90, "Lengte": 38.2200012, "Gebied": "centrum zwammerdam gem", "Inspectie": "", "JaarVerv": "0", "Beslismodl": "Geen beoordeling", "Beoordeeld": "0000", "Tactisch": 7, "Act_Direct": 0, "Act_In_5Y": 0, "Act_In_10Y": 0, "Geen_actie": 0, "Niet_beord": 38.22, "Operationl": 0, "Project": "", "APM": 0, "APV": "", "Kosten": 12688.13, "Opmerking": "", "Tekening": "onbekend", "OBJ_ID": "614b7d21fcaa4afc84b1ab87f3df273b", "OBJECTID": 587, "Shape_Length": 38.218928622984826}}, {"type": "Feature", "id": 588, "geometry": {"type": "LineString", "coordinates": [[109498.48099999875, 457895.4310000017], [109475.95399999991, 457914.9230000004]]}, "properties": {"Datum": "20190520", "Van_knpnr": "ZM0023", "Naar_knpnr": "ZM0022", "Strengnr": 2215192, "Offset": 0, "Strengtype": "inzamelriool", "Afvoertype": "gemengd", "Jaar": "1961", "Jaar_recon": "1961", "Materiaal": "beton", "Vorm": "ei", "Voeg": "vaar-moer", "Grondslag": "zware zavel", "Fundatie": "staal", "VanBobpeil": "-2.520", "NarBobpeil": "-2.550", "Straat": "\"buitendorpstraat, zwammerdam\"", "Straattype": "onbekend", "Verh_type": "onbekend", "Breedte": 400, "Hoogte": 600, "BodemBrdt": 90, "Lengte": 29.7900009, "Gebied": "centrum zwammerdam gem", "Inspectie": "", "JaarVerv": "0", "Beslismodl": "Geen beoordeling", "Beoordeeld": "0000", "Tactisch": 7, "Act_Direct": 0, "Act_In_5Y": 0, "Act_In_10Y": 0, "Geen_actie": 0, "Niet_beord": 29.79, "Operationl": 0, "Project": "", "APM": 0, "APV": "", "Kosten": 9819.94, "Opmerking": "", "Tekening": "onbekend", "OBJ_ID": "0", "OBJECTID": 588, "Shape_Length": 29.789323471615035}}, {"type": "Feature", "id": 589, "geometry": {"type": "LineString", "coordinates": [[109516.4059999995, 457884.743999999], [109498.48099999875, 457895.4310000017]]}, "properties": {"Datum": "20190520", "Van_knpnr": "ZM0024", "Naar_knpnr": "ZM0023", "Strengnr": 2215193, "Offset": 0, "Strengtype": "inzamelriool", "Afvoertype": "gemengd", "Jaar": "1961", "Jaar_recon": "1961", "Materiaal": "beton", "Vorm": "ei", "Voeg": "vaar-moer", "Grondslag": "zware zavel", "Fundatie": "staal", "VanBobpeil": "-2.510", "NarBobpeil": "-2.490", "Straat": "\"buitendorpstraat, zwammerdam\"", "Straattype": "onbekend", "Verh_type": "onbekend", "Breedte": 400, "Hoogte": 600, "BodemBrdt": 90, "Lengte": 20.8700008, "Gebied": "centrum zwammerdam gem", "Inspectie": "", "JaarVerv": "0", "Beslismodl": "Geen beoordeling", "Beoordeeld": "0000", "Tactisch": 7, "Act_Direct": 0, "Act_In_5Y": 0, "Act_In_10Y": 0, "Geen_actie": 0, "Niet_beord": 20.87, "Operationl": 0, "Project": "", "APM": 0, "APV": "", "Kosten": 6660.05, "Opmerking": "", "Tekening": "onbekend", "OBJ_ID": "0", "OBJECTID": 589, "Shape_Length": 20.869058294151102}}, {"type": "Feature", "id": 590, "geometry": {"type": "LineString", "coordinates": [[109543.32899999991, 457870.1469999999], [109516.4059999995, 457884.743999999]]}, "properties": {"Datum": "20190520", "Van_knpnr": "ZM0025", "Naar_knpnr": "ZM0024", "Strengnr": 2215194, "Offset": 0, "Strengtype": "inzamelriool", "Afvoertype": "gemengd", "Jaar": "1961", "Jaar_recon": "1961", "Materiaal": "beton", "Vorm": "ei", "Voeg": "vaar-moer", "Grondslag": "zware zavel", "Fundatie": "staal", "VanBobpeil": "-2.420", "NarBobpeil": "-2.470", "Straat": "\"buitendorpstraat, zwammerdam\"", "Straattype": "onbekend", "Verh_type": "onbekend", "Breedte": 400, "Hoogte": 600, "BodemBrdt": 90, "Lengte": 30.6299992, "Gebied": "centrum zwammerdam gem", "Inspectie": "", "JaarVerv": "0", "Beslismodl": "Geen beoordeling", "Beoordeeld": "0000", "Tactisch": 7, "Act_Direct": 0, "Act_In_5Y": 0, "Act_In_10Y": 0, "Geen_actie": 0, "Niet_beord": 30.63, "Operationl": 0, "Project": "", "APM": 0, "APV": "", "Kosten": 9040.91, "Opmerking": "", "Tekening": "onbekend", "OBJ_ID": "732bdb15a7864bedb875f18f8354e23a", "OBJECTID": 590, "Shape_Length": 30.625485106316845}}, {"type": "Feature", "id": 591, "geometry": {"type": "LineString", "coordinates": [[109570.21299999952, 457855.5729999989], [109543.32899999991, 457870.1469999999]]}, "properties": {"Datum": "20190520", "Van_knpnr": "ZM0026", "Naar_knpnr": "ZM0025", "Strengnr": 2215195, "Offset": 0, "Strengtype": "inzamelriool", "Afvoertype": "gemengd", "Jaar": "1961", "Jaar_recon": "1961", "Materiaal": "beton", "Vorm": "ei", "Voeg": "vaar-moer", "Grondslag": "zware zavel", "Fundatie": "staal", "VanBobpeil": "-2.240", "NarBobpeil": "-2.420", "Straat": "\"buitendorpstraat, zwammerdam\"", "Straattype": "onbekend", "Verh_type": "onbekend", "Breedte": 400, "Hoogte": 600, "BodemBrdt": 90, "Lengte": 30.5799999, "Gebied": "centrum zwammerdam gem", "Inspectie": "", "JaarVerv": "0", "Beslismodl": "Geen beoordeling", "Beoordeeld": "0000", "Tactisch": 7, "Act_Direct": 0, "Act_In_5Y": 0, "Act_In_10Y": 0, "Geen_actie": 0, "Niet_beord": 30.58, "Operationl": 0, "Project": "", "APM": 0, "APV": "", "Kosten": 8905.18, "Opmerking": "", "Tekening": "onbekend", "OBJ_ID": "1100ff7d47b644268e72718912375021", "OBJECTID": 591, "Shape_Length": 30.580237605469424}}, {"type": "Feature", "id": 592, "geometry": {"type": "LineString", "coordinates": [[109590.68699999899, 457844.756000001], [109570.21299999952, 457855.5729999989]]}, "properties": {"Datum": "20190520", "Van_knpnr": "ZM0027", "Naar_knpnr": "ZM0026", "Strengnr": 2215196, "Offset": 0, "Strengtype": "inzamelriool", "Afvoertype": "gemengd", "Jaar": "1957", "Jaar_recon": "1957", "Materiaal": "beton", "Vorm": "ei", "Voeg": "vaar-moer", "Grondslag": "zware zavel", "Fundatie": "staal", "VanBobpeil": "-2.210", "NarBobpeil": "-2.250", "Straat": "\"buitendorpstraat, zwammerdam\"", "Straattype": "onbekend", "Verh_type": "onbekend", "Breedte": 400, "Hoogte": 600, "BodemBrdt": 90, "Lengte": 23.1599998, "Gebied": "centrum zwammerdam gem", "Inspectie": "", "JaarVerv": "0", "Beslismodl": "Geen beoordeling", "Beoordeeld": "0000", "Tactisch": 7, "Act_Direct": 0, "Act_In_5Y": 0, "Act_In_10Y": 0, "Geen_actie": 0, "Niet_beord": 23.16, "Operationl": 0, "Project": "", "APM": 0, "APV": "", "Kosten": 6686.1, "Opmerking": "", "Tekening": "onbekend", "OBJ_ID": "0", "OBJECTID": 592, "Shape_Length": 23.155823564139247}}, {"type": "Feature", "id": 593, "geometry": {"type": "LineString", "coordinates": [[109609.66099999845, 457833.7030000016], [109590.68699999899, 457844.756000001]]}, "properties": {"Datum": "20190520", "Van_knpnr": "ZM0028", "Naar_knpnr": "ZM0027", "Strengnr": 2214890, "Offset": 0, "Strengtype": "inzamelriool", "Afvoertype": "gemengd", "Jaar": "1957", "Jaar_recon": "1957", "Materiaal": "beton", "Vorm": "ei", "Voeg": "vaar-moer", "Grondslag": "zware zavel", "Fundatie": "staal", "VanBobpeil": "-2.190", "NarBobpeil": "-2.250", "Straat": "\"buitendorpstraat, zwammerdam\"", "Straattype": "onbekend", "Verh_type": "onbekend", "Breedte": 400, "Hoogte": 600, "BodemBrdt": 90, "Lengte": 21.9599991, "Gebied": "centrum zwammerdam gem", "Inspectie": "", "JaarVerv": "0", "Beslismodl": "Geen beoordeling", "Beoordeeld": "0000", "Tactisch": 7, "Act_Direct": 0, "Act_In_5Y": 0, "Act_In_10Y": 0, "Geen_actie": 0, "Niet_beord": 21.96, "Operationl": 0, "Project": "", "APM": 0, "APV": "", "Kosten": 6343.62, "Opmerking": "", "Tekening": "onbekend", "OBJ_ID": "6351528c6520424bb270ffa77e5073f7", "OBJECTID": 593, "Shape_Length": 21.958631217947264}}, {"type": "Feature", "id": 594, "geometry": {"type": "LineString", "coordinates": [[109628.51000000164, 457819.37999999896], [109609.66099999845, 457833.7030000016]]}, "properties": {"Datum": "20190520", "Van_knpnr": "ZM0029", "Naar_knpnr": "ZM0028", "Strengnr": 2214891, "Offset": 0, "Strengtype": "inzamelriool", "Afvoertype": "gemengd", "Jaar": "1957", "Jaar_recon": "1957", "Materiaal": "beton", "Vorm": "ei", "Voeg": "vaar-moer", "Grondslag": "zware zavel", "Fundatie": "staal", "VanBobpeil": "-2.180", "NarBobpeil": "-2.190", "Straat": "\"buitendorpstraat, zwammerdam\"", "Straattype": "onbekend", "Verh_type": "onbekend", "Breedte": 400, "Hoogte": 600, "BodemBrdt": 90, "Lengte": 23.6700001, "Gebied": "centrum zwammerdam gem", "Inspectie": "", "JaarVerv": "0", "Beslismodl": "Geen beoordeling", "Beoordeeld": "0000", "Tactisch": 7, "Act_Direct": 0, "Act_In_5Y": 0, "Act_In_10Y": 0, "Geen_actie": 0, "Niet_beord": 23.67, "Operationl": 0, "Project": "", "APM": 0, "APV": "", "Kosten": 6807.8, "Opmerking": "", "Tekening": "onbekend", "OBJ_ID": "cc61b92b42434430961d59cbb4ef27c8", "OBJECTID": 594, "Shape_Length": 23.673468909228195}}, {"type": "Feature", "id": 595, "geometry": {"type": "LineString", "coordinates": [[109642.90300000086, 457803.6710000001], [109628.51000000164, 457819.37999999896]]}, "properties": {"Datum": "20190520", "Van_knpnr": "ZM0030", "Naar_knpnr": "ZM0029", "Strengnr": 2214892, "Offset": 0, "Strengtype": "inzamelriool", "Afvoertype": "gemengd", "Jaar": "1957", "Jaar_recon": "1957", "Materiaal": "beton", "Vorm": "ei", "Voeg": "vaar-moer", "Grondslag": "zware zavel", "Fundatie": "staal", "VanBobpeil": "-2.050", "NarBobpeil": "-2.130", "Straat": "\"buitendorpstraat, zwammerdam\"", "Straattype": "onbekend", "Verh_type": "onbekend", "Breedte": 400, "Hoogte": 600, "BodemBrdt": 90, "Lengte": 21.3099995, "Gebied": "centrum zwammerdam gem", "Inspectie": "", "JaarVerv": "0", "Beslismodl": "Geen beoordeling", "Beoordeeld": "0000", "Tactisch": 7, "Act_Direct": 0, "Act_In_5Y": 0, "Act_In_10Y": 0, "Geen_actie": 0, "Niet_beord": 21.31, "Operationl": 0, "Project": "", "APM": 0, "APV": "", "Kosten": 6060.06, "Opmerking": "", "Tekening": "onbekend", "OBJ_ID": "0", "OBJECTID": 595, "Shape_Length": 21.305659575383117}}, {"type": "Feature", "id": 596, "geometry": {"type": "LineString", "coordinates": [[109655.96499999985, 457785.73699999973], [109642.90300000086, 457803.6710000001]]}, "properties": {"Datum": "20190520", "Van_knpnr": "ZM0031", "Naar_knpnr": "ZM0030", "Strengnr": 2214968, "Offset": 0, "Strengtype": "inzamelriool", "Afvoertype": "gemengd", "Jaar": "1957", "Jaar_recon": "1957", "Materiaal": "beton", "Vorm": "ei", "Voeg": "vaar-moer", "Grondslag": "zware zavel", "Fundatie": "staal", "VanBobpeil": "-1.980", "NarBobpeil": "-2.150", "Straat": "\"buitendorpstraat, zwammerdam\"", "Straattype": "onbekend", "Verh_type": "onbekend", "Breedte": 400, "Hoogte": 600, "BodemBrdt": 90, "Lengte": 22.1900005, "Gebied": "centrum zwammerdam gem", "Inspectie": "", "JaarVerv": "0", "Beslismodl": "Geen beoordeling", "Beoordeeld": "0000", "Tactisch": 7, "Act_Direct": 0, "Act_In_5Y": 0, "Act_In_10Y": 0, "Geen_actie": 0, "Niet_beord": 22.19, "Operationl": 0, "Project": "", "APM": 0, "APV": "", "Kosten": 6318.29, "Opmerking": "", "Tekening": "onbekend", "OBJ_ID": "041c7e35552540e88d421d220f164d98", "OBJECTID": 596, "Shape_Length": 22.186577022748608}}, {"type": "Feature", "id": 597, "geometry": {"type": "LineString", "coordinates": [[109668.35700000077, 457766.9770000018], [109655.96499999985, 457785.73699999973]]}, "properties": {"Datum": "20190520", "Van_knpnr": "ZM0032", "Naar_knpnr": "ZM0031", "Strengnr": 2214969, "Offset": 0, "Strengtype": "inzamelriool", "Afvoertype": "gemengd", "Jaar": "1957", "Jaar_recon": "1957", "Materiaal": "beton", "Vorm": "ei", "Voeg": "vaar-moer", "Grondslag": "zware zavel", "Fundatie": "staal", "VanBobpeil": "-1.920", "NarBobpeil": "-2.010", "Straat": "\"buitendorpstraat, zwammerdam\"", "Straattype": "onbekend", "Verh_type": "onbekend", "Breedte": 400, "Hoogte": 600, "BodemBrdt": 90, "Lengte": 22.4799995, "Gebied": "centrum zwammerdam gem", "Inspectie": "", "JaarVerv": "0", "Beslismodl": "Geen beoordeling", "Beoordeeld": "0000", "Tactisch": 7, "Act_Direct": 0, "Act_In_5Y": 0, "Act_In_10Y": 0, "Geen_actie": 0, "Niet_beord": 22.48, "Operationl": 0, "Project": "", "APM": 0, "APV": "", "Kosten": 6352.36, "Opmerking": "", "Tekening": "onbekend", "OBJ_ID": "0", "OBJECTID": 597, "Shape_Length": 22.483310786995418}}, {"type": "Feature", "id": 598, "geometry": {"type": "LineString", "coordinates": [[109680.51300000027, 457748.5229999982], [109684.62099999934, 457743.2809999995]]}, "properties": {"Datum": "20190520", "Van_knpnr": "ZM0033", "Naar_knpnr": "ZM0004C", "Strengnr": 1, "Offset": 0, "Strengtype": "inzamelriool", "Afvoertype": "gemengd", "Jaar": "1957", "Jaar_recon": "1957", "Materiaal": "beton", "Vorm": "ei", "Voeg": "vaar-moer", "Grondslag": "zware zavel", "Fundatie": "staal", "VanBobpeil": "-1.940", "NarBobpeil": "-1.950", "Straat": "\"buitendorpstraat, zwammerdam\"", "Straattype": "onbekend", "Verh_type": "onbekend", "Breedte": 400, "Hoogte": 600, "BodemBrdt": 90, "Lengte": 7.67000008, "Gebied": "centrum zwammerdam gem", "Inspectie": "", "JaarVerv": "0", "Beslismodl": "Geen beoordeling", "Beoordeeld": "0000", "Tactisch": 7, "Act_Direct": 0, "Act_In_5Y": 0, "Act_In_10Y": 0, "Geen_actie": 0, "Niet_beord": 7.67, "Operationl": 0, "Project": "", "APM": 0, "APV": "", "Kosten": 2185.3, "Opmerking": "", "Tekening": "onbekend", "OBJ_ID": "bc6cfb955aea4d28918d2af22f5b9543", "OBJECTID": 598, "Shape_Length": 6.659896994598474}}, {"type": "Feature", "id": 599, "geometry": {"type": "LineString", "coordinates": [[109680.51300000027, 457748.5229999982], [109668.35700000077, 457766.9770000018]]}, "properties": {"Datum": "20190520", "Van_knpnr": "ZM0033", "Naar_knpnr": "ZM0032", "Strengnr": 2214970, "Offset": 0, "Strengtype": "inzamelriool", "Afvoertype": "gemengd", "Jaar": "1957", "Jaar_recon": "1957", "Materiaal": "beton", "Vorm": "ei", "Voeg": "vaar-moer", "Grondslag": "zware zavel", "Fundatie": "staal", "VanBobpeil": "-1.870", "NarBobpeil": "-1.930", "Straat": "\"buitendorpstraat, zwammerdam\"", "Straattype": "onbekend", "Verh_type": "onbekend", "Breedte": 400, "Hoogte": 600, "BodemBrdt": 90, "Lengte": 22.1000004, "Gebied": "centrum zwammerdam gem", "Inspectie": "", "JaarVerv": "0", "Beslismodl": "Geen beoordeling", "Beoordeeld": "0000", "Tactisch": 7, "Act_Direct": 0, "Act_In_5Y": 0, "Act_In_10Y": 0, "Geen_actie": 0, "Niet_beord": 22.1, "Operationl": 0, "Project": "", "APM": 0, "APV": "", "Kosten": 6268.82, "Opmerking": "", "Tekening": "onbekend", "OBJ_ID": "5028c2c9bf3c452b85e4ac118c53a391", "OBJECTID": 599, "Shape_Length": 22.09792868397117}}, {"type": "Feature", "id": 600, "geometry": {"type": "LineString", "coordinates": [[109687.06300000101, 457748.9930000007], [109680.51300000027, 457748.5229999982]]}, "properties": {"Datum": "20190520", "Van_knpnr": "ZM0034", "Naar_knpnr": "ZM0033", "Strengnr": 2214976, "Offset": 0, "Strengtype": "inzamelriool", "Afvoertype": "gemengd", "Jaar": "1982", "Jaar_recon": "1982", "Materiaal": "beton", "Vorm": "rond", "Voeg": "mof-spie", "Grondslag": "zware zavel", "Fundatie": "staal", "VanBobpeil": "-1.930", "NarBobpeil": "-1.950", "Straat": "\"spoorlaan, zwammerdam\"", "Straattype": "onbekend", "Verh_type": "onbekend", "Breedte": 400, "Hoogte": 400, "BodemBrdt": 55, "Lengte": 6.57000017, "Gebied": "centrum zwammerdam gem", "Inspectie": "", "JaarVerv": "0", "Beslismodl": "Geen beoordeling", "Beoordeeld": "0000", "Tactisch": 7, "Act_Direct": 0, "Act_In_5Y": 0, "Act_In_10Y": 0, "Geen_actie": 0, "Niet_beord": 6.57, "Operationl": 0, "Project": "", "APM": 0, "APV": "", "Kosten": 1723.53, "Opmerking": "", "Tekening": "onbekend", "OBJ_ID": "4dc900454d1c4ee5bc297ee3f8c9e8cf", "OBJECTID": 600, "Shape_Length": 6.566840946158318}}, {"type": "Feature", "id": 601, "geometry": {"type": "LineString", "coordinates": [[109732.04899999872, 457769.7170000002], [109687.06300000101, 457748.9930000007]]}, "properties": {"Datum": "20190520", "Van_knpnr": "ZM0035", "Naar_knpnr": "ZM0034", "Strengnr": 2214977, "Offset": 0, "Strengtype": "inzamelriool", "Afvoertype": "gemengd", "Jaar": "1982", "Jaar_recon": "1982", "Materiaal": "beton", "Vorm": "rond", "Voeg": "mof-spie", "Grondslag": "zware zavel", "Fundatie": "staal", "VanBobpeil": "-1.800", "NarBobpeil": "-1.930", "Straat": "\"spoorlaan, zwammerdam\"", "Straattype": "onbekend", "Verh_type": "onbekend", "Breedte": 400, "Hoogte": 400, "BodemBrdt": 55, "Lengte": 49.5299988, "Gebied": "centrum zwammerdam gem", "Inspectie": "", "JaarVerv": "0", "Beslismodl": "Geen beoordeling", "Beoordeeld": "0000", "Tactisch": 7, "Act_Direct": 0, "Act_In_5Y": 0, "Act_In_10Y": 0, "Geen_actie": 0, "Niet_beord": 49.53, "Operationl": 0, "Project": "", "APM": 0, "APV": "", "Kosten": 12874.13, "Opmerking": "", "Tekening": "onbekend", "OBJ_ID": "0", "OBJECTID": 601, "Shape_Length": 49.53003504714387}}, {"type": "Feature", "id": 602, "geometry": {"type": "LineString", "coordinates": [[109701.78599999845, 457831.23900000006], [109717.51999999955, 457801.62000000104]]}, "properties": {"Datum": "20190520", "Van_knpnr": "ZM0036", "Naar_knpnr": "ZM0037", "Strengnr": 2214978, "Offset": 0, "Strengtype": "inzamelriool", "Afvoertype": "gemengd", "Jaar": "1958", "Jaar_recon": "1958", "Materiaal": "beton", "Vorm": "rond", "Voeg": "vaar-moer", "Grondslag": "zware zavel", "Fundatie": "staal", "VanBobpeil": "-1.420", "NarBobpeil": "-1.400", "Straat": "\"vinkebuurt, zwammerdam\"", "Straattype": "onbekend", "Verh_type": "onbekend", "Breedte": 300, "Hoogte": 300, "BodemBrdt": 55, "Lengte": 33.5400009, "Gebied": "centrum zwammerdam gem", "Inspectie": "19991108", "JaarVerv": "2024", "Beslismodl": "In10jr inspectie", "Beoordeeld": "0000", "Tactisch": 7, "Act_Direct": 0, "Act_In_5Y": 0, "Act_In_10Y": 0, "Geen_actie": 0, "Niet_beord": 33.54, "Operationl": 0, "Project": "", "APM": 0, "APV": "", "Kosten": 7485.46, "Opmerking": "", "Tekening": "onbekend", "OBJ_ID": "06a2b8e968fc404687d67b3aabb65a8c", "OBJECTID": 602, "Shape_Length": 33.538692833448955}}, {"type": "Feature", "id": 603, "geometry": {"type": "LineString", "coordinates": [[109717.51999999955, 457801.62000000104], [109732.04899999872, 457769.7170000002]]}, "properties": {"Datum": "20190520", "Van_knpnr": "ZM0037", "Naar_knpnr": "ZM0035", "Strengnr": 2225173, "Offset": 0, "Strengtype": "inzamelriool", "Afvoertype": "gemengd", "Jaar": "1958", "Jaar_recon": "1958", "Materiaal": "beton", "Vorm": "rond", "Voeg": "vaar-moer", "Grondslag": "zware zavel", "Fundatie": "staal", "VanBobpeil": "-1.580", "NarBobpeil": "-1.710", "Straat": "\"vinkebuurt, zwammerdam\"", "Straattype": "onbekend", "Verh_type": "onbekend", "Breedte": 300, "Hoogte": 300, "BodemBrdt": 55, "Lengte": 35.0600014, "Gebied": "centrum zwammerdam gem", "Inspectie": "19991108", "JaarVerv": "2024", "Beslismodl": "In10jr inspectie", "Beoordeeld": "0000", "Tactisch": 7, "Act_Direct": 0, "Act_In_5Y": 0, "Act_In_10Y": 0, "Geen_actie": 0, "Niet_beord": 35.06, "Operationl": 0, "Project": "", "APM": 0, "APV": "", "Kosten": 8133.92, "Opmerking": "", "Tekening": "onbekend", "OBJ_ID": "0ccd2eaf524e478f874779b0a9632034", "OBJECTID": 603, "Shape_Length": 35.05557373700932}}, {"type": "Feature", "id": 604, "geometry": {"type": "LineString", "coordinates": [[109752.92000000179, 457774.5700000003], [109732.04899999872, 457769.7170000002]]}, "properties": {"Datum": "20190520", "Van_knpnr": "ZM0038", "Naar_knpnr": "ZM0035", "Strengnr": 2221836, "Offset": 0, "Strengtype": "inzamelriool", "Afvoertype": "gemengd", "Jaar": "1982", "Jaar_recon": "1982", "Materiaal": "beton", "Vorm": "rond", "Voeg": "mof-spie", "Grondslag": "zware zavel", "Fundatie": "staal", "VanBobpeil": "-1.300", "NarBobpeil": "-1.800", "Straat": "\"spoorlaan, zwammerdam\"", "Straattype": "onbekend", "Verh_type": "onbekend", "Breedte": 400, "Hoogte": 400, "BodemBrdt": 55, "Lengte": 21.4300003, "Gebied": "centrum zwammerdam gem", "Inspectie": "", "JaarVerv": "0", "Beslismodl": "Geen beoordeling", "Beoordeeld": "0000", "Tactisch": 7, "Act_Direct": 0, "Act_In_5Y": 0, "Act_In_10Y": 0, "Geen_actie": 0, "Niet_beord": 21.43, "Operationl": 0, "Project": "", "APM": 0, "APV": "", "Kosten": 5549.58, "Opmerking": "", "Tekening": "onbekend", "OBJ_ID": "cc677cc050684ef4acf3db21f7615912", "OBJECTID": 604, "Shape_Length": 21.42779153644374}}, {"type": "Feature", "id": 605, "geometry": {"type": "LineString", "coordinates": [[109752.92000000179, 457774.5700000003], [109767.17000000179, 457755.51999999955]]}, "properties": {"Datum": "20190520", "Van_knpnr": "ZM0038", "Naar_knpnr": "ZM0039", "Strengnr": 2221839, "Offset": 0, "Strengtype": "inzamelriool", "Afvoertype": "gemengd", "Jaar": "1980", "Jaar_recon": "1980", "Materiaal": "beton", "Vorm": "rond", "Voeg": "mof-spie", "Grondslag": "zware zavel", "Fundatie": "staal", "VanBobpeil": "-1.300", "NarBobpeil": "-1.270", "Straat": "\"swadenburgerdam, zwammerdam\"", "Straattype": "onbekend", "Verh_type": "onbekend", "Breedte": 400, "Hoogte": 400, "BodemBrdt": 55, "Lengte": 23.7900009, "Gebied": "centrum zwammerdam gem", "Inspectie": "", "JaarVerv": "0", "Beslismodl": "Geen beoordeling", "Beoordeeld": "0000", "Tactisch": 7, "Act_Direct": 0, "Act_In_5Y": 0, "Act_In_10Y": 0, "Geen_actie": 0, "Niet_beord": 23.79, "Operationl": 0, "Project": "", "APM": 0, "APV": "", "Kosten": 6053.82, "Opmerking": "", "Tekening": "onbekend", "OBJ_ID": "7602de936bec4e118ca332e619df8c55", "OBJECTID": 605, "Shape_Length": 23.790018916099807}}, {"type": "Feature", "id": 606, "geometry": {"type": "LineString", "coordinates": [[109767.17000000179, 457755.51999999955], [109784.20499999821, 457736.0489999987]]}, "properties": {"Datum": "20190520", "Van_knpnr": "ZM0039", "Naar_knpnr": "ZM0041", "Strengnr": 2221840, "Offset": 0, "Strengtype": "inzamelriool", "Afvoertype": "gemengd", "Jaar": "1980", "Jaar_recon": "1980", "Materiaal": "beton", "Vorm": "rond", "Voeg": "mof-spie", "Grondslag": "zware zavel", "Fundatie": "staal", "VanBobpeil": "-1.270", "NarBobpeil": "-1.220", "Straat": "\"swadenburgerdam, zwammerdam\"", "Straattype": "onbekend", "Verh_type": "onbekend", "Breedte": 400, "Hoogte": 400, "BodemBrdt": 55, "Lengte": 25.8700008, "Gebied": "centrum zwammerdam gem", "Inspectie": "", "JaarVerv": "0", "Beslismodl": "Geen beoordeling", "Beoordeeld": "0000", "Tactisch": 7, "Act_Direct": 0, "Act_In_5Y": 0, "Act_In_10Y": 0, "Geen_actie": 0, "Niet_beord": 25.87, "Operationl": 0, "Project": "", "APM": 0, "APV": "", "Kosten": 6458.55, "Opmerking": "", "Tekening": "onbekend", "OBJ_ID": "c702026fe82140e9ab566bbb49f3f42f", "OBJECTID": 606, "Shape_Length": 25.871046865379295}}, {"type": "Feature", "id": 607, "geometry": {"type": "LineString", "coordinates": [[109772.14999999851, 457724.3900000006], [109770.62999999896, 457700.6099999994]]}, "properties": {"Datum": "20190520", "Van_knpnr": "ZM0040", "Naar_knpnr": "ZM0062", "Strengnr": 2221842, "Offset": 0, "Strengtype": "inzamelriool", "Afvoertype": "gemengd", "Jaar": "1980", "Jaar_recon": "1980", "Materiaal": "pvc klasse 34 sn8", "Vorm": "rond", "Voeg": "mof-spie", "Grondslag": "zware zavel", "Fundatie": "staal", "VanBobpeil": "-1.090", "NarBobpeil": "-1.130", "Straat": "\"burg hoogenboomstraat, zwammerdam\"", "Straattype": "onbekend", "Verh_type": "onbekend", "Breedte": 315, "Hoogte": 315, "BodemBrdt": 9, "Lengte": 23.8299999, "Gebied": "centrum zwammerdam gem", "Inspectie": "20080225", "JaarVerv": "2078", "Beslismodl": "Geen maatregel", "Beoordeeld": "0000", "Tactisch": 7, "Act_Direct": 0, "Act_In_5Y": 0, "Act_In_10Y": 0, "Geen_actie": 0, "Niet_beord": 23.83, "Operationl": 0, "Project": "", "APM": 0, "APV": "", "Kosten": 3625.2, "Opmerking": "", "Tekening": "onbekend", "OBJ_ID": "0", "OBJECTID": 607, "Shape_Length": 23.828529120685083}}, {"type": "Feature", "id": 608, "geometry": {"type": "LineString", "coordinates": [[109784.20499999821, 457736.0489999987], [109772.14999999851, 457724.3900000006]]}, "properties": {"Datum": "20190520", "Van_knpnr": "ZM0041", "Naar_knpnr": "ZM0040", "Strengnr": 2221841, "Offset": 0, "Strengtype": "inzamelriool", "Afvoertype": "gemengd", "Jaar": "1980", "Jaar_recon": "1980", "Materiaal": "pvc klasse 34 sn8", "Vorm": "rond", "Voeg": "mof-spie", "Grondslag": "zware zavel", "Fundatie": "staal", "VanBobpeil": "-1.170", "NarBobpeil": "-1.090", "Straat": "\"burg hoogenboomstraat, zwammerdam\"", "Straattype": "onbekend", "Verh_type": "onbekend", "Breedte": 315, "Hoogte": 315, "BodemBrdt": 9, "Lengte": 16.7700005, "Gebied": "centrum zwammerdam gem", "Inspectie": "20080225", "JaarVerv": "2078", "Beslismodl": "Geen maatregel", "Beoordeeld": "0000", "Tactisch": 7, "Act_Direct": 0, "Act_In_5Y": 0, "Act_In_10Y": 0, "Geen_actie": 0, "Niet_beord": 16.77, "Operationl": 0, "Project": "", "APM": 0, "APV": "", "Kosten": 2403.75, "Opmerking": "", "Tekening": "onbekend", "OBJ_ID": "c85b406067464cf0a075dce67d3bc955", "OBJECTID": 608, "Shape_Length": 16.770668023338665}}, {"type": "Feature", "id": 609, "geometry": {"type": "LineString", "coordinates": [[109784.20499999821, 457736.0489999987], [109795.76000000164, 457727.80000000075]]}, "properties": {"Datum": "20190520", "Van_knpnr": "ZM0041", "Naar_knpnr": "ZM0042", "Strengnr": 2221843, "Offset": 0, "Strengtype": "inzamelriool", "Afvoertype": "gemengd", "Jaar": "1980", "Jaar_recon": "1980", "Materiaal": "pvc klasse 34 sn8", "Vorm": "rond", "Voeg": "mof-spie", "Grondslag": "zware zavel", "Fundatie": "staal", "VanBobpeil": "-1.220", "NarBobpeil": "-1.200", "Straat": "\"swadenburgerdam, zwammerdam\"", "Straattype": "onbekend", "Verh_type": "onbekend", "Breedte": 315, "Hoogte": 315, "BodemBrdt": 9, "Lengte": 14.1999998, "Gebied": "centrum zwammerdam gem", "Inspectie": "", "JaarVerv": "0", "Beslismodl": "Geen beoordeling", "Beoordeeld": "0000", "Tactisch": 7, "Act_Direct": 0, "Act_In_5Y": 0, "Act_In_10Y": 0, "Geen_actie": 0, "Niet_beord": 14.2, "Operationl": 0, "Project": "", "APM": 0, "APV": "", "Kosten": 2349.36, "Opmerking": "", "Tekening": "onbekend", "OBJ_ID": "6c66561c3f304558ad3ffbbaf69fa61f", "OBJECTID": 609, "Shape_Length": 14.19732460873421}}, {"type": "Feature", "id": 610, "geometry": {"type": "LineString", "coordinates": [[109795.76000000164, 457727.80000000075], [109815.94999999925, 457721.1000000015]]}, "properties": {"Datum": "20190520", "Van_knpnr": "ZM0042", "Naar_knpnr": "ZM0043", "Strengnr": 2221844, "Offset": 0, "Strengtype": "inzamelriool", "Afvoertype": "gemengd", "Jaar": "1980", "Jaar_recon": "1980", "Materiaal": "pvc klasse 34 sn8", "Vorm": "rond", "Voeg": "mof-spie", "Grondslag": "zware zavel", "Fundatie": "staal", "VanBobpeil": "-1.010", "NarBobpeil": "-0.980", "Straat": "\"swadenburgerdam, zwammerdam\"", "Straattype": "onbekend", "Verh_type": "onbekend", "Breedte": 315, "Hoogte": 315, "BodemBrdt": 9, "Lengte": 21.2700005, "Gebied": "centrum zwammerdam gem", "Inspectie": "", "JaarVerv": "0", "Beslismodl": "Geen beoordeling", "Beoordeeld": "0000", "Tactisch": 7, "Act_Direct": 0, "Act_In_5Y": 0, "Act_In_10Y": 0, "Geen_actie": 0, "Niet_beord": 21.27, "Operationl": 0, "Project": "", "APM": 0, "APV": "", "Kosten": 3227.26, "Opmerking": "", "Tekening": "onbekend", "OBJ_ID": "8aa782e5dcad42cf94c3a7f0e28d4693", "OBJECTID": 610, "Shape_Length": 21.27266085598468}}, {"type": "Feature", "id": 611, "geometry": {"type": "LineString", "coordinates": [[109795.76000000164, 457727.80000000075], [109786.44000000134, 457679.1000000015]]}, "properties": {"Datum": "20190520", "Van_knpnr": "ZM0042", "Naar_knpnr": "ZM0063", "Strengnr": 2226404, "Offset": 0, "Strengtype": "inzamelriool", "Afvoertype": "gemengd", "Jaar": "1953", "Jaar_recon": "1953", "Materiaal": "beton", "Vorm": "ei", "Voeg": "vaar-moer", "Grondslag": "zware zavel", "Fundatie": "staal", "VanBobpeil": "-1.200", "NarBobpeil": "-1.370", "Straat": "\"kerkplein, zwammerdam\"", "Straattype": "onbekend", "Verh_type": "onbekend", "Breedte": 250, "Hoogte": 375, "BodemBrdt": 90, "Lengte": 49.5800018, "Gebied": "centrum zwammerdam gem", "Inspectie": "20170824", "JaarVerv": "2042", "Beslismodl": "In10jr inspectie", "Beoordeeld": "0000", "Tactisch": 7, "Act_Direct": 0, "Act_In_5Y": 0, "Act_In_10Y": 0, "Geen_actie": 0, "Niet_beord": 49.58, "Operationl": 0, "Project": "", "APM": 2, "APV": "R&I planning 2017", "Kosten": 11231.42, "Opmerking": "Vanaf A15040 na 9.00m diameter vergroting 300/450mm", "Tekening": "onbekend", "OBJ_ID": "76d1616e580d41aca9d6243b8765dc43", "OBJECTID": 611, "Shape_Length": 49.583791705889}}, {"type": "Feature", "id": 612, "geometry": {"type": "LineString", "coordinates": [[109815.94999999925, 457721.1000000015], [109835.66000000015, 457721.44000000134]]}, "properties": {"Datum": "20190520", "Van_knpnr": "ZM0043", "Naar_knpnr": "ZM0044", "Strengnr": 2221846, "Offset": 0, "Strengtype": "inzamelriool", "Afvoertype": "gemengd", "Jaar": "1980", "Jaar_recon": "1980", "Materiaal": "pvc klasse 34 sn8", "Vorm": "rond", "Voeg": "mof-spie", "Grondslag": "zware zavel", "Fundatie": "staal", "VanBobpeil": "-0.980", "NarBobpeil": "-0.950", "Straat": "\"swadenburgerdam, zwammerdam\"", "Straattype": "onbekend", "Verh_type": "onbekend", "Breedte": 315, "Hoogte": 315, "BodemBrdt": 9, "Lengte": 19.7099991, "Gebied": "centrum zwammerdam gem", "Inspectie": "", "JaarVerv": "0", "Beslismodl": "Geen beoordeling", "Beoordeeld": "0000", "Tactisch": 7, "Act_Direct": 0, "Act_In_5Y": 0, "Act_In_10Y": 0, "Geen_actie": 0, "Niet_beord": 19.71, "Operationl": 0, "Project": "", "APM": 0, "APV": "", "Kosten": 3260.98, "Opmerking": "", "Tekening": "onbekend", "OBJ_ID": "50c5d731bd4a45b698ac54a5a1867be2", "OBJECTID": 612, "Shape_Length": 19.712932304331158}}, {"type": "Feature", "id": 613, "geometry": {"type": "LineString", "coordinates": [[109835.66000000015, 457721.44000000134], [109841.64999999851, 457729.1099999994]]}, "properties": {"Datum": "20190520", "Van_knpnr": "ZM0044", "Naar_knpnr": "ZM0057", "Strengnr": 2221848, "Offset": 0, "Strengtype": "inzamelriool", "Afvoertype": "gemengd", "Jaar": "1980", "Jaar_recon": "1980", "Materiaal": "pvc klasse 34 sn8", "Vorm": "rond", "Voeg": "mof-spie", "Grondslag": "zware zavel", "Fundatie": "staal", "VanBobpeil": "-0.560", "NarBobpeil": "-0.580", "Straat": "\"swadenburgerdam, zwammerdam\"", "Straattype": "onbekend", "Verh_type": "onbekend", "Breedte": 315, "Hoogte": 315, "BodemBrdt": 9, "Lengte": 9.72999954, "Gebied": "centrum zwammerdam gem", "Inspectie": "", "JaarVerv": "0", "Beslismodl": "Geen beoordeling", "Beoordeeld": "0000", "Tactisch": 7, "Act_Direct": 0, "Act_In_5Y": 0, "Act_In_10Y": 0, "Geen_actie": 0, "Niet_beord": 9.73, "Operationl": 0, "Project": "", "APM": 0, "APV": "", "Kosten": 1410.22, "Opmerking": "", "Tekening": "onbekend", "OBJ_ID": "0", "OBJECTID": 613, "Shape_Length": 9.731854908014574}}, {"type": "Feature", "id": 614, "geometry": {"type": "LineString", "coordinates": [[109776.44399999827, 457926.55900000036], [109717.77199999988, 457945.63500000164]]}, "properties": {"Datum": "20190520", "Van_knpnr": "ZM0046", "Naar_knpnr": "ZM0045", "Strengnr": 2219186, "Offset": 0, "Strengtype": "inzamelriool", "Afvoertype": "gemengd", "Jaar": "1974", "Jaar_recon": "1974", "Materiaal": "pvc klasse 34 sn8", "Vorm": "rond", "Voeg": "mof-spie", "Grondslag": "zware klei", "Fundatie": "staal", "VanBobpeil": "-1.600", "NarBobpeil": "-1.450", "Straat": "\"lindenhovestraat, zwammerdam\"", "Straattype": "onbekend", "Verh_type": "onbekend", "Breedte": 200, "Hoogte": 200, "BodemBrdt": 6, "Lengte": 61.7000008, "Gebied": "lindenhovestraat gem", "Inspectie": "", "JaarVerv": "0", "Beslismodl": "Geen beoordeling", "Beoordeeld": "0000", "Tactisch": 7, "Act_Direct": 0, "Act_In_5Y": 0, "Act_In_10Y": 0, "Geen_actie": 0, "Niet_beord": 61.7, "Operationl": 0, "Project": "", "APM": 0, "APV": "", "Kosten": 9491.16, "Opmerking": "", "Tekening": "onbekend", "OBJ_ID": "0", "OBJECTID": 614, "Shape_Length": 61.69519721874667}}, {"type": "Feature", "id": 615, "geometry": {"type": "LineString", "coordinates": [[110037.75, 457871.8599999994], [110041.30000000075, 457868.41000000015]]}, "properties": {"Datum": "20190520", "Van_knpnr": "ZM0047", "Naar_knpnr": "F02913", "Strengnr": 2221299, "Offset": 0, "Strengtype": "inzamelriool", "Afvoertype": "gemengd", "Jaar": "1974", "Jaar_recon": "1974", "Materiaal": "pvc klasse 34 sn8", "Vorm": "rond", "Voeg": "mof-spie", "Grondslag": "zware klei", "Fundatie": "staal", "VanBobpeil": "-1.000", "NarBobpeil": "-1.000", "Straat": "\"lindenhovestraat, zwammerdam\"", "Straattype": "onbekend", "Verh_type": "onbekend", "Breedte": 200, "Hoogte": 200, "BodemBrdt": 6, "Lengte": 4.94999981, "Gebied": "lindenhovestraat gem", "Inspectie": "", "JaarVerv": "0", "Beslismodl": "Geen beoordeling", "Beoordeeld": "0000", "Tactisch": 7, "Act_Direct": 0, "Act_In_5Y": 0, "Act_In_10Y": 0, "Geen_actie": 0, "Niet_beord": 4.95, "Operationl": 0, "Project": "", "APM": 0, "APV": "", "Kosten": 700.13, "Opmerking": "", "Tekening": "onbekend", "OBJ_ID": "0", "OBJECTID": 615, "Shape_Length": 4.950252518826591}}, {"type": "Feature", "id": 616, "geometry": {"type": "LineString", "coordinates": [[110033.6400000006, 457884.94999999925], [110037.75, 457871.8599999994]]}, "properties": {"Datum": "20190520", "Van_knpnr": "ZM0048", "Naar_knpnr": "ZM0047", "Strengnr": 2220913, "Offset": 0, "Strengtype": "inzamelriool", "Afvoertype": "gemengd", "Jaar": "1974", "Jaar_recon": "1974", "Materiaal": "pvc klasse 34 sn8", "Vorm": "rond", "Voeg": "mof-spie", "Grondslag": "zware klei", "Fundatie": "staal", "VanBobpeil": "-1.000", "NarBobpeil": "-1.000", "Straat": "\"lindenhovestraat, zwammerdam\"", "Straattype": "onbekend", "Verh_type": "onbekend", "Breedte": 200, "Hoogte": 200, "BodemBrdt": 6, "Lengte": 13.7200003, "Gebied": "lindenhovestraat gem", "Inspectie": "", "JaarVerv": "0", "Beslismodl": "Geen beoordeling", "Beoordeeld": "0000", "Tactisch": 7, "Act_Direct": 0, "Act_In_5Y": 0, "Act_In_10Y": 0, "Geen_actie": 0, "Niet_beord": 13.72, "Operationl": 0, "Project": "", "APM": 0, "APV": "", "Kosten": 2123.31, "Opmerking": "", "Tekening": "onbekend", "OBJ_ID": "0", "OBJECTID": 616, "Shape_Length": 13.720065597190102}}, {"type": "Feature", "id": 617, "geometry": {"type": "LineString", "coordinates": [[109972.78599999845, 457874.54300000146], [110033.6400000006, 457884.94999999925]]}, "properties": {"Datum": "20190520", "Van_knpnr": "ZM0049", "Naar_knpnr": "ZM0048", "Strengnr": 2220912, "Offset": 0, "Strengtype": "inzamelriool", "Afvoertype": "gemengd", "Jaar": "1974", "Jaar_recon": "1974", "Materiaal": "pvc klasse 34 sn8", "Vorm": "rond", "Voeg": "mof-spie", "Grondslag": "zware klei", "Fundatie": "staal", "VanBobpeil": "-1.370", "NarBobpeil": "-1.000", "Straat": "\"lindenhovestraat, zwammerdam\"", "Straattype": "onbekend", "Verh_type": "onbekend", "Breedte": 200, "Hoogte": 200, "BodemBrdt": 6, "Lengte": 61.7400017, "Gebied": "lindenhovestraat gem", "Inspectie": "", "JaarVerv": "0", "Beslismodl": "Geen beoordeling", "Beoordeeld": "0000", "Tactisch": 7, "Act_Direct": 0, "Act_In_5Y": 0, "Act_In_10Y": 0, "Geen_actie": 0, "Niet_beord": 61.74, "Operationl": 0, "Project": "", "APM": 0, "APV": "", "Kosten": 8872.31, "Opmerking": "", "Tekening": "onbekend", "OBJ_ID": "7d1b3bf751414e5a80546e48bc18f2ae", "OBJECTID": 617, "Shape_Length": 61.737468082318166}}, {"type": "Feature", "id": 618, "geometry": {"type": "LineString", "coordinates": [[109898.7899999991, 457878.30000000075], [109901.87999999896, 457878.12999999896]]}, "properties": {"Datum": "20190520", "Van_knpnr": "ZM0050", "Naar_knpnr": "AG7693", "Strengnr": 2227150, "Offset": 0, "Strengtype": "inzamelriool", "Afvoertype": "gemengd", "Jaar": "2009", "Jaar_recon": "2009", "Materiaal": "pvc klasse 34 sn8", "Vorm": "rond", "Voeg": "mof-spie", "Grondslag": "zware klei", "Fundatie": "staal", "VanBobpeil": "-1.570", "NarBobpeil": "-1.570", "Straat": "\"lindenhovestraat, zwammerdam\"", "Straattype": "onbekend", "Verh_type": "onbekend", "Breedte": 200, "Hoogte": 200, "BodemBrdt": 6, "Lengte": 3.0999999, "Gebied": "lindenhovestraat gem", "Inspectie": "", "JaarVerv": "0", "Beslismodl": "Geen beoordeling", "Beoordeeld": "0000", "Tactisch": 7, "Act_Direct": 0, "Act_In_5Y": 0, "Act_In_10Y": 0, "Geen_actie": 0, "Niet_beord": 3.1, "Operationl": 0, "Project": "", "APM": 0, "APV": "", "Kosten": 458.28, "Opmerking": "", "Tekening": "onbekend", "OBJ_ID": "4e46ed1697a049018cdafb35988c5477", "OBJECTID": 618, "Shape_Length": 3.094672842109013}}, {"type": "Feature", "id": 619, "geometry": {"type": "LineString", "coordinates": [[109877.30000000075, 457815.8260000013], [109873, 457798.55000000075]]}, "properties": {"Datum": "20190520", "Van_knpnr": "ZM0052", "Naar_knpnr": "ZM0053", "Strengnr": 2220909, "Offset": 0, "Strengtype": "inzamelriool", "Afvoertype": "gemengd", "Jaar": "1992", "Jaar_recon": "1992", "Materiaal": "pvc klasse 34 sn8", "Vorm": "rond", "Voeg": "mof-spie", "Grondslag": "water", "Fundatie": "staal", "VanBobpeil": "-0.430", "NarBobpeil": "-0.440", "Straat": "\"brugstraat, zwammerdam\"", "Straattype": "onbekend", "Verh_type": "onbekend", "Breedte": 200, "Hoogte": 200, "BodemBrdt": 6, "Lengte": 17.7999992, "Gebied": "centrum zwammerdam gem", "Inspectie": "", "JaarVerv": "0", "Beslismodl": "Geen beoordeling", "Beoordeeld": "0000", "Tactisch": 7, "Act_Direct": 0, "Act_In_5Y": 0, "Act_In_10Y": 0, "Geen_actie": 0, "Niet_beord": 17.8, "Operationl": 0, "Project": "", "APM": 0, "APV": "", "Kosten": 2754.73, "Opmerking": "", "Tekening": "onbekend", "OBJ_ID": "68f033091c954b64badd663a3b5930a4", "OBJECTID": 619, "Shape_Length": 17.803094563163526}}, {"type": "Feature", "id": 620, "geometry": {"type": "LineString", "coordinates": [[109873, 457798.55000000075], [109863.49500000104, 457778.0789999999]]}, "properties": {"Datum": "20190520", "Van_knpnr": "ZM0053", "Naar_knpnr": "ZM0054", "Strengnr": 2216430, "Offset": 0, "Strengtype": "inzamelriool", "Afvoertype": "gemengd", "Jaar": "1975", "Jaar_recon": "1975", "Materiaal": "pvc klasse 34 sn8", "Vorm": "rond", "Voeg": "mof-spie", "Grondslag": "zware zavel", "Fundatie": "staal", "VanBobpeil": "-0.440", "NarBobpeil": "-0.500", "Straat": "\"brugstraat, zwammerdam\"", "Straattype": "onbekend", "Verh_type": "onbekend", "Breedte": 200, "Hoogte": 200, "BodemBrdt": 6, "Lengte": 22.5699997, "Gebied": "centrum zwammerdam gem", "Inspectie": "", "JaarVerv": "0", "Beslismodl": "Geen beoordeling", "Beoordeeld": "0000", "Tactisch": 7, "Act_Direct": 0, "Act_In_5Y": 0, "Act_In_10Y": 0, "Geen_actie": 0, "Niet_beord": 22.57, "Operationl": 0, "Project": "", "APM": 0, "APV": "", "Kosten": 3492.93, "Opmerking": "", "Tekening": "onbekend", "OBJ_ID": "0", "OBJECTID": 620, "Shape_Length": 22.570043553665016}}, {"type": "Feature", "id": 621, "geometry": {"type": "LineString", "coordinates": [[109863.49500000104, 457778.0789999999], [109838.30999999866, 457756.9200000018]]}, "properties": {"Datum": "20190520", "Van_knpnr": "ZM0054", "Naar_knpnr": "ZM0055", "Strengnr": 2216429, "Offset": 0, "Strengtype": "inzamelriool", "Afvoertype": "gemengd", "Jaar": "1975", "Jaar_recon": "1975", "Materiaal": "pvc klasse 34 sn8", "Vorm": "rond", "Voeg": "mof-spie", "Grondslag": "zware zavel", "Fundatie": "staal", "VanBobpeil": "-0.500", "NarBobpeil": "-0.550", "Straat": "\"brugstraat, zwammerdam\"", "Straattype": "onbekend", "Verh_type": "onbekend", "Breedte": 200, "Hoogte": 200, "BodemBrdt": 6, "Lengte": 32.8899994, "Gebied": "centrum zwammerdam gem", "Inspectie": "", "JaarVerv": "0", "Beslismodl": "Geen beoordeling", "Beoordeeld": "0000", "Tactisch": 7, "Act_Direct": 0, "Act_In_5Y": 0, "Act_In_10Y": 0, "Geen_actie": 0, "Niet_beord": 32.89, "Operationl": 0, "Project": "", "APM": 0, "APV": "", "Kosten": 5090.06, "Opmerking": "", "Tekening": "onbekend", "OBJ_ID": "a0a72357e0bc4f65b2ac89a285139f9d", "OBJECTID": 621, "Shape_Length": 32.893578492475356}}, {"type": "Feature", "id": 622, "geometry": {"type": "LineString", "coordinates": [[109838.30999999866, 457756.9200000018], [109837.16000000015, 457743.3200000003]]}, "properties": {"Datum": "20190520", "Van_knpnr": "ZM0055", "Naar_knpnr": "ZM0056", "Strengnr": 2216428, "Offset": 0, "Strengtype": "inzamelriool", "Afvoertype": "gemengd", "Jaar": "1975", "Jaar_recon": "1975", "Materiaal": "pvc klasse 34 sn8", "Vorm": "rond", "Voeg": "mof-spie", "Grondslag": "zware zavel", "Fundatie": "staal", "VanBobpeil": "-0.550", "NarBobpeil": "-0.560", "Straat": "\"brugstraat, zwammerdam\"", "Straattype": "onbekend", "Verh_type": "onbekend", "Breedte": 315, "Hoogte": 315, "BodemBrdt": 9, "Lengte": 13.6499996, "Gebied": "centrum zwammerdam gem", "Inspectie": "", "JaarVerv": "0", "Beslismodl": "Geen beoordeling", "Beoordeeld": "0000", "Tactisch": 7, "Act_Direct": 0, "Act_In_5Y": 0, "Act_In_10Y": 0, "Geen_actie": 0, "Niet_beord": 13.65, "Operationl": 0, "Project": "", "APM": 0, "APV": "", "Kosten": 1927.45, "Opmerking": "", "Tekening": "onbekend", "OBJ_ID": "4b170ab3d62344059d5e2840026138e8", "OBJECTID": 622, "Shape_Length": 13.648534721247694}}, {"type": "Feature", "id": 623, "geometry": {"type": "LineString", "coordinates": [[109837.16000000015, 457743.3200000003], [109841.64999999851, 457729.1099999994]]}, "properties": {"Datum": "20190520", "Van_knpnr": "ZM0056", "Naar_knpnr": "ZM0057", "Strengnr": 2216427, "Offset": 0, "Strengtype": "inzamelriool", "Afvoertype": "gemengd", "Jaar": "1975", "Jaar_recon": "1975", "Materiaal": "pvc klasse 34 sn8", "Vorm": "rond", "Voeg": "mof-spie", "Grondslag": "zware zavel", "Fundatie": "staal", "VanBobpeil": "-0.560", "NarBobpeil": "-0.580", "Straat": "\"brugstraat, zwammerdam\"", "Straattype": "onbekend", "Verh_type": "onbekend", "Breedte": 315, "Hoogte": 315, "BodemBrdt": 9, "Lengte": 14.8999996, "Gebied": "centrum zwammerdam gem", "Inspectie": "", "JaarVerv": "0", "Beslismodl": "Geen beoordeling", "Beoordeeld": "0000", "Tactisch": 7, "Act_Direct": 0, "Act_In_5Y": 0, "Act_In_10Y": 0, "Geen_actie": 0, "Niet_beord": 14.9, "Operationl": 0, "Project": "", "APM": 0, "APV": "", "Kosten": 2157.55, "Opmerking": "", "Tekening": "onbekend", "OBJ_ID": "9d95bcaab8cc496d949ed15cbc9deb61", "OBJECTID": 623, "Shape_Length": 14.902489725233503}}, {"type": "Feature", "id": 624, "geometry": {"type": "LineString", "coordinates": [[109841.64999999851, 457729.1099999994], [109868.37000000104, 457708.05999999866]]}, "properties": {"Datum": "20190520", "Van_knpnr": "ZM0057", "Naar_knpnr": "ZM0059", "Strengnr": 2216426, "Offset": 0, "Strengtype": "inzamelriool", "Afvoertype": "gemengd", "Jaar": "1975", "Jaar_recon": "1975", "Materiaal": "pvc klasse 34 sn8", "Vorm": "rond", "Voeg": "mof-spie", "Grondslag": "zware zavel", "Fundatie": "staal", "VanBobpeil": "-0.580", "NarBobpeil": "-0.620", "Straat": "\"plein, zwammerdam\"", "Straattype": "onbekend", "Verh_type": "onbekend", "Breedte": 315, "Hoogte": 315, "BodemBrdt": 9, "Lengte": 34.0200005, "Gebied": "centrum zwammerdam gem", "Inspectie": "", "JaarVerv": "0", "Beslismodl": "Geen beoordeling", "Beoordeeld": "0000", "Tactisch": 7, "Act_Direct": 0, "Act_In_5Y": 0, "Act_In_10Y": 0, "Geen_actie": 0, "Niet_beord": 34.02, "Operationl": 0, "Project": "", "APM": 0, "APV": "", "Kosten": 4885.37, "Opmerking": "", "Tekening": "onbekend", "OBJ_ID": "8e6f2d2235dd4baf83bfa7a69e88ab81", "OBJECTID": 624, "Shape_Length": 34.01559789518245}}, {"type": "Feature", "id": 625, "geometry": {"type": "LineString", "coordinates": [[109831.87000000104, 457689.58999999985], [109800.8200000003, 457678.9750000015], [109786.44000000134, 457679.1000000015]]}, "properties": {"Datum": "20190520", "Van_knpnr": "ZM0058", "Naar_knpnr": "ZM0063", "Strengnr": 2226403, "Offset": 0, "Strengtype": "inzamelriool", "Afvoertype": "gemengd", "Jaar": "1953", "Jaar_recon": "1953", "Materiaal": "beton", "Vorm": "ei", "Voeg": "vaar-moer", "Grondslag": "zware zavel", "Fundatie": "staal", "VanBobpeil": "-0.990", "NarBobpeil": "-1.370", "Straat": "\"kerkplein, zwammerdam\"", "Straattype": "onbekend", "Verh_type": "onbekend", "Breedte": 250, "Hoogte": 375, "BodemBrdt": 90, "Lengte": 47.2000008, "Gebied": "centrum zwammerdam gem", "Inspectie": "20090625", "JaarVerv": "2034", "Beslismodl": "In10jr inspectie", "Beoordeeld": "0000", "Tactisch": 7, "Act_Direct": 0, "Act_In_5Y": 0, "Act_In_10Y": 0, "Geen_actie": 0, "Niet_beord": 47.2, "Operationl": 0, "Project": "", "APM": 0, "APV": "", "Kosten": 10553.11, "Opmerking": "", "Tekening": "onbekend", "OBJ_ID": "0", "OBJECTID": 625, "Shape_Length": 47.194880464822596}}, {"type": "Feature", "id": 626, "geometry": {"type": "LineString", "coordinates": [[109868.37000000104, 457708.05999999866], [109831.87000000104, 457689.58999999985]]}, "properties": {"Datum": "20190520", "Van_knpnr": "ZM0059", "Naar_knpnr": "ZM0058", "Strengnr": 2216425, "Offset": 0, "Strengtype": "inzamelriool", "Afvoertype": "gemengd", "Jaar": "1953", "Jaar_recon": "1953", "Materiaal": "beton", "Vorm": "ei", "Voeg": "vaar-moer", "Grondslag": "zware zavel", "Fundatie": "staal", "VanBobpeil": "-0.620", "NarBobpeil": "-0.990", "Straat": "\"kerkstraat, zwammerdam\"", "Straattype": "onbekend", "Verh_type": "onbekend", "Breedte": 250, "Hoogte": 375, "BodemBrdt": 90, "Lengte": 40.9099998, "Gebied": "centrum zwammerdam gem", "Inspectie": "20090625", "JaarVerv": "2034", "Beslismodl": "In10jr inspectie", "Beoordeeld": "0000", "Tactisch": 7, "Act_Direct": 0, "Act_In_5Y": 0, "Act_In_10Y": 0, "Geen_actie": 0, "Niet_beord": 40.91, "Operationl": 0, "Project": "", "APM": 0, "APV": "", "Kosten": 8376.55, "Opmerking": "", "Tekening": "onbekend", "OBJ_ID": "08e1be0eca2843ae970556475692f8eb", "OBJECTID": 626, "Shape_Length": 40.907100850047584}}, {"type": "Feature", "id": 627, "geometry": {"type": "LineString", "coordinates": [[109887.90399999917, 457717.53400000185], [109879.82999999821, 457713.4299999997]]}, "properties": {"Datum": "20190520", "Van_knpnr": "ZM0060", "Naar_knpnr": "ZM0061", "Strengnr": 1, "Offset": 0, "Strengtype": "inzamelriool", "Afvoertype": "gemengd", "Jaar": "0", "Jaar_recon": "0", "Materiaal": "onbekend", "Vorm": "onbekend", "Voeg": "onbekend", "Grondslag": "onbekend", "Fundatie": "onbekend", "VanBobpeil": "", "NarBobpeil": "", "Straat": "\"plein, zwammerdam\"", "Straattype": "onbekend", "Verh_type": "onbekend", "Breedte": 0, "Hoogte": 0, "BodemBrdt": 130, "Lengte": 9.06000042, "Gebied": "centrum zwammerdam gem", "Inspectie": "", "JaarVerv": "0", "Beslismodl": "Geen beoordeling", "Beoordeeld": "0000", "Tactisch": 7, "Act_Direct": 0, "Act_In_5Y": 0, "Act_In_10Y": 0, "Geen_actie": 0, "Niet_beord": 9.06, "Operationl": 0, "Project": "", "APM": 0, "APV": "", "Kosten": 1555.76, "Opmerking": "", "Tekening": "onbekend", "OBJ_ID": "0", "OBJECTID": 627, "Shape_Length": 9.057167991873198}}, {"type": "Feature", "id": 628, "geometry": {"type": "LineString", "coordinates": [[109879.82999999821, 457713.4299999997], [109868.37000000104, 457708.05999999866]]}, "properties": {"Datum": "20190520", "Van_knpnr": "ZM0061", "Naar_knpnr": "ZM0059", "Strengnr": 2221394, "Offset": 0, "Strengtype": "inzamelriool", "Afvoertype": "gemengd", "Jaar": "1980", "Jaar_recon": "1980", "Materiaal": "pvc klasse 34 sn8", "Vorm": "rond", "Voeg": "mof-spie", "Grondslag": "zware zavel", "Fundatie": "staal", "VanBobpeil": "-0.580", "NarBobpeil": "-0.620", "Straat": "\"plein, zwammerdam\"", "Straattype": "onbekend", "Verh_type": "onbekend", "Breedte": 315, "Hoogte": 315, "BodemBrdt": 9, "Lengte": 12.6599998, "Gebied": "centrum zwammerdam gem", "Inspectie": "", "JaarVerv": "0", "Beslismodl": "Geen beoordeling", "Beoordeeld": "0000", "Tactisch": 7, "Act_Direct": 0, "Act_In_5Y": 0, "Act_In_10Y": 0, "Geen_actie": 0, "Niet_beord": 12.66, "Operationl": 0, "Project": "", "APM": 0, "APV": "", "Kosten": 1791.03, "Opmerking": "", "Tekening": "onbekend", "OBJ_ID": "4bff0e37051a43d8932414d7e79ed7da", "OBJECTID": 628, "Shape_Length": 12.655769433199671}}, {"type": "Feature", "id": 629, "geometry": {"type": "LineString", "coordinates": [[109770.62999999896, 457700.6099999994], [109786.44000000134, 457679.1000000015]]}, "properties": {"Datum": "20190520", "Van_knpnr": "ZM0062", "Naar_knpnr": "ZM0063", "Strengnr": 2214979, "Offset": 0, "Strengtype": "inzamelriool", "Afvoertype": "gemengd", "Jaar": "1953", "Jaar_recon": "1953", "Materiaal": "beton", "Vorm": "ei", "Voeg": "vaar-moer", "Grondslag": "zware zavel", "Fundatie": "staal", "VanBobpeil": "-1.550", "NarBobpeil": "-1.370", "Straat": "\"kerkplein, zwammerdam\"", "Straattype": "onbekend", "Verh_type": "onbekend", "Breedte": 250, "Hoogte": 375, "BodemBrdt": 90, "Lengte": 26.7000008, "Gebied": "centrum zwammerdam gem", "Inspectie": "19970604", "JaarVerv": "2007", "Beslismodl": "In10jr vervangen", "Beoordeeld": "0000", "Tactisch": 7, "Act_Direct": 0, "Act_In_5Y": 0, "Act_In_10Y": 0, "Geen_actie": 0, "Niet_beord": 26.7, "Operationl": 0, "Project": "", "APM": 0, "APV": "", "Kosten": 5534.5, "Opmerking": "", "Tekening": "onbekend", "OBJ_ID": "0", "OBJECTID": 629, "Shape_Length": 26.69524676764838}}, {"type": "Feature", "id": 630, "geometry": {"type": "LineString", "coordinates": [[109770.62999999896, 457700.6099999994], [109718.10000000149, 457670.44999999925]]}, "properties": {"Datum": "20190520", "Van_knpnr": "ZM0062", "Naar_knpnr": "ZM0099", "Strengnr": 2226815, "Offset": 0, "Strengtype": "inzamelriool", "Afvoertype": "gemengd", "Jaar": "1997", "Jaar_recon": "1997", "Materiaal": "beton", "Vorm": "rond", "Voeg": "mof-spie", "Grondslag": "zware zavel", "Fundatie": "staal", "VanBobpeil": "-1.550", "NarBobpeil": "-1.630", "Straat": "\"burg hoogenboomstraat, zwammerdam\"", "Straattype": "onbekend", "Verh_type": "onbekend", "Breedte": 500, "Hoogte": 500, "BodemBrdt": 70, "Lengte": 60.5699997, "Gebied": "centrum zwammerdam gem", "Inspectie": "", "JaarVerv": "0", "Beslismodl": "Geen beoordeling", "Beoordeeld": "0000", "Tactisch": 7, "Act_Direct": 0, "Act_In_5Y": 0, "Act_In_10Y": 0, "Geen_actie": 0, "Niet_beord": 60.57, "Operationl": 0, "Project": "", "APM": 0, "APV": "", "Kosten": 16101.32, "Opmerking": "", "Tekening": "onbekend", "OBJ_ID": "1d02f1e3595a48e58aa574b2b5533220", "OBJECTID": 630, "Shape_Length": 60.57248962807168}}, {"type": "Feature", "id": 631, "geometry": {"type": "LineString", "coordinates": [[109786.44000000134, 457679.1000000015], [109791.9299999997, 457669.8299999982]]}, "properties": {"Datum": "20190520", "Van_knpnr": "ZM0063", "Naar_knpnr": "ZM0064", "Strengnr": 2215348, "Offset": 0, "Strengtype": "inzamelriool", "Afvoertype": "gemengd", "Jaar": "1961", "Jaar_recon": "1961", "Materiaal": "beton", "Vorm": "rond", "Voeg": "vaar-moer", "Grondslag": "zware zavel", "Fundatie": "staal", "VanBobpeil": "-1.060", "NarBobpeil": "-0.920", "Straat": "\"kerkplein, zwammerdam\"", "Straattype": "onbekend", "Verh_type": "onbekend", "Breedte": 300, "Hoogte": 300, "BodemBrdt": 55, "Lengte": 10.7700005, "Gebied": "centrum zwammerdam gem", "Inspectie": "20170824", "JaarVerv": "2062", "Beslismodl": "In10jr inspectie", "Beoordeeld": "0000", "Tactisch": 7, "Act_Direct": 0, "Act_In_5Y": 0, "Act_In_10Y": 0, "Geen_actie": 0, "Niet_beord": 10.77, "Operationl": 0, "Project": "", "APM": 2, "APV": "R&I planning 2017", "Kosten": 2171.29, "Opmerking": "", "Tekening": "onbekend", "OBJ_ID": "b7fd2edeb94b4e32aad9e6879a1089ee", "OBJECTID": 631, "Shape_Length": 10.773718023170145}}, {"type": "Feature", "id": 632, "geometry": {"type": "LineString", "coordinates": [[109791.9299999997, 457669.8299999982], [109804.3900000006, 457631.8999999985]]}, "properties": {"Datum": "20190520", "Van_knpnr": "ZM0064", "Naar_knpnr": "ZM0065", "Strengnr": 2215422, "Offset": 0, "Strengtype": "inzamelriool", "Afvoertype": "gemengd", "Jaar": "1961", "Jaar_recon": "1961", "Materiaal": "beton", "Vorm": "ei", "Voeg": "vaar-moer", "Grondslag": "zware zavel", "Fundatie": "staal", "VanBobpeil": "-0.830", "NarBobpeil": "-1.700", "Straat": "\"kerkplein, zwammerdam\"", "Straattype": "onbekend", "Verh_type": "onbekend", "Breedte": 250, "Hoogte": 375, "BodemBrdt": 80, "Lengte": 39.9199982, "Gebied": "centrum zwammerdam gem", "Inspectie": "20170824", "JaarVerv": "2027", "Beslismodl": "In10jr vervangen", "Beoordeeld": "0000", "Tactisch": 7, "Act_Direct": 0, "Act_In_5Y": 0, "Act_In_10Y": 0, "Geen_actie": 0, "Niet_beord": 39.92, "Operationl": 0, "Project": "", "APM": 2, "APV": "R&I planning 2017", "Kosten": 8947.84, "Opmerking": "", "Tekening": "onbekend", "OBJ_ID": "a93b8c11cc174161ac9b6ec879fe2b51", "OBJECTID": 632, "Shape_Length": 39.92413430494983}}, {"type": "Feature", "id": 633, "geometry": {"type": "LineString", "coordinates": [[109804.3900000006, 457631.8999999985], [109770.41000000015, 457616.30000000075]]}, "properties": {"Datum": "20190520", "Van_knpnr": "ZM0065", "Naar_knpnr": "ZM0098", "Strengnr": 2215423, "Offset": 0, "Strengtype": "inzamelriool", "Afvoertype": "gemengd", "Jaar": "1952", "Jaar_recon": "1952", "Materiaal": "beton", "Vorm": "ei", "Voeg": "vaar-moer", "Grondslag": "zware zavel", "Fundatie": "staal", "VanBobpeil": "-1.650", "NarBobpeil": "-1.730", "Straat": "\"kerklaan, zwammerdam\"", "Straattype": "onbekend", "Verh_type": "onbekend", "Breedte": 400, "Hoogte": 600, "BodemBrdt": 90, "Lengte": 37.3899994, "Gebied": "centrum zwammerdam gem", "Inspectie": "20170824", "JaarVerv": "2027", "Beslismodl": "In10jr vervangen", "Beoordeeld": "0000", "Tactisch": 7, "Act_Direct": 0, "Act_In_5Y": 0, "Act_In_10Y": 0, "Geen_actie": 0, "Niet_beord": 37.39, "Operationl": 0, "Project": "", "APM": 2, "APV": "R&I planning 2017", "Kosten": 10162.2, "Opmerking": "", "Tekening": "onbekend", "OBJ_ID": "348ad4317e28412da7d50b52314e912a", "OBJECTID": 633, "Shape_Length": 37.3898435402001}}, {"type": "Feature", "id": 634, "geometry": {"type": "LineString", "coordinates": [[109847.44000000134, 457614.80999999866], [109859.62999999896, 457583.33999999985]]}, "properties": {"Datum": "20190520", "Van_knpnr": "ZM0066", "Naar_knpnr": "ZM0096", "Strengnr": 2216424, "Offset": 0, "Strengtype": "inzamelriool", "Afvoertype": "gemengd", "Jaar": "1952", "Jaar_recon": "1952", "Materiaal": "beton", "Vorm": "ei", "Voeg": "vaar-moer", "Grondslag": "zware zavel", "Fundatie": "staal", "VanBobpeil": "-1.410", "NarBobpeil": "-1.330", "Straat": "\"hellenbroeckstraat, zwammerdam\"", "Straattype": "onbekend", "Verh_type": "onbekend", "Breedte": 250, "Hoogte": 375, "BodemBrdt": 90, "Lengte": 33.75, "Gebied": "centrum zwammerdam gem", "Inspectie": "20170824", "JaarVerv": "2027", "Beslismodl": "In10jr vervangen", "Beoordeeld": "0000", "Tactisch": 7, "Act_Direct": 0, "Act_In_5Y": 0, "Act_In_10Y": 0, "Geen_actie": 0, "Niet_beord": 33.75, "Operationl": 0, "Project": "", "APM": 2, "APV": "R&I planning 2017", "Kosten": 7569.61, "Opmerking": "", "Tekening": "onbekend", "OBJ_ID": "73eac16e02a34348a790629f753257d6", "OBJECTID": 634, "Shape_Length": 33.74843699887216}}, {"type": "Feature", "id": 635, "geometry": {"type": "LineString", "coordinates": [[109834.30000000075, 457645.3599999994], [109804.3900000006, 457631.8999999985]]}, "properties": {"Datum": "20190520", "Van_knpnr": "ZM0067", "Naar_knpnr": "ZM0065", "Strengnr": 2215424, "Offset": 0, "Strengtype": "inzamelriool", "Afvoertype": "gemengd", "Jaar": "1952", "Jaar_recon": "1952", "Materiaal": "beton", "Vorm": "ei", "Voeg": "vaar-moer", "Grondslag": "zware zavel", "Fundatie": "staal", "VanBobpeil": "-1.640", "NarBobpeil": "-1.700", "Straat": "\"kerklaan, zwammerdam\"", "Straattype": "onbekend", "Verh_type": "onbekend", "Breedte": 400, "Hoogte": 600, "BodemBrdt": 90, "Lengte": 32.7999992, "Gebied": "centrum zwammerdam gem", "Inspectie": "20120113", "JaarVerv": "2037", "Beslismodl": "In10jr inspectie", "Beoordeeld": "0000", "Tactisch": 7, "Act_Direct": 0, "Act_In_5Y": 0, "Act_In_10Y": 0, "Geen_actie": 0, "Niet_beord": 32.8, "Operationl": 0, "Project": "", "APM": 0, "APV": "", "Kosten": 9009.06, "Opmerking": "", "Tekening": "onbekend", "OBJ_ID": "5772aa4fbe3847aa8f92af6716534f3a", "OBJECTID": 635, "Shape_Length": 32.79908078030514}}, {"type": "Feature", "id": 636, "geometry": {"type": "LineString", "coordinates": [[109834.30000000075, 457645.3599999994], [109847.44000000134, 457614.80999999866]]}, "properties": {"Datum": "20190520", "Van_knpnr": "ZM0067", "Naar_knpnr": "ZM0066", "Strengnr": 2215425, "Offset": 0, "Strengtype": "inzamelriool", "Afvoertype": "gemengd", "Jaar": "1952", "Jaar_recon": "1952", "Materiaal": "beton", "Vorm": "ei", "Voeg": "vaar-moer", "Grondslag": "zware zavel", "Fundatie": "staal", "VanBobpeil": "-1.390", "NarBobpeil": "-1.370", "Straat": "\"hellenbroeckstraat, zwammerdam\"", "Straattype": "onbekend", "Verh_type": "onbekend", "Breedte": 250, "Hoogte": 375, "BodemBrdt": 90, "Lengte": 33.2599983, "Gebied": "centrum zwammerdam gem", "Inspectie": "20090625", "JaarVerv": "2034", "Beslismodl": "In10jr inspectie", "Beoordeeld": "0000", "Tactisch": 7, "Act_Direct": 0, "Act_In_5Y": 0, "Act_In_10Y": 0, "Geen_actie": 0, "Niet_beord": 33.26, "Operationl": 0, "Project": "", "APM": 0, "APV": "", "Kosten": 7464.38, "Opmerking": "", "Tekening": "onbekend", "OBJ_ID": "e22217178ce64a829f1d46072f329df4", "OBJECTID": 636, "Shape_Length": 33.2560084805917}}, {"type": "Feature", "id": 637, "geometry": {"type": "LineString", "coordinates": [[109863.72700000182, 457658.8440000005], [109834.30000000075, 457645.3599999994]]}, "properties": {"Datum": "20190520", "Van_knpnr": "ZM0068", "Naar_knpnr": "ZM0067", "Strengnr": 2215426, "Offset": 0, "Strengtype": "inzamelriool", "Afvoertype": "gemengd", "Jaar": "1952", "Jaar_recon": "1952", "Materiaal": "beton", "Vorm": "ei", "Voeg": "vaar-moer", "Grondslag": "zware zavel", "Fundatie": "staal", "VanBobpeil": "-1.730", "NarBobpeil": "-1.700", "Straat": "\"kerklaan, zwammerdam\"", "Straattype": "onbekend", "Verh_type": "onbekend", "Breedte": 400, "Hoogte": 600, "BodemBrdt": 90, "Lengte": 32.3699989, "Gebied": "centrum zwammerdam gem", "Inspectie": "20120113", "JaarVerv": "2037", "Beslismodl": "In10jr inspectie", "Beoordeeld": "0000", "Tactisch": 7, "Act_Direct": 0, "Act_In_5Y": 0, "Act_In_10Y": 0, "Geen_actie": 0, "Niet_beord": 32.37, "Operationl": 0, "Project": "", "APM": 0, "APV": "", "Kosten": 8937.51, "Opmerking": "", "Tekening": "onbekend", "OBJ_ID": "0", "OBJECTID": 637, "Shape_Length": 32.36922280643885}}, {"type": "Feature", "id": 638, "geometry": {"type": "LineString", "coordinates": [[109892.9299999997, 457672.08999999985], [109863.72700000182, 457658.8440000005]]}, "properties": {"Datum": "20190520", "Van_knpnr": "ZM0069", "Naar_knpnr": "ZM0068", "Strengnr": 2215427, "Offset": 0, "Strengtype": "inzamelriool", "Afvoertype": "gemengd", "Jaar": "1952", "Jaar_recon": "1952", "Materiaal": "beton", "Vorm": "ei", "Voeg": "vaar-moer", "Grondslag": "zware zavel", "Fundatie": "staal", "VanBobpeil": "-1.610", "NarBobpeil": "-1.710", "Straat": "\"kerklaan, zwammerdam\"", "Straattype": "onbekend", "Verh_type": "onbekend", "Breedte": 400, "Hoogte": 600, "BodemBrdt": 90, "Lengte": 32.0699997, "Gebied": "centrum zwammerdam gem", "Inspectie": "20120113", "JaarVerv": "2037", "Beslismodl": "In10jr inspectie", "Beoordeeld": "0000", "Tactisch": 7, "Act_Direct": 0, "Act_In_5Y": 0, "Act_In_10Y": 0, "Geen_actie": 0, "Niet_beord": 32.07, "Operationl": 0, "Project": "", "APM": 0, "APV": "", "Kosten": 8987.32, "Opmerking": "", "Tekening": "onbekend", "OBJ_ID": "0", "OBJECTID": 638, "Shape_Length": 32.06667623653947}}, {"type": "Feature", "id": 639, "geometry": {"type": "LineString", "coordinates": [[109921.89600000158, 457685.26999999955], [109879.82999999821, 457713.4299999997]]}, "properties": {"Datum": "20190520", "Van_knpnr": "ZM0070", "Naar_knpnr": "ZM0061", "Strengnr": 2220905, "Offset": 0, "Strengtype": "inzamelriool", "Afvoertype": "gemengd", "Jaar": "1980", "Jaar_recon": "1980", "Materiaal": "pvc klasse 34 sn8", "Vorm": "rond", "Voeg": "mof-spie", "Grondslag": "zware zavel", "Fundatie": "staal", "VanBobpeil": "-1.110", "NarBobpeil": "-0.980", "Straat": "\"kerkstraat, zwammerdam\"", "Straattype": "onbekend", "Verh_type": "onbekend", "Breedte": 315, "Hoogte": 315, "BodemBrdt": 9, "Lengte": 50.6199989, "Gebied": "centrum zwammerdam gem", "Inspectie": "", "JaarVerv": "0", "Beslismodl": "Geen beoordeling", "Beoordeeld": "0000", "Tactisch": 7, "Act_Direct": 0, "Act_In_5Y": 0, "Act_In_10Y": 0, "Geen_actie": 0, "Niet_beord": 50.62, "Operationl": 0, "Project": "", "APM": 0, "APV": "", "Kosten": 8374.97, "Opmerking": "", "Tekening": "onbekend", "OBJ_ID": "0", "OBJECTID": 639, "Shape_Length": 50.62147722352362}}, {"type": "Feature", "id": 640, "geometry": {"type": "LineString", "coordinates": [[109921.89600000158, 457685.26999999955], [109892.9299999997, 457672.08999999985]]}, "properties": {"Datum": "20190520", "Van_knpnr": "ZM0070", "Naar_knpnr": "ZM0069", "Strengnr": 2215428, "Offset": 0, "Strengtype": "inzamelriool", "Afvoertype": "gemengd", "Jaar": "1952", "Jaar_recon": "1952", "Materiaal": "beton", "Vorm": "ei", "Voeg": "vaar-moer", "Grondslag": "zware zavel", "Fundatie": "staal", "VanBobpeil": "-1.110", "NarBobpeil": "-1.560", "Straat": "\"kerklaan, zwammerdam\"", "Straattype": "onbekend", "Verh_type": "onbekend", "Breedte": 400, "Hoogte": 600, "BodemBrdt": 90, "Lengte": 31.8199997, "Gebied": "centrum zwammerdam gem", "Inspectie": "20120113", "JaarVerv": "2037", "Beslismodl": "In10jr inspectie", "Beoordeeld": "0000", "Tactisch": 7, "Act_Direct": 0, "Act_In_5Y": 0, "Act_In_10Y": 0, "Geen_actie": 0, "Niet_beord": 31.82, "Operationl": 0, "Project": "", "APM": 0, "APV": "", "Kosten": 8762.77, "Opmerking": "", "Tekening": "onbekend", "OBJ_ID": "627fd035d62043b4bb7eefb9a32dbe56", "OBJECTID": 640, "Shape_Length": 31.823600614966782}}, {"type": "Feature", "id": 641, "geometry": {"type": "LineString", "coordinates": [[109921.89600000158, 457685.26999999955], [109943.57999999821, 457665.9299999997]]}, "properties": {"Datum": "20190520", "Van_knpnr": "ZM0070", "Naar_knpnr": "ZM0071", "Strengnr": 2215429, "Offset": 0, "Strengtype": "inzamelriool", "Afvoertype": "gemengd", "Jaar": "1950", "Jaar_recon": "1950", "Materiaal": "beton", "Vorm": "ei", "Voeg": "vaar-moer", "Grondslag": "zware zavel", "Fundatie": "staal", "VanBobpeil": "-1.090", "NarBobpeil": "-1.130", "Straat": "\"molenstraat, zwammerdam\"", "Straattype": "onbekend", "Verh_type": "onbekend", "Breedte": 400, "Hoogte": 600, "BodemBrdt": 90, "Lengte": 29.0599995, "Gebied": "centrum zwammerdam gem", "Inspectie": "20080226", "JaarVerv": "2033", "Beslismodl": "In10jr inspectie", "Beoordeeld": "0000", "Tactisch": 7, "Act_Direct": 0, "Act_In_5Y": 0, "Act_In_10Y": 0, "Geen_actie": 0, "Niet_beord": 29.06, "Operationl": 0, "Project": "", "APM": 0, "APV": "", "Kosten": 7710.08, "Opmerking": "", "Tekening": "onbekend", "OBJ_ID": "13c50f789d5e4e51ab419a850d25c5cf", "OBJECTID": 641, "Shape_Length": 29.055661339026297}}, {"type": "Feature", "id": 642, "geometry": {"type": "LineString", "coordinates": [[109943.57999999821, 457665.9299999997], [109951.03200000152, 457665.25], [109952.61199999973, 457665.6030000001]]}, "properties": {"Datum": "20190520", "Van_knpnr": "ZM0071", "Naar_knpnr": "ZM0072", "Strengnr": 2221177, "Offset": 0, "Strengtype": "inzamelriool", "Afvoertype": "gemengd", "Jaar": "2010", "Jaar_recon": "2010", "Materiaal": "pvc klasse 34 sn8", "Vorm": "rond", "Voeg": "mof-spie", "Grondslag": "zware zavel", "Fundatie": "staal", "VanBobpeil": "-1.100", "NarBobpeil": "-1.050", "Straat": "\"molenstraat, zwammerdam\"", "Straattype": "onbekend", "Verh_type": "onbekend", "Breedte": 250, "Hoogte": 250, "BodemBrdt": 6, "Lengte": 9.10000038, "Gebied": "centrum zwammerdam gem", "Inspectie": "", "JaarVerv": "0", "Beslismodl": "Geen beoordeling", "Beoordeeld": "0000", "Tactisch": 7, "Act_Direct": 0, "Act_In_5Y": 0, "Act_In_10Y": 0, "Geen_actie": 0, "Niet_beord": 9.1, "Operationl": 0, "Project": "", "APM": 0, "APV": "", "Kosten": 1347.09, "Opmerking": "", "Tekening": "onbekend", "OBJ_ID": "a9d50102b5674043a90a7da789e0db00", "OBJECTID": 642, "Shape_Length": 9.101913969607546}}, {"type": "Feature", "id": 643, "geometry": {"type": "LineString", "coordinates": [[109943.57999999821, 457665.9299999997], [109963.5399999991, 457644.8999999985]]}, "properties": {"Datum": "20190520", "Van_knpnr": "ZM0071", "Naar_knpnr": "ZM0083", "Strengnr": 2216423, "Offset": 0, "Strengtype": "inzamelriool", "Afvoertype": "gemengd", "Jaar": "1950", "Jaar_recon": "1950", "Materiaal": "beton", "Vorm": "ei", "Voeg": "vaar-moer", "Grondslag": "zware zavel", "Fundatie": "staal", "VanBobpeil": "-1.170", "NarBobpeil": "-1.150", "Straat": "\"molenstraat, zwammerdam\"", "Straattype": "onbekend", "Verh_type": "onbekend", "Breedte": 400, "Hoogte": 600, "BodemBrdt": 90, "Lengte": 28.9899998, "Gebied": "centrum zwammerdam gem", "Inspectie": "20080226", "JaarVerv": "2033", "Beslismodl": "In10jr inspectie", "Beoordeeld": "0000", "Tactisch": 7, "Act_Direct": 0, "Act_In_5Y": 0, "Act_In_10Y": 0, "Geen_actie": 0, "Niet_beord": 28.99, "Operationl": 0, "Project": "", "APM": 0, "APV": "", "Kosten": 7665.45, "Opmerking": "", "Tekening": "onbekend", "OBJ_ID": "81ea3d0b6dcc46f4bce1926d47820f15", "OBJECTID": 643, "Shape_Length": 28.99418045204642}}, {"type": "Feature", "id": 644, "geometry": {"type": "LineString", "coordinates": [[109952.61199999973, 457665.6030000001], [109980.69999999925, 457686.41000000015]]}, "properties": {"Datum": "20190520", "Van_knpnr": "ZM0072", "Naar_knpnr": "ZM0073", "Strengnr": 2227019, "Offset": 0, "Strengtype": "inzamelriool", "Afvoertype": "vuilwater gs", "Jaar": "2010", "Jaar_recon": "2010", "Materiaal": "pvc klasse 34 sn8", "Vorm": "rond", "Voeg": "mof-spie", "Grondslag": "zware zavel", "Fundatie": "staal", "VanBobpeil": "-1.050", "NarBobpeil": "-0.950", "Straat": "palmboomhof", "Straattype": "onbekend", "Verh_type": "onbekend", "Breedte": 250, "Hoogte": 250, "BodemBrdt": 6, "Lengte": 34.9500008, "Gebied": "centrum zwammerdam gem", "Inspectie": "", "JaarVerv": "0", "Beslismodl": "Geen beoordeling", "Beoordeeld": "0000", "Tactisch": 7, "Act_Direct": 0, "Act_In_5Y": 0, "Act_In_10Y": 0, "Geen_actie": 0, "Niet_beord": 34.95, "Operationl": 0, "Project": "", "APM": 0, "APV": "", "Kosten": 3889.38, "Opmerking": "", "Tekening": "onbekend", "OBJ_ID": "0", "OBJECTID": 644, "Shape_Length": 34.95521410282668}}, {"type": "Feature", "id": 645, "geometry": {"type": "LineString", "coordinates": [[109893.23000000045, 457638.1400000006], [109905.05299999937, 457607.09600000083], [109903.3900000006, 457602.05000000075]]}, "properties": {"Datum": "20190520", "Van_knpnr": "ZM0074", "Naar_knpnr": "ZM0081", "Strengnr": 2220908, "Offset": 0, "Strengtype": "inzamelriool", "Afvoertype": "gemengd", "Jaar": "1993", "Jaar_recon": "1993", "Materiaal": "pvc klasse 34 sn8", "Vorm": "rond", "Voeg": "mof-spie", "Grondslag": "zware zavel", "Fundatie": "staal", "VanBobpeil": "-1.200", "NarBobpeil": "-1.220", "Straat": "\"van oordestraat, zwammerdam\"", "Straattype": "onbekend", "Verh_type": "onbekend", "Breedte": 250, "Hoogte": 250, "BodemBrdt": 6, "Lengte": 38.5299988, "Gebied": "centrum zwammerdam gem", "Inspectie": "", "JaarVerv": "0", "Beslismodl": "Geen beoordeling", "Beoordeeld": "0000", "Tactisch": 7, "Act_Direct": 0, "Act_In_5Y": 0, "Act_In_10Y": 0, "Geen_actie": 0, "Niet_beord": 38.53, "Operationl": 0, "Project": "", "APM": 0, "APV": "", "Kosten": 5693.42, "Opmerking": "", "Tekening": "onbekend", "OBJ_ID": "8bfbffd9bb7d422e97a0d6e2e0924a4e", "OBJECTID": 645, "Shape_Length": 38.53214341529108}}, {"type": "Feature", "id": 646, "geometry": {"type": "LineString", "coordinates": [[109981.69000000134, 457571.94999999925], [109998.8900000006, 457580.7800000012]]}, "properties": {"Datum": "20190520", "Van_knpnr": "ZM0075", "Naar_knpnr": "F07476", "Strengnr": 2215441, "Offset": 0, "Strengtype": "inzamelriool", "Afvoertype": "gemengd", "Jaar": "1954", "Jaar_recon": "1954", "Materiaal": "beton", "Vorm": "ei", "Voeg": "vaar-moer", "Grondslag": "zware zavel", "Fundatie": "staal", "VanBobpeil": "-1.090", "NarBobpeil": "-1.390", "Straat": "\"vosholstraat, zwammerdam\"", "Straattype": "onbekend", "Verh_type": "onbekend", "Breedte": 250, "Hoogte": 375, "BodemBrdt": 90, "Lengte": 19.3299999, "Gebied": "centrum zwammerdam gem", "Inspectie": "20090625", "JaarVerv": "2034", "Beslismodl": "In10jr inspectie", "Beoordeeld": "0000", "Tactisch": 7, "Act_Direct": 0, "Act_In_5Y": 0, "Act_In_10Y": 0, "Geen_actie": 0, "Niet_beord": 19.33, "Operationl": 0, "Project": "", "APM": 0, "APV": "", "Kosten": 3990.52, "Opmerking": "", "Tekening": "onbekend", "OBJ_ID": "3162d62efd0349418e0b2cc4fafb1ab8", "OBJECTID": 646, "Shape_Length": 19.33413820185891}}, {"type": "Feature", "id": 647, "geometry": {"type": "LineString", "coordinates": [[109981.69000000134, 457571.94999999925], [109965.1799999997, 457564.6799999997]]}, "properties": {"Datum": "20190520", "Van_knpnr": "ZM0075", "Naar_knpnr": "ZM0076", "Strengnr": 2215440, "Offset": 0, "Strengtype": "inzamelriool", "Afvoertype": "gemengd", "Jaar": "1957", "Jaar_recon": "1957", "Materiaal": "beton", "Vorm": "rond", "Voeg": "vaar-moer", "Grondslag": "zware zavel", "Fundatie": "staal", "VanBobpeil": "-1.040", "NarBobpeil": "-1.050", "Straat": "\"vosholstraat, zwammerdam\"", "Straattype": "onbekend", "Verh_type": "onbekend", "Breedte": 300, "Hoogte": 300, "BodemBrdt": 55, "Lengte": 18.0400009, "Gebied": "centrum zwammerdam gem", "Inspectie": "20090625", "JaarVerv": "2054", "Beslismodl": "Z.s.m. onderhoud", "Beoordeeld": "0000", "Tactisch": 7, "Act_Direct": 0, "Act_In_5Y": 0, "Act_In_10Y": 0, "Geen_actie": 0, "Niet_beord": 18.04, "Operationl": 0, "Project": "", "APM": 0, "APV": "", "Kosten": 3558.61, "Opmerking": "", "Tekening": "onbekend", "OBJ_ID": "f2dddd19a0964550a08c5ca70088f50d", "OBJECTID": 647, "Shape_Length": 18.03976164054348}}, {"type": "Feature", "id": 648, "geometry": {"type": "LineString", "coordinates": [[109965.1799999997, 457564.6799999997], [109942.83999999985, 457553.69000000134]]}, "properties": {"Datum": "20190520", "Van_knpnr": "ZM0076", "Naar_knpnr": "ZM0077", "Strengnr": 2215439, "Offset": 0, "Strengtype": "inzamelriool", "Afvoertype": "gemengd", "Jaar": "1957", "Jaar_recon": "1957", "Materiaal": "beton", "Vorm": "rond", "Voeg": "vaar-moer", "Grondslag": "zware zavel", "Fundatie": "staal", "VanBobpeil": "-1.000", "NarBobpeil": "-1.020", "Straat": "\"vosholstraat, zwammerdam\"", "Straattype": "onbekend", "Verh_type": "onbekend", "Breedte": 300, "Hoogte": 300, "BodemBrdt": 55, "Lengte": 24.8999996, "Gebied": "centrum zwammerdam gem", "Inspectie": "20090625", "JaarVerv": "2054", "Beslismodl": "Z.s.m. onderhoud", "Beoordeeld": "0000", "Tactisch": 7, "Act_Direct": 0, "Act_In_5Y": 0, "Act_In_10Y": 0, "Geen_actie": 0, "Niet_beord": 24.9, "Operationl": 0, "Project": "", "APM": 0, "APV": "", "Kosten": 4897.88, "Opmerking": "", "Tekening": "onbekend", "OBJ_ID": "0", "OBJECTID": 648, "Shape_Length": 24.896901412772518}}, {"type": "Feature", "id": 649, "geometry": {"type": "LineString", "coordinates": [[109942.83999999985, 457553.69000000134], [109932.12000000104, 457553.2899999991]]}, "properties": {"Datum": "20190520", "Van_knpnr": "ZM0077", "Naar_knpnr": "ZM0078", "Strengnr": 2215438, "Offset": 0, "Strengtype": "inzamelriool", "Afvoertype": "gemengd", "Jaar": "1957", "Jaar_recon": "1957", "Materiaal": "beton", "Vorm": "rond", "Voeg": "vaar-moer", "Grondslag": "zware zavel", "Fundatie": "staal", "VanBobpeil": "-1.050", "NarBobpeil": "-1.040", "Straat": "\"vosholstraat, zwammerdam\"", "Straattype": "onbekend", "Verh_type": "onbekend", "Breedte": 300, "Hoogte": 300, "BodemBrdt": 55, "Lengte": 10.7299995, "Gebied": "centrum zwammerdam gem", "Inspectie": "20090625", "JaarVerv": "2054", "Beslismodl": "Z.s.m. onderhoud", "Beoordeeld": "0000", "Tactisch": 7, "Act_Direct": 0, "Act_In_5Y": 0, "Act_In_10Y": 0, "Geen_actie": 0, "Niet_beord": 10.73, "Operationl": 0, "Project": "", "APM": 0, "APV": "", "Kosten": 2124.14, "Opmerking": "", "Tekening": "onbekend", "OBJ_ID": "0", "OBJECTID": 649, "Shape_Length": 10.727460089705747}}, {"type": "Feature", "id": 650, "geometry": {"type": "LineString", "coordinates": [[109932.12000000104, 457553.2899999991], [109924.69999999925, 457559.6799999997]]}, "properties": {"Datum": "20190520", "Van_knpnr": "ZM0078", "Naar_knpnr": "ZM0079", "Strengnr": 2215437, "Offset": 0, "Strengtype": "inzamelriool", "Afvoertype": "gemengd", "Jaar": "1957", "Jaar_recon": "1957", "Materiaal": "beton", "Vorm": "rond", "Voeg": "vaar-moer", "Grondslag": "zware zavel", "Fundatie": "staal", "VanBobpeil": "-1.030", "NarBobpeil": "-1.070", "Straat": "\"vosholstraat, zwammerdam\"", "Straattype": "onbekend", "Verh_type": "onbekend", "Breedte": 300, "Hoogte": 300, "BodemBrdt": 55, "Lengte": 9.78999996, "Gebied": "centrum zwammerdam gem", "Inspectie": "20090625", "JaarVerv": "2054", "Beslismodl": "Geen maatregel", "Beoordeeld": "0000", "Tactisch": 7, "Act_Direct": 0, "Act_In_5Y": 0, "Act_In_10Y": 0, "Geen_actie": 0, "Niet_beord": 9.79, "Operationl": 0, "Project": "", "APM": 0, "APV": "", "Kosten": 1940.8, "Opmerking": "", "Tekening": "onbekend", "OBJ_ID": "0", "OBJECTID": 650, "Shape_Length": 9.792267359205091}}, {"type": "Feature", "id": 651, "geometry": {"type": "LineString", "coordinates": [[109924.69999999925, 457559.6799999997], [109914.4299999997, 457579.98000000045]]}, "properties": {"Datum": "20190520", "Van_knpnr": "ZM0079", "Naar_knpnr": "ZM0080", "Strengnr": 2215436, "Offset": 0, "Strengtype": "inzamelriool", "Afvoertype": "gemengd", "Jaar": "1957", "Jaar_recon": "1957", "Materiaal": "beton", "Vorm": "rond", "Voeg": "vaar-moer", "Grondslag": "zware zavel", "Fundatie": "staal", "VanBobpeil": "-1.090", "NarBobpeil": "-1.120", "Straat": "\"vosholstraat, zwammerdam\"", "Straattype": "onbekend", "Verh_type": "onbekend", "Breedte": 300, "Hoogte": 300, "BodemBrdt": 55, "Lengte": 22.75, "Gebied": "centrum zwammerdam gem", "Inspectie": "20090625", "JaarVerv": "2054", "Beslismodl": "Z.s.m. onderhoud", "Beoordeeld": "0000", "Tactisch": 7, "Act_Direct": 0, "Act_In_5Y": 0, "Act_In_10Y": 0, "Geen_actie": 0, "Niet_beord": 22.75, "Operationl": 0, "Project": "", "APM": 0, "APV": "", "Kosten": 4545.09, "Opmerking": "", "Tekening": "onbekend", "OBJ_ID": "0", "OBJECTID": 651, "Shape_Length": 22.750008791670112}}, {"type": "Feature", "id": 652, "geometry": {"type": "LineString", "coordinates": [[109914.4299999997, 457579.98000000045], [109903.3900000006, 457602.05000000075]]}, "properties": {"Datum": "20190520", "Van_knpnr": "ZM0080", "Naar_knpnr": "ZM0081", "Strengnr": 2215435, "Offset": 0, "Strengtype": "inzamelriool", "Afvoertype": "gemengd", "Jaar": "1957", "Jaar_recon": "1957", "Materiaal": "beton", "Vorm": "rond", "Voeg": "vaar-moer", "Grondslag": "zware zavel", "Fundatie": "staal", "VanBobpeil": "-1.160", "NarBobpeil": "-1.280", "Straat": "\"vosholstraat, zwammerdam\"", "Straattype": "onbekend", "Verh_type": "onbekend", "Breedte": 300, "Hoogte": 300, "BodemBrdt": 55, "Lengte": 24.6800003, "Gebied": "centrum zwammerdam gem", "Inspectie": "20090625", "JaarVerv": "2054", "Beslismodl": "Z.s.m. onderhoud", "Beoordeeld": "0000", "Tactisch": 7, "Act_Direct": 0, "Act_In_5Y": 0, "Act_In_10Y": 0, "Geen_actie": 0, "Niet_beord": 24.68, "Operationl": 0, "Project": "", "APM": 0, "APV": "", "Kosten": 5041.32, "Opmerking": "", "Tekening": "onbekend", "OBJ_ID": "0", "OBJECTID": 652, "Shape_Length": 24.67724660478583}}, {"type": "Feature", "id": 653, "geometry": {"type": "LineString", "coordinates": [[109903.3900000006, 457602.05000000075], [109934.28000000119, 457621.25]]}, "properties": {"Datum": "20190520", "Van_knpnr": "ZM0081", "Naar_knpnr": "ZM0082", "Strengnr": 2215434, "Offset": 0, "Strengtype": "inzamelriool", "Afvoertype": "gemengd", "Jaar": "1952", "Jaar_recon": "1952", "Materiaal": "beton", "Vorm": "ei", "Voeg": "vaar-moer", "Grondslag": "zware zavel", "Fundatie": "staal", "VanBobpeil": "-1.220", "NarBobpeil": "-1.300", "Straat": "\"van aerssenstraat, zwammerdam\"", "Straattype": "onbekend", "Verh_type": "onbekend", "Breedte": 400, "Hoogte": 600, "BodemBrdt": 90, "Lengte": 36.3699989, "Gebied": "centrum zwammerdam gem", "Inspectie": "20120112", "JaarVerv": "2037", "Beslismodl": "In10jr inspectie", "Beoordeeld": "0000", "Tactisch": 7, "Act_Direct": 0, "Act_In_5Y": 0, "Act_In_10Y": 0, "Geen_actie": 0, "Niet_beord": 36.37, "Operationl": 0, "Project": "", "APM": 0, "APV": "", "Kosten": 9505.67, "Opmerking": "", "Tekening": "onbekend", "OBJ_ID": "0", "OBJECTID": 653, "Shape_Length": 36.370758859394364}}, {"type": "Feature", "id": 654, "geometry": {"type": "LineString", "coordinates": [[109934.28000000119, 457621.25], [109963.5399999991, 457644.8999999985]]}, "properties": {"Datum": "20190520", "Van_knpnr": "ZM0082", "Naar_knpnr": "ZM0083", "Strengnr": 2216422, "Offset": 0, "Strengtype": "inzamelriool", "Afvoertype": "gemengd", "Jaar": "1952", "Jaar_recon": "1952", "Materiaal": "beton", "Vorm": "ei", "Voeg": "vaar-moer", "Grondslag": "zware zavel", "Fundatie": "staal", "VanBobpeil": "-1.340", "NarBobpeil": "-1.130", "Straat": "\"van aerssenstraat, zwammerdam\"", "Straattype": "onbekend", "Verh_type": "onbekend", "Breedte": 400, "Hoogte": 600, "BodemBrdt": 90, "Lengte": 37.6199989, "Gebied": "centrum zwammerdam gem", "Inspectie": "20120112", "JaarVerv": "2022", "Beslismodl": "In10jr vervangen", "Beoordeeld": "0000", "Tactisch": 7, "Act_Direct": 0, "Act_In_5Y": 0, "Act_In_10Y": 0, "Geen_actie": 0, "Niet_beord": 37.62, "Operationl": 0, "Project": "", "APM": 0, "APV": "", "Kosten": 9933.84, "Opmerking": "", "Tekening": "onbekend", "OBJ_ID": "0", "OBJECTID": 654, "Shape_Length": 37.622733816237165}}, {"type": "Feature", "id": 655, "geometry": {"type": "LineString", "coordinates": [[109963.5399999991, 457644.8999999985], [109992.0700000003, 457611.6400000006]]}, "properties": {"Datum": "20190520", "Van_knpnr": "ZM0083", "Naar_knpnr": "ZM0084", "Strengnr": 2216421, "Offset": 0, "Strengtype": "inzamelriool", "Afvoertype": "gemengd", "Jaar": "1950", "Jaar_recon": "1950", "Materiaal": "beton", "Vorm": "rond", "Voeg": "vaar-moer", "Grondslag": "zware zavel", "Fundatie": "staal", "VanBobpeil": "-1.090", "NarBobpeil": "-0.990", "Straat": "\"molenstraat, zwammerdam\"", "Straattype": "onbekend", "Verh_type": "onbekend", "Breedte": 300, "Hoogte": 300, "BodemBrdt": 55, "Lengte": 43.8199997, "Gebied": "centrum zwammerdam gem", "Inspectie": "20080226", "JaarVerv": "2033", "Beslismodl": "In10jr inspectie", "Beoordeeld": "0000", "Tactisch": 7, "Act_Direct": 0, "Act_In_5Y": 0, "Act_In_10Y": 0, "Geen_actie": 0, "Niet_beord": 43.82, "Operationl": 0, "Project": "", "APM": 0, "APV": "", "Kosten": 8987.83, "Opmerking": "", "Tekening": "onbekend", "OBJ_ID": "a7ed9fe393164397a566a24e35d5f558", "OBJECTID": 655, "Shape_Length": 43.81995549894191}}, {"type": "Feature", "id": 656, "geometry": {"type": "LineString", "coordinates": [[109983.78299999982, 457595.48900000006], [109994.16800000146, 457603.7719999999]]}, "properties": {"Datum": "20190520", "Van_knpnr": "ZM0085", "Naar_knpnr": "ZM0086", "Strengnr": 1, "Offset": 0, "Strengtype": "buiten gebruik", "Afvoertype": "buiten gebruik", "Jaar": "0", "Jaar_recon": "0", "Materiaal": "onbekend", "Vorm": "onbekend", "Voeg": "onbekend", "Grondslag": "onbekend", "Fundatie": "onbekend", "VanBobpeil": "", "NarBobpeil": "", "Straat": "\"molenstraat, zwammerdam\"", "Straattype": "onbekend", "Verh_type": "onbekend", "Breedte": 0, "Hoogte": 0, "BodemBrdt": 130, "Lengte": 13.2799997, "Gebied": "centrum zwammerdam gem", "Inspectie": "", "JaarVerv": "0", "Beslismodl": "Geen beoordeling", "Beoordeeld": "0000", "Tactisch": 7, "Act_Direct": 0, "Act_In_5Y": 0, "Act_In_10Y": 0, "Geen_actie": 0, "Niet_beord": 13.28, "Operationl": 0, "Project": "", "APM": 0, "APV": "", "Kosten": 1280.17, "Opmerking": "", "Tekening": "onbekend", "OBJ_ID": "0", "OBJECTID": 656, "Shape_Length": 13.283686010708115}}, {"type": "Feature", "id": 657, "geometry": {"type": "LineString", "coordinates": [[110020.41000000015, 457576.3299999982], [109992.0700000003, 457611.6400000006]]}, "properties": {"Datum": "20190520", "Van_knpnr": "ZM0087", "Naar_knpnr": "ZM0084", "Strengnr": 2224806, "Offset": 0, "Strengtype": "inzamelriool", "Afvoertype": "gemengd", "Jaar": "1950", "Jaar_recon": "1950", "Materiaal": "beton", "Vorm": "rond", "Voeg": "vaar-moer", "Grondslag": "zware zavel", "Fundatie": "staal", "VanBobpeil": "-0.900", "NarBobpeil": "-0.990", "Straat": "\"molenstraat, zwammerdam\"", "Straattype": "onbekend", "Verh_type": "onbekend", "Breedte": 300, "Hoogte": 300, "BodemBrdt": 55, "Lengte": 45.2799988, "Gebied": "centrum zwammerdam gem", "Inspectie": "20080226", "JaarVerv": "2033", "Beslismodl": "In10jr inspectie", "Beoordeeld": "0000", "Tactisch": 7, "Act_Direct": 0, "Act_In_5Y": 0, "Act_In_10Y": 0, "Geen_actie": 0, "Niet_beord": 45.28, "Operationl": 0, "Project": "", "APM": 0, "APV": "", "Kosten": 9084.29, "Opmerking": "", "Tekening": "onbekend", "OBJ_ID": "0", "OBJECTID": 657, "Shape_Length": 45.27639230504044}}, {"type": "Feature", "id": 658, "geometry": {"type": "LineString", "coordinates": [[110020.41000000015, 457576.3299999982], [110047.57999999821, 457542.1499999985]]}, "properties": {"Datum": "20190520", "Van_knpnr": "ZM0087", "Naar_knpnr": "ZM0091", "Strengnr": 2216420, "Offset": 0, "Strengtype": "inzamelriool", "Afvoertype": "gemengd", "Jaar": "1950", "Jaar_recon": "1950", "Materiaal": "beton", "Vorm": "rond", "Voeg": "vaar-moer", "Grondslag": "zware zavel", "Fundatie": "staal", "VanBobpeil": "-0.900", "NarBobpeil": "-0.830", "Straat": "\"molenstraat, zwammerdam\"", "Straattype": "onbekend", "Verh_type": "onbekend", "Breedte": 300, "Hoogte": 300, "BodemBrdt": 55, "Lengte": 43.6599998, "Gebied": "centrum zwammerdam gem", "Inspectie": "20080226", "JaarVerv": "2053", "Beslismodl": "Z.s.m. onderhoud", "Beoordeeld": "0000", "Tactisch": 7, "Act_Direct": 0, "Act_In_5Y": 0, "Act_In_10Y": 0, "Geen_actie": 0, "Niet_beord": 43.66, "Operationl": 0, "Project": "", "APM": 0, "APV": "", "Kosten": 8612.48, "Opmerking": "", "Tekening": "onbekend", "OBJ_ID": "0", "OBJECTID": 658, "Shape_Length": 43.66327174954211}}, {"type": "Feature", "id": 659, "geometry": {"type": "LineString", "coordinates": [[110102.53000000119, 457478.4699999988], [110088.89200000092, 457495.9750000015], [110084.64999999851, 457495.51999999955]]}, "properties": {"Datum": "20190520", "Van_knpnr": "ZM0088", "Naar_knpnr": "ZM0089", "Strengnr": 2224803, "Offset": 0, "Strengtype": "inzamelriool", "Afvoertype": "vuilwater gs", "Jaar": "1990", "Jaar_recon": "1990", "Materiaal": "pvc klasse 34 sn8", "Vorm": "rond", "Voeg": "mof-spie", "Grondslag": "zware zavel", "Fundatie": "staal", "VanBobpeil": "-1.000", "NarBobpeil": "-1.090", "Straat": "\"molenstraat, zwammerdam\"", "Straattype": "onbekend", "Verh_type": "onbekend", "Breedte": 160, "Hoogte": 160, "BodemBrdt": 5, "Lengte": 26.4599991, "Gebied": "centrum zwammerdam gem", "Inspectie": "", "JaarVerv": "0", "Beslismodl": "Geen beoordeling", "Beoordeeld": "0000", "Tactisch": 7, "Act_Direct": 0, "Act_In_5Y": 0, "Act_In_10Y": 0, "Geen_actie": 0, "Niet_beord": 26.46, "Operationl": 0, "Project": "", "APM": 0, "APV": "", "Kosten": 3113.64, "Opmerking": "", "Tekening": "onbekend", "OBJ_ID": "ac9a04a459954e299692162a0776349d", "OBJECTID": 659, "Shape_Length": 26.456872115087293}}, {"type": "Feature", "id": 660, "geometry": {"type": "LineString", "coordinates": [[110066.07999999821, 457518.8200000003], [110084.64999999851, 457495.51999999955]]}, "properties": {"Datum": "20190520", "Van_knpnr": "ZM0090", "Naar_knpnr": "ZM0089", "Strengnr": 2216419, "Offset": 0, "Strengtype": "inzamelriool", "Afvoertype": "gemengd", "Jaar": "1950", "Jaar_recon": "1950", "Materiaal": "beton", "Vorm": "ei", "Voeg": "vaar-moer", "Grondslag": "zware zavel", "Fundatie": "staal", "VanBobpeil": "-1.100", "NarBobpeil": "-1.040", "Straat": "\"molenstraat, zwammerdam\"", "Straattype": "onbekend", "Verh_type": "onbekend", "Breedte": 250, "Hoogte": 375, "BodemBrdt": 90, "Lengte": 29.7999992, "Gebied": "centrum zwammerdam gem", "Inspectie": "20080225", "JaarVerv": "2033", "Beslismodl": "In10jr inspectie", "Beoordeeld": "0000", "Tactisch": 7, "Act_Direct": 0, "Act_In_5Y": 0, "Act_In_10Y": 0, "Geen_actie": 0, "Niet_beord": 29.8, "Operationl": 0, "Project": "", "APM": 0, "APV": "", "Kosten": 6742.27, "Opmerking": "", "Tekening": "onbekend", "OBJ_ID": "8f6e768a917e4c689c47d1a3d690295d", "OBJECTID": 660, "Shape_Length": 29.79488043348703}}, {"type": "Feature", "id": 661, "geometry": {"type": "LineString", "coordinates": [[110047.57999999821, 457542.1499999985], [110066.07999999821, 457518.8200000003]]}, "properties": {"Datum": "20190520", "Van_knpnr": "ZM0091", "Naar_knpnr": "ZM0090", "Strengnr": 2215980, "Offset": 0, "Strengtype": "inzamelriool", "Afvoertype": "gemengd", "Jaar": "1950", "Jaar_recon": "1950", "Materiaal": "beton", "Vorm": "ei", "Voeg": "vaar-moer", "Grondslag": "zware zavel", "Fundatie": "staal", "VanBobpeil": "-1.070", "NarBobpeil": "-1.100", "Straat": "\"molenstraat, zwammerdam\"", "Straattype": "onbekend", "Verh_type": "onbekend", "Breedte": 250, "Hoogte": 375, "BodemBrdt": 90, "Lengte": 29.7800007, "Gebied": "centrum zwammerdam gem", "Inspectie": "20080225", "JaarVerv": "2033", "Beslismodl": "In10jr inspectie", "Beoordeeld": "0000", "Tactisch": 7, "Act_Direct": 0, "Act_In_5Y": 0, "Act_In_10Y": 0, "Geen_actie": 0, "Niet_beord": 29.78, "Operationl": 0, "Project": "", "APM": 0, "APV": "", "Kosten": 6114.36, "Opmerking": "", "Tekening": "onbekend", "OBJ_ID": "635ef17a353840f18865dae35dbd7d7d", "OBJECTID": 661, "Shape_Length": 29.774803104580986}}, {"type": "Feature", "id": 662, "geometry": {"type": "LineString", "coordinates": [[110047.57999999821, 457542.1499999985], [110006.51999999955, 457531.8900000006]]}, "properties": {"Datum": "20190520", "Van_knpnr": "ZM0091", "Naar_knpnr": "ZM0092", "Strengnr": 2226792, "Offset": 0, "Strengtype": "inzamelriool", "Afvoertype": "gemengd", "Jaar": "2010", "Jaar_recon": "2010", "Materiaal": "pvc klasse 34 sn8", "Vorm": "rond", "Voeg": "mof-spie", "Grondslag": "zware zavel", "Fundatie": "onbekend", "VanBobpeil": "-1.050", "NarBobpeil": "-1.120", "Straat": "\"withenluststraat, zwammerdam\"", "Straattype": "onbekend", "Verh_type": "onbekend", "Breedte": 400, "Hoogte": 400, "BodemBrdt": 12, "Lengte": 42.3199997, "Gebied": "centrum zwammerdam gem", "Inspectie": "", "JaarVerv": "0", "Beslismodl": "Geen beoordeling", "Beoordeeld": "0000", "Tactisch": 7, "Act_Direct": 0, "Act_In_5Y": 0, "Act_In_10Y": 0, "Geen_actie": 0, "Niet_beord": 42.32, "Operationl": 0, "Project": "", "APM": 0, "APV": "", "Kosten": 5917.87, "Opmerking": "", "Tekening": "onbekend", "OBJ_ID": "0", "OBJECTID": 662, "Shape_Length": 42.322466845011064}}, {"type": "Feature", "id": 663, "geometry": {"type": "LineString", "coordinates": [[110006.51999999955, 457531.8900000006], [109978.48999999836, 457538.69999999925]]}, "properties": {"Datum": "20190520", "Van_knpnr": "ZM0092", "Naar_knpnr": "ZM0093", "Strengnr": 2226795, "Offset": 0, "Strengtype": "inzamelriool", "Afvoertype": "gemengd", "Jaar": "2010", "Jaar_recon": "2010", "Materiaal": "pvc klasse 34 sn8", "Vorm": "rond", "Voeg": "mof-spie", "Grondslag": "zware zavel", "Fundatie": "onbekend", "VanBobpeil": "-1.120", "NarBobpeil": "-1.180", "Straat": "\"withenluststraat, zwammerdam\"", "Straattype": "onbekend", "Verh_type": "onbekend", "Breedte": 400, "Hoogte": 400, "BodemBrdt": 12, "Lengte": 28.8500004, "Gebied": "centrum zwammerdam gem", "Inspectie": "", "JaarVerv": "0", "Beslismodl": "Geen beoordeling", "Beoordeeld": "0000", "Tactisch": 7, "Act_Direct": 0, "Act_In_5Y": 0, "Act_In_10Y": 0, "Geen_actie": 0, "Niet_beord": 28.85, "Operationl": 0, "Project": "", "APM": 0, "APV": "", "Kosten": 4088.08, "Opmerking": "", "Tekening": "onbekend", "OBJ_ID": "22726cb5391344f2877c9242d8c226ea", "OBJECTID": 663, "Shape_Length": 28.8453982473559}}, {"type": "Feature", "id": 664, "geometry": {"type": "LineString", "coordinates": [[109978.48999999836, 457538.69999999925], [109916.48999999836, 457515.94000000134]]}, "properties": {"Datum": "20190520", "Van_knpnr": "ZM0093", "Naar_knpnr": "ZM0094", "Strengnr": 2226796, "Offset": 0, "Strengtype": "inzamelriool", "Afvoertype": "gemengd", "Jaar": "2010", "Jaar_recon": "2010", "Materiaal": "pvc klasse 34 sn8", "Vorm": "rond", "Voeg": "mof-spie", "Grondslag": "zware zavel", "Fundatie": "onbekend", "VanBobpeil": "-1.180", "NarBobpeil": "-1.300", "Straat": "\"withenluststraat, zwammerdam\"", "Straattype": "onbekend", "Verh_type": "onbekend", "Breedte": 400, "Hoogte": 400, "BodemBrdt": 12, "Lengte": 66.0500031, "Gebied": "centrum zwammerdam gem", "Inspectie": "", "JaarVerv": "0", "Beslismodl": "Geen beoordeling", "Beoordeeld": "0000", "Tactisch": 7, "Act_Direct": 0, "Act_In_5Y": 0, "Act_In_10Y": 0, "Geen_actie": 0, "Niet_beord": 66.05, "Operationl": 0, "Project": "", "APM": 0, "APV": "", "Kosten": 9482.53, "Opmerking": "", "Tekening": "onbekend", "OBJ_ID": "be49d6e9c11545c985f9bc2425c9949c", "OBJECTID": 664, "Shape_Length": 66.04557214458089}}, {"type": "Feature", "id": 665, "geometry": {"type": "LineString", "coordinates": [[109868.37999999896, 457561.5], [109916.48999999836, 457515.94000000134]]}, "properties": {"Datum": "20190520", "Van_knpnr": "ZM0095", "Naar_knpnr": "ZM0094", "Strengnr": 2215430, "Offset": 0, "Strengtype": "inzamelriool", "Afvoertype": "gemengd", "Jaar": "2010", "Jaar_recon": "2010", "Materiaal": "pvc klasse 34 sn8", "Vorm": "rond", "Voeg": "mof-spie", "Grondslag": "zware zavel", "Fundatie": "onbekend", "VanBobpeil": "-1.430", "NarBobpeil": "-1.300", "Straat": "\"withenluststraat, zwammerdam\"", "Straattype": "onbekend", "Verh_type": "onbekend", "Breedte": 500, "Hoogte": 500, "BodemBrdt": 15, "Lengte": 66.2600021, "Gebied": "centrum zwammerdam gem", "Inspectie": "", "JaarVerv": "0", "Beslismodl": "Geen beoordeling", "Beoordeeld": "0000", "Tactisch": 7, "Act_Direct": 0, "Act_In_5Y": 0, "Act_In_10Y": 0, "Geen_actie": 0, "Niet_beord": 66.26, "Operationl": 0, "Project": "", "APM": 0, "APV": "", "Kosten": 9344.72, "Opmerking": "", "Tekening": "onbekend", "OBJ_ID": "8b0b4f634ee24b979db9c60cb22c96c2", "OBJECTID": 665, "Shape_Length": 66.259231053646}}, {"type": "Feature", "id": 666, "geometry": {"type": "LineString", "coordinates": [[109868.37999999896, 457561.5], [109859.62999999896, 457583.33999999985]]}, "properties": {"Datum": "20190520", "Van_knpnr": "ZM0095", "Naar_knpnr": "ZM0096", "Strengnr": 2215443, "Offset": 0, "Strengtype": "inzamelriool", "Afvoertype": "gemengd", "Jaar": "2010", "Jaar_recon": "2010", "Materiaal": "pvc klasse 34 sn8", "Vorm": "rond", "Voeg": "mof-spie", "Grondslag": "zware zavel", "Fundatie": "onbekend", "VanBobpeil": "-1.430", "NarBobpeil": "-1.470", "Straat": "\"withenluststraat, zwammerdam\"", "Straattype": "onbekend", "Verh_type": "onbekend", "Breedte": 500, "Hoogte": 500, "BodemBrdt": 15, "Lengte": 23.5300007, "Gebied": "centrum zwammerdam gem", "Inspectie": "", "JaarVerv": "0", "Beslismodl": "Geen beoordeling", "Beoordeeld": "0000", "Tactisch": 7, "Act_Direct": 0, "Act_In_5Y": 0, "Act_In_10Y": 0, "Geen_actie": 0, "Niet_beord": 23.53, "Operationl": 0, "Project": "", "APM": 0, "APV": "", "Kosten": 3412.49, "Opmerking": "", "Tekening": "onbekend", "OBJ_ID": "cace6e6f5a6f4009add0bf007d22330a", "OBJECTID": 666, "Shape_Length": 23.527602937687707}}, {"type": "Feature", "id": 667, "geometry": {"type": "LineString", "coordinates": [[109859.62999999896, 457583.33999999985], [109903.3900000006, 457602.05000000075]]}, "properties": {"Datum": "20190520", "Van_knpnr": "ZM0096", "Naar_knpnr": "ZM0081", "Strengnr": 2215433, "Offset": 0, "Strengtype": "inzamelriool", "Afvoertype": "gemengd", "Jaar": "1952", "Jaar_recon": "1952", "Materiaal": "beton", "Vorm": "ei", "Voeg": "vaar-moer", "Grondslag": "zware zavel", "Fundatie": "staal", "VanBobpeil": "-1.350", "NarBobpeil": "-1.300", "Straat": "\"van aerssenstraat, zwammerdam\"", "Straattype": "onbekend", "Verh_type": "onbekend", "Breedte": 400, "Hoogte": 600, "BodemBrdt": 90, "Lengte": 47.5900002, "Gebied": "centrum zwammerdam gem", "Inspectie": "20170824", "JaarVerv": "2017", "Beslismodl": "Z.s.m. vervangen", "Beoordeeld": "0000", "Tactisch": 7, "Act_Direct": 0, "Act_In_5Y": 0, "Act_In_10Y": 0, "Geen_actie": 0, "Niet_beord": 47.59, "Operationl": 0, "Project": "", "APM": 2, "APV": "R&I planning 2017", "Kosten": 12506.59, "Opmerking": "", "Tekening": "onbekend", "OBJ_ID": "0", "OBJECTID": 667, "Shape_Length": 47.59203399915697}}, {"type": "Feature", "id": 668, "geometry": {"type": "LineString", "coordinates": [[109859.62999999896, 457583.33999999985], [109825.96999999881, 457569.6700000018]]}, "properties": {"Datum": "20190520", "Van_knpnr": "ZM0096", "Naar_knpnr": "ZM0097", "Strengnr": 2215445, "Offset": 0, "Strengtype": "inzamelriool", "Afvoertype": "gemengd", "Jaar": "2010", "Jaar_recon": "2010", "Materiaal": "pvc klasse 34 sn8", "Vorm": "rond", "Voeg": "mof-spie", "Grondslag": "zware zavel", "Fundatie": "onbekend", "VanBobpeil": "-1.470", "NarBobpeil": "-1.540", "Straat": "\"van brederodestraat, zwammerdam\"", "Straattype": "onbekend", "Verh_type": "onbekend", "Breedte": 500, "Hoogte": 500, "BodemBrdt": 15, "Lengte": 36.3300018, "Gebied": "centrum zwammerdam gem", "Inspectie": "", "JaarVerv": "0", "Beslismodl": "Geen beoordeling", "Beoordeeld": "0000", "Tactisch": 7, "Act_Direct": 0, "Act_In_5Y": 0, "Act_In_10Y": 0, "Geen_actie": 0, "Niet_beord": 36.33, "Operationl": 0, "Project": "", "APM": 0, "APV": "", "Kosten": 5767.27, "Opmerking": "", "Tekening": "onbekend", "OBJ_ID": "0", "OBJECTID": 668, "Shape_Length": 36.32993944334438}}, {"type": "Feature", "id": 669, "geometry": {"type": "LineString", "coordinates": [[109770.41000000015, 457616.30000000075], [109825.96999999881, 457569.6700000018]]}, "properties": {"Datum": "20190520", "Van_knpnr": "ZM0098", "Naar_knpnr": "ZM0097", "Strengnr": 2215431, "Offset": 0, "Strengtype": "inzamelriool", "Afvoertype": "gemengd", "Jaar": "2010", "Jaar_recon": "2010", "Materiaal": "pvc klasse 34 sn8", "Vorm": "rond", "Voeg": "mof-spie", "Grondslag": "zware zavel", "Fundatie": "onbekend", "VanBobpeil": "-1.650", "NarBobpeil": "-1.540", "Straat": "\"van brederodestraat, zwammerdam\"", "Straattype": "onbekend", "Verh_type": "onbekend", "Breedte": 500, "Hoogte": 500, "BodemBrdt": 15, "Lengte": 72.5299988, "Gebied": "centrum zwammerdam gem", "Inspectie": "", "JaarVerv": "0", "Beslismodl": "Geen beoordeling", "Beoordeeld": "0000", "Tactisch": 7, "Act_Direct": 0, "Act_In_5Y": 0, "Act_In_10Y": 0, "Geen_actie": 0, "Niet_beord": 72.53, "Operationl": 0, "Project": "", "APM": 0, "APV": "", "Kosten": 11513.9, "Opmerking": "", "Tekening": "onbekend", "OBJ_ID": "0", "OBJECTID": 669, "Shape_Length": 72.53461587237985}}, {"type": "Feature", "id": 670, "geometry": {"type": "LineString", "coordinates": [[109718.10000000149, 457670.44999999925], [109724.46499999985, 457656.73099999875]]}, "properties": {"Datum": "20190520", "Van_knpnr": "ZM0099", "Naar_knpnr": "ZM0005", "Strengnr": 2227177, "Offset": 0, "Strengtype": "inzamelriool", "Afvoertype": "gemengd", "Jaar": "2010", "Jaar_recon": "2010", "Materiaal": "pvc klasse 34 sn8", "Vorm": "rond", "Voeg": "mof-spie", "Grondslag": "zware zavel", "Fundatie": "onbekend", "VanBobpeil": "-1.800", "NarBobpeil": "-1.760", "Straat": "\"van brederodestraat, zwammerdam\"", "Straattype": "onbekend", "Verh_type": "onbekend", "Breedte": 500, "Hoogte": 500, "BodemBrdt": 15, "Lengte": 15.1199999, "Gebied": "centrum zwammerdam gem", "Inspectie": "", "JaarVerv": "0", "Beslismodl": "Geen beoordeling", "Beoordeeld": "0000", "Tactisch": 7, "Act_Direct": 0, "Act_In_5Y": 0, "Act_In_10Y": 0, "Geen_actie": 0, "Niet_beord": 15.12, "Operationl": 0, "Project": "", "APM": 0, "APV": "", "Kosten": 2400.25, "Opmerking": "", "Tekening": "onbekend", "OBJ_ID": "024aa4499c1448c58149239dcdbd3048", "OBJECTID": 670, "Shape_Length": 15.123630053430793}}, {"type": "Feature", "id": 671, "geometry": {"type": "LineString", "coordinates": [[109699.3599999994, 457629.8500000015], [109711.55000000075, 457617.75]]}, "properties": {"Datum": "20190520", "Van_knpnr": "ZM0100", "Naar_knpnr": "AG12926", "Strengnr": 2224620, "Offset": 0, "Strengtype": "inzamelriool", "Afvoertype": "vuilwater gs", "Jaar": "1978", "Jaar_recon": "1978", "Materiaal": "pvc klasse 34 sn8", "Vorm": "rond", "Voeg": "mof-spie", "Grondslag": "zware zavel", "Fundatie": "staal", "VanBobpeil": "-2.570", "NarBobpeil": "-2.740", "Straat": "\"rijksstraatweg, zwammerdam\"", "Straattype": "onbekend", "Verh_type": "onbekend", "Breedte": 200, "Hoogte": 200, "BodemBrdt": 6, "Lengte": 17.1800003, "Gebied": "de burcht gs", "Inspectie": "", "JaarVerv": "0", "Beslismodl": "Geen beoordeling", "Beoordeeld": "0000", "Tactisch": 7, "Act_Direct": 0, "Act_In_5Y": 0, "Act_In_10Y": 0, "Geen_actie": 0, "Niet_beord": 17.18, "Operationl": 0, "Project": "", "APM": 0, "APV": "", "Kosten": 2684.55, "Opmerking": "", "Tekening": "onbekend", "OBJ_ID": "958e322607a449329d1972f1279f490c", "OBJECTID": 671, "Shape_Length": 17.175741616266734}}, {"type": "Feature", "id": 672, "geometry": {"type": "LineString", "coordinates": [[109699.3599999994, 457629.8500000015], [109674.64999999851, 457601.55999999866]]}, "properties": {"Datum": "20190520", "Van_knpnr": "ZM0100", "Naar_knpnr": "ZM0101", "Strengnr": 2224619, "Offset": 0, "Strengtype": "inzamelriool", "Afvoertype": "vuilwater gs", "Jaar": "1978", "Jaar_recon": "1978", "Materiaal": "pvc klasse 34 sn8", "Vorm": "rond", "Voeg": "mof-spie", "Grondslag": "zware zavel", "Fundatie": "staal", "VanBobpeil": "-2.570", "NarBobpeil": "-2.240", "Straat": "\"c. sluijterstraat, zwammerdam\"", "Straattype": "onbekend", "Verh_type": "onbekend", "Breedte": 200, "Hoogte": 200, "BodemBrdt": 6, "Lengte": 37.5600014, "Gebied": "de burcht gs", "Inspectie": "", "JaarVerv": "0", "Beslismodl": "Geen beoordeling", "Beoordeeld": "0000", "Tactisch": 7, "Act_Direct": 0, "Act_In_5Y": 0, "Act_In_10Y": 0, "Geen_actie": 0, "Niet_beord": 37.56, "Operationl": 0, "Project": "", "APM": 0, "APV": "", "Kosten": 5117.93, "Opmerking": "", "Tekening": "onbekend", "OBJ_ID": "0", "OBJECTID": 672, "Shape_Length": 37.56205798680865}}, {"type": "Feature", "id": 673, "geometry": {"type": "LineString", "coordinates": [[109620.90700000152, 457648.61199999973], [109666.9299999997, 457608.0799999982]]}, "properties": {"Datum": "20190520", "Van_knpnr": "ZM0102", "Naar_knpnr": "ZM0103", "Strengnr": 2225176, "Offset": 0, "Strengtype": "inzamelriool", "Afvoertype": "vuilwater gs", "Jaar": "1980", "Jaar_recon": "1980", "Materiaal": "pvc klasse 34 sn8", "Vorm": "rond", "Voeg": "mof-spie", "Grondslag": "zware zavel", "Fundatie": "staal", "VanBobpeil": "-2.070", "NarBobpeil": "-2.230", "Straat": "\"c. sluijterstraat, zwammerdam\"", "Straattype": "onbekend", "Verh_type": "onbekend", "Breedte": 200, "Hoogte": 200, "BodemBrdt": 6, "Lengte": 61.3300018, "Gebied": "de burcht gs", "Inspectie": "", "JaarVerv": "0", "Beslismodl": "Geen beoordeling", "Beoordeeld": "0000", "Tactisch": 7, "Act_Direct": 0, "Act_In_5Y": 0, "Act_In_10Y": 0, "Geen_actie": 0, "Niet_beord": 61.33, "Operationl": 0, "Project": "", "APM": 0, "APV": "", "Kosten": 8356.83, "Opmerking": "", "Tekening": "onbekend", "OBJ_ID": "9854e2aa61d1436ba405183df3149485", "OBJECTID": 673, "Shape_Length": 61.3266626595307}}, {"type": "Feature", "id": 674, "geometry": {"type": "LineString", "coordinates": [[109620.90700000152, 457648.61199999973], [109572.17700000107, 457626.8020000011]]}, "properties": {"Datum": "20190520", "Van_knpnr": "ZM0102", "Naar_knpnr": "ZM0118", "Strengnr": 2224439, "Offset": 0, "Strengtype": "inzamelriool", "Afvoertype": "vuilwater gs", "Jaar": "1980", "Jaar_recon": "1980", "Materiaal": "pvc klasse 34 sn8", "Vorm": "rond", "Voeg": "mof-spie", "Grondslag": "zware zavel", "Fundatie": "staal", "VanBobpeil": "-2.070", "NarBobpeil": "-1.920", "Straat": "\"c. sluijterstraat, zwammerdam\"", "Straattype": "onbekend", "Verh_type": "onbekend", "Breedte": 200, "Hoogte": 200, "BodemBrdt": 6, "Lengte": 53.3899994, "Gebied": "de burcht gs", "Inspectie": "", "JaarVerv": "0", "Beslismodl": "Geen beoordeling", "Beoordeeld": "0000", "Tactisch": 7, "Act_Direct": 0, "Act_In_5Y": 0, "Act_In_10Y": 0, "Geen_actie": 0, "Niet_beord": 53.39, "Operationl": 0, "Project": "", "APM": 0, "APV": "", "Kosten": 7274.92, "Opmerking": "", "Tekening": "onbekend", "OBJ_ID": "0", "OBJECTID": 674, "Shape_Length": 53.38809792439761}}, {"type": "Feature", "id": 675, "geometry": {"type": "LineString", "coordinates": [[109666.9299999997, 457608.0799999982], [109674.64999999851, 457601.55999999866]]}, "properties": {"Datum": "20190520", "Van_knpnr": "ZM0103", "Naar_knpnr": "ZM0101", "Strengnr": 2224850, "Offset": 0, "Strengtype": "inzamelriool", "Afvoertype": "vuilwater gs", "Jaar": "1978", "Jaar_recon": "1978", "Materiaal": "pvc klasse 34 sn8", "Vorm": "rond", "Voeg": "mof-spie", "Grondslag": "zware zavel", "Fundatie": "staal", "VanBobpeil": "-2.240", "NarBobpeil": "-2.240", "Straat": "\"c. sluijterstraat, zwammerdam\"", "Straattype": "onbekend", "Verh_type": "onbekend", "Breedte": 200, "Hoogte": 200, "BodemBrdt": 6, "Lengte": 10.1099997, "Gebied": "de burcht gs", "Inspectie": "", "JaarVerv": "0", "Beslismodl": "Geen beoordeling", "Beoordeeld": "0000", "Tactisch": 7, "Act_Direct": 0, "Act_In_5Y": 0, "Act_In_10Y": 0, "Geen_actie": 0, "Niet_beord": 10.11, "Operationl": 0, "Project": "", "APM": 0, "APV": "", "Kosten": 1377.59, "Opmerking": "", "Tekening": "onbekend", "OBJ_ID": "ab03df93151741d687f089b82ef397ab", "OBJECTID": 675, "Shape_Length": 10.104889904188207}}, {"type": "Feature", "id": 676, "geometry": {"type": "LineString", "coordinates": [[109666.9299999997, 457608.0799999982], [109638.32999999821, 457587.87000000104]]}, "properties": {"Datum": "20190520", "Van_knpnr": "ZM0103", "Naar_knpnr": "ZM0104", "Strengnr": 2224847, "Offset": 0, "Strengtype": "inzamelriool", "Afvoertype": "vuilwater gs", "Jaar": "1978", "Jaar_recon": "1978", "Materiaal": "pvc klasse 34 sn8", "Vorm": "rond", "Voeg": "mof-spie", "Grondslag": "zware zavel", "Fundatie": "staal", "VanBobpeil": "-2.070", "NarBobpeil": "-1.950", "Straat": "\"c. sluijterstraat, zwammerdam\"", "Straattype": "onbekend", "Verh_type": "onbekend", "Breedte": 200, "Hoogte": 200, "BodemBrdt": 6, "Lengte": 35.0200005, "Gebied": "de burcht gs", "Inspectie": "", "JaarVerv": "0", "Beslismodl": "Geen beoordeling", "Beoordeeld": "0000", "Tactisch": 7, "Act_Direct": 0, "Act_In_5Y": 0, "Act_In_10Y": 0, "Geen_actie": 0, "Niet_beord": 35.02, "Operationl": 0, "Project": "", "APM": 0, "APV": "", "Kosten": 4771.83, "Opmerking": "", "Tekening": "onbekend", "OBJ_ID": "d76d50b1433e4a99960a9773162c8d5d", "OBJECTID": 676, "Shape_Length": 35.02005282649923}}, {"type": "Feature", "id": 677, "geometry": {"type": "LineString", "coordinates": [[109638.32999999821, 457587.87000000104], [109596.94999999925, 457569.76000000164]]}, "properties": {"Datum": "20190520", "Van_knpnr": "ZM0104", "Naar_knpnr": "ZM0110", "Strengnr": 2224849, "Offset": 0, "Strengtype": "inzamelriool", "Afvoertype": "vuilwater gs", "Jaar": "1978", "Jaar_recon": "1978", "Materiaal": "pvc klasse 34 sn8", "Vorm": "rond", "Voeg": "mof-spie", "Grondslag": "zware zavel", "Fundatie": "staal", "VanBobpeil": "-1.950", "NarBobpeil": "-1.810", "Straat": "\"c. sluijterstraat, zwammerdam\"", "Straattype": "onbekend", "Verh_type": "onbekend", "Breedte": 200, "Hoogte": 200, "BodemBrdt": 6, "Lengte": 45.1699982, "Gebied": "de burcht gs", "Inspectie": "", "JaarVerv": "0", "Beslismodl": "Geen beoordeling", "Beoordeeld": "0000", "Tactisch": 7, "Act_Direct": 0, "Act_In_5Y": 0, "Act_In_10Y": 0, "Geen_actie": 0, "Niet_beord": 45.17, "Operationl": 0, "Project": "", "APM": 0, "APV": "", "Kosten": 6154.86, "Opmerking": "", "Tekening": "onbekend", "OBJ_ID": "71aa38790ff147bab35707db01b05abd", "OBJECTID": 677, "Shape_Length": 45.169419964087275}}, {"type": "Feature", "id": 678, "geometry": {"type": "LineString", "coordinates": [[109565.12000000104, 457497.69000000134], [109572.78299999982, 457504.3110000007], [109617.26999999955, 457523.8500000015]]}, "properties": {"Datum": "20190520", "Van_knpnr": "ZM0105", "Naar_knpnr": "ZM0108", "Strengnr": 2224509, "Offset": 0, "Strengtype": "inzamelriool", "Afvoertype": "vuilwater gs", "Jaar": "1978", "Jaar_recon": "1978", "Materiaal": "pvc klasse 34 sn8", "Vorm": "rond", "Voeg": "mof-spie", "Grondslag": "zware zavel", "Fundatie": "staal", "VanBobpeil": "-1.230", "NarBobpeil": "-1.410", "Straat": "\"dokter schreuderstraat, zwammerdam\"", "Straattype": "onbekend", "Verh_type": "onbekend", "Breedte": 200, "Hoogte": 200, "BodemBrdt": 6, "Lengte": 58.7200012, "Gebied": "de burcht gs", "Inspectie": "", "JaarVerv": "0", "Beslismodl": "Geen beoordeling", "Beoordeeld": "0000", "Tactisch": 7, "Act_Direct": 0, "Act_In_5Y": 0, "Act_In_10Y": 0, "Geen_actie": 0, "Niet_beord": 58.72, "Operationl": 0, "Project": "", "APM": 0, "APV": "", "Kosten": 6968.75, "Opmerking": "", "Tekening": "onbekend", "OBJ_ID": "b8b3b150bafe48fa952e75a2d8f9f102", "OBJECTID": 678, "Shape_Length": 58.715892478033865}}, {"type": "Feature", "id": 679, "geometry": {"type": "LineString", "coordinates": [[109643.0399999991, 457533.12000000104], [109630.3900000006, 457527.58999999985]]}, "properties": {"Datum": "20190520", "Van_knpnr": "ZM0106", "Naar_knpnr": "ZM0107", "Strengnr": 2224624, "Offset": 0, "Strengtype": "inzamelriool", "Afvoertype": "vuilwater gs", "Jaar": "1978", "Jaar_recon": "1978", "Materiaal": "pvc klasse 34 sn8", "Vorm": "rond", "Voeg": "mof-spie", "Grondslag": "zware zavel", "Fundatie": "staal", "VanBobpeil": "-1.600", "NarBobpeil": "-1.620", "Straat": "\"dokter schreuderstraat, zwammerdam\"", "Straattype": "onbekend", "Verh_type": "onbekend", "Breedte": 200, "Hoogte": 200, "BodemBrdt": 6, "Lengte": 13.8100004, "Gebied": "de burcht gs", "Inspectie": "", "JaarVerv": "0", "Beslismodl": "Geen beoordeling", "Beoordeeld": "0000", "Tactisch": 7, "Act_Direct": 0, "Act_In_5Y": 0, "Act_In_10Y": 0, "Geen_actie": 0, "Niet_beord": 13.81, "Operationl": 0, "Project": "", "APM": 0, "APV": "", "Kosten": 1881.75, "Opmerking": "", "Tekening": "onbekend", "OBJ_ID": "31b92152405b41f0bad9458519a29df5", "OBJECTID": 679, "Shape_Length": 13.805919019590279}}, {"type": "Feature", "id": 680, "geometry": {"type": "LineString", "coordinates": [[109617.26999999955, 457523.8500000015], [109630.3900000006, 457527.58999999985]]}, "properties": {"Datum": "20190520", "Van_knpnr": "ZM0108", "Naar_knpnr": "ZM0107", "Strengnr": 2224623, "Offset": 0, "Strengtype": "inzamelriool", "Afvoertype": "vuilwater gs", "Jaar": "1978", "Jaar_recon": "1978", "Materiaal": "pvc klasse 34 sn8", "Vorm": "rond", "Voeg": "mof-spie", "Grondslag": "zware zavel", "Fundatie": "staal", "VanBobpeil": "-1.660", "NarBobpeil": "-1.620", "Straat": "\"dokter schreuderstraat, zwammerdam\"", "Straattype": "onbekend", "Verh_type": "onbekend", "Breedte": 200, "Hoogte": 200, "BodemBrdt": 6, "Lengte": 13.6400003, "Gebied": "de burcht gs", "Inspectie": "", "JaarVerv": "0", "Beslismodl": "Geen beoordeling", "Beoordeeld": "0000", "Tactisch": 7, "Act_Direct": 0, "Act_In_5Y": 0, "Act_In_10Y": 0, "Geen_actie": 0, "Niet_beord": 13.64, "Operationl": 0, "Project": "", "APM": 0, "APV": "", "Kosten": 1858.59, "Opmerking": "", "Tekening": "onbekend", "OBJ_ID": "0", "OBJECTID": 680, "Shape_Length": 13.642653701355531}}, {"type": "Feature", "id": 681, "geometry": {"type": "LineString", "coordinates": [[109596.94999999925, 457569.76000000164], [109617.26999999955, 457523.8500000015]]}, "properties": {"Datum": "20190520", "Van_knpnr": "ZM0110", "Naar_knpnr": "ZM0108", "Strengnr": 2224618, "Offset": 0, "Strengtype": "inzamelriool", "Afvoertype": "vuilwater gs", "Jaar": "1978", "Jaar_recon": "1978", "Materiaal": "pvc klasse 34 sn8", "Vorm": "rond", "Voeg": "mof-spie", "Grondslag": "zware zavel", "Fundatie": "staal", "VanBobpeil": "-1.810", "NarBobpeil": "-1.660", "Straat": "\"dokter schreuderstraat, zwammerdam\"", "Straattype": "onbekend", "Verh_type": "onbekend", "Breedte": 200, "Hoogte": 200, "BodemBrdt": 6, "Lengte": 50.2099991, "Gebied": "de burcht gs", "Inspectie": "", "JaarVerv": "0", "Beslismodl": "Geen beoordeling", "Beoordeeld": "0000", "Tactisch": 7, "Act_Direct": 0, "Act_In_5Y": 0, "Act_In_10Y": 0, "Geen_actie": 0, "Niet_beord": 50.21, "Operationl": 0, "Project": "", "APM": 0, "APV": "", "Kosten": 6841.61, "Opmerking": "", "Tekening": "onbekend", "OBJ_ID": "8910741c91d64b94a1e5e59489ed434c", "OBJECTID": 681, "Shape_Length": 50.20588112986161}}, {"type": "Feature", "id": 682, "geometry": {"type": "LineString", "coordinates": [[109596.94999999925, 457569.76000000164], [109549.60000000149, 457549.6099999994]]}, "properties": {"Datum": "20190520", "Van_knpnr": "ZM0110", "Naar_knpnr": "ZM0109", "Strengnr": 2224852, "Offset": 0, "Strengtype": "inzamelriool", "Afvoertype": "vuilwater gs", "Jaar": "1980", "Jaar_recon": "1980", "Materiaal": "pvc klasse 34 sn8", "Vorm": "rond", "Voeg": "mof-spie", "Grondslag": "zware zavel", "Fundatie": "staal", "VanBobpeil": "-1.400", "NarBobpeil": "-1.250", "Straat": "\"dokter schreuderstraat, zwammerdam\"", "Straattype": "onbekend", "Verh_type": "onbekend", "Breedte": 200, "Hoogte": 200, "BodemBrdt": 6, "Lengte": 51.4599991, "Gebied": "de burcht gs", "Inspectie": "", "JaarVerv": "0", "Beslismodl": "Geen beoordeling", "Beoordeeld": "0000", "Tactisch": 7, "Act_Direct": 0, "Act_In_5Y": 0, "Act_In_10Y": 0, "Geen_actie": 0, "Niet_beord": 51.46, "Operationl": 0, "Project": "", "APM": 0, "APV": "", "Kosten": 6182.55, "Opmerking": "", "Tekening": "onbekend", "OBJ_ID": "61be72cc5736470f90470eec078a97bc", "OBJECTID": 682, "Shape_Length": 51.459158561702175}}, {"type": "Feature", "id": 683, "geometry": {"type": "LineString", "coordinates": [[109391.3049999997, 457566.9290000014], [109390.31199999899, 457569.27800000086]]}, "properties": {"Datum": "20190520", "Van_knpnr": "ZM0112", "Naar_knpnr": "ZM0111", "Strengnr": 2251509, "Offset": 0, "Strengtype": "inzamelriool", "Afvoertype": "vuilwater gs", "Jaar": "2008", "Jaar_recon": "2008", "Materiaal": "pvc klasse 34 sn8", "Vorm": "rond", "Voeg": "mof-spie", "Grondslag": "onbekend", "Fundatie": "onbekend", "VanBobpeil": "0.000", "NarBobpeil": "13.440", "Straat": "\"spoorlaan, zwammerdam\"", "Straattype": "onbekend", "Verh_type": "onbekend", "Breedte": 200, "Hoogte": 200, "BodemBrdt": 6, "Lengte": 2.54999995, "Gebied": "de burcht gs", "Inspectie": "", "JaarVerv": "0", "Beslismodl": "Geen beoordeling", "Beoordeeld": "0000", "Tactisch": 7, "Act_Direct": 0, "Act_In_5Y": 0, "Act_In_10Y": 0, "Geen_actie": 0, "Niet_beord": 2.55, "Operationl": 0, "Project": "", "APM": 0, "APV": "", "Kosten": 279.53, "Opmerking": "", "Tekening": "onbekend", "OBJ_ID": "6681faaa2844471cb93b32905a7411ed", "OBJECTID": 683, "Shape_Length": 2.5502646919291134}}, {"type": "Feature", "id": 684, "geometry": {"type": "LineString", "coordinates": [[109391.3049999997, 457566.9290000014], [109438.83300000057, 457587.51099999994]]}, "properties": {"Datum": "20190520", "Van_knpnr": "ZM0112", "Naar_knpnr": "ZM0113", "Strengnr": 2224985, "Offset": 0, "Strengtype": "inzamelriool", "Afvoertype": "vuilwater gs", "Jaar": "1982", "Jaar_recon": "1982", "Materiaal": "pvc klasse 34 sn8", "Vorm": "rond", "Voeg": "mof-spie", "Grondslag": "zware zavel", "Fundatie": "staal", "VanBobpeil": "-1.310", "NarBobpeil": "-1.460", "Straat": "\"ds. bennink boltstraat, zwammerdam\"", "Straattype": "onbekend", "Verh_type": "onbekend", "Breedte": 200, "Hoogte": 200, "BodemBrdt": 6, "Lengte": 51.7900009, "Gebied": "de burcht gs", "Inspectie": "", "JaarVerv": "0", "Beslismodl": "Geen beoordeling", "Beoordeeld": "0000", "Tactisch": 7, "Act_Direct": 0, "Act_In_5Y": 0, "Act_In_10Y": 0, "Geen_actie": 0, "Niet_beord": 51.79, "Operationl": 0, "Project": "", "APM": 0, "APV": "", "Kosten": 6008.34, "Opmerking": "", "Tekening": "onbekend", "OBJ_ID": "912736e19ec74a04b86bb5706fc27350", "OBJECTID": 684, "Shape_Length": 51.79314151528214}}, {"type": "Feature", "id": 685, "geometry": {"type": "LineString", "coordinates": [[109484.72700000182, 457607.6169999987], [109438.83300000057, 457587.51099999994]]}, "properties": {"Datum": "20190520", "Van_knpnr": "ZM0114", "Naar_knpnr": "ZM0113", "Strengnr": 2224986, "Offset": 0, "Strengtype": "inzamelriool", "Afvoertype": "vuilwater gs", "Jaar": "1982", "Jaar_recon": "1982", "Materiaal": "pvc klasse 34 sn8", "Vorm": "rond", "Voeg": "mof-spie", "Grondslag": "zware zavel", "Fundatie": "staal", "VanBobpeil": "-1.610", "NarBobpeil": "-1.460", "Straat": "\"ds. bennink boltstraat, zwammerdam\"", "Straattype": "onbekend", "Verh_type": "onbekend", "Breedte": 200, "Hoogte": 200, "BodemBrdt": 6, "Lengte": 50.1100006, "Gebied": "de burcht gs", "Inspectie": "", "JaarVerv": "0", "Beslismodl": "Geen beoordeling", "Beoordeeld": "0000", "Tactisch": 7, "Act_Direct": 0, "Act_In_5Y": 0, "Act_In_10Y": 0, "Geen_actie": 0, "Niet_beord": 50.11, "Operationl": 0, "Project": "", "APM": 0, "APV": "", "Kosten": 6033.71, "Opmerking": "", "Tekening": "onbekend", "OBJ_ID": "0", "OBJECTID": 685, "Shape_Length": 50.104994482232584}}, {"type": "Feature", "id": 686, "geometry": {"type": "LineString", "coordinates": [[109484.72700000182, 457607.6169999987], [109524.57200000063, 457625.1799999997]]}, "properties": {"Datum": "20190520", "Van_knpnr": "ZM0114", "Naar_knpnr": "ZM0116", "Strengnr": 2224987, "Offset": 0, "Strengtype": "inzamelriool", "Afvoertype": "vuilwater gs", "Jaar": "1982", "Jaar_recon": "1982", "Materiaal": "pvc klasse 34 sn8", "Vorm": "rond", "Voeg": "mof-spie", "Grondslag": "zware zavel", "Fundatie": "staal", "VanBobpeil": "-1.610", "NarBobpeil": "-1.740", "Straat": "\"dokter schreuderstraat, zwammerdam\"", "Straattype": "onbekend", "Verh_type": "onbekend", "Breedte": 200, "Hoogte": 200, "BodemBrdt": 6, "Lengte": 43.5400009, "Gebied": "de burcht gs", "Inspectie": "", "JaarVerv": "0", "Beslismodl": "Geen beoordeling", "Beoordeeld": "0000", "Tactisch": 7, "Act_Direct": 0, "Act_In_5Y": 0, "Act_In_10Y": 0, "Geen_actie": 0, "Niet_beord": 43.54, "Operationl": 0, "Project": "", "APM": 0, "APV": "", "Kosten": 5932.76, "Opmerking": "", "Tekening": "onbekend", "OBJ_ID": "f7aaf5bea99048a298786766e726f194", "OBJECTID": 686, "Shape_Length": 43.544035113211486}}, {"type": "Feature", "id": 687, "geometry": {"type": "LineString", "coordinates": [[109524.57200000063, 457625.1799999997], [109564.77899999917, 457642.6970000006]]}, "properties": {"Datum": "20190520", "Van_knpnr": "ZM0116", "Naar_knpnr": "ZM0117", "Strengnr": 2224988, "Offset": 0, "Strengtype": "inzamelriool", "Afvoertype": "vuilwater gs", "Jaar": "1982", "Jaar_recon": "1982", "Materiaal": "pvc klasse 34 sn8", "Vorm": "rond", "Voeg": "mof-spie", "Grondslag": "zware zavel", "Fundatie": "staal", "VanBobpeil": "-1.740", "NarBobpeil": "-1.870", "Straat": "\"dokter schreuderstraat, zwammerdam\"", "Straattype": "onbekend", "Verh_type": "onbekend", "Breedte": 200, "Hoogte": 200, "BodemBrdt": 6, "Lengte": 43.8600006, "Gebied": "de burcht gs", "Inspectie": "", "JaarVerv": "0", "Beslismodl": "Geen beoordeling", "Beoordeeld": "0000", "Tactisch": 7, "Act_Direct": 0, "Act_In_5Y": 0, "Act_In_10Y": 0, "Geen_actie": 0, "Niet_beord": 43.86, "Operationl": 0, "Project": "", "APM": 0, "APV": "", "Kosten": 5976.36, "Opmerking": "", "Tekening": "onbekend", "OBJ_ID": "3d470c96444a473d888575a666c4a39c", "OBJECTID": 687, "Shape_Length": 43.85713326147683}}, {"type": "Feature", "id": 688, "geometry": {"type": "LineString", "coordinates": [[109564.77899999917, 457642.6970000006], [109572.17700000107, 457626.8020000011]]}, "properties": {"Datum": "20190520", "Van_knpnr": "ZM0117", "Naar_knpnr": "ZM0118", "Strengnr": 2224989, "Offset": 0, "Strengtype": "inzamelriool", "Afvoertype": "vuilwater gs", "Jaar": "1982", "Jaar_recon": "1982", "Materiaal": "pvc klasse 34 sn8", "Vorm": "rond", "Voeg": "mof-spie", "Grondslag": "zware zavel", "Fundatie": "staal", "VanBobpeil": "-1.870", "NarBobpeil": "-1.920", "Straat": "\"dokter schreuderstraat, zwammerdam\"", "Straattype": "onbekend", "Verh_type": "onbekend", "Breedte": 200, "Hoogte": 200, "BodemBrdt": 6, "Lengte": 17.5300007, "Gebied": "de burcht gs", "Inspectie": "", "JaarVerv": "0", "Beslismodl": "Geen beoordeling", "Beoordeeld": "0000", "Tactisch": 7, "Act_Direct": 0, "Act_In_5Y": 0, "Act_In_10Y": 0, "Geen_actie": 0, "Niet_beord": 17.53, "Operationl": 0, "Project": "", "APM": 0, "APV": "", "Kosten": 2388.64, "Opmerking": "", "Tekening": "onbekend", "OBJ_ID": "f0df5b191b364f68a63610c77311dc4f", "OBJECTID": 688, "Shape_Length": 17.532296740986617}}, {"type": "Feature", "id": 689, "geometry": {"type": "LineString", "coordinates": [[110126.58999999985, 457447.73999999836], [110139.91899999976, 457427.27699999884], [110143.6799999997, 457425.73999999836]]}, "properties": {"Datum": "20190520", "Van_knpnr": "ZM0127", "Naar_knpnr": "AP12929", "Strengnr": 2225172, "Offset": 0, "Strengtype": "inzamelriool", "Afvoertype": "vuilwater gs", "Jaar": "1986", "Jaar_recon": "1986", "Materiaal": "pvc klasse 34 sn8", "Vorm": "rond", "Voeg": "mof-spie", "Grondslag": "zware zavel", "Fundatie": "staal", "VanBobpeil": "-1.000", "NarBobpeil": "-1.000", "Straat": "\"akerboomseweg, zwammerdam\"", "Straattype": "onbekend", "Verh_type": "onbekend", "Breedte": 200, "Hoogte": 200, "BodemBrdt": 6, "Lengte": 28.4799995, "Gebied": "akerboomseweg gs", "Inspectie": "", "JaarVerv": "0", "Beslismodl": "Geen beoordeling", "Beoordeeld": "0000", "Tactisch": 7, "Act_Direct": 0, "Act_In_5Y": 0, "Act_In_10Y": 0, "Geen_actie": 0, "Niet_beord": 28.48, "Operationl": 0, "Project": "", "APM": 0, "APV": "", "Kosten": 3880.69, "Opmerking": "", "Tekening": "onbekend", "OBJ_ID": "a944afabba7540c9bebcefe23f336374", "OBJECTID": 689, "Shape_Length": 28.484173822524536}}, {"type": "Feature", "id": 690, "geometry": {"type": "LineString", "coordinates": [[109813.51700000092, 457566.7589999996], [109793.95899999887, 457542.7719999999]]}, "properties": {"Datum": "20190520", "Van_knpnr": "ZM0131", "Naar_knpnr": "ZMW0003U", "Strengnr": 1, "Offset": 0, "Strengtype": "duiker", "Afvoertype": "oppervlaktewater", "Jaar": "0", "Jaar_recon": "0", "Materiaal": "onbekend", "Vorm": "onbekend", "Voeg": "onbekend", "Grondslag": "onbekend", "Fundatie": "onbekend", "VanBobpeil": "", "NarBobpeil": "", "Straat": "\"rijksstraatweg, zwammerdam\"", "Straattype": "onbekend", "Verh_type": "onbekend", "Breedte": 0, "Hoogte": 0, "BodemBrdt": 130, "Lengte": 30.9500008, "Gebied": "de burcht gs", "Inspectie": "", "JaarVerv": "0", "Beslismodl": "Geen beoordeling", "Beoordeeld": "0000", "Tactisch": 7, "Act_Direct": 0, "Act_In_5Y": 0, "Act_In_10Y": 0, "Geen_actie": 0, "Niet_beord": 30.95, "Operationl": 0, "Project": "", "APM": 0, "APV": "", "Kosten": 2983.52, "Opmerking": "", "Tekening": "onbekend", "OBJ_ID": "0", "OBJECTID": 690, "Shape_Length": 30.949822827725022}}, {"type": "Feature", "id": 691, "geometry": {"type": "LineString", "coordinates": [[109482.95300000161, 457907.4050000012], [109497.91800000146, 457894.4979999997], [109574.17199999839, 457852.0219999999]]}, "properties": {"Datum": "20190520", "Van_knpnr": "ZMD0001", "Naar_knpnr": "ZMD0002", "Strengnr": 1, "Offset": 0, "Strengtype": "drain", "Afvoertype": "drainagestelsel", "Jaar": "0", "Jaar_recon": "0", "Materiaal": "onbekend", "Vorm": "onbekend", "Voeg": "mof-spie", "Grondslag": "onbekend", "Fundatie": "onbekend", "VanBobpeil": "", "NarBobpeil": "", "Straat": "\"buitendorpstraat, zwammerdam\"", "Straattype": "onbekend", "Verh_type": "onbekend", "Breedte": 0, "Hoogte": 0, "BodemBrdt": 130, "Lengte": 107.050003, "Gebied": "centrum zwammerdam gem", "Inspectie": "", "JaarVerv": "0", "Beslismodl": "Geen beoordeling", "Beoordeeld": "0000", "Tactisch": 7, "Act_Direct": 0, "Act_In_5Y": 0, "Act_In_10Y": 0, "Geen_actie": 0, "Niet_beord": 107.05, "Operationl": 0, "Project": "", "APM": 0, "APV": "", "Kosten": 10319.43, "Opmerking": "", "Tekening": "onbekend", "OBJ_ID": "90ffd9d106204925b0a0ea26758d68c0", "OBJECTID": 691, "Shape_Length": 107.04834596456422}}, {"type": "Feature", "id": 692, "geometry": {"type": "LineString", "coordinates": [[109990.9600000009, 457830.0399999991], [109988.1799999997, 457823.4600000009]]}, "properties": {"Datum": "20190520", "Van_knpnr": "ZMD0003", "Naar_knpnr": "F03802", "Strengnr": 2229976, "Offset": 0, "Strengtype": "groenbeheer", "Afvoertype": "drainagestelsel", "Jaar": "2014", "Jaar_recon": "2014", "Materiaal": "drainagebuis", "Vorm": "rond", "Voeg": "mof-spie", "Grondslag": "zware klei", "Fundatie": "onbekend", "VanBobpeil": "", "NarBobpeil": "", "Straat": "buitenkerk", "Straattype": "onbekend", "Verh_type": "onbekend", "Breedte": 80, "Hoogte": 80, "BodemBrdt": 1, "Lengte": 7.13999987, "Gebied": "lindenhovestraat gem", "Inspectie": "", "JaarVerv": "0", "Beslismodl": "Geen beoordeling", "Beoordeeld": "0000", "Tactisch": 7, "Act_Direct": 0, "Act_In_5Y": 0, "Act_In_10Y": 0, "Geen_actie": 0, "Niet_beord": 7.14, "Operationl": 0, "Project": "", "APM": 0, "APV": "", "Kosten": 644.27, "Opmerking": "", "Tekening": "onbekend", "OBJ_ID": "a601a277ea3f4af9bcc1014c1fb2b5e5", "OBJECTID": 692, "Shape_Length": 7.143164563629773}}, {"type": "Feature", "id": 693, "geometry": {"type": "LineString", "coordinates": [[109990.9600000009, 457830.0399999991], [110001.32999999821, 457833.98000000045]]}, "properties": {"Datum": "20190520", "Van_knpnr": "ZMD0003", "Naar_knpnr": "ZMD0004", "Strengnr": 2229973, "Offset": 0, "Strengtype": "groenbeheer", "Afvoertype": "drainagestelsel", "Jaar": "2014", "Jaar_recon": "2014", "Materiaal": "drainagebuis", "Vorm": "rond", "Voeg": "mof-spie", "Grondslag": "zware klei", "Fundatie": "onbekend", "VanBobpeil": "", "NarBobpeil": "", "Straat": "buitenkerk", "Straattype": "onbekend", "Verh_type": "onbekend", "Breedte": 80, "Hoogte": 80, "BodemBrdt": 1, "Lengte": 11.0900002, "Gebied": "lindenhovestraat gem", "Inspectie": "", "JaarVerv": "0", "Beslismodl": "Geen beoordeling", "Beoordeeld": "0000", "Tactisch": 7, "Act_Direct": 0, "Act_In_5Y": 0, "Act_In_10Y": 0, "Geen_actie": 0, "Niet_beord": 11.09, "Operationl": 0, "Project": "", "APM": 0, "APV": "", "Kosten": 1000.69, "Opmerking": "", "Tekening": "onbekend", "OBJ_ID": "0", "OBJECTID": 693, "Shape_Length": 11.093263719705707}}, {"type": "Feature", "id": 694, "geometry": {"type": "LineString", "coordinates": [[110001.32999999821, 457833.98000000045], [110010.26000000164, 457837.51999999955]]}, "properties": {"Datum": "20190520", "Van_knpnr": "ZMD0004", "Naar_knpnr": "ZMD0005", "Strengnr": 2229974, "Offset": 0, "Strengtype": "groenbeheer", "Afvoertype": "drainagestelsel", "Jaar": "2014", "Jaar_recon": "2014", "Materiaal": "drainagebuis", "Vorm": "rond", "Voeg": "mof-spie", "Grondslag": "zware klei", "Fundatie": "onbekend", "VanBobpeil": "", "NarBobpeil": "", "Straat": "buitenkerk", "Straattype": "onbekend", "Verh_type": "onbekend", "Breedte": 80, "Hoogte": 80, "BodemBrdt": 1, "Lengte": 9.60999966, "Gebied": "lindenhovestraat gem", "Inspectie": "", "JaarVerv": "0", "Beslismodl": "Geen beoordeling", "Beoordeeld": "0000", "Tactisch": 7, "Act_Direct": 0, "Act_In_5Y": 0, "Act_In_10Y": 0, "Geen_actie": 0, "Niet_beord": 9.61, "Operationl": 0, "Project": "", "APM": 0, "APV": "", "Kosten": 867.15, "Opmerking": "", "Tekening": "onbekend", "OBJ_ID": "85b4cd229e154d40847bb4c381218095", "OBJECTID": 694, "Shape_Length": 9.606065794844472}}, {"type": "Feature", "id": 695, "geometry": {"type": "LineString", "coordinates": [[110017.0399999991, 457840.05000000075], [110013.3599999994, 457849.80999999866]]}, "properties": {"Datum": "20190520", "Van_knpnr": "ZMD0006", "Naar_knpnr": "F07474U", "Strengnr": 2229981, "Offset": 0, "Strengtype": "groenbeheer", "Afvoertype": "drainagestelsel", "Jaar": "2014", "Jaar_recon": "2014", "Materiaal": "drainagebuis", "Vorm": "rond", "Voeg": "mof-spie", "Grondslag": "zware klei", "Fundatie": "onbekend", "VanBobpeil": "", "NarBobpeil": "", "Straat": "buitenkerk", "Straattype": "onbekend", "Verh_type": "onbekend", "Breedte": 80, "Hoogte": 80, "BodemBrdt": 1, "Lengte": 10.4300003, "Gebied": "lindenhovestraat gem", "Inspectie": "", "JaarVerv": "0", "Beslismodl": "Geen beoordeling", "Beoordeeld": "0000", "Tactisch": 7, "Act_Direct": 0, "Act_In_5Y": 0, "Act_In_10Y": 0, "Geen_actie": 0, "Niet_beord": 10.43, "Operationl": 0, "Project": "", "APM": 0, "APV": "", "Kosten": 941.14, "Opmerking": "", "Tekening": "onbekend", "OBJ_ID": "4b5b4d5bb1b84424914aa30d1f5fd896", "OBJECTID": 695, "Shape_Length": 10.430723846267078}}, {"type": "Feature", "id": 696, "geometry": {"type": "LineString", "coordinates": [[109363.02899999917, 457985.3729999997], [109362.87000000104, 457985.70800000057], [109356.00600000098, 457983.48699999973], [109350.62200000137, 457978.71400000155]]}, "properties": {"Datum": "20190520", "Van_knpnr": "ZMK0014", "Naar_knpnr": "F07175", "Strengnr": 1, "Offset": 0, "Strengtype": "kolkaansluitleiding", "Afvoertype": "hemelwater gs", "Jaar": "0", "Jaar_recon": "0", "Materiaal": "pvc klasse 34 sn8", "Vorm": "rond", "Voeg": "mof-spie", "Grondslag": "onbekend", "Fundatie": "onbekend", "VanBobpeil": "", "NarBobpeil": "", "Straat": "\"steekterweg, alphen aan den rijn\"", "Straattype": "onbekend", "Verh_type": "onbekend", "Breedte": 125, "Hoogte": 125, "BodemBrdt": 4, "Lengte": 14.7799997, "Gebied": "steekterweg gs", "Inspectie": "", "JaarVerv": "0", "Beslismodl": "Geen beoordeling", "Beoordeeld": "0000", "Tactisch": 7, "Act_Direct": 0, "Act_In_5Y": 0, "Act_In_10Y": 0, "Geen_actie": 0, "Niet_beord": 14.78, "Operationl": 0, "Project": "", "APM": 0, "APV": "", "Kosten": 2128.47, "Opmerking": "", "Tekening": "INPA070748_001 REV TOTAA", "OBJ_ID": "0", "OBJECTID": 696, "Shape_Length": 14.780268760861802}}, {"type": "Feature", "id": 697, "geometry": {"type": "LineString", "coordinates": [[109323.75899999961, 457950.0370000005], [109320.04699999839, 457949.7289999984]]}, "properties": {"Datum": "20190520", "Van_knpnr": "ZMK0015", "Naar_knpnr": "F07181", "Strengnr": 1, "Offset": 0, "Strengtype": "kolkaansluitleiding", "Afvoertype": "hemelwater gs", "Jaar": "0", "Jaar_recon": "0", "Materiaal": "pvc klasse 34 sn8", "Vorm": "rond", "Voeg": "mof-spie", "Grondslag": "onbekend", "Fundatie": "onbekend", "VanBobpeil": "", "NarBobpeil": "", "Straat": "\"steekterweg, alphen aan den rijn\"", "Straattype": "onbekend", "Verh_type": "onbekend", "Breedte": 125, "Hoogte": 125, "BodemBrdt": 4, "Lengte": 3.73000002, "Gebied": "hooge burch gs", "Inspectie": "", "JaarVerv": "0", "Beslismodl": "Geen beoordeling", "Beoordeeld": "0000", "Tactisch": 7, "Act_Direct": 0, "Act_In_5Y": 0, "Act_In_10Y": 0, "Geen_actie": 0, "Niet_beord": 3.73, "Operationl": 0, "Project": "", "APM": 0, "APV": "", "Kosten": 537.16, "Opmerking": "", "Tekening": "INPA070748_001 REV TOTAA", "OBJ_ID": "0", "OBJECTID": 697, "Shape_Length": 3.7247561007854015}}, {"type": "Feature", "id": 698, "geometry": {"type": "LineString", "coordinates": [[109048.93800000101, 458091], [109048.67300000042, 458090.3729999997], [109046.64900000021, 458091.1719999984], [109044.5540000014, 458086.1160000004]]}, "properties": {"Datum": "20190520", "Van_knpnr": "ZMK0033", "Naar_knpnr": "F07200U", "Strengnr": 1, "Offset": 0, "Strengtype": "kolkaansluitleiding", "Afvoertype": "hemelwater gs", "Jaar": "0", "Jaar_recon": "0", "Materiaal": "pvc klasse 34 sn8", "Vorm": "rond", "Voeg": "mof-spie", "Grondslag": "onbekend", "Fundatie": "onbekend", "VanBobpeil": "", "NarBobpeil": "", "Straat": "\"steekterweg, alphen aan den rijn\"", "Straattype": "onbekend", "Verh_type": "onbekend", "Breedte": 125, "Hoogte": 125, "BodemBrdt": 4, "Lengte": 8.32999992, "Gebied": "steekterweg gs", "Inspectie": "", "JaarVerv": "0", "Beslismodl": "Geen beoordeling", "Beoordeeld": "0000", "Tactisch": 7, "Act_Direct": 0, "Act_In_5Y": 0, "Act_In_10Y": 0, "Geen_actie": 0, "Niet_beord": 8.33, "Operationl": 0, "Project": "", "APM": 0, "APV": "", "Kosten": 1199.6, "Opmerking": "", "Tekening": "INPA070748_001 REV TOTAA", "OBJ_ID": "0a77d6a018b04bcd92dbe5ecc4d14a35", "OBJECTID": 698, "Shape_Length": 8.329558086337304}}, {"type": "Feature", "id": 699, "geometry": {"type": "LineString", "coordinates": [[109127.17100000009, 458063.9789999984], [109126.9450000003, 458063.31700000167], [109129.5009999983, 458062.4459999986], [109127.625, 458056.9389999993]]}, "properties": {"Datum": "20190520", "Van_knpnr": "ZMK0034", "Naar_knpnr": "F07261U", "Strengnr": 1, "Offset": 0, "Strengtype": "kolkaansluitleiding", "Afvoertype": "hemelwater gs", "Jaar": "0", "Jaar_recon": "0", "Materiaal": "pvc klasse 34 sn8", "Vorm": "rond", "Voeg": "mof-spie", "Grondslag": "onbekend", "Fundatie": "onbekend", "VanBobpeil": "", "NarBobpeil": "", "Straat": "\"steekterweg, alphen aan den rijn\"", "Straattype": "onbekend", "Verh_type": "onbekend", "Breedte": 125, "Hoogte": 125, "BodemBrdt": 4, "Lengte": 9.22000027, "Gebied": "steekterweg gs", "Inspectie": "", "JaarVerv": "0", "Beslismodl": "Geen beoordeling", "Beoordeeld": "0000", "Tactisch": 7, "Act_Direct": 0, "Act_In_5Y": 0, "Act_In_10Y": 0, "Geen_actie": 0, "Niet_beord": 9.22, "Operationl": 0, "Project": "", "APM": 0, "APV": "", "Kosten": 1327.77, "Opmerking": "", "Tekening": "INPA070748_001 REV TOTAA", "OBJ_ID": "0", "OBJECTID": 699, "Shape_Length": 9.217611208655669}}, {"type": "Feature", "id": 700, "geometry": {"type": "LineString", "coordinates": [[109301.29300000146, 457980.48699999973], [109300.6259999983, 457979.42599999905], [109299.80000000075, 457979.98900000006], [109291.29800000042, 457967.51900000125]]}, "properties": {"Datum": "20190520", "Van_knpnr": "ZMK0037", "Naar_knpnr": "F07180U", "Strengnr": 1, "Offset": 0, "Strengtype": "kolkaansluitleiding", "Afvoertype": "hemelwater gs", "Jaar": "0", "Jaar_recon": "0", "Materiaal": "pvc klasse 34 sn8", "Vorm": "rond", "Voeg": "mof-spie", "Grondslag": "onbekend", "Fundatie": "onbekend", "VanBobpeil": "", "NarBobpeil": "", "Straat": "\"steekterweg, alphen aan den rijn\"", "Straattype": "onbekend", "Verh_type": "onbekend", "Breedte": 125, "Hoogte": 125, "BodemBrdt": 4, "Lengte": 17.3500004, "Gebied": "steekterweg gs", "Inspectie": "", "JaarVerv": "0", "Beslismodl": "Geen beoordeling", "Beoordeeld": "0000", "Tactisch": 7, "Act_Direct": 0, "Act_In_5Y": 0, "Act_In_10Y": 0, "Geen_actie": 0, "Niet_beord": 17.35, "Operationl": 0, "Project": "", "APM": 0, "APV": "", "Kosten": 2498.57, "Opmerking": "", "Tekening": "INPA070748_001 REV TOTAA", "OBJ_ID": "2bd50c7ea6b5452c933a369500f4d5ad", "OBJECTID": 700, "Shape_Length": 17.345406879801608}}, {"type": "Feature", "id": 701, "geometry": {"type": "LineString", "coordinates": [[109320.67799999937, 457963.8060000017], [109320.04399999976, 457962.61499999836], [109320.28299999982, 457957.07499999925], [109320.04699999839, 457949.7289999984]]}, "properties": {"Datum": "20190520", "Van_knpnr": "ZMK0039", "Naar_knpnr": "F07181", "Strengnr": 1, "Offset": 0, "Strengtype": "kolkaansluitleiding", "Afvoertype": "hemelwater gs", "Jaar": "0", "Jaar_recon": "0", "Materiaal": "pvc klasse 34 sn8", "Vorm": "rond", "Voeg": "mof-spie", "Grondslag": "onbekend", "Fundatie": "onbekend", "VanBobpeil": "", "NarBobpeil": "", "Straat": "\"steekterweg, alphen aan den rijn\"", "Straattype": "onbekend", "Verh_type": "onbekend", "Breedte": 125, "Hoogte": 125, "BodemBrdt": 4, "Lengte": 14.2399998, "Gebied": "hooge burch gs", "Inspectie": "", "JaarVerv": "0", "Beslismodl": "Geen beoordeling", "Beoordeeld": "0000", "Tactisch": 7, "Act_Direct": 0, "Act_In_5Y": 0, "Act_In_10Y": 0, "Geen_actie": 0, "Niet_beord": 14.24, "Operationl": 0, "Project": "", "APM": 0, "APV": "", "Kosten": 2050.7, "Opmerking": "", "Tekening": "INPA070748_001 REV TOTAA", "OBJ_ID": "ff8ff9073e994bb18a097d20c5d8b7da", "OBJECTID": 701, "Shape_Length": 14.244178569787781}}, {"type": "Feature", "id": 702, "geometry": {"type": "LineString", "coordinates": [[109447.08399999887, 457872.7989999987], [109447.63800000027, 457873.51399999857], [109448.3200000003, 457872.98099999875], [109449.22599999979, 457874.1099999994], [109455.5150000006, 457869.1970000006]]}, "properties": {"Datum": "20190520", "Van_knpnr": "ZMK0048", "Naar_knpnr": "F07259", "Strengnr": 1, "Offset": 0, "Strengtype": "kolkaansluitleiding", "Afvoertype": "hemelwater gs", "Jaar": "0", "Jaar_recon": "0", "Materiaal": "pvc klasse 34 sn8", "Vorm": "rond", "Voeg": "mof-spie", "Grondslag": "onbekend", "Fundatie": "onbekend", "VanBobpeil": "", "NarBobpeil": "", "Straat": "\"steekterweg, alphen aan den rijn\"", "Straattype": "onbekend", "Verh_type": "onbekend", "Breedte": 125, "Hoogte": 125, "BodemBrdt": 4, "Lengte": 11.1999998, "Gebied": "hooge burch gs", "Inspectie": "", "JaarVerv": "0", "Beslismodl": "Geen beoordeling", "Beoordeeld": "0000", "Tactisch": 7, "Act_Direct": 0, "Act_In_5Y": 0, "Act_In_10Y": 0, "Geen_actie": 0, "Niet_beord": 11.2, "Operationl": 0, "Project": "", "APM": 0, "APV": "", "Kosten": 1612.91, "Opmerking": "", "Tekening": "INPA070748_001 REV TOTAA", "OBJ_ID": "2868cd2e21af4b5db28eae9ddf6102db", "OBJECTID": 702, "Shape_Length": 11.198203098736814}}, {"type": "Feature", "id": 703, "geometry": {"type": "LineString", "coordinates": [[109460.09499999881, 457864.45800000057], [109460.66600000113, 457865.1550000012], [109455.5150000006, 457869.1970000006]]}, "properties": {"Datum": "20190520", "Van_knpnr": "ZMK0050", "Naar_knpnr": "F07259", "Strengnr": 1, "Offset": 0, "Strengtype": "kolkaansluitleiding", "Afvoertype": "hemelwater gs", "Jaar": "0", "Jaar_recon": "0", "Materiaal": "pvc klasse 34 sn8", "Vorm": "rond", "Voeg": "mof-spie", "Grondslag": "onbekend", "Fundatie": "onbekend", "VanBobpeil": "", "NarBobpeil": "", "Straat": "\"steekterweg, alphen aan den rijn\"", "Straattype": "onbekend", "Verh_type": "onbekend", "Breedte": 125, "Hoogte": 125, "BodemBrdt": 4, "Lengte": 7.44999981, "Gebied": "hooge burch gs", "Inspectie": "", "JaarVerv": "0", "Beslismodl": "Geen beoordeling", "Beoordeeld": "0000", "Tactisch": 7, "Act_Direct": 0, "Act_In_5Y": 0, "Act_In_10Y": 0, "Geen_actie": 0, "Niet_beord": 7.45, "Operationl": 0, "Project": "", "APM": 0, "APV": "", "Kosten": 1072.87, "Opmerking": "", "Tekening": "INPA070748_001 REV TOTAA", "OBJ_ID": "112e4c3b8bd04409869830326fcddf58", "OBJECTID": 703, "Shape_Length": 7.448588953550841}}, {"type": "Feature", "id": 704, "geometry": {"type": "LineString", "coordinates": [[109472.62700000033, 457853.5879999995], [109478.32299999893, 457860.87099999934]]}, "properties": {"Datum": "20190520", "Van_knpnr": "ZMK0052", "Naar_knpnr": "F07165U", "Strengnr": 1, "Offset": 0, "Strengtype": "kolkaansluitleiding", "Afvoertype": "hemelwater gs", "Jaar": "0", "Jaar_recon": "0", "Materiaal": "pvc klasse 34 sn8", "Vorm": "rond", "Voeg": "mof-spie", "Grondslag": "onbekend", "Fundatie": "onbekend", "VanBobpeil": "", "NarBobpeil": "", "Straat": "\"steekterweg, alphen aan den rijn\"", "Straattype": "onbekend", "Verh_type": "onbekend", "Breedte": 125, "Hoogte": 125, "BodemBrdt": 4, "Lengte": 9.25, "Gebied": "hooge burch gs", "Inspectie": "", "JaarVerv": "0", "Beslismodl": "Geen beoordeling", "Beoordeeld": "0000", "Tactisch": 7, "Act_Direct": 0, "Act_In_5Y": 0, "Act_In_10Y": 0, "Geen_actie": 0, "Niet_beord": 9.25, "Operationl": 0, "Project": "", "APM": 0, "APV": "", "Kosten": 1332.09, "Opmerking": "", "Tekening": "INPA070748_001 REV TOTAA", "OBJ_ID": "8c52431bb2fd42bca23763e58e2d4166", "OBJECTID": 704, "Shape_Length": 9.245891248627062}}, {"type": "Feature", "id": 705, "geometry": {"type": "LineString", "coordinates": [[109485.1099999994, 457842.79100000113], [109485.94200000167, 457843.76300000027], [109488.07800000161, 457842.0760000013], [109492.94900000095, 457848.29399999976]]}, "properties": {"Datum": "20190520", "Van_knpnr": "ZMK0053", "Naar_knpnr": "F07166U", "Strengnr": 1, "Offset": 0, "Strengtype": "kolkaansluitleiding", "Afvoertype": "hemelwater gs", "Jaar": "0", "Jaar_recon": "0", "Materiaal": "pvc klasse 34 sn8", "Vorm": "rond", "Voeg": "mof-spie", "Grondslag": "onbekend", "Fundatie": "onbekend", "VanBobpeil": "", "NarBobpeil": "", "Straat": "\"steekterweg, alphen aan den rijn\"", "Straattype": "onbekend", "Verh_type": "onbekend", "Breedte": 125, "Hoogte": 125, "BodemBrdt": 4, "Lengte": 11.8999996, "Gebied": "hooge burch gs", "Inspectie": "", "JaarVerv": "0", "Beslismodl": "Geen beoordeling", "Beoordeeld": "0000", "Tactisch": 7, "Act_Direct": 0, "Act_In_5Y": 0, "Act_In_10Y": 0, "Geen_actie": 0, "Niet_beord": 11.9, "Operationl": 0, "Project": "", "APM": 0, "APV": "", "Kosten": 1713.72, "Opmerking": "", "Tekening": "INPA070748_001 REV TOTAA", "OBJ_ID": "8dbe649207c54cd69235d2cfb6cc1506", "OBJECTID": 705, "Shape_Length": 11.900050208479769}}, {"type": "Feature", "id": 706, "geometry": {"type": "LineString", "coordinates": [[109596.53200000152, 457743.1719999984], [109596.61699999869, 457744.5929999985], [109602.97399999946, 457743.7989999987], [109602.9609999992, 457744.0760000013]]}, "properties": {"Datum": "20190520", "Van_knpnr": "ZMK0057", "Naar_knpnr": "F07157", "Strengnr": 1, "Offset": 0, "Strengtype": "kolkaansluitleiding", "Afvoertype": "hemelwater gs", "Jaar": "0", "Jaar_recon": "0", "Materiaal": "pvc klasse 34 sn8", "Vorm": "rond", "Voeg": "mof-spie", "Grondslag": "onbekend", "Fundatie": "onbekend", "VanBobpeil": "", "NarBobpeil": "", "Straat": "\"steekterweg, alphen aan den rijn\"", "Straattype": "onbekend", "Verh_type": "onbekend", "Breedte": 125, "Hoogte": 125, "BodemBrdt": 4, "Lengte": 8.10999966, "Gebied": "hooge burch gs", "Inspectie": "", "JaarVerv": "0", "Beslismodl": "Geen beoordeling", "Beoordeeld": "0000", "Tactisch": 7, "Act_Direct": 0, "Act_In_5Y": 0, "Act_In_10Y": 0, "Geen_actie": 0, "Niet_beord": 8.11, "Operationl": 0, "Project": "", "APM": 0, "APV": "", "Kosten": 1167.92, "Opmerking": "", "Tekening": "INPA070748_001 REV TOTAA", "OBJ_ID": "49129e80897f47cdb9d00c31c98c8d5b", "OBJECTID": 706, "Shape_Length": 8.107238914921759}}, {"type": "Feature", "id": 707, "geometry": {"type": "LineString", "coordinates": [[109616.94299999997, 457742.80700000003], [109617.81500000134, 457742.6779999994]]}, "properties": {"Datum": "20190520", "Van_knpnr": "ZMK0058", "Naar_knpnr": "F07135", "Strengnr": 1, "Offset": 0, "Strengtype": "kolkaansluitleiding", "Afvoertype": "hemelwater gs", "Jaar": "0", "Jaar_recon": "0", "Materiaal": "pvc klasse 34 sn8", "Vorm": "rond", "Voeg": "mof-spie", "Grondslag": "onbekend", "Fundatie": "onbekend", "VanBobpeil": "", "NarBobpeil": "", "Straat": "\"steekterweg, alphen aan den rijn\"", "Straattype": "onbekend", "Verh_type": "onbekend", "Breedte": 125, "Hoogte": 125, "BodemBrdt": 4, "Lengte": 0.879999995, "Gebied": "centrum zwammerdam gem", "Inspectie": "", "JaarVerv": "0", "Beslismodl": "Geen beoordeling", "Beoordeeld": "0000", "Tactisch": 7, "Act_Direct": 0, "Act_In_5Y": 0, "Act_In_10Y": 0, "Geen_actie": 0, "Niet_beord": 0.88, "Operationl": 0, "Project": "", "APM": 0, "APV": "", "Kosten": 126.73, "Opmerking": "", "Tekening": "INPA070748_001 REV TOTAA", "OBJ_ID": "0", "OBJECTID": 707, "Shape_Length": 0.8814902169394845}}, {"type": "Feature", "id": 708, "geometry": {"type": "LineString", "coordinates": [[109632.90900000185, 457729.1400000006], [109633.78000000119, 457729.35500000045], [109635.67700000107, 457723.69000000134]]}, "properties": {"Datum": "20190520", "Van_knpnr": "ZMK0062", "Naar_knpnr": "F07152", "Strengnr": 1, "Offset": 0, "Strengtype": "kolkaansluitleiding", "Afvoertype": "hemelwater gs", "Jaar": "0", "Jaar_recon": "0", "Materiaal": "pvc klasse 34 sn8", "Vorm": "rond", "Voeg": "mof-spie", "Grondslag": "onbekend", "Fundatie": "onbekend", "VanBobpeil": "", "NarBobpeil": "", "Straat": "\"steekterweg, alphen aan den rijn\"", "Straattype": "onbekend", "Verh_type": "onbekend", "Breedte": 125, "Hoogte": 125, "BodemBrdt": 4, "Lengte": 6.86999989, "Gebied": "centrum zwammerdam gem", "Inspectie": "", "JaarVerv": "0", "Beslismodl": "Geen beoordeling", "Beoordeeld": "0000", "Tactisch": 7, "Act_Direct": 0, "Act_In_5Y": 0, "Act_In_10Y": 0, "Geen_actie": 0, "Niet_beord": 6.87, "Operationl": 0, "Project": "", "APM": 0, "APV": "", "Kosten": 989.35, "Opmerking": "", "Tekening": "INPA070748_001 REV TOTAA", "OBJ_ID": "7bd4869c042e49ec917fbd836203a072", "OBJECTID": 708, "Shape_Length": 6.87132385557248}}, {"type": "Feature", "id": 709, "geometry": {"type": "LineString", "coordinates": [[109634.1400000006, 457725.8590000011], [109634.69099999964, 457725.99599999934], [109635.2650000006, 457724.2890000008], [109641.52100000158, 457726.3909999989]]}, "properties": {"Datum": "20190520", "Van_knpnr": "ZMK0063", "Naar_knpnr": "F07153", "Strengnr": 1, "Offset": 0, "Strengtype": "kolkaansluitleiding", "Afvoertype": "hemelwater gs", "Jaar": "0", "Jaar_recon": "0", "Materiaal": "pvc klasse 34 sn8", "Vorm": "rond", "Voeg": "mof-spie", "Grondslag": "onbekend", "Fundatie": "onbekend", "VanBobpeil": "", "NarBobpeil": "", "Straat": "\"steekterweg, alphen aan den rijn\"", "Straattype": "onbekend", "Verh_type": "onbekend", "Breedte": 125, "Hoogte": 125, "BodemBrdt": 4, "Lengte": 8.97000027, "Gebied": "centrum zwammerdam gem", "Inspectie": "", "JaarVerv": "0", "Beslismodl": "Geen beoordeling", "Beoordeeld": "0000", "Tactisch": 7, "Act_Direct": 0, "Act_In_5Y": 0, "Act_In_10Y": 0, "Geen_actie": 0, "Niet_beord": 8.97, "Operationl": 0, "Project": "", "APM": 0, "APV": "", "Kosten": 1291.77, "Opmerking": "", "Tekening": "INPA070748_001 REV TOTAA", "OBJ_ID": "dc674b9d143245a794e1322b1a4f5695", "OBJECTID": 709, "Shape_Length": 8.968392153667516}}, {"type": "Feature", "id": 710, "geometry": {"type": "LineString", "coordinates": [[109634.41800000146, 457715.2679999992], [109635.04199999943, 457716.23999999836], [109629.55999999866, 457720.22300000116], [109628.19200000167, 457722.0720000006], [109634.06899999827, 457724.0460000001]]}, "properties": {"Datum": "20190520", "Van_knpnr": "ZMK0064", "Naar_knpnr": "F07151", "Strengnr": 1, "Offset": 0, "Strengtype": "kolkaansluitleiding", "Afvoertype": "hemelwater gs", "Jaar": "0", "Jaar_recon": "0", "Materiaal": "pvc klasse 34 sn8", "Vorm": "rond", "Voeg": "mof-spie", "Grondslag": "onbekend", "Fundatie": "onbekend", "VanBobpeil": "", "NarBobpeil": "", "Straat": "\"steekterweg, alphen aan den rijn\"", "Straattype": "onbekend", "Verh_type": "onbekend", "Breedte": 125, "Hoogte": 125, "BodemBrdt": 4, "Lengte": 16.4300003, "Gebied": "de burcht gs", "Inspectie": "", "JaarVerv": "0", "Beslismodl": "Geen beoordeling", "Beoordeeld": "0000", "Tactisch": 7, "Act_Direct": 0, "Act_In_5Y": 0, "Act_In_10Y": 0, "Geen_actie": 0, "Niet_beord": 16.43, "Operationl": 0, "Project": "", "APM": 0, "APV": "", "Kosten": 2366.08, "Opmerking": "", "Tekening": "INPA070748_001 REV TOTAA", "OBJ_ID": "3a7e251fc1714bcbba5c25e060c76ffc", "OBJECTID": 710, "Shape_Length": 16.430948855229616}}, {"type": "Feature", "id": 711, "geometry": {"type": "LineString", "coordinates": [[109602.19999999925, 457705.83199999854], [109601.75600000098, 457705.6279999986], [109601.98099999875, 457705.1739999987]]}, "properties": {"Datum": "20190520", "Van_knpnr": "ZMK0069", "Naar_knpnr": "F07139", "Strengnr": 1, "Offset": 0, "Strengtype": "kolkaansluitleiding", "Afvoertype": "hemelwater gs", "Jaar": "0", "Jaar_recon": "0", "Materiaal": "pvc klasse 34 sn8", "Vorm": "rond", "Voeg": "mof-spie", "Grondslag": "onbekend", "Fundatie": "onbekend", "VanBobpeil": "", "NarBobpeil": "", "Straat": "\"spoorlaan, zwammerdam\"", "Straattype": "onbekend", "Verh_type": "onbekend", "Breedte": 125, "Hoogte": 125, "BodemBrdt": 4, "Lengte": 1, "Gebied": "de burcht gs", "Inspectie": "", "JaarVerv": "0", "Beslismodl": "Geen beoordeling", "Beoordeeld": "0000", "Tactisch": 7, "Act_Direct": 0, "Act_In_5Y": 0, "Act_In_10Y": 0, "Geen_actie": 0, "Niet_beord": 1, "Operationl": 0, "Project": "", "APM": 0, "APV": "", "Kosten": 144.01, "Opmerking": "", "Tekening": "INPA070748_001 REV TOTAA", "OBJ_ID": "0", "OBJECTID": 711, "Shape_Length": 0.995318712457612}}, {"type": "Feature", "id": 712, "geometry": {"type": "LineString", "coordinates": [[109584.71799999848, 457700.68200000003], [109586.73900000006, 457698.3929999992], [109588.5709999986, 457699.3440000005], [109588.96200000122, 457698.59899999946]]}, "properties": {"Datum": "20190520", "Van_knpnr": "ZMK0070", "Naar_knpnr": "F07136", "Strengnr": 1, "Offset": 0, "Strengtype": "kolkaansluitleiding", "Afvoertype": "hemelwater gs", "Jaar": "0", "Jaar_recon": "0", "Materiaal": "pvc klasse 34 sn8", "Vorm": "rond", "Voeg": "mof-spie", "Grondslag": "onbekend", "Fundatie": "onbekend", "VanBobpeil": "", "NarBobpeil": "", "Straat": "\"spoorlaan, zwammerdam\"", "Straattype": "onbekend", "Verh_type": "onbekend", "Breedte": 125, "Hoogte": 125, "BodemBrdt": 4, "Lengte": 5.96000004, "Gebied": "de burcht gs", "Inspectie": "", "JaarVerv": "0", "Beslismodl": "Geen beoordeling", "Beoordeeld": "0000", "Tactisch": 7, "Act_Direct": 0, "Act_In_5Y": 0, "Act_In_10Y": 0, "Geen_actie": 0, "Niet_beord": 5.96, "Operationl": 0, "Project": "", "APM": 0, "APV": "", "Kosten": 858.3, "Opmerking": "", "Tekening": "INPA070748_001 REV TOTAA", "OBJ_ID": "05a29488615d4120b4c8d351661b92cd", "OBJECTID": 712, "Shape_Length": 5.959015981402305}}, {"type": "Feature", "id": 713, "geometry": {"type": "LineString", "coordinates": [[109588.00299999863, 457698.77699999884], [109588.32299999893, 457698.94999999925], [109588.59800000116, 457698.42500000075]]}, "properties": {"Datum": "20190520", "Van_knpnr": "ZMK0071", "Naar_knpnr": "F07137", "Strengnr": 1, "Offset": 0, "Strengtype": "kolkaansluitleiding", "Afvoertype": "hemelwater gs", "Jaar": "0", "Jaar_recon": "0", "Materiaal": "pvc klasse 34 sn8", "Vorm": "rond", "Voeg": "mof-spie", "Grondslag": "onbekend", "Fundatie": "onbekend", "VanBobpeil": "", "NarBobpeil": "", "Straat": "\"spoorlaan, zwammerdam\"", "Straattype": "onbekend", "Verh_type": "onbekend", "Breedte": 125, "Hoogte": 125, "BodemBrdt": 4, "Lengte": 0.959999979, "Gebied": "de burcht gs", "Inspectie": "", "JaarVerv": "0", "Beslismodl": "Geen beoordeling", "Beoordeeld": "0000", "Tactisch": 7, "Act_Direct": 0, "Act_In_5Y": 0, "Act_In_10Y": 0, "Geen_actie": 0, "Niet_beord": 0.96, "Operationl": 0, "Project": "", "APM": 0, "APV": "", "Kosten": 138.25, "Opmerking": "", "Tekening": "INPA070748_001 REV TOTAA", "OBJ_ID": "dc9021e10c7c4b63a1e7c81ca946eae3", "OBJECTID": 713, "Shape_Length": 0.9564340118007946}}, {"type": "Feature", "id": 714, "geometry": {"type": "LineString", "coordinates": [[109573.73000000045, 457693.58300000057], [109573.9140000008, 457693.686999999], [109575.02199999988, 457691.61499999836]]}, "properties": {"Datum": "20190520", "Van_knpnr": "ZMK0072", "Naar_knpnr": "F07134", "Strengnr": 1, "Offset": 0, "Strengtype": "kolkaansluitleiding", "Afvoertype": "hemelwater gs", "Jaar": "0", "Jaar_recon": "0", "Materiaal": "pvc klasse 34 sn8", "Vorm": "rond", "Voeg": "mof-spie", "Grondslag": "onbekend", "Fundatie": "onbekend", "VanBobpeil": "", "NarBobpeil": "", "Straat": "\"spoorlaan, zwammerdam\"", "Straattype": "onbekend", "Verh_type": "onbekend", "Breedte": 125, "Hoogte": 125, "BodemBrdt": 4, "Lengte": 2.55999994, "Gebied": "de burcht gs", "Inspectie": "", "JaarVerv": "0", "Beslismodl": "Geen beoordeling", "Beoordeeld": "0000", "Tactisch": 7, "Act_Direct": 0, "Act_In_5Y": 0, "Act_In_10Y": 0, "Geen_actie": 0, "Niet_beord": 2.56, "Operationl": 0, "Project": "", "APM": 0, "APV": "", "Kosten": 368.67, "Opmerking": "", "Tekening": "INPA070748_001 REV TOTAA", "OBJ_ID": "163a4195d44f4236865014979776c75e", "OBJECTID": 714, "Shape_Length": 2.561006001016566}}, {"type": "Feature", "id": 715, "geometry": {"type": "LineString", "coordinates": [[109563.07499999925, 457685.63599999994], [109560.87900000066, 457684.62999999896], [109560.8049999997, 457684.7710000016]]}, "properties": {"Datum": "20190520", "Van_knpnr": "ZMK0074", "Naar_knpnr": "F07133", "Strengnr": 1, "Offset": 0, "Strengtype": "kolkaansluitleiding", "Afvoertype": "hemelwater gs", "Jaar": "0", "Jaar_recon": "0", "Materiaal": "pvc klasse 34 sn8", "Vorm": "rond", "Voeg": "mof-spie", "Grondslag": "onbekend", "Fundatie": "onbekend", "VanBobpeil": "", "NarBobpeil": "", "Straat": "\"spoorlaan, zwammerdam\"", "Straattype": "onbekend", "Verh_type": "onbekend", "Breedte": 125, "Hoogte": 125, "BodemBrdt": 4, "Lengte": 2.57999992, "Gebied": "de burcht gs", "Inspectie": "", "JaarVerv": "0", "Beslismodl": "Geen beoordeling", "Beoordeeld": "0000", "Tactisch": 7, "Act_Direct": 0, "Act_In_5Y": 0, "Act_In_10Y": 0, "Geen_actie": 0, "Niet_beord": 2.58, "Operationl": 0, "Project": "", "APM": 0, "APV": "", "Kosten": 371.55, "Opmerking": "", "Tekening": "INPA070748_001 REV TOTAA", "OBJ_ID": "cccecc97ef1a44fd8126d748f04e7bfa", "OBJECTID": 715, "Shape_Length": 2.5746998488635175}}, {"type": "Feature", "id": 716, "geometry": {"type": "LineString", "coordinates": [[109559.11800000072, 457687.5210000016], [109560.16200000048, 457684.94000000134], [109561.99500000104, 457685.87999999896], [109562.18899999931, 457685.4970000014]]}, "properties": {"Datum": "20190520", "Van_knpnr": "ZMK0075", "Naar_knpnr": "F07132", "Strengnr": 1, "Offset": 0, "Strengtype": "kolkaansluitleiding", "Afvoertype": "hemelwater gs", "Jaar": "0", "Jaar_recon": "0", "Materiaal": "pvc klasse 34 sn8", "Vorm": "rond", "Voeg": "mof-spie", "Grondslag": "onbekend", "Fundatie": "onbekend", "VanBobpeil": "", "NarBobpeil": "", "Straat": "\"spoorlaan, zwammerdam\"", "Straattype": "onbekend", "Verh_type": "onbekend", "Breedte": 125, "Hoogte": 125, "BodemBrdt": 4, "Lengte": 5.26999998, "Gebied": "de burcht gs", "Inspectie": "", "JaarVerv": "0", "Beslismodl": "Geen beoordeling", "Beoordeeld": "0000", "Tactisch": 7, "Act_Direct": 0, "Act_In_5Y": 0, "Act_In_10Y": 0, "Geen_actie": 0, "Niet_beord": 5.27, "Operationl": 0, "Project": "", "APM": 0, "APV": "", "Kosten": 758.93, "Opmerking": "", "Tekening": "INPA070748_001 REV TOTAA", "OBJ_ID": "18459c4933fa44aaa63d4c7d207c4e3c", "OBJECTID": 716, "Shape_Length": 5.2734549669930075}}, {"type": "Feature", "id": 717, "geometry": {"type": "LineString", "coordinates": [[109554.44999999925, 457691.1559999995], [109553.87099999934, 457692.16099999845], [109563.52100000158, 457698.3669999987]]}, "properties": {"Datum": "20190520", "Van_knpnr": "ZMK0076", "Naar_knpnr": "F07143", "Strengnr": 1, "Offset": 0, "Strengtype": "kolkaansluitleiding", "Afvoertype": "hemelwater gs", "Jaar": "0", "Jaar_recon": "0", "Materiaal": "pvc klasse 34 sn8", "Vorm": "rond", "Voeg": "mof-spie", "Grondslag": "onbekend", "Fundatie": "onbekend", "VanBobpeil": "", "NarBobpeil": "", "Straat": "\"spoorlaan, zwammerdam\"", "Straattype": "onbekend", "Verh_type": "onbekend", "Breedte": 125, "Hoogte": 125, "BodemBrdt": 4, "Lengte": 12.6300001, "Gebied": "hooge burch gs", "Inspectie": "", "JaarVerv": "0", "Beslismodl": "Geen beoordeling", "Beoordeeld": "0000", "Tactisch": 7, "Act_Direct": 0, "Act_In_5Y": 0, "Act_In_10Y": 0, "Geen_actie": 0, "Niet_beord": 12.63, "Operationl": 0, "Project": "", "APM": 0, "APV": "", "Kosten": 1818.85, "Opmerking": "", "Tekening": "INPA070748_001 REV TOTAA", "OBJ_ID": "0", "OBJECTID": 717, "Shape_Length": 12.633170107553006}}, {"type": "Feature", "id": 718, "geometry": {"type": "LineString", "coordinates": [[109564.17199999839, 457697.2820000015], [109563.52100000158, 457698.3669999987]]}, "properties": {"Datum": "20190520", "Van_knpnr": "ZMK0077", "Naar_knpnr": "F07143", "Strengnr": 1, "Offset": 0, "Strengtype": "kolkaansluitleiding", "Afvoertype": "hemelwater gs", "Jaar": "0", "Jaar_recon": "0", "Materiaal": "pvc klasse 34 sn8", "Vorm": "rond", "Voeg": "mof-spie", "Grondslag": "onbekend", "Fundatie": "onbekend", "VanBobpeil": "", "NarBobpeil": "", "Straat": "\"spoorlaan, zwammerdam\"", "Straattype": "onbekend", "Verh_type": "onbekend", "Breedte": 125, "Hoogte": 125, "BodemBrdt": 4, "Lengte": 1.26999998, "Gebied": "hooge burch gs", "Inspectie": "", "JaarVerv": "0", "Beslismodl": "Geen beoordeling", "Beoordeeld": "0000", "Tactisch": 7, "Act_Direct": 0, "Act_In_5Y": 0, "Act_In_10Y": 0, "Geen_actie": 0, "Niet_beord": 1.27, "Operationl": 0, "Project": "", "APM": 0, "APV": "", "Kosten": 182.89, "Opmerking": "", "Tekening": "INPA070748_001 REV TOTAA", "OBJ_ID": "0", "OBJECTID": 718, "Shape_Length": 1.2653165571130296}}, {"type": "Feature", "id": 719, "geometry": {"type": "LineString", "coordinates": [[109567.8209999986, 457707.493999999], [109569.09499999881, 457709.37999999896], [109565.32299999893, 457712.3350000009]]}, "properties": {"Datum": "20190520", "Van_knpnr": "ZMK0079", "Naar_knpnr": "F07145U", "Strengnr": 1, "Offset": 0, "Strengtype": "kolkaansluitleiding", "Afvoertype": "hemelwater gs", "Jaar": "0", "Jaar_recon": "0", "Materiaal": "pvc klasse 34 sn8", "Vorm": "rond", "Voeg": "mof-spie", "Grondslag": "onbekend", "Fundatie": "onbekend", "VanBobpeil": "", "NarBobpeil": "", "Straat": "\"spoorlaan, zwammerdam\"", "Straattype": "onbekend", "Verh_type": "onbekend", "Breedte": 125, "Hoogte": 125, "BodemBrdt": 4, "Lengte": 7.07000017, "Gebied": "hooge burch gs", "Inspectie": "", "JaarVerv": "0", "Beslismodl": "Geen beoordeling", "Beoordeeld": "0000", "Tactisch": 7, "Act_Direct": 0, "Act_In_5Y": 0, "Act_In_10Y": 0, "Geen_actie": 0, "Niet_beord": 7.07, "Operationl": 0, "Project": "", "APM": 0, "APV": "", "Kosten": 1018.15, "Opmerking": "", "Tekening": "INPA070748_001 REV TOTAA", "OBJ_ID": "0", "OBJECTID": 719, "Shape_Length": 7.067637513369465}}, {"type": "Feature", "id": 720, "geometry": {"type": "LineString", "coordinates": [[109738.87700000033, 457622.19200000167], [109739.28500000015, 457622.70800000057], [109738.63800000027, 457623.98000000045], [109742.88500000164, 457628.9459999986]]}, "properties": {"Datum": "20190520", "Van_knpnr": "ZMK0086", "Naar_knpnr": "F07127U", "Strengnr": 1, "Offset": 0, "Strengtype": "kolkaansluitleiding", "Afvoertype": "hemelwater gs", "Jaar": "0", "Jaar_recon": "0", "Materiaal": "pvc klasse 34 sn8", "Vorm": "rond", "Voeg": "mof-spie", "Grondslag": "onbekend", "Fundatie": "onbekend", "VanBobpeil": "", "NarBobpeil": "", "Straat": "\"rijksstraatweg, zwammerdam\"", "Straattype": "onbekend", "Verh_type": "onbekend", "Breedte": 125, "Hoogte": 125, "BodemBrdt": 4, "Lengte": 8.61999989, "Gebied": "de burcht gs", "Inspectie": "", "JaarVerv": "0", "Beslismodl": "Geen beoordeling", "Beoordeeld": "0000", "Tactisch": 7, "Act_Direct": 0, "Act_In_5Y": 0, "Act_In_10Y": 0, "Geen_actie": 0, "Niet_beord": 8.62, "Operationl": 0, "Project": "", "APM": 0, "APV": "", "Kosten": 1241.37, "Opmerking": "", "Tekening": "INPA070748_001 REV TOTAA", "OBJ_ID": "f367112697d54dd7ab7675895f9741d5", "OBJECTID": 720, "Shape_Length": 8.619290352122642}}, {"type": "Feature", "id": 721, "geometry": {"type": "LineString", "coordinates": [[109790.07200000063, 457576.8960000016], [109790.79500000179, 457577.9120000005], [109787.15399999917, 457580.7289999984], [109792.29600000009, 457586.5929999985]]}, "properties": {"Datum": "20190520", "Van_knpnr": "ZMK0087", "Naar_knpnr": "F07126U", "Strengnr": 1, "Offset": 0, "Strengtype": "kolkaansluitleiding", "Afvoertype": "hemelwater gs", "Jaar": "0", "Jaar_recon": "0", "Materiaal": "pvc klasse 34 sn8", "Vorm": "rond", "Voeg": "mof-spie", "Grondslag": "onbekend", "Fundatie": "onbekend", "VanBobpeil": "", "NarBobpeil": "", "Straat": "\"rijksstraatweg, zwammerdam\"", "Straattype": "onbekend", "Verh_type": "onbekend", "Breedte": 125, "Hoogte": 125, "BodemBrdt": 4, "Lengte": 13.6499996, "Gebied": "de burcht gs", "Inspectie": "", "JaarVerv": "0", "Beslismodl": "Geen beoordeling", "Beoordeeld": "0000", "Tactisch": 7, "Act_Direct": 0, "Act_In_5Y": 0, "Act_In_10Y": 0, "Geen_actie": 0, "Niet_beord": 13.65, "Operationl": 0, "Project": "", "APM": 0, "APV": "", "Kosten": 1965.74, "Opmerking": "", "Tekening": "INPA070748_001 REV TOTAA", "OBJ_ID": "91b4098f3d584141b6b5e919ce0f4516", "OBJECTID": 721, "Shape_Length": 13.649652336698594}}, {"type": "Feature", "id": 722, "geometry": {"type": "LineString", "coordinates": [[110044.58399999887, 457349.7270000018], [110046.06300000101, 457352.69099999964], [110054.95199999958, 457346.8520000018]]}, "properties": {"Datum": "20190520", "Van_knpnr": "ZMK0089", "Naar_knpnr": "F07124", "Strengnr": 1, "Offset": 0, "Strengtype": "kolkaansluitleiding", "Afvoertype": "hemelwater gs", "Jaar": "0", "Jaar_recon": "0", "Materiaal": "pvc klasse 34 sn8", "Vorm": "rond", "Voeg": "mof-spie", "Grondslag": "onbekend", "Fundatie": "onbekend", "VanBobpeil": "", "NarBobpeil": "", "Straat": "\"rijksstraatweg, zwammerdam\"", "Straattype": "onbekend", "Verh_type": "onbekend", "Breedte": 125, "Hoogte": 125, "BodemBrdt": 4, "Lengte": 13.9499998, "Gebied": "akerboomseweg gs", "Inspectie": "", "JaarVerv": "0", "Beslismodl": "Geen beoordeling", "Beoordeeld": "0000", "Tactisch": 7, "Act_Direct": 0, "Act_In_5Y": 0, "Act_In_10Y": 0, "Geen_actie": 0, "Niet_beord": 13.95, "Operationl": 0, "Project": "", "APM": 0, "APV": "", "Kosten": 2008.94, "Opmerking": "", "Tekening": "INPA070748_001 REV TOTAA", "OBJ_ID": "f3352efbbaa24fa194a4c295a6bca216", "OBJECTID": 722, "Shape_Length": 13.947748054782863}}, {"type": "Feature", "id": 723, "geometry": {"type": "LineString", "coordinates": [[110059.7100000009, 457340.0370000005], [110060.31599999964, 457340.76300000027], [110054.25699999928, 457346.05000000075], [110054.95199999958, 457346.8520000018]]}, "properties": {"Datum": "20190520", "Van_knpnr": "ZMK0090", "Naar_knpnr": "F07124", "Strengnr": 1, "Offset": 0, "Strengtype": "kolkaansluitleiding", "Afvoertype": "hemelwater gs", "Jaar": "0", "Jaar_recon": "0", "Materiaal": "pvc klasse 34 sn8", "Vorm": "rond", "Voeg": "mof-spie", "Grondslag": "onbekend", "Fundatie": "onbekend", "VanBobpeil": "", "NarBobpeil": "", "Straat": "\"rijksstraatweg, zwammerdam\"", "Straattype": "onbekend", "Verh_type": "onbekend", "Breedte": 125, "Hoogte": 125, "BodemBrdt": 4, "Lengte": 10.0500002, "Gebied": "akerboomseweg gs", "Inspectie": "", "JaarVerv": "0", "Beslismodl": "Geen beoordeling", "Beoordeeld": "0000", "Tactisch": 7, "Act_Direct": 0, "Act_In_5Y": 0, "Act_In_10Y": 0, "Geen_actie": 0, "Niet_beord": 10.05, "Operationl": 0, "Project": "", "APM": 0, "APV": "", "Kosten": 1447.3, "Opmerking": "", "Tekening": "INPA070748_001 REV TOTAA", "OBJ_ID": "39d6ab2f505f4c618a25aa741cc9b020", "OBJECTID": 723, "Shape_Length": 10.048303665054313}}, {"type": "Feature", "id": 724, "geometry": {"type": "LineString", "coordinates": [[110039.83700000122, 457343.40100000054], [110038.37999999896, 457341.46499999985], [110050.94399999827, 457331.85500000045]]}, "properties": {"Datum": "20190520", "Van_knpnr": "ZMK0091", "Naar_knpnr": "F07125", "Strengnr": 1, "Offset": 0, "Strengtype": "kolkaansluitleiding", "Afvoertype": "hemelwater gs", "Jaar": "0", "Jaar_recon": "0", "Materiaal": "pvc klasse 34 sn8", "Vorm": "rond", "Voeg": "mof-spie", "Grondslag": "onbekend", "Fundatie": "onbekend", "VanBobpeil": "", "NarBobpeil": "", "Straat": "\"rijksstraatweg, zwammerdam\"", "Straattype": "onbekend", "Verh_type": "onbekend", "Breedte": 125, "Hoogte": 125, "BodemBrdt": 4, "Lengte": 18.2399998, "Gebied": "akerboomseweg gs", "Inspectie": "", "JaarVerv": "0", "Beslismodl": "Geen beoordeling", "Beoordeeld": "0000", "Tactisch": 7, "Act_Direct": 0, "Act_In_5Y": 0, "Act_In_10Y": 0, "Geen_actie": 0, "Niet_beord": 18.24, "Operationl": 0, "Project": "", "APM": 0, "APV": "", "Kosten": 2626.74, "Opmerking": "", "Tekening": "INPA070748_001 REV TOTAA", "OBJ_ID": "c5ea71b2dbe346b49d468df5400d922f", "OBJECTID": 724, "Shape_Length": 18.240910749634224}}, {"type": "Feature", "id": 725, "geometry": {"type": "LineString", "coordinates": [[110083.58999999985, 457319.25499999896], [110084.77100000158, 457320.7280000001], [110092.80999999866, 457314.6259999983]]}, "properties": {"Datum": "20190520", "Van_knpnr": "ZMK0094", "Naar_knpnr": "F07122", "Strengnr": 1, "Offset": 0, "Strengtype": "kolkaansluitleiding", "Afvoertype": "hemelwater gs", "Jaar": "0", "Jaar_recon": "0", "Materiaal": "pvc klasse 34 sn8", "Vorm": "rond", "Voeg": "mof-spie", "Grondslag": "onbekend", "Fundatie": "onbekend", "VanBobpeil": "", "NarBobpeil": "", "Straat": "\"rijksstraatweg, zwammerdam\"", "Straattype": "onbekend", "Verh_type": "onbekend", "Breedte": 125, "Hoogte": 125, "BodemBrdt": 4, "Lengte": 11.9799995, "Gebied": "akerboomseweg gs", "Inspectie": "", "JaarVerv": "0", "Beslismodl": "Geen beoordeling", "Beoordeeld": "0000", "Tactisch": 7, "Act_Direct": 0, "Act_In_5Y": 0, "Act_In_10Y": 0, "Geen_actie": 0, "Niet_beord": 11.98, "Operationl": 0, "Project": "", "APM": 0, "APV": "", "Kosten": 1725.24, "Opmerking": "", "Tekening": "INPA070748_001 REV TOTAA", "OBJ_ID": "cf516f8799c74be8be2b4d04f9236f01", "OBJECTID": 725, "Shape_Length": 11.980553509886567}}, {"type": "Feature", "id": 726, "geometry": {"type": "LineString", "coordinates": [[110095.83199999854, 457304.8599999994], [110097.9450000003, 457306.4450000003], [110092.40300000086, 457314.33999999985], [110092.80999999866, 457314.6259999983]]}, "properties": {"Datum": "20190520", "Van_knpnr": "ZMK0095", "Naar_knpnr": "F07122", "Strengnr": 1, "Offset": 0, "Strengtype": "kolkaansluitleiding", "Afvoertype": "hemelwater gs", "Jaar": "0", "Jaar_recon": "0", "Materiaal": "pvc klasse 34 sn8", "Vorm": "rond", "Voeg": "mof-spie", "Grondslag": "onbekend", "Fundatie": "onbekend", "VanBobpeil": "", "NarBobpeil": "", "Straat": "\"rijksstraatweg, zwammerdam\"", "Straattype": "onbekend", "Verh_type": "onbekend", "Breedte": 125, "Hoogte": 125, "BodemBrdt": 4, "Lengte": 12.79, "Gebied": "akerboomseweg gs", "Inspectie": "", "JaarVerv": "0", "Beslismodl": "Geen beoordeling", "Beoordeeld": "0000", "Tactisch": 7, "Act_Direct": 0, "Act_In_5Y": 0, "Act_In_10Y": 0, "Geen_actie": 0, "Niet_beord": 12.79, "Operationl": 0, "Project": "", "APM": 0, "APV": "", "Kosten": 1841.89, "Opmerking": "", "Tekening": "INPA070748_001 REV TOTAA", "OBJ_ID": "8c8e4be8342c4c038b80c723287e132e", "OBJECTID": 726, "Shape_Length": 12.784811127469087}}, {"type": "Feature", "id": 727, "geometry": {"type": "LineString", "coordinates": [[109703.03599999845, 457843.311999999], [109703.1099999994, 457839.4299999997]]}, "properties": {"Datum": "20190520", "Van_knpnr": "ZMR0003C", "Naar_knpnr": "F02957", "Strengnr": 2226980, "Offset": 0, "Strengtype": "inzamelriool", "Afvoertype": "hemelwater gs", "Jaar": "2009", "Jaar_recon": "2009", "Materiaal": "pvc klasse 34 sn8", "Vorm": "rond", "Voeg": "mof-spie", "Grondslag": "onbekend", "Fundatie": "staal", "VanBobpeil": "-1.480", "NarBobpeil": "-1.500", "Straat": "\"vinkebuurt, zwammerdam\"", "Straattype": "onbekend", "Verh_type": "onbekend", "Breedte": 315, "Hoogte": 315, "BodemBrdt": 9, "Lengte": 3.88000011, "Gebied": "centrum zwammerdam gem", "Inspectie": "", "JaarVerv": "0", "Beslismodl": "Geen beoordeling", "Beoordeeld": "0000", "Tactisch": 7, "Act_Direct": 0, "Act_In_5Y": 0, "Act_In_10Y": 0, "Geen_actie": 0, "Niet_beord": 3.88, "Operationl": 0, "Project": "", "APM": 0, "APV": "", "Kosten": 550.46, "Opmerking": "", "Tekening": "onbekend", "OBJ_ID": "0f5a812708c546e8b421003771360acb", "OBJECTID": 727, "Shape_Length": 3.88270524178541}}, {"type": "Feature", "id": 728, "geometry": {"type": "LineString", "coordinates": [[109470.91600000113, 457959.5859999992], [109466.26000000164, 457954.51999999955]]}, "properties": {"Datum": "20190520", "Van_knpnr": "ZMR0010", "Naar_knpnr": "F02433", "Strengnr": 2226982, "Offset": 0, "Strengtype": "inzamelriool", "Afvoertype": "hemelwater gs", "Jaar": "2009", "Jaar_recon": "2009", "Materiaal": "pvc klasse 34 sn8", "Vorm": "rond", "Voeg": "mof-spie", "Grondslag": "water", "Fundatie": "staal", "VanBobpeil": "-1.250", "NarBobpeil": "-1.250", "Straat": "\"vinkebuurt, zwammerdam\"", "Straattype": "onbekend", "Verh_type": "onbekend", "Breedte": 250, "Hoogte": 250, "BodemBrdt": 6, "Lengte": 6.88000011, "Gebied": "centrum zwammerdam gem", "Inspectie": "", "JaarVerv": "0", "Beslismodl": "Geen beoordeling", "Beoordeeld": "0000", "Tactisch": 7, "Act_Direct": 0, "Act_In_5Y": 0, "Act_In_10Y": 0, "Geen_actie": 0, "Niet_beord": 6.88, "Operationl": 0, "Project": "", "APM": 0, "APV": "", "Kosten": 975.39, "Opmerking": "", "Tekening": "onbekend", "OBJ_ID": "274bcd1201f1491e96d1b0d4ec2eec2d", "OBJECTID": 728, "Shape_Length": 6.880602589283781}}, {"type": "Feature", "id": 729, "geometry": {"type": "LineString", "coordinates": [[109507.80000000075, 457947.75], [109470.91600000113, 457959.5859999992]]}, "properties": {"Datum": "20190520", "Van_knpnr": "ZMR0011", "Naar_knpnr": "ZMR0010", "Strengnr": 2215923, "Offset": 0, "Strengtype": "inzamelriool", "Afvoertype": "hemelwater gs", "Jaar": "2009", "Jaar_recon": "2009", "Materiaal": "pvc klasse 34 sn8", "Vorm": "rond", "Voeg": "mof-spie", "Grondslag": "water", "Fundatie": "staal", "VanBobpeil": "-1.280", "NarBobpeil": "-1.250", "Straat": "\"vinkebuurt, zwammerdam\"", "Straattype": "onbekend", "Verh_type": "onbekend", "Breedte": 250, "Hoogte": 250, "BodemBrdt": 6, "Lengte": 38.7400017, "Gebied": "centrum zwammerdam gem", "Inspectie": "20090408", "JaarVerv": "2079", "Beslismodl": "Geen maatregel", "Beoordeeld": "0000", "Tactisch": 7, "Act_Direct": 0, "Act_In_5Y": 0, "Act_In_10Y": 0, "Geen_actie": 0, "Niet_beord": 38.74, "Operationl": 0, "Project": "", "APM": 0, "APV": "", "Kosten": 5874.1, "Opmerking": "", "Tekening": "onbekend", "OBJ_ID": "0", "OBJECTID": 729, "Shape_Length": 38.7365505943982}}, {"type": "Feature", "id": 730, "geometry": {"type": "LineString", "coordinates": [[109565.53000000119, 457922.55000000075], [109554.21999999881, 457928.3359999992], [109547.85799999908, 457931.48600000143], [109546.05600000173, 457932.3509999998], [109532.90799999982, 457938.0859999992], [109522.39699999988, 457942.3999999985], [109513.35200000182, 457945.9519999996], [109507.80000000075, 457947.75]]}, "properties": {"Datum": "20190520", "Van_knpnr": "ZMR0012", "Naar_knpnr": "ZMR0011", "Strengnr": 2215922, "Offset": 0, "Strengtype": "inzamelriool", "Afvoertype": "hemelwater gs", "Jaar": "2009", "Jaar_recon": "2009", "Materiaal": "pvc klasse 34 sn8", "Vorm": "rond", "Voeg": "mof-spie", "Grondslag": "water", "Fundatie": "staal", "VanBobpeil": "-1.330", "NarBobpeil": "-1.280", "Straat": "\"vinkebuurt, zwammerdam\"", "Straattype": "onbekend", "Verh_type": "onbekend", "Breedte": 250, "Hoogte": 250, "BodemBrdt": 6, "Lengte": 63.0600014, "Gebied": "centrum zwammerdam gem", "Inspectie": "20090408", "JaarVerv": "2079", "Beslismodl": "Geen maatregel", "Beoordeeld": "0000", "Tactisch": 7, "Act_Direct": 0, "Act_In_5Y": 0, "Act_In_10Y": 0, "Geen_actie": 0, "Niet_beord": 63.06, "Operationl": 0, "Project": "", "APM": 0, "APV": "", "Kosten": 9628.91, "Opmerking": "", "Tekening": "onbekend", "OBJ_ID": "0", "OBJECTID": 730, "Shape_Length": 63.06159002261894}}, {"type": "Feature", "id": 731, "geometry": {"type": "LineString", "coordinates": [[109604.39999999851, 457902.2899999991], [109565.53000000119, 457922.55000000075]]}, "properties": {"Datum": "20190520", "Van_knpnr": "ZMR0013", "Naar_knpnr": "ZMR0012", "Strengnr": 2215921, "Offset": 0, "Strengtype": "inzamelriool", "Afvoertype": "hemelwater gs", "Jaar": "2009", "Jaar_recon": "2009", "Materiaal": "pvc klasse 34 sn8", "Vorm": "rond", "Voeg": "mof-spie", "Grondslag": "zware zavel", "Fundatie": "staal", "VanBobpeil": "-1.380", "NarBobpeil": "-1.330", "Straat": "\"vinkebuurt, zwammerdam\"", "Straattype": "onbekend", "Verh_type": "onbekend", "Breedte": 250, "Hoogte": 250, "BodemBrdt": 6, "Lengte": 43.8300018, "Gebied": "centrum zwammerdam gem", "Inspectie": "20090408", "JaarVerv": "2079", "Beslismodl": "Geen maatregel", "Beoordeeld": "0000", "Tactisch": 7, "Act_Direct": 0, "Act_In_5Y": 0, "Act_In_10Y": 0, "Geen_actie": 0, "Niet_beord": 43.83, "Operationl": 0, "Project": "", "APM": 0, "APV": "", "Kosten": 6733.46, "Opmerking": "", "Tekening": "onbekend", "OBJ_ID": "77c2b47da09b4a5cae4dd1f8be2b9a10", "OBJECTID": 731, "Shape_Length": 43.83314385094803}}, {"type": "Feature", "id": 732, "geometry": {"type": "LineString", "coordinates": [[109604.39999999851, 457902.2899999991], [109641.69299999997, 457883.88500000164]]}, "properties": {"Datum": "20190520", "Van_knpnr": "ZMR0013", "Naar_knpnr": "ZMR0014", "Strengnr": 2215920, "Offset": 0, "Strengtype": "inzamelriool", "Afvoertype": "hemelwater gs", "Jaar": "2009", "Jaar_recon": "2009", "Materiaal": "pvc klasse 34 sn8", "Vorm": "rond", "Voeg": "mof-spie", "Grondslag": "zware zavel", "Fundatie": "staal", "VanBobpeil": "-1.380", "NarBobpeil": "-1.420", "Straat": "\"vinkebuurt, zwammerdam\"", "Straattype": "onbekend", "Verh_type": "onbekend", "Breedte": 250, "Hoogte": 250, "BodemBrdt": 6, "Lengte": 41.5900002, "Gebied": "centrum zwammerdam gem", "Inspectie": "20090408", "JaarVerv": "2079", "Beslismodl": "Geen maatregel", "Beoordeeld": "0000", "Tactisch": 7, "Act_Direct": 0, "Act_In_5Y": 0, "Act_In_10Y": 0, "Geen_actie": 0, "Niet_beord": 41.59, "Operationl": 0, "Project": "", "APM": 0, "APV": "", "Kosten": 6948.86, "Opmerking": "", "Tekening": "onbekend", "OBJ_ID": "03735fd1bfe9486b9d6e2463a501c9d9", "OBJECTID": 732, "Shape_Length": 41.587400423874435}}, {"type": "Feature", "id": 733, "geometry": {"type": "LineString", "coordinates": [[109703.72399999946, 457850.7710000016], [109703.04800000042, 457844.34800000116]]}, "properties": {"Datum": "20190520", "Van_knpnr": "ZMR0015", "Naar_knpnr": "ZMR0003", "Strengnr": 2226981, "Offset": 0, "Strengtype": "inzamelriool", "Afvoertype": "hemelwater gs", "Jaar": "2009", "Jaar_recon": "2009", "Materiaal": "pvc klasse 34 sn8", "Vorm": "rond", "Voeg": "mof-spie", "Grondslag": "zware zavel", "Fundatie": "staal", "VanBobpeil": "-1.480", "NarBobpeil": "-1.480", "Straat": "\"vinkebuurt, zwammerdam\"", "Straattype": "onbekend", "Verh_type": "onbekend", "Breedte": 315, "Hoogte": 315, "BodemBrdt": 9, "Lengte": 6.46000004, "Gebied": "centrum zwammerdam gem", "Inspectie": "20090408", "JaarVerv": "2079", "Beslismodl": "Geen maatregel", "Beoordeeld": "0000", "Tactisch": 7, "Act_Direct": 0, "Act_In_5Y": 0, "Act_In_10Y": 0, "Geen_actie": 0, "Niet_beord": 6.46, "Operationl": 0, "Project": "", "APM": 0, "APV": "", "Kosten": 1068.79, "Opmerking": "", "Tekening": "onbekend", "OBJ_ID": "d7926e97ebfe4255847b43f96da76116", "OBJECTID": 733, "Shape_Length": 6.458475439611921}}, {"type": "Feature", "id": 734, "geometry": {"type": "LineString", "coordinates": [[109703.72399999946, 457850.7710000016], [109699.4140000008, 457853.73600000143], [109641.69299999997, 457883.88500000164]]}, "properties": {"Datum": "20190520", "Van_knpnr": "ZMR0015", "Naar_knpnr": "ZMR0014", "Strengnr": 2216187, "Offset": 0, "Strengtype": "inzamelriool", "Afvoertype": "hemelwater gs", "Jaar": "2009", "Jaar_recon": "2009", "Materiaal": "pvc klasse 34 sn8", "Vorm": "rond", "Voeg": "mof-spie", "Grondslag": "zware zavel", "Fundatie": "staal", "VanBobpeil": "-1.480", "NarBobpeil": "-1.420", "Straat": "\"vinkebuurt, zwammerdam\"", "Straattype": "onbekend", "Verh_type": "onbekend", "Breedte": 315, "Hoogte": 315, "BodemBrdt": 9, "Lengte": 70.3499985, "Gebied": "centrum zwammerdam gem", "Inspectie": "20090408", "JaarVerv": "2079", "Beslismodl": "Geen maatregel", "Beoordeeld": "0000", "Tactisch": 7, "Act_Direct": 0, "Act_In_5Y": 0, "Act_In_10Y": 0, "Geen_actie": 0, "Niet_beord": 70.35, "Operationl": 0, "Project": "", "APM": 0, "APV": "", "Kosten": 11639.25, "Opmerking": "", "Tekening": "onbekend", "OBJ_ID": "0", "OBJECTID": 734, "Shape_Length": 70.35185217470902}}, {"type": "Feature", "id": 735, "geometry": {"type": "LineString", "coordinates": [[109953.07699999958, 457666.9979999997], [109949.55000000075, 457665.4200000018]]}, "properties": {"Datum": "20190520", "Van_knpnr": "ZMR0072", "Naar_knpnr": "F02465", "Strengnr": 2227018, "Offset": 0, "Strengtype": "inzamelriool", "Afvoertype": "gemengd", "Jaar": "2010", "Jaar_recon": "2010", "Materiaal": "pvc klasse 34 sn8", "Vorm": "rond", "Voeg": "mof-spie", "Grondslag": "zware zavel", "Fundatie": "staal", "VanBobpeil": "-1.050", "NarBobpeil": "-1.050", "Straat": "\"molenstraat, zwammerdam\"", "Straattype": "onbekend", "Verh_type": "onbekend", "Breedte": 250, "Hoogte": 250, "BodemBrdt": 6, "Lengte": 3.8599999, "Gebied": "centrum zwammerdam gem", "Inspectie": "", "JaarVerv": "0", "Beslismodl": "Geen beoordeling", "Beoordeeld": "0000", "Tactisch": 7, "Act_Direct": 0, "Act_In_5Y": 0, "Act_In_10Y": 0, "Geen_actie": 0, "Niet_beord": 3.86, "Operationl": 0, "Project": "", "APM": 0, "APV": "", "Kosten": 547.24, "Opmerking": "", "Tekening": "onbekend", "OBJ_ID": "d787d4949fec4951ba64aab2458ffb61", "OBJECTID": 735, "Shape_Length": 3.8639116171469574}}, {"type": "Feature", "id": 736, "geometry": {"type": "LineString", "coordinates": [[109981.0700000003, 457687.7800000012], [109953.07699999958, 457666.9979999997]]}, "properties": {"Datum": "20190520", "Van_knpnr": "ZMR0073", "Naar_knpnr": "ZMR0072", "Strengnr": 2227020, "Offset": 0, "Strengtype": "inzamelriool", "Afvoertype": "hemelwater gs", "Jaar": "2010", "Jaar_recon": "2010", "Materiaal": "pvc klasse 34 sn8", "Vorm": "rond", "Voeg": "mof-spie", "Grondslag": "zware zavel", "Fundatie": "staal", "VanBobpeil": "-1.050", "NarBobpeil": "-1.050", "Straat": "palmboomhof", "Straattype": "onbekend", "Verh_type": "onbekend", "Breedte": 250, "Hoogte": 250, "BodemBrdt": 6, "Lengte": 34.8600006, "Gebied": "centrum zwammerdam gem", "Inspectie": "", "JaarVerv": "0", "Beslismodl": "Geen beoordeling", "Beoordeeld": "0000", "Tactisch": 7, "Act_Direct": 0, "Act_In_5Y": 0, "Act_In_10Y": 0, "Geen_actie": 0, "Niet_beord": 34.86, "Operationl": 0, "Project": "", "APM": 0, "APV": "", "Kosten": 5035.04, "Opmerking": "", "Tekening": "onbekend", "OBJ_ID": "06ef171f2d074be58b105ce13d06bbc4", "OBJECTID": 736, "Shape_Length": 34.864015447208864}}, {"type": "Feature", "id": 737, "geometry": {"type": "LineString", "coordinates": [[110036.4600000009, 457538.12999999896], [110006.26000000164, 457530.7800000012]]}, "properties": {"Datum": "20190520", "Van_knpnr": "ZMR0091", "Naar_knpnr": "ZMR0092", "Strengnr": 2226793, "Offset": 0, "Strengtype": "inzamelriool", "Afvoertype": "hemelwater gs", "Jaar": "2010", "Jaar_recon": "2010", "Materiaal": "pvc klasse 34 sn8", "Vorm": "rond", "Voeg": "mof-spie", "Grondslag": "zware zavel", "Fundatie": "onbekend", "VanBobpeil": "-1.090", "NarBobpeil": "-1.120", "Straat": "\"withenluststraat, zwammerdam\"", "Straattype": "onbekend", "Verh_type": "onbekend", "Breedte": 200, "Hoogte": 200, "BodemBrdt": 6, "Lengte": 31.0799999, "Gebied": "centrum zwammerdam gem", "Inspectie": "", "JaarVerv": "0", "Beslismodl": "Geen beoordeling", "Beoordeeld": "0000", "Tactisch": 7, "Act_Direct": 0, "Act_In_5Y": 0, "Act_In_10Y": 0, "Geen_actie": 0, "Niet_beord": 31.08, "Operationl": 0, "Project": "", "APM": 0, "APV": "", "Kosten": 4491.17, "Opmerking": "", "Tekening": "onbekend", "OBJ_ID": "973bef9e5f8a402b83c870003e91e3f2", "OBJECTID": 737, "Shape_Length": 31.081545970593893}}, {"type": "Feature", "id": 738, "geometry": {"type": "LineString", "coordinates": [[110006.26000000164, 457530.7800000012], [109978.44000000134, 457537.5]]}, "properties": {"Datum": "20190520", "Van_knpnr": "ZMR0092", "Naar_knpnr": "ZMR0093", "Strengnr": 2226797, "Offset": 0, "Strengtype": "inzamelriool", "Afvoertype": "hemelwater gs", "Jaar": "2010", "Jaar_recon": "2010", "Materiaal": "pvc klasse 34 sn8", "Vorm": "rond", "Voeg": "mof-spie", "Grondslag": "zware zavel", "Fundatie": "onbekend", "VanBobpeil": "-1.120", "NarBobpeil": "-1.140", "Straat": "\"withenluststraat, zwammerdam\"", "Straattype": "onbekend", "Verh_type": "onbekend", "Breedte": 200, "Hoogte": 200, "BodemBrdt": 6, "Lengte": 28.6200008, "Gebied": "centrum zwammerdam gem", "Inspectie": "", "JaarVerv": "0", "Beslismodl": "Geen beoordeling", "Beoordeeld": "0000", "Tactisch": 7, "Act_Direct": 0, "Act_In_5Y": 0, "Act_In_10Y": 0, "Geen_actie": 0, "Niet_beord": 28.62, "Operationl": 0, "Project": "", "APM": 0, "APV": "", "Kosten": 4158.57, "Opmerking": "", "Tekening": "onbekend", "OBJ_ID": "0", "OBJECTID": 738, "Shape_Length": 28.620111809714516}}, {"type": "Feature", "id": 739, "geometry": {"type": "LineString", "coordinates": [[109978.44000000134, 457537.5], [109916.30000000075, 457514.69000000134]]}, "properties": {"Datum": "20190520", "Van_knpnr": "ZMR0093", "Naar_knpnr": "ZMR0094", "Strengnr": 2226798, "Offset": 0, "Strengtype": "inzamelriool", "Afvoertype": "hemelwater gs", "Jaar": "2010", "Jaar_recon": "2010", "Materiaal": "pvc klasse 34 sn8", "Vorm": "rond", "Voeg": "mof-spie", "Grondslag": "zware zavel", "Fundatie": "onbekend", "VanBobpeil": "-1.140", "NarBobpeil": "-1.190", "Straat": "\"withenluststraat, zwammerdam\"", "Straattype": "onbekend", "Verh_type": "onbekend", "Breedte": 250, "Hoogte": 250, "BodemBrdt": 6, "Lengte": 66.1900024, "Gebied": "centrum zwammerdam gem", "Inspectie": "", "JaarVerv": "0", "Beslismodl": "Geen beoordeling", "Beoordeeld": "0000", "Tactisch": 7, "Act_Direct": 0, "Act_In_5Y": 0, "Act_In_10Y": 0, "Geen_actie": 0, "Niet_beord": 66.19, "Operationl": 0, "Project": "", "APM": 0, "APV": "", "Kosten": 9621.94, "Opmerking": "", "Tekening": "onbekend", "OBJ_ID": "2af73483015e455492175b46f68ae1e1", "OBJECTID": 739, "Shape_Length": 66.19422708977646}}, {"type": "Feature", "id": 740, "geometry": {"type": "LineString", "coordinates": [[109916.30000000075, 457514.69000000134], [109867.26999999955, 457561.05999999866]]}, "properties": {"Datum": "20190520", "Van_knpnr": "ZMR0094", "Naar_knpnr": "ZMR0095", "Strengnr": 2215442, "Offset": 0, "Strengtype": "inzamelriool", "Afvoertype": "hemelwater gs", "Jaar": "2010", "Jaar_recon": "2010", "Materiaal": "pvc klasse 34 sn8", "Vorm": "rond", "Voeg": "mof-spie", "Grondslag": "zware zavel", "Fundatie": "onbekend", "VanBobpeil": "-1.190", "NarBobpeil": "-1.240", "Straat": "\"withenluststraat, zwammerdam\"", "Straattype": "onbekend", "Verh_type": "onbekend", "Breedte": 315, "Hoogte": 315, "BodemBrdt": 9, "Lengte": 67.4800034, "Gebied": "centrum zwammerdam gem", "Inspectie": "", "JaarVerv": "0", "Beslismodl": "Geen beoordeling", "Beoordeeld": "0000", "Tactisch": 7, "Act_Direct": 0, "Act_In_5Y": 0, "Act_In_10Y": 0, "Geen_actie": 0, "Niet_beord": 67.48, "Operationl": 0, "Project": "", "APM": 0, "APV": "", "Kosten": 9789.2, "Opmerking": "", "Tekening": "onbekend", "OBJ_ID": "0", "OBJECTID": 740, "Shape_Length": 67.4842040767182}}, {"type": "Feature", "id": 741, "geometry": {"type": "LineString", "coordinates": [[109867.26999999955, 457561.05999999866], [109859.03000000119, 457581.8599999994]]}, "properties": {"Datum": "20190520", "Van_knpnr": "ZMR0095", "Naar_knpnr": "ZMR0096", "Strengnr": 2215444, "Offset": 0, "Strengtype": "inzamelriool", "Afvoertype": "hemelwater gs", "Jaar": "2010", "Jaar_recon": "2010", "Materiaal": "pvc klasse 34 sn8", "Vorm": "rond", "Voeg": "mof-spie", "Grondslag": "zware zavel", "Fundatie": "onbekend", "VanBobpeil": "-1.260", "NarBobpeil": "-1.260", "Straat": "\"withenluststraat, zwammerdam\"", "Straattype": "onbekend", "Verh_type": "onbekend", "Breedte": 315, "Hoogte": 315, "BodemBrdt": 9, "Lengte": 22.3700008, "Gebied": "centrum zwammerdam gem", "Inspectie": "", "JaarVerv": "0", "Beslismodl": "Geen beoordeling", "Beoordeeld": "0000", "Tactisch": 7, "Act_Direct": 0, "Act_In_5Y": 0, "Act_In_10Y": 0, "Geen_actie": 0, "Niet_beord": 22.37, "Operationl": 0, "Project": "", "APM": 0, "APV": "", "Kosten": 3271.99, "Opmerking": "", "Tekening": "onbekend", "OBJ_ID": "0", "OBJECTID": 741, "Shape_Length": 22.372697646997814}}, {"type": "Feature", "id": 742, "geometry": {"type": "LineString", "coordinates": [[109859.03000000119, 457581.8599999994], [109825.63500000164, 457568.48999999836]]}, "properties": {"Datum": "20190520", "Van_knpnr": "ZMR0096", "Naar_knpnr": "ZMR0097", "Strengnr": 2215432, "Offset": 0, "Strengtype": "inzamelriool", "Afvoertype": "hemelwater gs", "Jaar": "2010", "Jaar_recon": "2010", "Materiaal": "pvc klasse 34 sn8", "Vorm": "rond", "Voeg": "mof-spie", "Grondslag": "zware zavel", "Fundatie": "onbekend", "VanBobpeil": "-1.270", "NarBobpeil": "-1.310", "Straat": "\"van brederodestraat, zwammerdam\"", "Straattype": "onbekend", "Verh_type": "onbekend", "Breedte": 315, "Hoogte": 315, "BodemBrdt": 9, "Lengte": 35.9700012, "Gebied": "centrum zwammerdam gem", "Inspectie": "", "JaarVerv": "0", "Beslismodl": "Geen beoordeling", "Beoordeeld": "0000", "Tactisch": 7, "Act_Direct": 0, "Act_In_5Y": 0, "Act_In_10Y": 0, "Geen_actie": 0, "Niet_beord": 35.97, "Operationl": 0, "Project": "", "APM": 0, "APV": "", "Kosten": 5289.97, "Opmerking": "", "Tekening": "onbekend", "OBJ_ID": "99613eac53204059a0259961074d3c30", "OBJECTID": 742, "Shape_Length": 35.97197416042154}}, {"type": "Feature", "id": 743, "geometry": {"type": "LineString", "coordinates": [[109825.63500000164, 457568.48999999836], [109767.66000000015, 457617.0399999991]]}, "properties": {"Datum": "20190520", "Van_knpnr": "ZMR0097", "Naar_knpnr": "ZMR0098", "Strengnr": 2226799, "Offset": 0, "Strengtype": "inzamelriool", "Afvoertype": "hemelwater gs", "Jaar": "2010", "Jaar_recon": "2010", "Materiaal": "pvc klasse 34 sn8", "Vorm": "rond", "Voeg": "mof-spie", "Grondslag": "zware zavel", "Fundatie": "onbekend", "VanBobpeil": "-1.310", "NarBobpeil": "-1.350", "Straat": "\"van brederodestraat, zwammerdam\"", "Straattype": "onbekend", "Verh_type": "onbekend", "Breedte": 315, "Hoogte": 315, "BodemBrdt": 9, "Lengte": 75.6200027, "Gebied": "centrum zwammerdam gem", "Inspectie": "", "JaarVerv": "0", "Beslismodl": "Geen beoordeling", "Beoordeeld": "0000", "Tactisch": 7, "Act_Direct": 0, "Act_In_5Y": 0, "Act_In_10Y": 0, "Geen_actie": 0, "Niet_beord": 75.62, "Operationl": 0, "Project": "", "APM": 0, "APV": "", "Kosten": 11292.38, "Opmerking": "", "Tekening": "onbekend", "OBJ_ID": "0", "OBJECTID": 743, "Shape_Length": 75.61880140047926}}, {"type": "Feature", "id": 744, "geometry": {"type": "LineString", "coordinates": [[109767.66000000015, 457617.0399999991], [109767.18699999899, 457617.5029999986], [109767.01099999994, 457619], [109725.13399999961, 457654.36199999973]]}, "properties": {"Datum": "20190520", "Van_knpnr": "ZMR0098", "Naar_knpnr": "ZM0005C", "Strengnr": 1, "Offset": 0, "Strengtype": "inzamelriool", "Afvoertype": "hemelwater gs", "Jaar": "2010", "Jaar_recon": "2010", "Materiaal": "pvc klasse 34 sn8", "Vorm": "rond", "Voeg": "mof-spie", "Grondslag": "zware zavel", "Fundatie": "onbekend", "VanBobpeil": "-1.350", "NarBobpeil": "-1.380", "Straat": "\"van brederodestraat, zwammerdam\"", "Straattype": "onbekend", "Verh_type": "onbekend", "Breedte": 400, "Hoogte": 400, "BodemBrdt": 12, "Lengte": 56.9799995, "Gebied": "centrum zwammerdam gem", "Inspectie": "", "JaarVerv": "0", "Beslismodl": "Geen beoordeling", "Beoordeeld": "0000", "Tactisch": 7, "Act_Direct": 0, "Act_In_5Y": 0, "Act_In_10Y": 0, "Geen_actie": 0, "Niet_beord": 56.98, "Operationl": 0, "Project": "", "APM": 0, "APV": "", "Kosten": 8332.18, "Opmerking": "", "Tekening": "onbekend", "OBJ_ID": "a50245a820dc4ac7a12408bf9669ac02", "OBJECTID": 744, "Shape_Length": 56.97936510880873}}, {"type": "Feature", "id": 745, "geometry": {"type": "LineString", "coordinates": [[109716.5399999991, 457671], [109723.64799999818, 457655.69299999997]]}, "properties": {"Datum": "20190520", "Van_knpnr": "ZMR0099", "Naar_knpnr": "ZM0005C", "Strengnr": 1, "Offset": 0, "Strengtype": "inzamelriool", "Afvoertype": "hemelwater gs", "Jaar": "2010", "Jaar_recon": "2010", "Materiaal": "pvc klasse 34 sn8", "Vorm": "rond", "Voeg": "mof-spie", "Grondslag": "zware zavel", "Fundatie": "onbekend", "VanBobpeil": "-1.380", "NarBobpeil": "-1.380", "Straat": "\"van brederodestraat, zwammerdam\"", "Straattype": "onbekend", "Verh_type": "onbekend", "Breedte": 400, "Hoogte": 400, "BodemBrdt": 12, "Lengte": 16.8799992, "Gebied": "centrum zwammerdam gem", "Inspectie": "", "JaarVerv": "0", "Beslismodl": "Geen beoordeling", "Beoordeeld": "0000", "Tactisch": 7, "Act_Direct": 0, "Act_In_5Y": 0, "Act_In_10Y": 0, "Geen_actie": 0, "Niet_beord": 16.88, "Operationl": 0, "Project": "", "APM": 0, "APV": "", "Kosten": 2432.39, "Opmerking": "", "Tekening": "onbekend", "OBJ_ID": "18af7337b5c3486eb2953cdbbec285e8", "OBJECTID": 745, "Shape_Length": 16.87684546909696}}, {"type": "Feature", "id": 746, "geometry": {"type": "LineString", "coordinates": [[109716.5399999991, 457671], [109769.01000000164, 457700.94999999925]]}, "properties": {"Datum": "20190520", "Van_knpnr": "ZMR0099", "Naar_knpnr": "ZMR0062", "Strengnr": 2227632, "Offset": 0, "Strengtype": "inzamelriool", "Afvoertype": "hemelwater gs", "Jaar": "2010", "Jaar_recon": "2010", "Materiaal": "pvc klasse 34 sn8", "Vorm": "rond", "Voeg": "mof-spie", "Grondslag": "zware zavel", "Fundatie": "onbekend", "VanBobpeil": "-1.250", "NarBobpeil": "-1.250", "Straat": "\"burg hoogenboomstraat, zwammerdam\"", "Straattype": "onbekend", "Verh_type": "onbekend", "Breedte": 250, "Hoogte": 250, "BodemBrdt": 6, "Lengte": 60.4199982, "Gebied": "centrum zwammerdam gem", "Inspectie": "", "JaarVerv": "0", "Beslismodl": "Geen beoordeling", "Beoordeeld": "0000", "Tactisch": 7, "Act_Direct": 0, "Act_In_5Y": 0, "Act_In_10Y": 0, "Geen_actie": 0, "Niet_beord": 60.42, "Operationl": 0, "Project": "", "APM": 0, "APV": "", "Kosten": 8646.34, "Opmerking": "", "Tekening": "onbekend", "OBJ_ID": "8f6c7571204b4cb19067fadd0e91f79e", "OBJECTID": 746, "Shape_Length": 60.416085608231896}}, {"type": "Feature", "id": 747, "geometry": {"type": "LineString", "coordinates": [[109620.89999999851, 457647.69000000134], [109665.55000000075, 457608.44999999925]]}, "properties": {"Datum": "20190520", "Van_knpnr": "ZMR0102", "Naar_knpnr": "ZMR0103", "Strengnr": 2225177, "Offset": 0, "Strengtype": "inzamelriool", "Afvoertype": "hemelwater gs", "Jaar": "1980", "Jaar_recon": "1980", "Materiaal": "pvc klasse 34 sn8", "Vorm": "rond", "Voeg": "mof-spie", "Grondslag": "zware zavel", "Fundatie": "staal", "VanBobpeil": "-1.210", "NarBobpeil": "-1.210", "Straat": "\"c. sluijterstraat, zwammerdam\"", "Straattype": "onbekend", "Verh_type": "onbekend", "Breedte": 160, "Hoogte": 160, "BodemBrdt": 5, "Lengte": 59.4399986, "Gebied": "de burcht gs", "Inspectie": "", "JaarVerv": "0", "Beslismodl": "Geen beoordeling", "Beoordeeld": "0000", "Tactisch": 7, "Act_Direct": 0, "Act_In_5Y": 0, "Act_In_10Y": 0, "Geen_actie": 0, "Niet_beord": 59.44, "Operationl": 0, "Project": "", "APM": 0, "APV": "", "Kosten": 8442.52, "Opmerking": "", "Tekening": "onbekend", "OBJ_ID": "fd4bafe08c174a1191fdf2763aa0a3ea", "OBJECTID": 747, "Shape_Length": 59.44240994747204}}, {"type": "Feature", "id": 748, "geometry": {"type": "LineString", "coordinates": [[109620.89999999851, 457647.69000000134], [109573.33700000122, 457626.3220000006]]}, "properties": {"Datum": "20190520", "Van_knpnr": "ZMR0102", "Naar_knpnr": "ZMR0118", "Strengnr": 2225178, "Offset": 0, "Strengtype": "inzamelriool", "Afvoertype": "hemelwater gs", "Jaar": "1980", "Jaar_recon": "1980", "Materiaal": "pvc klasse 34 sn8", "Vorm": "rond", "Voeg": "mof-spie", "Grondslag": "zware zavel", "Fundatie": "staal", "VanBobpeil": "-1.210", "NarBobpeil": "-1.210", "Straat": "\"c. sluijterstraat, zwammerdam\"", "Straattype": "onbekend", "Verh_type": "onbekend", "Breedte": 200, "Hoogte": 200, "BodemBrdt": 6, "Lengte": 52.1399994, "Gebied": "de burcht gs", "Inspectie": "", "JaarVerv": "0", "Beslismodl": "Geen beoordeling", "Beoordeeld": "0000", "Tactisch": 7, "Act_Direct": 0, "Act_In_5Y": 0, "Act_In_10Y": 0, "Geen_actie": 0, "Niet_beord": 52.14, "Operationl": 0, "Project": "", "APM": 0, "APV": "", "Kosten": 7694.15, "Opmerking": "", "Tekening": "onbekend", "OBJ_ID": "25131d9175f14562825f2988bf2ae3ef", "OBJECTID": 748, "Shape_Length": 52.1424049385199}}, {"type": "Feature", "id": 749, "geometry": {"type": "LineString", "coordinates": [[109665.55000000075, 457608.44999999925], [109636.58999999985, 457588.08999999985]]}, "properties": {"Datum": "20190520", "Van_knpnr": "ZMR0103", "Naar_knpnr": "ZMR0104", "Strengnr": 2224846, "Offset": 0, "Strengtype": "inzamelriool", "Afvoertype": "hemelwater gs", "Jaar": "1978", "Jaar_recon": "1978", "Materiaal": "pvc klasse 34 sn8", "Vorm": "rond", "Voeg": "mof-spie", "Grondslag": "zware zavel", "Fundatie": "staal", "VanBobpeil": "-1.210", "NarBobpeil": "-1.210", "Straat": "\"c. sluijterstraat, zwammerdam\"", "Straattype": "onbekend", "Verh_type": "onbekend", "Breedte": 160, "Hoogte": 160, "BodemBrdt": 5, "Lengte": 35.4000015, "Gebied": "de burcht gs", "Inspectie": "", "JaarVerv": "0", "Beslismodl": "Geen beoordeling", "Beoordeeld": "0000", "Tactisch": 7, "Act_Direct": 0, "Act_In_5Y": 0, "Act_In_10Y": 0, "Geen_actie": 0, "Niet_beord": 35.4, "Operationl": 0, "Project": "", "APM": 0, "APV": "", "Kosten": 5061.02, "Opmerking": "", "Tekening": "onbekend", "OBJ_ID": "a80733ea7ede45bfb11a74d6e6855606", "OBJECTID": 749, "Shape_Length": 35.40072315684404}}, {"type": "Feature", "id": 750, "geometry": {"type": "LineString", "coordinates": [[109636.58999999985, 457588.08999999985], [109597.44000000134, 457570.73999999836]]}, "properties": {"Datum": "20190520", "Van_knpnr": "ZMR0104", "Naar_knpnr": "ZMR0110", "Strengnr": 2224848, "Offset": 0, "Strengtype": "inzamelriool", "Afvoertype": "hemelwater gs", "Jaar": "1978", "Jaar_recon": "1978", "Materiaal": "pvc klasse 34 sn8", "Vorm": "rond", "Voeg": "mof-spie", "Grondslag": "zware zavel", "Fundatie": "staal", "VanBobpeil": "-1.210", "NarBobpeil": "-1.210", "Straat": "\"c. sluijterstraat, zwammerdam\"", "Straattype": "onbekend", "Verh_type": "onbekend", "Breedte": 160, "Hoogte": 160, "BodemBrdt": 5, "Lengte": 42.8199997, "Gebied": "de burcht gs", "Inspectie": "", "JaarVerv": "0", "Beslismodl": "Geen beoordeling", "Beoordeeld": "0000", "Tactisch": 7, "Act_Direct": 0, "Act_In_5Y": 0, "Act_In_10Y": 0, "Geen_actie": 0, "Niet_beord": 42.82, "Operationl": 0, "Project": "", "APM": 0, "APV": "", "Kosten": 6161.76, "Opmerking": "", "Tekening": "onbekend", "OBJ_ID": "0", "OBJECTID": 750, "Shape_Length": 42.8222488892752}}, {"type": "Feature", "id": 751, "geometry": {"type": "LineString", "coordinates": [[109617.76999999955, 457525], [109638.58999999985, 457523.8299999982]]}, "properties": {"Datum": "20190520", "Van_knpnr": "ZMR0108", "Naar_knpnr": "F02924", "Strengnr": 2224622, "Offset": 0, "Strengtype": "inzamelriool", "Afvoertype": "hemelwater gs", "Jaar": "1978", "Jaar_recon": "1978", "Materiaal": "pvc klasse 34 sn8", "Vorm": "rond", "Voeg": "mof-spie", "Grondslag": "zware zavel", "Fundatie": "staal", "VanBobpeil": "-1.310", "NarBobpeil": "-1.550", "Straat": "\"dokter schreuderstraat, zwammerdam\"", "Straattype": "onbekend", "Verh_type": "onbekend", "Breedte": 250, "Hoogte": 250, "BodemBrdt": 6, "Lengte": 20.8500004, "Gebied": "de burcht gs", "Inspectie": "", "JaarVerv": "0", "Beslismodl": "Geen beoordeling", "Beoordeeld": "0000", "Tactisch": 7, "Act_Direct": 0, "Act_In_5Y": 0, "Act_In_10Y": 0, "Geen_actie": 0, "Niet_beord": 20.85, "Operationl": 0, "Project": "", "APM": 0, "APV": "", "Kosten": 2955.95, "Opmerking": "", "Tekening": "onbekend", "OBJ_ID": "046c815203644b26b765a6354a2b70bd", "OBJECTID": 751, "Shape_Length": 20.85284872665109}}, {"type": "Feature", "id": 752, "geometry": {"type": "LineString", "coordinates": [[109617.76999999955, 457525], [109569.05000000075, 457503.7100000009]]}, "properties": {"Datum": "20190520", "Van_knpnr": "ZMR0108", "Naar_knpnr": "ZMR0105", "Strengnr": 2224853, "Offset": 0, "Strengtype": "inzamelriool", "Afvoertype": "hemelwater gs", "Jaar": "1978", "Jaar_recon": "1978", "Materiaal": "pvc klasse 34 sn8", "Vorm": "rond", "Voeg": "mof-spie", "Grondslag": "zware zavel", "Fundatie": "staal", "VanBobpeil": "-1.210", "NarBobpeil": "-1.220", "Straat": "\"dokter schreuderstraat, zwammerdam\"", "Straattype": "onbekend", "Verh_type": "onbekend", "Breedte": 160, "Hoogte": 160, "BodemBrdt": 5, "Lengte": 53.1699982, "Gebied": "de burcht gs", "Inspectie": "", "JaarVerv": "0", "Beslismodl": "Geen beoordeling", "Beoordeeld": "0000", "Tactisch": 7, "Act_Direct": 0, "Act_In_5Y": 0, "Act_In_10Y": 0, "Geen_actie": 0, "Niet_beord": 53.17, "Operationl": 0, "Project": "", "APM": 0, "APV": "", "Kosten": 7559.05, "Opmerking": "", "Tekening": "onbekend", "OBJ_ID": "0", "OBJECTID": 752, "Shape_Length": 53.16862326453237}}, {"type": "Feature", "id": 753, "geometry": {"type": "LineString", "coordinates": [[109597.44000000134, 457570.73999999836], [109617.76999999955, 457525]]}, "properties": {"Datum": "20190520", "Van_knpnr": "ZMR0110", "Naar_knpnr": "ZMR0108", "Strengnr": 2224851, "Offset": 0, "Strengtype": "inzamelriool", "Afvoertype": "hemelwater gs", "Jaar": "1978", "Jaar_recon": "1978", "Materiaal": "pvc klasse 34 sn8", "Vorm": "rond", "Voeg": "mof-spie", "Grondslag": "zware zavel", "Fundatie": "staal", "VanBobpeil": "-1.290", "NarBobpeil": "-1.260", "Straat": "\"dokter schreuderstraat, zwammerdam\"", "Straattype": "onbekend", "Verh_type": "onbekend", "Breedte": 160, "Hoogte": 160, "BodemBrdt": 5, "Lengte": 50.0600014, "Gebied": "de burcht gs", "Inspectie": "", "JaarVerv": "0", "Beslismodl": "Geen beoordeling", "Beoordeeld": "0000", "Tactisch": 7, "Act_Direct": 0, "Act_In_5Y": 0, "Act_In_10Y": 0, "Geen_actie": 0, "Niet_beord": 50.06, "Operationl": 0, "Project": "", "APM": 0, "APV": "", "Kosten": 7243.6, "Opmerking": "", "Tekening": "onbekend", "OBJ_ID": "f6a1cfa51ade4e948679ab83ead2d9ce", "OBJECTID": 753, "Shape_Length": 50.054535256831095}}, {"type": "Feature", "id": 754, "geometry": {"type": "LineString", "coordinates": [[109597.44000000134, 457570.73999999836], [109548.8200000003, 457550.26000000164]]}, "properties": {"Datum": "20190520", "Van_knpnr": "ZMR0110", "Naar_knpnr": "ZMR0109", "Strengnr": 2224844, "Offset": 0, "Strengtype": "inzamelriool", "Afvoertype": "hemelwater gs", "Jaar": "1980", "Jaar_recon": "1980", "Materiaal": "pvc klasse 34 sn8", "Vorm": "rond", "Voeg": "mof-spie", "Grondslag": "zware zavel", "Fundatie": "staal", "VanBobpeil": "-1.210", "NarBobpeil": "-1.210", "Straat": "\"dokter schreuderstraat, zwammerdam\"", "Straattype": "onbekend", "Verh_type": "onbekend", "Breedte": 160, "Hoogte": 160, "BodemBrdt": 5, "Lengte": 52.7599983, "Gebied": "de burcht gs", "Inspectie": "", "JaarVerv": "0", "Beslismodl": "Geen beoordeling", "Beoordeeld": "0000", "Tactisch": 7, "Act_Direct": 0, "Act_In_5Y": 0, "Act_In_10Y": 0, "Geen_actie": 0, "Niet_beord": 52.76, "Operationl": 0, "Project": "", "APM": 0, "APV": "", "Kosten": 7592.12, "Opmerking": "", "Tekening": "onbekend", "OBJ_ID": "2680f94012694cfa97ab2f21d6be006a", "OBJECTID": 754, "Shape_Length": 52.75731987096342}}, {"type": "Feature", "id": 755, "geometry": {"type": "LineString", "coordinates": [[109597.44000000134, 457570.73999999836], [109586.73900000006, 457595.26300000027]]}, "properties": {"Datum": "20190520", "Van_knpnr": "ZMR0110", "Naar_knpnr": "ZMR0119", "Strengnr": 2224845, "Offset": 0, "Strengtype": "inzamelriool", "Afvoertype": "hemelwater gs", "Jaar": "1980", "Jaar_recon": "1980", "Materiaal": "pvc klasse 34 sn8", "Vorm": "rond", "Voeg": "mof-spie", "Grondslag": "zware zavel", "Fundatie": "staal", "VanBobpeil": "-1.210", "NarBobpeil": "-1.210", "Straat": "\"dokter schreuderstraat, zwammerdam\"", "Straattype": "onbekend", "Verh_type": "onbekend", "Breedte": 160, "Hoogte": 160, "BodemBrdt": 5, "Lengte": 26.7600002, "Gebied": "de burcht gs", "Inspectie": "", "JaarVerv": "0", "Beslismodl": "Geen beoordeling", "Beoordeeld": "0000", "Tactisch": 7, "Act_Direct": 0, "Act_In_5Y": 0, "Act_In_10Y": 0, "Geen_actie": 0, "Niet_beord": 26.76, "Operationl": 0, "Project": "", "APM": 0, "APV": "", "Kosten": 3840.05, "Opmerking": "", "Tekening": "onbekend", "OBJ_ID": "0", "OBJECTID": 755, "Shape_Length": 26.756100801891417}}, {"type": "Feature", "id": 756, "geometry": {"type": "LineString", "coordinates": [[109393.67100000009, 457568.67599999905], [109438.5159999989, 457588.51099999994]]}, "properties": {"Datum": "20190520", "Van_knpnr": "ZMR0112", "Naar_knpnr": "ZMR0113", "Strengnr": 1, "Offset": 0, "Strengtype": "inzamelriool", "Afvoertype": "hemelwater gs", "Jaar": "1984", "Jaar_recon": "1984", "Materiaal": "pvc klasse 34 sn8", "Vorm": "rond", "Voeg": "mof-spie", "Grondslag": "zware zavel", "Fundatie": "staal", "VanBobpeil": "-1.120", "NarBobpeil": "-1.120", "Straat": "\"ds. bennink boltstraat, zwammerdam\"", "Straattype": "onbekend", "Verh_type": "onbekend", "Breedte": 160, "Hoogte": 160, "BodemBrdt": 5, "Lengte": 49.0400009, "Gebied": "de burcht gs", "Inspectie": "", "JaarVerv": "0", "Beslismodl": "Geen beoordeling", "Beoordeeld": "0000", "Tactisch": 7, "Act_Direct": 0, "Act_In_5Y": 0, "Act_In_10Y": 0, "Geen_actie": 0, "Niet_beord": 49.04, "Operationl": 0, "Project": "", "APM": 0, "APV": "", "Kosten": 6697.55, "Opmerking": "", "Tekening": "onbekend", "OBJ_ID": "36c35f6cd7d24df09aac32012f38afd4", "OBJECTID": 756, "Shape_Length": 49.03571402486711}}, {"type": "Feature", "id": 757, "geometry": {"type": "LineString", "coordinates": [[109438.5159999989, 457588.51099999994], [109482.5549999997, 457607.69900000095]]}, "properties": {"Datum": "20190520", "Van_knpnr": "ZMR0113", "Naar_knpnr": "ZMR0114", "Strengnr": 2224983, "Offset": 0, "Strengtype": "inzamelriool", "Afvoertype": "hemelwater gs", "Jaar": "1984", "Jaar_recon": "1984", "Materiaal": "pvc klasse 34 sn8", "Vorm": "rond", "Voeg": "mof-spie", "Grondslag": "zware zavel", "Fundatie": "staal", "VanBobpeil": "-1.120", "NarBobpeil": "-1.120", "Straat": "\"ds. bennink boltstraat, zwammerdam\"", "Straattype": "onbekend", "Verh_type": "onbekend", "Breedte": 160, "Hoogte": 160, "BodemBrdt": 5, "Lengte": 48.0400009, "Gebied": "de burcht gs", "Inspectie": "", "JaarVerv": "0", "Beslismodl": "Geen beoordeling", "Beoordeeld": "0000", "Tactisch": 7, "Act_Direct": 0, "Act_In_5Y": 0, "Act_In_10Y": 0, "Geen_actie": 0, "Niet_beord": 48.04, "Operationl": 0, "Project": "", "APM": 0, "APV": "", "Kosten": 7194.47, "Opmerking": "", "Tekening": "onbekend", "OBJ_ID": "45b40946a1cb4bdb8804d232316ca967", "OBJECTID": 757, "Shape_Length": 48.03761926979478}}, {"type": "Feature", "id": 758, "geometry": {"type": "LineString", "coordinates": [[109495.87999999896, 457608.8900000006], [109561.46999999881, 457637.93499999866]]}, "properties": {"Datum": "20190520", "Van_knpnr": "ZMR0116", "Naar_knpnr": "ZMR0117", "Strengnr": 2224855, "Offset": 0, "Strengtype": "inzamelriool", "Afvoertype": "hemelwater gs", "Jaar": "1989", "Jaar_recon": "1989", "Materiaal": "pvc klasse 34 sn8", "Vorm": "rond", "Voeg": "mof-spie", "Grondslag": "zware zavel", "Fundatie": "staal", "VanBobpeil": "-1.500", "NarBobpeil": "-1.300", "Straat": "\"dokter schreuderstraat, zwammerdam\"", "Straattype": "onbekend", "Verh_type": "onbekend", "Breedte": 315, "Hoogte": 315, "BodemBrdt": 9, "Lengte": 71.7300034, "Gebied": "de burcht gs", "Inspectie": "", "JaarVerv": "0", "Beslismodl": "Geen beoordeling", "Beoordeeld": "0000", "Tactisch": 7, "Act_Direct": 0, "Act_In_5Y": 0, "Act_In_10Y": 0, "Geen_actie": 0, "Niet_beord": 71.73, "Operationl": 0, "Project": "", "APM": 0, "APV": "", "Kosten": 10625.49, "Opmerking": "", "Tekening": "onbekend", "OBJ_ID": "1a21e378c3794777a4db4dbbb10e6e67", "OBJECTID": 758, "Shape_Length": 71.73325675631857}}, {"type": "Feature", "id": 759, "geometry": {"type": "LineString", "coordinates": [[109561.46999999881, 457637.93499999866], [109565.31300000101, 457629.0399999991], [109573.33700000122, 457626.3220000006]]}, "properties": {"Datum": "20190520", "Van_knpnr": "ZMR0117", "Naar_knpnr": "ZMR0118", "Strengnr": 2224980, "Offset": 0, "Strengtype": "inzamelriool", "Afvoertype": "hemelwater gs", "Jaar": "1989", "Jaar_recon": "1989", "Materiaal": "pvc klasse 34 sn8", "Vorm": "rond", "Voeg": "mof-spie", "Grondslag": "zware zavel", "Fundatie": "staal", "VanBobpeil": "-1.300", "NarBobpeil": "-1.300", "Straat": "\"dokter schreuderstraat, zwammerdam\"", "Straattype": "onbekend", "Verh_type": "onbekend", "Breedte": 250, "Hoogte": 250, "BodemBrdt": 6, "Lengte": 18.1599998, "Gebied": "de burcht gs", "Inspectie": "", "JaarVerv": "0", "Beslismodl": "Geen beoordeling", "Beoordeeld": "0000", "Tactisch": 7, "Act_Direct": 0, "Act_In_5Y": 0, "Act_In_10Y": 0, "Geen_actie": 0, "Niet_beord": 18.16, "Operationl": 0, "Project": "", "APM": 0, "APV": "", "Kosten": 2693.11, "Opmerking": "", "Tekening": "onbekend", "OBJ_ID": "0", "OBJECTID": 759, "Shape_Length": 18.161510009917833}}, {"type": "Feature", "id": 760, "geometry": {"type": "LineString", "coordinates": [[109573.33700000122, 457626.3220000006], [109586.73900000006, 457595.26300000027]]}, "properties": {"Datum": "20190520", "Van_knpnr": "ZMR0118", "Naar_knpnr": "ZMR0119", "Strengnr": 2224440, "Offset": 0, "Strengtype": "inzamelriool", "Afvoertype": "hemelwater gs", "Jaar": "1980", "Jaar_recon": "1980", "Materiaal": "pvc klasse 34 sn8", "Vorm": "rond", "Voeg": "mof-spie", "Grondslag": "zware zavel", "Fundatie": "staal", "VanBobpeil": "-1.210", "NarBobpeil": "-1.210", "Straat": "\"dokter schreuderstraat, zwammerdam\"", "Straattype": "onbekend", "Verh_type": "onbekend", "Breedte": 160, "Hoogte": 160, "BodemBrdt": 5, "Lengte": 33.8300018, "Gebied": "de burcht gs", "Inspectie": "", "JaarVerv": "0", "Beslismodl": "Geen beoordeling", "Beoordeeld": "0000", "Tactisch": 7, "Act_Direct": 0, "Act_In_5Y": 0, "Act_In_10Y": 0, "Geen_actie": 0, "Niet_beord": 33.83, "Operationl": 0, "Project": "", "APM": 0, "APV": "", "Kosten": 4841.07, "Opmerking": "", "Tekening": "onbekend", "OBJ_ID": "0", "OBJECTID": 760, "Shape_Length": 33.82713533527575}}, {"type": "Feature", "id": 761, "geometry": {"type": "LineString", "coordinates": [[109586.73900000006, 457595.26300000027], [109555.2899999991, 457581.6000000015]]}, "properties": {"Datum": "20190520", "Van_knpnr": "ZMR0119", "Naar_knpnr": "F00202", "Strengnr": 2224587, "Offset": 0, "Strengtype": "inzamelriool", "Afvoertype": "hemelwater gs", "Jaar": "1980", "Jaar_recon": "1980", "Materiaal": "pvc klasse 34 sn8", "Vorm": "rond", "Voeg": "mof-spie", "Grondslag": "zware zavel", "Fundatie": "staal", "VanBobpeil": "-1.210", "NarBobpeil": "-1.210", "Straat": "\"dokter schreuderstraat, zwammerdam\"", "Straattype": "onbekend", "Verh_type": "onbekend", "Breedte": 160, "Hoogte": 160, "BodemBrdt": 5, "Lengte": 34.2900009, "Gebied": "de burcht gs", "Inspectie": "", "JaarVerv": "0", "Beslismodl": "Geen beoordeling", "Beoordeeld": "0000", "Tactisch": 7, "Act_Direct": 0, "Act_In_5Y": 0, "Act_In_10Y": 0, "Geen_actie": 0, "Niet_beord": 34.29, "Operationl": 0, "Project": "", "APM": 0, "APV": "", "Kosten": 5135.27, "Opmerking": "", "Tekening": "onbekend", "OBJ_ID": "0", "OBJECTID": 761, "Shape_Length": 34.28873240623798}}, {"type": "Feature", "id": 762, "geometry": {"type": "LineString", "coordinates": [[109636.0549999997, 457718.69299999997], [109683.8359999992, 457741.6169999987]]}, "properties": {"Datum": "20190520", "Van_knpnr": "ZMR0120", "Naar_knpnr": "ZM0004", "Strengnr": 1, "Offset": 0, "Strengtype": "inzamelriool", "Afvoertype": "hemelwater gs", "Jaar": "1963", "Jaar_recon": "1963", "Materiaal": "beton", "Vorm": "ei", "Voeg": "vaar-moer", "Grondslag": "zware zavel", "Fundatie": "staal", "VanBobpeil": "-1.980", "NarBobpeil": "-1.970", "Straat": "\"spoorlaan, zwammerdam\"", "Straattype": "onbekend", "Verh_type": "onbekend", "Breedte": 400, "Hoogte": 600, "BodemBrdt": 90, "Lengte": 53.5099983, "Gebied": "centrum zwammerdam gem", "Inspectie": "", "JaarVerv": "0", "Beslismodl": "Geen beoordeling", "Beoordeeld": "0000", "Tactisch": 7, "Act_Direct": 0, "Act_In_5Y": 0, "Act_In_10Y": 0, "Geen_actie": 0, "Niet_beord": 53.51, "Operationl": 0, "Project": "", "APM": 0, "APV": "", "Kosten": 14889.83, "Opmerking": "", "Tekening": "onbekend", "OBJ_ID": "d20d31f980d04ddca1051abee397a860", "OBJECTID": 762, "Shape_Length": 52.99560110889233}}, {"type": "Feature", "id": 763, "geometry": {"type": "LineString", "coordinates": [[109612.14999999851, 457706.6099999994], [109636.0549999997, 457718.69299999997]]}, "properties": {"Datum": "20190520", "Van_knpnr": "ZMR0121", "Naar_knpnr": "ZMR0120", "Strengnr": 2225558, "Offset": 0, "Strengtype": "inzamelriool", "Afvoertype": "hemelwater gs", "Jaar": "1963", "Jaar_recon": "1963", "Materiaal": "beton", "Vorm": "ei", "Voeg": "vaar-moer", "Grondslag": "zware zavel", "Fundatie": "staal", "VanBobpeil": "-1.980", "NarBobpeil": "-1.980", "Straat": "\"spoorlaan, zwammerdam\"", "Straattype": "onbekend", "Verh_type": "onbekend", "Breedte": 400, "Hoogte": 600, "BodemBrdt": 90, "Lengte": 26.7900009, "Gebied": "de burcht gs", "Inspectie": "19970605", "JaarVerv": "2067", "Beslismodl": "Z.s.m. onderhoud", "Beoordeeld": "0000", "Tactisch": 7, "Act_Direct": 0, "Act_In_5Y": 0, "Act_In_10Y": 0, "Geen_actie": 0, "Niet_beord": 26.79, "Operationl": 0, "Project": "", "APM": 0, "APV": "", "Kosten": 7343.86, "Opmerking": "", "Tekening": "onbekend", "OBJ_ID": "ce12d7b46b7f4743b2c6fb8c2fde6588", "OBJECTID": 763, "Shape_Length": 26.785218200915928}}, {"type": "Feature", "id": 764, "geometry": {"type": "LineString", "coordinates": [[109587.47399999946, 457697.88800000027], [109548.08700000122, 457675.7509999983]]}, "properties": {"Datum": "20190520", "Van_knpnr": "ZMR0122", "Naar_knpnr": "F07131U", "Strengnr": 1, "Offset": 0, "Strengtype": "kolkaansluitleiding", "Afvoertype": "hemelwater gs", "Jaar": "0", "Jaar_recon": "0", "Materiaal": "pvc klasse 34 sn8", "Vorm": "rond", "Voeg": "mof-spie", "Grondslag": "onbekend", "Fundatie": "onbekend", "VanBobpeil": "", "NarBobpeil": "", "Straat": "\"spoorlaan, zwammerdam\"", "Straattype": "onbekend", "Verh_type": "onbekend", "Breedte": 160, "Hoogte": 160, "BodemBrdt": 5, "Lengte": 45.1800003, "Gebied": "de burcht gs", "Inspectie": "", "JaarVerv": "0", "Beslismodl": "Geen beoordeling", "Beoordeeld": "0000", "Tactisch": 7, "Act_Direct": 0, "Act_In_5Y": 0, "Act_In_10Y": 0, "Geen_actie": 0, "Niet_beord": 45.18, "Operationl": 0, "Project": "", "APM": 0, "APV": "", "Kosten": 6766.16, "Opmerking": "", "Tekening": "INPA070748_001 REV TOTAA", "OBJ_ID": "0", "OBJECTID": 764, "Shape_Length": 45.181661522663966}}, {"type": "Feature", "id": 765, "geometry": {"type": "LineString", "coordinates": [[109587.47399999946, 457697.88800000027], [109588.59800000116, 457698.42500000075]]}, "properties": {"Datum": "20190520", "Van_knpnr": "ZMR0122", "Naar_knpnr": "F07137", "Strengnr": 1, "Offset": 0, "Strengtype": "kolkaansluitleiding", "Afvoertype": "hemelwater gs", "Jaar": "0", "Jaar_recon": "0", "Materiaal": "pvc klasse 34 sn8", "Vorm": "rond", "Voeg": "mof-spie", "Grondslag": "onbekend", "Fundatie": "onbekend", "VanBobpeil": "", "NarBobpeil": "", "Straat": "\"spoorlaan, zwammerdam\"", "Straattype": "onbekend", "Verh_type": "onbekend", "Breedte": 160, "Hoogte": 160, "BodemBrdt": 5, "Lengte": 1.25, "Gebied": "de burcht gs", "Inspectie": "", "JaarVerv": "0", "Beslismodl": "Geen beoordeling", "Beoordeeld": "0000", "Tactisch": 7, "Act_Direct": 0, "Act_In_5Y": 0, "Act_In_10Y": 0, "Geen_actie": 0, "Niet_beord": 1.25, "Operationl": 0, "Project": "", "APM": 0, "APV": "", "Kosten": 187.2, "Opmerking": "", "Tekening": "INPA070748_001 REV TOTAA", "OBJ_ID": "0", "OBJECTID": 765, "Shape_Length": 1.245690573268849}}, {"type": "Feature", "id": 766, "geometry": {"type": "LineString", "coordinates": [[109495.54399999976, 457666.02699999884], [109499.30000000075, 457657.76999999955]]}, "properties": {"Datum": "20190520", "Van_knpnr": "ZMR0123", "Naar_knpnr": "F07462U", "Strengnr": 2225099, "Offset": 0, "Strengtype": "inzamelriool", "Afvoertype": "hemelwater gs", "Jaar": "1973", "Jaar_recon": "1973", "Materiaal": "pvc klasse 34 sn8", "Vorm": "rond", "Voeg": "mof-spie", "Grondslag": "zware zavel", "Fundatie": "staal", "VanBobpeil": "-1.200", "NarBobpeil": "-1.200", "Straat": "\"spoorlaan, zwammerdam\"", "Straattype": "onbekend", "Verh_type": "onbekend", "Breedte": 315, "Hoogte": 315, "BodemBrdt": 9, "Lengte": 9.06999969, "Gebied": "de burcht gs", "Inspectie": "", "JaarVerv": "0", "Beslismodl": "Geen beoordeling", "Beoordeeld": "0000", "Tactisch": 7, "Act_Direct": 0, "Act_In_5Y": 0, "Act_In_10Y": 0, "Geen_actie": 0, "Niet_beord": 9.07, "Operationl": 0, "Project": "", "APM": 0, "APV": "", "Kosten": 1379.8, "Opmerking": "", "Tekening": "onbekend", "OBJ_ID": "9ba4745d6d10427ebfc2695d59ea9b08", "OBJECTID": 766, "Shape_Length": 9.071140225769645}}, {"type": "Feature", "id": 767, "geometry": {"type": "LineString", "coordinates": [[109419.16699999943, 457631.86100000143], [109423.60000000149, 457623.8999999985]]}, "properties": {"Datum": "20190520", "Van_knpnr": "ZMR0124", "Naar_knpnr": "F07461U", "Strengnr": 2224630, "Offset": 0, "Strengtype": "inzamelriool", "Afvoertype": "hemelwater gs", "Jaar": "1973", "Jaar_recon": "1973", "Materiaal": "pvc klasse 34 sn8", "Vorm": "rond", "Voeg": "mof-spie", "Grondslag": "zware zavel", "Fundatie": "staal", "VanBobpeil": "-1.200", "NarBobpeil": "-1.200", "Straat": "\"spoorlaan, zwammerdam\"", "Straattype": "onbekend", "Verh_type": "onbekend", "Breedte": 315, "Hoogte": 315, "BodemBrdt": 9, "Lengte": 9.10999966, "Gebied": "de burcht gs", "Inspectie": "", "JaarVerv": "0", "Beslismodl": "Geen beoordeling", "Beoordeeld": "0000", "Tactisch": 7, "Act_Direct": 0, "Act_In_5Y": 0, "Act_In_10Y": 0, "Geen_actie": 0, "Niet_beord": 9.11, "Operationl": 0, "Project": "", "APM": 0, "APV": "", "Kosten": 1385.88, "Opmerking": "", "Tekening": "onbekend", "OBJ_ID": "f84abc345b934382a8c9df9715ce1d08", "OBJECTID": 767, "Shape_Length": 9.112025574192268}}, {"type": "Feature", "id": 768, "geometry": {"type": "LineString", "coordinates": [[109419.16699999943, 457631.86100000143], [109440.97800000012, 457642.6330000013], [109461.55900000036, 457651.9310000017], [109495.54399999976, 457666.02699999884]]}, "properties": {"Datum": "20190520", "Van_knpnr": "ZMR0124", "Naar_knpnr": "ZMR0123", "Strengnr": 2225097, "Offset": 0, "Strengtype": "inzamelriool", "Afvoertype": "hemelwater gs", "Jaar": "1973", "Jaar_recon": "1973", "Materiaal": "pvc klasse 34 sn8", "Vorm": "rond", "Voeg": "mof-spie", "Grondslag": "zware zavel", "Fundatie": "staal", "VanBobpeil": "-1.200", "NarBobpeil": "-1.200", "Straat": "\"spoorlaan, zwammerdam\"", "Straattype": "onbekend", "Verh_type": "onbekend", "Breedte": 250, "Hoogte": 250, "BodemBrdt": 6, "Lengte": 83.6999969, "Gebied": "de burcht gs", "Inspectie": "", "JaarVerv": "0", "Beslismodl": "Geen beoordeling", "Beoordeeld": "0000", "Tactisch": 7, "Act_Direct": 0, "Act_In_5Y": 0, "Act_In_10Y": 0, "Geen_actie": 0, "Niet_beord": 83.7, "Operationl": 0, "Project": "", "APM": 0, "APV": "", "Kosten": 12869.71, "Opmerking": "", "Tekening": "onbekend", "OBJ_ID": "a3e4c456a8ec4205a920f747c7d6f8cf", "OBJECTID": 768, "Shape_Length": 83.70223697618277}}, {"type": "Feature", "id": 769, "geometry": {"type": "LineString", "coordinates": [[109315.79300000146, 457580.3660000004], [109419.16699999943, 457631.86100000143]]}, "properties": {"Datum": "20190520", "Van_knpnr": "ZMR0125", "Naar_knpnr": "ZMR0124", "Strengnr": 2224628, "Offset": 0, "Strengtype": "inzamelriool", "Afvoertype": "hemelwater gs", "Jaar": "1973", "Jaar_recon": "1973", "Materiaal": "pvc klasse 34 sn8", "Vorm": "rond", "Voeg": "mof-spie", "Grondslag": "zware zavel", "Fundatie": "staal", "VanBobpeil": "-1.200", "NarBobpeil": "-1.200", "Straat": "\"spoorlaan, zwammerdam\"", "Straattype": "onbekend", "Verh_type": "onbekend", "Breedte": 250, "Hoogte": 250, "BodemBrdt": 6, "Lengte": 115.489998, "Gebied": "de burcht gs", "Inspectie": "", "JaarVerv": "0", "Beslismodl": "Geen beoordeling", "Beoordeeld": "0000", "Tactisch": 7, "Act_Direct": 0, "Act_In_5Y": 0, "Act_In_10Y": 0, "Geen_actie": 0, "Niet_beord": 115.49, "Operationl": 0, "Project": "", "APM": 0, "APV": "", "Kosten": 17757.74, "Opmerking": "", "Tekening": "onbekend", "OBJ_ID": "0", "OBJECTID": 769, "Shape_Length": 115.48990822010572}}, {"type": "Feature", "id": 770, "geometry": {"type": "LineString", "coordinates": [[109225.97899999842, 457535.9919999987], [109232.67000000179, 457526.5799999982]]}, "properties": {"Datum": "20190520", "Van_knpnr": "ZMR0126", "Naar_knpnr": "F07460U", "Strengnr": 2224629, "Offset": 0, "Strengtype": "inzamelriool", "Afvoertype": "hemelwater gs", "Jaar": "1973", "Jaar_recon": "1973", "Materiaal": "pvc klasse 34 sn8", "Vorm": "rond", "Voeg": "mof-spie", "Grondslag": "zware zavel", "Fundatie": "staal", "VanBobpeil": "-1.200", "NarBobpeil": "-1.200", "Straat": "\"spoorlaan, zwammerdam\"", "Straattype": "onbekend", "Verh_type": "onbekend", "Breedte": 400, "Hoogte": 400, "BodemBrdt": 12, "Lengte": 11.5500002, "Gebied": "de burcht gs", "Inspectie": "", "JaarVerv": "0", "Beslismodl": "Geen beoordeling", "Beoordeeld": "0000", "Tactisch": 7, "Act_Direct": 0, "Act_In_5Y": 0, "Act_In_10Y": 0, "Geen_actie": 0, "Niet_beord": 11.55, "Operationl": 0, "Project": "", "APM": 0, "APV": "", "Kosten": 1725.88, "Opmerking": "", "Tekening": "onbekend", "OBJ_ID": "1a266e5da8474b88844e70fd86c382fb", "OBJECTID": 770, "Shape_Length": 11.54795328419898}}, {"type": "Feature", "id": 771, "geometry": {"type": "LineString", "coordinates": [[109225.97899999842, 457535.9919999987], [109315.79300000146, 457580.3660000004]]}, "properties": {"Datum": "20190520", "Van_knpnr": "ZMR0126", "Naar_knpnr": "ZMR0125", "Strengnr": 2224627, "Offset": 0, "Strengtype": "inzamelriool", "Afvoertype": "hemelwater gs", "Jaar": "1973", "Jaar_recon": "1973", "Materiaal": "pvc klasse 34 sn8", "Vorm": "rond", "Voeg": "mof-spie", "Grondslag": "zware zavel", "Fundatie": "staal", "VanBobpeil": "-1.200", "NarBobpeil": "-1.200", "Straat": "\"spoorlaan, zwammerdam\"", "Straattype": "onbekend", "Verh_type": "onbekend", "Breedte": 400, "Hoogte": 400, "BodemBrdt": 12, "Lengte": 100.18, "Gebied": "de burcht gs", "Inspectie": "", "JaarVerv": "0", "Beslismodl": "Geen beoordeling", "Beoordeeld": "0000", "Tactisch": 7, "Act_Direct": 0, "Act_In_5Y": 0, "Act_In_10Y": 0, "Geen_actie": 0, "Niet_beord": 100.18, "Operationl": 0, "Project": "", "APM": 0, "APV": "", "Kosten": 14969.56, "Opmerking": "", "Tekening": "onbekend", "OBJ_ID": "6092ef31e72f4528b091c2bfe7190815", "OBJECTID": 771, "Shape_Length": 100.17787416738688}}, {"type": "Feature", "id": 772, "geometry": {"type": "LineString", "coordinates": [[110121.2100000009, 457451.1000000015], [110111.87999999896, 457443.94000000134]]}, "properties": {"Datum": "20190520", "Van_knpnr": "ZMR0127", "Naar_knpnr": "F07454U", "Strengnr": 2224800, "Offset": 0, "Strengtype": "inzamelriool", "Afvoertype": "hemelwater gs", "Jaar": "1990", "Jaar_recon": "1990", "Materiaal": "pvc klasse 34 sn8", "Vorm": "rond", "Voeg": "mof-spie", "Grondslag": "zware zavel", "Fundatie": "staal", "VanBobpeil": "-0.100", "NarBobpeil": "-1.000", "Straat": "\"akerboomseweg, zwammerdam\"", "Straattype": "onbekend", "Verh_type": "onbekend", "Breedte": 160, "Hoogte": 160, "BodemBrdt": 5, "Lengte": 11.7600002, "Gebied": "akerboomseweg gs", "Inspectie": "", "JaarVerv": "0", "Beslismodl": "Geen beoordeling", "Beoordeeld": "0000", "Tactisch": 7, "Act_Direct": 0, "Act_In_5Y": 0, "Act_In_10Y": 0, "Geen_actie": 0, "Niet_beord": 11.76, "Operationl": 0, "Project": "", "APM": 0, "APV": "", "Kosten": 1761.18, "Opmerking": "", "Tekening": "onbekend", "OBJ_ID": "e3bc0095855149f8b02ce40f288be00d", "OBJECTID": 772, "Shape_Length": 11.760718517092442}}, {"type": "Feature", "id": 773, "geometry": {"type": "LineString", "coordinates": [[110121.2100000009, 457451.1000000015], [110177.1240000017, 457371.5370000005]]}, "properties": {"Datum": "20190520", "Van_knpnr": "ZMR0127", "Naar_knpnr": "ZMR0128", "Strengnr": 2225180, "Offset": 0, "Strengtype": "inzamelriool", "Afvoertype": "hemelwater gs", "Jaar": "1990", "Jaar_recon": "1990", "Materiaal": "pvc klasse 34 sn8", "Vorm": "rond", "Voeg": "mof-spie", "Grondslag": "zware zavel", "Fundatie": "staal", "VanBobpeil": "-0.100", "NarBobpeil": "-0.500", "Straat": "\"akerboomseweg, zwammerdam\"", "Straattype": "onbekend", "Verh_type": "onbekend", "Breedte": 125, "Hoogte": 125, "BodemBrdt": 4, "Lengte": 97.25, "Gebied": "akerboomseweg gs", "Inspectie": "", "JaarVerv": "0", "Beslismodl": "Geen beoordeling", "Beoordeeld": "0000", "Tactisch": 7, "Act_Direct": 0, "Act_In_5Y": 0, "Act_In_10Y": 0, "Geen_actie": 0, "Niet_beord": 97.25, "Operationl": 0, "Project": "", "APM": 0, "APV": "", "Kosten": 14004.97, "Opmerking": "", "Tekening": "onbekend", "OBJ_ID": "c857b49a633742e98818047b9c041b61", "OBJECTID": 773, "Shape_Length": 97.24528968156362}}, {"type": "Feature", "id": 774, "geometry": {"type": "LineString", "coordinates": [[110177.1240000017, 457371.5370000005], [110167.75, 457365.16000000015]]}, "properties": {"Datum": "20190520", "Van_knpnr": "ZMR0128", "Naar_knpnr": "F07453U", "Strengnr": 2224799, "Offset": 0, "Strengtype": "inzamelriool", "Afvoertype": "hemelwater gs", "Jaar": "1990", "Jaar_recon": "1990", "Materiaal": "pvc klasse 34 sn8", "Vorm": "rond", "Voeg": "mof-spie", "Grondslag": "zware zavel", "Fundatie": "staal", "VanBobpeil": "-0.500", "NarBobpeil": "-1.000", "Straat": "\"akerboomseweg, zwammerdam\"", "Straattype": "onbekend", "Verh_type": "onbekend", "Breedte": 160, "Hoogte": 160, "BodemBrdt": 5, "Lengte": 11.3400002, "Gebied": "akerboomseweg gs", "Inspectie": "", "JaarVerv": "0", "Beslismodl": "Geen beoordeling", "Beoordeeld": "0000", "Tactisch": 7, "Act_Direct": 0, "Act_In_5Y": 0, "Act_In_10Y": 0, "Geen_actie": 0, "Niet_beord": 11.34, "Operationl": 0, "Project": "", "APM": 0, "APV": "", "Kosten": 1698.28, "Opmerking": "", "Tekening": "onbekend", "OBJ_ID": "e31b665d31844bbeac01c530ade611f1", "OBJECTID": 774, "Shape_Length": 11.337460255102503}}, {"type": "Feature", "id": 775, "geometry": {"type": "LineString", "coordinates": [[110177.1240000017, 457371.5370000005], [110198.9299999997, 457332.8900000006]]}, "properties": {"Datum": "20190520", "Van_knpnr": "ZMR0128", "Naar_knpnr": "ZMR0129", "Strengnr": 2224725, "Offset": 0, "Strengtype": "inzamelriool", "Afvoertype": "hemelwater gs", "Jaar": "1990", "Jaar_recon": "1990", "Materiaal": "pvc klasse 34 sn8", "Vorm": "rond", "Voeg": "mof-spie", "Grondslag": "water", "Fundatie": "staal", "VanBobpeil": "-0.500", "NarBobpeil": "-0.350", "Straat": "\"akerboomseweg, zwammerdam\"", "Straattype": "onbekend", "Verh_type": "onbekend", "Breedte": 125, "Hoogte": 125, "BodemBrdt": 4, "Lengte": 44.3699989, "Gebied": "akerboomseweg gs", "Inspectie": "", "JaarVerv": "0", "Beslismodl": "Geen beoordeling", "Beoordeeld": "0000", "Tactisch": 7, "Act_Direct": 0, "Act_In_5Y": 0, "Act_In_10Y": 0, "Geen_actie": 0, "Niet_beord": 44.37, "Operationl": 0, "Project": "", "APM": 0, "APV": "", "Kosten": 6389.72, "Opmerking": "", "Tekening": "onbekend", "OBJ_ID": "5416e8ea5e9646d1b3f111195a269941", "OBJECTID": 775, "Shape_Length": 44.37445486880603}}, {"type": "Feature", "id": 776, "geometry": {"type": "LineString", "coordinates": [[110198.9299999997, 457332.8900000006], [110189.67000000179, 457328.55000000075]]}, "properties": {"Datum": "20190520", "Van_knpnr": "ZMR0129", "Naar_knpnr": "F07452U", "Strengnr": 2224798, "Offset": 0, "Strengtype": "inzamelriool", "Afvoertype": "hemelwater gs", "Jaar": "1990", "Jaar_recon": "1990", "Materiaal": "pvc klasse 34 sn8", "Vorm": "rond", "Voeg": "mof-spie", "Grondslag": "zware zavel", "Fundatie": "staal", "VanBobpeil": "-0.350", "NarBobpeil": "-1.000", "Straat": "\"akerboomseweg, zwammerdam\"", "Straattype": "onbekend", "Verh_type": "onbekend", "Breedte": 160, "Hoogte": 160, "BodemBrdt": 5, "Lengte": 10.2299995, "Gebied": "akerboomseweg gs", "Inspectie": "", "JaarVerv": "0", "Beslismodl": "Geen beoordeling", "Beoordeeld": "0000", "Tactisch": 7, "Act_Direct": 0, "Act_In_5Y": 0, "Act_In_10Y": 0, "Geen_actie": 0, "Niet_beord": 10.23, "Operationl": 0, "Project": "", "APM": 0, "APV": "", "Kosten": 1532.04, "Opmerking": "", "Tekening": "onbekend", "OBJ_ID": "0", "OBJECTID": 776, "Shape_Length": 10.226592783526234}}, {"type": "Feature", "id": 777, "geometry": {"type": "LineString", "coordinates": [[110198.9299999997, 457332.8900000006], [110239.2100000009, 457263.6000000015]]}, "properties": {"Datum": "20190520", "Van_knpnr": "ZMR0129", "Naar_knpnr": "ZMR0130", "Strengnr": 2224726, "Offset": 0, "Strengtype": "inzamelriool", "Afvoertype": "hemelwater gs", "Jaar": "1990", "Jaar_recon": "1990", "Materiaal": "pvc klasse 34 sn8", "Vorm": "rond", "Voeg": "mof-spie", "Grondslag": "water", "Fundatie": "staal", "VanBobpeil": "-0.550", "NarBobpeil": "-1.000", "Straat": "\"akerboomseweg, zwammerdam\"", "Straattype": "onbekend", "Verh_type": "onbekend", "Breedte": 125, "Hoogte": 125, "BodemBrdt": 4, "Lengte": 80.1500015, "Gebied": "akerboomseweg gs", "Inspectie": "", "JaarVerv": "0", "Beslismodl": "Geen beoordeling", "Beoordeeld": "0000", "Tactisch": 7, "Act_Direct": 0, "Act_In_5Y": 0, "Act_In_10Y": 0, "Geen_actie": 0, "Niet_beord": 80.15, "Operationl": 0, "Project": "", "APM": 0, "APV": "", "Kosten": 10795.08, "Opmerking": "", "Tekening": "onbekend", "OBJ_ID": "0", "OBJECTID": 777, "Shape_Length": 80.14725509942393}}, {"type": "Feature", "id": 778, "geometry": {"type": "LineString", "coordinates": [[109665.49500000104, 457695.0760000013], [109646.8200000003, 457671.55799999833]]}, "properties": {"Datum": "20190520", "Van_knpnr": "ZMW0001U", "Naar_knpnr": "ZMW0002U", "Strengnr": 1, "Offset": 0, "Strengtype": "duiker", "Afvoertype": "oppervlaktewater", "Jaar": "0", "Jaar_recon": "0", "Materiaal": "onbekend", "Vorm": "onbekend", "Voeg": "onbekend", "Grondslag": "onbekend", "Fundatie": "onbekend", "VanBobpeil": "", "NarBobpeil": "", "Straat": "\"rijksstraatweg, zwammerdam\"", "Straattype": "onbekend", "Verh_type": "onbekend", "Breedte": 0, "Hoogte": 0, "BodemBrdt": 130, "Lengte": 30.0300007, "Gebied": "de burcht gs", "Inspectie": "", "JaarVerv": "0", "Beslismodl": "Geen beoordeling", "Beoordeeld": "0000", "Tactisch": 7, "Act_Direct": 0, "Act_In_5Y": 0, "Act_In_10Y": 0, "Geen_actie": 0, "Niet_beord": 30.03, "Operationl": 0, "Project": "", "APM": 0, "APV": "", "Kosten": 2894.84, "Opmerking": "", "Tekening": "onbekend", "OBJ_ID": "0", "OBJECTID": 778, "Shape_Length": 30.030849957445497}}, {"type": "Feature", "id": 779, "geometry": {"type": "LineString", "coordinates": [[109964.01000000164, 457438.5300000012], [109973.75699999928, 457430.7329999991]]}, "properties": {"Datum": "20190520", "Van_knpnr": "ZMW0004U", "Naar_knpnr": "ZMW0006", "Strengnr": 2226989, "Offset": 0, "Strengtype": "duiker", "Afvoertype": "oppervlaktewater", "Jaar": "2010", "Jaar_recon": "2010", "Materiaal": "pvc klasse 34 sn8", "Vorm": "rond", "Voeg": "mof-spie", "Grondslag": "zware zavel", "Fundatie": "onbekend", "VanBobpeil": "-1.100", "NarBobpeil": "-0.900", "Straat": "\"steekterweg, alphen aan den rijn\"", "Straattype": "onbekend", "Verh_type": "onbekend", "Breedte": 400, "Hoogte": 400, "BodemBrdt": 12, "Lengte": 12.4799995, "Gebied": "centrum zwammerdam gem", "Inspectie": "", "JaarVerv": "0", "Beslismodl": "Geen beoordeling", "Beoordeeld": "0000", "Tactisch": 7, "Act_Direct": 0, "Act_In_5Y": 0, "Act_In_10Y": 0, "Geen_actie": 0, "Niet_beord": 12.48, "Operationl": 0, "Project": "", "APM": 0, "APV": "", "Kosten": 638.19, "Opmerking": "", "Tekening": "onbekend", "OBJ_ID": "0", "OBJECTID": 779, "Shape_Length": 12.481875579699551}}, {"type": "Feature", "id": 780, "geometry": {"type": "LineString", "coordinates": [[109973.75699999928, 457430.7329999991], [109976.26000000164, 457428.4600000009]]}, "properties": {"Datum": "20190520", "Van_knpnr": "ZMW0006", "Naar_knpnr": "ZMW0005U", "Strengnr": 2226990, "Offset": 0, "Strengtype": "duiker", "Afvoertype": "oppervlaktewater", "Jaar": "2010", "Jaar_recon": "2010", "Materiaal": "pvc klasse 34 sn8", "Vorm": "rond", "Voeg": "mof-spie", "Grondslag": "zware zavel", "Fundatie": "onbekend", "VanBobpeil": "-0.900", "NarBobpeil": "-0.900", "Straat": "\"steekterweg, alphen aan den rijn\"", "Straattype": "onbekend", "Verh_type": "onbekend", "Breedte": 400, "Hoogte": 400, "BodemBrdt": 12, "Lengte": 3.38000011, "Gebied": "centrum zwammerdam gem", "Inspectie": "", "JaarVerv": "0", "Beslismodl": "Geen beoordeling", "Beoordeeld": "0000", "Tactisch": 7, "Act_Direct": 0, "Act_In_5Y": 0, "Act_In_10Y": 0, "Geen_actie": 0, "Niet_beord": 3.38, "Operationl": 0, "Project": "", "APM": 0, "APV": "", "Kosten": 217.86, "Opmerking": "", "Tekening": "onbekend", "OBJ_ID": "0ec3bccbd1f342baa7c23fc5960a7197", "OBJECTID": 780, "Shape_Length": 3.381055752796999}}]}