{"type": "FeatureCollection", "features": [{"type": "Feature", "id": 1, "geometry": {"type": "Polygon", "coordinates": [[[108544.00019999966, 458708.11499999836], [108536.82330000028, 458728.42819999903], [108529.2296999991, 458748.5892999992], [108527.2862999998, 458752.6730000004], [108524.76429999992, 458756.42709999904], [108521.71840000153, 458759.7701999992], [108518.21460000053, 458762.629900001], [108514.32899999991, 458764.94409999996], [108510.14570000023, 458766.66270000115], [108505.75539999828, 458767.748399999], [108501.25319999829, 458768.1777999997], [108496.73680000007, 458767.94139999896], [108492.30409999937, 458767.0445000008], [108487.4076000005, 458765.99920000136], [108482.41860000044, 458765.57730000094], [108477.4162000008, 458765.7857000008], [108472.47960000113, 458766.6209000014], [108467.68699999899, 458768.06980000064], [108405.93230000138, 458790.7853000015], [108392.74659999833, 458795.9056000002], [108379.79940000176, 458801.60179999843], [108367.11549999937, 458807.8625999987], [108354.71979999915, 458814.6761999987], [108342.6361999996, 458822.02910000086], [108330.88819999993, 458829.9070999995], [108319.49859999865, 458838.2949000001], [108308.48959999904, 458847.1763000004], [108302.2677000016, 458851.9365000017], [108295.62009999901, 458856.08150000125], [108288.6072999984, 458859.5731999986], [108281.29340000078, 458862.37999999896], [108273.74509999901, 458864.47619999945], [108266.03119999915, 458865.84270000085], [108258.22210000083, 458866.4668999985], [108250.38910000026, 458866.34329999983], [108242.6035999991, 458865.47289999947], [108234.93670000136, 458863.8636999987], [108227.4582999982, 458861.5302999988], [108222.4475999996, 458860.0249999985], [108217.29569999874, 458859.11349999905], [108212.0725999996, 458858.8082999997], [108206.84959999844, 458859.11349999905], [108201.6977000013, 458860.0249999985], [108196.68699999899, 458861.5302999988], [108166.8574000001, 458872.7023999989], [108137.21379999816, 458884.35880000144], [108107.76379999891, 458896.49639999866], [108078.51539999992, 458909.11199999973], [108072.65960000083, 458911.3297000006], [108066.60090000182, 458912.91149999946], [108060.40819999948, 458913.83940000087], [108054.15199999884, 458914.10269999877], [108047.90329999849, 458913.69860000163], [108041.73310000077, 458912.63159999996], [108035.71159999818, 458910.91380000114], [108024.86930000037, 458907.57449999824], [108013.8332999982, 458904.94530000165], [108002.64999999851, 458903.0375000015], [107991.3665000014, 458901.85880000144], [107980.03040000051, 458901.4145000018], [107968.68930000067, 458901.7061999999], [107957.3909999989, 458902.7327999994], [107946.18299999833, 458904.48999999836], [107935.11259999871, 458906.97040000185], [107916.42419999838, 458912.18389999866], [107897.94959999993, 458918.11089999974], [107879.71609999985, 458924.7424999997], [107861.75050000101, 458932.06909999996], [107844.07939999923, 458940.07979999855], [107826.7287000008, 458948.7628000006], [107809.72410000116, 458958.1053000018], [107793.09059999883, 458968.0936000012], [107768.51539999992, 458983.0533000007], [107743.55519999936, 458997.3612000011], [107718.22700000182, 459011.00730000064], [107692.5485999994, 459023.9822999984], [107666.53770000115, 459036.27710000053], [107640.21220000088, 459047.883200001], [107613.59050000086, 459058.79250000045], [107603.97159999982, 459062.90370000154], [107594.59919999912, 459067.54949999973], [107585.50310000032, 459072.7153000012], [107576.71200000122, 459078.3845999986], [107568.253800001, 459084.5395999998], [107560.15529999882, 459091.16059999913], [107552.44209999964, 459098.2269000001], [107542.16380000114, 459107.7776999995], [107531.49240000173, 459116.88709999993], [107520.44669999927, 459125.5388999991], [107509.0465000011, 459133.7177999988], [107502.41389999911, 459137.8194999993], [107495.42269999906, 459141.27490000054], [107488.13589999825, 459144.0529000014], [107480.61870000139, 459146.12860000134], [107472.93890000135, 459147.48330000043], [107465.16519999877, 459148.10489999875], [107457.36769999936, 459147.9877000004], [107449.61620000005, 459147.1328999996], [107441.98050000146, 459145.5480999984], [107421.86259999871, 459140.62970000133], [107401.62999999896, 459136.2067999989], [107395.0485999994, 459135.1966999993], [107388.39869999886, 459134.85720000044], [107381.74859999865, 459135.1917000003], [107375.16640000045, 459136.19689999893], [107368.71950000152, 459137.86250000075], [107362.47410000116, 459140.17130000144], [107356.49410000071, 459143.09980000183], [107350.84090000018, 459146.61780000106], [107345.57229999825, 459150.6895000003], [107340.74240000173, 459155.2729000002], [107336.40060000122, 459160.32119999826], [107332.59149999917, 459165.7826000005], [107328.89660000056, 459171.12959999964], [107324.72300000116, 459176.1121000014], [107320.10660000145, 459180.68730000034], [107315.08689999953, 459184.81610000134], [107309.70699999854, 459188.4629999995], [107293.91820000112, 459197.68569999933], [107277.76040000096, 459206.24549999833], [107261.26139999926, 459214.127700001], [107244.44970000163, 459221.3187999986], [107227.35410000011, 459227.8062000014], [107210.00420000032, 459233.5789999999], [107192.42969999835, 459238.6270999983], [107174.66090000048, 459242.9417999983], [107156.72850000113, 459246.51570000127], [107138.66319999844, 459249.34270000085], [107120.496199999, 459251.4178000018], [107102.25879999995, 459252.7375999987], [107083.9822999984, 459253.2996999994], [107067.62060000002, 459253.0870999992], [107051.28590000048, 459252.1224000007], [107035.01280000061, 459250.40769999847], [107018.83579999954, 459247.9466000013], [107002.78909999877, 459244.74430000037], [106986.9065000005, 459240.807599999], [106971.22179999948, 459236.1447999999], [106955.76799999923, 459230.76579999924], [106948.07400000095, 459228.29030000046], [106940.18290000036, 459226.54239999875], [106932.16330000013, 459225.5373999998], [106924.08480000123, 459225.28400000185], [106916.01799999923, 459225.78449999914], [106908.03280000016, 459227.03440000117], [106900.19889999926, 459229.0229999982], [106892.58430000022, 459231.7327999994], [106885.25530000031, 459235.1403999999], [106878.27580000088, 459239.21609999985], [106869.5623999983, 459244.432599999], [106860.49859999865, 459249.01370000094], [106851.13089999929, 459252.935800001], [106841.50710000098, 459256.1788999997], [106831.6761999987, 459258.7265000008], [106821.68840000033, 459260.5656000003], [106811.59490000084, 459261.6867999993], [106801.44700000063, 459262.0843000002], [106791.29670000076, 459261.75609999895], [106781.19570000097, 459260.7039999999], [106771.19570000097, 459258.9332000017], [106767.28550000116, 459258.39979999885], [106763.33949999884, 459258.45980000123], [106759.44729999825, 459259.11199999973], [106755.69720000029, 459260.34160000086], [106746.86349999905, 459263.5784999989], [106737.79439999908, 459266.08100000024], [106728.55070000142, 459267.83210000023], [106719.19460000098, 459268.82019999996], [106709.78909999877, 459269.0386000015], [106700.39730000123, 459268.4857000001], [106691.08229999989, 459267.1655000001], [106681.90680000186, 459265.0865999982], [106672.93239999935, 459262.26309999824], [106664.21939999983, 459258.71400000155], [106655.8264000006, 459254.4631000012], [106647.80990000069, 459249.5388999991], [106640.22360000014, 459243.97470000014], [106633.11870000139, 459237.8077000007], [106630.24740000069, 459235.5254999995], [106627.03409999982, 459233.75719999894], [106623.56969999894, 459232.5527999997], [106619.9523999989, 459231.9466000013], [106616.2846999988, 459231.9554999992], [106612.67040000111, 459232.5795000009], [106609.21189999953, 459233.8007999994], [106606.00730000064, 459235.58480000123], [106603.14730000123, 459237.88109999895], [106600.71290000156, 459240.624400001], [106596.99960000068, 459245.02959999815], [106592.79509999976, 459248.9684999995], [106588.15720000118, 459252.3867000006], [106583.15019999817, 459255.2368000001], [106577.84329999983, 459257.4796000011], [106572.30990000069, 459259.08410000056], [106566.62629999965, 459260.0278999992], [106560.8713000007, 459260.2982000001], [106555.12429999933, 459259.8909999989], [106549.46489999816, 459258.81219999865], [106543.9710999988, 459257.07660000026], [106538.71909999847, 459254.70809999853], [106534.28790000081, 459252.7685999982], [106529.62970000133, 459251.46550000086], [106524.83529999852, 459250.8242999986], [106519.99839999899, 459250.8572999984], [106515.21319999918, 459251.564100001], [106510.57330000028, 459252.93079999834], [106506.16899999976, 459254.9307000004], [106502.08639999852, 459257.52490000054], [106487.49830000103, 459267.9657999985], [106472.6083999984, 459277.9717999995], [106457.42969999835, 459287.53400000185], [106441.97540000081, 459296.6440999992], [106426.25899999961, 459305.2941999994], [106412.66479999945, 459312.0993999988], [106398.75649999827, 459318.2373000011], [106384.56689999998, 459323.6933999993], [106370.12929999828, 459328.45490000024], [106355.47780000046, 459332.5106000006], [106340.64689999819, 459335.8509000018], [106325.67139999941, 459338.4679000005], [106310.58659999818, 459340.3555999994], [106295.42799999937, 459341.50939999893], [106288.33630000055, 459341.5333000012], [106281.27549999952, 459340.8724000007], [106274.3114, 459339.5329999998], [106267.5091000013, 459337.52760000154], [106260.93219999969, 459334.8748999983], [106254.64220000058, 459331.59959999844], [106248.6975999996, 459327.7324000001], [106243.15419999883, 459323.3093999997], [106238.06370000169, 459318.3718999997], [106231.4001000002, 459310.76370000094], [106225.25310000032, 459302.7324000001], [106219.64930000156, 459294.313000001], [106214.61320000142, 459285.5421999991], [106210.16679999977, 459276.4582999982], [106206.32939999923, 459267.10080000013], [106205.59319999814, 459264.58729999885], [106205.22129999846, 459261.9946999997], [106205.22129999846, 459259.375599999], [106205.59319999814, 459256.7829999998], [106206.32939999923, 459254.26949999854], [106209.30700000003, 459247.3718000017], [106212.97599999979, 459240.8156999983], [106217.29789999872, 459234.6702999994], [106222.22700000182, 459229.0003999993], [106227.71139999852, 459223.8658000007], [106233.69339999929, 459219.3203999996], [106240.10979999974, 459215.41230000183], [106246.89310000092, 459212.1827000007], [106280.39279999956, 459198.61989999935], [106314.11349999905, 459185.61620000005], [106348.04580000043, 459173.1752999984], [106368.5876000002, 459166.2201000005], [106389.34910000116, 459159.95160000026], [106410.3077000007, 459154.376699999], [106431.43989999965, 459149.50180000067], [106452.72260000184, 459145.33199999854], [106496.63329999894, 459137.8739], [106540.66580000147, 459131.1726000011], [106584.80710000172, 459125.22989999875], [106629.04410000145, 459120.0476000011], [106673.3638000004, 459115.62739999965], [106717.75290000066, 459111.97040000185], [106762.19839999825, 459109.0778999999], [106806.68710000068, 459106.95050000027], [106851.20589999855, 459105.5890999995], [106895.74139999971, 459104.99390000105], [106925.60099999979, 459105.19000000134], [106955.44849999994, 459106.0625], [106985.2685999982, 459107.61100000143], [107015.0458999984, 459109.8346000016], [107044.76520000026, 459112.73220000044], [107062.14559999853, 459114.3082000017], [107079.57149999961, 459115.25470000133], [107097.0203000009, 459115.57030000165], [107114.46909999847, 459115.25470000133], [107131.89510000125, 459114.3082000017], [107149.27540000156, 459112.73220000044], [107173.14440000057, 459109.7542000003], [107196.90890000015, 459106.0329999998], [107220.54569999874, 459101.5720999986], [107244.03180000186, 459096.37590000033], [107267.34430000186, 459090.44959999993], [107290.46059999987, 459083.7987000011], [107313.35819999874, 459076.42990000173], [107336.01469999924, 459068.35020000115], [107358.40799999982, 459059.56760000065], [107380.51649999991, 459050.09059999883], [107402.31850000098, 459039.9283999987], [107423.7928000018, 459029.09099999815], [107444.91860000044, 459017.58879999816], [107465.6752000004, 459005.4332000017], [107486.04239999875, 458992.6358000003], [107506.00050000101, 458979.2091999985], [107534.5791000016, 458959.80779999867], [107563.59200000018, 458941.0621000007], [107593.02430000156, 458922.9818999991], [107622.86070000008, 458905.57649999857], [107653.08559999987, 458888.8550999984], [107683.68340000138, 458872.82620000094], [107714.63830000162, 458857.49819999933], [107745.93420000002, 458842.87900000066], [107777.55480000004, 458828.97619999945], [107809.48380000144, 458815.7969999984], [107841.70459999889, 458803.3482000008], [107874.20059999824, 458791.63639999926], [107906.95479999855, 458780.66750000045], [107939.95019999892, 458770.44729999825], [107973.1697999984, 458760.98110000044], [108006.59640000015, 458752.27369999886], [108040.21249999851, 458744.3297000006], [108074.00090000033, 458737.1532000005], [108107.94379999861, 458730.7479000017], [108142.02389999852, 458725.11719999835], [108166.84499999881, 458720.91490000114], [108191.52540000156, 458715.9523999989], [108216.04179999977, 458710.23429999873], [108240.37090000138, 458703.7659999989], [108264.48999999836, 458696.5535000004], [108288.37620000169, 458688.60379999876], [108312.00699999928, 458679.9243000001], [108335.3601000011, 458670.52320000157], [108358.41349999979, 458660.4092999995], [108381.14539999887, 458649.59230000153], [108403.53440000117, 458638.0821999982], [108425.55939999968, 458625.89009999856], [108452.22899999842, 458610.14759999886], [108478.50319999829, 458593.75360000134], [108504.3658999987, 458576.7179000005], [108529.80150000006, 458559.0507999994], [108554.79459999874, 458540.76309999824], [108579.3300999999, 458521.8658999987], [108586.2985999994, 458515.90670000017], [108592.78350000083, 458509.42449999973], [108598.74549999833, 458502.4583999999], [108608.70969999954, 458490.3412999995], [108619.13120000064, 458478.6152999997], [108629.99480000138, 458467.2976000011], [108647.88760000095, 458449.8944000006], [108666.29989999905, 458433.0417999998], [108685.2146999985, 458416.7551999986], [108704.61470000073, 458401.0496999994], [108724.48200000077, 458385.9395999983], [108744.79830000177, 458371.43890000135], [108765.54500000179, 458357.560899999], [108786.70300000161, 458344.3183000013], [108851.25580000132, 458304.8344999999], [108915.42130000144, 458264.7243999988], [108979.19359999895, 458223.9919000007], [108989.11199999973, 458218.05270000175], [108999.40830000117, 458212.79560000077], [109010.03550000116, 458208.24450000003], [109020.94530000165, 458204.42009999976], [109032.08810000122, 458201.3398000002], [109057.00620000064, 458194.991799999], [109081.74410000071, 458187.9745000005], [109106.28379999846, 458180.29300000146], [109130.60770000145, 458171.9530000016], [109154.69790000096, 458162.9604000002], [109178.53700000048, 458153.32180000097], [109202.10770000145, 458143.0441999994], [109225.39279999956, 458132.1350999996], [109249.97239999846, 458120.61019999906], [109274.84679999948, 458109.73640000075], [109299.9989, 458099.5212999992], [109325.41120000184, 458089.97190000117], [109351.06610000134, 458081.09490000084], [109376.94579999894, 458072.8964000009], [109403.03240000084, 458065.3819999993], [109429.30779999867, 458058.5571000017], [109454.37150000036, 458052.07189999893], [109479.26900000125, 458044.97520000115], [109503.98539999872, 458037.27149999887], [109528.50589999929, 458028.9651999995], [109552.81579999998, 458020.0614], [109576.90049999952, 458010.5654999986], [109600.74570000172, 458000.4829999991], [109624.33700000122, 457989.8200000003], [109699.80700000003, 457954.58999999985], [109740.15100000054, 457940.8707999997], [109755.002700001, 457937.4096000008], [109769.67819999903, 457933.2644000016], [109784.14600000158, 457928.4437999986], [109798.3748999983, 457922.9582000002], [109812.33430000022, 457916.8192999996], [109830.79690000042, 457908.46990000084], [109849.46660000086, 457900.59430000186], [109868.3311999999, 457893.19790000096], [109887.37840000167, 457886.2853000015], [109906.59580000117, 457879.8612000011], [109914.53200000152, 457877.629900001], [109922.60750000179, 457875.97150000185], [109930.78069999814, 457874.89449999854], [109939.0100999996, 457874.4045000002], [109947.25340000167, 457874.50400000066], [109955.46860000119, 457875.1922999993], [109963.61349999905, 457876.46609999985], [109977.06340000033, 457878.8717], [109990.57499999925, 457880.90199999884], [110027.06399999931, 457885.83029999956], [110036.93600000069, 457887.1640000008], [110051.52499999851, 457889.1889999993], [110065.95380000025, 457890.8147], [110080.44720000029, 457891.6953999996], [110094.96669999883, 457891.82869999856], [110109.4737999998, 457891.21440000087], [110131.96090000123, 457890.07250000164], [110154.47419999912, 457889.7109999992], [110176.98640000075, 457890.1303000003], [110199.47060000151, 457891.32990000024], [110221.89959999919, 457893.30849999934], [110244.24659999833, 457896.0634999983], [110285.14829999954, 457902.0062999986], [110325.99780000001, 457908.29879999906], [110339.5186999999, 457910.08410000056], [110353.1138000004, 457911.1688000001], [110366.74670000002, 457911.54989999905], [110380.38120000064, 457911.2263999991], [110393.98070000112, 457910.1990999989], [110407.50899999961, 457908.47089999914], [110420.9301000014, 457906.04630000144], [110434.20789999887, 457902.93180000037], [110450.65080000088, 457898.2661000006], [110466.89119999856, 457892.93840000033], [110482.90260000154, 457886.95749999955], [110496.56720000133, 457881.1697999984], [110509.9523999989, 457874.7624000013], [110523.03009999916, 457867.74870000035], [110535.77290000021, 457860.14350000024], [110548.15410000086, 457851.96269999817], [110560.14759999886, 457843.22349999845], [110571.72839999944, 457833.94420000166], [110582.87200000137, 457824.1442999989], [110593.55519999936, 457813.8443999998], [110599.21209999919, 457808.65089999884], [110605.33439999819, 457804.01520000026], [110611.86730000004, 457799.97879999876], [110618.75250000134, 457796.5777999982], [110625.92830000073, 457793.84270000085], [110633.33040000126, 457791.7978999987], [110640.8925999999, 457790.46180000156], [110648.54720000178, 457789.8462000005], [110656.22580000013, 457789.9567999989], [110663.85949999839, 457790.79250000045], [110671.38010000065, 457792.3458000012], [110678.72030000016, 457794.60280000046], [110685.81439999864, 457797.5434000008], [110692.5987999998, 457801.14119999856], [110699.01280000061, 457805.36400000006], [110704.99909999967, 457810.1739999987], [110710.50409999862, 457815.5282000005], [110715.47850000113, 457821.3786999993], [110719.87779999897, 457827.6730000004], [110722.57510000095, 457832.57669999823], [110724.66800000146, 457837.7672000006], [110726.12669999897, 457843.1704000011], [110726.93039999902, 457848.7089000009], [110727.06749999896, 457854.30380000174], [110726.53610000014, 457859.8751000017], [110725.34369999915, 457865.34319999814], [110723.5075000003, 457870.629900001], [110721.05380000174, 457875.65989999846], [110592.55319999903, 458029.5918000005], [110588.97289999947, 458031.4054999985], [110585.75329999998, 458033.80220000073], [110582.98849999905, 458036.71189999953], [110580.7591000013, 458040.04949999973], [110579.13010000065, 458043.7177999988], [110577.4979000017, 458047.4558000006], [110575.29610000178, 458050.88919999823], [110572.57990000024, 458053.93200000003], [110569.41739999875, 458056.50780000165], [110565.88780000061, 458058.55209999904], [110562.07990000024, 458060.0135000013], [110558.08889999986, 458060.85539999977], [110537.89950000122, 458063.1521999985], [110517.64900000021, 458064.8275000006], [110497.35660000145, 458065.879900001], [110477.04140000045, 458066.3082999997], [110471.07800000161, 458065.99159999937], [110465.19280000031, 458064.97769999877], [110459.46719999984, 458063.28079999983], [110453.98009999841, 458060.9239999987], [110448.80719999969, 458057.9400999993], [110444.01990000159, 458054.370099999], [110439.68430000171, 458050.2633000016], [110435.86030000076, 458045.67650000006], [110432.60049999878, 458040.67280000076], [110429.94999999925, 458035.32140000165], [110427.94530000165, 458029.6961000003], [110425.39209999889, 458022.30790000036], [110422.12579999864, 458015.20600000024], [110418.1779000014, 458008.4591999985], [110413.58669999987, 458002.13259999827], [110408.39649999887, 457996.2873999998], [110402.65749999881, 457990.98000000045], [110396.42509999871, 457986.2617000006], [110389.75950000063, 457982.17819999903], [110385.89699999988, 457980.4670000002], [110381.8040000014, 457979.4208999984], [110377.59409999847, 457979.06920000166], [110373.38430000097, 457979.4215000011], [110369.29140000045, 457980.4681000002], [110365.42920000106, 457982.17990000173], [110361.9048999995, 457984.50930000097], [110358.81639999896, 457987.39169999957], [110356.24949999899, 457990.7470000014], [110353.01480000094, 457996.40190000087], [110350.36120000109, 458002.35170000046], [110348.31540000066, 458008.5368000008], [110346.89779999852, 458014.8953999989], [110346.00769999996, 458018.4417000003], [110344.58669999987, 458021.8104999997], [110342.66829999909, 458024.9228999987], [110340.29720000178, 458027.7060999982], [110337.52919999883, 458030.09479999915], [110334.4290000014, 458032.0329999998], [110328.06049999967, 458034.9871000014], [110321.43910000101, 458037.319600001], [110314.62530000135, 458039.0091999993], [110307.68129999936, 458040.0405000001], [110300.67049999908, 458040.40410000086], [110293.65700000152, 458040.0965999998], [110286.70490000024, 458039.1209000014], [110279.87779999897, 458037.48589999974], [110274.29830000177, 458035.5238999985], [110268.96930000186, 458032.9583999999], [110263.95589999855, 458029.820700001], [110259.31909999996, 458026.1490000002], [110255.11569999903, 458021.9882999994], [110251.39699999988, 458017.3892999999], [110248.20820000023, 458012.4081000015], [110245.58850000054, 458007.1055999994], [110240.1752000004, 457993.7811000012], [110235.23750000075, 457980.2730999999], [110230.78170000017, 457966.59860000014], [110229.54670000076, 457963.4985000007], [110227.82319999859, 457960.6411000006], [110225.65720000118, 457958.1026000008], [110223.10649999976, 457955.9508999996], [110220.23939999938, 457954.2435000017], [110217.1325000003, 457953.0260999985], [110213.8685999997, 457952.33100000024], [110210.53519999981, 457952.1770000011], [110207.2212000005, 457952.56810000166], [110162.1715000011, 457961.38120000064], [110117.01729999855, 457969.6427000016], [110071.76559999958, 457977.3515000008], [110026.42289999872, 457984.5064000003], [110015.64029999822, 457991.8916000016], [110004.4626000002, 457998.6640000008], [109992.92460000142, 458004.80270000175], [109981.0623999983, 458010.2884000018], [109968.91259999946, 458015.1041000001], [109956.51330000162, 458019.23490000144], [109943.90289999917, 458022.66789999977], [109931.12079999968, 458025.39229999855], [109918.20650000125, 458027.39979999885], [109905.20050000027, 458028.6840999983], [109892.14310000092, 458029.24109999835], [109879.07490000129, 458029.06920000166], [109866.03660000116, 458028.1688000001], [109853.06879999861, 458026.54289999977], [109840.21189999953, 458024.19640000165], [109827.50580000132, 458021.1365999989], [109824.44509999827, 458020.56760000065], [109821.33269999921, 458020.4957999997], [109818.2490000017, 458020.92330000177], [109815.2734999992, 458021.83879999816], [109812.48290000111, 458023.2188999988], [109809.94920000061, 458025.0278999992], [109807.73779999837, 458027.21920000017], [109805.90569999814, 458029.7362000011], [109804.50019999966, 458032.51410000026], [109803.55750000104, 458035.48110000044], [109803.10190000013, 458038.560800001], [109802.34580000117, 458044.17229999974], [109800.84200000018, 458049.63109999895], [109798.61780000106, 458054.8381999992], [109795.7135999985, 458059.6988000013], [109792.18200000003, 458064.12469999865], [109788.08740000054, 458068.03550000116], [109783.50400000066, 458071.3601000011], [109778.51520000026, 458074.03819999844], [109773.21159999818, 458076.02109999955], [109767.68939999864, 458077.27270000055], [109762.04919999838, 458077.7703999989], [109756.39319999889, 458077.50499999896], [109750.82429999858, 458076.48149999976], [109745.44359999895, 458074.71829999983], [109740.3489000015, 458072.24760000035], [109736.37469999865, 458070.33960000053], [109732.16939999908, 458069.0166000016], [109727.81859999895, 458068.305399999], [109723.41090000048, 458068.2206999995], [109719.03599999845, 458068.76399999857], [109714.78290000185, 458069.92440000176], [109704.76110000163, 458071.1458999999], [109694.84259999916, 458073.0309000015], [109685.07140000165, 458075.5711000003], [109675.49069999903, 458078.7553000003], [109666.14290000126, 458082.5692999996], [109657.06929999962, 458086.9963000007], [109648.30999999866, 458092.0166000016], [109639.9037999995, 458097.60819999874], [109631.88800000027, 458103.746199999], [109624.29789999872, 458110.4034000002], [109617.16710000113, 458117.55050000176], [109612.6270999983, 458120.9004999995], [109608.56439999864, 458124.8156999983], [109605.04890000075, 458129.22879999876], [109602.14090000093, 458134.06379999965], [109599.89059999958, 458139.2377999984], [109598.33650000021, 458144.6616999991], [109597.50539999828, 458150.24240000173], [109597.41160000116, 458155.88379999995], [109598.24269999936, 458177.94779999927], [109598.5736999996, 458200.0251000002], [109598.2221999988, 458206.4930999987], [109597.1251000017, 458212.8770000003], [109595.29710000008, 458219.09120000154], [109592.76280000061, 458225.0522999987], [109589.5560999997, 458230.680399999], [109585.7201000005, 458235.89990000054], [109581.30629999936, 458240.64070000127], [109576.37379999831, 458244.83940000087], [109570.98889999837, 458248.43939999864], [109565.2237999998, 458251.3925999999], [109559.15579999983, 458253.6592999995], [109552.8665000014, 458255.20910000056], [109546.44009999931, 458256.02120000124], [109539.96290000156, 458256.0846000016], [109533.52189999819, 458255.39869999886], [109527.20329999924, 458253.97239999846], [109521.09209999815, 458251.82510000095], [109515.2703000009, 458248.9853999987], [109509.81579999998, 458245.49159999937], [109491.38560000062, 458232.47619999945], [109472.62889999896, 458219.93609999865], [109463.1035999991, 458214.1103999987], [109453.27120000124, 458208.81969999894], [109443.16160000116, 458204.0800999999], [109432.80559999868, 458199.9059999995], [109422.2349999994, 458196.3103], [109411.48189999908, 458193.30380000174], [109400.5791000016, 458190.8957000002], [109394.58179999888, 458190.0903999992], [109388.53200000152, 458189.96350000054], [109382.50609999895, 458190.51669999957], [109376.58049999923, 458191.7430000007], [109370.8300999999, 458193.62689999864], [109365.3275000006, 458196.14449999854], [109360.14249999821, 458199.26410000026], [109355.34039999917, 458202.9461000003], [109350.98220000044, 458207.1440999992], [109347.1229000017, 458211.80480000004], [109342.76649999991, 458217.0416000001], [109337.82840000093, 458221.73380000144], [109332.3759999983, 458225.81720000133], [109326.48409999907, 458229.23589999974], [109320.23319999874, 458231.94310000166], [109313.70899999887, 458233.9017999992], [109307.00070000067, 458235.08509999886], [109300.19999999925, 458235.4769000001], [109293.40019999817, 458235.07189999893], [109286.69409999996, 458233.8753999993], [109277.80449999869, 458232.1504999995], [109268.79879999906, 458231.2028999999], [109259.74480000138, 458231.0399999991], [109250.71079999954, 458231.6629000008], [109241.7648999989, 458233.0669], [109232.97439999878, 458235.2413999997], [109224.40560000017, 458238.17009999976], [109216.12310000136, 458241.83089999855], [109208.18930000067, 458246.19619999826], [109200.6640000008, 458251.23319999874], [109193.60390000045, 458256.90370000154], [109187.06210000068, 458263.16530000046], [109181.08799999952, 458269.9704999998], [109175.72670000046, 458277.2681999989], [109171.01839999855, 458285.0034000017], [109166.99859999865, 458293.11780000106], [109163.51040000096, 458300.1185999997], [109159.39730000123, 458306.77149999887], [109154.69370000064, 458313.0210000016], [109149.43899999931, 458318.8147], [109143.67709999904, 458324.10440000147], [109137.4561999999, 458328.8456000015], [109130.82829999924, 458332.9989], [109123.84870000184, 458336.5293999985], [109116.57580000162, 458339.40769999847], [109109.07039999962, 458341.6097000018], [109101.3953000009, 458343.1169999987], [109093.61459999904, 458343.9171000011], [109085.79340000078, 458344.0031000003], [109077.99689999968, 458343.374400001], [109070.29050000012, 458342.0362999998], [109063.49199999869, 458340.9186999984], [109056.61199999973, 458340.55050000176], [109049.73299999908, 458340.9360000007], [109042.93730000034, 458342.0705999993], [109036.30620000139, 458343.9406999983], [109029.91899999976, 458346.5240000002], [109023.85220000148, 458349.7895000018], [109018.17850000039, 458353.6981999986], [109012.96559999883, 458358.20320000127], [109008.2760999985, 458363.25079999864], [109004.16600000113, 458368.7802999988], [109000.68450000137, 458374.72580000013], [108997.87330000103, 458381.0159999989], [108995.7659999989, 458387.57559999824], [108994.38780000061, 458394.32609999925], [108993.08669999987, 458400.4268000014], [108991.02380000055, 458406.31379999965], [108988.23220000044, 458411.8922000006], [108984.75690000132, 458417.07239999995], [108980.6539000012, 458421.7708999999], [108975.98900000006, 458425.91230000183], [108970.83749999851, 458429.42980000004], [108965.28209999949, 458432.26689999923], [108959.41220000014, 458434.3779999986], [108953.32229999825, 458435.7289999984], [108947.11050000042, 458436.2982000001], [108940.87649999931, 458436.07649999857], [108934.72069999948, 458435.067400001], [108928.74219999835, 458433.28720000014], [108922.36279999837, 458431.35020000115], [108915.80180000141, 458430.16589999944], [108909.14770000055, 458429.75019999966], [108902.4904000014, 458430.10869999975], [108895.91939999908, 458431.2366000004], [108884.83509999886, 458434.21550000086], [108873.98220000044, 458437.95059999824], [108863.41220000014, 458442.4241999984], [108853.17540000007, 458447.61499999836], [108843.32030000165, 458453.498300001], [108833.8936999999, 458460.0463999994], [108824.94049999863, 458467.2280000001], [108816.50290000066, 458475.0091000013], [108808.6213000007, 458483.35269999877], [108801.3328000009, 458492.21920000017], [108794.67220000178, 458501.5665999986], [108788.67110000178, 458511.3504000008], [108783.35790000111, 458521.52430000156], [108778.75800000131, 458532.03979999945], [108775.94539999962, 458538.1570000015], [108772.50079999864, 458543.94200000167], [108768.46290000156, 458549.3297000006], [108763.87719999999, 458554.25939999893], [108758.79509999976, 458558.6757000014], [108753.27400000021, 458562.52899999917], [108747.37579999864, 458565.77600000054], [108741.16690000147, 458568.37999999896], [108734.71719999984, 458570.311900001], [108728.09910000116, 458571.5498000011], [108721.38720000163, 458572.07990000024], [108714.65680000186, 458571.8962999992], [108707.98380000144, 458571.00079999864], [108700.83509999886, 458569.9946999997], [108693.62379999831, 458569.6583000012], [108686.41250000149, 458569.9946999997], [108679.2639000006, 458571.00079999864], [108669.03700000048, 458573.2659999989], [108658.97329999879, 458576.17130000144], [108649.1127000004, 458579.7052000016], [108639.49450000003, 458583.8535999991], [108630.15689999983, 458588.6000000015], [108621.13699999824, 458593.92550000176], [108612.47080000117, 458599.80900000036], [108604.61800000072, 458605.87849999964], [108597.14400000125, 458612.4087000005], [108590.07559999824, 458619.3759999983], [108588.78400000185, 458622.71990000084], [108588.08650000021, 458626.2360999994], [108588.00400000066, 458629.81980000064], [108588.5390000008, 458633.3643999994], [108589.67540000007, 458636.76419999823], [108591.37920000032, 458639.91800000146], [108748.32979999855, 458882.2809000015], [108749.6174999997, 458887.5716999993], [108750.16800000146, 458892.9891999997], [108749.97080000117, 458898.4310000017], [108749.02959999815, 458903.7945000008], [108747.36210000142, 458908.9783000015], [108744.9998999983, 458913.8845999986], [108741.98739999905, 458918.42080000043], [108738.38159999996, 458922.50129999965], [108734.25050000101, 458926.0491000004], [108729.67210000008, 458928.99709999934], [108724.73290000111, 458931.2897000015], [108719.5260999985, 458932.88379999995], [108714.14979999885, 458933.7490000017], [108708.70580000058, 458933.8691999987], [108703.29659999907, 458933.2421000004], [108698.02450000122, 458931.87950000167], [108692.98889999837, 458929.8071000017], [108688.28480000049, 458927.0639999993], [108684.00120000169, 458923.7021000013], [108680.21889999881, 458919.78489999846], [108553.02210000157, 458707.1651000008], [108552.55090000108, 458706.5053000003], [108551.97899999842, 458705.93030000106], [108551.32169999927, 458705.45529999956], [108550.59629999846, 458705.0927999988], [108549.82180000097, 458704.85240000114], [108549.0186999999, 458704.7402999997], [108548.20800000057, 458704.7595000006], [108547.41099999845, 458704.9096000008], [108546.64880000055, 458705.1864], [108545.94139999896, 458705.5828999989], [108545.30739999935, 458706.08850000054], [108544.76339999959, 458706.69000000134], [108544.3238000013, 458707.37139999866], [108544.00019999966, 458708.11499999836]]]}, "properties": {"OBJECTID_1": 1, "OBJECTID": 1, "Type_stel": "Drukriolering", "Type": "Wonen", "Voert_af_n": "5D", "Bmaling_ni": "Kortsteekterweg e.o.", "Nr_": "5", "Kern_Nr": "5E", "oude": " ", "naam": " ", "Shape_Leng": 10935.2817062, "Opmerking1": 0, "Layer": "Kortsteekterweg e.o.", "Shape_Length": 10935.281706161273, "Shape_Area": 661037.2740728976}}, {"type": "Feature", "id": 2, "geometry": {"type": "Polygon", "coordinates": [[[104765.56599999964, 458098.0029999986], [104732.91919999942, 458060.86890000105], [104726.82449999824, 458054.4098000005], [104720.29030000046, 458048.39559999853], [104713.34899999946, 458042.85610000044], [104706.03519999981, 458037.8187999986], [104698.38500000164, 458033.308699999], [104690.4365000017, 458029.34800000116], [104682.22890000045, 458025.95650000125], [104673.80299999937, 458023.15100000054], [104402.8889000006, 457928.6341000013], [104396.58980000019, 457926.0636], [104390.59019999951, 457922.85539999977], [104384.95459999889, 457919.04410000145], [104379.74320000038, 457914.67060000077], [104375.01190000027, 457909.7815999985], [104370.81159999967, 457904.42969999835], [104367.18699999899, 457898.6721000001], [104364.1772999987, 457892.5705999993], [104361.81450000033, 457886.1906999983], [104360.1240000017, 457879.60060000047], [104358.82169999927, 457874.83579999954], [104356.88980000094, 457870.2897000015], [104354.36360000074, 457866.0450000018], [104351.2890000008, 457862.1788999997], [104347.72199999914, 457858.7619000003], [104343.7274999991, 457855.8561999984], [104339.37819999829, 457853.5144999996], [104334.75329999998, 457851.77959999815], [104329.93699999899, 457850.68299999833], [104131.20679999888, 457795.3638000004], [104126.83909999952, 457794.52430000156], [104122.39330000058, 457794.4065000005], [104117.98750000075, 457795.01309999824], [104113.73889999837, 457796.3280999996], [104109.76069999859, 457798.316300001], [104106.15879999846, 457800.92500000075], [104103.02899999917, 457804.08469999954], [104100.45450000092, 457807.71119999886], [104098.50409999862, 457811.70800000057], [104093.62669999897, 457823.4001000002], [104088.21979999915, 457834.8570000008], [104082.29470000044, 457846.05469999835], [104075.86389999837, 457856.96979999915], [104072.6072999984, 457861.5593999997], [104068.80959999934, 457865.71240000054], [104064.5287999995, 457869.3654000014], [104059.8300999999, 457872.4624999985], [104054.7853000015, 457874.9565999992], [104049.47150000185, 457876.8095000014], [104043.96970000118, 457877.992899999], [104038.36400000006, 457878.48889999837], [104032.7399000004, 457878.2897000015], [104027.18329999968, 457877.3984999992], [104021.77899999917, 457875.82880000025], [104016.9888000004, 457873.7307000011], [104012.52919999883, 457870.999499999], [104008.48330000043, 457867.68609999865], [104004.92660000175, 457863.85240000114], [104001.92540000007, 457859.56969999894], [103999.53579999879, 457854.9180999994], [103997.80220000073, 457849.98429999873], [103996.75710000098, 457844.86030000076], [103996.4199000001, 457839.6416000016], [103996.79690000042, 457834.4257000014], [103997.88100000098, 457829.309799999], [103999.53020000085, 457822.08940000087], [104000.41180000082, 457814.7357000001], [104000.5159999989, 457807.3300999999], [103999.84169999883, 457799.9545000009], [103998.3962999992, 457792.6904999986], [103996.19579999894, 457785.6185999997], [103993.26469999924, 457778.81700000167], [103989.63529999927, 457772.36089999974], [103985.34769999981, 457766.3216999993], [103980.44949999824, 457760.7663999982], [103974.99480000138, 457755.7564000003], [103969.04399999976, 457751.3471000008], [103962.66299999878, 457747.5872000009], [103949.40340000018, 457741.12409999967], [103935.82250000164, 457735.36670000106], [103921.9578000009, 457730.3308000006], [103907.84760000184, 457726.0306000002], [103893.5309999995, 457722.47769999877], [103879.0474999994, 457719.6821000017], [103873.92969999835, 457718.49920000136], [103869.00039999932, 457716.684799999], [103864.33700000122, 457714.2677000016], [103860.01289999858, 457711.28559999913], [103856.0960999988, 457707.7857000008], [103852.64840000123, 457703.8229999989], [103849.7239000015, 457699.45980000123], [103847.36870000139, 457694.76480000094], [103845.07409999892, 457690.3858000003], [103842.10750000179, 457686.4312000014], [103838.54560000077, 457683.00290000066], [103834.48039999977, 457680.1897], [103830.01700000092, 457678.064199999], [103825.27059999853, 457676.68140000105], [103820.36400000006, 457676.0769999996], [103670.01289999858, 457638.1409999989], [103666.36100000143, 457634.7558999993], [103663.28310000151, 457630.8416999988], [103660.85460000113, 457626.4946999997], [103659.13529999927, 457621.8214999996], [103658.16730000079, 457616.9371000007], [103657.97450000048, 457611.9613999985], [103658.56179999933, 457607.01689999923], [103669.94299999997, 457549.8830000013], [103680.97419999912, 457505.7760999985], [103682.5102000013, 457501.23310000077], [103684.75800000131, 457496.9968999997], [103687.65900000185, 457493.17819999903], [103691.13740000129, 457489.87689999864], [103695.10240000114, 457487.17920000106], [103699.45019999892, 457485.15569999814], [103704.0672999993, 457483.85920000076], [103708.83289999887, 457483.32360000163], [103713.62260000035, 457483.5628999993], [103718.31120000035, 457484.57079999894], [103746.38269999996, 457492.6123000011], [103774.66380000114, 457499.88230000064], [103803.13340000063, 457506.37530000135], [103831.77010000125, 457512.0865000002], [103860.5524000004, 457517.01150000095], [103889.45870000124, 457521.1466999985], [103894.57679999992, 457522.1904999986], [103899.48930000141, 457523.9657000005], [103904.09230000153, 457526.43470000103], [103908.28840000182, 457529.5454000011], [103911.98900000006, 457533.2318999991], [103915.11560000107, 457537.4160999991], [103917.60220000148, 457542.0097000003], [103919.39609999955, 457546.9153999984], [103920.95369999856, 457553.62579999864], [103921.83769999817, 457560.4576999992], [103922.03950000182, 457567.3434999995], [103921.55689999834, 457574.2153999992], [103920.3946999982, 457581.00549999997], [103918.56450000033, 457587.6466999985], [103917.4279000014, 457592.19790000096], [103916.97399999946, 457596.866799999], [103917.21249999851, 457601.5516999997], [103918.13830000162, 457606.15040000156], [103919.73119999841, 457610.5626000017], [103921.95639999956, 457614.69209999964], [103924.76550000161, 457618.44900000095], [103928.0971999988, 457621.75129999965], [103931.878800001, 457624.52690000087], [103936.02789999917, 457626.71550000086], [103939.91459999979, 457628.7463000007], [103943.48000000045, 457631.29949999973], [103946.65410000086, 457634.3251999989], [103949.3751000017, 457637.7642999999], [103951.58949999884, 457641.54940000176], [103953.25409999862, 457645.6064000018], [103954.33639999852, 457649.85599999875], [103954.81509999931, 457654.21510000154], [103955.497299999, 457661.84970000014], [103956.93420000002, 457669.37889999896], [103959.11169999838, 457676.7281000018], [103962.00820000097, 457683.8247999996], [103965.59519999847, 457690.5987999998], [103969.83709999919, 457696.98310000077], [103974.69189999998, 457702.9145999998], [103980.11180000007, 457708.33469999954], [103986.04320000112, 457713.18989999965], [103992.4272999987, 457717.43200000003], [103999.20120000094, 457721.0192000009], [104006.29769999906, 457723.91600000113], [104013.64689999819, 457726.09380000085], [104021.17599999905, 457727.5309999995], [104215.60280000046, 457777.57279999927], [104222.27569999918, 457778.9332999997], [104229.0522999987, 457779.6105000004], [104235.86259999871, 457779.5971999988], [104242.63650000095, 457778.8936999999], [104249.30429999903, 457777.50719999894], [104255.79710000008, 457775.4519000016], [104262.04809999838, 457772.7490000017], [104267.99300000072, 457769.42639999837], [104271.55730000138, 457766.79520000145], [104274.6854000017, 457763.65780000016], [104277.3060999997, 457760.0855999999], [104279.35970000178, 457756.16000000015], [104280.79949999973, 457751.9701000005], [104283.64649999887, 457742.4989], [104287.17650000006, 457733.2604999989], [104291.37070000172, 457724.30409999937], [104295.20459999889, 457717.6638999991], [104299.67179999873, 457711.4321000017], [104304.72929999977, 457705.66899999976], [104310.32820000127, 457700.43019999936], [104316.41429999843, 457695.7663999982], [104322.92889999971, 457691.7226999998], [104329.80900000036, 457688.3379999995], [104336.98809999973, 457685.6451999992], [104344.39689999819, 457683.67020000145], [104351.96389999986, 457682.4321000017], [104359.61580000073, 457681.9428999983], [104367.2787999995, 457682.2071999982], [104374.87889999896, 457683.22260000184], [104382.60229999945, 457685.0306000002], [104390.11710000038, 457687.57009999827], [104397.35410000011, 457690.8176999986], [104404.24680000171, 457694.7435000017], [104410.73169999942, 457699.3115000017], [104416.74929999933, 457704.4796000011], [104422.24410000071, 457710.2003999986], [104427.16580000147, 457716.4211000018], [104431.4690000005, 457723.08469999954], [104435.11419999972, 457730.1297999993], [104438.06780000031, 457737.49170000106], [104440.83130000159, 457744.4668000005], [104444.19240000099, 457751.17449999973], [104448.12559999898, 457757.5634999983], [104452.60080000013, 457763.5854000002], [104457.58399999887, 457769.19409999996], [104463.03709999844, 457774.34699999914], [104468.9188000001, 457779.004900001], [104476.65579999983, 457784.16110000014], [104484.76469999924, 457788.7098999992], [104493.19799999893, 457792.62469999865], [104501.90630000085, 457795.8825000003], [104510.83830000088, 457798.4640999995], [104519.94179999828, 457800.35449999943], [104545.11809999868, 457804.96550000086], [104570.14799999818, 457810.3148000017], [104595.00979999825, 457816.39759999886], [104619.68189999834, 457823.2087999992], [104644.14319999889, 457830.74240000173], [104668.37240000069, 457838.9919000007], [104692.34860000014, 457847.9501999989], [104716.05099999905, 457857.6096000001], [104739.45910000056, 457867.96180000156], [104744.91319999844, 457870.88280000165], [104749.97399999946, 457874.44209999964], [104754.56709999964, 457878.5872000009], [104758.62530000135, 457883.2573999986], [104762.08889999986, 457888.3841000013], [104764.90709999949, 457893.8920000009], [104767.03840000182, 457899.7003000006], [104768.45169999823, 457905.7237999998], [104769.12620000169, 457911.8739], [104769.05189999938, 457918.0604999997], [104768.23000000045, 457924.1926999986], [104766.6726000011, 457930.1805000007], [104764.40239999816, 457935.9360000007], [104761.45279999822, 457941.37469999865], [104757.86719999835, 457946.4167999998], [104753.69810000062, 457950.9882000014], [104749.9796999991, 457955.13589999825], [104746.86870000139, 457959.75670000166], [104744.42430000007, 457964.7622000016], [104742.69339999929, 457970.05689999834], [104741.7089000009, 457975.5397000015], [104741.48970000073, 457981.1057999991], [104742.03990000114, 457986.6490000002], [104743.34899999946, 457992.0634999983], [104745.39200000092, 457997.2457999997], [104750.1341000013, 458006.40480000153], [104755.4710999988, 458015.23050000146], [104764.51410000026, 458028.62900000066], [104774.00120000169, 458041.7168999985], [104783.92170000076, 458054.4792999998], [104794.26419999823, 458066.90199999884], [104805.31010000035, 458084.0207999982], [104812.30649999902, 458093.2989999987], [104818.72960000113, 458102.9829999991], [104824.5560999997, 458113.03730000183], [104829.76469999924, 458123.4250999987], [104834.33639999852, 458134.1086000018], [104838.25450000167, 458145.0487000011], [104841.50470000133, 458156.20540000126], [104844.07510000095, 458167.5379999988], [104845.95639999956, 458179.0053000003], [104847.14169999957, 458190.565200001], [104845.71909999847, 458195.04679999873], [104843.6239, 458199.25609999895], [104840.9059999995, 458203.0927999988], [104837.62999999896, 458206.4657000005], [104833.8740000017, 458209.2943000011], [104829.7276000008, 458211.5113000013], [104825.28940000013, 458213.06390000135], [104820.6651000008, 458213.9151000008], [104815.96499999985, 458214.04459999874], [104811.30090000108, 458213.4492999986], [104806.78390000015, 458212.14339999855], [104802.52169999853, 458210.1581000015], [104798.61569999903, 458207.5406000018], [104795.15900000185, 458204.3531999998], [104792.23389999941, 458200.6719000004], [104789.91000000015, 458196.5843000002], [104788.24289999902, 458192.1878999993], [104787.27199999988, 458187.58729999885], [104787.02070000023, 458182.8920999989], [104787.49480000138, 458178.2140999995], [104787.62170000002, 458169.4373999983], [104787.12420000136, 458160.67390000075], [104786.00459999964, 458151.9679000005], [104784.2686999999, 458143.3636999987], [104781.9252000004, 458134.90459999815], [104778.9860999994, 458126.63369999826], [104775.46609999985, 458118.5929000005], [104765.56599999964, 458098.0029999986]]]}, "properties": {"OBJECTID_1": 2, "OBJECTID": 2, "Type_stel": "Drukriolering", "Type": " ", "Voert_af_n": "4I", "Bmaling_ni": "Rietveldsepad", "Nr_": "4", "Kern_Nr": "4J", "oude": " ", "naam": " ", "Shape_Leng": 3368.94326041, "Opmerking1": 0, "Layer": "Rietveldsepad", "Shape_Length": 3368.9432604108024, "Shape_Area": 166262.25156137222}}, {"type": "Feature", "id": 3, "geometry": {"type": "Polygon", "coordinates": [[[104752.9523999989, 458511.4032000005], [104759.9299999997, 458668.86300000176], [104781.68600000069, 459045.9930000007], [104726.065200001, 459044.7360999994], [104699.22740000114, 459044.50400000066], [104672.39330000058, 459045.0197999999], [104645.5839000009, 459046.28339999914], [104618.82019999996, 459048.2938000001], [104592.12299999967, 459051.0493000001], [104565.51289999858, 459054.54780000076], [104539.01060000062, 459058.7866999991], [104512.63679999858, 459063.76249999925], [104486.41200000048, 459069.4715999998], [104460.3564000018, 459075.9092999995], [104434.4904000014, 459083.07079999894], [104408.83410000056, 459090.9503999986], [104383.40729999915, 459099.54199999943], [104358.22989999875, 459108.83900000155], [104330.68989999965, 459119.8434000015], [104303.43299999833, 459131.5313999988], [104276.47610000148, 459143.8957000002], [104249.83610000089, 459156.92870000005], [104223.52980000153, 459170.62209999934], [103944.97300000116, 458851.3740000017], [103826.47060000151, 458715.560800001], [103870.06529999897, 458669.89020000026], [103914.09200000018, 458642.79679999873], [103964.89209999889, 458630.943500001], [104020.77219999954, 458632.6367999986], [104054.63899999857, 458646.18349999934], [104085.11899999902, 458656.3434999995], [104174.54410000145, 458694.62139999866], [104198.67419999838, 458692.7164000012], [104217.72419999912, 458690.17639999837], [104229.78920000046, 458683.8264000006], [104238.04430000111, 458680.65139999986], [104252.01429999992, 458677.4763999991], [104260.26929999888, 458676.20639999956], [104272.96930000186, 458675.57140000165], [104284.39939999953, 458674.9364], [104297.73440000042, 458675.57140000165], [104318.05440000072, 458680.0163999982], [104333.29450000077, 458680.65139999986], [104349.80449999869, 458684.4613999985], [104384.72960000113, 458690.8114], [104398.69959999993, 458693.3513999991], [104417.74960000068, 458696.52639999986], [104435.52969999984, 458697.7963999994], [104444.41970000044, 458698.43140000105], [104509.08399999887, 458696.9497999996], [104542.95069999993, 458682.1330999993], [104564.11740000173, 458650.3830000013], [104587.40080000088, 458608.0496000014], [104610.68420000002, 458580.53290000185], [104642.43420000002, 458550.8995000012], [104684.7677000016, 458527.61609999835], [104729.21770000085, 458512.79940000176], [104752.9523999989, 458511.4032000005]]]}, "properties": {"OBJECTID_1": 3, "OBJECTID": 3, "Type_stel": "Gescheiden", "Type": " ", "Voert_af_n": "4C", "Bmaling_ni": "Bruggooi", "Nr_": "4", "Kern_Nr": "4F", "oude": " ", "naam": " ", "Shape_Leng": 2769.1336152, "Opmerking1": 0, "Layer": "Bruggooi", "Shape_Length": 2769.1336151992073, "Shape_Area": 353748.8804471739}}, {"type": "Feature", "id": 4, "geometry": {"type": "Polygon", "coordinates": [[[104091.1970999986, 461746.5520000011], [104180.63919999823, 461783.18620000035], [104194.46510000154, 461788.49969999865], [104208.5095999986, 461793.2039999999], [104222.74610000104, 461797.2905000001], [104237.1475000009, 461800.75129999965], [104251.68629999831, 461803.57979999855], [104266.33480000123, 461805.7707000002], [104281.06500000134, 461807.31969999894], [104295.8487999998, 461808.22399999946], [104310.65799999982, 461808.4816999994], [104316.01920000091, 461808.7296000011], [104321.32789999992, 461809.5185999982], [104326.52950000018, 461810.84050000086], [104331.57070000097, 461812.68180000037], [104336.39990000054, 461815.0234999992], [104338.13199999928, 461816.1680999994], [104339.65459999815, 461817.57939999923], [104340.9272999987, 461819.21979999915], [104341.91589999944, 461821.0454000011], [104342.59420000017, 461823.00759999827], [104342.94399999827, 461825.0540000014], [104330.15879999846, 461964.05490000173], [104329.62099999934, 461967.1592000015], [104328.59739999846, 461970.1387999989], [104327.11360000074, 461972.9180999994], [104325.20729999989, 461975.42650000006], [104322.92689999938, 461977.6004000008], [104320.3302000016, 461979.3845999986], [104317.48319999874, 461980.73380000144], [104314.45800000057, 461981.61389999837], [104311.33150000125, 461982.00239999965], [104303.99450000003, 461982.129900001], [104296.66110000014, 461981.8680999987], [104289.35190000013, 461981.2177999988], [104287.9197999984, 461981.08480000123], [104217.51080000028, 462559.1721000001], [104215.16440000013, 462564.2958999984], [104212.22720000148, 462569.1052000001], [104208.7404000014, 462573.53229999915], [104204.75329999998, 462577.51469999924], [104200.32200000063, 462580.996199999], [104195.50919999927, 462583.92770000175], [104190.38269999996, 462586.26779999956], [104185.0148999989, 462587.9835000001], [104179.48180000111, 462589.0507999994], [104143.48110000044, 462585.62310000136], [104138.67410000041, 462584.7991000004], [104134.0438000001, 462583.2670000009], [104129.6939000003, 462581.06120000035], [104125.72179999948, 462578.2311999984], [104122.2164000012, 462574.8401999995], [104119.25609999895, 462570.9640999995], [104116.90729999915, 462566.6898000017], [104115.22239999846, 462562.11290000007], [104114.23930000141, 462557.3359000012], [104113.97980000079, 462552.46559999883], [104114.44990000129, 462547.6110999994], [104115.63899999857, 462542.88109999895], [104117.52050000057, 462538.3814000003], [104120.05220000073, 462534.21290000156], [104123.36419999972, 462530.2272000015], [104127.2184999995, 462526.7631999999], [104131.53379999846, 462523.89389999956], [104136.21920000017, 462521.67980000004], [104141.17579999939, 462520.1675999984], [104146.29910000041, 462519.38919999823], [104151.48119999841, 462519.36089999974], [104161.72989999875, 462519.7426000014], [104171.98310000077, 462519.50930000097], [104182.20389999822, 462518.6616999991], [104192.35550000146, 462517.2028999999], [104195.02939999849, 462516.4952000007], [104197.5428000018, 462515.3403000012], [104199.82140000165, 462513.77230000123], [104201.79789999872, 462511.83729999885], [104203.41409999877, 462509.59270000085], [104204.62209999934, 462507.1042000018], [104241.14200000092, 462166.7520000003], [104210.8350000009, 462164.7320000008], [104221.48809999973, 462050.58300000057], [104220.26819999889, 462045.5318999998], [104218.33700000122, 462040.7076999992], [104215.73460000008, 462036.21009999886], [104212.51449999958, 462032.13170000166], [104208.74329999834, 462028.55680000037], [104204.49879999831, 462025.5590999983], [104199.86850000173, 462023.20059999824], [104187.61639999971, 462017.7133000009], [104175.61580000073, 462011.6959999986], [104163.88949999958, 462005.16010000184], [104152.4598999992, 461998.1182000004], [104141.3489000015, 461990.58370000124], [104131.52369999886, 461983.22100000083], [104122.08449999988, 461975.3696000017], [104113.05559999868, 461967.0496999994], [104104.46009999886, 461958.28280000016], [104096.32019999996, 461949.09120000154], [104088.65680000186, 461939.4987999983], [104081.48970000073, 461929.53009999916], [104074.83720000088, 461919.2109000012], [104068.30169999972, 461909.2157999985], [104061.1435999982, 461899.65670000017], [104056.44959999993, 461893.1917999983], [104052.3770999983, 461886.318500001], [104048.96139999852, 461879.0962000005], [104046.23220000044, 461871.5874999985], [104044.21299999952, 461863.85759999976], [104042.9215000011, 461855.97349999845], [104042.36870000139, 461848.0034000017], [104042.55950000137, 461840.0163999982], [104041.56179999933, 461829.2564000003], [104041.25539999828, 461818.4545999989], [104041.6416000016, 461807.6554000005], [104042.71869999915, 461796.90309999883], [104044.4822999984, 461786.2419000007], [104046.92509999871, 461775.71550000086], [104050.03720000014, 461765.36719999835], [104053.80579999834, 461755.23959999904], [104056.81060000136, 461751.686900001], [104060.34340000153, 461748.6587000005], [104064.31379999965, 461746.23259999976], [104068.6202000007, 461744.47040000185], [104073.15249999985, 461743.41739999875], [104077.79459999874, 461743.1004000008], [104082.42799999937, 461743.52760000154], [104086.93389999866, 461744.688099999], [104091.1970999986, 461746.5520000011]]]}, "properties": {"OBJECTID_1": 4, "OBJECTID": 4, "Type_stel": "Gemengd", "Type": " ", "Voert_af_n": "3E", "Bmaling_ni": "'s-molenaarsweg", "Nr_": "3", "Kern_Nr": "3I", "oude": "4A", "naam": " ", "Shape_Leng": 2197.22839627, "Opmerking1": 10, "Layer": "'s-molenaarsweg", "Shape_Length": 2197.228396270024, "Shape_Area": 81614.2597177}}, {"type": "Feature", "id": 5, "geometry": {"type": "Polygon", "coordinates": [[[104196.21510000154, 463693.936999999], [104195.87759999931, 463695.3427999988], [104195.29789999872, 463699.13870000094], [104195.2846999988, 463702.97850000113], [104195.83839999884, 463706.7782999985], [104196.94680000097, 463710.4547000006], [104198.58559999987, 463713.9272999987], [104200.7190000005, 463717.12000000104], [104204.18059999868, 463722.13329999894], [104207.03009999916, 463727.5183000006], [104209.22800000012, 463733.2003999986], [104210.74390000105, 463739.1011000015], [104211.55689999834, 463745.13899999857], [104211.65579999983, 463751.2305999994], [104211.03909999877, 463757.2917000018], [104209.71550000086, 463763.23849999905], [104207.70320000127, 463768.98889999837], [104205.03000000119, 463774.46350000054], [104201.73279999942, 463779.5865999982], [104197.8572999984, 463784.28730000183], [104193.45690000057, 463788.50079999864], [104189.1185999997, 463792.65370000154], [104185.29630000144, 463797.28599999845], [104182.04259999841, 463802.3337999992], [104179.40230000019, 463807.7278999984], [104177.41160000116, 463813.39400000125], [104176.09789999947, 463819.2542000003], [104175.47940000147, 463825.2278999984], [104175.56439999864, 463831.2329000011], [104176.35190000013, 463837.18659999967], [104177.83089999855, 463843.00730000064], [104179.9813000001, 463848.61470000073], [104182.77329999954, 463853.93189999834], [104186.16860000044, 463858.8856000006], [104190.12049999833, 463863.40780000016], [104194.57470000163, 463867.43620000035], [104199.46979999915, 463870.9153999984], [104205.1037000008, 463874.1147999987], [104210.99020000175, 463876.82119999826], [104217.08639999852, 463879.0150000006], [104223.34769999981, 463880.6799999997], [104229.72839999944, 463881.8040000014], [104234.63069999963, 463882.8473000005], [104239.31100000069, 463884.6403999999], [104243.65549999848, 463887.1396000013], [104247.55849999934, 463890.28400000185], [104250.92489999905, 463893.99720000103], [104253.67289999872, 463898.18890000135], [104255.73550000042, 463902.7567999996], [104257.0625, 463907.58999999985], [104257.62170000002, 463912.57079999894], [104257.39939999953, 463917.5778999999], [104256.4010999985, 463922.48959999904], [104254.65100000054, 463927.18620000035], [104252.19179999828, 463931.5533999987], [104249.08320000023, 463935.4851000011], [104245.40100000054, 463938.88540000096], [104230.57119999826, 463950.0692999996], [104215.27659999952, 463960.60869999975], [104199.54529999942, 463970.4844000004], [104183.4059999995, 463979.6783000007], [104166.88830000162, 463988.17350000143], [104150.0223999992, 463995.9545000009], [104132.83920000121, 464003.00719999894], [104120.84699999914, 464007.2628000006], [104108.64209999889, 464010.8632000014], [104096.2602000013, 464013.79769999906], [104083.7377000004, 464016.05779999867], [104071.11120000109, 464017.6367999986], [104058.41770000011, 464018.53009999916], [104045.69449999928, 464018.7351000011], [104037.4877000004, 464018.3198999986], [104029.33949999884, 464017.25670000166], [104021.30090000108, 464015.55220000073], [104013.42229999974, 464013.21719999984], [104005.75319999829, 464010.26619999856], [104002.84290000051, 464008.6999000013], [104000.24700000137, 464006.6541999988], [103998.04369999841, 464004.1906999983], [103996.29919999838, 464001.3836000003], [103995.06599999964, 463998.3172999993], [103994.38120000064, 463995.08399999887], [103994.26539999992, 463991.7809000015], [103994.72199999914, 463988.50759999827], [103995.73739999905, 463985.36239999905], [103997.2809999995, 463982.44000000134], [104059.87200000137, 463666.8920000009], [104196.21510000154, 463693.936999999]]]}, "properties": {"OBJECTID_1": 5, "OBJECTID": 5, "Type_stel": "Drukriolering", "Type": " ", "Voert_af_n": "Woubrugge", "Bmaling_ni": "Woudbrugseweg", "Nr_": "7", "Kern_Nr": "7B", "oude": " ", "naam": " ", "Shape_Leng": 1061.27734014, "Opmerking1": 1, "Layer": "Woudbrugseweg", "Shape_Length": 1061.277340138416, "Shape_Area": 59572.786314581484}}, {"type": "Feature", "id": 6, "geometry": {"type": "Polygon", "coordinates": [[[104042.35269999877, 461838.2921000011], [104028.47580000013, 461831.8887999989], [104014.29839999974, 461826.181499999], [103999.85539999977, 461821.1843000017], [103985.18250000104, 461816.90940000117], [103970.31560000032, 461813.36730000004], [103955.29129999876, 461810.5669], [103940.14669999853, 461808.5148999989], [103924.9189000018, 461807.2164000012], [103909.64550000057, 461806.6746000014], [103894.36400000006, 461806.89079999924], [103876.19959999993, 461807.26680000126], [103858.0335999988, 461806.97940000147], [103839.89009999856, 461806.0289000012], [103821.79349999875, 461804.4167000018], [103803.76779999956, 461802.1447999999], [103785.83709999919, 461799.2162999995], [103768.02529999986, 461795.6352000013], [103750.35599999875, 461791.4061000012], [103732.85300000012, 461786.5348000005], [103715.53950000182, 461781.0276999995], [103698.4384999983, 461774.8920999989], [103692.34459999949, 461772.99280000106], [103686.06569999829, 461771.8440999985], [103679.69399999827, 461771.46290000156], [103673.32299999893, 461771.85489999875], [103667.04610000178, 461773.0142999999], [103660.95540000126, 461774.9241000004], [103655.14029999822, 461777.5562000014], [103649.68600000069, 461780.87209999934], [103644.67269999906, 461784.8229999989], [103637.40249999985, 461791.757100001], [103630.6158999987, 461799.16530000046], [103624.34380000085, 461807.0137999989], [103618.6147999987, 461815.2670000009], [103613.45470000058, 461823.88749999925], [103608.88709999993, 461832.8359000012], [103604.9327000007, 461842.07180000097], [103602.26940000057, 461847.8297000006], [103598.91010000184, 461853.21119999886], [103594.90700000152, 461858.13280000165], [103590.32239999995, 461862.5177000016], [103586.25439999998, 461865.5051999986], [103581.8220999986, 461867.9195000008], [103577.10579999909, 461869.71709999815], [103572.19099999964, 461870.8652999997], [103567.16649999842, 461871.34329999983], [103562.12330000103, 461871.1425999999], [103557.15269999951, 461870.26669999957], [103552.34459999949, 461868.73149999976], [103547.78620000184, 461866.5648000017], [103543.559799999, 461863.80579999834], [103539.74210000038, 461860.50450000167], [103534.11459999904, 461854.42990000173], [103529.03339999914, 461847.8914999999], [103524.53649999946, 461840.93829999864], [103520.6576000005, 461833.622299999], [103517.42579999939, 461825.998300001], [103514.86520000175, 461818.1235000007], [103512.99509999901, 461810.05680000037], [103511.82939999923, 461801.8585000001], [103511.37680000067, 461793.5903000012], [103510.9171999991, 461786.0238999985], [103509.7153000012, 461778.5394000001], [103507.78269999847, 461771.2096000016], [103505.13819999993, 461764.10550000146], [103501.80750000104, 461757.2961000018], [103497.82290000096, 461750.84750000015], [103493.22309999913, 461744.8222000003], [103489.5725999996, 461741.00840000063], [103485.47709999979, 461737.6770000011], [103480.99980000034, 461734.87959999964], [103476.2098999992, 461732.65940000117], [103471.18160000071, 461731.0507000014], [103465.9926000014, 461730.07840000093], [103459.14070000127, 461728.90239999816], [103452.42920000106, 461727.0892000012], [103445.91730000079, 461724.65469999984], [103439.66230000183, 461721.62040000036], [103433.71939999983, 461718.01300000027], [103428.14090000093, 461713.8643000014], [103422.97590000182, 461709.21079999954], [103418.26999999955, 461704.0934999995], [103414.0645999983, 461698.557599999], [103410.39680000022, 461692.6517999992], [103406.67399999872, 461686.76790000126], [103402.32420000061, 461681.3311999999], [103397.40069999918, 461676.4079999998], [103391.9635999985, 461672.05860000104], [103386.07950000092, 461668.33619999886], [103379.82030000165, 461665.2862999998], [103373.26260000095, 461662.94619999826], [103366.48660000041, 461661.3445999995], [103359.57519999892, 461660.5011], [103352.61290000007, 461660.4259000011], [103332.6772999987, 461660.9400999993], [103312.73629999906, 461660.70710000023], [103292.81810000166, 461659.7270999998], [103272.95059999824, 461658.001699999], [103253.16169999912, 461655.5331000015], [103233.47910000011, 461652.3249000013], [103224.99300000072, 461650.9459999986], [103216.4600000009, 461649.89460000023], [103185.21150000021, 461647.0170999989], [103153.9048999995, 461644.8616999984], [103122.55680000037, 461643.4294000007], [103091.18409999833, 461642.72100000083], [103059.80330000073, 461642.73699999973], [103041.99639999866, 461643.2674999982], [103024.21959999949, 461644.4290000014], [103006.49500000104, 461646.2201000005], [102988.84519999847, 461648.6385000013], [102971.2921999991, 461651.6812000014], [102953.85810000077, 461655.34430000186], [102939.71029999852, 461658.97190000117], [102925.77169999853, 461663.3346000016], [102912.08029999956, 461668.4204000011], [102898.67379999906, 461674.2153999992], [102885.5887000002, 461680.70380000025], [102872.86100000143, 461687.86780000106], [102860.52540000156, 461695.68780000135], [102850.44249999896, 461702.90879999846], [102840.81579999998, 461710.7278999984], [102831.68090000004, 461719.11620000005], [102823.07140000165, 461728.0428000018], [102815.01880000159, 461737.4748999998], [102807.55279999971, 461747.37790000066], [102797.32189999893, 461762.5144999996], [102787.74509999901, 461778.0731999986], [102778.83960000053, 461794.0256999992], [102770.62170000002, 461810.3431000002], [102763.1064000018, 461826.9957000017], [102759.8863000013, 461833.6682999991], [102756.05429999903, 461840.0095000006], [102751.64440000057, 461845.9631000012], [102746.69530000165, 461851.47679999843], [102741.25070000067, 461856.50180000067], [102735.35869999975, 461860.99379999936], [102729.07129999995, 461864.91319999844], [102722.44379999861, 461868.2254999988], [102715.53489999846, 461870.90129999816], [102708.40529999882, 461872.9171000011], [102701.11809999868, 461874.25510000065], [102693.73750000075, 461874.90349999815], [102676.39189999923, 461876.00019999966], [102659.11320000142, 461877.875599999], [102641.93629999831, 461880.52600000054], [102624.89589999989, 461883.9459999986], [102608.02650000155, 461888.128800001], [102591.36230000108, 461893.0658], [102574.93679999933, 461898.74709999934], [102558.78350000083, 461905.16110000014], [102551.44139999896, 461908.6693000011], [102544.44680000097, 461912.8271000013], [102537.85680000111, 461917.6004000008], [102531.72549999878, 461922.9501999989], [102526.10310000181, 461928.83249999955], [102521.03579999879, 461935.1992000006], [102516.56500000134, 461941.9979999997], [102512.72740000114, 461949.17339999974], [102509.55440000072, 461956.66640000045], [102507.0720999986, 461964.4156000018], [102489.07349999994, 462032.311999999], [102487.25, 462037.82079999894], [102484.71609999985, 462043.0410999991], [102481.5159999989, 462047.88170000166], [102477.70560000092, 462052.2580999993], [102473.35139999911, 462056.0938999988], [102468.52939999849, 462059.3220999986], [102463.32389999926, 462061.8863000013], [102457.82580000162, 462063.74170000106], [102452.13100000098, 462064.85599999875], [102446.33900000155, 462065.20969999954], [102440.55090000108, 462064.79659999907], [102434.86780000106, 462063.6239], [102429.38899999857, 462061.7120999992], [102424.21009999886, 462059.0945999995], [102419.4215000011, 462055.81709999964], [102415.10689999908, 462051.936900001], [102411.34160000086, 462047.52160000056], [102408.19139999896, 462042.64829999954], [102405.71119999886, 462037.4023000002], [102403.94429999962, 462031.875], [102402.92170000076, 462026.16310000047], [102402.66120000184, 462020.36609999835], [102402.89939999953, 461997.6603000015], [102402.6462999992, 461994.59259999916], [102401.89510000125, 461991.6075000018], [102400.6660999991, 461988.78539999947], [102398.99219999835, 461986.20219999924], [102396.91869999841, 461983.9272999987], [102394.5011, 461982.0219999999], [102391.80460000038, 461980.5375000015], [102388.90170000121, 461979.5137999989], [102385.87049999833, 461978.97839999944], [102382.79250000045, 461978.945700001], [102376.03819999844, 461979.0716000013], [102369.30820000172, 461978.48429999873], [102362.67770000175, 461977.1904999986], [102356.22060000151, 461975.2045999989], [102350.0091000013, 461972.5485999994], [102344.11230000108, 461969.2523000017], [102338.5960999988, 461965.35240000114], [102334.17599999905, 461961.4070999995], [102330.26399999857, 461956.9574000016], [102326.91730000079, 461952.0683999993], [102324.18470000103, 461946.8114], [102322.10619999841, 461941.2631999999], [102320.71200000122, 461935.5047999993], [102320.02259999886, 461929.62029999867], [102318.45560000092, 461920.2115000002], [102317.6537999995, 461910.7069000006], [102317.62249999866, 461901.16849999875], [102318.36169999838, 461891.65879999846], [102319.86679999903, 461882.2399000004], [102322.12790000066, 461872.9734000005], [102325.13010000065, 461863.9197999984], [102328.85379999876, 461855.1383000016], [102333.27479999885, 461846.6864], [102338.36410000175, 461838.6191999987], [102344.08850000054, 461830.9893999994], [102350.41050000116, 461823.8471000008], [102357.28880000114, 461817.2388000004], [102364.67819999903, 461811.2078999989], [102372.15790000185, 461808.99219999835], [102392.78159999847, 461809.6039999984], [102413.41369999945, 461809.42760000005], [102434.02400000021, 461808.4637000002], [102454.58249999955, 461806.71350000054], [102475.05920000002, 461804.17969999835], [102495.42419999838, 461800.8658999987], [102515.64779999852, 461796.77699999884], [102535.70059999824, 461791.9189000018], [102555.55330000073, 461786.29879999906], [102575.17689999938, 461779.9246999994], [102594.5428000018, 461772.8060999997], [102613.6229000017, 461764.95329999924], [102632.38919999823, 461756.3775999993], [102650.81439999864, 461747.0918000005], [102679.1603000015, 461729.9748999998], [102707.11630000174, 461712.22850000113], [102734.66860000044, 461693.86140000075], [102761.80319999903, 461674.88280000165], [102788.50670000166, 461655.30220000073], [102814.76570000127, 461635.12950000167], [102840.56709999964, 461614.374499999], [102865.89790000021, 461593.0478999987], [102890.74549999833, 461571.1601999998], [102915.09750000015, 461548.7223000005], [102938.94159999862, 461525.74549999833], [102962.2659999989, 461502.24120000005], [103039.55200000107, 461478.91099999845], [103078.71609999985, 461447.82719999924], [103096.66299999878, 461459.98319999874], [103115.00200000033, 461471.53869999945], [103133.71319999918, 461482.4814000018], [103152.77600000054, 461492.7993000001], [103172.16970000044, 461502.48099999875], [103191.87299999967, 461511.5159999989], [103211.86430000141, 461519.8944000006], [103232.12170000002, 461527.60709999874], [103252.62319999933, 461534.64550000057], [103273.34629999846, 461541.0020999983], [103303.97789999843, 461549.45369999856], [103334.80169999972, 461557.17540000007], [103365.80009999871, 461564.1629000008], [103396.95580000058, 461570.41220000014], [103428.2511, 461575.9197999984], [103459.66829999909, 461580.6827000007], [103491.18980000168, 461584.6979999989], [103522.79780000076, 461587.9635999985], [103550.89790000021, 461590.87680000067], [103578.91829999909, 461594.4761000015], [103606.8423999995, 461598.75939999893], [103634.65340000018, 461603.72410000116], [103662.33469999954, 461609.36730000004], [103689.86969999969, 461615.68560000136], [103717.24210000038, 461622.6752000004], [103744.4354000017, 461630.33199999854], [103771.43320000172, 461638.6510999985], [104066.77499999851, 461733.6279999986], [104091.19700000063, 461746.5520000011], [104086.933699999, 461744.688000001], [104082.42779999971, 461743.52760000154], [104077.79450000077, 461743.1004000008], [104073.15230000019, 461743.41739999875], [104068.62009999901, 461744.47040000185], [104064.31370000169, 461746.23259999976], [104060.34340000153, 461748.65879999846], [104056.81060000136, 461751.686900001], [104053.80579999834, 461755.23959999904], [104050.10649999976, 461765.16149999946], [104047.03730000183, 461775.2961000018], [104044.61030000076, 461785.60339999944], [104042.8350000009, 461796.0425999984], [104041.7184999995, 461806.57279999927], [104041.26520000026, 461817.1521999985], [104041.47690000013, 461827.7391999997], [104042.35269999877, 461838.2921000011]]]}, "properties": {"OBJECTID_1": 6, "OBJECTID": 6, "Type_stel": "Drukriolering", "Type": " ", "Voert_af_n": "3I", "Bmaling_ni": "Gnephoek", "Nr_": "3", "Kern_Nr": "3J", "oude": "4B", "naam": " ", "Shape_Leng": 4325.84979615, "Opmerking1": 0, "Layer": "Gnephoek", "Shape_Length": 4325.849796149988, "Shape_Area": 262361.9157380278}}, {"type": "Feature", "id": 7, "geometry": {"type": "Polygon", "coordinates": [[[102632.83619999886, 460832.3577999994], [102631.19720000029, 460828.6579999998], [102630.19069999829, 460824.73860000074], [102629.84420000017, 460820.70699999854], [102630.16739999875, 460816.67339999974], [102631.15129999816, 460812.748300001], [102632.76900000125, 460809.03920000046], [102634.97619999945, 460805.64759999886], [102637.71249999851, 460802.6664999984], [102640.90289999917, 460800.1774000004], [102644.46009999886, 460798.2485000007], [102648.28669999912, 460796.932599999], [102652.27789999917, 460796.26579999924], [102656.32449999824, 460796.26630000025], [102660.31549999863, 460796.93400000036], [102664.14180000126, 460798.25079999864], [102667.69860000163, 460800.1805999987], [102686.04839999974, 460814.3502999991], [102703.9188000001, 460829.12000000104], [102721.2901000008, 460844.47360000014], [102738.14330000058, 460860.3942000009], [102754.4600000009, 460876.8643000014], [102770.22210000083, 460893.8658999987], [102785.4123999998, 460911.3801999986], [102800.01419999823, 460929.38809999824], [102814.01139999926, 460947.8698000014], [102827.38879999891, 460966.80490000173], [102872.29899999872, 461032.97569999844], [102916.86470000073, 461099.3792000003], [102935.33570000157, 461123.21350000054], [102954.32600000128, 461146.63610000163], [102973.82649999857, 461169.6356999986], [102993.82770000026, 461192.20120000094], [103014.32009999827, 461214.3216999993], [103035.29349999875, 461235.98640000075], [103056.73809999973, 461257.18510000035], [103078.64330000058, 461277.90729999915], [103100.99870000035, 461298.1431000009], [103123.79329999909, 461317.88280000165], [103139.80359999835, 461331.90349999815], [103162.85379999876, 461347.76619999856], [103183.80889999866, 461361.4186999984], [103204.50160000101, 461374.6656000018], [103221.59149999917, 461385.07250000164], [103242.07019999996, 461398.88379999995], [103260.44559999928, 461411.0916999988], [103270.85390000045, 461417.7052000016], [103282.34849999845, 461423.78510000184], [103301.34789999947, 461433.0493000001], [103320.64110000059, 461441.684799999], [103340.20749999955, 461449.6823000014], [103360.02600000054, 461457.0329999998], [103380.07499999925, 461463.7289999984], [103400.33309999853, 461469.7631999999], [103420.77820000052, 461475.12900000066], [103577.66000000015, 461504.4070000015], [103795.05000000075, 461545.4270000011], [103985.11600000039, 461603.6020000018], [103988.27340000123, 461604.377700001], [103991.2511, 461605.6832000017], [103993.96090000123, 461607.4796999991], [103996.3225999996, 461609.7142000012], [103998.26639999822, 461612.3205000013], [103999.73460000008, 461615.22129999846], [104000.68389999866, 461618.33089999855], [104001.0859999992, 461621.5571999997], [104000.92909999937, 461624.80469999835], [104000.21790000051, 461627.97729999945], [103998.97340000048, 461630.9809000008], [103997.2324000001, 461633.72679999843], [103995.0465000011, 461636.1336000003], [103992.48039999977, 461638.12999999896], [103989.6101000011, 461639.6570000015], [103986.52039999887, 461640.6693999991], [103983.30299999937, 461641.1372000016], [103980.05299999937, 461641.04659999907], [103976.86679999903, 461640.4001000002], [103835.00899999961, 461598.6420000009], [103588.02299999818, 461552.3779999986], [103356.0540000014, 461513.438000001], [103349.51639999822, 461512.39090000093], [103343.09710000083, 461510.7690999992], [103232.88300000131, 461477.6640000008], [103215.14209999889, 461472.5632000007], [103197.61730000004, 461466.7633999996], [103180.33610000089, 461460.27369999886], [103163.32559999824, 461453.1042000018], [103146.6127000004, 461445.26619999856], [103130.22340000048, 461436.7719999999], [103114.183699999, 461427.63500000164], [103098.5186999999, 461417.86950000003], [103083.25299999863, 461407.4908999987], [103068.41059999913, 461396.5155000016], [103054.01480000094, 461384.9604999982], [103040.08819999918, 461372.8440000005], [103026.65269999951, 461360.1851999983], [103013.72949999943, 461347.00389999896], [103001.33889999986, 461333.32090000063], [102851.14900000021, 461160.7109999992], [102632.83619999886, 460832.3577999994]]]}, "properties": {"OBJECTID_1": 7, "OBJECTID": 7, "Type_stel": "Drukriolering", "Type": "Wonen", "Voert_af_n": "1O", "Bmaling_ni": "De Hoorn", "Nr_": "1", "Kern_Nr": "1T", "oude": "1J", "naam": " ", "Shape_Leng": 3401.03436569, "Opmerking1": 0, "Layer": "De Hoorn", "Shape_Length": 3401.034365687736, "Shape_Area": 111831.90226934265}}, {"type": "Feature", "id": 8, "geometry": {"type": "Polygon", "coordinates": [[[102649.6053000018, 460748.67440000176], [102652.3387000002, 460738.03979999945], [102655.46499999985, 460727.51399999857], [102787.01220000163, 460312.9998999983], [102788.84870000184, 460310.21550000086], [102791.08980000019, 460307.74540000036], [102793.68279999867, 460305.64770000055], [102796.56650000066, 460303.97199999914], [102799.67289999872, 460302.75769999996], [102802.92859999835, 460302.03350000083], [102806.25679999962, 460301.8165999986], [102809.57899999991, 460302.11199999973], [103037.5859999992, 460340.2179000005], [103040.31489999965, 460342.3225999996], [103042.68490000069, 460344.8247000016], [103044.6389000006, 460347.6634999998], [103046.12959999964, 460350.7707999982], [103047.12099999934, 460354.07140000165], [103047.58929999918, 460357.48580000177], [103047.52320000157, 460360.931499999], [103046.92419999838, 460364.3253000006], [103043.35209999979, 460376.9558000006], [103039.1988000013, 460389.40729999915], [103034.47320000082, 460401.65309999883], [103012.56060000136, 460453.752700001], [102989.95439999923, 460505.5551000014], [102966.6585999988, 460557.05110000074], [102942.6774000004, 460608.23149999976], [102918.0150000006, 460659.0870000012], [102857.5458999984, 460781.686900001], [102852.17529999837, 460789.556499999], [102847.34750000015, 460797.7703000009], [102843.08439999819, 460806.2908000015], [102839.40529999882, 460815.07930000126], [102836.32710000128, 460824.0958000012], [102834.48050000146, 460828.9112999998], [102831.97199999914, 460833.41739999875], [102828.85170000046, 460837.52369999886], [102825.18239999935, 460841.1477999985], [102821.03770000115, 460844.2170000002], [102816.50079999864, 460846.6695000008], [102811.66290000081, 460848.4563000016], [102806.62099999934, 460849.54129999876], [102797.85159999877, 460850.4354000017], [102789.03889999911, 460850.63540000096], [102780.23800000176, 460850.1398999989], [102771.50349999964, 460848.95219999924], [102762.88980000094, 460847.0795000009], [102754.45059999824, 460844.53350000083], [102746.23840000108, 460841.3302000016], [102738.30420000106, 460837.4893000014], [102730.6975999996, 460833.03489999846], [102723.46590000018, 460827.9946999997], [102716.65399999917, 460822.3999999985], [102655.77109999955, 460768.2351000011], [102653.63870000094, 460766.0221000016], [102651.87049999833, 460763.508200001], [102650.50829999894, 460760.7531999983], [102649.58439999819, 460757.8220000006], [102649.12049999833, 460754.78379999846], [102649.12750000134, 460751.7104000002], [102649.6053000018, 460748.67440000176]]]}, "properties": {"OBJECTID_1": 8, "OBJECTID": 8, "Type_stel": "Gescheiden", "Type": "Bedrijven", "Voert_af_n": "1O", "Bmaling_ni": "Leidse Schouw", "Nr_": "1", "Kern_Nr": "1U", "oude": "1K", "naam": " ", "Shape_Leng": 1489.81276198, "Opmerking1": 0, "Layer": "Leidse Schouw", "Shape_Length": 1489.8127619814393, "Shape_Area": 125435.79866757213}}, {"type": "Feature", "id": 9, "geometry": {"type": "Polygon", "coordinates": [[[103959.73820000142, 463995.6739999987], [103949.6783999987, 463996.7824999988], [103939.56579999998, 463997.1917000003], [103929.44909999892, 463996.8997000009], [103919.37689999864, 463995.90790000185], [103909.3975000009, 463994.22100000083], [103899.55889999866, 463991.8471000008], [103889.90830000117, 463988.79769999906], [103880.49199999869, 463985.08740000054], [103879.24109999835, 463984.56340000033], [103878.08540000021, 463983.85390000045], [103877.05209999904, 463982.9754000008], [103876.16580000147, 463981.94889999926], [103875.44729999825, 463980.7987000011], [103874.91380000114, 463979.5518000014], [103874.57779999822, 463978.23790000007], [103892.79619999975, 463898.8887999989], [103910.27899999917, 463819.374499999], [103927.02479999885, 463739.70169999823], [103926.61290000007, 463733.7195000015], [103925.51880000159, 463727.8238000013], [103923.75699999928, 463722.0920000002], [103921.35060000047, 463716.59970000014], [103918.33130000159, 463711.4189000018], [103914.7386999987, 463706.61780000106], [103910.62009999901, 463702.2595999986], [103906.02969999984, 463698.40150000155], [103901.0278000012, 463695.09420000017], [103895.68019999936, 463692.3812999986], [103890.05710000172, 463690.29850000143], [103848.45419999957, 463681.1704000011], [103806.7190000005, 463672.66739999875], [103764.86089999974, 463664.79129999876], [103722.88949999958, 463657.5439000018], [103680.81399999931, 463650.9268999994], [103638.64409999922, 463644.9417000003], [103596.38910000026, 463639.58960000053], [103592.02230000123, 463638.7309000008], [103587.8350000009, 463637.22349999845], [103583.92289999872, 463635.1019000001], [103580.37550000101, 463632.4147000015], [103577.27380000055, 463629.2232000008], [103574.68890000135, 463625.6004999988], [103572.67980000004, 463621.62950000167], [103571.29250000045, 463617.40089999884], [103570.558699999, 463613.01139999926], [103570.4952000007, 463608.5615000017], [103571.10350000113, 463604.1528999992], [103574.25340000167, 463587.8352999985], [103576.67940000072, 463571.3944000006], [103578.37649999931, 463554.86239999905], [103579.34160000086, 463538.27149999887], [103579.95010000095, 463531.1484999992], [103581.25539999828, 463524.1198000014], [103583.24509999901, 463517.2533], [103585.89970000088, 463510.6154999994], [103589.19370000064, 463504.2707000002], [103593.0951000005, 463498.28020000085], [103597.566300001, 463492.7019999996], [103602.56390000135, 463487.5901999995], [103608.03950000182, 463482.993999999], [103613.94029999897, 463478.95809999853], [103620.20899999887, 463475.52160000056], [103626.78510000184, 463472.7175000012], [103633.60480000079, 463470.5731000006], [103640.60229999945, 463469.10920000076], [103647.70969999954, 463468.33989999816], [103654.85830000043, 463468.27259999886], [103659.33520000055, 463468.1237999983], [103663.74280000106, 463467.3253000006], [103667.98730000108, 463465.89400000125], [103671.97839999944, 463463.8603999987], [103675.63109999895, 463461.26779999956], [103678.86780000106, 463458.17119999975], [103681.61950000003, 463454.6367999986], [103683.82759999856, 463450.7395000011], [103685.44530000165, 463446.5625], [103686.43800000101, 463442.1944999993], [103689.73950000107, 463423.06439999864], [103693.81960000098, 463404.08520000055], [103698.67159999907, 463385.2884000018], [103704.2873999998, 463366.7054999992], [103706.5036999993, 463361.1457999982], [103709.42639999837, 463355.9228999987], [103713.00569999963, 463351.1259999983], [103717.18019999936, 463346.8370999992], [103721.8786999993, 463343.12959999964], [103727.0207999982, 463340.0667999983], [103732.51850000024, 463337.70120000094], [103738.27789999917, 463336.0731000006], [103744.20050000027, 463335.2104999982], [103750.18510000035, 463335.1279999986], [103756.12920000032, 463335.8269999996], [103761.93129999936, 463337.29569999874], [103767.49219999835, 463339.50890000165], [103772.71669999883, 463342.42870000005], [103777.51559999958, 463346.0053000003], [103781.80680000037, 463350.17749999836], [103785.51700000092, 463354.8739], [103788.58260000125, 463360.0142999999], [103790.95129999891, 463365.5106999986], [103792.58260000125, 463371.2692000009], [103793.44849999994, 463377.191300001], [103793.53429999948, 463383.1757999994], [103792.52149999887, 463409.27149999887], [103792.15040000156, 463435.3841999993], [103792.42130000144, 463461.49810000136], [103793.33399999887, 463487.59750000015], [103794.88800000027, 463513.6664999984], [103797.08240000159, 463539.6895000003], [103799.91569999978, 463565.6506999992], [103801.07279999927, 463572.0282999985], [103802.9662999995, 463578.22740000114], [103805.57030000165, 463584.16310000047], [103808.84910000116, 463589.7544], [103812.75809999928, 463594.9248000011], [103817.24370000139, 463599.6037000008], [103822.24469999969, 463603.72729999945], [103827.69280000031, 463607.23900000006], [103833.51339999959, 463610.0909000002], [103839.6270999983, 463612.2441000007], [103845.95010000095, 463613.66910000145], [103973.54600000009, 463634.67709999904], [103979.01990000159, 463635.8440000005], [103984.31109999865, 463637.66860000044], [103989.34070000052, 463640.1239], [103994.03390000015, 463643.17330000177], [103998.32079999894, 463646.77160000056], [104002.13769999892, 463650.86499999836], [104005.42779999971, 463655.39279999956], [104008.14209999889, 463660.2875000015], [104010.24020000175, 463665.47619999945], [104011.69079999998, 463670.8819000013], [104012.47250000015, 463676.42390000075], [104012.57349999994, 463682.0199000016], [104011.99219999835, 463687.58680000156], [103959.73820000142, 463995.6739999987]]]}, "properties": {"OBJECTID_1": 9, "OBJECTID": 9, "Type_stel": "Drukriolering", "Type": " ", "Voert_af_n": "Woubrugge", "Bmaling_ni": "Heimansbuurt", "Nr_": "7", "Kern_Nr": "7C", "oude": " ", "naam": " ", "Shape_Leng": 1951.40701968, "Opmerking1": 1, "Layer": "Heimansbuurt", "Shape_Length": 1951.4070196832442, "Shape_Area": 90622.20747740951}}, {"type": "Feature", "id": 10, "geometry": {"type": "Polygon", "coordinates": [[[106613.58999999985, 460433.7611999996], [106616.24529999867, 460439.4796999991], [106622.27849999815, 460451.46829999983], [106628.95580000058, 460463.11030000076], [106636.2573999986, 460474.37139999866], [106644.16160000116, 460485.2179000005], [106652.64499999955, 460495.61780000106], [106661.68230000138, 460505.5399999991], [106671.24670000002, 460514.9552000016], [106681.30990000069, 460523.8354000002], [106691.84180000052, 460532.1541999988], [106697.1585999988, 460536.5210000016], [106702.04839999974, 460541.3610999994], [106706.46920000017, 460546.6330000013], [106710.38309999928, 460552.29140000045], [106713.75659999996, 460558.2877999991], [106716.56060000136, 460564.570700001], [106718.77100000158, 460571.0861000009], [106720.36899999902, 460577.77809999883], [106693.22610000148, 460718.76410000026], [106691.73800000176, 460724.3905000016], [106689.496199999, 460729.76139999926], [106686.54289999977, 460734.77629999816], [106682.93329999968, 460739.3416999988], [106678.73479999974, 460743.37209999934], [106674.02580000088, 460746.7921999991], [106668.89440000057, 460749.53819999844], [106663.4365000017, 460751.558699999], [106657.75389999896, 460752.81599999964], [106651.95309999958, 460753.28649999946], [106646.14220000058, 460752.9615000002], [106640.4299999997, 460751.84699999914], [106634.92300000042, 460749.96400000155], [106597.22940000147, 460733.8561999984], [106559.73039999977, 460717.30050000176], [106522.43129999936, 460700.2991999984], [106485.33740000054, 460682.8546999991], [106469.66560000181, 460675.7157999985], [106453.74549999833, 460669.1488999985], [106437.59820000082, 460663.16270000115], [106421.24469999969, 460657.7650000006], [106404.70650000125, 460652.9629999995], [106388.00530000031, 460648.7628000006], [106371.16299999878, 460645.17009999976], [106204.8962999992, 460596.8487999998], [106177.9178000018, 460589.2375999987], [106162.11400000006, 460585.69249999896], [106146.1810999997, 460582.7820000015], [106130.14460000023, 460580.5106999986], [106114.03009999916, 460578.8823999986], [106106.30180000141, 460577.92119999975], [106098.68470000103, 460576.2993000001], [106091.23519999906, 460574.0287999995], [106084.00840000063, 460571.12640000135], [106052.9796999991, 460569.24219999835], [106046.21829999983, 460568.65940000117], [106050.23009999841, 460549.41259999946], [106051.52699999884, 460539.48110000044], [106060.33700000122, 460495.81010000035], [106066.55299999937, 460459.8361000009], [106071.14699999988, 460425.2921000011], [106072.5278000012, 460421.4081000015], [106076.5859999992, 460417.6821999997], [106080.89900000021, 460415.5170999989], [106088.30200000107, 460415.3471000008], [106102.93200000003, 460415.60009999946], [106126.13800000027, 460418.87310000136], [106152.67199999839, 460420.40509999916], [106180.64240000024, 460423.97100000083], [106249.93310000002, 460432.7859000005], [106321.51949999854, 460441.88919999823], [106344.4299999997, 460444.8220999986], [106365.85489999875, 460445.70329999924], [106375.0720999986, 460446.98490000144], [106395.39110000059, 460449.15740000084], [106415.77950000018, 460450.53350000083], [106436.2061999999, 460451.11080000177], [106456.63980000094, 460450.88870000094], [106477.04910000041, 460449.86730000004], [106497.40269999951, 460448.0482000001], [106517.66970000044, 460445.4343000017], [106537.8189000003, 460442.02959999815], [106557.81940000132, 460437.8392000012], [106577.64070000127, 460432.8696000017], [106597.25239999965, 460427.1283], [106599.58210000023, 460426.61199999973], [106601.96590000018, 460426.5031999983], [106604.33300000057, 460426.80519999936], [106606.61309999973, 460427.5091000013], [106608.73849999905, 460428.59380000085], [106610.64620000124, 460430.0273000002], [106612.27950000018, 460431.7670000009], [106613.58999999985, 460433.7611999996]]]}, "properties": {"OBJECTID_1": 10, "OBJECTID": 10, "Type_stel": "Drukriolering", "Type": "Wonen", "Voert_af_n": "2H", "Bmaling_ni": "Verlengde Aarkade", "Nr_": "2", "Kern_Nr": "2I", "oude": "2E", "naam": " ", "Shape_Leng": 1720.88910713, "Opmerking1": 0, "Layer": "Verlengde Aarkade", "Shape_Length": 1720.8891071313346, "Shape_Area": 136073.20961756603}}, {"type": "Feature", "id": 11, "geometry": {"type": "Polygon", "coordinates": [[[106521.85940000042, 460700.00560000166], [106540.77800000086, 460708.6618000008], [106362.58999999985, 461143.5540000014], [106165.64070000127, 461074.23690000176], [106139.1015000008, 461148.4759000018], [106087.22260000184, 461132.47370000184], [106022.1667000018, 461109.00250000134], [106015.33249999955, 461102.7954000011], [106005.43349999934, 461093.84430000186], [105944.9263000004, 461072.4274000004], [105912.13769999892, 461057.69249999896], [105900.31830000132, 461044.08949999884], [105896.02829999849, 461023.6545000002], [105896.9662999995, 460999.81650000066], [105902.57129999995, 460974.37849999964], [106042.49109999835, 460612.75189999864], [106044.5203000009, 460607.5075000003], [106046.21829999983, 460568.6673000008], [106052.9796999991, 460569.2501000017], [106084.00840000063, 460571.13430000097], [106091.23519999906, 460574.0366999991], [106098.68470000103, 460576.3071999997], [106106.30180000141, 460577.92909999937], [106114.03009999916, 460578.8902999982], [106130.14460000023, 460580.5185999982], [106146.1810999997, 460582.78990000114], [106162.11400000006, 460585.7003999986], [106177.9178000018, 460589.24549999833], [106193.44260000065, 460593.5533000007], [106371.26889999956, 460645.22089999914], [106388.06819999963, 460648.77859999985], [106404.33339999989, 460652.8691999987], [106420.98730000108, 460657.69029999897], [106437.2771999985, 460663.03269999847], [106453.3574000001, 460669.00499999896], [106469.47179999948, 460675.6057000011], [106484.66829999909, 460682.54989999905], [106521.85940000042, 460700.00560000166]]]}, "properties": {"OBJECTID_1": 11, "OBJECTID": 11, "Type_stel": "Drukriolering", "Type": "Wonen", "Voert_af_n": "2A", "Bmaling_ni": "Sportpark de Bijlen", "Nr_": "2", "Kern_Nr": "2J", "oude": "2D", "naam": " ", "Shape_Leng": 2041.52325505, "Opmerking1": 0, "Layer": "Sportpark de Bijlen", "Shape_Length": 2041.523255051712, "Shape_Area": 251543.4110307519}}, {"type": "Feature", "id": 12, "geometry": {"type": "Polygon", "coordinates": [[[106260.71829999983, 461813.4827999994], [106596.25039999932, 461706.2072999999], [106576.91809999943, 461642.195700001], [106582.73889999837, 461617.3247999996], [106521.9728000015, 461431.19000000134], [106451.77470000088, 461407.7906999998], [106475.07339999825, 461400.7591999993], [106496.56030000001, 461394.4759999998], [106518.17049999908, 461388.63049999997], [106539.89510000125, 461383.2248999998], [106561.7248999998, 461378.2615999989], [106566.95369999856, 461377.5053999983], [106572.23690000176, 461377.4840000011], [106577.47170000151, 461378.19790000096], [106582.55629999936, 461379.633200001], [106587.39169999957, 461381.7619000003], [106591.88399999961, 461384.5425999984], [106595.94559999928, 461387.92130000144], [106599.49780000001, 461391.8321999982], [106602.4712000005, 461396.1992999986], [106604.80820000172, 461400.9376000017], [106606.46319999918, 461405.95490000024], [106607.40410000086, 461411.15370000154], [106608.88190000132, 461421.5047999993], [106611.03029999882, 461431.7377000004], [106613.83999999985, 461441.8090999983], [106617.29930000007, 461451.6763000004], [106621.39339999855, 461461.2974999994], [106626.10489999875, 461470.6317999996], [106643.67300000042, 461502.0282999985], [106661.87449999899, 461533.061900001], [106680.70179999992, 461563.71990000084], [106700.14719999954, 461593.98959999904], [106720.20259999856, 461623.8586000018], [106740.85990000144, 461653.3145999983], [106748.41800000146, 461664.47780000046], [106755.37220000103, 461676.0267999992], [106761.70289999992, 461687.9290000014], [106767.39229999855, 461700.1506999992], [106772.42419999838, 461712.6574999988], [106776.78440000117, 461725.4140000008], [106780.46070000157, 461738.3841999993], [106783.44269999862, 461751.5313999988], [106785.72179999948, 461764.8183999993], [106787.29179999977, 461778.2078000009], [106788.14799999818, 461791.6616999991], [106788.28819999844, 461805.1420000009], [106787.71189999953, 461818.61080000177], [106787.57759999856, 461825.78830000013], [106788.16930000111, 461832.9426999986], [106789.48099999875, 461840.000599999], [106791.49929999933, 461846.88969999924], [106794.20360000059, 461853.5397000015], [106797.56610000134, 461859.88219999894], [106801.5524000004, 461865.8524999991], [106806.12170000002, 461871.3892999999], [106811.22709999979, 461876.4360000007], [106816.81650000066, 461880.9408], [106822.83249999955, 461884.85770000145], [106829.2135999985, 461888.14649999887], [106835.89440000057, 461890.7734999992], [106842.80649999902, 461892.71189999953], [106849.87920000032, 461893.9417999983], [106857.03990000114, 461894.45050000027], [106864.2153000012, 461894.2329999991], [106877.69040000066, 461892.85720000044], [106891.09640000015, 461890.92159999907], [106904.4103000015, 461888.4294999987], [106917.60880000144, 461885.38529999927], [106930.66919999942, 461881.7943000011], [106943.56879999861, 461877.66259999946], [106951.91319999844, 461874.4266999997], [106959.97899999842, 461870.5480999984], [106967.71680000052, 461866.05050000176], [106975.07899999991, 461860.9615000002], [106982.02070000023, 461855.31230000034], [106988.49940000102, 461849.1374000013], [107001.72780000046, 461835.84540000185], [107015.29089999944, 461822.89499999955], [107029.17969999835, 461810.2945000008], [107031.73519999906, 461807.6528999992], [107033.84980000183, 461804.64660000056], [107035.47210000083, 461801.34860000014], [107036.56289999932, 461797.83879999816], [107037.90159999952, 461793.5907999985], [107039.91519999877, 461789.6180000007], [107042.54960000142, 461786.0267000012], [107045.73440000042, 461782.91310000047], [107049.38430000097, 461780.3605000004], [107053.40159999952, 461778.43730000034], [107057.67870000005, 461777.19480000064], [107062.10119999945, 461776.6664999984], [107066.55059999973, 461776.8665000014], [107070.90790000185, 461777.78929999843], [107075.05640000105, 461779.4103000015], [107090.45760000125, 461787.30519999936], [107105.54289999977, 461795.78810000047], [107120.28990000114, 461804.84640000015], [107134.67660000175, 461814.46660000086], [107155.98360000178, 461828.9602999985], [107177.61410000175, 461842.9666999988], [107199.55680000037, 461856.4787000008], [107221.80050000176, 461869.4891999997], [107227.26790000126, 461873.05370000005], [107232.27050000057, 461877.2457000017], [107236.73660000041, 461882.00510000065], [107240.60240000114, 461887.2637999989], [107243.8125, 461892.9464999996], [107246.3209999986, 461898.97199999914], [107248.09200000018, 461905.25389999896], [107249.10000000149, 461911.70230000094], [107249.33080000058, 461918.2248999998], [107249.2714000009, 461935.17449999973], [107249.92330000177, 461952.1116000004], [107251.39970000088, 461983.5733000003], [107252.08520000055, 462015.06230000034], [107251.97949999943, 462046.55849999934], [107251.08260000125, 462078.0421000011], [107249.39499999955, 462109.49329999834], [107246.91789999977, 462140.8920999989], [107243.65269999951, 462172.21880000085], [107239.60159999877, 462203.4536000006], [107234.76709999889, 462234.57669999823], [107229.1521999985, 462265.56859999895], [107228.5636, 462270.4404999986], [107228.67579999939, 462275.34650000185], [107229.48649999872, 462280.1864], [107230.97910000011, 462284.8612000011], [107233.12319999933, 462289.27540000156], [107235.87480000034, 462293.3387000002], [107239.17779999971, 462296.9679999985], [107242.96460000053, 462300.0892000012], [107247.15790000185, 462302.6383999996], [107251.67179999873, 462304.5634999983], [107256.41420000046, 462305.8253000006], [107260.40949999914, 462306.9145000018], [107264.18829999864, 462308.6086000018], [107267.65949999914, 462310.866799999], [107270.73959999904, 462313.63489999995], [107273.35449999943, 462316.8460999988], [107275.44110000134, 462320.4230999984], [107276.94929999858, 462324.2798999995], [107277.84270000085, 462328.32349999994], [107278.0998999998, 462332.4567999989], [107274.79800000042, 462545.13599999994], [107274.50090000033, 462548.27380000055], [107273.71449999884, 462551.3260000013], [107272.4582999982, 462554.2166999988], [107270.76370000094, 462556.87420000136], [107268.6726000011, 462559.2325000018], [107266.23690000176, 462561.2329000011], [107263.51720000058, 462562.8258999996], [107260.5810999982, 462563.9717999995], [107257.50129999965, 462564.64229999855], [107254.35449999943, 462564.8205000013], [107231.47630000114, 462563.9499000013], [107208.63690000027, 462562.3590000011], [107185.85889999941, 462560.0491999984], [107163.1651000008, 462557.0229000002], [107140.57779999822, 462553.2831000015], [107118.11960000172, 462548.8335000016], [107095.81269999966, 462543.67859999835], [107073.67929999903, 462537.82339999825], [107051.74139999971, 462531.27369999886], [107030.02070000023, 462524.03610000014], [107008.53880000114, 462516.11780000106], [106987.28119999915, 462507.5403999984], [106966.28339999914, 462498.3454999998], [106945.56309999898, 462488.54100000113], [106925.13819999993, 462478.13540000096], [106905.02600000054, 462467.1372999996], [106885.24379999936, 462455.55640000105], [106865.80829999968, 462443.40239999816], [106846.73629999906, 462430.68569999933], [106828.04399999976, 462417.4171000011], [106819.06850000098, 462411.33850000054], [106809.67240000144, 462405.93279999867], [106799.9059999995, 462401.2291000001], [106789.82149999961, 462397.25250000134], [106721.8574000001, 462373.54740000144], [106653.73360000178, 462350.30519999936], [106585.45320000127, 462327.52699999884], [106517.01940000057, 462305.21379999816], [106503.4908999987, 462301.1884999983], [106489.79439999908, 462297.7782000005], [106475.95789999887, 462294.98970000073], [106462.0095999986, 462292.8288999982], [106447.97800000012, 462291.3000999987], [106433.8916000016, 462290.4065000005], [106419.77930000052, 462290.14979999885], [106403.91580000147, 462290.5502999984], [106388.0828000009, 462291.6116999984], [106372.30779999867, 462293.3319000006], [106356.61820000038, 462295.7082000002], [106341.04129999876, 462298.7362000011], [106325.60410000011, 462302.4109000005], [106310.33350000158, 462306.72569999844], [106290.6697999984, 462312.5152999982], [106270.8957999982, 462317.91519999877], [106166.55700000003, 462345.3029999994], [105891.28200000152, 462417.55999999866], [105527.64400000125, 462538.9829999991], [105395.75519999862, 462589.78810000047], [105388.99069999903, 462565.33900000155], [105381.37070000172, 462524.69889999926], [105355.81509999931, 462468.2512000017], [105341.84499999881, 462417.45109999925], [105334.22500000149, 462371.73099999875], [105334.22500000149, 462342.5208999999], [105329.14499999955, 462291.7208000012], [105313.51190000027, 462249.8396999985], [105305.92220000178, 462229.5069000013], [105293.17700000107, 462195.36250000075], [105167.30490000173, 462223.3275000006], [105108.33040000126, 462223.3275000006], [105080.4814000018, 461961.11609999835], [105120.14299999923, 461978.7490000017], [105223.87999999896, 461950.506000001], [105357.19900000095, 461940.1180000007], [105362.60799999908, 461937.2426000014], [105367.62840000167, 461933.7325000018], [105372.18620000035, 461929.6396000013], [105376.21409999952, 461925.02419999987], [105379.65260000154, 461919.9545999989], [105382.45109999925, 461914.5053999983], [105384.56819999963, 461908.757100001], [105385.97269999981, 461902.7945000008], [105386.64389999956, 461896.7056000009], [105387.43710000068, 461888.2474000007], [105388.97899999842, 461879.8931000009], [105391.25730000064, 461871.70899999887], [105394.25420000032, 461863.75979999825], [105397.94570000097, 461856.1085000001], [105402.30270000175, 461848.8156000003], [105407.29080000147, 461841.93879999965], [105412.87040000036, 461835.5326000005], [105431.59800000116, 461815.4107999988], [105449.85720000044, 461794.86300000176], [105467.63819999993, 461773.8999999985], [105473.42300000042, 461767.4400999993], [105479.68609999865, 461761.4426999986], [105486.39059999958, 461755.9433000013], [105493.49709999934, 461750.97410000116], [105500.9635999985, 461746.5645000003], [105543.19799999893, 461732.0203999989], [105532.29179999977, 461690.5843999982], [105612.54800000042, 461664.08300000057], [105631.36190000176, 461650.13439999893], [105635.95479999855, 461648.4037999995], [105804.08069999889, 461599.90370000154], [105866.63049999997, 461581.6517999992], [105919.44040000066, 461752.6990999989], [106154.80860000104, 461686.24219999835], [106230.5709999986, 461904.8420000002], [106293.52899999917, 461888.4780000001], [106260.71829999983, 461813.4827999994]]]}, "properties": {"OBJECTID_1": 12, "OBJECTID": 12, "Type_stel": "Gescheiden", "Type": " ", "Voert_af_n": "RWZI AN", "Bmaling_ni": "Ridderveld I-oost", "Nr_": "3", "Kern_Nr": "3A", "oude": "3A", "naam": "Alphen Noord", "Shape_Leng": 7233.7895362, "Opmerking1": 10, "Layer": "Ridderveld I-oost", "Shape_Length": 7233.789536195377, "Shape_Area": 1391138.0813708133}}, {"type": "Feature", "id": 13, "geometry": {"type": "Polygon", "coordinates": [[[107333.17009999976, 462924.37750000134], [107335.77470000088, 462925.83689999953], [107338.56760000065, 462926.89240000024], [107341.48640000075, 462927.5201999992], [107344.46620000154, 462927.7065999992], [107347.44079999998, 462927.4472000003], [107436.38300000131, 462912.94200000167], [107446.27169999853, 462911.6477999985], [107456.22239999846, 462910.97949999943], [107466.19530000165, 462910.9397], [107476.15100000054, 462911.52859999985], [107486.04969999939, 462912.74390000105], [107495.85220000148, 462914.5806000009], [107505.51940000057, 462917.0315000005], [107515.01289999858, 462920.08689999953], [107519.68950000033, 462922.1396000013], [107524.03020000085, 462924.83089999855], [107527.94830000028, 462928.1070000008], [107531.36569999903, 462931.90249999985], [107534.21409999952, 462936.14169999957], [107536.43679999933, 462940.74010000005], [107537.98919999972, 462945.6057000011], [107540.2089000009, 462956.43189999834], [107541.64559999853, 462967.3894000016], [107542.29190000147, 462978.4219000004], [107542.14449999854, 462989.4723000005], [107541.20419999957, 463000.4836000018], [107539.47569999844, 463011.3988999985], [107536.96799999848, 463022.1620000005], [107534.80090000108, 463028.69029999897], [107531.92179999873, 463034.93730000034], [107528.36639999971, 463040.8256999999], [107524.17859999835, 463046.2826000005], [107519.4103000015, 463051.24020000175], [107514.12070000172, 463055.6372999996], [107508.37519999966, 463059.4193999991], [107500.90749999881, 463063.3487999998], [107493.13560000062, 463066.6358000003], [107485.11470000073, 463069.25730000064], [107476.90170000121, 463071.194600001], [107468.55480000004, 463072.43389999866], [107460.13320000097, 463072.96660000086], [107451.69669999927, 463072.78869999945], [107443.3049999997, 463071.9015999995], [107435.01779999956, 463070.3115000017], [107426.8936999999, 463068.02980000153], [107418.9904000014, 463065.0725999996], [107411.36400000006, 463061.4609000012], [107395.7976000011, 463052.84860000014], [107380.60539999977, 463043.59219999984], [107365.81399999931, 463033.7078999989], [107361.95279999822, 463031.4149999991], [107357.79509999976, 463029.7177999988], [107353.43219999969, 463028.65359999985], [107348.9600000009, 463028.2459000014], [107344.47659999877, 463028.50349999964], [107340.08049999923, 463029.42080000043], [107305.2162999995, 463039.08370000124], [107270.17489999905, 463048.08249999955], [107234.96880000085, 463056.4140000008], [107199.61070000008, 463064.0751999989], [107164.11349999905, 463071.0632000007], [107128.48999999836, 463077.3757000007], [107092.75290000066, 463083.0102000013], [107082.66250000149, 463084.8742999993], [107072.7314000018, 463087.45540000126], [107063.01029999927, 463090.74020000175], [107053.54899999872, 463094.7120999992], [107044.39620000124, 463099.3504999988], [107035.59860000014, 463104.6317999996], [107027.20129999891, 463110.5289000012], [107019.247299999, 463117.0115999989], [107011.77749999985, 463124.04659999907], [107004.82999999821, 463131.59789999947], [106999.00970000029, 463138.7248999998], [106993.52549999952, 463146.11360000074], [106988.38919999823, 463153.74819999933], [106984.62579999864, 463158.8942999989], [106980.25120000169, 463163.5320000015], [106975.33350000158, 463167.5892000012], [106969.94909999892, 463171.0029999986], [106964.18180000037, 463173.7201000005], [106958.121199999, 463175.69849999994], [106951.86149999872, 463176.9072000012], [106945.5, 463177.32759999856], [106939.29199999943, 463177.1862999983], [106933.10020000115, 463176.71819999814], [106928.53489999846, 463175.9717000015], [106924.09270000085, 463174.6816000007], [106919.83779999986, 463172.86659999937], [106915.83210000023, 463170.5529999994], [106912.13369999826, 463167.77439999953], [106908.79630000144, 463164.57129999995], [106904.13019999862, 463160.0654999986], [106898.98009999841, 463156.12209999934], [106893.41319999844, 463152.7927000001], [106887.50259999931, 463150.1209000014], [106881.32539999858, 463148.14169999957], [106874.96269999817, 463146.8808999993], [106868.49760000035, 463146.35500000045], [106862.01469999924, 463146.5709999986], [106855.5989000015, 463147.5260999985], [106849.33419999853, 463149.20760000125], [106843.30249999836, 463151.5936000012], [106837.5828000009, 463154.6528999992], [106832.2498999983, 463158.3454999998], [106827.37370000035, 463162.6229999997], [106823.01790000126, 463167.4294000007], [106815.21420000121, 463176.48580000177], [106806.84380000085, 463185.02120000124], [106797.941300001, 463193], [106788.54360000044, 463200.3892999999], [106778.68980000168, 463207.1583000012], [106768.42080000043, 463213.27910000086], [106759.42929999903, 463217.91259999946], [106750.18070000038, 463222.00890000165], [106740.70699999854, 463225.5535000004], [106731.0410999991, 463228.53440000117], [106721.2164000012, 463230.94099999964], [106711.26709999889, 463232.76509999856], [106701.22769999877, 463234.00030000135], [106684.23860000074, 463235.85269999877], [106667.31569999829, 463238.23519999906], [106650.47549999878, 463241.14559999853], [106645.05579999834, 463241.7655999996], [106639.60339999944, 463241.59219999984], [106634.2340000011, 463240.6290999986], [106629.0614, 463238.89660000056], [106624.19509999827, 463236.43140000105], [106619.73829999939, 463233.2857999988], [106611.55640000105, 463226.10880000144], [106603.85979999974, 463218.41369999945], [106596.6810999997, 463210.2333999984], [106590.05079999939, 463201.6024999991], [106583.997299999, 463192.55779999867], [106581.85009999946, 463189.6939000003], [106579.24370000139, 463187.2404000014], [106576.25539999828, 463185.27010000125], [106572.97360000014, 463183.84109999985], [106569.49540000036, 463182.9957999997], [106565.92370000109, 463182.7591999993], [106562.36439999938, 463183.1383000016], [106558.92280000076, 463184.1220000014], [106555.70069999993, 463185.6810000017], [106552.79349999875, 463187.7692000009], [106550.28730000183, 463190.3249000013], [106548.25629999861, 463193.27230000123], [106542.4354000017, 463204.26689999923], [106537.29140000045, 463215.5940999985], [106532.84319999814, 463227.2120000012], [106529.10709999874, 463239.07820000127], [106526.09690000117, 463251.1488999985], [106524.3964000009, 463257.48420000076], [106522.09479999915, 463263.626699999], [106519.21319999918, 463269.51949999854], [106515.77849999815, 463275.1079000011], [106511.82250000164, 463280.3403000012], [106507.38170000166, 463285.16800000146], [106502.497299999, 463289.5465000011], [106497.21460000053, 463293.43510000035], [106490.87959999964, 463297.2397999987], [106484.22470000014, 463300.45230000094], [106477.3051000014, 463303.0461000018], [106470.17830000073, 463304.9996000007], [106462.90320000052, 463306.2965000011], [106424.53649999946, 463311.01999999955], [106386.09600000083, 463315.1004000008], [106347.59259999916, 463318.53660000116], [106309.03700000048, 463321.32759999856], [106270.440200001, 463323.47260000184], [106241.92220000178, 463325.19779999927], [106213.46009999886, 463327.6794999987], [106185.07400000095, 463330.91600000113], [106156.78379999846, 463334.9050000012], [106139.44399999827, 463337.81870000064], [106122.18659999967, 463341.1864], [106105.02360000089, 463345.0058000013], [106087.96669999883, 463349.27439999953], [106082.34360000119, 463351.0978000015], [106076.95580000058, 463353.53009999916], [106071.86910000071, 463356.5416000001], [106067.14539999887, 463360.0956000015], [106062.84230000153, 463364.14880000055], [106059.01240000129, 463368.6515999995], [106055.70230000094, 463373.5493000001], [106052.95230000094, 463378.7820000015], [106050.79610000178, 463384.28610000014], [106048.10590000078, 463391.3328000009], [106044.77230000123, 463398.0987999998], [106040.82420000061, 463404.5256999992], [106036.29580000043, 463410.5577000007], [106031.22619999945, 463416.1425999999], [106025.65940000117, 463421.23209999874], [106019.6435999982, 463425.7820999995], [106013.23090000078, 463429.7531000003], [106006.47679999843, 463433.11080000177], [105999.43980000168, 463435.82609999925], [105992.18079999834, 463437.875500001], [105980.02059999853, 463440.3687000014], [105967.74570000172, 463442.21660000086], [105955.39039999992, 463443.41420000046], [105942.98910000175, 463443.95809999853], [105930.5764000006, 463443.8467999995], [105918.18679999933, 463443.0806999989], [105905.26689999923, 463441.5637000017], [105892.45540000126, 463439.30739999935], [105879.79459999874, 463436.31920000166], [105867.32629999891, 463432.6090000011], [105855.09149999917, 463428.189100001], [105843.13069999963, 463423.07400000095], [105830.2424999997, 463417.5179999992], [105817.08460000157, 463412.63489999995], [105803.69209999964, 463408.4376000017], [105790.10080000013, 463404.9373999983], [105776.34690000117, 463402.1435999982], [105762.46709999815, 463400.0637000017], [105748.49839999899, 463398.7030999996], [105734.47810000181, 463398.0656000003], [105719.43989999965, 463398.1074000001], [105704.41869999841, 463398.82239999995], [105689.44449999928, 463400.20910000056], [105684.90689999983, 463401.04580000043], [105680.5234999992, 463402.48640000075], [105676.37420000136, 463404.50459999964], [105672.53489999846, 463407.0636], [105669.07539999858, 463410.116799999], [105666.05900000036, 463413.60830000043], [105663.54069999978, 463417.4745000005], [105661.56650000066, 463421.6449000016], [105657.65060000122, 463432.60649999976], [105654.4310999997, 463443.79250000045], [105651.92069999874, 463455.1585999988], [105650.12939999998, 463466.66000000015], [105649.0951000005, 463472.01260000095], [105647.34690000117, 463477.1761999987], [105644.9167000018, 463482.0560999997], [105641.84910000116, 463486.56269999966], [105638.20050000027, 463490.6132999994], [105634.03790000081, 463494.1334999986], [105629.4376000017, 463497.058699999], [105624.48409999907, 463499.3352999985], [105619.26839999855, 463500.92130000144], [105613.88610000163, 463501.78770000115], [105608.43609999865, 463501.9186999984], [105603.01850000024, 463501.31170000136], [105597.73259999976, 463499.9780000001], [105592.67550000176, 463497.94200000167], [105587.94000000134, 463495.2410000004], [105583.73319999874, 463492.0214000009], [105579.99480000138, 463488.2679999992], [105576.79230000079, 463484.0480999984], [105574.18299999833, 463479.43780000135], [105572.21400000155, 463474.5197999999], [105568.26689999923, 463461.246199999], [105564.97980000079, 463447.7939000018], [105562.36080000177, 463434.19579999894], [105560.4160999991, 463420.4849999994], [105559.15060000122, 463406.6948999986], [105558.56740000099, 463392.85909999907], [105558.6678000018, 463379.01150000095], [105559.45169999823, 463365.18560000136], [105560.91699999943, 463351.41530000046], [105563.06030000001, 463337.73409999907], [105565.87629999965, 463324.17540000007], [105569.35810000077, 463310.77230000123], [105571.09420000017, 463306.1453999989], [105573.54630000144, 463301.8548000008], [105576.65150000155, 463298.01040000096], [105580.33029999956, 463294.7105999999], [105584.48849999905, 463292.0401000008], [105589.01940000057, 463290.06720000133], [105593.80710000172, 463288.8425000012], [105598.72890000045, 463288.39730000123], [105603.6585999988, 463288.7430999987], [105608.46999999881, 463289.87099999934], [105613.03990000114, 463291.7520999983], [105617.2509999983, 463294.3381999992], [105630.38300000131, 463303.69790000096], [105643.7287000008, 463312.75019999966], [105657.2809999995, 463321.49020000175], [105665.79520000145, 463326.374499999], [105674.67550000176, 463330.5566000007], [105683.86389999837, 463334.0091999993], [105693.30079999939, 463336.71009999886], [105702.92469999939, 463338.6413999982], [105712.67289999872, 463339.7906999998], [105722.48209999874, 463340.1504999995], [105732.28830000013, 463339.7184999995], [105742.0278000012, 463338.4974000007], [105751.63720000163, 463336.4952000007], [105792.39990000054, 463326.00450000167], [105833.0309999995, 463315.01509999856], [105873.52430000156, 463303.5284000002], [105879.33469999954, 463301.47399999946], [105884.87180000171, 463298.7681999989], [105890.06300000101, 463295.4466999993], [105894.84010000154, 463291.55310000107], [105899.14029999822, 463287.1385000013], [105902.90720000118, 463282.2608000003], [105906.0912999995, 463276.98420000076], [105908.65069999918, 463271.3779999986], [105910.55200000107, 463265.51570000127], [105912.61609999835, 463259.10709999874], [105915.37519999966, 463252.96559999883], [105918.79560000077, 463247.16629999876], [105922.83529999852, 463241.78009999916], [105927.4450000003, 463236.8729000017], [105932.56839999929, 463232.50459999964], [105936.01610000059, 463230.2553000003], [105939.75299999863, 463228.52849999815], [105943.70050000027, 463227.36080000177], [105947.77540000156, 463226.7765999995], [105951.89200000092, 463226.7884000018], [105955.96379999816, 463227.3958999999], [106153.11100000143, 463175.3779999986], [106288.21200000122, 463135.36499999836], [106298.55759999901, 463132.67339999974], [106309.05990000069, 463130.6788999997], [106319.67199999839, 463129.3903999999], [106330.34650000185, 463128.8136], [106341.03559999913, 463128.95109999925], [106351.69170000032, 463129.8024000004], [106362.26709999889, 463131.36349999905], [106373.68499999866, 463133.1453999989], [106385.17810000107, 463134.3504999988], [106396.71719999984, 463134.97580000013], [106408.27320000157, 463135.0196999982], [106419.81679999828, 463134.4820000008], [106431.31870000064, 463133.3641999997], [106442.7452000007, 463131.6286999993], [106454.0533999987, 463129.2410000004], [106465.2060999982, 463126.20899999887], [106476.1667000018, 463122.5428000018], [106486.89909999818, 463118.2542000003], [106497.36809999868, 463113.3575000018], [106506.10029999912, 463109.317400001], [106515.07899999991, 463105.8594000004], [106524.26529999822, 463102.998399999], [106533.61969999969, 463100.7468000017], [106543.10170000046, 463099.1143000014], [106570.92720000073, 463094.8865999989], [106598.63210000098, 463089.9294999987], [106626.19720000029, 463084.24650000036], [106653.60350000113, 463077.8414000012], [106680.83210000023, 463070.7186000012], [106707.86430000141, 463062.8830999993], [106734.68129999936, 463054.3403999992], [106761.26469999924, 463045.0960999988], [106763.62269999832, 463044.0278999992], [106765.7873999998, 463042.60819999874], [106767.70670000091, 463040.87099999934], [106769.33460000157, 463038.85810000077], [106770.63190000132, 463036.617899999], [106771.56749999896, 463034.20419999957], [106772.11890000105, 463031.67489999905], [106772.27290000021, 463029.0907999985], [106772.58700000122, 463024.5069000013], [106773.68499999866, 463020.0454000011], [106775.53409999982, 463015.83940000087], [106778.07919999957, 463012.01410000026], [106781.24450000003, 463008.6838000007], [106784.93549999967, 463005.9475999996], [106789.0421999991, 463003.88709999993], [106793.44209999964, 463002.56390000135], [106798.00409999862, 463002.01740000024], [106802.59200000018, 463002.2637999989], [106807.06920000166, 463003.29580000043], [106811.30209999904, 463005.0826999992], [106820.00840000063, 463009.2751000002], [106829.00169999897, 463012.80999999866], [106838.23250000179, 463015.66789999977], [106847.64979999885, 463017.8332000002], [106857.20190000162, 463019.2938000001], [106866.8359999992, 463020.0417999998], [106876.4990000017, 463020.0729999989], [106886.13769999892, 463019.3872000016], [106895.69900000095, 463017.9882000014], [106905.13010000065, 463015.88369999826], [106914.37909999862, 463013.0854000002], [106943.34329999983, 463003.49859999865], [106972.51669999957, 462994.5683000013], [107001.88419999927, 462986.29890000075], [107031.43090000004, 462978.69480000064], [107061.14180000126, 462971.75979999825], [107091.00169999897, 462965.4974000007], [107120.99540000036, 462959.9107999988], [107129.97540000081, 462958.0122999996], [107138.79820000008, 462955.4816999994], [107147.41939999908, 462952.3319000006], [107155.79540000111, 462948.57869999856], [107163.88419999927, 462944.2408999987], [107171.64510000125, 462939.34050000086], [107179.03880000114, 462933.90199999884], [107186.75470000133, 462928.21449999884], [107194.84389999881, 462923.0720999986], [107203.26819999889, 462918.4990000017], [107211.98739999905, 462914.5170999989], [107220.96020000055, 462911.1451999992], [107230.14400000125, 462908.39939999953], [107239.49509999901, 462906.2927000001], [107248.96909999847, 462904.83509999886], [107258.52100000158, 462904.0335999988], [107268.10539999977, 462903.89189999923], [107276.36320000142, 462904.33779999986], [107284.57110000029, 462905.3478000015], [107292.69060000032, 462906.9171999991], [107300.683699999, 462909.03869999945], [107308.51280000061, 462911.7023999989], [107316.14130000025, 462914.89559999853], [107324.83920000121, 462919.30700000003], [107333.17009999976, 462924.37750000134]]]}, "properties": {"OBJECTID_1": 13, "OBJECTID": 13, "Type_stel": "Drukriolering", "Type": " ", "Voert_af_n": "3M", "Bmaling_ni": "Ridderbuurt", "Nr_": "3", "Kern_Nr": "3L", "oude": "3J", "naam": " ", "Shape_Leng": 4666.22062128, "Opmerking1": 0, "Layer": "Ridderbuurt", "Shape_Length": 4666.220621280168, "Shape_Area": 297154.9533956405}}, {"type": "Feature", "id": 14, "geometry": {"type": "Polygon", "coordinates": [[[105792.08579999954, 458824.6704999991], [105694.71889999881, 458876.5289000012], [105625.92709999904, 458927.3289999999], [105571.95199999958, 458984.4792000018], [105550.56329999864, 459008.33570000157], [105545.29019999877, 459004.7723999992], [105528.62200000137, 458992.5520000011], [105582.74610000104, 458890.6598000005], [105592.2890000008, 458871.88109999895], [105601.14519999921, 458852.7690999992], [105609.30299999937, 458833.3487999998], [105616.75180000067, 458813.6457000002], [105623.48169999942, 458793.68560000136], [105629.48409999907, 458773.4948000014], [105634.75090000033, 458753.09970000014], [105639.27519999817, 458732.5271999985], [105643.0511999987, 458711.804299999], [105646.0738000013, 458690.9582000002], [105648.33900000155, 458670.01619999856], [105649.8440000005, 458649.0058999993], [105650.58669999987, 458627.95490000024], [105650.5661999993, 458606.89079999924], [105649.78240000084, 458585.84120000154], [105648.23649999872, 458564.8339000009], [105645.93039999902, 458543.8964000009], [105642.86710000038, 458523.0562000014], [105639.05079999939, 458502.3407000005], [105634.48629999906, 458481.77699999884], [105629.17969999835, 458461.39229999855], [105623.13800000027, 458441.2131999992], [105616.36919999868, 458421.26630000025], [105608.88199999928, 458401.57770000026], [105600.68629999831, 458382.17339999974], [105591.79289999977, 458363.07869999856], [105582.21319999918, 458344.3189000003], [105882.18600000069, 458380.68400000036], [106012.99109999835, 458733.3643999994], [105962.47780000046, 458749.52870000154], [105898.97769999877, 458773.87040000036], [105887.17309999838, 458779.48050000146], [105832.70459999889, 458626.4545000009], [105734.49100000039, 458664.5546000004], [105792.08579999954, 458824.6704999991]]]}, "properties": {"OBJECTID_1": 14, "OBJECTID": 14, "Type_stel": "Gescheiden", "Type": "Bedrijven", "Voert_af_n": "1I", "Bmaling_ni": "De Schans zuid", "Nr_": "1", "Kern_Nr": "1J", "oude": "1C/02", "naam": " ", "Shape_Leng": 2267.993785, "Opmerking1": 0, "Layer": "De Schans zuid", "Shape_Length": 2267.9937850015535, "Shape_Area": 136171.4813294294}}, {"type": "Feature", "id": 15, "geometry": {"type": "Polygon", "coordinates": [[[105124.34580000117, 459884.37579999864], [105123.23570000008, 459883.92660000175], [105122.06760000065, 459883.66429999843], [105120.872299999, 459883.5956000015], [105119.68169999868, 459883.7221999988], [105118.52760000154, 459884.04089999944], [105117.44069999829, 459884.54300000146], [105116.44999999925, 459885.2153000012], [105115.58190000057, 459886.03990000114], [105114.85949999839, 459886.9946000017], [105114.30209999904, 459888.05420000106], [105113.92449999973, 459889.19040000066], [105113.73669999838, 459890.3729000017], [105113.74379999936, 459891.57009999827], [105113.75219999999, 459892.6748000011], [105113.58430000022, 459893.76669999957], [105113.24430000037, 459894.8178999983], [105112.74109999835, 459895.8013000004], [105112.08740000054, 459896.6919], [105111.30000000075, 459897.4668000005], [105110.39919999987, 459898.1063000001], [105109.40780000016, 459898.59380000085], [105108.35139999911, 459898.91699999943], [105107.25699999928, 459899.06749999896], [105106.1528000012, 459899.0417999998], [105081.77699999884, 459896.5080000013], [105080.5634999983, 459896.0051999986], [105079.44379999861, 459895.318500001], [105078.44550000131, 459894.4648000002], [105077.59329999983, 459893.4653000012], [105076.90810000151, 459892.3445999995], [105076.40700000152, 459891.13049999997], [105076.10229999945, 459889.85280000046], [105076.00160000101, 459888.5430999994], [105076.10709999874, 459887.2338999994], [105079.53700000048, 459865.8720000014], [105080.43360000104, 459862.2729999982], [105081.89020000026, 459858.86190000176], [105083.86969999969, 459855.7252999991], [105086.32200000063, 459852.9426999986], [105089.18490000069, 459850.58469999954], [105092.38580000028, 459848.7109000012], [105095.84360000119, 459847.368999999], [105103.20969999954, 459844.76579999924], [105110.28429999948, 459841.4510000013], [105116.99859999865, 459837.4567000009], [105121.7837000005, 459834.74920000136], [105126.90370000154, 459832.7459000014], [105132.25560000166, 459831.4871000014], [105137.73180000111, 459830.99819999933], [105143.22199999914, 459831.2890000008], [105343.56399999931, 459856.23699999973], [105334.71499999985, 459911.7820000015], [105124.34580000117, 459884.37579999864]]]}, "properties": {"OBJECTID_1": 15, "OBJECTID": 15, "Type_stel": "Gemengd", "Type": "Wonen", "Voert_af_n": "1A", "Bmaling_ni": "Oranjestraat", "Nr_": "1", "Kern_Nr": "1E", "oude": "1L", "naam": " ", "Shape_Leng": 632.85334389, "Opmerking1": 0, "Layer": "Oranjestraat", "Shape_Length": 632.8533438897365, "Shape_Area": 14271.313113398097}}, {"type": "Feature", "id": 16, "geometry": {"type": "Polygon", "coordinates": [[[106199.95109999925, 459289.01900000125], [106261.7212000005, 459384.71880000085], [106263.89609999955, 459388.814199999], [106265.34580000117, 459393.2190000005], [106266.0287999995, 459397.8055999987], [106265.92399999872, 459402.4523999989], [106265.03570000082, 459407.0031000003], [106263.39009999856, 459411.3350000009], [106261.03799999878, 459415.32339999825], [106258.04030000046, 459418.8614999987], [106254.48690000176, 459421.8409000002], [106236.98779999837, 459433.86879999936], [106219.24029999971, 459445.52690000087], [106201.2520999983, 459456.8101999983], [106196.87570000067, 459459.04989999905], [106192.20839999989, 459460.5945000015], [106187.35990000144, 459461.4076000005], [106182.44399999827, 459461.4701000005], [106177.5764000006, 459460.78069999814], [106172.8713000007, 459459.35539999977], [106168.43930000067, 459457.22780000046], [106164.3845999986, 459454.44790000096], [106151.47250000015, 459443.55480000004], [106139.07690000162, 459432.0775000006], [106127.22410000116, 459420.0405000001], [106115.93939999864, 459407.4693999998], [106105.24670000002, 459394.39090000093], [106095.1689000018, 459380.83300000057], [106085.72740000114, 459366.82449999824], [106076.94240000099, 459352.3953000009], [106071.4486999996, 459343.30590000004], [106065.59860000014, 459334.4415999986], [106063.44570000097, 459330.84699999914], [106061.7659999989, 459327.00840000063], [106060.58669999987, 459322.98790000007], [106059.92660000175, 459318.85020000115], [106059.87009999901, 459315.57930000126], [106060.31819999963, 459312.33879999816], [106061.2602000013, 459309.20600000024], [106062.6735999994, 459306.25569999963], [106064.52459999919, 459303.5582999997], [106066.76909999922, 459301.1783999987], [106069.35350000113, 459299.17269999906], [106072.21599999815, 459297.58900000155], [106153.43499999866, 459277.54089999944], [106160.32079999894, 459276.22150000185], [106167.30710000172, 459275.6341000013], [106174.31659999862, 459275.78510000184], [106179.20399999991, 459276.4803000018], [106183.95470000058, 459277.82279999927], [106188.48319999874, 459279.7884000018], [106192.70820000023, 459282.3418000005], [106196.55389999971, 459285.43719999865], [106199.95109999925, 459289.01900000125]]]}, "properties": {"OBJECTID_1": 16, "OBJECTID": 16, "Type_stel": "Drukriolering", "Type": "Wonen", "Voert_af_n": "2H", "Bmaling_ni": "Anslag", "Nr_": "2", "Kern_Nr": "2G", "oude": "2F", "naam": " ", "Shape_Leng": 592.297842911, "Opmerking1": 0, "Layer": "Anslag", "Shape_Length": 592.2978429112126, "Shape_Area": 24206.126261631038}}, {"type": "Feature", "id": 17, "geometry": {"type": "Polygon", "coordinates": [[[106138.79839999974, 459718.9818000011], [106104.57699999958, 459705.1303000003], [106029.51990000159, 459918.15210000053], [105912.46799999848, 459894.23369999975], [105880.08289999887, 460010.43890000135], [105635.62860000134, 459947.27749999985], [105629.89979999885, 459879.8537000008], [105639.67669999972, 459879.22300000116], [105675.23680000007, 459877.9530000016], [105708.25690000132, 459870.3328999989], [105736.19689999893, 459856.36290000007], [105762.67650000006, 459833.1854000017], [105863.64169999957, 459868.1103999987], [105908.72679999843, 459742.3801999986], [105831.18890000135, 459710.31969999894], [105843.02400000021, 459678.03599999845], [105872.72300000116, 459637.46400000155], [105923.83199999854, 459615.51999999955], [105971.07999999821, 459608.3530000001], [106023.19099999964, 459608.86400000006], [106080.72100000083, 459619.063000001], [106150.00310000032, 459630.6997000016], [106147.04250000045, 459658.52849999815], [106142.92339999974, 459691.0007000007], [106138.79839999974, 459718.9818000011]]]}, "properties": {"OBJECTID_1": 17, "OBJECTID": 17, "Type_stel": "Gescheiden", "Type": "Wonen", "Voert_af_n": "2A", "Bmaling_ni": "Berendrecht noordoost", "Nr_": "2", "Kern_Nr": "2D", "oude": "2B/01", "naam": " ", "Shape_Leng": 1750.90404037, "Opmerking1": 0, "Layer": "Berendrecht noordoost", "Shape_Length": 1750.9040403746571, "Shape_Area": 94235.74122235716}}, {"type": "Feature", "id": 18, "geometry": {"type": "Polygon", "coordinates": [[[108375.08810000122, 462810.8641999997], [108375.1213000007, 462814.3447000012], [108374.57649999857, 462817.7822000012], [108373.46889999881, 462821.0817000009], [108371.82930000126, 462824.1517000012], [108369.70300000161, 462826.9070999995], [108367.14909999818, 462829.27149999887], [108364.23829999939, 462831.1794999987], [108361.0511999987, 462832.5780999996], [108357.6763000004, 462833.4285000004], [108354.20699999854, 462833.7072999999], [108350.73959999904, 462833.4065000005], [108347.3702000007, 462832.5346999988], [108344.19209999964, 462831.1158999987], [108341.29340000078, 462829.1895000003], [108338.75450000167, 462826.80889999866], [108336.64589999989, 462824.0399999991], [108193.34299999848, 462523.16910000145], [108192.33920000121, 462522.4488000013], [108191.22830000147, 462521.9081999995], [108190.04199999943, 462521.563000001], [108188.81450000033, 462521.4230000004], [108187.58100000024, 462521.49230000004], [108185.74120000005, 462522.2399000004], [108183.8104000017, 462522.7047000006], [108181.83199999854, 462522.8764999993], [108179.85000000149, 462522.7512000017], [108177.90890000015, 462522.3317999989], [108176.05200000107, 462521.62750000134], [108174.3209999986, 462520.65410000086], [108105.4208999984, 462474.44619999826], [108103.23860000074, 462470.1239], [108101.64799999818, 462465.5505999997], [108100.67709999904, 462460.80680000037], [108100.34299999848, 462455.97619999945], [108100.65150000155, 462451.14400000125], [108101.59730000049, 462446.39510000125], [108103.16369999945, 462441.81340000033], [108105.32299999893, 462437.47940000147], [108108.03720000014, 462433.46979999915], [108201.40520000085, 462313.5318999998], [108204.31709999964, 462310.58480000123], [108206.67929999903, 462307.18140000105], [108208.42170000076, 462303.42280000076], [108209.4926000014, 462299.42069999874], [108209.8599999994, 462295.29410000145], [108210.18910000101, 462163.96620000154], [108207.67020000145, 462156.8002999984], [108204.60790000111, 462149.84910000116], [108201.0203000009, 462143.1537999995], [108196.92880000174, 462136.7540999986], [108192.3574000001, 462130.68780000135], [108187.33309999853, 462124.9908999987], [108052.88699999824, 461983.8720000014], [108045.3916000016, 461979.7058000006], [108037.56089999899, 461976.2100000009], [108029.45479999855, 461973.41149999946], [108021.1352000013, 461971.3317000009], [108012.66580000147, 461969.98640000075], [108004.11129999906, 461969.38599999994], [107995.53700000048, 461969.53489999846], [107987.0084999986, 461970.4321999997], [107985.54670000076, 461970.7558999993], [107984.1436999999, 461971.2787999995], [107982.82660000026, 461971.9908000007], [107981.62070000172, 461972.8781999983], [107977.94099999964, 461975.61410000175], [107973.94029999897, 461977.8546000011], [107969.684799999, 461979.5623999983], [107965.2452000007, 461980.7093000002], [107960.69509999827, 461981.2762000002], [107956.1101000011, 461981.2536999993], [107822.7600999996, 461971.67819999903], [107689.45600000024, 461961.47360000014], [107677.5700000003, 461960.1671000011], [107665.78700000048, 461958.13329999894], [107654.1510999985, 461955.3797999993], [107642.70630000159, 461951.9171000011], [107631.49560000002, 461947.758200001], [107629.03590000048, 461946.50979999825], [107626.81850000098, 461944.868999999], [107624.90549999848, 461942.8817999996], [107623.35029999912, 461940.6035999991], [107622.19640000165, 461938.0982000008], [107621.47599999979, 461935.43560000136], [107621.20919999853, 461932.6900999993], [107621.40359999985, 461929.9386], [107622.05370000005, 461927.2578999996], [107623.14130000025, 461924.72300000116], [107624.63610000163, 461922.40469999984], [107626.496199999, 461920.36780000106], [107628.66959999874, 461918.6693000011], [107631.09560000151, 461917.35660000145], [107633.70639999956, 461916.46649999917], [107636.42909999937, 461916.02369999886], [107639.1873999983, 461916.0408000015], [107651.35810000077, 461917.48800000176], [107663.42669999972, 461919.6257000007], [107675.35410000011, 461922.4470000006], [107687.1015000008, 461925.9428000003], [107698.63080000132, 461930.1015999988], [107716.53730000183, 461934.4633000009], [107734.60889999941, 461938.0804999992], [107752.81469999999, 461940.9470000006], [107771.12339999899, 461943.05799999833], [107789.50389999896, 461944.4096999988], [107807.92449999973, 461945], [107826.3537000008, 461944.82770000026], [107844.7600999996, 461943.8933000006], [107863.11199999973, 461942.1981999986], [107881.37819999829, 461939.74540000036], [107899.5271999985, 461936.5390000008], [107917.52800000086, 461932.58469999954], [107935.3498999998, 461927.88910000026], [107944.21189999953, 461923.79580000043], [107952.72480000183, 461919.0188000016], [107960.8359999992, 461913.5876000002], [107968.49540000036, 461907.5357000008], [107975.65540000051, 461900.9006999992], [107982.27199999988, 461893.72360000014], [107988.30409999937, 461886.0487000011], [107993.71440000087, 461877.9235999994], [107998.46950000152, 461869.3984000012], [108002.5399999991, 461860.52589999884], [108005.90069999918, 461851.36100000143], [108007.59369999915, 461847.16259999946], [108009.86529999971, 461843.24709999934], [108012.66959999874, 461839.6933999993], [108015.94970000163, 461836.5736999996], [108019.63940000162, 461833.9508999996], [108023.66380000114, 461831.8781999983], [108029.42770000175, 461829.8403999992], [108035.40610000119, 461828.56170000136], [108041.49929999933, 461828.0634999983], [108047.60590000078, 461828.3542000018], [108053.62429999933, 461829.42870000005], [108059.45419999957, 461831.2692999989], [108064.99859999865, 461833.84530000016], [108070.1651000008, 461837.1138000004], [108074.86769999936, 461841.0203999989], [108079.02800000086, 461845.5], [108098.8975000009, 461869.39290000126], [108119.2322999984, 461892.8911000006], [108140.02459999919, 461915.9855000004], [108161.26630000025, 461938.6671000011], [108182.94920000061, 461960.9272999987], [108190.31379999965, 461968.8352999985], [108197.15329999849, 461977.20149999857], [108203.43939999864, 461985.99120000005], [108209.14589999989, 461995.1677000001], [108214.2490000017, 462004.6928999983], [108218.7276000008, 462014.5273000002], [108222.56300000101, 462024.629900001], [108225.73930000141, 462034.95870000124], [108238.95080000162, 462084.4470000006], [108251.64570000023, 462134.07030000165], [108252.48550000042, 462138.439199999], [108252.8376000002, 462142.87420000136], [108252.6977000013, 462147.32090000063], [108249.20089999959, 462192.0146000013], [108246.48220000044, 462236.76249999925], [108244.54230000079, 462281.5509000011], [108243.38179999962, 462326.36620000005], [108243.00120000169, 462371.1950000003], [108243.31469999999, 462383.4395000003], [108244.24940000102, 462395.6521999985], [108245.80279999971, 462407.8018000014], [108247.97100000083, 462419.8568000011], [108250.74830000103, 462431.78620000184], [108254.12759999931, 462443.5593000017], [108258.10020000115, 462455.14559999853], [108262.65579999983, 462466.5153999999], [108274.26359999925, 462494.3504000008], [108285.23460000008, 462522.44249999896], [108295.56309999898, 462550.7771999985], [108305.24350000173, 462579.3396999985], [108314.27100000158, 462608.11520000175], [108375.08810000122, 462810.8641999997]]]}, "properties": {"OBJECTID_1": 18, "OBJECTID": 18, "Type_stel": "Drukriolering", "Type": " ", "Voert_af_n": "3C", "Bmaling_ni": "Westkanaalweg", "Nr_": "3", "Kern_Nr": "3D", "oude": "3O", "naam": " ", "Shape_Leng": 3095.0242007, "Opmerking1": 0, "Layer": "Westkanaalweg", "Shape_Length": 3095.0242007044385, "Shape_Area": 101882.94175717857}}, {"type": "Feature", "id": 19, "geometry": {"type": "Polygon", "coordinates": [[[110165.62299999967, 461368.22399999946], [110119.63800000027, 461365.2670000009], [110117.99410000071, 461365.0229999982], [110116.41340000182, 461364.5102000013], [110114.93939999864, 461363.7426000014], [110110.58579999954, 461360.70320000127], [110058.38300000131, 461321.6020000018], [110056.15239999816, 461319.73910000175], [110053.76990000159, 461318.07499999925], [110016.51520000026, 461281.63610000163], [110016.13039999828, 461280.9741999991], [110015.85119999945, 461280.26110000163], [110011.78489999846, 461265.79360000044], [110008.37559999898, 461251.15729999915], [110005.63019999862, 461236.382100001], [110003.55449999869, 461221.4979999997], [110002.15249999985, 461206.53550000116], [110001.4272999987, 461191.52490000054], [110001.38010000065, 461176.4968000017], [110002.0111999996, 461161.4820000008], [110003.31929999962, 461146.51089999825], [110006.2520999983, 461130.5844999999], [110009.94350000098, 461114.81650000066], [110014.38489999995, 461099.2432000004], [110019.5661999993, 461083.90019999817], [110025.47549999878, 461068.8225999996], [110032.09930000082, 461054.0450000018], [110039.4224999994, 461039.6011000015], [110047.42830000073, 461025.5240999982], [110056.09820000082, 461011.8462000005], [110065.41259999946, 460998.59870000184], [110075.35000000149, 460985.811900001], [110085.88769999892, 460973.51509999856], [110097.00160000101, 460961.7366000004], [110108.66629999876, 460950.5031000003], [110120.85489999875, 460939.84050000086], [110133.53970000148, 460929.77320000157], [110146.69150000066, 460920.3242000006], [110160.28029999882, 460911.51520000026], [110174.27490000054, 460903.36630000174], [110188.64319999889, 460895.89609999955], [111513.28500000015, 460246.993999999], [111516.13569999859, 460245.2903999984], [111518.66530000046, 460243.13859999925], [111536.4803000018, 460228.4871999994], [111554.75239999965, 460214.41000000015], [111573.46319999918, 460200.9215000011], [111592.59380000085, 460188.03510000184], [111612.12469999865, 460175.76399999857], [111632.03620000184, 460164.1206], [111652.30810000002, 460153.11659999937], [111672.9197999984, 460142.7633000016], [111693.85060000047, 460133.0711000003], [111715.07919999957, 460124.0498000011], [111736.58410000056, 460115.70859999955], [111758.3434999995, 460108.05590000004], [111780.33549999818, 460101.0995000005], [111802.53759999946, 460094.84629999846], [111824.92749999836, 460089.3027999997], [111847.4824000001, 460084.47459999844], [111870.17949999869, 460080.3665000014], [111877.4274000004, 460080.14460000023], [111884.6623999998, 460080.6292000003], [111891.81590000167, 460081.8158], [111898.8198999986, 460083.69310000166], [111905.60790000111, 460086.2432000004], [111912.1154000014, 460089.44200000167], [111918.28069999814, 460093.2591000013], [111924.04520000145, 460097.6581000015], [111929.35399999842, 460102.59739999846], [111934.15689999983, 460108.0300000012], [111938.40810000151, 460113.9043000005], [111942.0672999993, 460120.1645000018], [111945.09980000183, 460126.7511], [111955.88109999895, 460153.78379999846], [111963.81210000068, 460193.0720999986], [111964.26979999989, 460196.8280999996], [111964.13879999891, 460200.60929999873], [111963.42240000144, 460204.3244000003], [111962.13789999858, 460207.883200001], [111960.31639999896, 460211.1994000003], [111958.00219999999, 460214.1926999986], [111955.25140000135, 460216.7903999984], [111952.13080000132, 460218.92980000004], [111225.02699999884, 460609.00400000066], [110888.17100000009, 460787.7659999989], [110576.93600000069, 460943.3861999996], [110555.16470000148, 460954.6508000009], [110533.71279999986, 460966.5122000016], [110512.59659999982, 460978.9613999985], [110491.83229999989, 460991.9891999997], [110471.43569999933, 461005.5854000002], [110451.42240000144, 461019.7397999987], [110431.8077000007, 461034.44150000066], [110412.60649999976, 461049.6794000007], [110393.83339999989, 461065.4417000003], [110375.50290000066, 461081.71649999917], [110357.628800001, 461098.49130000174], [110340.22480000183, 461115.7534000017], [110335.7675999999, 461120.8669999987], [110331.94060000032, 461126.4679000005], [110328.79659999907, 461132.47879999876], [110326.37900000066, 461138.8167999983], [110324.72100000083, 461145.39449999854], [110323.84569999948, 461152.1213000007], [110323.7650000006, 461158.9043000005], [110324.48009999841, 461165.6499999985], [110325.98110000044, 461172.2652999982], [110328.24720000103, 461178.6590999998], [110331.247299999, 461184.7430999987], [110334.94000000134, 461190.4334000014], [110339.27439999953, 461195.6515999995], [110344.19079999998, 461200.3258000016], [110397.23589999974, 461255.14009999856], [110403.02519999817, 461260.4897999987], [110408.31430000067, 461266.3344999999], [110413.06100000069, 461272.6275999993], [110417.2276000008, 461279.3189000003], [110420.78079999983, 461286.3552000001], [110423.69220000133, 461293.68030000106], [110425.93879999965, 461301.23589999974], [110427.50259999931, 461308.96180000156], [110428.37099999934, 461316.79630000144], [110428.53730000183, 461324.67709999904], [110428.0001000017, 461332.54129999876], [110426.76359999925, 461340.32620000094], [110424.83769999817, 461347.96990000084], [110419.65239999816, 461363.9070999995], [110413.98119999841, 461379.6779999994], [110407.82950000092, 461395.2677000016], [110401.20309999958, 461410.66160000116], [110398.3077000007, 461416.6365999989], [110394.71680000052, 461422.22129999846], [110390.48209999874, 461427.33509999886], [110385.66479999945, 461431.9043000005], [110380.33439999819, 461435.86290000007], [110374.56780000031, 461439.1537999995], [110367.53189999983, 461438.6035999991], [110360.57939999923, 461437.3913999982], [110353.7723999992, 461435.52809999883], [110347.17190000042, 461433.03009999916], [110165.62299999967, 461368.22399999946]]]}, "properties": {"OBJECTID_1": 19, "OBJECTID": 19, "Type_stel": "Drukriolering", "Type": " ", "Voert_af_n": "6A", "Bmaling_ni": "Zuideinde", "Nr_": "6", "Kern_Nr": "6C", "oude": " ", "naam": " ", "Shape_Leng": 5157.91540216, "Opmerking1": 0, "Layer": "Zuideinde", "Shape_Length": 5157.915402164008, "Shape_Area": 525040.0182395886}}, {"type": "Feature", "id": 20, "geometry": {"type": "Polygon", "coordinates": [[[109354.80209999904, 457974.17990000173], [109349.67760000005, 457969.65210000053], [109344.11410000175, 457965.67610000074], [109338.17060000077, 457962.2941999994], [109331.91050000116, 457959.54239999875], [109325.40019999817, 457957.44999999925], [109318.70910000056, 457956.0390999988], [109311.90819999948, 457955.3249000013], [109305.0700000003, 457955.31489999965], [109298.26709999889, 457956.0091999993], [109291.57189999893, 457957.40040000156], [109285.05550000072, 457959.4737999998], [109273.37849999964, 457963.4723000005], [109261.48449999839, 457966.7699000016], [109249.41569999978, 457969.35500000045], [109237.21449999884, 457971.2184999995], [109224.92419999838, 457972.35379999876], [109214.85090000182, 457973.3764999993], [109204.8872999996, 457975.1768999994], [109195.09310000017, 457977.7441999987], [109185.52749999985, 457981.0628999993], [109176.24780000001, 457985.1130999997], [109167.30999999866, 457989.87040000036], [109135.82959999889, 458007.7941999994], [109103.98550000042, 458025.06340000033], [109071.7912000008, 458041.67080000043], [109039.26049999893, 458057.60920000076], [109006.40740000084, 458072.8718000017], [108973.24579999968, 458087.4521000013], [108941.70059999824, 458100.52739999816], [108909.87649999931, 458112.9081999995], [108877.78860000148, 458124.5885999985], [108845.4525000006, 458135.5628999993], [108812.88360000029, 458145.8258000016], [108804.6708999984, 458147.92280000076], [108796.30490000173, 458149.2848000005], [108787.85119999945, 458149.90089999884], [108779.37620000169, 458149.7663999982], [108770.94629999995, 458148.8823999986], [108762.627700001, 458147.2558000013], [108754.48570000008, 458144.89930000156], [108749.54940000176, 458142.8456999995], [108744.93800000101, 458140.14009999856], [108740.73739999905, 458136.83260000125], [108737.02540000156, 458132.9847000018], [108733.87110000104, 458128.66789999977], [108731.33289999887, 458123.96240000054], [108729.45809999853, 458118.95540000126], [108722.27859999985, 458096.2600999996], [108714.36349999905, 458073.810800001], [108705.7210999988, 458051.63120000064], [108696.36080000177, 458029.745099999], [108686.29239999875, 458008.17540000007], [108675.52659999952, 457986.94530000165], [108664.0747999996, 457966.07719999924], [108651.94920000061, 457945.59319999814], [108639.16270000115, 457925.51520000026], [108625.72890000045, 457905.8645000011], [108624.14330000058, 457903.20270000026], [108622.99450000003, 457900.3251999989], [108622.31100000069, 457897.3033000007], [108622.10960000008, 457894.2115000002], [108622.39539999887, 457891.12640000135], [108623.16120000184, 457888.1242999993], [108624.38819999993, 457885.2793000005], [108626.04600000009, 457882.6618000008], [108628.0934999995, 457880.3365999982], [108631.6886, 457877.189100001], [108635.58540000021, 457874.4241000004], [108639.7435999997, 457872.07030000165], [108644.11980000138, 457870.15210000053], [108663.96669999883, 457862.2708999999], [108683.55279999971, 457853.76199999824], [108702.85810000077, 457844.6339999996], [108721.86309999973, 457834.89620000124], [108740.5485999994, 457824.55860000104], [108758.89559999853, 457813.6314000003], [108771.51669999957, 457805.46869999915], [108783.78379999846, 457796.7831000015], [108795.67529999837, 457787.58989999816], [108807.17020000145, 457777.9054000005], [108818.24810000136, 457767.7465999983], [108828.88960000128, 457757.1314999983], [108839.07580000162, 457746.07880000025], [108847.77840000018, 457736.7133000009], [108856.94000000134, 457727.7963999994], [108866.53759999946, 457719.35060000047], [108876.54710000008, 457711.39719999954], [108886.94310000166, 457703.9561999999], [108897.69959999993, 457697.04630000144], [108908.78920000046, 457690.68510000035], [108920.18420000002, 457684.8885000013], [108931.85579999909, 457679.6711000018], [108942.4096999988, 457674.89730000123], [108952.66349999979, 457669.5091999993], [108962.58159999922, 457663.52540000156], [108972.12929999828, 457656.9668000005], [108981.27340000123, 457649.8563000001], [108989.98200000077, 457642.21869999915], [108998.22480000183, 457634.0804999992], [109005.97300000116, 457625.4701000005], [109013.19970000163, 457616.41750000045], [109019.87970000133, 457606.95439999923], [109025.98970000073, 457597.11349999905], [109031.50829999894, 457586.929299999], [109037.02859999985, 457576.7972000018], [109043.18160000071, 457567.03620000184], [109049.9422999993, 457557.6860000007], [109057.28350000083, 457548.7842999995], [109065.17559999973, 457540.3669999987], [109073.58650000021, 457532.46819999814], [109082.4822999984, 457525.11989999935], [109091.82710000128, 457518.3515999988], [109101.58300000057, 457512.1908], [109111.71070000157, 457506.66230000183], [109116.0850000009, 457504.81219999865], [109120.66899999976, 457503.56980000064], [109125.37889999896, 457502.9578999989], [109130.12819999829, 457502.98790000007], [109134.82999999821, 457503.65900000185], [109139.39799999818, 457504.95899999887], [109184.33080000058, 457521.10709999874], [109234.74049999937, 457541.18939999864], [109284.89820000157, 457561.89339999855], [109334.79600000009, 457583.21599999815], [109384.42639999837, 457605.15399999917], [109433.78170000017, 457627.7041000016], [109482.85440000147, 457650.8627000004], [109531.63699999824, 457674.62629999965], [109580.12200000137, 457698.99130000174], [109628.30200000107, 457723.9539999999], [109387.69379999861, 457935.8451000005], [109380.27840000018, 457942.75250000134], [109373.26049999893, 457950.063000001], [109366.66160000116, 457957.75389999896], [109360.50239999965, 457965.8011999987], [109354.80209999904, 457974.17990000173]]]}, "properties": {"OBJECTID_1": 20, "OBJECTID": 20, "Type_stel": "Gescheiden", "Type": "Wonen", "Voert_af_n": "5B", "Bmaling_ni": "Hooge Burch", "Nr_": "5", "Kern_Nr": "5C", "oude": " ", "naam": " ", "Shape_Leng": 2506.24164805, "Opmerking1": 0, "Layer": "Hooge Burch", "Shape_Length": 2506.2416480488696, "Shape_Area": 332924.89358230773}}, {"type": "Feature", "id": 21, "geometry": {"type": "Polygon", "coordinates": [[[109628.30200000107, 457723.9538999982], [109580.12189999968, 457698.99120000005], [109531.63690000027, 457674.6262000017], [109482.85429999977, 457650.86250000075], [109433.78159999847, 457627.7039999999], [109384.4263000004, 457605.1539000012], [109334.79600000009, 457583.21599999815], [109284.89809999987, 457561.8933000006], [109234.7404000014, 457541.18939999864], [109184.33049999923, 457521.10720000044], [109178.84189999849, 457518.62110000104], [109173.64339999855, 457515.5747000016], [109168.79190000147, 457512.00140000135], [109164.34070000052, 457507.94040000066], [109160.33879999816, 457503.43609999865], [109138.3040000014, 457477.621199999], [109135.45089999959, 457474.7740000002], [109132.18129999936, 457472.4166000001], [109128.5784999989, 457470.60909999907], [109124.73409999907, 457469.3975000009], [109120.74599999934, 457468.81269999966], [109116.71559999883, 457468.86950000003], [109112.74560000002, 457469.56650000066], [109108.93679999933, 457470.88589999825], [109105.38639999926, 457472.79410000145], [109079.67309999838, 457489.67819999903], [109054.23319999874, 457506.97140000015], [109029.07299999893, 457524.6693999991], [109013.87799999863, 457535.16010000184], [108998.33999999985, 457545.1358000003], [108982.47659999877, 457554.5854999982], [108966.30539999902, 457563.498399999], [108949.84479999915, 457571.8645000011], [108933.11309999973, 457579.67449999973], [108916.12920000032, 457586.91959999874], [108909.54509999976, 457589.1831], [108902.75129999965, 457590.70540000126], [108895.83089999855, 457591.4681000002], [108888.8685999997, 457591.46169999987], [108881.94959999993, 457590.6862999983], [108875.1585999988, 457589.15150000155], [108868.57860000059, 457586.8759999983], [108862.29030000046, 457583.88760000095], [108856.37049999833, 457580.22289999947], [108850.89169999957, 457575.9268999994], [108845.9208999984, 457571.0518999994], [108842.01260000095, 457566.2384000011], [108838.68549999967, 457561.0062999986], [108835.98409999907, 457555.42540000007], [108833.94440000132, 457549.57009999827], [108832.59360000119, 457543.5186999999], [108831.9497999996, 457537.35179999843], [108832.02160000056, 457531.15190000087], [108832.80799999833, 457525.001600001], [108834.29850000143, 457518.9829999991], [108836.47329999879, 457513.17660000175], [108839.30319999903, 457507.6596999988], [108842.75050000101, 457502.506000001], [108846.76929999888, 457497.7842999995], [108851.30579999834, 457493.5577000007], [108856.29949999973, 457489.8825000003], [108905.38769999892, 457457.50769999996], [108954.05889999866, 457424.5091000013], [109002.3051000014, 457390.8920000009], [109006.26379999891, 457388.5175999999], [109010.53180000186, 457386.7586000003], [109015.01399999857, 457385.6543000005], [109019.61059999838, 457385.2292999998], [109024.21930000186, 457385.492899999], [109028.73739999905, 457386.43939999864], [109033.06439999864, 457388.0476000011], [109037.10399999842, 457390.28170000017], [109158.59479999915, 457470.23050000146], [109161.62200000137, 457471.9686000012], [109164.87570000067, 457473.23259999976], [109168.28229999915, 457473.993999999], [109171.76449999958, 457474.2353999987], [109175.2435999997, 457473.95149999857], [109178.64079999924, 457473.14880000055], [109529.60700000077, 457519.1970000006], [109558.19900000095, 457459.80799999833], [109834.87299999967, 457556.25499999896], [109716.01199999824, 457662.3449999988], [109706.3964000009, 457670.46829999983], [109696.35310000181, 457678.05629999936], [109685.91169999912, 457685.0865999982], [109675.10330000147, 457691.53830000013], [109663.9598999992, 457697.39229999855], [109652.51419999823, 457702.63120000064], [109628.30200000107, 457723.9538999982]]]}, "properties": {"OBJECTID_1": 21, "OBJECTID": 21, "Type_stel": "Gescheiden", "Type": "Wonen", "Voert_af_n": "5A", "Bmaling_ni": "De Burcht", "Nr_": "5", "Kern_Nr": "5B", "oude": " ", "naam": " ", "Shape_Leng": 2339.5541977, "Opmerking1": 0, "Layer": "De Burcht", "Shape_Length": 2339.5541977028165, "Shape_Area": 115597.1901229183}}, {"type": "Feature", "id": 22, "geometry": {"type": "Polygon", "coordinates": [[[109725.87970000133, 457911.501699999], [109798.75950000063, 457873.9353], [109871.3759999983, 457835.8621000014], [109882.7237999998, 457829.48409999907], [109893.72940000147, 457822.5322000012], [109904.36389999837, 457815.02490000054], [109935.59299999848, 457813.7430000007], [109944.56529999897, 457813.76410000026], [109953.50200000033, 457814.5626000017], [109962.33590000123, 457816.13269999996], [109971.00050000101, 457818.46229999885], [109979.43059999868, 457821.5342000015], [109987.56269999966, 457825.32499999925], [109995.33579999954, 457829.80640000105], [110002.6911999993, 457834.9444999993], [110009.5736999996, 457840.7006999999], [110015.93140000105, 457847.03170000017], [110021.71649999917, 457853.8898999989], [110026.88560000062, 457861.22370000184], [110031.39959999919, 457868.97780000046], [110032.22810000181, 457870.92610000074], [110032.72839999944, 457872.98330000043], [110032.88740000129, 457875.0943999998], [110032.70059999824, 457877.20329999924], [110032.17320000008, 457879.2536999993], [110031.31909999996, 457881.1909000017], [110030.16110000014, 457882.9633000009], [110028.73020000011, 457884.5236000009], [110027.06419999897, 457885.8302000016], [109990.57499999925, 457880.90199999884], [109977.06340000033, 457878.8717], [109963.61349999905, 457876.46609999985], [109955.46860000119, 457875.1922999993], [109947.25340000167, 457874.50400000066], [109939.0100999996, 457874.4045000002], [109930.78069999814, 457874.89449999854], [109922.60750000179, 457875.97150000185], [109914.53209999949, 457877.629900001], [109906.59580000117, 457879.8612000011], [109887.37840000167, 457886.2853000015], [109868.3311999999, 457893.19790000096], [109849.46660000086, 457900.59430000186], [109830.79690000042, 457908.46990000084], [109812.33430000022, 457916.8192999996], [109798.3748999983, 457922.9582000002], [109784.14600000158, 457928.4437999986], [109769.67819999903, 457933.2644000016], [109755.002700001, 457937.4096000008], [109740.15100000054, 457940.8706], [109737.08889999986, 457940.51999999955], [109734.12799999863, 457939.66420000046], [109731.35110000148, 457938.3269000016], [109728.83590000123, 457936.5454999991], [109726.65269999951, 457934.37000000104], [109724.86259999871, 457931.8610999994], [109723.51550000161, 457929.08889999986], [109722.64930000156, 457926.13109999895], [109722.28799999878, 457923.07019999996], [109722.44179999828, 457919.9919999987], [109723.1064000018, 457916.9824000001], [109724.26319999993, 457914.125599999], [109725.87970000133, 457911.501699999]]]}, "properties": {"OBJECTID_1": 22, "OBJECTID": 22, "Type_stel": "Gemengd", "Type": "Wonen", "Voert_af_n": "5A", "Bmaling_ni": "Lindenhovestraat", "Nr_": "5", "Kern_Nr": "5D", "oude": " ", "naam": " ", "Shape_Leng": 709.470362679, "Opmerking1": 0, "Layer": "Lindenhovestraat", "Shape_Length": 709.4703626790855, "Shape_Area": 15646.151509548643}}, {"type": "Feature", "id": 23, "geometry": {"type": "Polygon", "coordinates": [[[109892.08139999956, 461490.4442999996], [109887.37429999933, 461499.1350999996], [109882.09560000151, 461507.49120000005], [109876.26920000091, 461515.4750000015], [109869.92119999975, 461523.0507000014], [109863.07999999821, 461530.1842], [109855.77650000155, 461536.8434000015], [109848.04329999909, 461542.99859999865], [109839.91530000046, 461548.62209999934], [109831.42889999971, 461553.6884999983], [109822.62220000103, 461558.1752000004], [109819.11239999905, 461561.5234000012], [109816.14209999889, 461565.3583999984], [109813.77789999917, 461569.5940000005], [109812.07310000062, 461574.1352000013], [109811.06560000032, 461578.8801999986], [109810.77829999849, 461583.72239999846], [109811.21750000119, 461588.55319999903], [109779.97850000113, 461563.3552000001], [109679.91250000149, 461457.5742000006], [109589.3022999987, 461348.5601999983], [109586.64029999822, 461344.7727999985], [109584.62319999933, 461340.6061999984], [109583.3033999987, 461336.16910000145], [109582.71539999917, 461331.5773999989], [109582.87440000102, 461326.9508999996], [109583.77650000155, 461322.41039999947], [109585.39790000021, 461318.0744000003], [109587.69649999961, 461314.0562000014], [109711.32149999961, 461217.76419999823], [109714.96460000053, 461215.39869999886], [109718.95809999853, 461213.690200001], [109723.184799999, 461212.689199999], [109727.52039999887, 461212.42500000075], [109731.83740000054, 461212.9052999988], [109736.00890000165, 461214.11609999835], [109739.91220000014, 461216.0216999985], [109743.43250000104, 461218.5661999993], [109891.13949999958, 461379.05220000073], [109918.48649999872, 461407.4814000018], [109909.06920000166, 461434.9373999983], [109900.2659999989, 461462.5962000005], [109892.08139999956, 461490.4442999996]]]}, "properties": {"OBJECTID_1": 23, "OBJECTID": 23, "Type_stel": "Gemengd", "Type": " ", "Voert_af_n": "RWZI NV", "Bmaling_ni": "Van Damstraat", "Nr_": "6", "Kern_Nr": "6B", "oude": " ", "naam": "Aarlanderveen", "Shape_Leng": 1033.41540619, "Opmerking1": 0, "Layer": "Van Damstraat", "Shape_Length": 1033.4154061900447, "Shape_Area": 66823.98143110103}}, {"type": "Feature", "id": 24, "geometry": {"type": "Polygon", "coordinates": [[[110119.63800000027, 461365.26729999855], [110117.96480000019, 461386.01300000027], [110115.60099999979, 461406.691300001], [110112.54899999872, 461427.2793999985], [110108.81219999865, 461447.7542999983], [110104.39499999955, 461468.09319999814], [110099.30200000107, 461488.2734999992], [110093.5390000008, 461508.2727999985], [110087.11250000075, 461528.0687999986], [110080.02980000153, 461547.63980000094], [110046.11800000072, 461636.6719999984], [110044.10220000148, 461644.5892999992], [110041.35550000146, 461652.2835999988], [110037.90179999918, 461659.6876000017], [110033.7714000009, 461666.7364999987], [110029.00050000101, 461673.3685999997], [110023.63080000132, 461679.52600000054], [110017.70910000056, 461685.15480000153], [109994.42500000075, 461705.30099999905], [109827.42700000107, 461602.8379999995], [109822.7602000013, 461600.0230999999], [109818.46299999952, 461596.6708999984], [109814.59699999914, 461592.82939999923], [109811.21750000119, 461588.55370000005], [109810.77840000018, 461583.72289999947], [109811.06579999998, 461578.88069999963], [109812.07330000028, 461574.1358000003], [109813.77829999849, 461569.5945999995], [109816.14249999821, 461565.3590000011], [109819.11279999837, 461561.5240999982], [109822.62269999832, 461558.17599999905], [109831.42940000072, 461553.68930000067], [109839.91580000147, 461548.6229000017], [109848.0438000001, 461542.999400001], [109855.77699999884, 461536.84420000017], [109863.08049999923, 461530.18499999866], [109869.92170000076, 461523.05150000006], [109876.2696999982, 461515.47580000013], [109882.0960999988, 461507.4919999987], [109887.37480000034, 461499.13589999825], [109892.08190000057, 461490.44509999827], [109900.53990000114, 461461.7047000006], [109909.65680000186, 461433.16640000045], [109919.42770000175, 461404.8454999998], [109924.59679999948, 461392.4332000017], [109930.44009999931, 461380.3238000013], [109936.940200001, 461368.55370000005], [109944.07719999924, 461357.15879999846], [109951.82970000058, 461346.1732000001], [109960.17419999838, 461335.6303000003], [109969.08549999818, 461325.561900001], [109978.53680000082, 461315.99819999933], [110016.5150000006, 461281.63599999994], [110053.76999999955, 461318.07499999925], [110058.38300000131, 461321.6020000018], [110110.5859999992, 461360.7030000016], [110114.93939999864, 461363.7426000014], [110116.41330000013, 461364.51029999927], [110117.99410000071, 461365.02320000157], [110119.63800000027, 461365.26729999855]]]}, "properties": {"OBJECTID_1": 24, "OBJECTID": 24, "Type_stel": "Gemengd", "Type": " ", "Voert_af_n": "6B", "Bmaling_ni": "Dorpsstraat", "Nr_": "6", "Kern_Nr": "6A", "oude": " ", "naam": " ", "Shape_Leng": 1103.18347574, "Opmerking1": 0, "Layer": "Dorpsstraat", "Shape_Length": 1103.1834757411254, "Shape_Area": 71482.23862730074}}, {"type": "Feature", "id": 25, "geometry": {"type": "Polygon", "coordinates": [[[111485.55600000173, 462375.1477999985], [111239.48000000045, 463025.9290000014], [111045.16600000113, 463549.96599999815], [110931.63470000029, 463862.3938000016], [110923.30449999869, 463884.7014000006], [110914.58170000091, 463906.8586000018], [110912.13500000164, 463911.85240000114], [110908.99980000034, 463916.44530000165], [110905.2404000014, 463920.5430999994], [110900.93409999833, 463924.06159999967], [110896.16910000145, 463926.9285000004], [110891.04329999909, 463929.08509999886], [110885.66200000048, 463930.4871000014], [110880.13549999893, 463931.1057999991], [110874.5773999989, 463930.9283000007], [110869.10170000046, 463929.9582999982], [110863.82070000097, 463928.2157999985], [110858.84299999848, 463925.7366000004], [110854.27070000023, 463922.5714999996], [110850.1975999996, 463918.78539999947], [110846.70729999989, 463914.4560999982], [110843.87150000036, 463909.6726000011], [110841.74839999899, 463904.53280000016], [110840.38179999962, 463899.1422000006], [111120.2190000005, 463062.90199999884], [111394.62700000033, 462337.9622000009], [111397.97619999945, 462332.6689000018], [111401.96799999848, 462327.8412999995], [111406.53819999844, 462323.55739999935], [111411.61360000074, 462319.8858000003], [111417.11250000075, 462316.8856000006], [111422.94669999927, 462314.60500000045], [111429.0225000009, 462313.08040000126], [111435.24230000004, 462312.3365000002], [111441.50620000064, 462312.3852000013], [111447.7137000002, 462313.22569999844], [111453.76509999856, 462314.8445000015], [111459.56309999898, 462317.21559999883], [111465.01469999924, 462320.3009000011], [111470.03240000084, 462324.0509000011], [111474.53550000116, 462328.4054000005], [111478.45169999823, 462333.2943999991], [111481.71819999814, 462338.6394000016], [111484.28249999881, 462344.3546000011], [111486.10339999944, 462350.3482000008], [111487.15170000121, 462356.5240000002], [111487.41059999913, 462362.78280000016], [111486.87579999864, 462369.0240999982], [111485.55600000173, 462375.1477999985]]]}, "properties": {"OBJECTID_1": 25, "OBJECTID": 25, "Type_stel": "Drukriolering", "Type": " ", "Voert_af_n": "Nieuwkoop", "Bmaling_ni": "Achtienkavels", "Nr_": "7", "Kern_Nr": "7A", "oude": " ", "naam": "Overig buitengebied", "Shape_Leng": 3535.82467589, "Opmerking1": 0, "Layer": "Achtienkavels", "Shape_Length": 3535.824675894617, "Shape_Area": 155450.63734365703}}, {"type": "Feature", "id": 26, "geometry": {"type": "Polygon", "coordinates": [[[104945.48460000008, 458651.80160000175], [105001.3332999982, 458630.8495000005], [105072.32110000029, 458628.6301999986], [105121.1251000017, 458640.8363999985], [105159.9466000013, 458678.5645999983], [105418.3863000013, 459051.40850000083], [105336.30680000037, 459183.4574000016], [105270.74870000035, 459295.13060000166], [105159.63149999827, 459235.65940000117], [105102.90469999984, 459211.95270000026], [105007.23119999841, 459171.3126000017], [104998.76449999958, 459161.9992999993], [104997.07119999826, 459147.6059000008], [105056.2815000005, 458949.4855000004], [105056.70479999855, 458942.28880000114], [105055.434799999, 458933.8222000003], [105051.62480000034, 458924.0854999982], [105046.12150000036, 458913.5020999983], [105041.04149999842, 458905.882100001], [105035.96150000021, 458900.80209999904], [105029.61140000075, 458895.2987000011], [105016.9114000015, 458888.1020999998], [105051.41319999844, 458780.0460000001], [105044.42810000107, 458774.33100000024], [105029.18809999898, 458768.93349999934], [105017.44060000032, 458766.39350000024], [105011.09059999883, 458766.7109999992], [104998.70809999853, 458767.34600000083], [104983.78550000116, 458768.93349999934], [104971.08549999818, 458773.37849999964], [104958.70300000161, 458779.0934999995], [104952.98800000176, 458783.85599999875], [104948.86050000042, 458783.22100000083], [104944.41539999843, 458782.90349999815], [104942.19289999828, 458781.6334999986], [104939.65289999917, 458775.91849999875], [104939.33540000021, 458770.83850000054], [104946.00290000066, 458765.7584999986], [104950.44799999893, 458761.3134999983], [104959.33799999952, 458756.55099999905], [104968.54549999908, 458750.51850000024], [104973.94299999997, 458748.61349999905], [104945.48460000008, 458651.80160000175]]]}, "properties": {"OBJECTID_1": 26, "OBJECTID": 26, "Type_stel": "Verbeterd gescheiden", "Type": " ", "Voert_af_n": "4C", "Bmaling_ni": "Polderpeil", "Nr_": "4", "Kern_Nr": "4H", "oude": " ", "naam": " ", "Shape_Leng": 1960.42650138, "Opmerking1": 0, "Layer": "Polderpeil", "Shape_Length": 1960.426501378595, "Shape_Area": 173203.5267219759}}, {"type": "Feature", "id": 27, "geometry": {"type": "Polygon", "coordinates": [[[104845.35689999908, 459426.1345000006], [104831.30900000036, 459468.41699999943], [104782.20230000094, 459588.64389999956], [104748.33549999818, 459673.310800001], [104737.29190000147, 459725.9305999987], [104682.71869999915, 459725.2397999987], [104615.83190000057, 459733.70639999956], [104555.7184999995, 459759.95320000127], [104530.96499999985, 459779.33839999884], [104505.7650000006, 459734.48259999976], [104465.76000000164, 459687.4924999997], [104418.76990000159, 459655.74240000173], [104324.78970000148, 459587.79729999974], [104291.76960000023, 459610.65729999915], [104213.66440000013, 459688.76249999925], [104159.90100000054, 459753.74430000037], [104082.18059999868, 459883.0216999985], [104023.37000000104, 459849.688000001], [104018.75690000132, 459847.4211000018], [104014.53500000015, 459844.4893000014], [104010.79940000176, 459840.9587999992], [104007.63419999927, 459836.90900000185], [104005.11070000008, 459832.4312000014], [104003.28570000082, 459827.6261], [104002.20030000061, 459822.6020000018], [104000.6772999987, 459814.47040000185], [103998.38980000094, 459806.5199000016], [103996.53880000114, 459802.1059000008], [103994.09459999949, 459797.99060000107], [103991.1042000018, 459794.2533], [103987.62530000135, 459790.9659000002], [103983.72480000183, 459788.1917999983], [103979.47780000046, 459785.98420000076], [103974.96620000154, 459784.38589999825], [103970.27670000121, 459783.4274000004], [103965.49969999865, 459783.12739999965], [103960.72720000148, 459783.4915000014], [103956.05099999905, 459784.5126999989], [103948.35949999839, 459786.41860000044], [103940.5364000015, 459787.6794000007], [103932.63569999859, 459788.28649999946], [103924.71180000156, 459788.2355999984], [103916.81949999928, 459787.52710000053], [103909.01319999993, 459786.16600000113], [103901.34690000117, 459784.16149999946], [103893.87339999899, 459781.52760000154], [103886.64440000057, 459778.28240000084], [103879.70980000123, 459774.4481999986], [103827.7490000017, 459742.83300000057], [103378.65700000152, 459468.29300000146], [103396.86840000004, 459435.17330000177], [103415.65850000083, 459402.37860000134], [103435.02169999853, 459369.9188000001], [103454.95190000162, 459337.80420000106], [103475.44310000166, 459306.0443999991], [103496.4888000004, 459274.64939999953], [103518.08249999955, 459243.628800001], [103540.21770000085, 459212.99219999835], [103562.88749999925, 459182.74909999967], [103586.0848999992, 459152.9087000005], [103598.19099999964, 459135.8817999996], [103610.82800000161, 459119.24500000104], [103623.98330000043, 459103.0148999989], [103637.6436999999, 459087.2076999992], [103651.79569999874, 459071.83900000155], [103666.4252000004, 459056.9241000004], [103681.5177000016, 459042.4780000001], [103697.05820000172, 459028.51480000094], [103713.03130000085, 459015.0485999994], [103729.4208999984, 459002.0927999988], [103787.3563000001, 459010.1860000007], [104040.08689999953, 459290.85660000145], [104116.28700000048, 459233.70639999956], [104168.35709999874, 459201.95639999956], [104223.52980000153, 459170.62209999934], [104249.83610000089, 459156.92870000005], [104276.47610000148, 459143.8957000002], [104303.43299999833, 459131.5313999988], [104330.68989999965, 459119.8434000015], [104358.22989999875, 459108.83900000155], [104383.40729999915, 459099.54199999943], [104408.83410000056, 459090.9503999986], [104434.4904000014, 459083.07079999894], [104460.3564000018, 459075.9092999995], [104486.41200000048, 459069.4715999998], [104512.63679999858, 459063.76249999925], [104539.01060000062, 459058.7866999991], [104565.51289999858, 459054.54780000076], [104592.12299999967, 459051.0493000001], [104618.82019999996, 459048.2938000001], [104645.5839000009, 459046.28339999914], [104672.39330000058, 459045.0197999999], [104699.22740000114, 459044.50400000066], [104726.065200001, 459044.7360999994], [104781.68600000069, 459045.9930000007], [104849.88390000165, 459050.9847000018], [104865.40819999948, 458688.34760000184], [104939.2190000005, 458654.1521999985], [104945.48460000008, 458651.80160000175], [104973.94299999997, 458748.61349999905], [104968.54549999908, 458750.51850000024], [104959.33799999952, 458756.55099999905], [104950.44799999893, 458761.3134999983], [104946.00290000066, 458765.7584999986], [104939.33540000021, 458770.83850000054], [104939.65289999917, 458775.91849999875], [104942.19289999828, 458781.6334999986], [104944.41539999843, 458782.90349999815], [104948.86050000042, 458783.22100000083], [104952.98800000176, 458783.85599999875], [104958.70300000161, 458779.0934999995], [104971.08549999818, 458773.37849999964], [104983.78550000116, 458768.93349999934], [104998.70809999853, 458767.34600000083], [105011.09059999883, 458766.7109999992], [105017.44060000032, 458766.39350000024], [105029.18809999898, 458768.93349999934], [105044.42810000107, 458774.33100000024], [105051.41319999844, 458780.0460000001], [105016.9114000015, 458888.1020999998], [105029.61140000075, 458895.2987000011], [105035.96150000021, 458900.80209999904], [105041.04149999842, 458905.882100001], [105046.12150000036, 458913.5020999983], [105051.62480000034, 458924.0854999982], [105055.434799999, 458933.8222000003], [105056.70479999855, 458942.28880000114], [105056.2815000005, 458949.4855000004], [104997.07119999826, 459147.6059000008], [104998.76449999958, 459161.9992999993], [105007.23119999841, 459171.3126000017], [105102.90469999984, 459211.95270000026], [105159.63149999827, 459235.65940000117], [105270.74870000035, 459295.13060000166], [105254.3385999985, 459323.08410000056], [105124.00699999928, 459250.6279999986], [105011.03700000048, 459208.8110000007], [104873.04600000009, 459175.0949999988], [104845.35689999908, 459426.1345000006]]]}, "properties": {"OBJECTID_1": 27, "OBJECTID": 27, "Type_stel": "Gescheiden", "Type": " ", "Voert_af_n": "4A", "Bmaling_ni": "Kerk en Zanen", "Nr_": "4", "Kern_Nr": "4C", "oude": " ", "naam": "Alphen Zuid", "Shape_Leng": 6074.3569833, "Opmerking1": 0, "Layer": "Kerk en Zanen", "Shape_Length": 6074.356983299958, "Shape_Area": 896183.0723448272}}, {"type": "Feature", "id": 28, "geometry": {"type": "Polygon", "coordinates": [[[105222.36300000176, 458628.8429999985], [105143.68600000069, 458516.0879999995], [105135.33810000122, 458505.7109999992], [105127.6046999991, 458494.8682000004], [105120.51179999858, 458483.5960999988], [105114.08309999853, 458471.93239999935], [105108.34010000154, 458459.9162000008], [105103.30220000073, 458447.58779999986], [105098.98620000109, 458434.98849999905], [105095.4065000005, 458422.16059999913], [105092.57519999892, 458409.1468999982], [105090.50180000067, 458395.99130000174], [105089.19319999963, 458382.7377000004], [105088.6537999995, 458369.4305999987], [105088.88549999893, 458356.1145000011], [105089.72500000149, 458332.0775000006], [105090.0148999989, 458308.02760000154], [105089.75490000099, 458283.97729999945], [105089.89380000159, 458281.6090000011], [105090.41180000082, 458279.2938000001], [105091.29560000077, 458277.09219999984], [105092.52210000157, 458275.0614], [105094.05939999968, 458273.25450000167], [105095.86730000004, 458271.71829999983], [105097.89880000055, 458270.4930999987], [105100.10099999979, 458269.6107000001], [105102.41649999842, 458269.0940999985], [105104.78489999846, 458268.9567000009], [105107.14479999989, 458269.2021000013], [105531.57999999821, 458348.3909999989], [105543.51799999923, 458362.8343999982], [105554.84219999984, 458377.7637999989], [105565.53280000016, 458393.1534000002], [105575.57119999826, 458408.9759999998], [105584.93980000168, 458425.20430000126], [105593.622299999, 458441.80970000103], [105601.60350000113, 458458.7633999996], [105608.86950000003, 458476.0357000008], [105615.40749999881, 458493.59640000015], [105621.20630000159, 458511.4149999991], [105626.25560000166, 458529.46020000055], [105630.54670000076, 458547.70059999824], [105634.07200000063, 458566.10440000147], [105636.82539999858, 458584.6394000016], [105638.80209999904, 458603.27320000157], [105639.99859999865, 458621.9732999988], [105640.41290000081, 458640.70710000023], [105640.04419999942, 458659.4417999983], [105638.89319999889, 458678.1447999999], [105636.96180000156, 458696.78339999914], [105634.25349999964, 458715.32499999925], [105630.77299999818, 458733.7373000011], [105626.52629999816, 458751.9880999997], [105621.52089999989, 458770.04560000077], [105615.76550000161, 458787.8781999983], [105609.27019999921, 458805.45479999855], [105602.04619999975, 458822.7446999997], [105594.1063000001, 458839.71770000085], [105585.46420000121, 458856.34420000017], [105576.1350999996, 458872.59519999847], [105566.13529999927, 458888.4422999993], [105555.48209999874, 458903.85770000145], [105544.19429999962, 458918.8147], [105532.29149999842, 458933.28709999844], [105519.79419999942, 458947.24980000034], [105494.22300000116, 458963.7890000008], [105222.36300000176, 458628.8429999985]]]}, "properties": {"OBJECTID_1": 28, "OBJECTID": 28, "Type_stel": "Verbeterd gescheiden", "Type": " ", "Voert_af_n": "4C", "Bmaling_ni": "De Schans west", "Nr_": "4", "Kern_Nr": "4I", "oude": " ", "naam": " ", "Shape_Leng": 1958.3227176, "Opmerking1": 0, "Layer": "De Schans west", "Shape_Length": 1958.3227175972593, "Shape_Area": 230276.5992783824}}, {"type": "Feature", "id": 29, "geometry": {"type": "Polygon", "coordinates": [[[104596.5337000005, 458996.6468000002], [104592.81019999832, 458959.46880000085], [104600.84899999946, 458946.7030000016], [104612.46139999852, 458945.5234000012], [104641.73999999836, 458943.10830000043], [104671.15129999816, 458941.8762000017], [104704.99940000102, 458940.97190000117], [104736.49109999835, 458941.4646999985], [104743.40709999949, 458941.25349999964], [104744.11389999837, 458913.6992999986], [104737.98730000108, 458913.2848000005], [104738.30700000003, 458885.5549999997], [104728.31639999896, 458880.117899999], [104728.47949999943, 458875.71649999917], [104729.48910000175, 458823.3830000013], [104726.98429999873, 458816.46819999814], [104727.3209999986, 458761.3570000008], [104725.61389999837, 458755.28390000015], [104725.3546999991, 458699.4770999998], [104750.61070000008, 458700.29509999976], [104749.71429999918, 458691.82829999924], [104759.48460000008, 458691.633200001], [104763.79940000176, 458785.4563000016], [104772.30220000073, 458922.1413999982], [104773.91340000182, 458951.03400000185], [104763.5364000015, 458960.1609000005], [104764.23110000044, 458989.0973000005], [104680.72019999847, 458990.2384000011], [104596.5337000005, 458996.6468000002]]]}, "properties": {"OBJECTID_1": 29, "OBJECTID": 29, "Type_stel": "Verbeterd gescheiden", "Type": " ", "Voert_af_n": "4C", "Bmaling_ni": "Quadriviumlaan Renaissancelaan", "Nr_": "4", "Kern_Nr": "4G", "oude": " ", "naam": " ", "Shape_Leng": 963.430098778, "Opmerking1": 0, "Layer": "Quadriviumlaan Renaissancelaan", "Shape_Length": 963.4300987784013, "Shape_Area": 17108.268796743258}}, {"type": "Feature", "id": 30, "geometry": {"type": "Polygon", "coordinates": [[[104839.65590000153, 460365.16259999946], [104846.94220000133, 460361.8911000006], [104869.3200000003, 460351.95749999955], [104884.23099999875, 460359.2100000009], [104890.9001000002, 460360.6341000013], [104923.83659999818, 460366.40370000154], [104934.27959999815, 460368.0438000001], [104981.14600000158, 460370.3299999982], [105019.97619999945, 460365.7947999984], [105029.03209999949, 460421.37680000067], [105023.89220000058, 460455.1909000017], [105010.97260000184, 460454.4129999988], [105010.97089999914, 460472.2897000015], [105008.89200000092, 460536.30799999833], [104990.02540000156, 460535.94420000166], [104966.75809999928, 460535.89719999954], [104967.88259999827, 460478.5832999982], [104926.85979999974, 460473.8938000016], [104890.79289999977, 460470.07919999957], [104882.25510000065, 460455.1110999994], [104870.29069999978, 460447.0573000014], [104868.00459999964, 460439.2773000002], [104870.0401000008, 460408.6096000001], [104858.47100000083, 460402.75499999896], [104855.30999999866, 460399.63599999994], [104855.13839999959, 460392.0104999989], [104850.1240000017, 460383.3969999999], [104845.43189999834, 460378.5883000009], [104840.95279999822, 460372.2725000009], [104839.65590000153, 460365.16259999946]]]}, "properties": {"OBJECTID_1": 30, "OBJECTID": 30, "Type_stel": "Verbeterd gescheiden", "Type": "Wonen", "Voert_af_n": "1A", "Bmaling_ni": "Tenniscomplex Bospark", "Nr_": "1", "Kern_Nr": "1D", "oude": "1M", "naam": " ", "Shape_Leng": 675.494375956, "Opmerking1": 0, "Layer": "Tenniscomplex Bospark", "Shape_Length": 675.4943759559417, "Shape_Area": 19864.07291761386}}, {"type": "Feature", "id": 31, "geometry": {"type": "Polygon", "coordinates": [[[104589.39950000122, 461929.73530000076], [104594.43360000104, 462019.80310000107], [104598.53610000014, 462093.2041000016], [104596.49300000072, 462105.4250999987], [104492.40210000053, 462100.12420000136], [104456.41869999841, 462103.2991999984], [104342.94460000098, 462123.93079999834], [104343.69509999827, 462117.03759999946], [104365.308699999, 461912.61829999834], [104402.33960000053, 461915.9662999995], [104545.47949999943, 461927.87260000035], [104589.39950000122, 461929.73530000076]]]}, "properties": {"OBJECTID_1": 31, "OBJECTID": 31, "Type_stel": "Verbeterd gescheiden", "Type": " ", "Voert_af_n": "3G", "Bmaling_ni": "Van Oordtkade", "Nr_": "3", "Kern_Nr": "3F", "oude": "3K", "naam": " ", "Shape_Leng": 869.066302205, "Opmerking1": 10, "Layer": "Van Oordtkade", "Shape_Length": 869.066302204832, "Shape_Area": 44414.61361443381}}, {"type": "Feature", "id": 32, "geometry": {"type": "Polygon", "coordinates": [[[103123.23279999942, 460158.18180000037], [103121.58399999887, 460139.7368000001], [103108.88390000165, 460107.56340000033], [103093.64389999956, 460072.8500000015], [103070.78390000015, 460035.5965999998], [103038.61050000042, 459987.3365000002], [103010.7666000016, 459949.9274000004], [103020.47080000117, 459943.6169000007], [103030.02549999952, 459936.7829999998], [103107.92819999903, 459885.72140000015], [103133.14990000054, 459878.00979999825], [103165.45320000127, 459873.28559999913], [103186.59039999917, 459873.13430000097], [103205.47170000151, 459875.72740000114], [103224.3898999989, 459882.40989999846], [103241.60209999979, 459892.9387000017], [103256.99329999834, 459907.1031999998], [103286.44099999964, 459933.1862999983], [103325.27109999955, 459966.375599999], [103378.01790000126, 460013.15260000154], [103424.95450000092, 460056.5001000017], [103450.08100000024, 460078.4805999994], [103474.48719999939, 460095.6779000014], [103491.85880000144, 460105.84230000153], [103526.68310000002, 460121.8416999988], [103565.13670000061, 460139.4101999998], [103639.5335999988, 460165.08940000087], [103631.46409999952, 460188.4679000005], [103668.11050000042, 460201.1169999987], [103682.4803000018, 460206.0769999996], [103684.70899999887, 460217.26209999993], [103658.10480000079, 460280.7727999985], [103520.99980000034, 460218.90029999986], [103123.23279999942, 460158.18180000037]]]}, "properties": {"OBJECTID_1": 32, "OBJECTID": 32, "Type_stel": "Verbeterd gescheiden", "Type": " ", "Voert_af_n": "4A", "Bmaling_ni": "Curieweg", "Nr_": "4", "Kern_Nr": "4B", "oude": " ", "naam": " ", "Shape_Leng": 1695.44763171, "Opmerking1": 0, "Layer": "Curieweg", "Shape_Length": 1695.4476317094225, "Shape_Area": 113820.61069999647}}, {"type": "Feature", "id": 33, "geometry": {"type": "Polygon", "coordinates": [[[103265.93409999833, 460838.9160999991], [103175.70089999959, 461072.66899999976], [103172.3161999993, 461080.06709999964], [103168.41360000148, 461087.2054999992], [103164.01280000061, 461094.0480999984], [103159.1361999996, 461100.55999999866], [103153.80849999934, 461106.7083999999], [103148.05669999868, 461112.4620000012], [103135.41039999947, 461124.8599999994], [103123.17500000075, 461137.6634999998], [103111.36329999939, 461150.85909999907], [103099.98809999973, 461164.432599999], [103089.06120000035, 461178.3696999997], [103079.3060999997, 461190.67639999837], [103076.71269999817, 461192.7958999984], [103073.8172999993, 461194.47940000147], [103070.6922999993, 461195.68459999934], [103067.41629999876, 461196.3812999986], [103064.07140000165, 461196.55209999904], [103060.74139999971, 461196.19260000065], [103057.51000000164, 461195.3117999993], [103054.45820000023, 461193.93189999834], [103051.66250000149, 461192.08740000054], [103049.19310000166, 461189.8247000016], [103033.29179999977, 461177.9079999998], [103017.85350000113, 461165.39730000123], [103002.90040000156, 461152.31060000136], [102988.45380000025, 461138.6667000018], [102974.53460000083, 461124.48519999906], [102961.16279999912, 461109.78649999946], [102948.3574000001, 461094.5916999988], [102936.13709999993, 461078.9224999994], [102924.51920000091, 461062.80160000175], [102913.52059999853, 461046.2520999983], [102903.15680000186, 461029.29769999906], [102893.44299999997, 461011.96269999817], [102887.0912999995, 461000.5839000009], [102881.41829999909, 460988.8519000001], [102876.44350000098, 460976.8071999997], [102872.18409999833, 460964.4913999997], [102868.65469999984, 460951.94680000097], [102865.8676000014, 460939.2166999988], [102863.83240000159, 460926.3449999988], [102862.55600000173, 460913.3761], [102862.0428000018, 460900.3546000011], [102862.29470000044, 460887.3253999986], [102863.31069999933, 460874.3335000016], [102865.08740000054, 460861.4235999994], [102867.6185999997, 460848.64020000026], [102870.89559999853, 460836.0273000002], [102874.90720000118, 460823.62849999964], [102879.63940000162, 460811.4864999987], [102885.07600000128, 460799.6431000009], [102894.51199999824, 460782.9835000001], [102906.39880000055, 460763.5659000017], [102917.78009999916, 460743.8478000015], [102928.64829999954, 460723.84219999984], [102931.4235999994, 460716.34540000185], [102932.15960000083, 460713.79890000075], [102933.30810000002, 460711.4098000005], [102934.83720000088, 460709.2446000017], [102936.70439999923, 460707.3630999997], [102938.85810000077, 460705.8176999986], [102941.23840000108, 460704.65129999816], [102943.77930000052, 460703.89609999955], [102948.45010000095, 460698.5742000006], [103195.85790000111, 460789.7974999994], [103236.37750000134, 460804.6757999994], [103255.1876000017, 460811.58399999887], [103258.93560000136, 460812.998399999], [103261.3011999987, 460813.9006000012], [103263.68090000004, 460814.8082999997], [103266.02809999883, 460815.7034999989], [103273.90410000086, 460818.7074000016], [103271.6361999996, 460824.8251999989], [103271.14660000056, 460826.0218000002], [103268.627700001, 460832.3718000017], [103267.6453000009, 460834.71770000085], [103266.7921999991, 460836.81060000136], [103265.93409999833, 460838.9160999991]]]}, "properties": {"OBJECTID_1": 33, "OBJECTID": 33, "Type_stel": "Verbeterd gescheiden", "Type": "Bedrijven", "Voert_af_n": "1O", "Bmaling_ni": "Maatschapslaan", "Nr_": "1", "Kern_Nr": "1R", "oude": "1H", "naam": " ", "Shape_Leng": 1386.83659618, "Opmerking1": 0, "Layer": "Maatschapslaan", "Shape_Length": 1386.8365961833272, "Shape_Area": 129059.20473064797}}, {"type": "Feature", "id": 34, "geometry": {"type": "Polygon", "coordinates": [[[103175.70089999959, 461072.66899999976], [103265.93400000036, 460838.91600000113], [103271.22239999846, 460825.94249999896], [103271.34369999915, 460825.8801999986], [103271.45340000093, 460825.7991000004], [103271.5485999994, 460825.7012999989], [103271.62669999897, 460825.58949999884], [103271.68580000103, 460825.46660000086], [103271.72430000082, 460825.33570000157], [103271.74109999835, 460825.2003999986], [103271.73589999974, 460825.064100001], [103271.7087999992, 460824.930399999], [103271.66050000116, 460824.8029000014], [103273.90410000086, 460818.7074000016], [103423.01579999924, 460875.58960000053], [103326.71669999883, 461106.8828999996], [103325.1959999986, 461111.2928000018], [103324.30169999972, 461116.0628999993], [103324.04019999877, 461120.9299999997], [103324.45919999853, 461125.7386999987], [103325.51350000128, 461130.51480000094], [103327.21939999983, 461135.06599999964], [103329.51449999958, 461139.33900000155], [103332.36569999903, 461143.254900001], [103335.76040000096, 461146.78550000116], [103339.66259999946, 461149.81540000066], [103343.83590000123, 461152.3033000007], [103370.0362999998, 461164.93719999865], [103396.53519999981, 461176.89449999854], [103423.35229999945, 461188.15509999916], [103450.48429999873, 461198.72100000083], [103477.80799999833, 461208.5604000017], [103505.44209999964, 461217.6875], [103533.066300001, 461226.0124000013], [103536.83949999884, 461227.44750000164], [103540.14149999991, 461229.43400000036], [103543.02760000154, 461231.94220000133], [103545.42049999908, 461234.8949000016], [103547.27679999918, 461238.2001999989], [103548.56379999965, 461241.882100001], [103549.15329999849, 461245.6191000007], [103549.09459999949, 461249.4978], [103548.38390000165, 461253.2756000012], [103536.32889999822, 461294.64559999853], [103523.59039999917, 461335.64880000055], [103522.63859999925, 461337.9741999991], [103521.33300000057, 461340.12099999934], [103519.70580000058, 461342.03559999913], [103517.79780000076, 461343.6704999991], [103515.65639999881, 461344.98479999974], [103513.33480000123, 461345.9459999986], [103510.8909999989, 461346.5300000012], [103499.20120000094, 461384.5592], [103498.60990000144, 461386.02149999887], [103497.7762000002, 461387.3603999987], [103496.72500000149, 461388.53620000184], [103495.48750000075, 461389.51410000026], [103494.10060000047, 461390.26509999856], [103492.6053000018, 461390.76680000126], [103491.04610000178, 461391.0044], [103489.46920000017, 461390.9708000012], [103487.9215000011, 461390.66699999943], [103486.44900000095, 461390.1020000018], [103461.49720000103, 461380.67990000173], [103459.66800000146, 461380.1506999992], [103457.7778000012, 461379.9182000011], [103455.87469999865, 461379.9880999997], [103454.00670000166, 461380.35869999975], [103452.22100000083, 461381.02059999853], [103450.56280000135, 461381.95699999854], [103449.0738000013, 461383.1444000006], [103447.79179999977, 461384.55270000175], [103446.74920000136, 461386.1462999992], [103445.9721999988, 461387.88500000164], [103426.45949999988, 461443.5496000014], [103426.06909999996, 461444.4609000012], [103425.62070000172, 461445.55270000175], [103424.99379999936, 461446.5527999997], [103424.20670000091, 461447.43239999935], [103423.28200000152, 461448.16600000113], [103422.24639999866, 461448.7324000001], [103421.12990000099, 461449.1152999997], [103419.9646999985, 461449.30359999835], [103418.78449999914, 461449.29199999943], [103329.66950000077, 461404.63219999894], [103300.4215000011, 461388.0267999992], [103280.51429999992, 461376.85649999976], [103260.98090000078, 461365.04470000044], [103241.84200000018, 461352.6041000001], [103223.1176000014, 461339.5476000011], [103204.82779999822, 461325.88919999823], [103186.99170000106, 461311.6433000006], [103169.62840000167, 461296.82499999925], [103152.75600000098, 461281.4497999996], [103136.3925999999, 461265.5342000015], [103120.55530000106, 461249.09490000084], [103105.26089999825, 461232.14930000156], [103090.52569999918, 461214.7153000012], [103076.36520000175, 461196.8114], [103076.28559999913, 461196.76359999925], [103076.1997999996, 461196.7283000015], [103076.10960000008, 461196.70639999956], [103076.01709999889, 461196.69839999825], [103075.92449999973, 461196.7045000009], [103079.40410000086, 461190.5527999997], [103089.40810000151, 461178.00450000167], [103103.67720000073, 461160.0304999985], [103118.99170000106, 461142.33689999953], [103134.8310999982, 461125.46620000154], [103153.94629999995, 461106.54940000176], [103159.22170000151, 461100.44579999894], [103164.08689999953, 461094.0322000012], [103168.50160000101, 461087.0445000008], [103172.32200000063, 461080.1416000016], [103175.70089999959, 461072.66899999976]]]}, "properties": {"OBJECTID_1": 34, "OBJECTID": 34, "Type_stel": "Verbeterd gescheiden", "Type": "Bedrijven", "Voert_af_n": "1N", "Bmaling_ni": "Genielaan", "Nr_": "1", "Kern_Nr": "1O", "oude": "1E", "naam": " ", "Shape_Leng": 1838.8049025, "Opmerking1": 0, "Layer": "Genielaan", "Shape_Length": 1838.804902498195, "Shape_Area": 137553.7505883334}}, {"type": "Feature", "id": 35, "geometry": {"type": "Polygon", "coordinates": [[[103548.38360000029, 461253.27739999816], [103591.87649999931, 461272.20529999956], [103593.19640000165, 461272.8924999982], [103594.77109999955, 461273.41420000046], [103596.33889999986, 461273.6226999983], [103597.99269999936, 461273.56760000065], [103599.58529999852, 461273.23910000175], [103600.98930000141, 461272.6743000001], [103602.37139999866, 461271.85489999875], [103603.6072999984, 461270.76099999994], [103604.56929999962, 461269.5821999982], [103605.3134999983, 461268.2908000015], [104004.2787999995, 461406.11389999837], [104009.74219999835, 461408.4052999988], [104014.8654000014, 461411.381000001], [104019.56309999898, 461414.99130000174], [104023.75699999928, 461419.1763000004], [104027.37739999965, 461423.86620000005], [104030.36410000175, 461428.98310000077], [104032.66739999875, 461434.4417999983], [104034.2489, 461440.15150000155], [104035.08249999955, 461446.01740000024], [104035.15410000086, 461451.9417000003], [104034.4626000002, 461457.8258999996], [104033.01960000023, 461463.57229999825], [104014.71499999985, 461519.9926000014], [103996.05570000038, 461576.2963999994], [103994.72879999876, 461579.2012999989], [103992.93620000035, 461581.84430000186], [103990.72789999843, 461584.15139999986], [103988.16589999944, 461586.05790000036], [103985.32189999893, 461587.5106000006], [103982.27540000156, 461588.46869999915], [103979.11180000007, 461588.9054999985], [103975.91970000044, 461588.80860000104], [103972.78840000182, 461588.18079999834], [103953.18400000036, 461583.0533000007], [103933.73099999875, 461577.3784000017], [103914.44460000098, 461571.1607000008], [103895.33999999985, 461564.4050000012], [103876.43230000138, 461557.11659999937], [103857.73620000109, 461549.3011999987], [103854.89220000058, 461549.52219999954], [103841.88749999925, 461543.813000001], [103828.63149999827, 461538.71460000053], [103815.1528000012, 461534.2380999997], [103801.48050000146, 461530.3931000009], [103787.64420000091, 461527.188000001], [103787.66010000184, 461524.8896000013], [103732.25539999828, 461514.31219999865], [103676.70710000023, 461504.5159999989], [103621.02650000155, 461495.5029999986], [103565.22439999878, 461487.2749999985], [103534.90799999982, 461481.2943000011], [103504.74280000106, 461474.59259999916], [103474.74599999934, 461467.1737000011], [103444.93450000137, 461459.04190000147], [103436.0020999983, 461456.41120000184], [103427.27169999853, 461453.17280000076], [103418.76260000095, 461449.2809999995], [103420.02210000157, 461449.2943000011], [103421.09549999982, 461449.1209000014], [103422.20639999956, 461448.74610000104], [103423.33029999956, 461448.14930000156], [103424.28280000016, 461447.3951999992], [103425.02360000089, 461446.5353000015], [103425.77769999951, 461445.2652999982], [103426.77519999817, 461442.7259999998], [103427.03869999945, 461442.0505999997], [103445.97230000049, 461387.88479999825], [103446.74920000136, 461386.14620000124], [103447.79190000147, 461384.55270000175], [103449.0738000013, 461383.14449999854], [103450.56269999966, 461381.9571999982], [103452.22089999914, 461381.0207000002], [103454.00649999827, 461380.3588999994], [103455.87449999899, 461379.9884000011], [103457.77749999985, 461379.9184000008], [103459.66759999841, 461380.15100000054], [103461.49700000137, 461380.6799999997], [103486.4488000013, 461390.1019000001], [103487.92110000178, 461390.6667999998], [103489.46880000085, 461390.9706000015], [103491.04569999874, 461391.0042000003], [103492.60489999875, 461390.7666000016], [103494.10020000115, 461390.26480000094], [103495.48710000142, 461389.5137999989], [103496.72459999844, 461388.5357999988], [103497.77580000088, 461387.3599999994], [103498.60949999839, 461386.02109999955], [103499.20100000128, 461384.55900000036], [103510.89079999924, 461346.5298999995], [103513.33449999988, 461345.94590000063], [103515.6559999995, 461344.98479999974], [103517.7974999994, 461343.6704999991], [103519.70560000092, 461342.03559999913], [103521.3328000009, 461340.12099999934], [103522.63850000128, 461337.9743000008], [103523.5903000012, 461335.64880000055], [103536.32889999822, 461294.64559999853], [103548.38360000029, 461253.27739999816]]]}, "properties": {"OBJECTID_1": 35, "OBJECTID": 35, "Type_stel": "Gemengd", "Type": "Bedrijven", "Voert_af_n": "1O", "Bmaling_ni": "Ondernemingsweg", "Nr_": "1", "Kern_Nr": "1S", "oude": "1I", "naam": " ", "Shape_Leng": 1553.08377057, "Opmerking1": 0, "Layer": "Ondernemingsweg", "Shape_Length": 1553.083770566532, "Shape_Area": 107880.90097238633}}, {"type": "Feature", "id": 36, "geometry": {"type": "Polygon", "coordinates": [[[105467.4039000012, 461532.5828999989], [105455.17029999942, 461600.9087000005], [105344.39730000123, 461719.69370000064], [105316.05389999971, 461740.68019999936], [105280.49179999903, 461702.2476999983], [105289.93730000034, 461694.40459999815], [105316.9899000004, 461666.4541000016], [105355.03979999945, 461614.06500000134], [105378.39059999958, 461580.4556000009], [105412.59519999847, 461507.6086000018], [105421.69900000095, 461478.6240000017], [105426.35000000149, 461442.67749999836], [105443.27149999887, 461268.9470000006], [105438.07649999857, 461116.6655000001], [105440.67449999973, 461056.04850000143], [105436.4059999995, 460935.79199999943], [105439.73800000176, 460802.1499999985], [105445.18149999902, 460748.27699999884], [105431.71049999818, 460590.4670000002], [105428.93299999833, 460561.47399999946], [105412.74599999934, 460455.13500000164], [105407.31500000134, 460429.01099999994], [105402.8440000005, 460322.16800000146], [105403.01199999824, 460290.7094999999], [105402.94900000095, 460221.3200000003], [105402.06700000167, 460213.6079999991], [105399.75600000098, 460195.0104999989], [105398.5934999995, 460185.2039999999], [105397.67100000009, 460140.0709999986], [105397.72100000083, 460061.05249999836], [105403.29699999839, 459967.38699999824], [105405.92680000141, 459950.2305999994], [105458.3574000001, 459962.623300001], [105487.99080000073, 459964.21079999954], [105512.33249999955, 459963.15249999985], [105545.67009999976, 459961.0357999988], [105575.30350000039, 459958.3900000006], [105609.17020000145, 459953.0982999988], [105635.62860000134, 459947.27749999985], [105880.08289999887, 460010.43890000135], [105912.46799999848, 459894.23369999975], [106029.51990000159, 459918.15210000053], [106104.57699999958, 459705.1303000003], [106138.79839999974, 459718.9818000011], [106138.14950000122, 459723.383200001], [106132.72300000116, 459755.66259999946], [106127.53009999916, 459782.8084000014], [106121.66770000011, 459809.817400001], [106115.13929999992, 459836.67330000177], [106107.94889999926, 459863.3594999984], [106100.10090000182, 459889.85979999974], [106094.7489, 459908.1138000004], [106089.9497999996, 459926.5208999999], [106085.70789999887, 459945.06430000067], [106082.02710000053, 459963.72729999945], [106078.91090000048, 459982.492899999], [106059.19519999996, 460113.3958999999], [106040.3515000008, 460289.11100000143], [106030.7965000011, 460405.8590000011], [106023.13500000164, 460516.7179999985], [106011.14200000092, 460582.5020000003], [105968.14200000092, 460704.5859999992], [105925.98470000178, 460801.06439999864], [105867.93710000068, 460939.2773000002], [105840.78500000015, 461000.12099999934], [105802.7109999992, 461107.09899999946], [105771.57800000161, 461179.9884000011], [105719.33399999887, 461302.7914999984], [105686.24799999967, 461370.757100001], [105648.51150000095, 461440.8524999991], [105609.90100000054, 461506.02650000155], [105593.38800000027, 461535.54199999943], [105557.97500000149, 461529.98600000143], [105549.47599999979, 461533.6730000004], [105521.69999999925, 461533.5859999992], [105509.37249999866, 461529.6565000005], [105467.4039000012, 461532.5828999989]]]}, "properties": {"OBJECTID_1": 36, "OBJECTID": 36, "Type_stel": "Gemengd", "Type": "Wonen", "Voert_af_n": "RWZI AN", "Bmaling_ni": "Centrum lage zijde", "Nr_": "2", "Kern_Nr": "2A", "oude": "2A/01", "naam": "Alphen Lage Zijde", "Shape_Leng": 5153.15174357, "Opmerking1": 1, "Layer": "Centrum lage zijde", "Shape_Length": 5153.151743567186, "Shape_Area": 790333.9605804622}}, {"type": "Feature", "id": 37, "geometry": {"type": "Polygon", "coordinates": [[[105375.15459999815, 460123.4136000015], [105373.83610000089, 460274.4561999999], [105385.71249999851, 460483.79459999874], [105408.13390000165, 460610.15089999884], [105411.03810000047, 460725.8002000004], [105406.88740000129, 460832.0672999993], [105406.18560000136, 460924.7628000006], [105414.23270000145, 461101.32090000063], [105415.13679999858, 461161.33469999954], [105412.70439999923, 461256.5683000013], [105407.54890000075, 461325.46499999985], [105395.15069999918, 461404.0516999997], [105385.18219999969, 461446.8753999993], [105367.21510000154, 461506.184799999], [105359.91270000115, 461524.2894000001], [105347.69079999998, 461549.3830000013], [105334.10020000115, 461572.38369999826], [105317.04989999905, 461596.44619999826], [105301.82050000131, 461614.71489999816], [105279.2276000008, 461637.4835000001], [105266.52679999918, 461648.8365000002], [105243.26539999992, 461666.6319000013], [105213.6997999996, 461685.10869999975], [105185.19860000163, 461699.2419999987], [105152.10060000047, 461711.7522], [105107.70580000058, 461725.06060000136], [105039.67110000178, 461745.3528999984], [104974.93100000173, 461764.69900000095], [104926.58240000159, 461780.5694000013], [104879.66739999875, 461793.7344999984], [104838.63839999959, 461803.506000001], [104753.37950000167, 461818.7954000011], [104683.76619999856, 461825.993999999], [104612.7509999983, 461827.3044999987], [104537.2826000005, 461821.96449999884], [104441.01709999889, 461804.84789999947], [104380.49230000004, 461789.91479999945], [104326.59910000116, 461775.68459999934], [104257.65680000186, 461755.35350000113], [104064.67139999941, 461671.89119999856], [104054.51080000028, 461661.8310999982], [104050.82440000027, 461653.39880000055], [104049.69049999863, 461645.6629000008], [104050.38149999827, 461638.2652999982], [104054.05620000139, 461626.7069000006], [104101.20749999955, 461487.07730000094], [104188.06670000032, 461229.86019999906], [104229.4037999995, 461107.4479999989], [104243.38369999826, 461083.0146000013], [104261.51350000128, 461065.67170000076], [104278.54769999906, 461054.7010000013], [104292.71049999818, 461034.83579999954], [104293.7703000009, 460999.34490000084], [104290.56190000102, 460953.29769999906], [104235.17859999835, 460958.4081000015], [104198.8916000016, 460961.7564999983], [104199.78660000116, 460937.308699999], [104131.26570000127, 460905.0091999993], [104125.22019999847, 460870.9798000008], [104154.10979999974, 460776.181499999], [104155.87590000033, 460705.0230999999], [104156.6063000001, 460643.59430000186], [104158.80700000003, 460562.3881999999], [104168.03460000083, 460545.20980000123], [104178.43580000103, 460532.7104999982], [104207.82770000026, 460513.20160000026], [104303.10480000079, 460485.50360000134], [104413.22989999875, 460444.3746000007], [104507.10660000145, 460399.7815000005], [104539.01419999823, 460385.7338999994], [104632.18569999933, 460333.0414999984], [104694.81639999896, 460285.441300001], [104757.99159999937, 460232.9210000001], [104805.0720999986, 460185.4624999985], [104829.25519999862, 460152.1704000011], [104855.42779999971, 460110.60119999945], [104876.37819999829, 460072.95809999853], [104954.25860000029, 460099.2404999994], [104970.04199999943, 460106.757100001], [104988.77450000122, 460116.59970000014], [105010.99949999899, 460127.3946999982], [105024.96959999949, 460141.36470000073], [105034.17709999904, 460146.1272], [105051.00459999964, 460148.6671999991], [105074.81720000133, 460150.88969999924], [105098.62970000133, 460152.4772000015], [105113.23470000178, 460154.0647], [105135.77730000019, 460155.0172000006], [105151.67350000143, 460156.3242999986], [105155.48350000009, 460111.02749999985], [105375.15459999815, 460123.4136000015]]]}, "properties": {"OBJECTID_1": 37, "OBJECTID": 37, "Type_stel": "Gemengd", "Type": "Wonen", "Voert_af_n": "RWZI KZ", "Bmaling_ni": "Centrum hoge zijde", "Nr_": "1", "Kern_Nr": "1A", "oude": "1A", "naam": "Alphen Hoge Zijde", "Shape_Leng": 5598.38252112, "Opmerking1": 0, "Layer": "Centrum hoge zijde", "Shape_Length": 5598.382521123454, "Shape_Area": 1843259.3769200742}}, {"type": "Feature", "id": 38, "geometry": {"type": "Polygon", "coordinates": [[[102923.72150000185, 460690.6138000004], [103009.70210000128, 460496.0689000003], [103066.79500000179, 460371.90370000154], [103092.62269999832, 460354.21070000157], [103140.18409999833, 460358.08040000126], [103574.97480000183, 460436.45439999923], [103589.42000000179, 460451.5069999993], [103587.18039999902, 460477.53079999983], [103578.77389999852, 460503.2259000018], [103416.45769999921, 460473.12519999966], [103400.97030000016, 460511.0841999985], [103563.47899999842, 460539.66490000114], [103423.01579999924, 460875.58960000053], [103256.26089999825, 460811.9781999998], [102992.15439999849, 460714.6887000017], [102948.4283999987, 460698.57829999924], [102923.72150000185, 460690.6138000004]]]}, "properties": {"OBJECTID_1": 38, "OBJECTID": 38, "Type_stel": "Verbeterd gescheiden", "Type": "Bedrijven", "Voert_af_n": "1N", "Bmaling_ni": "Distributieweg", "Nr_": "1", "Kern_Nr": "1P", "oude": "1F", "naam": " ", "Shape_Leng": 2211.88370052, "Opmerking1": 0, "Layer": "Distributieweg", "Shape_Length": 2211.883700524416, "Shape_Area": 215155.91867077505}}, {"type": "Feature", "id": 39, "geometry": {"type": "Polygon", "coordinates": [[[103441.08089999855, 459616.250500001], [103472.53299999982, 459635.23800000176], [103479.80710000172, 459648.0229999982], [103487.72320000082, 459660.42080000043], [103496.26069999859, 459672.3990999982], [103505.3975000009, 459683.9268000014], [103515.10990000144, 459694.9739000015], [103525.37249999866, 459705.5117999986], [103536.1587000005, 459715.51309999824], [103547.44060000032, 459724.9517999999], [103559.18870000169, 459733.8033000007], [103571.37260000035, 459742.0447999984], [103583.96070000157, 459749.65469999984], [103596.92009999976, 459756.6130999997], [104113.28700000048, 460017.1469999999], [104493.30600000173, 460254.33900000155], [104434.6400000006, 460403.3049999997], [104433.06210000068, 460407.6656000018], [104430.81789999828, 460411.72370000184], [104427.96310000122, 460415.3781999983], [104424.56899999827, 460418.5379999988], [104420.71999999881, 460421.124499999], [104416.51199999824, 460423.0731999986], [104390.44839999825, 460432.30270000175], [104364.13060000166, 460440.78009999916], [104337.58029999956, 460448.498399999], [104310.81929999962, 460455.45120000094], [104283.86969999969, 460461.6328999996], [104256.753800001, 460467.03830000013], [104229.49390000105, 460471.6629999988], [104202.11239999905, 460475.5031000003], [104174.63190000132, 460478.5555000007], [104147.07519999892, 460480.8176999986], [104119.46480000019, 460482.28770000115], [104091.82360000163, 460482.96449999884], [104064.17440000176, 460482.84739999846], [104036.5399999991, 460481.9365000017], [104008.94310000166, 460480.23259999976], [103981.4065000005, 460477.7371000014], [103953.95289999992, 460474.4519999996], [103926.60489999875, 460470.38010000065], [103899.38500000164, 460465.52490000054], [103729.02499999851, 460432.60599999875], [103618.09039999917, 460412.05999999866], [103604.41120000184, 460408.9970000014], [103684.70899999887, 460217.26209999993], [103682.4803000018, 460206.0769999996], [103631.46409999952, 460188.4679000005], [103639.5335999988, 460165.08940000087], [103565.1261, 460139.44469999894], [103531.36800000072, 460123.98209999874], [103530.09950000048, 460123.37040000036], [103516.6352000013, 460117.2254000008], [103503.04580000043, 460111.0011], [103491.88030000031, 460105.8284999989], [103474.48719999939, 460095.6779000014], [103464.08579999954, 460088.3658999987], [103450.05070000142, 460078.4541000016], [103440.56159999967, 460070.1308000013], [103429.22690000013, 460060.39939999953], [103392.45870000124, 460026.3121000007], [103355.14130000025, 459992.61989999935], [103317.26689999923, 459959.5340999998], [103279.01159999892, 459926.6057000011], [103269.79890000075, 459918.35660000145], [103257.05409999937, 459907.1570000015], [103251.22819999978, 459901.7974999994], [103241.6127000004, 459892.94849999994], [103239.39510000125, 459891.5885999985], [103232.4849999994, 459887.3616999984], [103224.40190000087, 459882.4173000008], [103218.77980000153, 459880.42819999903], [103211.46660000086, 459877.85069999844], [103207.05460000038, 459876.28649999946], [103205.47170000151, 459875.72740000114], [103301.39519999921, 459738.94519999996], [103310.92020000145, 459728.36190000176], [103322.56190000102, 459720.9534999989], [103331.02859999985, 459714.60350000113], [103349.0203000009, 459708.25349999964], [103358.54529999942, 459705.0784999989], [103368.07030000165, 459702.96180000156], [103380.7703000009, 459695.5535000004], [103409.34540000185, 459652.1616999991], [103441.08089999855, 459616.250500001]]]}, "properties": {"OBJECTID_1": 39, "OBJECTID": 39, "Type_stel": "Gescheiden", "Type": " ", "Voert_af_n": "RWZI KZ", "Bmaling_ni": "Molenwetering", "Nr_": "4", "Kern_Nr": "4A", "oude": " ", "naam": " ", "Shape_Leng": 3438.97169017, "Opmerking1": 0, "Layer": "Molenwetering", "Shape_Length": 3438.971690171248, "Shape_Area": 515809.1447643309}}, {"type": "Feature", "id": 40, "geometry": {"type": "Polygon", "coordinates": [[[103400.97030000016, 460511.0841999985], [103416.45769999921, 460473.12519999966], [103578.77389999852, 460503.2259000018], [103563.47899999842, 460539.66490000114], [103400.97030000016, 460511.0841999985]]]}, "properties": {"OBJECTID_1": 40, "OBJECTID": 40, "Type_stel": "Gescheiden", "Type": "Bedrijven", "Voert_af_n": "1N", "Bmaling_ni": "Caninuspad", "Nr_": "1", "Kern_Nr": "1Q", "oude": "1G", "naam": " ", "Shape_Leng": 410.6021303, "Opmerking1": 0, "Layer": "Caninuspad", "Shape_Length": 410.6021302998352, "Shape_Area": 6493.167842186266}}, {"type": "Feature", "id": 41, "geometry": {"type": "Polygon", "coordinates": [[[104199.5390000008, 460937.0175999999], [104199.84530000016, 460937.33619999886], [104199.91829999909, 460937.4629999995], [104198.93699999899, 460961.6130999997], [104198.81810000166, 460961.78449999914], [104072.09090000018, 461343.25829999894], [104070.07800000161, 461348.22309999913], [104067.41299999878, 461352.95120000094], [104064.15890000015, 461357.2996999994], [104060.37240000069, 461361.19949999824], [104056.1464000009, 461364.5705000013], [104051.50290000066, 461367.3751000017], [104046.5287999995, 461369.5678000003], [104041.33639999852, 461371.0929000005], [104035.97850000113, 461371.9490999989], [103657.77589999884, 461245.54360000044], [103652.2798999995, 461244.10599999875], [103646.63969999924, 461243.4101999998], [103640.8674999997, 461243.47839999944], [103635.24060000107, 461244.2921000011], [103629.77149999887, 461245.8458000012], [103624.55710000172, 461248.11199999973], [103619.68989999965, 461251.05050000176], [103615.25589999929, 461254.6094000004], [103611.3337999992, 461258.7254000008], [103607.99300000072, 461263.3258999996], [103605.29270000011, 461268.32919999957], [103604.56929999962, 461269.5821999982], [103603.59730000049, 461270.77320000157], [103602.37139999866, 461271.85489999875], [103600.97800000012, 461272.6810000017], [103599.57339999825, 461273.24390000105], [103597.9860999994, 461273.5689000003], [103596.32530000061, 461273.62310000136], [103594.75019999966, 461273.3995999992], [103593.22340000048, 461272.9065999985], [103591.83049999923, 461272.18129999936], [103548.38360000029, 461253.27739999816], [103549.09549999982, 461249.492899999], [103549.15349999815, 461245.62029999867], [103548.56370000169, 461241.8887999989], [103547.2778000012, 461238.2058000006], [103545.42480000108, 461234.90019999817], [103543.02430000156, 461231.940200001], [103540.14130000025, 461229.43569999933], [103536.8434999995, 461227.4508000016], [103533.26810000092, 461226.08520000055], [103505.3359999992, 461217.6554999985], [103477.7377000004, 461208.52600000054], [103450.35390000045, 461198.6741000004], [103423.25530000031, 461188.11730000004], [103396.42550000176, 461176.8484000005], [103369.93560000136, 461164.8995000012], [103343.73889999837, 461152.2456], [103339.55299999937, 461149.7501000017], [103335.74850000069, 461146.7762000002], [103332.37189999968, 461143.2633999996], [103329.51449999958, 461139.33900000155], [103327.21550000086, 461135.058699999], [103325.51550000161, 461130.4866000004], [103324.46269999817, 461125.77899999917], [103324.03970000148, 461120.93879999965], [103324.29830000177, 461116.0806000009], [103325.20199999958, 461111.3165999986], [103326.73330000043, 461106.8343999982], [103423.07620000094, 460875.444600001], [103578.77259999886, 460503.2289999984], [103656.05209999904, 460507.94849999994], [103868.23829999939, 460552.78240000084], [103873.14570000023, 460553.4598999992], [103878.09939999878, 460553.4360000007], [103882.99980000034, 460552.71130000055], [103887.74830000103, 460551.3000999987], [103892.24929999933, 460549.23099999875], [103896.41200000048, 460546.54569999874], [103900.15269999951, 460543.2980999984], [103904.56839999929, 460539.3484000005], [103909.39930000156, 460535.9189000018], [103914.58430000022, 460533.0529000014], [103920.05810000002, 460530.78649999946], [103925.75149999931, 460529.1484000012], [103931.59279999882, 460528.1592000015], [103937.50809999928, 460527.83150000125], [103972.0102000013, 460533.8665000014], [103976.75409999862, 460535.0678999983], [103981.26559999958, 460536.96350000054], [103985.4439000003, 460539.5108000003], [103989.19550000131, 460542.65300000086], [103992.43629999831, 460546.319600001], [103995.09389999881, 460550.42870000005], [103997.10889999941, 460554.8881999999], [103998.43609999865, 460559.5984000005], [103999.04580000043, 460564.45380000025], [103998.92430000007, 460569.34589999914], [103998.86569999903, 460572.4567999989], [103999.30860000104, 460575.53660000116], [104000.24139999971, 460578.504900001], [104001.63980000094, 460581.28440000117], [104003.4673999995, 460583.80249999836], [104005.67639999837, 460585.9937000014], [104008.20939999819, 460587.8007000014], [104011.0001000017, 460589.17650000006], [104130.89389999956, 460602.97140000015], [104135.78429999948, 460603.9349000007], [104140.4589000009, 460605.6653999984], [104144.79809999838, 460608.1185000017], [104148.69110000134, 460611.23149999976], [104152.03840000182, 460614.92500000075], [104154.75459999964, 460619.10449999943], [104157.07299999893, 460623.59750000015], [104154.89930000156, 460744.1462999992], [104154.59860000014, 460756.2644000016], [104154.3051000014, 460768.0883000009], [104154.10819999874, 460776.02270000055], [104149.26799999923, 460791.9052999988], [104145.6752000004, 460803.41160000116], [104135.50169999897, 460837.0778999999], [104125.38190000132, 460870.2851999998], [104126.46669999883, 460866.5234000012], [104125.30649999902, 460870.53240000084], [104125.38190000132, 460870.2851999998], [104125.22190000117, 460870.8398000002], [104126.33729999885, 460877.11780000106], [104127.41079999879, 460882.9189000018], [104128.39059999958, 460888.6757999994], [104129.22949999943, 460893.39759999886], [104130.24410000071, 460899.10869999975], [104130.86499999836, 460902.6037000008], [104131.26049999893, 460904.9455000013], [104135.90839999914, 460907.0395999998], [104146.01029999927, 460911.80150000006], [104151.27629999816, 460914.28379999846], [104155.85429999977, 460916.4417999983], [104161.47370000184, 460919.0907000005], [104164.80050000176, 460920.6424999982], [104199.5390000008, 460937.0175999999]]]}, "properties": {"OBJECTID_1": 41, "OBJECTID": 41, "Type_stel": "Gemengd", "Type": "Bedrijven", "Voert_af_n": "1A", "Bmaling_ni": "Eikenlaan", "Nr_": "1", "Kern_Nr": "1N", "oude": "1D", "naam": " ", "Shape_Leng": 2950.79616865, "Opmerking1": 0, "Layer": "Eikenlaan", "Shape_Length": 2950.7961686450594, "Shape_Area": 530966.4718542176}}, {"type": "Feature", "id": 42, "geometry": {"type": "Polygon", "coordinates": [[[105346.61609999835, 459345.4343000017], [105472.5439000018, 459159.3869000003], [105569.44000000134, 459096.80900000036], [105613.6959999986, 459095.8370000012], [105778.96499999985, 459121.0020000003], [105961.19099999964, 459108.85500000045], [106079.41569999978, 459085.26520000026], [106134.22100000083, 459091.93299999833], [106154.95899999887, 459198.8669999987], [106073.88199999928, 459241.91099999845], [105897.8440000005, 459313.3449999988], [105727.31529999897, 459393.90729999915], [105560.27290000021, 459516.2252999991], [105460.9653000012, 459644.98999999836], [105448.52809999883, 459668.4723000005], [105198.56049999967, 459562.94999999925], [105245.16730000079, 459482.55370000005], [105322.6988000013, 459383.16640000045], [105346.61609999835, 459345.4343000017]]]}, "properties": {"OBJECTID_1": 42, "OBJECTID": 42, "Type_stel": "Gemengd", "Type": "Wonen", "Voert_af_n": "1A", "Bmaling_ni": "Gouwsluis", "Nr_": "1", "Kern_Nr": "1G", "oude": "1B", "naam": " ", "Shape_Leng": 2420.34593941, "Opmerking1": 0, "Layer": "Gouwsluis", "Shape_Length": 2420.3459394140195, "Shape_Area": 249489.83424077072}}, {"type": "Feature", "id": 43, "geometry": {"type": "Polygon", "coordinates": [[[105355.81509999931, 462468.2512000017], [105381.37070000172, 462524.69889999926], [105388.99069999903, 462565.33900000155], [105395.75519999862, 462589.78810000047], [104641.42130000144, 462880.36609999835], [104636.2509999983, 462856.5826999992], [104638.1559999995, 462769.5874999985], [104634.34600000083, 462713.07239999995], [104614.66099999845, 462652.747299999], [104611.48600000143, 462580.35709999874], [104615.29600000009, 462539.7170000002], [104604.5009999983, 462512.4120000005], [104598.15089999884, 462486.37689999864], [104598.78599999845, 462430.4968000017], [104596.88089999929, 462417.79679999873], [104436.22560000047, 462435.5767999999], [104420.98559999838, 462476.2168999985], [104280.49240000173, 462493.50840000063], [104336.0260999985, 462180.85869999975], [104481.09099999815, 462157.27149999887], [104587.42159999907, 462159.5170999989], [104598.53610000014, 462093.2041000016], [104589.39950000122, 461929.73530000076], [104545.47949999943, 461927.87260000035], [104402.33960000053, 461915.9662999995], [104365.308699999, 461912.61829999834], [104369.67949999869, 461871.28009999916], [104416.2426000014, 461863.68890000135], [104486.38360000029, 461865.0500999987], [104585.4149999991, 461875.493999999], [104585.42749999836, 461875.65839999914], [104678.49489999935, 461878.1897], [104736.42550000176, 461876.04989999905], [104789.18320000172, 461869.36930000037], [104815.99210000038, 461863.95160000026], [104855.79989999905, 461853.58769999817], [105008.41770000011, 461809.7166999988], [105030.37900000066, 461803.4109000005], [105045.308699999, 461859.37150000036], [105080.4814000018, 461961.11609999835], [105108.33040000126, 462223.3275000006], [105167.30490000173, 462223.3275000006], [105293.17700000107, 462195.36250000075], [105329.14499999955, 462291.7208000012], [105334.22500000149, 462342.5208999999], [105334.22500000149, 462371.73099999875], [105341.84499999881, 462417.45109999925], [105355.81509999931, 462468.2512000017]]]}, "properties": {"OBJECTID_1": 43, "OBJECTID": 43, "Type_stel": "Gescheiden", "Type": " ", "Voert_af_n": "3A", "Bmaling_ni": "Ridderveld I west", "Nr_": "3", "Kern_Nr": "3E", "oude": "3D", "naam": " ", "Shape_Leng": 4392.21548554, "Opmerking1": 10, "Layer": "Ridderveld I west", "Shape_Length": 4392.215485536418, "Shape_Area": 664344.5747174548}}, {"type": "Feature", "id": 44, "geometry": {"type": "Polygon", "coordinates": [[[105030.37900000066, 461803.4109000005], [105137.91050000116, 461772.53510000184], [105189.0373999998, 461756.15670000017], [105205.49560000002, 461822.5410999991], [105215.79720000178, 461857.83150000125], [105235.84299999848, 461864.51999999955], [105252.54199999943, 461931.3685000017], [105223.87999999896, 461950.506000001], [105120.14299999923, 461978.74909999967], [105080.4814000018, 461961.11609999835], [105045.308699999, 461859.37150000036], [105030.37900000066, 461803.4109000005]]]}, "properties": {"OBJECTID_1": 44, "OBJECTID": 44, "Type_stel": "Gemengd", "Type": "Wonen", "Voert_af_n": "2A", "Bmaling_ni": "Oudshoornseweg", "Nr_": "2", "Kern_Nr": "2K", "oude": "2G", "naam": " ", "Shape_Leng": 711.706908028, "Opmerking1": 10, "Layer": "Oudshoornseweg", "Shape_Length": 711.7069080278454, "Shape_Area": 32219.13554620593}}, {"type": "Feature", "id": 45, "geometry": {"type": "Polygon", "coordinates": [[[103378.65700000152, 459468.29300000146], [103252.44179999828, 459395.28069999814], [103360.14799999818, 459193.1821999997], [103428.5073999986, 459064.40309999883], [103526.6565000005, 458912.4250999987], [103587.21810000017, 458818.6490000002], [103703.58439999819, 458917.88589999825], [103729.37570000067, 459001.9477000013], [103700.29780000076, 459025.71339999884], [103671.23580000177, 459052.2199999988], [103636.32169999927, 459088.6939000003], [103605.78090000153, 459125.7595000006], [103586.0848999992, 459152.9087000005], [103564.1708999984, 459181.069600001], [103495.78429999948, 459275.68129999936], [103454.15720000118, 459339.06109999865], [103438.74159999937, 459363.8284999989], [103389.64380000159, 459448.1479000002], [103378.65700000152, 459468.29300000146]]]}, "properties": {"OBJECTID_1": 45, "OBJECTID": 45, "Type_stel": "Drukriolering", "Type": " ", "Voert_af_n": "4C", "Bmaling_ni": "Sportpark", "Nr_": "4", "Kern_Nr": "4E", "oude": " ", "naam": " ", "Shape_Leng": 1640.91879045, "Opmerking1": 0, "Layer": "Sportpark", "Shape_Length": 1640.91879044619, "Shape_Area": 112117.88529490505}}, {"type": "Feature", "id": 46, "geometry": {"type": "Polygon", "coordinates": [[[107263.18789999932, 458352.1341000013], [107264.04030000046, 458352.06500000134], [107270.86360000074, 458352.2523000017], [107277.62669999897, 458353.17660000175], [107284.2501000017, 458354.8269999996], [107290.65610000119, 458357.18400000036], [107296.76960000023, 458360.2201000005], [107302.51889999956, 458363.8997000009], [107307.83650000021, 458368.1794000007], [107312.66000000015, 458373.0091999993], [107323.45749999955, 458385.6272], [107333.67020000145, 458398.72300000116], [107343.27679999918, 458412.2696999982], [107352.25759999827, 458426.2391999997], [107356.33949999884, 458432.34540000185], [107360.9037999995, 458438.0998999998], [107365.92049999908, 458443.4646999985], [107371.3563000001, 458448.4043000005], [107377.17529999837, 458452.88610000163], [107383.33909999952, 458456.8803999983], [107389.80700000003, 458460.36100000143], [107402.22069999948, 458466.7767000012], [107414.31269999966, 458473.7800000012], [107426.0551000014, 458481.35489999875], [107437.4208999984, 458489.4840000011], [107448.38399999961, 458498.1486000009], [107458.91910000145, 458507.3286000006], [107469.0020999983, 458517.0031999983], [107476.62260000035, 458524.1341000013], [107484.7426000014, 458530.6906000003], [107493.3189000003, 458536.6376999989], [107502.30600000173, 458541.9437999986], [107511.65590000153, 458546.5806000009], [107521.31899999827, 458550.5236000009], [107531.24379999936, 458553.751600001], [107541.37750000134, 458556.2476999983], [107551.6662000008, 458557.998300001], [107562.0551000014, 458558.99430000037], [107572.48900000006, 458559.23039999977], [107582.91230000183, 458558.7052000016], [107593.26960000023, 458557.42159999907], [107613.77589999884, 458554.4442999996], [107634.36510000005, 458552.10819999874], [107655.01720000058, 458550.4153999984], [107675.71200000122, 458549.36769999936], [107696.42940000072, 458548.96609999985], [107717.14930000156, 458549.2109999992], [107737.85139999911, 458550.1020999998], [107758.51570000127, 458551.6385000013], [107779.12200000137, 458553.8189000003], [107790.7162999995, 458555.500599999], [107802.22080000117, 458557.7142999992], [107813.61129999906, 458560.45529999956], [107824.86349999905, 458563.7177999988], [107835.9534999989, 458567.49489999935], [107851.44810000062, 458572.8051000014], [107867.15309999883, 458577.4561999999], [107883.04050000012, 458581.4400999993], [107899.08190000057, 458584.749499999], [107915.24879999831, 458587.37860000134], [107942.61210000142, 458591.58680000156], [108031.01700000092, 458606.31500000134], [108033.74909999967, 458606.7208000012], [108036.51099999994, 458606.68609999865], [108039.23209999874, 458606.21180000156], [108041.84279999882, 458605.30999999866], [108044.27650000155, 458604.0036999993], [108046.47100000083, 458602.3264000006], [108048.3702000007, 458600.32079999894], [108049.92559999973, 458598.03830000013], [108051.09739999846, 458595.53709999844], [108051.85579999909, 458592.88120000064], [108052.18120000139, 458590.1383000016], [108052.06579999998, 458587.378800001], [108039.43600000069, 458484.2820000015], [108038.35770000145, 458480.93299999833], [108037.83260000125, 458477.4539999999], [108037.87429999933, 458473.9360000007], [108038.48180000111, 458470.4704999998], [108039.63910000026, 458467.1479000002], [108041.3161999993, 458464.0549999997], [108043.46930000186, 458461.2723999992], [108046.0421999991, 458458.87260000035], [108055.7041000016, 458451.6821000017], [108065.77969999984, 458445.08370000124], [108076.23279999942, 458439.10130000114], [108087.02569999918, 458433.75620000064], [108098.11969999969, 458429.0678000003], [108109.47470000014, 458425.0529000014], [108121.05009999871, 458421.7259000018], [108132.8040000014, 458419.0989000015], [108144.69429999962, 458417.1812000014], [108156.67819999903, 458415.9798000008], [108168.71249999851, 458415.4990000017], [108180.75409999862, 458415.7404999994], [108186.09629999846, 458416.35539999977], [108191.31489999965, 458417.6532000005], [108196.32299999893, 458419.6121000014], [108201.03709999844, 458422.19949999824], [108205.378800001, 458425.37249999866], [108209.27569999918, 458429.0780999996], [108212.66310000047, 458433.25459999964], [108215.48449999839, 458437.83260000125], [108225.71609999985, 458456.7859000005], [108246.7650000006, 458495.1090000011], [108251.3478000015, 458496.9637000002], [108256.1136999987, 458498.2784000002], [108260.99929999933, 458499.03550000116], [108265.9395999983, 458499.2248999998], [108270.86879999936, 458498.84420000017], [108274.36059999838, 458498.07389999926], [108277.67889999971, 458496.74159999937], [108280.73389999941, 458494.88329999894], [108283.44289999828, 458492.5493000001], [108285.73259999976, 458489.8027999997], [108287.5410999991, 458486.7181000002], [108288.81940000132, 458483.37860000134], [108289.53290000185, 458479.87469999865], [108289.66220000014, 458476.30110000074], [108287.40700000152, 458427.45800000057], [108286.74529999867, 458425.7531000003], [108286.37240000069, 458423.96279999986], [108286.29839999974, 458422.1354999989], [108286.52529999986, 458420.32090000063], [108287.04699999839, 458418.56810000166], [108287.84939999878, 458416.9246999994], [108288.91059999913, 458415.4354000017], [108294.01060000062, 458409.9342], [108299.59499999881, 458404.92550000176], [108305.6165000014, 458400.4517999999], [108312.02409999818, 458396.55099999905], [108318.76330000162, 458393.2562999986], [108325.77710000053, 458390.5954999998], [108333.00589999929, 458388.59120000154], [108340.38839999959, 458387.26040000096], [108347.86199999973, 458386.6143999994], [108355.36340000108, 458386.6587000005], [108362.82889999822, 458387.39290000126], [108370.19519999996, 458388.810800001], [108377.39979999885, 458390.90040000156], [108384.38170000166, 458393.64389999956], [108389.17229999974, 458395.46269999817], [108394.14029999822, 458396.7188999988], [108399.21970000118, 458397.39550000057], [108404.34329999983, 458397.48380000144], [108409.44299999997, 458396.9824000001], [108414.45129999891, 458395.8980999999], [108423.17370000109, 458393.21719999984], [108431.73620000109, 458390.06269999966], [108440.11329999939, 458386.44409999996], [108448.27959999815, 458382.3724000007], [108455.24929999933, 458378.2562999986], [108461.83449999988, 458373.5496000014], [108467.98539999872, 458368.2879999988], [108473.65540000051, 458362.51139999926], [108478.80150000006, 458356.2635000013], [108483.3845999986, 458349.5916999988], [108487.37009999901, 458342.5465000011], [108494.45050000027, 458329.4935999997], [108502.19299999997, 458316.82229999825], [108510.57730000094, 458304.5661999993], [108519.5810999982, 458292.75759999827], [108529.18050000072, 458281.4279999994], [108539.35009999946, 458270.60720000044], [108550.06300000101, 458260.3240999989], [108561.29080000147, 458250.6057000011], [108573.0036999993, 458241.4778999984], [108585.17080000043, 458232.96489999816], [108597.75979999825, 458225.0890999995], [108610.73730000108, 458217.87150000036], [108624.06899999827, 458211.3311999999], [108637.71950000152, 458205.4853999987], [108651.65269999951, 458200.34980000183], [108663.05449999869, 458196.18840000033], [108674.25719999894, 458191.5172000006], [108685.23779999837, 458186.3458000012], [108695.97419999912, 458180.68459999934], [108706.44420000166, 458174.5450000018], [108754.48600000143, 458144.8990000002], [108762.62790000066, 458147.25549999997], [108770.94649999961, 458148.88219999894], [108779.37629999965, 458149.76630000025], [108787.85130000114, 458149.9008000009], [108796.3049999997, 458149.2846999988], [108804.67100000009, 458147.92280000076], [108812.88360000029, 458145.8258000016], [108845.4525000006, 458135.5628999993], [108877.78860000148, 458124.5885999985], [108909.87649999931, 458112.9081999995], [108941.70059999824, 458100.52739999816], [108973.24579999968, 458087.4521000013], [109006.40740000084, 458072.8718000017], [109039.26049999893, 458057.60920000076], [109071.7912000008, 458041.67080000043], [109103.98550000042, 458025.06340000033], [109135.82959999889, 458007.7941999994], [109167.30999999866, 457989.87040000036], [109176.24780000001, 457985.1130999997], [109185.52749999985, 457981.0628999993], [109195.09310000017, 457977.7441999987], [109204.8872999996, 457975.1768999994], [109214.85090000182, 457973.3764999993], [109224.92419999838, 457972.35379999876], [109237.21449999884, 457971.2184999995], [109249.41569999978, 457969.35500000045], [109261.48449999839, 457966.7699000016], [109273.37849999964, 457963.4723000005], [109285.05550000072, 457959.4737999998], [109291.57189999893, 457957.40040000156], [109298.26709999889, 457956.0091999993], [109305.0700000003, 457955.31489999965], [109311.90819999948, 457955.3249000013], [109318.70910000056, 457956.0390999988], [109325.40019999817, 457957.44999999925], [109331.91050000116, 457959.54239999875], [109338.17060000077, 457962.2941999994], [109344.11410000175, 457965.67610000074], [109349.67760000005, 457969.65210000053], [109354.80209999904, 457974.17990000173], [109352.66440000013, 457978.2529999986], [109351.25690000132, 457982.6323999986], [109350.62110000104, 457987.18829999864], [109350.7760999985, 457991.7857000008], [109351.71709999815, 457996.2884999998], [109353.41640000045, 458000.563099999], [109355.82349999994, 458004.48310000077], [109358.86710000038, 458007.9321999997], [109362.4571999982, 458010.8082999997], [109366.48719999939, 458013.0262000002], [109370.83799999952, 458014.51999999955], [109324.79839999974, 458029.92069999874], [109278.54289999977, 458044.66059999913], [109232.0810999982, 458058.7364999987], [109185.4224999994, 458072.14559999853], [109159.71440000087, 458079.72349999845], [109134.22789999843, 458088.01630000025], [109108.98290000111, 458097.01740000024], [109083.99909999967, 458106.71990000084], [109059.29580000043, 458117.11620000005], [109034.89249999821, 458128.1981999986], [109010.80820000172, 458139.9572999999], [108987.0615000017, 458152.3841999993], [108948.56129999831, 458173.5844999999], [108910.37280000001, 458195.34160000086], [108872.50429999828, 458217.6506999992], [108834.9635999985, 458240.50730000064], [108797.75869999826, 458263.9065999985], [108760.8975000009, 458287.8434000015], [108724.38769999892, 458312.313000001], [108705.5373999998, 458325.5518999994], [108687.08089999855, 458339.3343000002], [108669.0335999988, 458353.6486000009], [108651.41110000014, 458368.48259999976], [108634.22810000181, 458383.82360000163], [108617.49940000102, 458399.6587000005], [108601.23910000175, 458415.9743999988], [108585.933699999, 458431.2969000004], [108570.15469999984, 458446.13120000064], [108553.91750000045, 458460.4626000002], [108537.23829999939, 458474.27699999884], [108520.13340000063, 458487.56069999933], [108502.61980000138, 458500.3007000014], [108484.7146999985, 458512.4844000004], [108466.43580000103, 458524.09970000014], [108447.80110000074, 458535.1352000013], [108428.82899999991, 458545.5800999999], [108409.53830000013, 458555.42390000075], [108380.3396999985, 458570.0678999983], [108351.40150000155, 458585.21979999915], [108322.7324000001, 458600.8748999983], [108304.28590000048, 458610.77859999985], [108285.53500000015, 458620.09319999814], [108266.49870000035, 458628.80959999934], [108247.19590000063, 458636.9189000018], [108227.64609999955, 458644.4129000008], [108207.86879999936, 458651.2842999995], [108187.88390000165, 458657.5260999985], [108167.71139999852, 458663.1319999993], [108117.27369999886, 458676.0192999989], [108066.70800000057, 458688.3946999982], [108016.01940000057, 458700.2567999996], [107965.21319999918, 458711.60449999943], [107929.22549999878, 458719.6517999992], [107893.32530000061, 458728.0811999999], [107857.51680000126, 458736.89189999923], [107840.7723999992, 458741.38800000027], [107824.1779000014, 458746.40940000117], [107807.7498999983, 458751.95120000094], [107791.50459999964, 458758.00769999996], [107775.45820000023, 458764.5731000006], [107731.7377000004, 458783.6708999984], [107688.31709999964, 458803.4409000017], [107645.20659999922, 458823.8783], [107602.41649999842, 458844.97850000113], [107559.95710000023, 458866.7362000011], [107517.83830000088, 458889.1462999992], [107476.07030000165, 458912.2036000006], [107434.66299999878, 458935.90249999985], [107419.49350000173, 458944.4409000017], [107404.07679999992, 458952.52439999953], [107388.42650000006, 458960.1457000002], [107372.55640000105, 458967.29830000177], [107356.48059999943, 458973.97560000047], [107345.20089999959, 458978.7842000015], [107334.16660000011, 458984.1319000013], [107323.40349999815, 458990.0064000003], [107307.54250000045, 458998.77739999816], [107291.36580000073, 459006.9514000006], [107274.8957999982, 459014.5170000009], [107258.15529999882, 459021.4637000002], [107241.16759999841, 459027.78180000186], [107223.95639999956, 459033.46269999817], [107206.54540000111, 459038.498399999], [107188.9589000009, 459042.8817999996], [107171.22129999846, 459046.60709999874], [107151.76819999889, 459050.0214000009], [107132.22349999845, 459052.86520000175], [107112.60399999842, 459055.13599999994], [107092.92650000006, 459056.83199999854], [107073.2078000009, 459057.95160000026], [107053.46480000019, 459058.49379999936], [107017.98849999905, 459058.70320000127], [106982.51269999892, 459058.42080000043], [106969.59090000018, 459058.6002999991], [106956.70089999959, 459059.5227999985], [106943.88529999927, 459061.1854000017], [106921.64330000058, 459064.32250000164], [106899.30440000072, 459066.6721000001], [106876.8964000009, 459068.23099999875], [106854.44729999825, 459068.99749999866], [106831.9851000011, 459068.9704999998], [106813.2595999986, 459068.9497000016], [106794.54509999976, 459069.5938999988], [106775.86529999971, 459070.9023000002], [106757.24390000105, 459072.87310000136], [106746.58080000058, 459074.19359999895], [106598.25239999965, 459092.64620000124], [106556.61400000006, 459007.16530000046], [106493.28689999878, 458986.40729999915], [106463.44179999828, 458981.32719999924], [106440.89930000156, 458973.23099999875], [106409.30799999833, 458963.3885000013], [106369.93789999932, 458957.67339999974], [106324.21779999882, 458954.6572000012], [106261.67020000145, 458945.7672000006], [106234.0476000011, 458937.5122000016], [106210.28799999878, 458928.06650000066], [106155.7837000005, 458898.96229999885], [106127.84369999915, 458879.25079999864], [106095.86169999838, 458857.4362999983], [106091.71420000121, 458855.3625999987], [106087.44689999893, 458841.09519999847], [106086.45030000061, 458836.6728999987], [106086.20419999957, 458832.1462999992], [106086.71539999917, 458827.64189999923], [106087.96970000118, 458823.2857000008], [106089.93210000172, 458819.1990999989], [106092.5476000011, 458815.49650000036], [106095.74329999834, 458812.28119999915], [106099.42990000173, 458809.6431000009], [106103.50429999828, 458807.6559000015], [106114.17660000175, 458803.91099999845], [106125.07050000131, 458800.87049999833], [106136.13949999958, 458798.54729999974], [106147.33659999818, 458796.9514000006], [106158.61389999837, 458796.08949999884], [106169.92339999974, 458795.9651999995], [106181.21689999849, 458796.57919999957], [106192.44629999995, 458797.92880000174], [106203.56370000169, 458800.00829999894], [106214.52180000022, 458802.8088000007], [106225.27369999886, 458806.3183000013], [106253.98000000045, 458816.5320000015], [106282.81309999898, 458826.3819000013], [106295.37889999896, 458830.2600999996], [106308.11309999973, 458833.5432999991], [106320.98750000075, 458836.2243999988], [106333.97370000184, 458838.29740000144], [106347.04309999943, 458839.75759999827], [106350.42909999937, 458840.33989999816], [106353.67339999974, 458841.4708000012], [106356.6876000017, 458843.1196000017], [106359.3900000006, 458845.24130000174], [106361.70679999888, 458847.7782999985], [106363.57519999892, 458850.66160000116], [106364.94429999962, 458853.81280000135], [106365.77679999918, 458857.14609999955], [106366.69799999893, 458860.83839999884], [106368.21159999818, 458864.32990000024], [106370.27670000121, 458867.5262000002], [106372.83749999851, 458870.34109999985], [106375.82490000129, 458872.69839999825], [106379.15810000151, 458874.53449999914], [106389.65509999916, 458878.8773000017], [106400.38599999994, 458882.6053000018], [106411.31450000033, 458885.70600000024], [106422.40419999883, 458888.1691999994], [106433.61780000106, 458889.98640000075], [106444.9178000018, 458891.1517000012], [106456.26639999822, 458891.66110000014], [106467.62530000135, 458891.5128999986], [106478.95670000091, 458890.70760000125], [106490.22239999846, 458889.2479000017], [106502.23919999972, 458887.66789999977], [106514.3238000013, 458886.74069999903], [106526.44090000167, 458886.4688999988], [106538.55490000173, 458886.8533000015], [106550.63039999828, 458887.89279999956], [106562.63190000132, 458889.5843999982], [106574.52430000156, 458891.9230000004], [106579.13390000165, 458892.6009000018], [106583.79289999977, 458892.5802000016], [106588.3962999992, 458891.86140000075], [106592.83989999816, 458890.4605999999], [106597.02329999954, 458888.4096999988], [106600.85200000182, 458885.7547999993], [106604.23950000107, 458882.5560000017], [106607.10929999873, 458878.8856000006], [106609.39649999887, 458874.82649999857], [106611.04940000176, 458870.4704999998], [106613.21079999954, 458864.3125], [106615.97769999877, 458858.4017000012], [106619.32229999825, 458852.7974999994], [106623.2109999992, 458847.55629999936], [106627.6046999991, 458842.73050000146], [106632.45939999819, 458838.3687000014], [106636.90480000153, 458835.2707999982], [106641.7547999993, 458832.8548000008], [106646.90529999882, 458831.1724999994], [106652.2463000007, 458830.2597000003], [106657.66319999844, 458830.1361999996], [106663.04019999877, 458830.8044999987], [106668.26220000163, 458832.25030000135], [106673.21719999984, 458834.44260000065], [106677.79919999838, 458837.3346000016], [106681.91019999981, 458840.8643000014], [106685.46209999919, 458844.9560999982], [106688.378800001, 458849.5225000009], [106690.59789999947, 458854.46559999883], [106692.07189999893, 458859.6796000004], [106692.76929999888, 458865.0529000014], [106692.67500000075, 458870.4704999998], [106691.4924999997, 458887.84109999985], [106691.09809999913, 458905.2474000007], [106691.4924999997, 458922.65370000154], [106692.67500000075, 458940.02430000156], [106693.61690000072, 458946.1011000015], [106695.31679999828, 458952.01089999825], [106697.74769999832, 458957.65940000117], [106700.87070000172, 458962.9567000009], [106704.63610000163, 458967.818500001], [106708.9840000011, 458972.1671000011], [106713.8451000005, 458975.9334000014], [106719.14189999923, 458979.0573000014], [106724.7899999991, 458981.48910000175], [106733.47569999844, 458984.2664999999], [106742.32970000058, 458986.44860000163], [106751.31129999831, 458988.02540000156], [106760.37909999862, 458988.98970000073], [106769.49139999971, 458989.33689999953], [106778.6063000001, 458989.0656000003], [106787.68189999834, 458988.1770000011], [106826.12189999968, 458983.44310000166], [106864.64079999924, 458979.40139999986], [106903.22619999945, 458976.05319999903], [106906.08839999884, 458975.6270000003], [106908.86259999871, 458974.80409999937], [106911.49419999868, 458973.60069999844], [106913.93129999936, 458972.0405000001], [106929.7501000017, 458960.6675999984], [106945.93290000036, 458949.8187999986], [106962.46229999885, 458939.5058000013], [106979.32059999928, 458929.73970000073], [106996.48970000073, 458920.5309000015], [107013.95109999925, 458911.8892999999], [107031.68620000035, 458903.8242000006], [107039.80040000007, 458899.936900001], [107047.61070000008, 458895.47030000016], [107055.07589999959, 458890.4481999986], [107062.1565000005, 458884.8971000016], [107068.815200001, 458878.8462000005], [107075.01669999957, 458872.32770000026], [107080.72830000147, 458865.37579999864], [107085.9197999984, 458858.02739999816], [107090.56370000169, 458850.32129999995], [107095.16200000048, 458842.8280999996], [107100.40680000186, 458835.7723999992], [107106.25670000166, 458829.2096000016], [107112.66560000181, 458823.19150000066], [107119.58309999853, 458817.76570000127], [107126.95450000092, 458812.97470000014], [107134.72190000117, 458808.85649999976], [107140.11450000107, 458806.6823000014], [107145.72830000147, 458805.1678000018], [107151.48279999942, 458804.33480000123], [107157.29560000077, 458804.19509999827], [107163.08339999989, 458804.75079999864], [107168.76339999959, 458805.99379999936], [107174.25429999828, 458807.9065000005], [107179.47740000114, 458810.46130000055], [107184.35790000111, 458813.6218000017], [107188.82600000128, 458817.34259999916], [107192.81760000065, 458821.5705000013], [107196.27560000122, 458826.24489999935], [107198.5262000002, 458829.20490000024], [107201.18360000104, 458831.80590000004], [107204.1911999993, 458833.99240000173], [107207.4851000011, 458835.7177999988], [107210.99500000104, 458836.9455000013], [107213.02580000088, 458837.3242000006], [107215.09090000018, 458837.3779999986], [107217.13870000094, 458837.1055999994], [107219.11789999902, 458836.5139000006], [107220.9792000018, 458835.61769999936], [107222.67599999905, 458834.43930000067], [107224.16580000147, 458833.008200001], [107225.4114000015, 458831.36019999906], [107226.38170000166, 458829.5364000015], [107227.05249999836, 458827.58249999955], [107228.02270000055, 458822.65780000016], [107228.42590000108, 458817.65459999815], [107228.25699999928, 458812.63800000027], [107227.51819999889, 458807.6732000001], [107226.21889999881, 458802.8247999996], [107224.37620000169, 458798.1559000015], [107220.24100000039, 458788.3702000007], [107216.76280000061, 458778.3321999982], [107213.95690000057, 458768.0859000012], [107211.83549999818, 458757.6763000004], [107210.40810000151, 458747.1490999982], [107209.68079999834, 458736.55040000007], [107209.65680000186, 458725.9268999994], [107210.13599999994, 458721.7373000011], [107211.30099999905, 458717.68459999934], [107213.11969999969, 458713.88010000065], [107215.54210000113, 458710.4283999987], [107218.50149999931, 458707.42449999973], [107221.9167000018, 458704.9508999996], [107225.69379999861, 458703.0758000016], [107229.72890000045, 458701.85080000013], [107319.18299999833, 458682.6160000004], [107325.43070000038, 458680.41739999875], [107331.89229999855, 458678.9631999992], [107338.47949999943, 458678.2730999999], [107345.10229999945, 458678.3566999994], [107351.6699000001, 458679.21279999986], [107358.09279999882, 458680.8295999989], [107364.28299999982, 458683.1851999983], [107370.1559999995, 458686.24720000103], [107375.63129999861, 458689.9739000015], [107380.63419999927, 458694.314199999], [107385.09629999846, 458699.2087999992], [107388.95650000125, 458704.5909000002], [107390.6671999991, 458706.8524999991], [107392.7314000018, 458708.7969000004], [107395.09109999985, 458710.36939999834], [107397.68030000106, 458711.52600000054], [107400.4261999987, 458712.23409999907], [107402.98800000176, 458712.4523999989], [107405.55029999837, 458712.2413999997], [107408.04190000147, 458711.60720000044], [107410.39330000058, 458710.5672999993], [107412.53889999911, 458709.1508000009], [107414.41910000145, 458707.3971000016], [107415.9813000001, 458705.3550999984], [107417.18210000172, 458703.0817000009], [107417.98790000007, 458700.6402999982], [107418.37649999931, 458698.09870000184], [107418.33680000156, 458695.52800000086], [107417.87009999901, 458692.99969999865], [107416.98930000141, 458690.5841999985], [107415.7190000005, 458688.3489000015], [107408.68789999932, 458678.5434000008], [107401.23699999973, 458669.0527999997], [107393.38049999997, 458659.8951999992], [107385.13329999894, 458651.08790000156], [107380.99450000003, 458647.2688000016], [107376.48660000041, 458643.8933000006], [107371.65700000152, 458640.9968000017], [107366.55629999936, 458638.6094999984], [107361.23820000142, 458636.75670000166], [107346.18210000172, 458631.9904999994], [107331.35649999976, 458626.5491000004], [107316.79179999977, 458620.44370000064], [107302.51779999956, 458613.6867999993], [107288.56340000033, 458606.2921000011], [107274.95729999989, 458598.2747000009], [107261.72709999979, 458589.65100000054], [107248.89990000054, 458580.4386], [107236.50189999864, 458570.65619999915], [107360.6651000008, 458482.7168000005], [107263.18789999932, 458352.1341000013]]]}, "properties": {"OBJECTID_1": 46, "OBJECTID": 46, "Type_stel": "Drukriolering", "Type": "Wonen", "Voert_af_n": "5A", "Bmaling_ni": "Steekterweg", "Nr_": "5", "Kern_Nr": "5F", "oude": " ", "naam": "Zwammerdam", "Shape_Leng": 8600.28555134, "Opmerking1": 0, "Layer": "Steekterweg", "Shape_Length": 8600.285551344348, "Shape_Area": 571415.623400162}}, {"type": "Feature", "id": 47, "geometry": {"type": "Polygon", "coordinates": [[[107381.33980000019, 460975.84160000086], [107402.32220000029, 460968.5258000009], [107407.29459999874, 460967.1405000016], [107412.40269999951, 460966.3988999985], [107417.56379999965, 460966.3128999993], [107422.69379999861, 460966.8841000013], [107427.70949999988, 460968.1031000018], [107432.52950000018, 460969.9501999989], [107443.33320000023, 460975.25019999966], [107453.84279999882, 460981.1121000014], [107464.0287999995, 460987.51960000023], [107473.86320000142, 460994.45479999855], [107483.31850000098, 461001.8986000009], [107488.57979999855, 461005.81799999997], [107494.2265000008, 461009.15850000083], [107500.1950000003, 461011.8825000003], [107506.41840000078, 461013.9594999999], [107512.82660000026, 461015.3660000004], [107519.34769999981, 461016.08630000055], [107525.90850000083, 461016.1123000011], [107532.43510000035, 461015.4437999986], [107538.85429999977, 461014.0881000012], [107545.09389999881, 461012.06060000136], [107620.57930000126, 460982.6301999986], [107695.79360000044, 460952.5139000006], [107770.73079999909, 460921.7142000012], [107845.38439999893, 460890.23380000144], [107919.74850000069, 460858.07510000095], [107993.81670000032, 460825.2408999987], [108067.58300000057, 460791.7338999994], [108141.04129999876, 460757.55689999834], [108214.18549999967, 460722.7124999985], [108235.94970000163, 460712.65190000087], [108258.02690000087, 460703.29839999974], [108280.39420000091, 460694.66160000116], [108303.02840000018, 460686.750500001], [108325.9059999995, 460679.57339999825], [108349.00299999863, 460673.13760000095], [108372.29560000077, 460667.44999999925], [108395.75939999893, 460662.5164999999], [108419.37009999901, 460658.34209999815], [108443.10319999978, 460654.9312000014], [108466.93389999866, 460652.28730000183], [108490.83740000054, 460650.41319999844], [108514.7890000008, 460649.310899999], [108538.76359999925, 460648.98149999976], [108562.73640000075, 460649.4252999984], [108586.68250000104, 460650.64180000126], [108612.2071999982, 460657.625500001], [108637.52230000123, 460665.3343999982], [108662.60720000044, 460673.7624000013], [108687.44139999896, 460682.90260000154], [108712.00470000133, 460692.74749999866], [108736.27730000019, 460703.28920000046], [108760.23919999972, 460714.5190999992], [108783.87090000138, 460726.4279000014], [108807.15340000018, 460739.00609999895], [108830.06749999896, 460752.24329999834], [108873.1986999996, 460764.9948000014], [108880.2602000013, 460766.72370000184], [108887.45360000059, 460767.77710000053], [108894.71429999918, 460768.14550000057], [108901.97729999945, 460767.8258000016], [108909.17749999836, 460766.820700001], [108916.25039999932, 460765.1392999999], [108923.13269999996, 460762.79659999907], [108929.76260000095, 460759.8136], [108936.08069999889, 460756.21709999815], [108942.03040000051, 460752.03920000046], [108947.55840000138, 460747.31749999896], [108952.61520000175, 460742.09420000017], [108957.15540000051, 460736.4162000008], [108962.24199999869, 460730.0716999993], [108967.92080000043, 460724.2512000017], [108974.13819999993, 460719.00989999995], [108980.83529999852, 460714.39730000123], [108987.9486999996, 460710.45710000023], [108995.41120000184, 460707.2263999991], [109003.15230000019, 460704.73589999974], [109011.09870000184, 460703.0091000013], [109019.1752000004, 460702.0623999983], [109027.30550000072, 460701.90459999815], [109035.41270000115, 460702.53730000183], [109043.42009999976, 460703.9545000009], [109051.25189999864, 460706.14279999956], [109058.83419999853, 460709.0815999992], [109066.0951000005, 460712.742899999], [109072.96609999985, 460717.09219999984], [109084.03249999881, 460720.33139999956], [109094.85689999908, 460724.3051000014], [109105.39050000161, 460728.9956], [109115.5859999992, 460734.38170000166], [109125.3973999992, 460740.439199999], [109134.78069999814, 460747.14090000093], [109143.69359999895, 460754.45650000125], [109152.09600000083, 460762.3531000018], [109159.95010000095, 460770.7952999994], [109167.22060000151, 460779.74500000104], [109173.87469999865, 460789.1620000005], [109179.8825000003, 460799.00400000066], [109185.21709999815, 460809.2265000008], [109189.85429999977, 460819.7837000005], [109193.77329999954, 460830.6279999986], [109196.95659999922, 460841.7105999999], [109199.38960000128, 460852.9816999994], [109201.06159999967, 460864.3905999996], [109201.21880000085, 460865.1917000003], [109201.50420000032, 460865.9565999992], [109201.91039999947, 460866.66490000114], [109202.4263000004, 460867.2976000011], [109203.03840000182, 460867.83790000156], [109203.73020000011, 460868.2714000009], [109325.7173999995, 460931.47300000116], [109348.6735999994, 460942.94110000134], [109371.95749999955, 460953.72839999944], [109395.54890000075, 460963.82550000027], [109411.69150000066, 460970.8808000013], [109427.50259999931, 460978.6506999992], [109442.95059999824, 460987.11950000003], [109458.00470000133, 460996.2703000009], [109472.6345999986, 461006.0848999992], [109486.81129999831, 461016.54360000044], [109500.50629999861, 461027.625500001], [109513.6922999993, 461039.30849999934], [109526.34279999882, 461051.56920000166], [109538.4327000007, 461064.3830999993], [109549.93780000135, 461077.72459999844], [109560.8350000009, 461091.56700000167], [109678.83799999952, 461243.06700000167], [109587.69700000063, 461314.05700000003], [109479.1158999987, 461188.060800001], [109457.42139999941, 461163.36290000007], [109435.26379999891, 461139.0795999989], [109412.65100000054, 461115.2195999995], [109405.55279999971, 461108.3881999999], [109397.97480000183, 461102.09319999814], [109389.95760000125, 461096.3680999987], [109381.5438000001, 461091.2435000017], [109372.77849999815, 461086.7468000017], [109363.70820000023, 461082.90190000087], [109354.38149999827, 461079.7292999998], [109344.84809999913, 461077.24599999934], [109335.15890000015, 461075.4653000012], [109325.36549999937, 461074.39649999887], [109265.85009999946, 461069.8676000014], [109206.37079999968, 461064.88919999823], [109146.93070000038, 461059.4613999985], [109087.53330000117, 461053.58480000123], [109071.76850000024, 461051.6215999983], [109056.10280000046, 461048.9827999994], [109040.56489999965, 461045.6732000001], [109025.18360000104, 461041.69889999926], [109009.98730000108, 461037.0672999993], [108995.00400000066, 461031.7868000008], [108988.43569999933, 461029.6757999994], [108981.6911999993, 461028.22250000015], [108974.83630000055, 461027.44099999964], [108967.93780000135, 461027.33900000155], [108961.06280000135, 461027.91739999875], [108954.27829999849, 461029.17060000077], [108947.65029999986, 461031.0863999985], [108941.24350000173, 461033.64620000124], [108935.12009999901, 461036.82499999925], [108929.33989999816, 461040.5918000005], [108920.19570000097, 461046.73409999907], [108910.63960000128, 461052.2137000002], [108900.71959999949, 461057.00290000066], [108890.48539999872, 461061.0778999999], [108879.98840000108, 461064.4180999994], [108869.28119999915, 461067.0067999996], [108861.59259999916, 461068.26209999993], [108853.82820000127, 461068.8997000009], [108846.03779999912, 461068.9155000001], [108838.27089999989, 461068.3095000014], [108830.57719999924, 461067.0854000002], [108823.00569999963, 461065.2512000017], [108815.60489999875, 461062.8183999993], [108808.42179999873, 461059.80270000175], [108804.11089999974, 461057.41629999876], [108800.16429999843, 461054.4662999995], [108796.65509999916, 461051.0075000003], [108793.64829999954, 461047.10390000045], [108791.1997999996, 461042.8280000016], [108789.35500000045, 461038.2591000013], [108788.14809999987, 461033.4818999991], [108787.60139999911, 461028.5850000009], [108787.64570000023, 461023.6831], [108788.19920000061, 461018.81219999865], [108789.25600000098, 461014.02529999986], [108790.80460000038, 461009.37420000136], [108796.1559999995, 460994.71499999985], [108800.8145999983, 460979.8211000003], [108804.77039999887, 460964.7254000008], [108808.01440000162, 460949.46079999954], [108810.53970000148, 460934.06109999865], [108812.34059999883, 460918.5599000007], [108813.41330000013, 460902.9913999997], [108813.75530000031, 460887.38969999924], [108813.3658999987, 460871.7890999988], [108812.24590000138, 460856.2239000015], [108811.30669999868, 460849.8192999996], [108809.72850000113, 460843.5416000001], [108807.5271999985, 460837.45430000126], [108804.72509999946, 460831.6191000007], [108801.35069999844, 460826.0951000005], [108797.43809999898, 460820.93840000033], [108793.02699999884, 460816.2010000013], [108672.1090000011, 460751.36459999904], [108665.96700000018, 460748.4957000017], [108659.54610000178, 460746.3209999986], [108652.92480000108, 460744.8671000004], [108646.18360000104, 460744.1515999995], [108639.40459999815, 460744.1834000014], [108632.67029999942, 460744.96189999953], [108626.06289999932, 460746.47780000046], [108619.66270000115, 460748.7124999985], [108613.54780000076, 460751.6387999989], [108607.79259999841, 460755.2212000005], [108602.46709999815, 460759.41589999944], [108597.6363000013, 460764.17179999873], [108584.61670000106, 460778.98330000043], [108572.10500000045, 460794.2261000015], [108560.11520000175, 460809.8828999996], [108548.66120000184, 460825.935800001], [108537.75600000098, 460842.3663999997], [108527.41200000048, 460859.1559999995], [108517.6409999989, 460876.28539999947], [108508.45430000126, 460893.7351000011], [108499.86230000108, 460911.48519999906], [108491.87480000034, 460929.5153999999], [108488.34050000086, 460936.9136000015], [108484.14809999987, 460943.95969999954], [108479.3321999982, 460950.59530000016], [108473.93279999867, 460956.7653999999], [108467.99460000172, 460962.4189000018], [108461.56689999998, 460967.50890000165], [108454.70289999992, 460971.99329999834], [108447.45960000157, 460975.83480000123], [108439.89680000022, 460979.001699999], [108432.0775000006, 460981.46759999916], [108424.0661999993, 460983.2122000009], [108415.92949999869, 460984.22100000083], [108407.73470000178, 460984.4855999984], [108399.54989999905, 460984.003800001], [108391.44280000031, 460982.77969999984], [108383.48059999943, 460980.8233000003], [108375.72929999977, 460978.15089999884], [108337.9646999985, 460962.8546000011], [108300.42770000175, 460947.0080999993], [108263.12620000169, 460930.6149000004], [108226.06819999963, 460913.6783999987], [108218.183699999, 460910.38060000166], [108210.06179999933, 460907.7206000015], [108201.75389999896, 460905.7153000012], [108193.31289999932, 460904.37739999965], [108184.7921999991, 460903.71550000086], [108176.24579999968, 460903.7336000018], [108167.72789999843, 460904.43180000037], [108159.29270000011, 460905.8055000007], [108150.99340000004, 460907.8460999988], [108142.88289999962, 460910.5406999998], [108118.55739999935, 460919.3271000013], [108093.99599999934, 460927.43079999834], [108069.21790000051, 460934.8454999998], [108044.24240000173, 460941.5654999986], [108019.08900000155, 460947.5854000002], [107993.77730000019, 460952.9006000012], [107970.5122999996, 460957.8112999983], [107947.40509999916, 460963.4175999984], [107924.4765000008, 460969.71460000053], [107901.74720000103, 460976.6966000013], [107879.23750000075, 460984.3574000001], [107856.96779999882, 460992.68989999965], [107834.95800000057, 461001.68670000136], [107813.7917000018, 461010.3071999997], [107792.35590000078, 461018.2338999994], [107770.67330000177, 461025.4583999999], [107748.76700000092, 461031.97309999913], [107726.66019999981, 461037.77109999955], [107715.37040000036, 461040.87640000135], [107704.2734999992, 461044.6132999994], [107693.4048999995, 461048.96979999915], [107682.79930000007, 461053.9321000017], [107672.49029999971, 461059.4844000004], [107662.51060000062, 461065.60909999907], [107652.89220000058, 461072.28660000116], [107648.5166000016, 461075.9743999988], [107644.65819999948, 461080.2003000006], [107641.3825000003, 461084.89229999855], [107638.7452000007, 461089.9706999995], [107636.7912000008, 461095.34910000116], [107635.55380000174, 461100.93609999865], [107635.0540000014, 461106.6365999989], [107635.3002000004, 461112.3535999991], [107636.28840000182, 461117.98999999836], [107638.00160000101, 461123.4499000013], [107640.41079999879, 461128.6403999999], [107643.4748999998, 461133.4732000008], [107665.42669999972, 461164.0683000013], [107686.88940000162, 461195.0086000003], [107707.85750000179, 461226.28610000014], [107712.21350000054, 461232.22470000014], [107717.14299999923, 461237.6966000013], [107722.59650000185, 461242.64660000056], [107728.51880000159, 461247.0247000009], [107734.85040000081, 461250.7868000008], [107741.52730000019, 461253.89510000125], [107748.48220000044, 461256.31799999997], [107755.64510000125, 461258.03130000085], [107762.94370000064, 461259.0177000016], [107770.30440000072, 461259.2670999989], [107777.65300000086, 461258.7771999985], [107784.91539999843, 461257.5527999997], [107792.01839999855, 461255.6061999984], [107798.89039999992, 461252.95710000023], [107810.00519999862, 461248.3024000004], [107821.31030000001, 461244.1308999993], [107832.78460000083, 461240.45059999824], [107844.40689999983, 461237.2683000006], [107863.42590000108, 461232.1616999991], [107882.2650000006, 461226.4266999997], [107900.90329999849, 461220.0694999993], [107919.32030000165, 461213.0971000008], [107937.49570000172, 461205.5172000006], [107955.40949999914, 461197.3381999992], [107973.04190000147, 461188.56909999996], [107990.37350000069, 461179.2195000015], [108000.40819999948, 461174.0106999986], [108010.7600999996, 461169.46510000154], [108021.38560000062, 461165.6019000001], [108032.23970000073, 461162.4373999983], [108043.27650000155, 461159.9849999994], [108054.44940000027, 461158.25510000065], [108065.71110000089, 461157.25499999896], [108075.6576000005, 461157.063000001], [108085.5914000012, 461157.60179999843], [108095.4589000009, 461158.8685999997], [108105.20659999922, 461160.85660000145], [108114.78209999949, 461163.55490000173], [108124.13360000029, 461166.9492000006], [108133.21059999987, 461171.0208999999], [108141.96409999952, 461175.74819999933], [108150.34679999948, 461181.10550000146], [108158.3134999983, 461187.06390000135], [108164.23739999905, 461192.33579999954], [108169.625, 461198.15459999815], [108174.42599999905, 461204.46609999985], [108178.59569999948, 461211.2113999985], [108182.0951000005, 461218.3275000006], [108184.8916000016, 461225.74810000136], [108186.95899999887, 461233.4037999995], [108188.27820000052, 461241.2232999988], [108188.83669999987, 461249.13369999826], [108188.62939999998, 461257.0610000007], [108187.65819999948, 461264.93129999936], [108185.93219999969, 461272.6711000018], [108183.46750000119, 461280.2083999999], [108180.28700000048, 461287.4726999998], [108177.08929999918, 461293.1466999985], [108173.31769999862, 461298.4567000009], [108169.01339999959, 461303.3447000012], [108164.22309999913, 461307.7575000003], [108158.9990000017, 461311.64719999954], [108153.39799999818, 461314.9712000005], [108147.48119999841, 461317.69359999895], [108141.31280000135, 461319.78449999914], [108134.96020000055, 461321.2212000005], [108128.49240000173, 461321.9882000014], [108119.31210000068, 461322.9684000015], [108110.24139999971, 461324.689100001], [108101.33980000019, 461327.1389000006], [108092.66600000113, 461330.3016999997], [108084.27690000087, 461334.15670000017], [108076.2276000008, 461338.67859999835], [108068.5709999986, 461343.83769999817], [108061.35750000179, 461349.6000000015], [108054.63450000063, 461355.92770000175], [108048.44619999826, 461362.7791999988], [108047.01480000094, 461364.8253000006], [108045.9439000003, 461367.08100000024], [108045.26339999959, 461369.4835000001], [108044.99210000038, 461371.9657999985], [108045.13780000061, 461374.45859999955], [108045.69619999826, 461376.89240000024], [108046.65190000087, 461379.1992999986], [108047.97819999978, 461381.31500000134], [108049.63809999824, 461383.180399999], [108051.58529999852, 461384.7437000014], [108053.7873999998, 461386.5062999986], [108055.6715000011, 461388.60550000146], [108057.18670000136, 461390.9847000018], [108058.29230000079, 461393.5797000006], [108058.95839999989, 461396.3205999993], [108059.16710000113, 461399.1336000003], [108058.91279999912, 461401.9428000003], [108058.2023999989, 461404.6724999994], [108057.05480000004, 461407.2492999993], [108055.50120000169, 461409.60350000113], [108053.58339999989, 461411.6719000004], [108051.35300000012, 461413.39869999886], [108048.87009999901, 461414.7371999994], [108046.20169999823, 461415.65150000155], [108043.41970000044, 461416.1169999987], [108040.59899999946, 461416.12099999934], [107979.38679999858, 461436.51689999923], [107975.52739999816, 461438.1816000007], [107972.00800000131, 461440.47949999943], [107968.93160000071, 461443.34329999983], [107966.38800000027, 461446.68930000067], [107964.45160000026, 461450.4197999984], [107963.1790000014, 461454.4255999997], [107962.6074000001, 461458.58960000053], [107962.75360000134, 461462.79019999877], [107963.61329999939, 461466.9043999985], [107965.16120000184, 461470.8121000007], [107967.35229999945, 461474.3988999985], [107970.122299999, 461477.55999999866], [107973.39039999992, 461480.2030000016], [107977.06100000069, 461482.2507000007], [107981.02679999918, 461483.6431000009], [107985.17170000076, 461484.33949999884], [107989.37480000034, 461484.319600001], [107993.51300000027, 461483.58399999887], [108070.41970000044, 461455.3436000012], [108075.33810000122, 461453.9228999987], [108080.40780000016, 461453.20969999954], [108085.52730000019, 461453.21829999983], [108090.59450000152, 461453.94839999825], [108095.50820000097, 461455.3854999989], [108100.17020000145, 461457.5009999983], [108104.48750000075, 461460.25239999965], [108108.3739, 461463.5850000009], [108111.75160000101, 461467.4321999997], [108114.55330000073, 461471.7170000002], [108116.72309999913, 461476.3539999984], [108118.21750000119, 461481.250599999], [108119.00679999962, 461486.30889999866], [108119.07519999892, 461491.4279999994], [108117.39079999924, 461517.24450000003], [108115.30409999937, 461543.0315000005], [108112.81569999829, 461568.78290000185], [108112.3161999993, 461576.93560000136], [108112.51790000126, 461585.1011000015], [108113.41930000111, 461593.21920000017], [108113.47780000046, 461594.0394000001], [108113.4010999985, 461594.85810000077], [108113.1911999993, 461595.6532000005], [108112.85379999876, 461596.40309999883], [108112.39820000157, 461597.0874999985], [108111.83639999852, 461597.688099999], [108111.18389999866, 461598.18840000033], [108110.45820000023, 461598.57499999925], [107940.5962000005, 461671.8324000016], [107939.85040000081, 461672.0865000002], [107939.07400000095, 461672.22019999847], [107938.28620000184, 461672.2303000018], [107937.50659999996, 461672.11659999937], [107936.75450000167, 461671.88170000166], [107936.0485999994, 461671.53170000017], [107935.40659999847, 461671.07510000095], [107934.84420000017, 461670.52329999954], [107371.63839999959, 461023.25090000033], [107368.85979999974, 461019.5155999996], [107366.68290000036, 461015.4004999995], [107365.15850000083, 461011.001699999], [107364.32220000029, 461006.4219000004], [107364.19359999895, 461001.7683000006], [107364.77560000122, 460997.14930000156], [107366.05469999835, 460992.6730000004], [107368.0009999983, 460988.4439000003], [107370.56909999996, 460984.560800001], [107373.6988000013, 460981.1143999994], [107377.3172999993, 460978.1851999983], [107381.33980000019, 460975.84160000086]]]}, "properties": {"OBJECTID_1": 47, "OBJECTID": 47, "Type_stel": "Drukriolering", "Type": " ", "Voert_af_n": "6B", "Bmaling_ni": "Oostkanaalweg e.o.", "Nr_": "6", "Kern_Nr": "6D", "oude": " ", "naam": " ", "Shape_Leng": 7763.88325924, "Opmerking1": 0, "Layer": "Oostkanaalweg e.o.", "Shape_Length": 7763.883259239226, "Shape_Area": 592572.3346344491}}, {"type": "Feature", "id": 48, "geometry": {"type": "Polygon", "coordinates": [[[109381.28269999847, 462585.34640000015], [109385.38010000065, 462574.6550000012], [109389.69940000027, 462564.0678000003], [109394.24390000105, 462553.5753000006], [109399.01159999892, 462543.1823000014], [109404.00030000135, 462532.8935999982], [109409.20760000125, 462522.71379999816], [109414.63129999861, 462512.6475000009], [109420.26889999956, 462502.69949999824], [109426.11769999936, 462492.87420000136], [109432.1752000004, 462483.17610000074], [109438.4384999983, 462473.6097000018], [109444.90469999984, 462464.179299999], [109451.5709999986, 462454.88919999823], [109458.43430000171, 462445.7437000014], [109465.49139999971, 462436.7468999997], [109472.73910000175, 462427.9028999992], [109591.91090000048, 462079.5287999995], [109598.78830000013, 462060.1788999997], [109606.17590000108, 462041.04729999974], [109614.07710000128, 462022.1220000014], [109622.48620000109, 462003.41690000147], [109631.39699999988, 461984.9455000013], [109640.80310000107, 461966.72129999846], [109650.6975999996, 461948.75759999827], [109661.07330000028, 461931.06749999896], [109671.92269999906, 461913.66380000114], [109683.2377000004, 461896.5593000017], [109695.01029999927, 461879.7663999982], [109707.23180000111, 461863.29729999974], [109719.89330000058, 461847.1640000008], [109732.98559999838, 461831.3784000017], [109746.49909999967, 461815.9517999999], [109760.42399999872, 461800.89550000057], [109764.68499999866, 461796.14649999887], [109768.66250000149, 461791.16860000044], [109772.34939999878, 461785.9717999995], [109775.73369999975, 461780.5729999989], [109778.80440000072, 461774.9899000004], [109781.55139999837, 461769.24060000107], [109783.96579999849, 461763.3440000005], [109786.03979999945, 461757.31909999996], [109787.76649999991, 461751.18569999933], [109789.14029999822, 461744.9637000002], [109790.15680000186, 461738.67350000143], [109790.81269999966, 461732.3354999982], [109791.10579999909, 461725.9704999998], [109791.03510000184, 461719.59899999946], [109790.60090000182, 461713.2419999987], [109789.80460000038, 461706.92009999976], [109788.55759999901, 461699.3258000016], [109787.65920000151, 461691.6926999986], [109787.10940000042, 461684.0265999995], [109786.90940000117, 461676.3434000015], [109787.05950000137, 461668.65900000185], [109787.55939999968, 461660.9895000011], [109788.40810000151, 461653.35069999844], [109789.60390000045, 461645.7584999986], [109791.14429999888, 461638.2287000008], [109793.02589999884, 461630.7767999992], [109795.24509999901, 461623.4182999991], [109797.79710000008, 461616.16860000044], [109800.67660000175, 461609.0425999984], [109803.87779999897, 461602.05519999936], [109807.39380000159, 461595.2208000012], [109811.21750000119, 461588.55370000005], [109814.59789999947, 461592.83040000126], [109818.4637000002, 461596.6715000011], [109822.76060000062, 461600.02329999954], [109827.42700000107, 461602.8379999995], [109994.42500000075, 461705.30099999905], [110017.70930000022, 461685.15459999815], [109826.76610000059, 462249.48690000176], [109825.76370000094, 462253.90300000086], [109825.43829999864, 462258.4167999998], [109825.7965000011, 462262.92810000107], [109826.8300999999, 462267.3339000009], [109828.51550000161, 462271.53379999846], [109830.81430000067, 462275.43200000003], [109833.67410000041, 462278.93930000067], [109837.02950000018, 462281.9759999998], [109839.3049999997, 462284.0615000017], [109841.20870000124, 462286.48860000074], [109842.691300001, 462289.193500001], [109843.71330000088, 462292.10379999876], [109844.247299999, 462295.14189999923], [109844.2789000012, 462298.22630000114], [109843.80739999935, 462301.2745999992], [109842.84540000185, 462304.20529999956], [109840.91319999844, 462308.5155000016], [109838.79149999842, 462312.7320000008], [109836.48319999874, 462316.8493999988], [109833.99309999868, 462320.8594000004], [109831.32609999925, 462324.75400000066], [109828.48750000075, 462328.52529999986], [109825.48299999908, 462332.16589999944], [109822.31870000064, 462335.66849999875], [109820.02199999988, 462337.7782000005], [109817.45270000026, 462339.5421999991], [109814.66050000116, 462340.9266999997], [109811.70120000094, 462341.9041999988], [109808.63369999826, 462342.4549999982], [109805.51920000091, 462342.5683999993], [109802.4197999984, 462342.2419999987], [109799.39730000123, 462341.4822999984], [109796.34789999947, 462340.7344999984], [109793.22239999846, 462340.45969999954], [109790.0914000012, 462340.66380000114], [109787.02800000086, 462341.3418000005], [109784.10339999944, 462342.4780000001], [109781.38569999859, 462344.0460000001], [109778.93820000067, 462346.00930000097], [109776.81799999997, 462348.3220999986], [109681.21159999818, 462608.3696000017], [109680.38960000128, 462610.9230999984], [109679.77959999815, 462613.53180000186], [109679.38439999893, 462616.181499999], [109679.20659999922, 462618.8546000011], [109679.24749999866, 462621.5333000012], [109679.50679999962, 462624.1997000016], [109679.98270000145, 462626.83619999886], [109680.67210000008, 462629.42500000075], [109681.57030000165, 462631.94889999926], [109682.67139999941, 462634.39119999856], [109683.96810000017, 462636.7355000004], [109685.45160000026, 462638.96620000154], [109687.11219999939, 462641.068500001], [109688.93870000169, 462643.0284000002], [109690.91899999976, 462644.8326999992], [109693.03990000114, 462646.4695000015], [109782.40900000185, 462755.51399999857], [109786.45710000023, 462760.82930000126], [109790.11100000143, 462766.41230000183], [109793.35799999908, 462772.24130000174], [109796.18160000071, 462778.2868999988], [109798.5672999993, 462784.5181999989], [109800.50299999863, 462790.90359999985], [109801.97899999842, 462797.4107000008], [109802.98779999837, 462804.0064000003], [109803.52409999818, 462810.6572000012], [109803.58529999852, 462817.32930000126], [109803.17110000178, 462823.9888000004], [109802.2835999988, 462830.6019000001], [109800.9272999987, 462837.13500000164], [109799.1090000011, 462843.55490000173], [109796.83799999952, 462849.8288999982], [109794.12590000033, 462855.9252999984], [109713.95650000125, 463052.9937000014], [109711.51929999888, 463058.1138000004], [109708.5091000013, 463062.91490000114], [109704.96460000053, 463067.33619999886], [109700.93320000172, 463071.3187999986], [109696.4690000005, 463074.8090999983], [109691.63159999996, 463077.7606999986], [109686.48570000008, 463080.13390000165], [109681.10020000115, 463081.8971000016], [109678.00869999826, 463082.4717000015], [109674.86829999834, 463082.5795000009], [109671.74680000171, 463082.2184999995], [109668.71379999816, 463081.3969999999], [109665.83689999953, 463080.1330999993], [109663.1801000014, 463078.4549999982], [109660.80279999971, 463076.40019999817], [109658.75789999962, 463074.0142999999], [109655.18530000001, 463069.5753999986], [109651.24370000139, 463065.4712000005], [109646.9587999992, 463061.7269000001], [109642.36320000142, 463058.37110000104], [109637.49210000038, 463055.4294000007], [109632.38280000165, 463052.92440000176], [109627.07420000061, 463050.87519999966], [109621.60689999908, 463049.29740000144], [109616.02270000055, 463048.2030999996], [109610.36430000141, 463047.60060000047], [109604.67480000108, 463047.4946000017], [109598.9979000017, 463047.88589999825], [109593.37680000067, 463048.7714000009], [109587.85460000113, 463050.14449999854], [109582.47329999879, 463051.99450000003], [109577.27419999987, 463054.30750000104], [109569.13789999858, 463058.6037000008], [109561.21779999882, 463063.27439999953], [109553.52589999884, 463068.311999999], [109546.07919999957, 463073.70540000126], [109538.89400000125, 463079.4428000003], [109531.98640000075, 463085.5113000013], [109525.37139999866, 463091.89770000055], [109519.06379999965, 463098.58769999817], [109513.95529999956, 463104.1030000001], [109508.69099999964, 463109.46279999986], [109503.27199999988, 463114.6662000008], [109497.70309999958, 463119.7087999992], [109491.98900000006, 463124.58619999886], [109486.1345999986, 463129.2941999994], [109480.14479999989, 463133.8288999982], [109474.02490000054, 463138.1862999983], [109470.67509999871, 463140.2039999999], [109467.10390000045, 463141.79129999876], [109463.36400000006, 463142.9250999987], [109459.51269999892, 463143.5881999992], [109455.6090000011, 463143.77050000057], [109451.7126000002, 463143.4690999985], [109447.88329999894, 463142.6886], [109444.17980000004, 463141.44099999964], [109438.9338000007, 463138.96880000085], [109433.98360000178, 463135.9512999989], [109429.38390000165, 463132.42229999974], [109425.1875, 463128.42229999974], [109412.57759999856, 463115.23050000146], [109399.79270000011, 463102.2252999991], [109386.82669999823, 463089.4006000012], [109373.68239999935, 463076.75879999995], [109360.36230000108, 463064.3024000004], [109346.86899999902, 463052.03379999846], [109333.2050999999, 463039.9554999992], [109319.37330000103, 463028.06969999894], [109315.12550000101, 463024.2164000012], [109311.15060000122, 463020.0872000009], [109307.46420000121, 463015.6986999996], [109304.08289999887, 463011.07090000063], [109301.0225000009, 463006.2250000015], [109298.29670000076, 463001.1832000017], [109295.91820000112, 462995.9686000012], [109293.89779999852, 462990.6050999984], [109295.93699999899, 462964.65370000154], [109298.43629999831, 462938.77749999985], [109301.39730000123, 462912.9499000013], [109304.81920000166, 462887.1794000007], [109308.70080000162, 462861.4741999991], [109313.04089999944, 462835.84230000153], [109317.83810000122, 462810.2921000011], [109323.09090000018, 462784.8315999992], [109328.7976000011, 462759.4690000005], [109334.95639999956, 462734.21240000054], [109341.565200001, 462709.06969999894], [109348.62209999934, 462684.0491999984], [109356.12480000034, 462659.1587000005], [109364.07079999894, 462634.4061000012], [109372.45760000125, 462609.79940000176], [109381.28269999847, 462585.34640000015]]]}, "properties": {"OBJECTID_1": 48, "OBJECTID": 48, "Type_stel": "Drukriolering", "Type": " ", "Voert_af_n": "6A", "Bmaling_ni": "Noordeinde", "Nr_": "6", "Kern_Nr": "6E", "oude": " ", "naam": " ", "Shape_Leng": 3835.0721835, "Opmerking1": 0, "Layer": "Noordeinde", "Shape_Length": 3835.0721835010713, "Shape_Area": 468314.6997309504}}, {"type": "Feature", "id": 49, "geometry": {"type": "Polygon", "coordinates": [[[107978.13780000061, 461735.0399999991], [107983.89460000023, 461741.87420000136], [107989.08650000021, 461749.1468000002], [107993.68030000106, 461756.8112999983], [107997.64649999887, 461764.818500001], [108000.95980000123, 461773.11719999835], [108003.5989000015, 461781.6543000005], [108005.54690000042, 461790.375], [108006.79149999842, 461799.22360000014], [108007.32449999824, 461808.14339999855], [108007.1425999999, 461817.07719999924], [108006.24700000137, 461825.9679000005], [108004.64339999855, 461834.7584999986], [108002.34200000018, 461843.39279999956], [107999.35759999976, 461851.81529999897], [107995.70930000022, 461859.9723000005], [107991.42049999908, 461867.8115000017], [107986.253800001, 461875.75670000166], [107980.5298999995, 461883.3103], [107974.27840000018, 461890.4332999997], [107967.53139999881, 461897.08889999986], [107960.3238000013, 461903.242899999], [107952.69289999828, 461908.8632999994], [107944.67810000107, 461913.9211000018], [107936.32070000097, 461918.3903999999], [107927.66389999911, 461922.2478], [107917.33920000121, 461926.0009999983], [107906.77969999984, 461929.0313999988], [107896.03599999845, 461931.32459999993], [107885.15949999914, 461932.8696000017], [107865.24210000038, 461934.6149000004], [107845.27259999886, 461935.59809999913], [107825.28000000119, 461935.81760000065], [107805.29369999841, 461935.2730999999], [107785.34279999882, 461933.96550000086], [107765.45639999956, 461931.89660000056], [107745.66349999979, 461929.0694000013], [107728.94920000061, 461926.0340999998], [107712.35970000178, 461922.3772], [107695.91820000112, 461918.10390000045], [107679.64759999886, 461913.2201000005], [107663.57050000131, 461907.73270000145], [107647.70939999819, 461901.64919999987], [107632.08630000055, 461894.9781000018], [107616.72300000116, 461887.7287000008], [107601.64090000093, 461879.91120000184], [107586.16450000182, 461871.1130999997], [107571.0533999987, 461861.7012999989], [107556.33199999854, 461851.6909000017], [107542.02400000021, 461841.09809999913], [107528.15239999816, 461829.93989999965], [107514.73950000107, 461818.23429999873], [107501.80700000003, 461806.0001000017], [107489.37550000101, 461793.2569999993], [107477.4653000012, 461780.0256000012], [107466.09530000016, 461766.3269999996], [107455.28390000015, 461752.1834000014], [107434.75979999825, 461721.82759999856], [107414.86549999937, 461691.05530000106], [107395.60970000178, 461659.87959999964], [107377.00039999932, 461628.3136], [107359.04549999908, 461596.3709000014], [107341.752700001, 461564.06489999965], [107325.12939999998, 461531.40940000117], [107309.18259999901, 461498.4182999991], [107300.97949999943, 461483.2661000006], [107293.28319999948, 461467.8502999991], [107286.10220000148, 461452.18780000135], [107279.44429999962, 461436.2958999984], [107175.38199999928, 461612.4840000011], [107243.70600000024, 461653.3509999998], [107207.57499999925, 461719.0170000009], [107155.05389999971, 461793.50140000135], [107151.87889999896, 461794.374499999], [107148.73250000179, 461794.434799999], [107145.05260000005, 461794.374499999], [107143.18679999933, 461794.0326000005], [107141.78110000119, 461793.686900001], [107140.99529999867, 461793.4774999991], [107126.35860000178, 461787.9459999986], [107111.9646999985, 461781.8104999997], [107097.83839999884, 461775.0815999992], [107084.00429999828, 461767.7708999999], [107070.48620000109, 461759.89119999856], [107057.30750000104, 461751.45600000024], [107044.49109999835, 461742.48000000045], [107032.05909999833, 461732.9785999991], [107029.5636, 461730.61190000176], [107027.50759999827, 461727.85489999875], [107025.95100000128, 461724.7879999988], [107024.93939999864, 461721.50090000033], [107024.50219999999, 461718.08960000053], [107024.65230000019, 461714.65359999985], [107025.3852000013, 461711.2932999991], [107026.67960000038, 461708.1068999991], [107080.47520000115, 461602.57019999996], [107083.0439000018, 461599.59319999814], [107086.04069999978, 461597.04769999906], [107089.39400000125, 461594.99450000003], [107093.02369999886, 461593.48270000145], [107096.84310000017, 461592.54830000177], [107100.76080000028, 461592.2137000002], [107104.68329999968, 461592.48699999973], [107115.74529999867, 461594.32930000126], [107126.7333999984, 461596.5709999986], [107137.63309999928, 461599.20910000056], [107140.49300000072, 461599.7179999985], [107143.3973999992, 461599.7675999999], [107146.27299999818, 461599.3568000011], [107149.04729999974, 461598.4959000014], [107151.65040000156, 461597.2065999992], [107154.01639999822, 461595.52149999887], [107156.08590000123, 461593.4829999991], [107157.80649999902, 461591.1425999999], [107269.83100000024, 461410.23800000176], [107440.02899999917, 461146.84699999914], [107473.29699999839, 461182.20899999887], [107978.13780000061, 461735.0399999991]]]}, "properties": {"OBJECTID_1": 49, "OBJECTID": 49, "Type_stel": "Drainbemaling", "Type": " ", "Voert_af_n": "3A", "Bmaling_ni": "Coup\u00e9-polder", "Nr_": "3", "Kern_Nr": "3C", "oude": "3N", "naam": " ", "Shape_Leng": 3266.6904227, "Opmerking1": 0, "Layer": "Coup\u00e9-polder", "Shape_Length": 3266.6904227048085, "Shape_Area": 329438.05809331057}}, {"type": "Feature", "id": 50, "geometry": {"type": "Polygon", "coordinates": [[[104500.47300000116, 462977.53379999846], [104507.90839999914, 462971.1832000017], [104519.25160000101, 462962.4640999995], [104531.0289000012, 462954.3407999985], [104543.20899999887, 462946.8350000009], [105254.03940000013, 462675.25759999827], [105247.3748999983, 462657.7917000018], [105363.07070000097, 462610.43180000037], [105368.78409999982, 462632.13120000064], [105882.08040000126, 462465.04890000075], [106154.65619999915, 463094.62420000136], [106141.33799999952, 463100.7580000013], [105902.1521999985, 463162.94739999995], [105877.65080000088, 463168.7784000002], [105852.99199999869, 463173.9037999995], [105828.19629999995, 463178.3192999996], [105803.28409999982, 463182.0212999992], [105778.27600000054, 463185.0069000013], [105753.19240000099, 463187.2734999992], [105728.05409999937, 463188.81920000166], [105702.88179999962, 463189.64279999956], [105691.52109999955, 463190.2340000011], [105680.22590000182, 463191.5876000002], [105669.04710000008, 463193.69729999825], [105658.03550000116, 463196.55380000174], [105647.24080000073, 463200.1440999992], [105636.71189999953, 463204.4519000016], [105626.49639999866, 463209.4576999992], [105616.64050000161, 463215.1389000006], [105607.18879999965, 463221.46979999915], [105598.18400000036, 463228.42170000076], [105589.66690000147, 463235.9631999992], [105581.67610000074, 463244.0601999983], [105574.75879999995, 463252.0636], [105568.37480000034, 463260.49859999865], [105562.55099999905, 463269.3295999989], [105557.31179999933, 463278.51949999854], [105552.67929999903, 463288.02959999815], [105548.67289999872, 463297.8200000003], [105547.74949999899, 463300.57360000163], [105491.38859999925, 463289.9721000008], [105447.57349999994, 463293.46460000053], [105292.95069999993, 463313.46719999984], [105283.95479999855, 463320.7432000004], [105193.78460000083, 463265.1805999987], [104894.84450000152, 463348.0394000001], [104872.8311999999, 463353.96609999985], [104778.00429999828, 463380.21279999986], [104658.62409999967, 463400.53290000185], [104582.70439999923, 463409.78559999913], [104561.2862999998, 463267.97459999844], [104531.45899999887, 463210.40900000185], [104513.0262000002, 463129.96770000085], [104500.47300000116, 462977.53379999846]]]}, "properties": {"OBJECTID_1": 50, "OBJECTID": 50, "Type_stel": "Gescheiden", "Type": " ", "Voert_af_n": "3K", "Bmaling_ni": "Ridderveld II west", "Nr_": "3", "Kern_Nr": "3M", "oude": "3C", "naam": " ", "Shape_Leng": 4319.22579752, "Opmerking1": 10, "Layer": "Ridderveld II west", "Shape_Length": 4319.225797516467, "Shape_Area": 908242.9357942269}}, {"type": "Feature", "id": 51, "geometry": {"type": "Polygon", "coordinates": [[[110151.10269999877, 457493.51410000026], [110127.57129999995, 457532.247299999], [110113.93549999967, 457554.69200000167], [110034.39139999822, 457660.3920999989], [109954.31439999864, 457765.6871000007], [109945.71279999986, 457776.3304999992], [109936.54960000142, 457786.49450000003], [109926.8515000008, 457796.1495000012], [109916.64689999819, 457805.26740000024], [109905.9653000012, 457813.8216999993], [109894.83790000156, 457821.78730000183], [109883.29699999839, 457829.14119999856], [109871.37620000169, 457835.86199999973], [109862.66580000147, 457840.4629999995], [109798.18780000135, 457874.2325000018], [109733.50219999999, 457907.60269999877], [109725.88019999862, 457911.50140000135], [109684.00890000165, 457927.3379999995], [109641.86250000075, 457942.4270000011], [109599.45419999957, 457956.76359999925], [109556.7976000011, 457970.34329999983], [109513.90610000119, 457983.1618999988], [109470.79329999909, 457995.2151999995], [109427.47289999947, 458006.499499999], [109416.7351000011, 458009.33260000125], [109405.85509999841, 458011.5573000014], [109394.86719999835, 458013.1664999984], [109383.8060999997, 458014.15509999916], [109372.70699999854, 458014.52010000125], [109370.83790000156, 458014.51999999955], [109366.48710000142, 458013.0260999985], [109362.45710000023, 458010.8082999997], [109358.86710000038, 458007.9321999997], [109355.82339999825, 458004.4829999991], [109353.41640000045, 458000.563099999], [109351.71709999815, 457996.2884000018], [109350.7760999985, 457991.7857000008], [109350.62110000104, 457987.18829999864], [109351.25690000132, 457982.6323999986], [109352.66440000013, 457978.2529999986], [109354.80209999904, 457974.17990000173], [109360.50239999965, 457965.8011999987], [109366.66160000116, 457957.75389999896], [109373.26049999893, 457950.063000001], [109380.27840000018, 457942.75250000134], [109387.69379999861, 457935.8451000005], [109628.30200000107, 457723.9539999999], [109652.51469999924, 457702.6308999993], [109663.9609999992, 457697.39130000025], [109675.10449999943, 457691.53730000183], [109685.91290000081, 457685.0855999999], [109696.3542000018, 457678.05530000106], [109706.3975000009, 457670.46730000153], [109716.01209999993, 457662.34490000084], [109834.8729000017, 457556.254900001], [109920.93499999866, 457479.4389999993], [110040.44399999827, 457371.0080000013], [110135.43609999865, 457406.30530000106], [110093.31439999864, 457468.74709999934], [110151.10269999877, 457493.51410000026]]]}, "properties": {"OBJECTID_1": 51, "OBJECTID": 51, "Type_stel": "Gemengd", "Type": "Wonen", "Voert_af_n": "RWZI BG", "Bmaling_ni": "Centrum Zwammerdam", "Nr_": "5", "Kern_Nr": "5A", "oude": " ", "naam": " ", "Shape_Leng": 2185.61792859, "Opmerking1": 0, "Layer": "Centrum Zwammerdam", "Shape_Length": 2185.617928586982, "Shape_Area": 173746.75158423587}}, {"type": "Feature", "id": 52, "geometry": {"type": "Polygon", "coordinates": [[[106589.35300000012, 460151.8264000006], [106583.64900000021, 460153.16800000146], [106580.877700001, 460153.18400000036], [106575.15500000119, 460154.01199999824], [106570.61190000176, 460154.4470999986], [106565.19920000061, 460154.86730000004], [106559.80900000036, 460155.00400000066], [106555.97659999877, 460154.8537000008], [106547.24340000004, 460154.1842], [106539.92720000073, 460153.29769999906], [106534.59450000152, 460152.4967], [106528.24610000104, 460151.19249999896], [106521.17419999838, 460149.2644999996], [106516.24450000003, 460147.52800000086], [106510.94700000063, 460145.3359999992], [106507.20850000158, 460143.71440000087], [106504.76700000092, 460142.61499999836], [106502.2890000008, 460141.31109999865], [106499.69350000098, 460139.9453999996], [106497.67819999903, 460138.88500000164], [106496.02829999849, 460137.92870000005], [106494.88030000031, 460137.85009999946], [106493.52699999884, 460138.64979999885], [106493.04699999839, 460140.55000000075], [106493.19999999925, 460143.3299999982], [106493.35759999976, 460147.17350000143], [106493.74419999868, 460154.8361000009], [106494.06500000134, 460163.03610000014], [106494.11300000176, 460168.33300000057], [106493.84439999983, 460172.87000000104], [106493.43710000068, 460178.0623999983], [106492.74700000137, 460185.11300000176], [106491.69280000031, 460191.5822999999], [106490.81100000069, 460196.9386], [106490.15500000119, 460200.813000001], [106490.30200000107, 460202.9310000017], [106489.41050000116, 460205.91330000013], [106488.32200000063, 460209.058699999], [106487.0839000009, 460213.6088999994], [106485.83960000053, 460219.4754999988], [106484.84769999981, 460224.9908000007], [106484.01839999855, 460230.5551000014], [106483.1090000011, 460237.1559999995], [106482.31940000132, 460244.6532999985], [106481.79699999839, 460249.61300000176], [106481.44640000165, 460255.95490000024], [106481.09299999848, 460262.34899999946], [106480.93050000072, 460267.37629999965], [106480.69999999925, 460274.5080000013], [106480.75490000099, 460282.20369999856], [106480.8916000016, 460291.5377999991], [106481.14499999955, 460296.52059999853], [106481.17000000179, 460300.82930000126], [106481.13870000094, 460304.63910000026], [106481.10200000182, 460309.09800000116], [106481.70399999991, 460310.4290000014], [106481.72140000015, 460312.15630000085], [106481.74300000072, 460314.2989999987], [106480.50800000131, 460315.9389999993], [106479.9589000009, 460318.3531000018], [106478.92870000005, 460323.5804999992], [106478.32030000165, 460327.09589999914], [106477.30909999833, 460332.14180000126], [106476.63300000131, 460333.3440000005], [106475.70450000092, 460336.15309999883], [106474.40500000119, 460340.3220000006], [106473.79729999974, 460341.6944999993], [106472.90520000085, 460343.7094999999], [106471.48350000009, 460346.8460999988], [106470.64730000123, 460348.4470999986], [106469.4963000007, 460350.45419999957], [106468.64759999886, 460351.9343000017], [106467.80380000174, 460353.3407999985], [106467.00860000029, 460354.5833999999], [106465.99370000139, 460356.16959999874], [106464.97599999979, 460357.76000000164], [106463.85119999945, 460359.5945999995], [106462.7509999983, 460361.38899999857], [106461.9824000001, 460362.6944000013], [106456.56810000166, 460368.7740000002], [106455.46759999916, 460369.47199999914], [106454.41899999976, 460371.1070000008], [106453.39009999856, 460372.56489999965], [106452.10700000077, 460374.3830000013], [106450.59459999949, 460376.3638000004], [106449.08469999954, 460378.34120000154], [106447.72800000012, 460380.1180000007], [106447.15469999984, 460380.76779999956], [106446.12209999934, 460381.93829999864], [106444.89059999958, 460383.33410000056], [106444.02589999884, 460384.31430000067], [106443.3900000006, 460385.03500000015], [106442.58619999886, 460385.7868999988], [106440.92700000107, 460387.33889999986], [106439.08359999955, 460389.06340000033], [106437.79899999872, 460390.2650000006], [106436.19150000066, 460391.51790000126], [106435.31280000135, 460392.20270000026], [106433.81210000068, 460393.3724000007], [106431.48160000145, 460394.99639999866], [106429.11600000039, 460396.4970000014], [106426.86080000177, 460397.80480000004], [106424.67529999837, 460399.02800000086], [106422.5923999995, 460400.1590999998], [106420.74599999934, 460401.1616999991], [106418.5540000014, 460402.33089999855], [106416.74480000138, 460403.27320000157], [106415.14600000158, 460404.10599999875], [106413.85929999873, 460404.7760999985], [106412.10220000148, 460405.691300001], [106410.07840000093, 460406.74549999833], [106408.66050000116, 460407.4838999994], [106407.37819999829, 460408.15190000087], [106405.66490000114, 460409.13980000094], [106404.10550000146, 460410.17119999975], [106402.16000000015, 460411.45800000057], [106400.56969999894, 460412.6964999996], [106399.16459999979, 460413.7906999998], [106397.62700000033, 460414.9882000014], [106396.03390000015, 460416.22890000045], [106394.31300000101, 460417.56909999996], [106392.14699999988, 460419.256000001], [106391.0474999994, 460420.0395000018], [106389.1314000003, 460421.4048999995], [106387.0837999992, 460422.86410000175], [106385.4178000018, 460424.0513000004], [106383.9338000007, 460425.10880000144], [106382.34340000153, 460426.4032000005], [106380.93200000003, 460427.6479999982], [106379.46400000155, 460429.5080000013], [106378.5159999989, 460431.61199999973], [106378.0828000009, 460433.7921000011], [106377.57499999925, 460438.02899999917], [106377.58370000124, 460439.0199000016], [106351.47700000182, 460436.41000000015], [106319.74639999866, 460431.8418000005], [106264.01300000027, 460425.33199999854], [106225.88800000027, 460420.3770000003], [106185.8909999989, 460415.91800000146], [106136.94429999962, 460409.256000001], [106116.89609999955, 460405.3414000012], [106097.07250000164, 460401.12999999896], [106090.50699999928, 460399.4549999982], [106088.15540000051, 460398.1508000009], [106085.5940000005, 460396.5879999995], [106082.94819999859, 460394.4963000007], [106080.99029999971, 460393.0395999998], [106079.75719999894, 460391.0714999996], [106078.8060999997, 460389.6435999982], [106077.89119999856, 460387.32559999824], [106077.4290000014, 460384.8520000018], [106078.70470000058, 460354.1328999996], [106081.19099999964, 460321.5841999985], [106082.92870000005, 460288.98690000176], [106083.91710000113, 460256.35830000043], [106084.15560000017, 460223.71550000086], [106083.64400000125, 460191.0760000013], [106146.09800000116, 459756.3420000002], [106181.3916000016, 459548.1970000006], [106182.77279999852, 459537.9664000012], [106183.46040000021, 459527.66589999944], [106183.45109999925, 459517.3423999995], [106182.7452000007, 459507.0432000011], [106181.34569999948, 459496.8150999993], [106179.2591000013, 459486.7047000006], [106176.49489999935, 459476.758200001], [106173.06569999829, 459467.0210000016], [106168.99130000174, 459457.4946000017], [106172.8702000007, 459459.35489999875], [106177.57330000028, 459460.77969999984], [106182.44799999893, 459461.4699999988], [106187.35869999975, 459461.4076000005], [106192.2098999992, 459460.5940000005], [106196.88580000028, 459459.0461000018], [106201.2520999983, 459456.8101999983], [106219.24029999971, 459445.52690000087], [106236.98779999837, 459433.86879999936], [106254.48690000176, 459421.8409000002], [106258.03860000148, 459418.8632000014], [106261.03519999981, 459415.3273999989], [106263.39020000026, 459411.3354000002], [106265.03559999913, 459407.00250000134], [106265.92399999872, 459402.45369999856], [106266.02969999984, 459397.82009999827], [106265.34970000014, 459393.2353999987], [106263.89539999887, 459388.81280000135], [106261.73110000044, 459384.73750000075], [106286.73999999836, 459421.13699999824], [106418.58839999884, 459632.8557999991], [106444.35599999875, 459674.59540000185], [106469.79679999873, 459716.53489999846], [106494.90920000151, 459758.6719000004], [106503.68609999865, 459774.253800001], [106511.81480000168, 459790.18360000104], [106519.28139999881, 459806.4342], [106526.07339999825, 459822.9781999998], [106532.17929999903, 459839.7873999998], [106537.5887000002, 459856.83359999955], [106542.29250000045, 459874.08779999986], [106546.28269999847, 459891.5207999982], [106549.32899999991, 459902.9930000007], [106560.51300000027, 459926.5460000001], [106568.32470000163, 459939.50780000165], [106579.81599999964, 459954.5689999983], [106596.17399999872, 459974.75], [106611.33300000057, 459995.8920000009], [106617.73200000077, 460005.7589999996], [106620.2509999983, 460012.3929999992], [106622.86800000072, 460017.5920000002], [106627.16000000015, 460033.5219999999], [106628.56899999827, 460042.91600000113], [106629.11499999836, 460048.51999999955], [106629.11600000039, 460053.8520000018], [106628.4439000003, 460059.51419999823], [106626.90799999982, 460070.4129999988], [106626.2340000011, 460076.26999999955], [106626.45399999991, 460080.9200000018], [106627.43899999931, 460087.48600000143], [106628.81199999899, 460094.13800000027], [106630.40199999884, 460099.1469999999], [106635.55299999937, 460107.2030000016], [106639.02600000054, 460110.66800000146], [106640.31799999997, 460113.88699999824], [106640.56899999827, 460115.47300000116], [106639.80999999866, 460118.1559999995], [106639.07999999821, 460119.41600000113], [106637.00200000033, 460120.88699999824], [106597.24100000039, 460143.13500000164], [106591.20100000128, 460145.9129999988], [106589.35300000012, 460151.8264000006]]]}, "properties": {"OBJECTID_1": 52, "OBJECTID": 52, "Type_stel": "Drukriolering", "Type": "Wonen", "Voert_af_n": "2A", "Bmaling_ni": "Sportpark Zegersloot", "Nr_": "2", "Kern_Nr": "2H", "oude": "2C", "naam": " ", "Shape_Leng": 2733.62383873, "Opmerking1": 0, "Layer": "Sportpark Zegersloot", "Shape_Length": 2733.623838731919, "Shape_Area": 358734.6189247098}}, {"type": "Feature", "id": 53, "geometry": {"type": "Polygon", "coordinates": [[[106022.13280000165, 458758.01300000027], [106035.45690000057, 458794.808699999], [106048.21070000157, 458831.8060000017], [106060.39090000093, 458868.996199999], [106071.99450000003, 458906.3702000007], [106083.01880000159, 458943.9191999994], [106093.46119999886, 458981.6341999993], [106103.31909999996, 459019.50620000064], [106104.25589999929, 459024.84149999917], [106104.40549999848, 459030.2564000003], [106103.76460000128, 459035.63529999927], [106102.34699999914, 459040.86349999905], [106100.18279999867, 459045.82939999923], [106097.31830000132, 459050.4270000011], [106093.8145999983, 459054.5582999997], [106089.74639999866, 459058.1350999996], [106085.20050000027, 459061.0810999982], [106076.67819999903, 459065.33999999985], [106067.85379999876, 459068.93140000105], [106058.77950000018, 459071.83399999887], [106049.50890000165, 459074.0306000002], [106040.09690000117, 459075.50829999894], [106026.1341000013, 459077.5122999996], [106012.29060000181, 459080.2197000012], [105998.60159999877, 459083.62359999865], [105978.57519999892, 459088.7333999984], [105958.3674999997, 459093.07129999995], [105938.00829999894, 459096.6308000013], [105929.11309999973, 459097.8365000002], [105917.52749999985, 459099.40680000186], [105896.95540000126, 459101.39510000125], [105876.3220999986, 459102.5929000005], [105855.65799999982, 459102.998300001], [105834.9935999997, 459102.61080000177], [105814.35929999873, 459101.43090000004], [105793.78539999947, 459099.4604000002], [105773.3022999987, 459096.7021000013], [105752.94000000134, 459093.1601999998], [105732.72850000113, 459088.83989999816], [105712.6977000013, 459083.7474000007], [105692.87700000033, 459077.8902999982], [105673.29549999908, 459071.2773000002], [105653.98200000077, 459063.91800000146], [105634.96510000154, 459055.8233000003], [105616.27270000055, 459047.00510000065], [105597.93230000138, 459037.4763999991], [105579.97089999914, 459027.2511], [105562.41490000114, 459016.3445000015], [105550.56329999864, 459008.33570000157], [105571.95199999958, 458984.4792000018], [105625.92709999904, 458927.3289999999], [105694.71889999881, 458876.5289000012], [105792.08579999954, 458824.6704999991], [105898.97769999877, 458773.87040000036], [105962.47780000046, 458749.52870000154], [106012.99109999835, 458733.3643999994], [106022.13280000165, 458758.01300000027]]]}, "properties": {"OBJECTID_1": 53, "OBJECTID": 53, "Type_stel": "Gescheiden", "Type": "Bedrijven", "Voert_af_n": "1G", "Bmaling_ni": "De Schans noord", "Nr_": "1", "Kern_Nr": "1I", "oude": "1C/01", "naam": " ", "Shape_Leng": 1453.80716022, "Opmerking1": 0, "Layer": "De Schans noord", "Shape_Length": 1453.8071602187053, "Shape_Area": 128768.84956428703}}, {"type": "Feature", "id": 54, "geometry": {"type": "Polygon", "coordinates": [[[106371.6259999983, 459010.62579999864], [106398.56679999828, 459009.64609999955], [106445.55689999834, 459010.9160999991], [106477.94189999998, 459017.9010999985], [106509.05700000003, 459026.7912000008], [106537.63210000098, 459036.95120000094], [106558.58709999919, 459047.746199999], [106577.63709999993, 459065.5262000002], [106590.51440000162, 459093.5203000009], [106567.88199999928, 459096.3229999989], [106561.71379999816, 459097.7655999996], [106555.4373999983, 459098.622299999], [106549.10830000043, 459098.8856000006], [106542.78240000084, 459098.55319999903], [106533.01509999856, 459097.93140000105], [106523.22830000147, 459098.0128999986], [106513.47269999981, 459098.7974999994], [106503.79870000109, 459100.2811000012], [106494.25609999895, 459102.45600000024], [106313.06300000101, 459150.66699999943], [106312.37040000036, 459150.8022999987], [106311.71040000021, 459151.0524000004], [106311.10209999979, 459151.41000000015], [106310.5626000017, 459151.86499999836], [106310.1074000001, 459152.4043000005], [106309.74960000068, 459153.01260000095], [106309.49940000102, 459153.67240000144], [106309.36389999837, 459154.36499999836], [106309.0001000017, 459156.2463000007], [106308.33300000057, 459158.0425999984], [106307.38060000166, 459159.70529999956], [106306.16869999841, 459161.1895000003], [106304.72989999875, 459162.4550999999], [106303.10319999978, 459163.46770000085], [106294.43120000139, 459167.7463000007], [106276.04800000042, 459110.83399999887], [106274.45030000061, 459093.2221999988], [106274.87359999865, 459080.0989000015], [106278.8953000009, 459060.9959000014], [106284.98070000112, 459051.2063000016], [106297.94530000165, 459041.94590000063], [106314.0848999992, 459034.00840000063], [106336.01199999824, 459024.01999999955], [106371.6259999983, 459010.62579999864]]]}, "properties": {"OBJECTID_1": 54, "OBJECTID": 54, "Type_stel": "Gemengd", "Type": "Wonen", "Voert_af_n": "1G", "Bmaling_ni": "Gouwestraat", "Nr_": "1", "Kern_Nr": "1H", "oude": "1U", "naam": " ", "Shape_Leng": 779.349960246, "Opmerking1": 0, "Layer": "Gouwestraat", "Shape_Length": 779.3499602460823, "Shape_Area": 29128.21954579813}}, {"type": "Feature", "id": 55, "geometry": {"type": "Polygon", "coordinates": [[[104713.90830000117, 461738.3376000002], [104716.07200000063, 461768.0399999991], [104687.38100000098, 461771.8770000003], [104676.46999999881, 461773.5080000013], [104676.47100000083, 461773.7879999988], [104673.31100000069, 461774.1229999997], [104663.51900000125, 461774.72399999946], [104657.11899999902, 461775.04199999943], [104653.37099999934, 461774.86100000143], [104647.5084999986, 461774.87640000135], [104625.23059999943, 461774.32990000024], [104640.73050000146, 461695.89389999956], [104698.51559999958, 461706.4935000017], [104698.09230000153, 461714.96020000055], [104701.90230000019, 461727.6601999998], [104707.6977000013, 461735.68730000034], [104713.90830000117, 461738.3376000002]]]}, "properties": {"OBJECTID_1": 55, "OBJECTID": 55, "Type_stel": "Gemengd", "Type": "Wonen", "Voert_af_n": "1A", "Bmaling_ni": "Hoorn 19 tm 39", "Nr_": "1", "Kern_Nr": "1B", "oude": "1R", "naam": " ", "Shape_Leng": 298.426787129, "Opmerking1": 1, "Layer": "Hoorn 19 tm 39", "Shape_Length": 298.4267871285593, "Shape_Area": 5405.420147787556}}, {"type": "Feature", "id": 56, "geometry": {"type": "Polygon", "coordinates": [[[104698.51559999958, 461706.4935000017], [104696.86960000172, 461668.70369999856], [104696.23460000008, 461668.70369999856], [104700.04470000044, 461581.7085000016], [104725.50539999828, 461458.3902999982], [104923.3236999996, 461477.60599999875], [104913.32620000094, 461576.23319999874], [104931.90949999914, 461591.3365000002], [104912.56329999864, 461721.000500001], [104900.21829999983, 461727.15089999884], [104818.18090000004, 461731.87310000136], [104816.48759999871, 461739.4930999987], [104774.83150000125, 461739.84319999814], [104713.90830000117, 461738.3376000002], [104707.6977000013, 461735.68730000034], [104701.90230000019, 461727.6601999998], [104698.09230000153, 461714.96020000055], [104698.51559999958, 461706.4935000017]]]}, "properties": {"OBJECTID_1": 56, "OBJECTID": 56, "Type_stel": "Gescheiden", "Type": "Wonen", "Voert_af_n": "1A", "Bmaling_ni": "Warande", "Nr_": "1", "Kern_Nr": "1C", "oude": "1Q", "naam": " ", "Shape_Leng": 949.146630265, "Opmerking1": 1, "Layer": "Warande", "Shape_Length": 949.1466302649638, "Shape_Area": 57604.62281966209}}, {"type": "Feature", "id": 57, "geometry": {"type": "Polygon", "coordinates": [[[103849.8238000013, 461309.73110000044], [103969.24570000172, 460974.0135000013], [104171.43600000069, 461044.16000000015], [104072.10449999943, 461343.21180000156], [104070.06769999862, 461348.2355999984], [104067.40459999815, 461352.95760000125], [104064.15890000015, 461357.2996999994], [104060.38390000165, 461361.19040000066], [104056.14180000126, 461364.5658], [104051.50239999965, 461367.37029999867], [104046.5421999991, 461369.557599999], [104041.34270000085, 461371.0918999985], [104035.98950000107, 461371.94779999927], [103849.8238000013, 461309.73110000044]]]}, "properties": {"OBJECTID_1": 57, "OBJECTID": 57, "Type_stel": "Verbeterd gescheiden", "Type": "Bedrijven", "Voert_af_n": "1N", "Bmaling_ni": "Industrieweg", "Nr_": "1", "Kern_Nr": "1L", "oude": "10", "naam": " ", "Shape_Leng": 1130.53238456, "Opmerking1": 0, "Layer": "Industrieweg", "Shape_Length": 1130.5323845595517, "Shape_Area": 77037.66424341692}}, {"type": "Feature", "id": 58, "geometry": {"type": "Polygon", "coordinates": [[[103849.83040000126, 461309.72780000046], [103657.78310000151, 461245.5454999991], [103652.28249999881, 461244.1063000001], [103646.63969999924, 461243.4101999998], [103768.04399999976, 460892.4299999997], [103976.0009999983, 460954.8500000015], [103969.25230000168, 460974.0102000013], [103849.83040000126, 461309.72780000046]]]}, "properties": {"OBJECTID_1": 58, "OBJECTID": 58, "Type_stel": "Verbeterd gescheiden", "Type": "Bedrijven", "Voert_af_n": "1N", "Bmaling_ni": "Bedrijfsweg noord", "Nr_": "1", "Kern_Nr": "1M", "oude": "1P", "naam": " ", "Shape_Leng": 1179.00620688, "Opmerking1": 0, "Layer": "Bedrijfsweg noord", "Shape_Length": 1179.0062068791967, "Shape_Area": 80377.55668321678}}, {"type": "Feature", "id": 59, "geometry": {"type": "Polygon", "coordinates": [[[106150.00310000032, 459630.6997000016], [106080.72100000083, 459619.063000001], [106023.19099999964, 459608.86400000006], [105971.07999999821, 459608.3530000001], [105923.83199999854, 459615.51999999955], [105872.72300000116, 459637.46400000155], [105843.02400000021, 459678.03599999845], [105831.18890000135, 459710.31969999894], [105745.4637000002, 459675.39460000023], [105641.39119999856, 459598.86989999935], [105694.7313000001, 459544.8947999999], [105789.34650000185, 459522.66970000044], [105795.0615000017, 459508.0647], [105797.6015000008, 459487.7446999997], [105795.0615000017, 459470.59959999844], [105788.07649999857, 459454.08960000053], [105780.45650000125, 459445.19959999993], [105769.66149999946, 459440.1196000017], [105755.05640000105, 459439.4846000001], [105736.7575000003, 459439.06870000064], [105811.98600000143, 459397.9820000008], [105833.95740000159, 459385.11890000105], [105856.26040000096, 459372.83989999816], [105878.87959999964, 459361.15349999815], [105901.79919999838, 459350.0678999983], [105925.00329999998, 459339.5907000005], [105948.47569999844, 459329.72940000147], [105972.20010000095, 459320.49069999903], [105985.20340000093, 459315.93670000136], [105998.38870000094, 459311.94040000066], [106011.73220000044, 459308.5089999996], [106016.78240000084, 459307.7197000012], [106021.89389999956, 459307.69779999927], [106026.95059999824, 459308.4437999986], [106031.83799999952, 459309.9408], [106036.44509999827, 459312.1548999995], [106040.66739999875, 459315.0357000008], [106044.40920000151, 459318.5179999992], [106047.58559999987, 459322.5227999985], [106050.12449999899, 459326.9591999985], [106053.47709999979, 459333.5469000004], [106057.17210000008, 459339.94889999926], [106061.19909999892, 459346.1473999992], [106093.12440000102, 459392.85009999946], [106124.78029999882, 459439.73589999974], [106128.29989999905, 459444.4149999991], [106132.30260000005, 459448.6882000007], [106136.74199999869, 459452.50569999963], [106141.68050000072, 459456.7793999985], [106146.10009999946, 459461.58769999817], [106149.94350000098, 459466.8680000007], [106153.16059999913, 459472.55160000175], [106155.70949999988, 459478.5645999983], [106157.55710000172, 459484.82880000025], [106158.67940000072, 459491.26260000095], [106159.06170000136, 459497.78229999915], [106158.69909999892, 459504.30319999903], [106157.59180000052, 459516.1381999999], [106156.94260000065, 459528.00719999894], [106155.45630000159, 459560.7058000006], [106153.31019999832, 459593.36780000106], [106150.50530000031, 459625.9798000008], [106150.00310000032, 459630.6997000016]]]}, "properties": {"OBJECTID_1": 59, "OBJECTID": 59, "Type_stel": "Gescheiden", "Type": "Wonen", "Voert_af_n": "2F", "Bmaling_ni": "Berendrecht zuidoost", "Nr_": "2", "Kern_Nr": "2E", "oude": "2B/04", "naam": " ", "Shape_Leng": 1581.32203396, "Opmerking1": 0, "Layer": "Berendrecht zuidoost", "Shape_Length": 1581.3220339570291, "Shape_Area": 114347.35847082653}}, {"type": "Feature", "id": 60, "geometry": {"type": "Polygon", "coordinates": [[[105641.39119999856, 459598.86989999935], [105745.4637000002, 459675.39460000023], [105831.18890000135, 459710.31969999894], [105908.72679999843, 459742.3801999986], [105863.64169999957, 459868.1103999987], [105762.67650000006, 459833.1854000017], [105736.19689999893, 459856.36290000007], [105708.25690000132, 459870.3328999989], [105675.23680000007, 459877.9530000016], [105639.67669999972, 459879.22300000116], [105600.30660000071, 459881.76300000027], [105569.82660000026, 459881.76300000027], [105539.34650000185, 459881.76300000027], [105498.70639999956, 459880.4930000007], [105474.5764000006, 459875.4129000008], [105454.53519999981, 459873.742899999], [105461.95569999889, 459850.9866000004], [105474.65579999983, 459833.84149999917], [105491.80079999939, 459816.6964999996], [105507.04080000147, 459803.3614999987], [105520.37590000033, 459800.8214999996], [105538.79089999944, 459799.55150000006], [105555.30090000108, 459797.01150000095], [105569.27100000158, 459788.7564000003], [105575.62099999934, 459775.4213999994], [105583.37330000103, 459755.84219999984], [105589.19409999996, 459743.6713999994], [105590.25250000134, 459732.02969999984], [105589.19409999996, 459702.3962999992], [105594.48580000177, 459676.996199999], [105598.71909999847, 459658.4752999991], [105610.8900000006, 459639.9545000009], [105620.4149999991, 459630.4294999987], [105641.39119999856, 459598.86989999935]]]}, "properties": {"OBJECTID_1": 60, "OBJECTID": 60, "Type_stel": "Gescheiden", "Type": "Wonen", "Voert_af_n": "2D", "Bmaling_ni": "Berendrecht noordwest", "Nr_": "2", "Kern_Nr": "2C", "oude": "2B/02", "naam": " ", "Shape_Leng": 1231.66072203, "Opmerking1": 0, "Layer": "Berendrecht noordwest", "Shape_Length": 1231.660722031931, "Shape_Area": 67816.31810320578}}, {"type": "Feature", "id": 61, "geometry": {"type": "Polygon", "coordinates": [[[105660.58669999987, 459579.44579999894], [105641.39119999856, 459598.86989999935], [105620.4149999991, 459630.4294999987], [105610.8900000006, 459639.9545000009], [105598.71909999847, 459658.4752999991], [105594.48580000177, 459676.996199999], [105589.19409999996, 459702.3962999992], [105590.25250000134, 459732.02969999984], [105589.19409999996, 459743.6713999994], [105583.37330000103, 459755.84219999984], [105575.62099999934, 459775.4213999994], [105569.27100000158, 459788.7564000003], [105555.30090000108, 459797.01150000095], [105538.79089999944, 459799.55150000006], [105520.37590000033, 459800.8214999996], [105507.04080000147, 459803.3614999987], [105491.80079999939, 459816.6964999996], [105474.65579999983, 459833.84149999917], [105461.95569999889, 459850.9866000004], [105454.53519999981, 459873.742899999], [105474.5764000006, 459875.4129000008], [105498.70639999956, 459880.4930000007], [105539.34650000185, 459881.76300000027], [105569.82660000026, 459881.76300000027], [105600.30660000071, 459881.76300000027], [105629.89979999885, 459879.8537000008], [105635.62860000134, 459947.27749999985], [105609.17020000145, 459953.0982999988], [105575.30350000039, 459958.3900000006], [105545.67009999976, 459961.0357999988], [105512.33249999955, 459963.15249999985], [105487.99080000073, 459964.21079999954], [105458.3574000001, 459962.623300001], [105405.92680000141, 459950.2305999994], [105407.19999999925, 459941.9239999987], [105409.99540000036, 459920.78500000015], [105413.43389999866, 459899.7410000004], [105417.51220000163, 459878.81159999967], [105419.77739999816, 459868.81980000064], [105422.22659999877, 459858.01619999856], [105424.56419999897, 459841.50090000033], [105427.63019999862, 459825.1053000018], [105431.41869999841, 459808.86129999906], [105435.92220000178, 459792.8009000011], [105441.13190000132, 459776.9554999992], [105446.35979999974, 459761.3707000017], [105451.08210000023, 459745.62530000135], [105455.98250000179, 459729.53599999845], [105461.53489999846, 459713.65989999846], [105467.73020000011, 459698.0234000012], [105474.55790000036, 459682.65249999985], [105482.00679999962, 459667.57290000096], [105490.06439999864, 459652.80959999934], [105498.7173999995, 459638.3872000016], [105507.95129999891, 459624.3295999989], [105517.75079999864, 459610.6603000015], [105528.09950000048, 459597.40190000087], [105538.98039999977, 459584.57669999823], [105550.37519999966, 459572.2058000006], [105564.55169999972, 459557.92550000176], [105579.20580000058, 459544.1356999986], [105594.32030000165, 459530.85229999945], [105597.28130000085, 459528.42350000143], [105660.58669999987, 459579.44579999894]]]}, "properties": {"OBJECTID_1": 61, "OBJECTID": 61, "Type_stel": "Gemengd", "Type": "Wonen", "Voert_af_n": "2A", "Bmaling_ni": "Raadhuisstraat zuid", "Nr_": "2", "Kern_Nr": "2B", "oude": "2A/03", "naam": " ", "Shape_Leng": 1424.6298637, "Opmerking1": 0, "Layer": "Raadhuisstraat zuid", "Shape_Length": 1424.6298636989886, "Shape_Area": 51588.75956640913}}, {"type": "Feature", "id": 62, "geometry": {"type": "Polygon", "coordinates": [[[106161.50299999863, 461494.9063999988], [106307.5549999997, 461451.31599999964], [106451.77470000088, 461407.7906999998], [106521.9728000015, 461431.19000000134], [106582.73889999837, 461617.3247999996], [106576.91809999943, 461642.195700001], [106596.25039999932, 461706.2072999999], [106260.71829999983, 461813.4827999994], [106229.81489999965, 461759.2961000018], [106207.3077000007, 461671.4189000018], [106161.50299999863, 461494.9063999988]]]}, "properties": {"OBJECTID_1": 62, "OBJECTID": 62, "Type_stel": "Gemengd", "Type": " ", "Voert_af_n": "3A", "Bmaling_ni": "Edelstenenbuurt", "Nr_": "3", "Kern_Nr": "3B", "oude": "3H", "naam": " ", "Shape_Leng": 1352.9868393, "Opmerking1": 10, "Layer": "Edelstenenbuurt", "Shape_Length": 1352.9868393006234, "Shape_Area": 120345.24500759062}}, {"type": "Feature", "id": 63, "geometry": {"type": "Polygon", "coordinates": [[[104596.48779999837, 462105.4248000011], [104587.42159999907, 462159.5170999989], [104481.07239999995, 462157.27109999955], [104336.0011, 462180.875], [104342.94460000098, 462123.93079999834], [104456.41869999841, 462103.2991999984], [104492.40210000053, 462100.12420000136], [104596.48779999837, 462105.4248000011]]]}, "properties": {"OBJECTID_1": 63, "OBJECTID": 63, "Type_stel": "Verbeterd gescheiden", "Type": " ", "Voert_af_n": "3E", "Bmaling_ni": "Pegasusstraat", "Nr_": "3", "Kern_Nr": "3G", "oude": "3L", "naam": " ", "Shape_Leng": 621.242919819, "Opmerking1": 10, "Layer": "Pegasusstraat", "Shape_Length": 621.2429198186504, "Shape_Area": 14265.883136856974}}, {"type": "Feature", "id": 64, "geometry": {"type": "Polygon", "coordinates": [[[104641.42130000144, 462880.36609999835], [104364.59099999815, 462987.0044], [104218.78280000016, 463040.6897], [104194.68699999899, 462976.5846000016], [104280.49240000173, 462493.50840000063], [104420.98559999838, 462476.2168999985], [104436.22560000047, 462435.5767999999], [104596.88089999929, 462417.79679999873], [104598.78599999845, 462430.4968000017], [104598.15089999884, 462486.37689999864], [104604.5009999983, 462512.4120000005], [104615.29600000009, 462539.7170000002], [104611.48600000143, 462580.35709999874], [104614.66099999845, 462652.747299999], [104634.34600000083, 462713.07239999995], [104638.1559999995, 462769.5874999985], [104636.2509999983, 462856.5826999992], [104641.42130000144, 462880.36609999835]]]}, "properties": {"OBJECTID_1": 64, "OBJECTID": 64, "Type_stel": "Gescheiden", "Type": " ", "Voert_af_n": "3E", "Bmaling_ni": "Heimanswetering", "Nr_": "3", "Kern_Nr": "3H", "oude": "3M", "naam": " ", "Shape_Leng": 1827.36909644, "Opmerking1": 10, "Layer": "Heimanswetering", "Shape_Length": 1827.369096441469, "Shape_Area": 195515.6068174426}}, {"type": "Feature", "id": 65, "geometry": {"type": "Polygon", "coordinates": [[[105882.08040000126, 462465.04890000075], [105969.32200000063, 462436.65100000054], [106328.84640000015, 462337.8211000003], [106343.15920000151, 462334.2674999982], [106357.63109999895, 462331.4307000004], [106372.22639999911, 462329.3178999983], [106386.9087000005, 462327.9343000017], [106401.6416000016, 462327.2831999995], [106416.38879999891, 462327.3663999997], [106431.11349999905, 462328.18360000104], [106445.77919999883, 462329.7327999994], [106460.34970000014, 462332.0100999996], [106474.78869999945, 462335.00989999995], [106538.3264000006, 462349.4882000014], [106602.02490000054, 462363.2415000014], [106665.8759999983, 462376.2679999992], [106953.0912999995, 462528.9343000017], [106975.49109999835, 462540.4855000004], [106998.17139999941, 462551.4759999998], [107021.11809999868, 462561.89880000055], [107044.31700000167, 462571.7474000007], [107067.7536999993, 462581.01590000093], [107091.41369999945, 462589.69849999994], [107115.28249999881, 462597.7897000015], [107139.3451000005, 462605.2846000008], [107149.06379999965, 462608.56610000134], [107158.52050000057, 462612.5401000008], [107167.66569999978, 462617.18609999865], [107176.45199999958, 462622.47989999875], [107184.8332999982, 462628.3936999999], [107192.76619999856, 462634.8968999982], [107200.20910000056, 462641.9554999992], [107207.12339999899, 462649.53269999847], [107213.47300000116, 462657.58900000155], [106955.82510000095, 462809.52050000057], [106934.21119999886, 462821.88809999824], [106912.28139999881, 462833.68659999967], [106890.05079999939, 462844.90790000185], [106867.53449999914, 462855.5443999991], [106844.74799999967, 462865.58879999816], [106821.70670000091, 462875.0342999995], [106798.42639999837, 462883.874400001], [106774.92300000042, 462892.1030000001], [106633.90469999984, 462947.6330000013], [106604.57779999822, 462958.8456999995], [106575.0337000005, 462969.47300000116], [106545.28420000151, 462979.5108000003], [106515.34090000018, 462988.9549999982], [106485.21579999849, 462997.8018000014], [106454.92069999874, 463006.0478999987], [106424.46759999916, 463013.69000000134], [106393.8685999997, 463020.7248999998], [106358.47879999876, 463028.87680000067], [106323.26550000161, 463037.76000000164], [106288.24370000139, 463047.3709000014], [106253.42859999835, 463057.7052000016], [106218.8350000009, 463068.7586000003], [106184.47789999843, 463080.5262000002], [106162.97800000012, 463090.7914999984], [106154.65619999915, 463094.62420000136], [105882.08040000126, 462465.04890000075]]]}, "properties": {"OBJECTID_1": 65, "OBJECTID": 65, "Type_stel": "Gescheiden", "Type": " ", "Voert_af_n": "3A", "Bmaling_ni": "Ridderveld II oost", "Nr_": "3", "Kern_Nr": "3K", "oude": "3B", "naam": " ", "Shape_Leng": 3264.7879461, "Opmerking1": 10, "Layer": "Ridderveld II oost", "Shape_Length": 3264.7879460976687, "Shape_Area": 597417.042950637}}, {"type": "Feature", "id": 66, "geometry": {"type": "Polygon", "coordinates": [[[104415.75200000033, 463607.0634999983], [104251.5533999987, 463640.89979999885], [104244.29450000077, 463642.7943999991], [104237.27210000157, 463645.433699999], [104230.56219999865, 463648.7888999991], [104224.23759999871, 463652.8236999996], [104205.63309999928, 463668.1136999987], [104063.55150000006, 463645.0949999988], [104140.72540000081, 463259.2767000012], [104145.0036999993, 463238.59860000014], [104149.62079999968, 463217.99340000004], [104150.53049999848, 463215.16310000047], [104151.89180000126, 463212.52010000125], [104153.66800000146, 463210.13610000163], [104155.81089999899, 463208.0753999986], [104158.26260000095, 463206.39389999956], [104160.95670000091, 463205.13699999824], [104163.82050000131, 463204.3387000002], [104166.77639999986, 463204.02059999853], [104185.9197999984, 463203.18459999934], [104205.01830000058, 463201.6303999983], [104224.0449000001, 463199.3599999994], [104242.97289999947, 463196.37680000067], [104261.77549999952, 463192.6849000007], [104275.54030000046, 463189.3136], [104289.0987999998, 463185.190200001], [104302.41000000015, 463180.3271000013], [104315.43340000138, 463174.73889999837], [104324.16330000013, 463170.4096999988], [104378.84250000119, 463295.96930000186], [104415.75200000033, 463607.0634999983]]]}, "properties": {"OBJECTID_1": 66, "OBJECTID": 66, "Type_stel": "Gescheiden", "Type": " ", "Voert_af_n": "3O", "Bmaling_ni": "Jachthaven", "Nr_": "3", "Kern_Nr": "3N", "oude": "3I", "naam": " ", "Shape_Leng": 1437.61333146, "Opmerking1": 10, "Layer": "Jachthaven", "Shape_Length": 1437.6133314630483, "Shape_Area": 125280.3964251109}}, {"type": "Feature", "id": 67, "geometry": {"type": "Polygon", "coordinates": [[[104934.62040000036, 463506.4450000003], [104644.9149999991, 463559.83999999985], [104415.75200000033, 463607.0634999983], [104395.05939999968, 463432.65480000153], [104658.62409999967, 463400.53290000185], [104778.00429999828, 463380.21279999986], [104872.8311999999, 463353.96609999985], [104894.84450000152, 463348.0394000001], [104934.62040000036, 463506.4450000003]]]}, "properties": {"OBJECTID_1": 67, "OBJECTID": 67, "Type_stel": "Gescheiden", "Type": " ", "Voert_af_n": "3M", "Bmaling_ni": "Heuvelweg west", "Nr_": "3", "Kern_Nr": "3O", "oude": "3G", "naam": " ", "Shape_Leng": 1375.31958752, "Opmerking1": 10, "Layer": "Heuvelweg west", "Shape_Length": 1375.3195875219237, "Shape_Area": 82984.20362105242}}, {"type": "Feature", "id": 68, "geometry": {"type": "Polygon", "coordinates": [[[105297.7386999987, 463439.51949999854], [104934.62040000036, 463506.4450000003], [104894.84450000152, 463348.0394000001], [105193.78460000083, 463265.1805999987], [105283.95479999855, 463320.7432000004], [105297.7386999987, 463439.51949999854]]]}, "properties": {"OBJECTID_1": 68, "OBJECTID": 68, "Type_stel": "Gescheiden", "Type": " ", "Voert_af_n": "3M", "Bmaling_ni": "Heuvelweg midden", "Nr_": "3", "Kern_Nr": "3P", "oude": "3F", "naam": " ", "Shape_Leng": 1068.25610677, "Opmerking1": 10, "Layer": "Heuvelweg midden", "Shape_Length": 1068.2561067688484, "Shape_Area": 65428.30388107787}}, {"type": "Feature", "id": 69, "geometry": {"type": "Polygon", "coordinates": [[[105547.74949999899, 463300.57360000163], [105545.30950000137, 463307.8495000005], [105542.60330000147, 463318.0760000013], [105540.56549999863, 463328.4563000016], [105539.20490000024, 463338.94689999893], [105538.52710000053, 463349.50360000134], [105538.53500000015, 463360.08199999854], [105548.21389999986, 463478.4930999987], [105548.28779999912, 463484.250599999], [105547.57239999995, 463489.9640999995], [105546.08100000024, 463495.5256000012], [105543.84189999849, 463500.8304999992], [105540.89719999954, 463505.77859999985], [105537.30249999836, 463510.2767000012], [105533.12539999932, 463514.2399000004], [105528.4448999986, 463517.5936000012], [105523.34899999946, 463520.2745999992], [105517.93400000036, 463522.23220000044], [105512.30180000141, 463523.4296000004], [105506.558699999, 463523.8440999985], [105500.81300000101, 463523.4681000002], [105495.17289999872, 463522.30849999934], [105489.74480000138, 463520.3872000016], [105484.63109999895, 463517.7404999994], [105479.92819999903, 463514.4182999991], [105475.72459999844, 463510.48310000077], [105472.09980000183, 463506.00930000097], [105469.12200000137, 463501.08100000024], [105433.17110000178, 463439.47679999843], [105430.24549999833, 463435.1794000007], [105426.75279999897, 463431.32880000025], [105422.76049999893, 463427.9989], [105418.34540000185, 463425.2542000003], [105413.59270000085, 463423.1473999992], [105408.5940000005, 463421.71920000017], [105403.44570000097, 463420.99709999934], [105398.24700000137, 463420.99500000104], [105297.7386999987, 463439.51949999854], [105283.95479999855, 463320.7432000004], [105292.95069999993, 463313.46719999984], [105447.57349999994, 463293.46460000053], [105491.38859999925, 463289.9721000008], [105547.74949999899, 463300.57360000163]]]}, "properties": {"OBJECTID_1": 69, "OBJECTID": 69, "Type_stel": "Gescheiden", "Type": " ", "Voert_af_n": "3P", "Bmaling_ni": "Heuvelweg oost", "Nr_": "3", "Kern_Nr": "3Q", "oude": "3E", "naam": " ", "Shape_Leng": 898.009153011, "Opmerking1": 10, "Layer": "Heuvelweg oost", "Shape_Length": 898.0091530106091, "Shape_Area": 40753.867699170994}}, {"type": "Feature", "id": 70, "geometry": {"type": "Polygon", "coordinates": [[[105597.28130000085, 459528.42350000143], [105609.87790000066, 459518.0907000005], [105625.86059999838, 459505.8654999994], [105642.24980000034, 459494.19110000134], [105659.02659999952, 459483.0808000006], [105676.17159999907, 459472.5476000011], [105693.6649999991, 459462.60379999876], [105736.7575000003, 459439.06870000064], [105755.05640000105, 459439.4846000001], [105769.66149999946, 459440.1196000017], [105780.45650000125, 459445.19959999993], [105788.07649999857, 459454.08960000053], [105795.0615000017, 459470.59959999844], [105797.6015000008, 459487.7446999997], [105795.0615000017, 459508.0647], [105789.34650000185, 459522.66970000044], [105694.7313000001, 459544.8947999999], [105660.58669999987, 459579.44579999894], [105597.28130000085, 459528.42350000143]]]}, "properties": {"OBJECTID_1": 70, "OBJECTID": 70, "Type_stel": "Gescheiden", "Type": "Wonen", "Voert_af_n": "2B", "Bmaling_ni": "Berendrecht zuidwest", "Nr_": "2", "Kern_Nr": "2F", "oude": "2B/03", "naam": " ", "Shape_Leng": 521.059489052, "Opmerking1": 0, "Layer": "Berendrecht zuidwest", "Shape_Length": 521.0594890521398, "Shape_Area": 14896.902278798994}}, {"type": "Feature", "id": 71, "geometry": {"type": "Polygon", "coordinates": [[[105887.17309999838, 458779.48050000146], [105859.23620000109, 458792.7573999986], [105834.1528000012, 458804.6783000007], [105807.70300000161, 458817.248399999], [105792.08579999954, 458824.6704999991], [105734.49100000039, 458664.5546000004], [105832.70459999889, 458626.4545000009], [105887.17309999838, 458779.48050000146]]]}, "properties": {"OBJECTID_1": 71, "OBJECTID": 71, "Type_stel": "Verbeterd gescheiden", "Type": "Bedrijven", "Voert_af_n": "1J", "Bmaling_ni": "De Schans 33 - afvalbrengstation", "Nr_": "1", "Kern_Nr": "1K", "oude": "1T", "naam": " ", "Shape_Leng": 543.214457306, "Opmerking1": 0, "Layer": "De Schans 33 - afvalbrengstation", "Shape_Length": 543.2144573061087, "Shape_Area": 17466.092099097757}}, {"type": "Feature", "id": 72, "geometry": {"type": "Polygon", "coordinates": [[[107263.18789999932, 458352.1341000013], [107360.6651000008, 458482.7168000005], [107236.50189999864, 458570.65619999915], [107224.55829999968, 458560.32389999926], [107214.68470000103, 458550.9376000017], [107205.27939999849, 458541.08210000023], [107196.36450000107, 458530.78079999983], [107187.96119999886, 458520.0581], [107180.08940000087, 458508.93939999864], [107172.7677000016, 458497.4510000013], [107166.01339999959, 458485.620099999], [107159.84250000119, 458473.47459999844], [107154.2696999982, 458461.0434000008], [107151.98319999874, 458454.58999999985], [107150.44029999897, 458447.91959999874], [107149.66079999879, 458441.1176000014], [107149.65459999815, 458434.27109999955], [107150.42190000042, 458427.46770000085], [107151.95279999822, 458420.7945000008], [107154.22769999877, 458414.3370000012], [107157.21750000119, 458408.1777999997], [107160.88390000165, 458402.3957000002], [107165.1799999997, 458397.0648000017], [107170.05079999939, 458392.2533], [107175.43389999866, 458388.0227999985], [107185.32310000062, 458381.4965999983], [107195.53979999945, 458375.49610000104], [107206.05620000139, 458370.03770000115], [107216.8434999995, 458365.13639999926], [107227.87220000103, 458360.8055999987], [107239.11219999939, 458357.05700000003], [107250.53269999847, 458353.90100000054], [107257.23669999838, 458352.61670000106], [107263.18789999932, 458352.1341000013]]]}, "properties": {"OBJECTID_1": 72, "OBJECTID": 72, "Type_stel": "Gemengd", "Type": "Wonen", "Voert_af_n": "5F", "Bmaling_ni": "Goudse Rijpad", "Nr_": "5", "Kern_Nr": "5G", "oude": " ", "naam": " ", "Shape_Leng": 631.399675437, "Opmerking1": 0, "Layer": "Goudse Rijpad", "Shape_Length": 631.3996754374222, "Shape_Area": 27478.77487253256}}, {"type": "Feature", "id": 73, "geometry": {"type": "Polygon", "coordinates": [[[103010.7666000016, 459949.9274000004], [103038.61050000042, 459987.3365000002], [103070.78390000015, 460035.5965999998], [103093.64389999956, 460072.8500000015], [103108.88390000165, 460107.56340000033], [103121.58399999887, 460139.7368000001], [103125.808699999, 460186.99650000036], [102961.70100000128, 460152.0835000016], [102881.87370000035, 460135.1004999988], [102839.34380000085, 460124.95010000095], [102874.9589000009, 460013.8561999984], [102928.99680000171, 459847.6330999993], [103010.7666000016, 459949.9274000004]]]}, "properties": {"OBJECTID_1": 73, "OBJECTID": 73, "Type_stel": "Verbeterd gescheiden", "Type": " ", "Voert_af_n": "4L", "Bmaling_ni": "Leidse Schouw zuid", "Nr_": "4", "Kern_Nr": "4L", "oude": " ", "naam": " ", "Shape_Leng": 983.81992236, "Opmerking1": 0, "Layer": "Leidse Schouw zuid", "Shape_Length": 983.8199223599614, "Shape_Area": 49992.328870249476}}, {"type": "Feature", "id": 74, "geometry": {"type": "Polygon", "coordinates": [[[103658.10480000079, 460280.7727999985], [103604.41120000184, 460408.9970000014], [103440.62519999966, 460379.2467], [103352.60599999875, 460363.25869999826], [103278.81089999899, 460349.85449999943], [103235.377700001, 460341.9651999995], [103148.09149999917, 460326.1105000004], [103130.72129999846, 460323.09259999916], [103123.70450000092, 460320.498399999], [103118.0727000013, 460316.7908000015], [103112.93200000003, 460311.39189999923], [103110.32180000097, 460307.25620000064], [103107.85779999942, 460301.0421999991], [103106.7303000018, 460292.01960000023], [103107.52840000018, 460285.64820000157], [103111.36050000042, 460275.24430000037], [103117.30959999934, 460255.53020000085], [103121.42590000108, 460236.97150000185], [103125.49230000004, 460202.0449000001], [103125.808699999, 460186.99650000036], [103123.23279999942, 460158.18180000037], [103520.99980000034, 460218.90029999986], [103658.10480000079, 460280.7727999985]]]}, "properties": {"OBJECTID_1": 74, "OBJECTID": 74, "Type_stel": "Verbeterd gescheiden", "Type": " ", "Voert_af_n": "4B", "Bmaling_ni": "Currieweg noord", "Nr_": "4", "Kern_Nr": "4K", "oude": " ", "naam": " ", "Shape_Leng": 1351.82385409, "Opmerking1": 0, "Layer": "Currieweg noord", "Shape_Length": 1351.8238540875905, "Shape_Area": 85780.33129975604}}, {"type": "Feature", "id": 75, "geometry": {"type": "Polygon", "coordinates": [[[103205.47170000151, 459875.72740000114], [103196.22040000185, 459874.4569000006], [103186.59200000018, 459873.1314999983], [103176.7760999985, 459873.2045999989], [103165.57899999991, 459873.2846999988], [103153.32189999893, 459875.05970000103], [103141.65769999847, 459876.7655999996], [103133.13639999926, 459878.0139000006], [103118.9364, 459882.3555999994], [103107.66220000014, 459885.8231000006], [103097.92990000173, 459892.27479999885], [103088.58570000157, 459898.3995000012], [103078.5203000009, 459904.9968999997], [103068.8841000013, 459911.313000001], [103058.88780000061, 459917.78269999847], [103049.5047999993, 459924.01520000026], [103039.59250000119, 459930.5122999996], [103029.7949000001, 459936.9631999992], [103020.42159999907, 459943.65199999884], [103010.76680000126, 459949.92720000073], [102928.46200000122, 459846.96400000155], [102938.61250000075, 459821.2670000009], [102949.40729999915, 459795.8339000009], [102960.83989999816, 459770.6810000017], [103169.94099999964, 459505.68499999866], [103174.38800000027, 459501.10539999977], [103179.33830000088, 459497.0753000006], [103184.72459999844, 459493.6495000012], [103190.47340000048, 459490.87480000034], [103196.5064000003, 459488.7888999991], [103202.74139999971, 459487.4202999994], [103209.09329999983, 459486.78759999946], [103215.47580000013, 459486.89939999953], [103221.80169999972, 459487.7542999983], [103227.98490000144, 459489.34050000086], [103233.94110000134, 459491.63650000095], [103239.58909999952, 459494.61100000143], [103441.08089999855, 459616.250500001], [103409.34540000185, 459652.1616999991], [103380.7703000009, 459695.5535000004], [103368.07030000165, 459702.96180000156], [103358.54529999942, 459705.0784999989], [103349.0203000009, 459708.25349999964], [103331.02859999985, 459714.60350000113], [103322.56190000102, 459720.9534999989], [103310.92020000145, 459728.36190000176], [103301.39519999921, 459738.94519999996], [103205.47170000151, 459875.72740000114]]]}, "properties": {"OBJECTID_1": 75, "OBJECTID": 75, "Type_stel": "Gescheiden", "Type": " ", "Voert_af_n": "4A", "Bmaling_ni": "Molenwetering", "Nr_": "4", "Kern_Nr": "4M", "oude": " ", "naam": " ", "Shape_Leng": 1439.06141331, "Opmerking1": 0, "Layer": "Molenwetering", "Shape_Length": 1439.0614133101685, "Shape_Area": 116318.80365155377}}, {"type": "Feature", "id": 76, "geometry": {"type": "Polygon", "coordinates": [[[104223.52980000153, 459170.62209999934], [104168.35709999874, 459201.95639999956], [104116.28700000048, 459233.70639999956], [104040.08689999953, 459290.85660000145], [103787.3563000001, 459010.1860000007], [103729.4208999984, 459002.0927999988], [103703.2360999994, 458918.13430000097], [103888.1475000009, 458786.2474000007], [104223.52980000153, 459170.62209999934]]]}, "properties": {"OBJECTID_1": 76, "OBJECTID": 76, "Type_stel": "Gescheiden", "Type": " ", "Voert_af_n": "4C", "Bmaling_ni": "Kerk en Zanen", "Nr_": "4", "Kern_Nr": "4Q", "oude": " ", "naam": " ", "Shape_Leng": 1481.0691533, "Opmerking1": 0, "Layer": "Kerk en Zanen", "Shape_Length": 1481.0691533013437, "Shape_Area": 113523.26855839984}}, {"type": "Feature", "id": 77, "geometry": {"type": "Polygon", "coordinates": [[[104765.40100000054, 460211.2254000008], [104740.12530000135, 460239.7050999999], [104695.6752000004, 460276.1118000001], [104646.56839999929, 460315.4818999991], [104336.6409999989, 460131.83399999887], [104370.97899999842, 460046.7120000012], [104410.93820000067, 459941.98690000176], [104438.03159999847, 459877.64009999856], [104485.4450000003, 459814.9866000004], [104555.7184999995, 459759.95320000127], [104615.83190000057, 459733.70639999956], [104682.71869999915, 459725.2397999987], [104749.60550000146, 459726.0863999985], [104843.58570000157, 459767.5731999986], [104864.21680000052, 459778.44629999995], [104801.9849999994, 459870.6105999984], [104724.19729999825, 460003.96079999954], [104723.70300000161, 460068.16000000015], [104763.74639999866, 460207.82449999824], [104764.25600000098, 460209.3909999989], [104765.40100000054, 460211.2254000008]]]}, "properties": {"OBJECTID_1": 77, "OBJECTID": 77, "Type_stel": "Gescheiden", "Type": " ", "Voert_af_n": "4O", "Bmaling_ni": "Provincies", "Nr_": "4", "Kern_Nr": "4N", "oude": " ", "naam": " ", "Shape_Leng": 1765.09858884, "Opmerking1": 0, "Layer": "Provincies", "Shape_Length": 1765.098588844145, "Shape_Area": 181317.93372503592}}, {"type": "Feature", "id": 78, "geometry": {"type": "Polygon", "coordinates": [[[104530.96499999985, 459779.33839999884], [104485.4450000003, 459814.9866000004], [104438.03159999847, 459877.64009999856], [104410.93820000067, 459941.98690000176], [104370.97899999842, 460046.7120000012], [104082.18059999868, 459883.0216999985], [104159.90100000054, 459753.74430000037], [104213.66440000013, 459688.76249999925], [104291.76960000023, 459610.65729999915], [104324.78970000148, 459587.79729999974], [104418.76990000159, 459655.74240000173], [104465.76000000164, 459687.4924999997], [104505.7650000006, 459734.48259999976], [104530.96499999985, 459779.33839999884]]]}, "properties": {"OBJECTID_1": 78, "OBJECTID": 78, "Type_stel": "Gescheiden", "Type": " ", "Voert_af_n": "4C", "Bmaling_ni": "Europese landen", "Nr_": "4", "Kern_Nr": "4O", "oude": " ", "naam": " ", "Shape_Leng": 1321.9009984, "Opmerking1": 0, "Layer": "Europese landen", "Shape_Length": 1321.9009983973122, "Shape_Area": 109023.7987647203}}, {"type": "Feature", "id": 79, "geometry": {"type": "Polygon", "coordinates": [[[105214.45089999959, 459524.4477000013], [105177.06689999998, 459583.85390000045], [105074.59650000185, 459745.44640000165], [104999.17480000108, 459863.4800999984], [104967.19929999858, 459840.3867000006], [104906.23919999972, 459800.59319999814], [104843.58570000157, 459767.5731999986], [104749.60550000146, 459726.0863999985], [104737.29190000147, 459725.9305999987], [104748.33549999818, 459673.310800001], [104782.20230000094, 459588.64389999956], [104831.30900000036, 459468.41699999943], [104845.35689999908, 459426.1345000006], [104882.99810000136, 459437.1834000014], [104953.90659999847, 459406.70340000093], [104967.45329999924, 459370.29659999907], [104992.21829999983, 459380.4567000009], [104994.96999999881, 459389.9816999994], [105033.07009999827, 459373.89499999955], [105046.61679999903, 459413.0533999987], [105214.45089999959, 459524.4477000013]]]}, "properties": {"OBJECTID_1": 79, "OBJECTID": 79, "Type_stel": "Gescheiden", "Type": " ", "Voert_af_n": "4C", "Bmaling_ni": "Europese hoofdsteden", "Nr_": "4", "Kern_Nr": "4P", "oude": " ", "naam": " ", "Shape_Leng": 1495.26300278, "Opmerking1": 0, "Layer": "Europese hoofdsteden", "Shape_Length": 1495.263002781227, "Shape_Area": 133333.70407747183}}, {"type": "Feature", "id": 80, "geometry": {"type": "Polygon", "coordinates": [[[104752.9523999989, 458511.4032000005], [104729.21770000085, 458512.79940000176], [104684.7677000016, 458527.61609999835], [104642.43420000002, 458550.8995000012], [104610.68420000002, 458580.53290000185], [104587.40080000088, 458608.0496000014], [104564.11740000173, 458650.3830000013], [104542.95069999993, 458682.1330999993], [104509.08399999887, 458696.9497999996], [104444.41970000044, 458698.43140000105], [104435.52969999984, 458697.7963999994], [104417.74960000068, 458696.52639999986], [104398.69959999993, 458693.3513999991], [104384.72960000113, 458690.8114], [104349.80449999869, 458684.4613999985], [104333.29450000077, 458680.65139999986], [104318.05440000072, 458680.0163999982], [104297.73440000042, 458675.57140000165], [104284.39939999953, 458674.9364], [104272.96930000186, 458675.57140000165], [104260.26929999888, 458676.20639999956], [104252.01429999992, 458677.4763999991], [104238.04430000111, 458680.65139999986], [104229.78920000046, 458683.8264000006], [104217.72419999912, 458690.17639999837], [104198.67419999838, 458692.7164000012], [104174.54410000145, 458694.62139999866], [104085.11899999902, 458656.3434999995], [104054.63899999857, 458646.18349999934], [104020.77219999954, 458632.6367999986], [103964.89209999889, 458630.943500001], [103914.09200000018, 458642.79679999873], [103870.06529999897, 458669.89020000026], [103826.47060000151, 458715.560800001], [103798.44399999827, 458683.44000000134], [103823.64999999851, 458628.04199999943], [103844.53269999847, 458608.80160000175], [103865.94539999962, 458590.1528000012], [103887.87139999866, 458572.11030000076], [103910.29349999875, 458554.68829999864], [103933.19420000166, 458537.90019999817], [103956.55550000072, 458521.75930000097], [103980.35920000076, 458506.2782000005], [104004.58659999818, 458491.4690000005], [104029.21880000085, 458477.34329999983], [104054.23649999872, 458463.91220000014], [104079.62009999901, 458451.18620000035], [104105.35040000081, 458439.17489999905], [104202.30490000173, 458395.72370000184], [104299.38369999826, 458352.55209999904], [104304.89790000021, 458350.53009999916], [104310.62909999862, 458349.24610000104], [104316.47890000045, 458348.7221999988], [104322.34699999914, 458348.96730000153], [104328.13280000165, 458349.9772000015], [104333.73690000176, 458351.7347000018], [104340.5271999985, 458353.98380000144], [104347.50670000166, 458355.54989999905], [104354.60700000077, 458356.4177000001], [104361.75820000097, 458356.5786000006], [104368.89029999822, 458356.0309999995], [104375.93320000172, 458354.7802999988], [104382.81769999862, 458352.83879999816], [104389.47630000114, 458350.22560000047], [104395.84369999915, 458346.9662999995], [104401.8572999984, 458343.0927999988], [104407.45800000057, 458338.6433000006], [104412.59090000018, 458333.6614000015], [104417.20569999889, 458328.1959999986], [104421.25690000132, 458322.3007999994], [104423.61169999838, 458319.0201999992], [104426.40139999986, 458316.1004999988], [104429.57140000165, 458313.5989000015], [104433.05970000103, 458311.56430000067], [104436.79780000076, 458310.0366999991], [104452.17570000142, 458305.3574000001], [104467.74859999865, 458301.3751000017], [104483.4849999994, 458298.09809999913], [104499.35300000012, 458295.53280000016], [104515.32019999996, 458293.684799999], [104656.00699999928, 458280.6030000001], [104747.61600000039, 458390.98000000045], [104752.9523999989, 458511.4032000005]]]}, "properties": {"OBJECTID_1": 80, "OBJECTID": 80, "Type_stel": "Gescheiden", "Type": " ", "Voert_af_n": "4F", "Bmaling_ni": "Burggooi noord", "Nr_": "4", "Kern_Nr": "4R", "oude": " ", "naam": " ", "Shape_Leng": 2348.10423155, "Opmerking1": 0, "Layer": "Burggooi noord", "Shape_Length": 2348.1042315508735, "Shape_Area": 235498.38919087252}}, {"type": "Feature", "id": 81, "geometry": {"type": "Polygon", "coordinates": [[[104907.62950000167, 459806.32669999823], [104948.90459999815, 459831.72679999843], [104968.74839999899, 459845.2204999998], [104999.70470000058, 459867.4455999993], [104974.74329999834, 459909.8586000018], [104871.15839999914, 460070.73889999837], [104862.60779999942, 460088.4107999988], [104853.37559999898, 460105.73629999906], [104843.47569999844, 460122.68930000067], [104832.92330000177, 460139.24390000105], [104821.73440000042, 460155.3751000017], [104809.92579999939, 460171.0584000014], [104797.51550000161, 460186.27010000125], [104773.35700000077, 460209.0131999999], [104770.96649999917, 460211.7067999989], [104767.43100000173, 460212.5659000017], [104768.72300000116, 460209.55249999836], [104728.24170000106, 460070.6460000016], [104727.372299999, 460007.1356999986], [104751.18490000069, 459966.91899999976], [104805.16000000015, 459873.78550000116], [104865.66800000146, 459784.1741000004], [104907.62950000167, 459806.32669999823]]]}, "properties": {"OBJECTID_1": 81, "OBJECTID": 81, "Type_stel": "Verbeterd gescheiden", "Type": " ", "Voert_af_n": "1A", "Bmaling_ni": "De Verbinding", "Nr_": "1", "Kern_Nr": "1W", "oude": " ", "naam": " ", "Shape_Leng": 1050.40683842, "Opmerking1": 0, "Layer": "De Verbinding", "Shape_Length": 1050.4068384238356, "Shape_Area": 56227.99303960661}}, {"type": "Feature", "id": 82, "geometry": {"type": "Polygon", "coordinates": [[[105254.3385999985, 459323.08410000056], [105254.22720000148, 459323.2738999985], [105256.31509999931, 459332.99610000104], [105287.88159999996, 459360.95120000094], [105293.05640000105, 459372.3403000012], [105290.98649999872, 459386.3178000003], [105289.95149999857, 459398.22459999844], [105285.81159999967, 459409.09600000083], [105283.22419999912, 459414.2729000002], [105278.97819999978, 459421.9083000012], [105214.45089999959, 459524.4477000013], [105046.61679999903, 459413.0533999987], [105033.07009999827, 459373.89499999955], [104994.96999999881, 459389.9816999994], [104992.21829999983, 459380.4567000009], [104967.45329999924, 459370.29659999907], [104953.90659999847, 459406.70340000093], [104882.99810000136, 459437.1834000014], [104845.35689999908, 459426.1345000006], [104873.04600000009, 459175.0949999988], [105011.03700000048, 459208.8110000007], [105124.00699999928, 459250.6279999986], [105254.3385999985, 459323.08410000056]]]}, "properties": {"OBJECTID_1": 82, "OBJECTID": 82, "Type_stel": "Gescheiden", "Type": " ", "Voert_af_n": "4C", "Bmaling_ni": "Aziatische Landen", "Nr_": "4", "Kern_Nr": "4D", "oude": " ", "naam": " ", "Shape_Leng": 1378.59133415, "Opmerking1": 0, "Layer": "Aziatische Landen", "Shape_Length": 1378.5913341476264, "Shape_Area": 84928.19047292619}}, {"type": "Feature", "id": 83, "geometry": {"type": "Polygon", "coordinates": [[[106263.59910000116, 459181.5375000015], [106259.84739999846, 459183.0954999998], [106254.57180000097, 459184.81379999965], [106249.12310000136, 459185.86019999906], [106243.58639999852, 459186.2184999995], [106238.04820000008, 459185.8830000013], [106232.59519999847, 459184.8588999994], [106227.31269999966, 459183.1623999998], [106222.28310000151, 459180.81980000064], [106217.17020000145, 459177.67159999907], [106212.4226000011, 459173.9956], [106208.09439999983, 459169.8337999992], [106204.23519999906, 459165.2338999994], [106200.88899999857, 459160.24819999933], [106198.0940000005, 459154.93400000036], [106182.70380000025, 459120.8616000004], [106167.7536999993, 459086.59369999915], [106155.28709999844, 459056.9835000001], [106167.57070000097, 459052.9382000007], [106186.10040000081, 459048.8568000011], [106192.36580000073, 459049.8728], [106196.59910000116, 459051.2274999991], [106198.96979999915, 459053.09010000154], [106201.34039999917, 459055.46079999954], [106204.04980000108, 459058.17020000145], [106208.62180000171, 459064.26619999856], [106215.22580000013, 459072.9021999985], [106226.57119999826, 459090.5128999986], [106233.8524999991, 459104.56760000065], [106245.53649999946, 459134.2010000013], [106263.59910000116, 459181.5375000015]]]}, "properties": {"OBJECTID_1": 83, "OBJECTID": 83, "Type_stel": "Gemengd", "Type": "Wonen", "Voert_af_n": "1G", "Bmaling_ni": "Gouwekade", "Nr_": "1", "Kern_Nr": "1V", "oude": "1U", "naam": " ", "Shape_Leng": 376.514993116, "Opmerking1": 0, "Layer": "Gouwekade", "Shape_Length": 376.5149931156603, "Shape_Area": 7153.605281821346}}, {"type": "Feature", "id": 84, "geometry": {"type": "Polygon", "coordinates": [[[106018.36800000072, 461245.5789999999], [106016.85300000012, 461246.7580000013], [105996.22500000149, 461272.28599999845], [105991.15700000152, 461279.0729999989], [105986.99100000039, 461285.6020000018], [105985.0549999997, 461288.63599999994], [105979.30700000003, 461293.2520000003], [105931.00400000066, 461318.8570000008], [105926.45199999958, 461321.4120000005], [105920.03799999878, 461325.1550000012], [105898.91699999943, 461337.6180000007], [105869.56100000069, 461354.8509999998], [105864.83799999952, 461357.26199999824], [105857.01199999824, 461361.1409999989], [105851.10399999842, 461364.6319999993], [105843.53559999913, 461369.0806999989], [105831.3647999987, 461355.58689999953], [105817.07730000094, 461341.56390000135], [105800.40850000083, 461332.56810000166], [105786.22679999843, 461327.4351999983], [105775.64339999855, 461324.4717999995], [105863.27360000089, 461112.3814000003], [105917.46040000021, 461146.24810000136], [105938.20380000025, 461164.0282000005], [105953.86710000038, 461178.84490000084], [105975.03379999846, 461200.85819999874], [106018.36800000072, 461245.5789999999]]]}, "properties": {"OBJECTID_1": 84, "OBJECTID": 84, "Type_stel": "Drukriolering", "Type": "Bedrijven", "Voert_af_n": "2A", "Bmaling_ni": "Tennishal", "Nr_": "2", "Kern_Nr": "2L", "oude": "-", "naam": " ", "Shape_Leng": 735.763641291, "Opmerking1": 0, "Layer": "Tennishal", "Shape_Length": 735.7636412914978, "Shape_Area": 32814.092966032506}}, {"type": "Feature", "id": 85, "geometry": {"type": "Polygon", "coordinates": [[[105912.12920000032, 461057.6887000017], [105944.9609999992, 461072.44299999997], [106005.41899999976, 461093.83889999986], [106022.16600000113, 461108.9930000007], [106087.15819999948, 461132.4433000013], [106139.10410000011, 461148.47670000046], [106165.64070000127, 461074.23690000176], [106362.58999999985, 461143.5540000014], [106540.77800000086, 460708.6618000008], [106559.73409999907, 460717.30220000073], [106597.24069999903, 460733.86100000143], [106634.9197999984, 460749.9626000002], [106640.42960000038, 460751.8467000015], [106646.14180000126, 460752.96119999886], [106651.95230000094, 460753.2870000005], [106657.75429999828, 460752.8158], [106663.4365000017, 460751.558699999], [106668.89460000023, 460749.5379000008], [106674.02699999884, 460746.79199999943], [106678.73440000042, 460743.3726999983], [106682.93360000104, 460739.34109999985], [106686.5428000018, 460734.77600000054], [106676.96389999986, 460778.13219999894], [106676.67390000075, 460779.9825000018], [106676.07589999959, 460781.7573999986], [106674.98000000045, 460783.26630000025], [106674.03299999982, 460784.881000001], [106672.29419999942, 460786.35280000046], [106670.32649999857, 460787.50079999864], [106668.18950000033, 460788.29019999877], [106665.94799999893, 460788.6970000006], [106626.08399999887, 460788.8440000005], [106605.84800000116, 460789.06500000134], [106598.48930000141, 460789.65509999916], [106592.43160000071, 460790.7325000018], [106588.85020000115, 460791.63109999895], [106586.49080000073, 460792.3337999992], [106584.15740000084, 460793.11840000004], [106581.85280000046, 460793.9838999994], [106578.75189999864, 460795.2857999988], [106572.73600000143, 460798.26309999824], [106570.40619999915, 460799.59899999946], [106568.12449999899, 460801.0153999999], [106565.89350000024, 460802.5106000006], [106563.71620000154, 460804.0828000009], [106561.59499999881, 460805.72989999875], [106555.76810000092, 460810.98889999837], [106553.1372999996, 460813.8269999996], [106549.86730000004, 460817.8178000003], [106546.88369999826, 460822.02710000053], [106543.57880000025, 460827.56439999864], [106540.76920000091, 460833.3687000014], [106537.56069999933, 460841.1090000011], [106512.29300000146, 460904.436999999], [106499.44200000167, 460937.8759999983], [106448.36400000006, 461093.8200000003], [106431.54399999976, 461149.0170000009], [106421.63500000164, 461186.03599999845], [106414.52450000122, 461212.1634999998], [106411.57999999821, 461222.9829999991], [106409.7190000005, 461222.7809999995], [106409.01399999857, 461236.9600000009], [106406.59070000052, 461238.73640000075], [106388.55519999936, 461212.98259999976], [106385.16600000113, 461206.54399999976], [106379.98200000077, 461193.8839999996], [106377.76209999993, 461188.0522999987], [106371.56899999827, 461189.13899999857], [106367.35200000182, 461185.81500000134], [106363.81069999933, 461185.9514000006], [106346.03689999878, 461190.30579999834], [106335.78299999982, 461191.9519999996], [106328.71730000153, 461192.5469000004], [106314.54300000146, 461192.436999999], [106308.31549999863, 461192.3269999996], [106300.96499999985, 461191.7457999997], [106294.17229999974, 461192.85020000115], [106284.54199999943, 461196.9620000012], [106271.57899999991, 461203.83199999854], [106262.8434999995, 461208.28489999846], [106253.47300000116, 461212.47199999914], [106245.2397999987, 461215.28240000084], [106236.82189999893, 461217.4783000015], [106230.29980000108, 461218.73369999975], [106218.74450000003, 461220.2646000013], [106214.90060000122, 461221.41230000183], [106214.3440000005, 461222.5399999991], [106214.2890000008, 461223.1420000009], [106217.09499999881, 461231.2179999985], [106217.49049999937, 461233.34420000017], [106088.72679999843, 461272.2653999999], [106079.97399999946, 461249.6959999986], [106055.16699999943, 461212.02699999884], [106046.67000000179, 461201.2740000002], [106039.07699999958, 461193.2980000004], [106033.45740000159, 461186.58960000053], [106027.69099999964, 461181.7569999993], [106016.31700000167, 461174.6020000018], [106011.12359999865, 461170.54019999877], [106006.53040000051, 461166.68400000036], [105993.68600000069, 461154.0720000006], [105965.78299999982, 461128.8420000002], [105962.98600000143, 461126.68400000036], [105958.46999999881, 461121.7019999996], [105941.53299999982, 461108.15100000054], [105933.70210000128, 461101.1396000013], [105927.85049999878, 461095.14449999854], [105922.27580000088, 461087.7699000016], [105917.1063000001, 461079.06430000067], [105909.7853000015, 461062.38870000094], [105907.38949999958, 461054.65029999986], [105907.81060000136, 461053.0438000001], [105907.8685999997, 461052.7791999988], [105912.12920000032, 461057.6887000017]]]}, "properties": {"OBJECTID_1": 85, "OBJECTID": 85, "Type_stel": "Drukriolering", "Type": "Wonen", "Voert_af_n": "2A", "Bmaling_ni": "Moskee + Paviljoen", "Nr_": "2", "Kern_Nr": "2M", "oude": "2D", "naam": " ", "Shape_Leng": 2471.99685687, "Opmerking1": 1, "Layer": "Moskee + Paviljoen", "Shape_Length": 2471.996856868438, "Shape_Area": 75327.94605147996}}, {"type": "Feature", "id": 86, "geometry": {"type": "Polygon", "coordinates": [[[106564.19790000096, 460427.55790000036], [106553.96999999881, 460430.26199999824], [106520.60799999908, 460437.0870000012], [106499.96429999918, 460439.81909999996], [106467.09270000085, 460443.1889999993], [106438.93800000101, 460444.11499999836], [106419.00389999896, 460443.43400000036], [106407.27499999851, 460442.54199999943], [106388.13800000027, 460440.07499999925], [106377.58370000124, 460439.0199000016], [106377.57499999925, 460438.02899999917], [106378.0828000009, 460433.7921000011], [106378.5159999989, 460431.61199999973], [106379.46400000155, 460429.5080000013], [106380.93200000003, 460427.6479999982], [106382.34340000153, 460426.4032000005], [106383.9338000007, 460425.10880000144], [106385.4178000018, 460424.0513000004], [106387.0837999992, 460422.86410000175], [106389.1314000003, 460421.4048999995], [106391.0474999994, 460420.0395000018], [106392.14699999988, 460419.256000001], [106394.31300000101, 460417.56909999996], [106396.03390000015, 460416.22890000045], [106397.62700000033, 460414.9882000014], [106399.16459999979, 460413.7906999998], [106400.56969999894, 460412.6964999996], [106402.16000000015, 460411.45800000057], [106404.10550000146, 460410.17119999975], [106405.66490000114, 460409.13980000094], [106407.37819999829, 460408.15190000087], [106408.66050000116, 460407.4838999994], [106410.07840000093, 460406.74549999833], [106412.10220000148, 460405.691300001], [106413.85929999873, 460404.7760999985], [106415.14600000158, 460404.10599999875], [106416.74480000138, 460403.27320000157], [106418.5540000014, 460402.33089999855], [106420.74599999934, 460401.1616999991], [106422.5923999995, 460400.1590999998], [106424.67529999837, 460399.02800000086], [106426.86080000177, 460397.80480000004], [106429.11600000039, 460396.4970000014], [106431.48160000145, 460394.99639999866], [106433.81210000068, 460393.3724000007], [106435.31280000135, 460392.20270000026], [106436.19150000066, 460391.51790000126], [106437.79899999872, 460390.2650000006], [106439.08359999955, 460389.06340000033], [106440.92700000107, 460387.33889999986], [106442.58619999886, 460385.7868999988], [106443.3900000006, 460385.03500000015], [106444.02589999884, 460384.31430000067], [106444.89059999958, 460383.33410000056], [106446.12209999934, 460381.93829999864], [106447.15469999984, 460380.76779999956], [106447.72800000012, 460380.1180000007], [106449.08469999954, 460378.34120000154], [106450.59459999949, 460376.3638000004], [106452.10700000077, 460374.3830000013], [106453.39009999856, 460372.56489999965], [106454.41899999976, 460371.1070000008], [106455.46759999916, 460369.47199999914], [106456.56810000166, 460368.7740000002], [106461.9824000001, 460362.6944000013], [106462.7509999983, 460361.38899999857], [106463.85119999945, 460359.5945999995], [106464.97599999979, 460357.76000000164], [106465.99370000139, 460356.16959999874], [106467.00860000029, 460354.5833999999], [106467.80380000174, 460353.3407999985], [106468.64759999886, 460351.9343000017], [106469.4963000007, 460350.45419999957], [106470.64730000123, 460348.4470999986], [106471.48350000009, 460346.8460999988], [106472.90520000085, 460343.7094999999], [106473.79729999974, 460341.6944999993], [106474.40500000119, 460340.3220000006], [106475.70450000092, 460336.15309999883], [106476.63300000131, 460333.3440000005], [106477.30909999833, 460332.14180000126], [106478.32030000165, 460327.09589999914], [106478.92870000005, 460323.5804999992], [106479.9589000009, 460318.3531000018], [106480.50800000131, 460315.9389999993], [106481.74300000072, 460314.2989999987], [106481.72140000015, 460312.15630000085], [106481.70399999991, 460310.4290000014], [106481.10200000182, 460309.09800000116], [106481.13870000094, 460304.63910000026], [106481.17000000179, 460300.82930000126], [106481.14499999955, 460296.52059999853], [106480.8916000016, 460291.5377999991], [106480.75490000099, 460282.20369999856], [106480.69999999925, 460274.5080000013], [106480.93050000072, 460267.37629999965], [106481.09299999848, 460262.34899999946], [106481.44640000165, 460255.95490000024], [106481.79699999839, 460249.61300000176], [106482.31940000132, 460244.6532999985], [106483.1090000011, 460237.1559999995], [106484.01839999855, 460230.5551000014], [106484.84769999981, 460224.9908000007], [106485.83960000053, 460219.4754999988], [106487.0839000009, 460213.6088999994], [106488.32200000063, 460209.058699999], [106489.41050000116, 460205.91330000013], [106490.30200000107, 460202.9310000017], [106490.15500000119, 460200.813000001], [106490.81100000069, 460196.9386], [106491.69280000031, 460191.5822999999], [106492.74700000137, 460185.11300000176], [106493.43710000068, 460178.0623999983], [106493.84439999983, 460172.87000000104], [106494.11300000176, 460168.33300000057], [106494.06500000134, 460163.03610000014], [106493.74419999868, 460154.8361000009], [106493.35759999976, 460147.17350000143], [106493.19999999925, 460143.3299999982], [106493.04699999839, 460140.55000000075], [106493.52699999884, 460138.64979999885], [106494.88030000031, 460137.85009999946], [106496.02829999849, 460137.92870000005], [106497.67819999903, 460138.88500000164], [106499.69350000098, 460139.9453999996], [106502.2890000008, 460141.31109999865], [106504.76700000092, 460142.61499999836], [106507.20850000158, 460143.71440000087], [106510.94700000063, 460145.3359999992], [106516.24450000003, 460147.52800000086], [106521.17419999838, 460149.2644999996], [106528.24610000104, 460151.19249999896], [106534.59450000152, 460152.4967], [106539.92720000073, 460153.29769999906], [106547.24340000004, 460154.1842], [106555.97659999877, 460154.8537000008], [106559.80900000036, 460155.00400000066], [106565.19920000061, 460154.86730000004], [106570.61190000176, 460154.4470999986], [106575.15500000119, 460154.01199999824], [106580.877700001, 460153.18400000036], [106583.64900000021, 460153.16800000146], [106585.64589999989, 460154.12139999866], [106586.22100000083, 460155.1790000014], [106587.34829999879, 460157.7239000015], [106588.47170000151, 460160.2591000013], [106590.5214000009, 460164.6273000017], [106591.57800000161, 460166.98800000176], [106591.23059999943, 460168.40019999817], [106590.0940000005, 460170.1970000006], [106583.06639999896, 460175.5377999991], [106570.71489999816, 460186.79830000177], [106560.68699999899, 460198.44200000167], [106555.02059999853, 460204.87260000035], [106552.07400000095, 460208.2490000017], [106556.90500000119, 460210.7509999983], [106549.33529999852, 460228.6427000016], [106545.01900000125, 460246.4299999997], [106543.26999999955, 460268.5920000002], [106544.1099999994, 460282.6526999995], [106548.76799999923, 460316.5780000016], [106549.38690000027, 460320.9191999994], [106549.56010000035, 460332.14290000126], [106551.85799999908, 460345.48699999973], [106554.83269999921, 460364.9759000018], [106556.89900000021, 460379.02699999884], [106559.38039999828, 460399.4561999999], [106562.71200000122, 460422.51900000125], [106564.19790000096, 460427.55790000036]]]}, "properties": {"OBJECTID_1": 86, "OBJECTID": 86, "Type_stel": "Drukriolering", "Type": "Wonen", "Voert_af_n": "2A", "Bmaling_ni": "De Bijlen", "Nr_": "2", "Kern_Nr": "2N", "oude": "2C", "naam": " ", "Shape_Leng": 928.803887457, "Opmerking1": 0, "Layer": "De Bijlen", "Shape_Length": 928.8038874572026, "Shape_Area": 26270.216127467073}}, {"type": "Feature", "id": 87, "geometry": {"type": "Polygon", "coordinates": [[[106154.80860000104, 461686.24219999835], [105919.44040000066, 461752.6990999989], [105866.63049999997, 461581.6517999992], [105972.05700000003, 461550.88870000094], [106106.28510000184, 461511.2747000009], [106106.65500000119, 461512.868999999], [106154.80860000104, 461686.24219999835]]]}, "properties": {"OBJECTID_1": 87, "OBJECTID": 87, "Type_stel": "Gemengd", "Type": " ", "Voert_af_n": "3A", "Bmaling_ni": "Edelstenenbuurt", "Nr_": "3", "Kern_Nr": "3B", "oude": "3H", "naam": " ", "Shape_Leng": 854.932165688, "Opmerking1": 10, "Layer": "Edelstenenbuurt", "Shape_Length": 854.9321656882612, "Shape_Area": 44527.82667513929}}, {"type": "Feature", "id": 88, "geometry": {"type": "Polygon", "coordinates": [[[106207.3077000007, 461671.4189000018], [106229.81489999965, 461759.2961000018], [106260.71829999983, 461813.4827999994], [106293.52899999917, 461888.4780000001], [106230.5709999986, 461904.8420000002], [106154.80860000104, 461686.24219999835], [106106.65500000119, 461512.868999999], [106106.28510000184, 461511.2747000009], [106083.93800000101, 461399.315200001], [106063.30050000176, 461335.8150999993], [106018.36800000072, 461245.5789999999], [106011.94790000096, 461238.9534999989], [106051.21499999985, 461207.0256999992], [106079.97399999946, 461249.6959999986], [106088.72679999843, 461272.2653999999], [106161.50299999863, 461494.9063999988], [106207.3077000007, 461671.4189000018]]]}, "properties": {"OBJECTID_1": 88, "OBJECTID": 88, "Type_stel": "Verbeterd gescheiden", "Type": " ", "Voert_af_n": "3A", "Bmaling_ni": "Kennedylaan", "Nr_": "3", "Kern_Nr": "3R", "oude": "3H", "naam": " ", "Shape_Leng": 1546.76448503, "Opmerking1": 10, "Layer": "Kennedylaan", "Shape_Length": 1546.7644850331424, "Shape_Area": 37602.06575275757}}, {"type": "Feature", "id": 89, "geometry": {"type": "Polygon", "coordinates": [[[105151.68690000102, 460156.3427999988], [105135.79069999978, 460155.0357000008], [105113.24810000136, 460154.0832000002], [105098.64310000092, 460152.4957000017], [105074.83060000092, 460150.9081999995], [105051.01799999923, 460148.68569999933], [105034.19049999863, 460146.1457000002], [105024.98299999908, 460141.383200001], [105011.01289999858, 460127.41319999844], [104988.78790000081, 460116.6182000004], [104970.05539999902, 460106.7756000012], [104954.27199999988, 460099.2589999996], [104876.3916000016, 460072.9765999988], [104884.83850000054, 460057.79949999973], [104921.25079999864, 459996.2027999982], [104977.58790000156, 459908.03869999945], [105009.0401000008, 459862.0854000002], [105053.1149000004, 459801.04399999976], [105086.94900000095, 459752.16270000115], [105133.57250000164, 459675.0538999997], [105198.56049999967, 459562.94999999925], [105448.52809999883, 459668.4723000005], [105441.16660000011, 459682.37139999866], [105419.1895999983, 459748.73600000143], [105403.74810000136, 459817.9770999998], [105394.35190000013, 459889.2111000009], [105383.48550000042, 459981.7430999987], [105375.75310000032, 460056.3968000002], [105375.16800000146, 460123.4321000017], [105155.49689999968, 460111.0460000001], [105151.68690000102, 460156.3427999988]], [[105374.99240000173, 459720.1501000002], [105152.75030000135, 459684.69509999827], [105136.76110000163, 459784.92020000145], [105359.00310000032, 459820.37519999966], [105374.99240000173, 459720.1501000002]]]}, "properties": {"OBJECTID_1": 89, "OBJECTID": 89, "Type_stel": "Gemengd", "Type": "Wonen", "Voert_af_n": "RWZI KZ", "Bmaling_ni": "Centrum Hoge Zijde Zuid", "Nr_": "1", "Kern_Nr": "1X", "oude": "1A", "naam": "Alphen Hoge Zijde", "Shape_Leng": 2550.91851154, "Opmerking1": 0, "Layer": "Centrum Hoge Zijde Zuid", "Shape_Length": 2550.918511544653, "Shape_Area": 177687.5523340056}}, {"type": "Feature", "id": 90, "geometry": {"type": "Polygon", "coordinates": [[[105374.99240000173, 459720.1501000002], [105359.00310000032, 459820.37519999966], [105136.76110000163, 459784.92020000145], [105152.75030000135, 459684.69509999827], [105374.99240000173, 459720.1501000002]]]}, "properties": {"OBJECTID_1": 90, "OBJECTID": 90, "Type_stel": "Gemengd", "Type": "Wonen", "Voert_af_n": "1A", "Bmaling_ni": "Torenstraat", "Nr_": "1", "Kern_Nr": "1F", "oude": "1S", "naam": " ", "Shape_Leng": 653.089806038, "Opmerking1": 0, "Layer": "Torenstraat", "Shape_Length": 653.0898060383759, "Shape_Area": 22841.130544473086}}, {"type": "Feature", "id": 91, "geometry": {"type": "Polygon", "coordinates": [[[103912.25890000165, 458833.1303999983], [103930.54500000179, 458824.50979999825], [103938.90430000052, 458817.9791000001], [103951.44339999929, 458810.9259000011], [103999.24839999899, 458783.2355000004], [104079.96840000153, 458739.87139999866], [104119.67529999837, 458720.80160000175], [104154.941300001, 458706.43400000036], [104171.13760000095, 458698.85830000043], [104189.68490000069, 458694.15619999915], [104198.82789999992, 458706.43400000036], [104159.64339999855, 458722.8914999999], [104089.89510000125, 458755.02270000055], [104040.00019999966, 458779.83949999884], [104002.90560000017, 458799.43180000037], [103968.42330000177, 458822.4200000018], [103966.07220000029, 458828.9506999999], [103956.92920000106, 458834.69779999927], [103950.9208999984, 458834.95899999887], [103943.60649999976, 458839.13870000094], [103932.63479999825, 458848.80420000106], [103922.18560000136, 458846.71440000087], [103912.25890000165, 458833.1303999983]]]}, "properties": {"OBJECTID_1": 91, "OBJECTID": 91, "Type_stel": "Verbeterd gescheiden", "Type": " ", "Voert_af_n": " ", "Bmaling_ni": "Renaissancelaan", "Nr_": "4", "Kern_Nr": "4S", "oude": " ", "naam": " ", "Shape_Leng": 659.233059465, "Opmerking1": 0, "Layer": "Renaissancelaan", "Shape_Length": 659.2330594652368, "Shape_Area": 5552.630797796134}}, {"type": "Feature", "id": 92, "geometry": {"type": "Polygon", "coordinates": [[[110040.44399999827, 457371.0080000013], [110152.8786999993, 457268.99549999833], [110162.81340000033, 457260.27600000054], [110173.21150000021, 457252.11470000073], [110184.0417000018, 457244.53620000184], [110195.2712999992, 457237.56329999864], [110206.86659999937, 457231.2168999985], [110212.6895999983, 457228.68250000104], [110218.78420000151, 457226.89770000055], [110225.05440000072, 457225.89070000127], [110231.40139999986, 457225.6774000004], [110237.72509999946, 457226.26110000163], [110243.92590000108, 457227.63259999827], [110249.90579999983, 457229.7703000009], [110255.57079999894, 457232.6405000016], [110260.83150000125, 457236.19790000096], [110265.60489999875, 457240.38650000095], [110269.81579999998, 457245.1402999982], [110273.39779999852, 457250.38430000097], [110276.29450000077, 457256.0357000008], [110278.46009999886, 457262.00560000166], [110279.86059999838, 457268.1999000013], [110280.4739000015, 457274.5207999982], [110280.29019999877, 457280.8687000014], [110151.10269999877, 457493.51410000026], [110093.31439999864, 457468.74709999934], [110135.43609999865, 457406.30530000106], [110040.44399999827, 457371.0080000013]]]}, "properties": {"OBJECTID_1": 92, "OBJECTID": 92, "Type_stel": "Drukriolering", "Type": "Wonen", "Voert_af_n": "5A", "Bmaling_ni": "Akerboomseweg", "Nr_": "5", "Kern_Nr": "5H", "oude": " ", "naam": " ", "Shape_Leng": 814.211127929, "Opmerking1": 0, "Layer": "Centrum Zwammerdam", "Shape_Length": 814.2111279286173, "Shape_Area": 29772.533132801655}}]}