{"type": "FeatureCollection", "features": [{"type": "Feature", "id": 1, "geometry": {"type": "Polygon", "coordinates": [[[107279.71200000122, 451906.80000000075], [107271.76300000027, 451908.35599999875], [107271.10599999875, 451904.9990000017], [107279.05600000173, 451903.4439999983], [107279.11300000176, 451903.73800000176], [107279.64600000158, 451906.5080000013], [107279.65500000119, 451906.506000001], [107279.71200000122, 451906.80000000075]]]}, "properties": {"OBJECTID": 1, "ET_ID": 842, "NWRW_TYP": "DV", "STELSEL1": "H", "AFGEKOP": 0, "AREA": 27.69068449727, "ET_Source": "P:\\336468\\Water\\Gis\\Data\\Shape\\Afvoerend oppervlak\\AO_BDGR_RW_2015.shp", "Shape_Length": 23.050178909074376, "Shape_Area": 27.690684505300105}}, {"type": "Feature", "id": 2, "geometry": {"type": "Polygon", "coordinates": [[[107283.18800000101, 451905.81500000134], [107279.65500000119, 451906.506000001], [107279.64600000158, 451906.5080000013], [107279.11300000176, 451903.73800000176], [107282.64600000158, 451903.0469999984], [107283.18800000101, 451905.81500000134]]]}, "properties": {"OBJECTID": 2, "ET_ID": 843, "NWRW_TYP": "DV", "STELSEL1": "H", "AFGEKOP": 0, "AREA": 10.16686399573, "ET_Source": "P:\\336468\\Water\\Gis\\Data\\Shape\\Afvoerend oppervlak\\AO_BDGR_RW_2015.shp", "Shape_Length": 12.850478827978874, "Shape_Area": 10.166864003321216}}, {"type": "Feature", "id": 3, "geometry": {"type": "Polygon", "coordinates": [[[107353.45600000024, 451984.30999999866], [107355.41000000015, 451993.97300000116], [107358.95499999821, 452011.5029999986], [107339.17300000042, 452015.46499999985], [107336.87900000066, 452003.8299999982], [107335.29399999976, 451995.7879999988], [107332.99199999869, 451984.11300000176], [107325.08799999952, 451985.71499999985], [107323.50299999863, 451977.73600000143], [107319.60300000012, 451978.5159999989], [107318.06199999899, 451970.80799999833], [107341.9600000009, 451966.02800000086], [107342.66699999943, 451969.5639999993], [107354.19000000134, 451967.2820000015], [107357.43100000173, 451983.4849999994], [107353.45600000024, 451984.30999999866]]]}, "properties": {"OBJECTID": 3, "ET_ID": 861, "NWRW_TYP": "DV", "STELSEL1": "H", "AFGEKOP": 0, "AREA": 1161.53845747788, "ET_Source": "P:\\336468\\Water\\Gis\\Data\\Shape\\Afvoerend oppervlak\\AO_BDGR_RW_2015.shp", "Shape_Length": 168.21896034632664, "Shape_Area": 1161.538457507271}}, {"type": "Feature", "id": 4, "geometry": {"type": "Polygon", "coordinates": [[[107401.79500000179, 451986.6319999993], [107384.60099999979, 451989.9519999996], [107380.74599999934, 451969.84899999946], [107383.73200000077, 451969.27699999884], [107382.01900000125, 451960.6070000008], [107381.23099999875, 451956.61499999836], [107387.97800000012, 451955.3209999986], [107388.73900000006, 451959.2890000008], [107395.50600000098, 451957.9910000004], [107398.90900000185, 451975.73099999875], [107399.51999999955, 451978.91899999976], [107400.28700000048, 451978.7719999999], [107401.79500000179, 451986.6319999993]]]}, "properties": {"OBJECTID": 4, "ET_ID": 862, "NWRW_TYP": "DV", "STELSEL1": "H", "AFGEKOP": 0, "AREA": 497.82031803099, "ET_Source": "P:\\336468\\Water\\Gis\\Data\\Shape\\Afvoerend oppervlak\\AO_BDGR_RW_2015.shp", "Shape_Length": 101.82223490550498, "Shape_Area": 497.8203180385753}}, {"type": "Feature", "id": 5, "geometry": {"type": "Polygon", "coordinates": [[[107295.55700000003, 451918.9439999983], [107292.38599999994, 451919.55999999866], [107291.92199999839, 451917.1240000017], [107295.09499999881, 451916.51900000125], [107295.55700000003, 451918.9439999983]]]}, "properties": {"OBJECTID": 5, "ET_ID": 914, "NWRW_TYP": "DV", "STELSEL1": "H", "AFGEKOP": 0, "AREA": 7.99220750165, "ET_Source": "P:\\336468\\Water\\Gis\\Data\\Shape\\Afvoerend oppervlak\\AO_BDGR_RW_2015.shp", "Shape_Length": 11.40885489549011, "Shape_Area": 7.992207492107079}}, {"type": "Feature", "id": 6, "geometry": {"type": "Polygon", "coordinates": [[[107296.01900000125, 451921.3680000007], [107292.84600000083, 451921.97300000116], [107292.38599999994, 451919.55999999866], [107295.55700000003, 451918.9439999983], [107296.01900000125, 451921.3680000007]]]}, "properties": {"OBJECTID": 6, "ET_ID": 915, "NWRW_TYP": "DV", "STELSEL1": "H", "AFGEKOP": 0, "AREA": 7.95292249748, "ET_Source": "P:\\336468\\Water\\Gis\\Data\\Shape\\Afvoerend oppervlak\\AO_BDGR_RW_2015.shp", "Shape_Length": 11.384530374809392, "Shape_Area": 7.952922509297133}}, {"type": "Feature", "id": 7, "geometry": {"type": "Polygon", "coordinates": [[[107297.43899999931, 451928.97399999946], [107294.26900000125, 451929.59099999815], [107293.80200000107, 451927.14400000125], [107296.97500000149, 451926.5390000008], [107297.43899999931, 451928.97399999946]]]}, "properties": {"OBJECTID": 7, "ET_ID": 916, "NWRW_TYP": "DV", "STELSEL1": "H", "AFGEKOP": 0, "AREA": 8.02605200779, "ET_Source": "P:\\336468\\Water\\Gis\\Data\\Shape\\Afvoerend oppervlak\\AO_BDGR_RW_2015.shp", "Shape_Length": 11.429628987338337, "Shape_Area": 8.026051990292176}}, {"type": "Feature", "id": 8, "geometry": {"type": "Polygon", "coordinates": [[[107297.89999999851, 451931.38800000027], [107294.72700000182, 451931.9930000007], [107294.26900000125, 451929.59099999815], [107297.43899999931, 451928.97399999946], [107297.89999999851, 451931.38800000027]]]}, "properties": {"OBJECTID": 8, "ET_ID": 917, "NWRW_TYP": "DV", "STELSEL1": "H", "AFGEKOP": 0, "AREA": 7.91772649591, "ET_Source": "P:\\336468\\Water\\Gis\\Data\\Shape\\Afvoerend oppervlak\\AO_BDGR_RW_2015.shp", "Shape_Length": 11.362549458372218, "Shape_Area": 7.9177264987536375}}, {"type": "Feature", "id": 9, "geometry": {"type": "Polygon", "coordinates": [[[107302.04100000113, 451928.08199999854], [107298.87099999934, 451928.69900000095], [107298.4059999995, 451926.26300000027], [107301.57899999991, 451925.6579999998], [107302.04100000113, 451928.08199999854]]]}, "properties": {"OBJECTID": 9, "ET_ID": 918, "NWRW_TYP": "DV", "STELSEL1": "H", "AFGEKOP": 0, "AREA": 7.98994349872, "ET_Source": "P:\\336468\\Water\\Gis\\Data\\Shape\\Afvoerend oppervlak\\AO_BDGR_RW_2015.shp", "Shape_Length": 11.40726914407256, "Shape_Area": 7.989943502725154}}, {"type": "Feature", "id": 10, "geometry": {"type": "Polygon", "coordinates": [[[107302.50400000066, 451930.5069999993], [107299.33100000024, 451931.11199999973], [107298.87099999934, 451928.69900000095], [107302.04100000113, 451928.08199999854], [107302.50400000066, 451930.5069999993]]]}, "properties": {"OBJECTID": 10, "ET_ID": 919, "NWRW_TYP": "DV", "STELSEL1": "H", "AFGEKOP": 0, "AREA": 7.95383499534, "ET_Source": "P:\\336468\\Water\\Gis\\Data\\Shape\\Afvoerend oppervlak\\AO_BDGR_RW_2015.shp", "Shape_Length": 11.38490929959739, "Shape_Area": 7.953835002698899}}, {"type": "Feature", "id": 11, "geometry": {"type": "Polygon", "coordinates": [[[107300.16899999976, 451918.0489999987], [107296.99799999967, 451918.66600000113], [107296.53400000185, 451916.23000000045], [107299.70699999854, 451915.625], [107300.16899999976, 451918.0489999987]]]}, "properties": {"OBJECTID": 11, "ET_ID": 920, "NWRW_TYP": "DV", "STELSEL1": "H", "AFGEKOP": 0, "AREA": 7.99085300395, "ET_Source": "P:\\336468\\Water\\Gis\\Data\\Shape\\Afvoerend oppervlak\\AO_BDGR_RW_2015.shp", "Shape_Length": 11.408063417271372, "Shape_Area": 7.990852995514988}}, {"type": "Feature", "id": 12, "geometry": {"type": "Polygon", "coordinates": [[[107300.63100000098, 451920.47399999946], [107297.45899999887, 451921.0789999999], [107296.99799999967, 451918.66600000113], [107300.16899999976, 451918.0489999987], [107300.63100000098, 451920.47399999946]]]}, "properties": {"OBJECTID": 12, "ET_ID": 921, "NWRW_TYP": "DV", "STELSEL1": "H", "AFGEKOP": 0, "AREA": 7.95383499761, "ET_Source": "P:\\336468\\Water\\Gis\\Data\\Shape\\Afvoerend oppervlak\\AO_BDGR_RW_2015.shp", "Shape_Length": 11.384908700655954, "Shape_Area": 7.953835002698899}}, {"type": "Feature", "id": 13, "geometry": {"type": "Polygon", "coordinates": [[[107335.9459999986, 451885.3900000006], [107332.89200000092, 451885.98999999836], [107332.36600000039, 451883.2490000017], [107335.40700000152, 451882.65100000054], [107335.9459999986, 451885.3900000006]]]}, "properties": {"OBJECTID": 13, "ET_ID": 922, "NWRW_TYP": "DV", "STELSEL1": "H", "AFGEKOP": 0, "AREA": 8.66911750526, "ET_Source": "P:\\336468\\Water\\Gis\\Data\\Shape\\Afvoerend oppervlak\\AO_BDGR_RW_2015.shp", "Shape_Length": 11.794164519626207, "Shape_Area": 8.669117492371873}}, {"type": "Feature", "id": 14, "geometry": {"type": "Polygon", "coordinates": [[[107332.89200000092, 451885.98999999836], [107329.86199999973, 451886.5859999992], [107329.32400000095, 451883.84699999914], [107332.36600000039, 451883.2490000017], [107332.89200000092, 451885.98999999836]]]}, "properties": {"OBJECTID": 14, "ET_ID": 923, "NWRW_TYP": "DV", "STELSEL1": "H", "AFGEKOP": 0, "AREA": 8.63624400186, "ET_Source": "P:\\336468\\Water\\Gis\\Data\\Shape\\Afvoerend oppervlak\\AO_BDGR_RW_2015.shp", "Shape_Length": 11.770631974998889, "Shape_Area": 8.636243995216624}}, {"type": "Feature", "id": 15, "geometry": {"type": "Polygon", "coordinates": [[[107309.4450000003, 451895.94999999925], [107306.33700000122, 451896.563000001], [107305.80999999866, 451893.82400000095], [107308.84899999946, 451893.2259999998], [107309.4450000003, 451895.94999999925]]]}, "properties": {"OBJECTID": 15, "ET_ID": 924, "NWRW_TYP": "DV", "STELSEL1": "H", "AFGEKOP": 0, "AREA": 8.73525350338, "ET_Source": "P:\\336468\\Water\\Gis\\Data\\Shape\\Afvoerend oppervlak\\AO_BDGR_RW_2015.shp", "Shape_Length": 11.84282942301509, "Shape_Area": 8.73525350095296}}, {"type": "Feature", "id": 16, "geometry": {"type": "Polygon", "coordinates": [[[107306.33700000122, 451896.563000001], [107303.30999999866, 451897.15900000185], [107302.77100000158, 451894.4230000004], [107305.80999999866, 451893.82400000095], [107306.33700000122, 451896.563000001]]]}, "properties": {"OBJECTID": 16, "ET_ID": 925, "NWRW_TYP": "DV", "STELSEL1": "H", "AFGEKOP": 0, "AREA": 8.62130500174, "ET_Source": "P:\\336468\\Water\\Gis\\Data\\Shape\\Afvoerend oppervlak\\AO_BDGR_RW_2015.shp", "Shape_Length": 11.760412116090714, "Shape_Area": 8.62130500174284}}, {"type": "Feature", "id": 17, "geometry": {"type": "Polygon", "coordinates": [[[107407.70399999991, 451981.39400000125], [107405.12299999967, 451981.90199999884], [107405.0850000009, 451981.70699999854], [107403.72199999914, 451974.7890000008], [107403.64499999955, 451974.3960000016], [107406.22599999979, 451973.88800000027], [107407.70399999991, 451981.39400000125]]]}, "properties": {"OBJECTID": 17, "ET_ID": 926, "NWRW_TYP": "DV", "STELSEL1": "H", "AFGEKOP": 0, "AREA": 20.12380548744, "ET_Source": "P:\\336468\\Water\\Gis\\Data\\Shape\\Afvoerend oppervlak\\AO_BDGR_RW_2015.shp", "Shape_Length": 20.561300670866625, "Shape_Area": 20.123805495244234}}, {"type": "Feature", "id": 18, "geometry": {"type": "Polygon", "coordinates": [[[107434.73000000045, 451969.5480000004], [107435.94900000095, 451976.1970000006], [107433.37299999967, 451976.66899999976], [107431.99399999902, 451969.1559999995], [107434.5709999986, 451968.68299999833], [107434.73000000045, 451969.5480000004]]]}, "properties": {"OBJECTID": 18, "ET_ID": 931, "NWRW_TYP": "DV", "STELSEL1": "H", "AFGEKOP": 0, "AREA": 20.01125199066, "ET_Source": "P:\\336468\\Water\\Gis\\Data\\Shape\\Afvoerend oppervlak\\AO_BDGR_RW_2015.shp", "Shape_Length": 20.51675443234329, "Shape_Area": 20.011252012133927}}, {"type": "Feature", "id": 19, "geometry": {"type": "Polygon", "coordinates": [[[107298.98299999908, 451912.9820000008], [107295.98699999973, 451913.5529999994], [107295.0390000008, 451908.61400000006], [107298.04100000113, 451908.04199999943], [107298.98299999908, 451912.9820000008]]]}, "properties": {"OBJECTID": 19, "ET_ID": 938, "NWRW_TYP": "DV", "STELSEL1": "H", "AFGEKOP": 0, "AREA": 15.35362800918, "ET_Source": "P:\\336468\\Water\\Gis\\Data\\Shape\\Afvoerend oppervlak\\AO_BDGR_RW_2015.shp", "Shape_Length": 16.164105596784314, "Shape_Area": 15.353627998913199}}, {"type": "Feature", "id": 20, "geometry": {"type": "Polygon", "coordinates": [[[107299.9149999991, 451941.92599999905], [107297.42000000179, 451942.40399999917], [107296.75800000131, 451938.9470000006], [107299.25299999863, 451938.4690000005], [107299.9149999991, 451941.92599999905]]]}, "properties": {"OBJECTID": 20, "ET_ID": 1000, "NWRW_TYP": "DV", "STELSEL1": "H", "AFGEKOP": 0, "AREA": 8.94165100956, "ET_Source": "P:\\336468\\Water\\Gis\\Data\\Shape\\Afvoerend oppervlak\\AO_BDGR_RW_2015.shp", "Shape_Length": 12.120380194691062, "Shape_Area": 8.941650987390966}}, {"type": "Feature", "id": 21, "geometry": {"type": "Polygon", "coordinates": [[[107341.4459999986, 451884.58399999887], [107338.35500000045, 451885.19099999964], [107338.30299999937, 451884.9270000011], [107337.81700000167, 451882.4519999996], [107340.90700000152, 451881.8440000005], [107341.4459999986, 451884.58399999887]]]}, "properties": {"OBJECTID": 21, "ET_ID": 1001, "NWRW_TYP": "DV", "STELSEL1": "H", "AFGEKOP": 0, "AREA": 8.79376149658, "ET_Source": "P:\\336468\\Water\\Gis\\Data\\Shape\\Afvoerend oppervlak\\AO_BDGR_RW_2015.shp", "Shape_Length": 11.883133795583577, "Shape_Area": 8.793761495542736}}, {"type": "Feature", "id": 22, "geometry": {"type": "Polygon", "coordinates": [[[107360.38300000131, 451957.99599999934], [107357.59099999815, 451958.5210000016], [107356.29399999976, 451951.62099999934], [107356.3740000017, 451951.60599999875], [107359.0859999992, 451951.09600000083], [107360.38300000131, 451957.99599999934]]]}, "properties": {"OBJECTID": 22, "ET_ID": 1003, "NWRW_TYP": "DV", "STELSEL1": "H", "AFGEKOP": 0, "AREA": 19.94566501086, "ET_Source": "P:\\336468\\Water\\Gis\\Data\\Shape\\Afvoerend oppervlak\\AO_BDGR_RW_2015.shp", "Shape_Length": 19.723544126503747, "Shape_Area": 19.945665010980367}}, {"type": "Feature", "id": 23, "geometry": {"type": "Polygon", "coordinates": [[[107430.36800000072, 452217.8440000005], [107430.17700000107, 452220.5450000018], [107426.5859999992, 452220.29100000113], [107426.77699999884, 452217.58999999985], [107430.36800000072, 452217.8440000005]]]}, "properties": {"OBJECTID": 23, "ET_ID": 1046, "NWRW_TYP": "DV", "STELSEL1": "H", "AFGEKOP": 0, "AREA": 9.74780499965, "ET_Source": "P:\\336468\\Water\\Gis\\Data\\Shape\\Afvoerend oppervlak\\AO_BDGR_RW_2015.shp", "Shape_Length": 12.615433253454139, "Shape_Area": 9.74780500970751}}, {"type": "Feature", "id": 24, "geometry": {"type": "Polygon", "coordinates": [[[107295.8909999989, 451900.21400000155], [107292.65300000086, 451900.8520000018], [107292.10599999875, 451898.07499999925], [107295.3440000005, 451897.436999999], [107295.8909999989, 451900.21400000155]]]}, "properties": {"OBJECTID": 24, "ET_ID": 1047, "NWRW_TYP": "DV", "STELSEL1": "H", "AFGEKOP": 0, "AREA": 9.34091199626, "ET_Source": "P:\\336468\\Water\\Gis\\Data\\Shape\\Afvoerend oppervlak\\AO_BDGR_RW_2015.shp", "Shape_Length": 12.261231595893099, "Shape_Area": 9.340912008317664}}, {"type": "Feature", "id": 25, "geometry": {"type": "Polygon", "coordinates": [[[108931.61499999836, 450370.76199999824], [108928.00699999928, 450366.89400000125], [108925.53000000119, 450369.2030000016], [108925.35300000012, 450369.01399999857], [108911.47500000149, 450354.131000001], [108922.78700000048, 450343.69200000167], [108925.6950000003, 450346.8260000013], [108928.69999999925, 450343.69099999964], [108930.1409999989, 450345.70699999854], [108931.22800000012, 450344.5069999993], [108949.5859999992, 450334.4510000013], [108950.48699999973, 450333.93400000036], [108950.55900000036, 450333.8960000016], [108950.73099999875, 450333.80999999866], [108950.90700000152, 450333.7320000008], [108951.0850000009, 450333.66099999845], [108951.26700000092, 450333.59699999914], [108951.45100000128, 450333.54100000113], [108951.63699999824, 450333.4930000007], [108951.82499999925, 450333.4530000016], [108952.0150000006, 450333.4210000001], [108952.20499999821, 450333.3960000016], [108952.39699999988, 450333.37900000066], [108952.58900000155, 450333.37099999934], [108952.7809999995, 450333.37000000104], [108952.88199999928, 450333.3729999997], [108953.07200000063, 450333.3839999996], [108953.26099999994, 450333.40300000086], [108953.44900000095, 450333.4299999997], [108953.63599999994, 450333.46499999985], [108953.82200000063, 450333.5080000013], [108954.00499999896, 450333.55799999833], [108954.18600000069, 450333.6169999987], [108954.36499999836, 450333.68200000003], [108954.5399999991, 450333.756000001], [108954.71200000122, 450333.8359999992], [108954.88100000098, 450333.9239999987], [108955.04600000009, 450334.01900000125], [108955.20699999854, 450334.12000000104], [108955.36300000176, 450334.2289999984], [108955.5150000006, 450334.3429999985], [108955.66200000048, 450334.46400000155], [108955.80299999937, 450334.59099999815], [108955.94000000134, 450334.72399999946], [108956.0700000003, 450334.86300000176], [108956.19399999827, 450335.0069999993], [108956.31300000101, 450335.1559999995], [108956.42500000075, 450335.30999999866], [108956.53000000119, 450335.4679999985], [108956.62799999863, 450335.631000001], [108956.71999999881, 450335.7969999984], [108956.8049999997, 450335.9679999985], [108956.88199999928, 450336.1420000009], [108956.95199999958, 450336.3189999983], [108957.01399999857, 450336.4979999997], [108957.06899999827, 450336.6799999997], [108957.11600000039, 450336.86499999836], [108957.1559999995, 450337.05099999905], [108957.18699999899, 450337.23800000176], [108957.2109999992, 450337.4270000011], [108957.22599999979, 450337.6169999987], [108957.2340000011, 450337.80700000003], [108957.2340000011, 450337.9970000014], [108957.22500000149, 450338.186999999], [108957.20899999887, 450338.3770000003], [108957.18499999866, 450338.56500000134], [108957.15300000086, 450338.7529999986], [108957.11300000176, 450338.9389999993], [108957.06500000134, 450339.1229999997], [108957.00899999961, 450339.3049999997], [108956.9459999986, 450339.4840000011], [108956.875, 450339.66099999845], [108956.79699999839, 450339.83399999887], [108956.71200000122, 450340.00400000066], [108956.62000000104, 450340.1710000001], [108956.52100000158, 450340.33300000057], [108956.4149999991, 450340.4910000004], [108956.30200000107, 450340.64499999955], [108956.18299999833, 450340.79300000146], [108956.05799999833, 450340.936999999], [108955.92799999937, 450341.07499999925], [108955.79100000113, 450341.20699999854], [108941.37299999967, 450354.53599999845], [108945.0150000006, 450358.5229999982], [108931.61499999836, 450370.76199999824]]]}, "properties": {"OBJECTID": 25, "ET_ID": 2102, "NWRW_TYP": "DV", "STELSEL1": "H", "AFGEKOP": 0, "AREA": 772.29799600119, "ET_Source": "P:\\336468\\Water\\Gis\\Data\\Shape\\Afvoerend oppervlak\\AO_BDGR_RW_2015.shp", "Shape_Length": 135.68831874178096, "Shape_Area": 772.2979959220936}}, {"type": "Feature", "id": 26, "geometry": {"type": "Polygon", "coordinates": [[[108946.02100000158, 450359.625], [108945.94799999893, 450359.688000001], [108954.57400000095, 450375.42599999905], [108951.83199999854, 450377.9930000007], [108955.8900000006, 450382.3999999985], [108933.8900000006, 450402.7100000009], [108916.91000000015, 450384.3599999994], [108919.54600000009, 450381.9230000004], [108930.05600000173, 450372.2039999999], [108931.61499999836, 450370.76199999824], [108945.0150000006, 450358.5229999982], [108946.02100000158, 450359.625]]]}, "properties": {"OBJECTID": 26, "ET_ID": 2103, "NWRW_TYP": "DV", "STELSEL1": "H", "AFGEKOP": 0, "AREA": 864.76427453343, "ET_Source": "P:\\336468\\Water\\Gis\\Data\\Shape\\Afvoerend oppervlak\\AO_BDGR_RW_2015.shp", "Shape_Length": 122.40133787232045, "Shape_Area": 864.7642745220134}}, {"type": "Feature", "id": 27, "geometry": {"type": "Polygon", "coordinates": [[[108827.1649999991, 450460.1479999982], [108812.34200000018, 450444.8729999997], [108818.61600000039, 450438.8299999982], [108820.01300000027, 450440.2749999985], [108821.44799999893, 450441.7509999983], [108825.12799999863, 450438.18200000003], [108826.59800000116, 450436.7529999986], [108830.01700000092, 450433.4310000017], [108843.26399999857, 450447.0520000011], [108831.09200000018, 450458.87099999934], [108829.82499999925, 450457.56599999964], [108827.1649999991, 450460.1479999982]]]}, "properties": {"OBJECTID": 27, "ET_ID": 2113, "NWRW_TYP": "DV", "STELSEL1": "H", "AFGEKOP": 0, "AREA": 421.4355270036, "ET_Source": "P:\\336468\\Water\\Gis\\Data\\Shape\\Afvoerend oppervlak\\AO_BDGR_RW_2015.shp", "Shape_Length": 87.50032906109652, "Shape_Area": 421.4355269712887}}, {"type": "Feature", "id": 28, "geometry": {"type": "Polygon", "coordinates": [[[108887.60200000182, 450433.55799999833], [108851.7109999992, 450468.37099999934], [108837.78799999878, 450454.01399999857], [108859.80799999833, 450432.66000000015], [108859.94099999964, 450432.5320000015], [108873.67700000107, 450419.2109999992], [108887.60200000182, 450433.55799999833]]]}, "properties": {"OBJECTID": 28, "ET_ID": 2131, "NWRW_TYP": "DV", "STELSEL1": "H", "AFGEKOP": 0, "AREA": 999.75895254789, "ET_Source": "P:\\336468\\Water\\Gis\\Data\\Shape\\Afvoerend oppervlak\\AO_BDGR_RW_2015.shp", "Shape_Length": 139.98666484204662, "Shape_Area": 999.7589525492234}}, {"type": "Feature", "id": 29, "geometry": {"type": "Polygon", "coordinates": [[[108929.36100000143, 450411.15100000054], [108922.4690000005, 450418.118999999], [108918.36600000039, 450422.11300000176], [108911.22899999842, 450429.0610000007], [108899.42399999872, 450416.8660000004], [108906.58100000024, 450409.938000001], [108917.57999999821, 450399.04100000113], [108929.36100000143, 450411.15100000054]]]}, "properties": {"OBJECTID": 29, "ET_ID": 2161, "NWRW_TYP": "DV", "STELSEL1": "H", "AFGEKOP": 0, "AREA": 431.76480399753, "ET_Source": "P:\\336468\\Water\\Gis\\Data\\Shape\\Afvoerend oppervlak\\AO_BDGR_RW_2015.shp", "Shape_Length": 84.7988917493936, "Shape_Area": 431.76480402018825}}, {"type": "Feature", "id": 30, "geometry": {"type": "Polygon", "coordinates": [[[108951.93400000036, 450434.3350000009], [108933.51799999923, 450452.01999999955], [108929.61600000039, 450450.1860000007], [108929.68299999833, 450450.04399999976], [108930.6790000014, 450449.0769999996], [108920.42300000042, 450438.4910000004], [108920.2509999983, 450438.41000000015], [108931.67700000107, 450427.563000001], [108931.49799999967, 450427.375], [108938.49199999869, 450420.5370000005], [108951.93400000036, 450434.3350000009]]]}, "properties": {"OBJECTID": 30, "ET_ID": 2162, "NWRW_TYP": "DV", "STELSEL1": "H", "AFGEKOP": 0, "AREA": 489.17319905591, "ET_Source": "P:\\336468\\Water\\Gis\\Data\\Shape\\Afvoerend oppervlak\\AO_BDGR_RW_2015.shp", "Shape_Length": 91.37756211164151, "Shape_Area": 489.1731989770206}}, {"type": "Feature", "id": 31, "geometry": {"type": "Polygon", "coordinates": [[[108832.49599999934, 450301.73800000176], [108843.68800000101, 450338.7879999988], [108828.75400000066, 450343.30799999833], [108804.68499999866, 450310.05799999833], [108804.54699999839, 450309.8669999987], [108832.40900000185, 450301.4510000013], [108832.49599999934, 450301.73800000176]]]}, "properties": {"OBJECTID": 31, "ET_ID": 2182, "NWRW_TYP": "DV", "STELSEL1": "H", "AFGEKOP": 0, "AREA": 872.02550852086, "ET_Source": "P:\\336468\\Water\\Gis\\Data\\Shape\\Afvoerend oppervlak\\AO_BDGR_RW_2015.shp", "Shape_Length": 124.99471100267097, "Shape_Area": 872.0255084565622}}, {"type": "Feature", "id": 32, "geometry": {"type": "Polygon", "coordinates": [[[108899.42000000179, 450440.66099999845], [108896.8599999994, 450443.0780000016], [108895.1409999989, 450441.26199999824], [108897.65399999917, 450438.8900000006], [108897.70100000128, 450438.84600000083], [108899.42000000179, 450440.66099999845]]]}, "properties": {"OBJECTID": 32, "ET_ID": 2183, "NWRW_TYP": "DV", "STELSEL1": "H", "AFGEKOP": 0, "AREA": 8.80209949895, "ET_Source": "P:\\336468\\Water\\Gis\\Data\\Shape\\Afvoerend oppervlak\\AO_BDGR_RW_2015.shp", "Shape_Length": 12.04116022609437, "Shape_Area": 8.8020995100462}}, {"type": "Feature", "id": 33, "geometry": {"type": "Polygon", "coordinates": [[[108936.49700000137, 450589.4310000017], [108939.5859999992, 450592.6000000015], [108945.51300000027, 450598.68499999866], [108936.89200000092, 450607.10500000045], [108923.44099999964, 450620.2490000017], [108893.80999999866, 450589.88899999857], [108898.57800000161, 450585.2820000015], [108890.91000000015, 450577.41099999845], [108899.49700000137, 450569.03599999845], [108907.17300000042, 450576.91099999845], [108915.94700000063, 450568.3420000002], [108936.49700000137, 450589.4310000017]]]}, "properties": {"OBJECTID": 33, "ET_ID": 2184, "NWRW_TYP": "DV", "STELSEL1": "H", "AFGEKOP": 0, "AREA": 1440.30671550474, "ET_Source": "P:\\336468\\Water\\Gis\\Data\\Shape\\Afvoerend oppervlak\\AO_BDGR_RW_2015.shp", "Shape_Length": 168.52118337480405, "Shape_Area": 1440.3067155639465}}, {"type": "Feature", "id": 34, "geometry": {"type": "Polygon", "coordinates": [[[108890.85399999842, 450580.94000000134], [108887.93899999931, 450583.7969999984], [108886.18600000069, 450582.01300000027], [108888.21799999848, 450580.0219999999], [108889.10099999979, 450579.1570000015], [108890.85399999842, 450580.94000000134]]]}, "properties": {"OBJECTID": 34, "ET_ID": 2185, "NWRW_TYP": "DV", "STELSEL1": "H", "AFGEKOP": 0, "AREA": 10.20653350592, "ET_Source": "P:\\336468\\Water\\Gis\\Data\\Shape\\Afvoerend oppervlak\\AO_BDGR_RW_2015.shp", "Shape_Length": 13.164105184881741, "Shape_Area": 10.206533491904752}}, {"type": "Feature", "id": 35, "geometry": {"type": "Polygon", "coordinates": [[[108888.63500000164, 450545.30000000075], [108886.71599999815, 450547.2179999985], [108877.76700000092, 450538.2679999992], [108879.68499999866, 450536.3500000015], [108888.63500000164, 450545.30000000075]]]}, "properties": {"OBJECTID": 35, "ET_ID": 2196, "NWRW_TYP": "DV", "STELSEL1": "H", "AFGEKOP": 0, "AREA": 34.33571601731, "ET_Source": "P:\\336468\\Water\\Gis\\Data\\Shape\\Afvoerend oppervlak\\AO_BDGR_RW_2015.shp", "Shape_Length": 30.7393461003933, "Shape_Area": 34.33571598396824}}, {"type": "Feature", "id": 36, "geometry": {"type": "Polygon", "coordinates": [[[108937.14900000021, 450613.91000000015], [108925.55700000003, 450625.15399999917], [108924.00400000066, 450623.5529999994], [108935.59600000083, 450612.30999999866], [108937.14900000021, 450613.91000000015]]]}, "properties": {"OBJECTID": 36, "ET_ID": 2205, "NWRW_TYP": "DV", "STELSEL1": "H", "AFGEKOP": 0, "AREA": 36.01415148177, "ET_Source": "P:\\336468\\Water\\Gis\\Data\\Shape\\Afvoerend oppervlak\\AO_BDGR_RW_2015.shp", "Shape_Length": 36.758262802755425, "Shape_Area": 36.01415150046877}}, {"type": "Feature", "id": 37, "geometry": {"type": "Polygon", "coordinates": [[[108908.08100000024, 450390.2820000015], [108905.18499999866, 450393.41800000146], [108903.56899999827, 450391.92599999905], [108906.46400000155, 450388.7899999991], [108908.08100000024, 450390.2820000015]]]}, "properties": {"OBJECTID": 37, "ET_ID": 2206, "NWRW_TYP": "DV", "STELSEL1": "H", "AFGEKOP": 0, "AREA": 9.38942999272, "ET_Source": "P:\\336468\\Water\\Gis\\Data\\Shape\\Afvoerend oppervlak\\AO_BDGR_RW_2015.shp", "Shape_Length": 12.936214805729177, "Shape_Area": 9.389430009068622}}, {"type": "Feature", "id": 38, "geometry": {"type": "Polygon", "coordinates": [[[108895.76300000027, 450587.23699999973], [108893.56500000134, 450589.4910000004], [108891.99599999934, 450587.9609999992], [108894.19299999997, 450585.70699999854], [108895.76300000027, 450587.23699999973]]]}, "properties": {"OBJECTID": 38, "ET_ID": 2207, "NWRW_TYP": "DV", "STELSEL1": "H", "AFGEKOP": 0, "AREA": 6.89982799066, "ET_Source": "P:\\336468\\Water\\Gis\\Data\\Shape\\Afvoerend oppervlak\\AO_BDGR_RW_2015.shp", "Shape_Length": 10.679589702527291, "Shape_Area": 6.8998280058929025}}, {"type": "Feature", "id": 39, "geometry": {"type": "Polygon", "coordinates": [[[109041.96999999881, 450485.8500000015], [109042.08999999985, 450486.23000000045], [109036.35000000149, 450487.8200000003], [109036.28000000119, 450487.87000000104], [109033.3599999994, 450484.48000000045], [109021.71999999881, 450470.8999999985], [109018.51000000164, 450459.12999999896], [109033.53000000119, 450455.01000000164], [109041.96999999881, 450485.8500000015]]]}, "properties": {"OBJECTID": 39, "ET_ID": 3991, "NWRW_TYP": "DV", "STELSEL1": "H", "AFGEKOP": 0, "AREA": 408.36799996496, "ET_Source": "P:\\336468\\Water\\Gis\\Data\\Shape\\Afvoerend oppervlak\\AO_BDGR_RW_2015.shp", "Shape_Length": 88.54951811798676, "Shape_Area": 408.36799997997286}}, {"type": "Feature", "id": 40, "geometry": {"type": "Polygon", "coordinates": [[[108988.57200000063, 450508.4679999985], [108980.11800000072, 450499.77600000054], [108980.0850000009, 450499.8060000017], [108976.02199999988, 450497.8500000015], [108976.08799999952, 450497.71499999985], [108977.09699999914, 450496.7340000011], [108967.73999999836, 450487.1270000003], [108967.57800000161, 450487.0480000004], [108977.04199999943, 450477.9479999989], [108976.83399999887, 450477.7320000008], [108985.7490000017, 450469.0320000015], [108995.5859999992, 450479.14499999955], [108996.22300000116, 450478.5249999985], [108998.84800000116, 450478.5760000013], [109000.69299999997, 450480.4439999983], [109000.63500000164, 450483.0760000013], [109000.00600000098, 450483.688000001], [109006.84499999881, 450490.7259999998], [108988.57200000063, 450508.4679999985]]]}, "properties": {"OBJECTID": 40, "ET_ID": 3995, "NWRW_TYP": "DV", "STELSEL1": "H", "AFGEKOP": 0, "AREA": 784.85565497517, "ET_Source": "P:\\336468\\Water\\Gis\\Data\\Shape\\Afvoerend oppervlak\\AO_BDGR_RW_2015.shp", "Shape_Length": 116.75445860401332, "Shape_Area": 784.8556549815063}}, {"type": "Feature", "id": 41, "geometry": {"type": "Polygon", "coordinates": [[[109036.12200000137, 450634.60599999875], [109033.30000000075, 450631.7199999988], [109010, 450607.8900000006], [108990.76000000164, 450588.2199999988], [109002.20899999887, 450576.99599999934], [109015.66800000146, 450563.83900000155], [109019.49599999934, 450567.78400000185], [109020.21299999952, 450567.09899999946], [109024.40199999884, 450571.3660000004], [109023.71200000122, 450572.05799999833], [109027.53500000015, 450576.0089999996], [109025.47899999842, 450577.9990000017], [109056.2100000009, 450609.3599999994], [109059.8759999983, 450613.1009999998], [109050.02600000054, 450622.7529999986], [109049.2190000005, 450621.9200000018], [109036.12200000137, 450634.60599999875]]]}, "properties": {"OBJECTID": 41, "ET_ID": 3996, "NWRW_TYP": "DV", "STELSEL1": "H", "AFGEKOP": 0, "AREA": 2148.29836397826, "ET_Source": "P:\\336468\\Water\\Gis\\Data\\Shape\\Afvoerend oppervlak\\AO_BDGR_RW_2015.shp", "Shape_Length": 203.868647045703, "Shape_Area": 2148.2983639273884}}, {"type": "Feature", "id": 42, "geometry": {"type": "Polygon", "coordinates": [[[109118.07999999821, 450535.01000000164], [109117.8359999992, 450535.07499999925], [109115.96999999881, 450535.5700000003], [109115.30600000173, 450533.0949999988], [109114.95100000128, 450531.7729999982], [109114.2899999991, 450529.30999999866], [109116.21700000018, 450528.80099999905], [109116.41000000015, 450528.75], [109118.07999999821, 450535.01000000164]]]}, "properties": {"OBJECTID": 42, "ET_ID": 4006, "NWRW_TYP": "DV", "STELSEL1": "H", "AFGEKOP": 0, "AREA": 14.1777164951, "ET_Source": "P:\\336468\\Water\\Gis\\Data\\Shape\\Afvoerend oppervlak\\AO_BDGR_RW_2015.shp", "Shape_Length": 17.336203238503852, "Shape_Area": 14.177716490085334}}, {"type": "Feature", "id": 43, "geometry": {"type": "Polygon", "coordinates": [[[109013.93100000173, 450535.54199999943], [109013.56799999997, 450535.16899999976], [109013.75400000066, 450534.98800000176], [109005.7809999995, 450526.78400000185], [109005.59499999881, 450526.96499999985], [109005.23200000077, 450526.5920000002], [109014.9459999986, 450517.16000000015], [109010.26300000027, 450512.33399999887], [109008.98999999836, 450513.5709999986], [109000.29300000146, 450504.6220000014], [109010.61300000176, 450494.5879999995], [109011.9609999992, 450493.27800000086], [109034.02299999818, 450515.97300000116], [109032.71700000018, 450517.24500000104], [109013.93100000173, 450535.54199999943]]]}, "properties": {"OBJECTID": 43, "ET_ID": 4071, "NWRW_TYP": "DV", "STELSEL1": "H", "AFGEKOP": 0, "AREA": 647.1668860336, "ET_Source": "P:\\336468\\Water\\Gis\\Data\\Shape\\Afvoerend oppervlak\\AO_BDGR_RW_2015.shp", "Shape_Length": 123.4900245629973, "Shape_Area": 647.1668859617541}}, {"type": "Feature", "id": 44, "geometry": {"type": "Polygon", "coordinates": [[[108970.18899999931, 450340.2289999984], [108967.65700000152, 450342.63500000164], [108965.93499999866, 450340.8269999996], [108968.46799999848, 450338.4230000004], [108970.18899999931, 450340.2289999984]]]}, "properties": {"OBJECTID": 44, "ET_ID": 4083, "NWRW_TYP": "DV", "STELSEL1": "H", "AFGEKOP": 0, "AREA": 8.7164350033, "ET_Source": "P:\\336468\\Water\\Gis\\Data\\Shape\\Afvoerend oppervlak\\AO_BDGR_RW_2015.shp", "Shape_Length": 11.976524835598607, "Shape_Area": 8.716435004417374}}, {"type": "Feature", "id": 45, "geometry": {"type": "Polygon", "coordinates": [[[109048.11300000176, 450401.8440000005], [109047.92000000179, 450401.89400000125], [109048.89900000021, 450405.6240000017], [109027.7109999992, 450411.4140000008], [109022.46299999952, 450392.15100000054], [109035.40700000152, 450388.62999999896], [109035.5, 450388.9670000002], [109043.3900000006, 450386.79100000113], [109046.43800000101, 450397.83999999985], [109046.83199999854, 450397.73000000045], [109047.5309999995, 450400.2529999986], [109047.67500000075, 450400.2129999995], [109048.11300000176, 450401.8440000005]]]}, "properties": {"OBJECTID": 45, "ET_ID": 4088, "NWRW_TYP": "DV", "STELSEL1": "H", "AFGEKOP": 0, "AREA": 432.11355796112, "ET_Source": "P:\\336468\\Water\\Gis\\Data\\Shape\\Afvoerend oppervlak\\AO_BDGR_RW_2015.shp", "Shape_Length": 84.2612193973597, "Shape_Area": 432.11355804647525}}, {"type": "Feature", "id": 46, "geometry": {"type": "Polygon", "coordinates": [[[109102.98999999836, 450481.5799999982], [109100.55999999866, 450482.2199999988], [109099.67000000179, 450478.7800000012], [109102.0700000003, 450478.1499999985], [109102.98999999836, 450481.5799999982]]]}, "properties": {"OBJECTID": 46, "ET_ID": 4123, "NWRW_TYP": "DV", "STELSEL1": "H", "AFGEKOP": 0, "AREA": 8.87019999874, "ET_Source": "P:\\336468\\Water\\Gis\\Data\\Shape\\Afvoerend oppervlak\\AO_BDGR_RW_2015.shp", "Shape_Length": 12.098682345174756, "Shape_Area": 8.870199993564933}}, {"type": "Feature", "id": 47, "geometry": {"type": "Polygon", "coordinates": [[[108959.71400000155, 450701.3260000013], [108957.55200000107, 450703.4149999991], [108950.5709999986, 450696.19000000134], [108952.73299999908, 450694.1009999998], [108959.71400000155, 450701.3260000013]]]}, "properties": {"OBJECTID": 47, "ET_ID": 4160, "NWRW_TYP": "DV", "STELSEL1": "H", "AFGEKOP": 0, "AREA": 30.20375901487, "ET_Source": "P:\\336468\\Water\\Gis\\Data\\Shape\\Afvoerend oppervlak\\AO_BDGR_RW_2015.shp", "Shape_Length": 26.105989277673736, "Shape_Area": 30.20375900562255}}, {"type": "Feature", "id": 48, "geometry": {"type": "Polygon", "coordinates": [[[108972.46999999881, 450698.2589999996], [108969.48099999875, 450701.26199999824], [108964.375, 450696.1810000017], [108967.36300000176, 450693.1779999994], [108972.46999999881, 450698.2589999996]]]}, "properties": {"OBJECTID": 48, "ET_ID": 4161, "NWRW_TYP": "DV", "STELSEL1": "H", "AFGEKOP": 0, "AREA": 30.51938800715, "ET_Source": "P:\\336468\\Water\\Gis\\Data\\Shape\\Afvoerend oppervlak\\AO_BDGR_RW_2015.shp", "Shape_Length": 22.880631215869517, "Shape_Area": 30.519387995966046}}, {"type": "Feature", "id": 49, "geometry": {"type": "Polygon", "coordinates": [[[109025.56899999827, 450637.6620000005], [109022.47100000083, 450640.9129999988], [109020.19099999964, 450638.73999999836], [109023.2890000008, 450635.48999999836], [109025.56899999827, 450637.6620000005]]]}, "properties": {"OBJECTID": 49, "ET_ID": 4189, "NWRW_TYP": "DV", "STELSEL1": "H", "AFGEKOP": 0, "AREA": 14.14154500686, "ET_Source": "P:\\336468\\Water\\Gis\\Data\\Shape\\Afvoerend oppervlak\\AO_BDGR_RW_2015.shp", "Shape_Length": 15.27934569552048, "Shape_Area": 14.141544998286218}}, {"type": "Feature", "id": 50, "geometry": {"type": "Polygon", "coordinates": [[[108958.99100000039, 450628.7670000009], [108973.14499999955, 450643.2659999989], [108956.68200000003, 450659.3370000012], [108942.52699999884, 450644.8359999992], [108958.99100000039, 450628.7670000009]]]}, "properties": {"OBJECTID": 50, "ET_ID": 4202, "NWRW_TYP": "DV", "STELSEL1": "H", "AFGEKOP": 0, "AREA": 466.18356501487, "ET_Source": "P:\\336468\\Water\\Gis\\Data\\Shape\\Afvoerend oppervlak\\AO_BDGR_RW_2015.shp", "Shape_Length": 86.53921043337289, "Shape_Area": 466.1835650148703}}, {"type": "Feature", "id": 51, "geometry": {"type": "Polygon", "coordinates": [[[109119.30000000075, 450539.5610000007], [109120.1400000006, 450542.6499999985], [109118.01000000164, 450543.2100000009], [109117.1799999997, 450540.12000000104], [109119.30000000075, 450539.5610000007]]]}, "properties": {"OBJECTID": 51, "ET_ID": 4206, "NWRW_TYP": "DV", "STELSEL1": "H", "AFGEKOP": 0, "AREA": 7.03237000158, "ET_Source": "P:\\336468\\Water\\Gis\\Data\\Shape\\Afvoerend oppervlak\\AO_BDGR_RW_2015.shp", "Shape_Length": 10.795551259753745, "Shape_Area": 7.0323699991750726}}, {"type": "Feature", "id": 52, "geometry": {"type": "Polygon", "coordinates": [[[109114.44099999964, 450537.631000001], [109120.38199999928, 450535.80900000036], [109121.20899999887, 450538.50400000066], [109115.28700000048, 450540.38800000027], [109114.44099999964, 450537.631000001]]]}, "properties": {"OBJECTID": 52, "ET_ID": 4207, "NWRW_TYP": "DV", "STELSEL1": "H", "AFGEKOP": 0, "AREA": 17.71930350672, "ET_Source": "P:\\336468\\Water\\Gis\\Data\\Shape\\Afvoerend oppervlak\\AO_BDGR_RW_2015.shp", "Shape_Length": 18.131486746820798, "Shape_Area": 17.71930349656792}}, {"type": "Feature", "id": 53, "geometry": {"type": "Polygon", "coordinates": [[[109120.92100000009, 450537.56700000167], [109114.92799999937, 450539.2170000002], [109114.44099999964, 450537.631000001], [109120.38199999928, 450535.80900000036], [109120.92100000009, 450537.56700000167]]]}, "properties": {"OBJECTID": 53, "ET_ID": 4208, "NWRW_TYP": "DV", "STELSEL1": "H", "AFGEKOP": 0, "AREA": 10.86739200205, "ET_Source": "P:\\336468\\Water\\Gis\\Data\\Shape\\Afvoerend oppervlak\\AO_BDGR_RW_2015.shp", "Shape_Length": 15.92795982749417, "Shape_Area": 10.867392002054483}}, {"type": "Feature", "id": 54, "geometry": {"type": "Polygon", "coordinates": [[[109067.86300000176, 450343.6160000004], [109050.5399999991, 450348.37999999896], [109043.85200000182, 450324.05000000075], [109061.24100000039, 450319.31799999997], [109067.86300000176, 450343.6160000004]]]}, "properties": {"OBJECTID": 54, "ET_ID": 4212, "NWRW_TYP": "DV", "STELSEL1": "H", "AFGEKOP": 0, "AREA": 453.59172400587, "ET_Source": "P:\\336468\\Water\\Gis\\Data\\Shape\\Afvoerend oppervlak\\AO_BDGR_RW_2015.shp", "Shape_Length": 86.40416708621234, "Shape_Area": 453.5917239975924}}, {"type": "Feature", "id": 55, "geometry": {"type": "Polygon", "coordinates": [[[109333.99100000039, 451614.85599999875], [109332.38599999994, 451616.05999999866], [109330.55600000173, 451613.6070000008], [109332.15500000119, 451612.4070000015], [109333.99100000039, 451614.85599999875]]]}, "properties": {"OBJECTID": 55, "ET_ID": 4312, "NWRW_TYP": "DV", "STELSEL1": "H", "AFGEKOP": 0, "AREA": 6.12976799962, "ET_Source": "P:\\336468\\Water\\Gis\\Data\\Shape\\Afvoerend oppervlak\\AO_BDGR_RW_2015.shp", "Shape_Length": 10.12681009263542, "Shape_Area": 6.129767993652418}}, {"type": "Feature", "id": 56, "geometry": {"type": "Polygon", "coordinates": [[[109335.66899999976, 451613.59600000083], [109333.99100000039, 451614.85599999875], [109332.15500000119, 451612.4070000015], [109333.83199999854, 451611.1490000002], [109335.66899999976, 451613.59600000083]]]}, "properties": {"OBJECTID": 56, "ET_ID": 4313, "NWRW_TYP": "DV", "STELSEL1": "H", "AFGEKOP": 0, "AREA": 6.4186735025, "ET_Source": "P:\\336468\\Water\\Gis\\Data\\Shape\\Afvoerend oppervlak\\AO_BDGR_RW_2015.shp", "Shape_Length": 10.315400727195005, "Shape_Area": 6.418673493738785}}, {"type": "Feature", "id": 57, "geometry": {"type": "Polygon", "coordinates": [[[109350.06599999964, 451602.79300000146], [109348.38599999994, 451604.0529999994], [109346.55099999905, 451601.60500000045], [109348.22899999842, 451600.34600000083], [109350.06599999964, 451602.79300000146]]]}, "properties": {"OBJECTID": 57, "ET_ID": 4314, "NWRW_TYP": "DV", "STELSEL1": "H", "AFGEKOP": 0, "AREA": 6.42179449941, "ET_Source": "P:\\336468\\Water\\Gis\\Data\\Shape\\Afvoerend oppervlak\\AO_BDGR_RW_2015.shp", "Shape_Length": 10.317000461701845, "Shape_Area": 6.421794497555896}}, {"type": "Feature", "id": 58, "geometry": {"type": "Polygon", "coordinates": [[[109348.38599999994, 451604.0529999994], [109346.80200000107, 451605.2419999987], [109344.96599999815, 451602.79399999976], [109346.55099999905, 451601.60500000045], [109348.38599999994, 451604.0529999994]]]}, "properties": {"OBJECTID": 58, "ET_ID": 4315, "NWRW_TYP": "DV", "STELSEL1": "H", "AFGEKOP": 0, "AREA": 6.06126550049, "ET_Source": "P:\\336468\\Water\\Gis\\Data\\Shape\\Afvoerend oppervlak\\AO_BDGR_RW_2015.shp", "Shape_Length": 10.081400275815252, "Shape_Area": 6.061265499017879}}, {"type": "Feature", "id": 59, "geometry": {"type": "Polygon", "coordinates": [[[109212.87700000033, 451504.59899999946], [109211.57200000063, 451505.59899999946], [109210.88300000131, 451506.1279999986], [109209.1649999991, 451503.84099999815], [109211.17399999872, 451502.33199999854], [109212.87700000033, 451504.59899999946]]]}, "properties": {"OBJECTID": 59, "ET_ID": 4316, "NWRW_TYP": "DV", "STELSEL1": "H", "AFGEKOP": 0, "AREA": 7.15499249632, "ET_Source": "P:\\336468\\Water\\Gis\\Data\\Shape\\Afvoerend oppervlak\\AO_BDGR_RW_2015.shp", "Shape_Length": 10.721145521494964, "Shape_Area": 7.154992501973807}}, {"type": "Feature", "id": 60, "geometry": {"type": "Polygon", "coordinates": [[[109353.82699999958, 451598.63599999994], [109351.35000000149, 451600.51199999824], [109350.10300000012, 451598.8500000015], [109352.57299999893, 451596.98000000045], [109353.82699999958, 451598.63599999994]]]}, "properties": {"OBJECTID": 60, "ET_ID": 4317, "NWRW_TYP": "DV", "STELSEL1": "H", "AFGEKOP": 0, "AREA": 6.44572300739, "ET_Source": "P:\\336468\\Water\\Gis\\Data\\Shape\\Afvoerend oppervlak\\AO_BDGR_RW_2015.shp", "Shape_Length": 10.360288151381365, "Shape_Area": 6.4457229942728285}}, {"type": "Feature", "id": 61, "geometry": {"type": "Polygon", "coordinates": [[[109202.60799999908, 451490.92599999905], [109200.60099999979, 451492.43299999833], [109198.88699999824, 451490.1499999985], [109198.92700000107, 451490.12000000104], [109200.89299999923, 451488.6429999992], [109202.60799999908, 451490.92599999905]]]}, "properties": {"OBJECTID": 61, "ET_ID": 4318, "NWRW_TYP": "DV", "STELSEL1": "H", "AFGEKOP": 0, "AREA": 7.16454100312, "ET_Source": "P:\\336468\\Water\\Gis\\Data\\Shape\\Afvoerend oppervlak\\AO_BDGR_RW_2015.shp", "Shape_Length": 10.72900239451953, "Shape_Area": 7.164540995131448}}, {"type": "Feature", "id": 62, "geometry": {"type": "Polygon", "coordinates": [[[109329.13899999857, 451699.9820000008], [109324.66099999845, 451703.41899999976], [109290.98699999973, 451659.6629999988], [109298.66800000146, 451653.76000000164], [109295.01999999955, 451649.006000001], [109307.3900000006, 451639.52800000086], [109309.34299999848, 451642.06599999964], [109313.09099999815, 451639.18299999833], [109313.1240000017, 451639.2259999998], [109315.58999999985, 451642.4299999997], [109345.70499999821, 451681.55999999866], [109345.4600000009, 451681.78400000185], [109347.09600000083, 451683.91600000113], [109350.32699999958, 451688.1270000003], [109336.21999999881, 451702.4820000008], [109336.17100000009, 451702.5320000015], [109332.33700000122, 451697.52800000086], [109329.13899999857, 451699.9820000008]]]}, "properties": {"OBJECTID": 62, "ET_ID": 4319, "NWRW_TYP": "DV", "STELSEL1": "H", "AFGEKOP": 0, "AREA": 1859.94415501497, "ET_Source": "P:\\336468\\Water\\Gis\\Data\\Shape\\Afvoerend oppervlak\\AO_BDGR_RW_2015.shp", "Shape_Length": 192.38526380331845, "Shape_Area": 1859.9441549910823}}, {"type": "Feature", "id": 63, "geometry": {"type": "Polygon", "coordinates": [[[109342.84699999914, 451608.2100000009], [109341.18800000101, 451609.4539999999], [109339.35300000012, 451607.006000001], [109341.01000000164, 451605.76199999824], [109342.84699999914, 451608.2100000009]]]}, "properties": {"OBJECTID": 63, "ET_ID": 4395, "NWRW_TYP": "DV", "STELSEL1": "H", "AFGEKOP": 0, "AREA": 6.34276800185, "ET_Source": "P:\\336468\\Water\\Gis\\Data\\Shape\\Afvoerend oppervlak\\AO_BDGR_RW_2015.shp", "Shape_Length": 10.265600461174333, "Shape_Area": 6.342768001484841}}, {"type": "Feature", "id": 64, "geometry": {"type": "Polygon", "coordinates": [[[109341.18800000101, 451609.4539999999], [109339.57899999991, 451610.6620000005], [109337.74199999869, 451608.21499999985], [109339.35300000012, 451607.006000001], [109341.18800000101, 451609.4539999999]]]}, "properties": {"OBJECTID": 64, "ET_ID": 4396, "NWRW_TYP": "DV", "STELSEL1": "H", "AFGEKOP": 0, "AREA": 6.15928099669, "ET_Source": "P:\\336468\\Water\\Gis\\Data\\Shape\\Afvoerend oppervlak\\AO_BDGR_RW_2015.shp", "Shape_Length": 10.145400765350512, "Shape_Area": 6.159281003498897}}, {"type": "Feature", "id": 65, "geometry": {"type": "Polygon", "coordinates": [[[109303.88500000164, 451574.8830000013], [109302.3040000014, 451576.08399999887], [109300.49799999967, 451573.70600000024], [109300.45300000161, 451573.6469999999], [109302.04100000113, 451572.44200000167], [109303.88500000164, 451574.8830000013]]]}, "properties": {"OBJECTID": 65, "ET_ID": 4411, "NWRW_TYP": "DV", "STELSEL1": "H", "AFGEKOP": 0, "AREA": 6.08691000391, "ET_Source": "P:\\336468\\Water\\Gis\\Data\\Shape\\Afvoerend oppervlak\\AO_BDGR_RW_2015.shp", "Shape_Length": 10.098343985941264, "Shape_Area": 6.086909997601212}}, {"type": "Feature", "id": 66, "geometry": {"type": "Polygon", "coordinates": [[[109303.77899999917, 451571.23099999875], [109305.57600000128, 451573.59899999946], [109303.88500000164, 451574.8830000013], [109302.04100000113, 451572.44200000167], [109303.72599999979, 451571.1620000005], [109303.77899999917, 451571.23099999875]]]}, "properties": {"OBJECTID": 66, "ET_ID": 4412, "NWRW_TYP": "DV", "STELSEL1": "H", "AFGEKOP": 0, "AREA": 6.48564150251, "ET_Source": "P:\\336468\\Water\\Gis\\Data\\Shape\\Afvoerend oppervlak\\AO_BDGR_RW_2015.shp", "Shape_Length": 10.35814890506996, "Shape_Area": 6.4856415016165965}}, {"type": "Feature", "id": 67, "geometry": {"type": "Polygon", "coordinates": [[[109311.08799999952, 451569.48999999836], [109309.52400000021, 451570.6959999986], [109307.67100000009, 451568.29399999976], [109307.65500000119, 451568.2729999982], [109309.24399999902, 451567.0489999987], [109311.08799999952, 451569.48999999836]]]}, "properties": {"OBJECTID": 67, "ET_ID": 4413, "NWRW_TYP": "DV", "STELSEL1": "H", "AFGEKOP": 0, "AREA": 6.08993600438, "ET_Source": "P:\\336468\\Water\\Gis\\Data\\Shape\\Afvoerend oppervlak\\AO_BDGR_RW_2015.shp", "Shape_Length": 10.10004129189535, "Shape_Area": 6.089935998799964}}, {"type": "Feature", "id": 68, "geometry": {"type": "Polygon", "coordinates": [[[109310.93899999931, 451565.8299999982], [109312.76399999857, 451568.1979999989], [109311.08799999952, 451569.48999999836], [109309.24399999902, 451567.0489999987], [109310.89600000158, 451565.7749999985], [109310.93899999931, 451565.8299999982]]]}, "properties": {"OBJECTID": 68, "ET_ID": 4414, "NWRW_TYP": "DV", "STELSEL1": "H", "AFGEKOP": 0, "AREA": 6.42882049997, "ET_Source": "P:\\336468\\Water\\Gis\\Data\\Shape\\Afvoerend oppervlak\\AO_BDGR_RW_2015.shp", "Shape_Length": 10.321062564310948, "Shape_Area": 6.428820497694805}}, {"type": "Feature", "id": 69, "geometry": {"type": "Polygon", "coordinates": [[[109318.27400000021, 451564.0720000006], [109316.66600000113, 451565.2969999984], [109314.83399999887, 451562.8920000009], [109314.81199999899, 451562.86199999973], [109316.4290000014, 451561.631000001], [109318.27400000021, 451564.0720000006]]]}, "properties": {"OBJECTID": 69, "ET_ID": 4415, "NWRW_TYP": "DV", "STELSEL1": "H", "AFGEKOP": 0, "AREA": 6.20348599863, "ET_Source": "P:\\336468\\Water\\Gis\\Data\\Shape\\Afvoerend oppervlak\\AO_BDGR_RW_2015.shp", "Shape_Length": 10.17401745027845, "Shape_Area": 6.203485999105066}}, {"type": "Feature", "id": 70, "geometry": {"type": "Polygon", "coordinates": [[[109318.09600000083, 451560.43200000003], [109319.9149999991, 451562.8220000006], [109318.27400000021, 451564.0720000006], [109316.4290000014, 451561.631000001], [109318.06199999899, 451560.38699999824], [109318.09600000083, 451560.43200000003]]]}, "properties": {"OBJECTID": 70, "ET_ID": 4416, "NWRW_TYP": "DV", "STELSEL1": "H", "AFGEKOP": 0, "AREA": 6.29641150131, "ET_Source": "P:\\336468\\Water\\Gis\\Data\\Shape\\Afvoerend oppervlak\\AO_BDGR_RW_2015.shp", "Shape_Length": 10.235411660343892, "Shape_Area": 6.296411499868542}}, {"type": "Feature", "id": 71, "geometry": {"type": "Polygon", "coordinates": [[[109321.71200000122, 451557.7039999999], [109323.53200000152, 451560.1020000018], [109321.86800000072, 451561.36499999836], [109320.04399999976, 451558.9629999995], [109320.01700000092, 451558.9279999994], [109321.68200000003, 451557.6640000008], [109321.71200000122, 451557.7039999999]]]}, "properties": {"OBJECTID": 71, "ET_ID": 4456, "NWRW_TYP": "DV", "STELSEL1": "H", "AFGEKOP": 0, "AREA": 6.3943885069, "ET_Source": "P:\\336468\\Water\\Gis\\Data\\Shape\\Afvoerend oppervlak\\AO_BDGR_RW_2015.shp", "Shape_Length": 10.300176985425226, "Shape_Area": 6.3943885000081515}}, {"type": "Feature", "id": 72, "geometry": {"type": "Polygon", "coordinates": [[[109250.49799999967, 451554.74500000104], [109250.51000000164, 451554.76199999824], [109249.1409999989, 451555.79100000113], [109248.5009999983, 451556.2710000016], [109246.78799999878, 451553.98699999973], [109248.79699999839, 451552.4780000001], [109250.49799999967, 451554.74500000104]]]}, "properties": {"OBJECTID": 72, "ET_ID": 4457, "NWRW_TYP": "DV", "STELSEL1": "H", "AFGEKOP": 0, "AREA": 7.17504949994, "ET_Source": "P:\\336468\\Water\\Gis\\Data\\Shape\\Afvoerend oppervlak\\AO_BDGR_RW_2015.shp", "Shape_Length": 10.735210311914024, "Shape_Area": 7.175049503618583}}, {"type": "Feature", "id": 73, "geometry": {"type": "Polygon", "coordinates": [[[109548.13100000098, 451739.5029999986], [109545.08300000057, 451740.2969999984], [109544.98600000143, 451740.3229999989], [109544.11699999869, 451736.98999999836], [109547.2340000011, 451736.1550000012], [109548.13100000098, 451739.5029999986]]]}, "properties": {"OBJECTID": 73, "ET_ID": 4460, "NWRW_TYP": "DV", "STELSEL1": "H", "AFGEKOP": 0, "AREA": 11.18867299866, "ET_Source": "P:\\336468\\Water\\Gis\\Data\\Shape\\Afvoerend oppervlak\\AO_BDGR_RW_2015.shp", "Shape_Length": 13.387552811721418, "Shape_Area": 11.18867299894844}}, {"type": "Feature", "id": 74, "geometry": {"type": "Polygon", "coordinates": [[[109178.63599999994, 451459.01000000164], [109176.63699999824, 451460.51199999824], [109174.92300000042, 451458.2280000001], [109176.92199999839, 451456.7270000018], [109178.63599999994, 451459.01000000164]]]}, "properties": {"OBJECTID": 74, "ET_ID": 4471, "NWRW_TYP": "DV", "STELSEL1": "H", "AFGEKOP": 0, "AREA": 7.13828749965, "ET_Source": "P:\\336468\\Water\\Gis\\Data\\Shape\\Afvoerend oppervlak\\AO_BDGR_RW_2015.shp", "Shape_Length": 10.710601809874815, "Shape_Area": 7.138287492733077}}, {"type": "Feature", "id": 75, "geometry": {"type": "Polygon", "coordinates": [[[109182.04100000113, 451463.54399999976], [109180.04100000113, 451465.0460000001], [109178.33900000155, 451462.77899999917], [109180.33900000155, 451461.27699999884], [109182.04100000113, 451463.54399999976]]]}, "properties": {"OBJECTID": 75, "ET_ID": 4472, "NWRW_TYP": "DV", "STELSEL1": "H", "AFGEKOP": 0, "AREA": 7.09040399433, "ET_Source": "P:\\336468\\Water\\Gis\\Data\\Shape\\Afvoerend oppervlak\\AO_BDGR_RW_2015.shp", "Shape_Length": 10.672001716285735, "Shape_Area": 7.09040400177902}}, {"type": "Feature", "id": 76, "geometry": {"type": "Polygon", "coordinates": [[[109185.47500000149, 451468.11499999836], [109183.47300000116, 451469.6180000007], [109181.75899999961, 451467.3350000009], [109183.76000000164, 451465.83199999854], [109185.47500000149, 451468.11499999836]]]}, "properties": {"OBJECTID": 76, "ET_ID": 4473, "NWRW_TYP": "DV", "STELSEL1": "H", "AFGEKOP": 0, "AREA": 7.14631800103, "ET_Source": "P:\\336468\\Water\\Gis\\Data\\Shape\\Afvoerend oppervlak\\AO_BDGR_RW_2015.shp", "Shape_Length": 10.71620213099889, "Shape_Area": 7.146318007418857}}, {"type": "Feature", "id": 77, "geometry": {"type": "Polygon", "coordinates": [[[109188.90399999917, 451472.6810000017], [109186.90199999884, 451474.18499999866], [109185.18800000101, 451471.90100000054], [109187.18899999931, 451470.3979999982], [109188.90399999917, 451472.6810000017]]]}, "properties": {"OBJECTID": 77, "ET_ID": 4474, "NWRW_TYP": "DV", "STELSEL1": "H", "AFGEKOP": 0, "AREA": 7.1481760048, "ET_Source": "P:\\336468\\Water\\Gis\\Data\\Shape\\Afvoerend oppervlak\\AO_BDGR_RW_2015.shp", "Shape_Length": 10.717602404038566, "Shape_Area": 7.148175997744292}}, {"type": "Feature", "id": 78, "geometry": {"type": "Polygon", "coordinates": [[[109192.33900000155, 451477.23600000143], [109190.32699999958, 451478.7470000014], [109188.61300000176, 451476.46400000155], [109190.6240000017, 451474.9539999999], [109192.33900000155, 451477.23600000143]]]}, "properties": {"OBJECTID": 78, "ET_ID": 4475, "NWRW_TYP": "DV", "STELSEL1": "H", "AFGEKOP": 0, "AREA": 7.18100100169, "ET_Source": "P:\\336468\\Water\\Gis\\Data\\Shape\\Afvoerend oppervlak\\AO_BDGR_RW_2015.shp", "Shape_Length": 10.740402617049728, "Shape_Area": 7.181001003123984}}, {"type": "Feature", "id": 79, "geometry": {"type": "Polygon", "coordinates": [[[109195.77299999818, 451481.79199999943], [109193.75200000033, 451483.30999999866], [109192.03799999878, 451481.02699999884], [109194.05900000036, 451479.5089999996], [109195.77299999818, 451481.79199999943]]]}, "properties": {"OBJECTID": 79, "ET_ID": 4476, "NWRW_TYP": "DV", "STELSEL1": "H", "AFGEKOP": 0, "AREA": 7.21579500415, "ET_Source": "P:\\336468\\Water\\Gis\\Data\\Shape\\Afvoerend oppervlak\\AO_BDGR_RW_2015.shp", "Shape_Length": 10.764801966365953, "Shape_Area": 7.215794997189119}}, {"type": "Feature", "id": 80, "geometry": {"type": "Polygon", "coordinates": [[[109199.20800000057, 451486.34800000116], [109197.17799999937, 451487.8729999997], [109195.46400000155, 451485.58999999985], [109197.49399999902, 451484.06500000134], [109199.20800000057, 451486.34800000116]]]}, "properties": {"OBJECTID": 80, "ET_ID": 4477, "NWRW_TYP": "DV", "STELSEL1": "H", "AFGEKOP": 0, "AREA": 7.24833999507, "ET_Source": "P:\\336468\\Water\\Gis\\Data\\Shape\\Afvoerend oppervlak\\AO_BDGR_RW_2015.shp", "Shape_Length": 10.787602258462073, "Shape_Area": 7.248339995074868}}, {"type": "Feature", "id": 81, "geometry": {"type": "Polygon", "coordinates": [[[109206.03599999845, 451495.4910000004], [109204.02899999917, 451496.9979999997], [109202.31500000134, 451494.71499999985], [109204.3209999986, 451493.20800000057], [109206.03599999845, 451495.4910000004]]]}, "properties": {"OBJECTID": 81, "ET_ID": 4478, "NWRW_TYP": "DV", "STELSEL1": "H", "AFGEKOP": 0, "AREA": 7.16459099978, "ET_Source": "P:\\336468\\Water\\Gis\\Data\\Shape\\Afvoerend oppervlak\\AO_BDGR_RW_2015.shp", "Shape_Length": 10.729002373093017, "Shape_Area": 7.164590992717087}}, {"type": "Feature", "id": 82, "geometry": {"type": "Polygon", "coordinates": [[[109209.46200000122, 451500.0529999994], [109207.45399999991, 451501.5610000007], [109205.73999999836, 451499.27800000086], [109207.74799999967, 451497.76999999955], [109209.46200000122, 451500.0529999994]]]}, "properties": {"OBJECTID": 82, "ET_ID": 4479, "NWRW_TYP": "DV", "STELSEL1": "H", "AFGEKOP": 0, "AREA": 7.16897599377, "ET_Source": "P:\\336468\\Water\\Gis\\Data\\Shape\\Afvoerend oppervlak\\AO_BDGR_RW_2015.shp", "Shape_Length": 10.73200171124264, "Shape_Area": 7.168976007219196}}, {"type": "Feature", "id": 83, "geometry": {"type": "Polygon", "coordinates": [[[109223.13699999824, 451518.2749999985], [109221.12799999863, 451519.78400000185], [109219.4140000008, 451517.5009999983], [109221.42399999872, 451515.9919999987], [109223.13699999824, 451518.2749999985]]]}, "properties": {"OBJECTID": 83, "ET_ID": 4480, "NWRW_TYP": "DV", "STELSEL1": "H", "AFGEKOP": 0, "AREA": 7.17336000122, "ET_Source": "P:\\336468\\Water\\Gis\\Data\\Shape\\Afvoerend oppervlak\\AO_BDGR_RW_2015.shp", "Shape_Length": 10.73500133845598, "Shape_Area": 7.173360001086593}}, {"type": "Feature", "id": 84, "geometry": {"type": "Polygon", "coordinates": [[[109226.56100000069, 451522.83900000155], [109224.55200000107, 451524.34800000116], [109222.83799999952, 451522.0639999993], [109224.84800000116, 451520.5549999997], [109226.56100000069, 451522.83900000155]]]}, "properties": {"OBJECTID": 84, "ET_ID": 4481, "NWRW_TYP": "DV", "STELSEL1": "H", "AFGEKOP": 0, "AREA": 7.17536949767, "ET_Source": "P:\\336468\\Water\\Gis\\Data\\Shape\\Afvoerend oppervlak\\AO_BDGR_RW_2015.shp", "Shape_Length": 10.736601047411346, "Shape_Area": 7.175369505288109}}, {"type": "Feature", "id": 85, "geometry": {"type": "Polygon", "coordinates": [[[109229.98900000006, 451527.40900000185], [109227.98000000045, 451528.91800000146], [109226.2659999989, 451526.6339999996], [109228.27600000054, 451525.125], [109229.98900000006, 451527.40900000185]]]}, "properties": {"OBJECTID": 85, "ET_ID": 4482, "NWRW_TYP": "DV", "STELSEL1": "H", "AFGEKOP": 0, "AREA": 7.17536949822, "ET_Source": "P:\\336468\\Water\\Gis\\Data\\Shape\\Afvoerend oppervlak\\AO_BDGR_RW_2015.shp", "Shape_Length": 10.736601047411346, "Shape_Area": 7.175369505288109}}, {"type": "Feature", "id": 86, "geometry": {"type": "Polygon", "coordinates": [[[109233.39900000021, 451531.9530000016], [109231.38899999857, 451533.4620000012], [109229.67599999905, 451531.1790000014], [109231.68499999866, 451529.6700000018], [109233.39900000021, 451531.9530000016]]]}, "properties": {"OBJECTID": 86, "ET_ID": 4483, "NWRW_TYP": "DV", "STELSEL1": "H", "AFGEKOP": 0, "AREA": 7.17335999415, "ET_Source": "P:\\336468\\Water\\Gis\\Data\\Shape\\Afvoerend oppervlak\\AO_BDGR_RW_2015.shp", "Shape_Length": 10.735001338455335, "Shape_Area": 7.173360001215115}}, {"type": "Feature", "id": 87, "geometry": {"type": "Polygon", "coordinates": [[[109236.81300000101, 451536.50499999896], [109234.8040000014, 451538.01399999857], [109233.09099999815, 451535.73000000045], [109235.10000000149, 451534.22100000083], [109236.81300000101, 451536.50499999896]]]}, "properties": {"OBJECTID": 87, "ET_ID": 4484, "NWRW_TYP": "DV", "STELSEL1": "H", "AFGEKOP": 0, "AREA": 7.17347300144, "ET_Source": "P:\\336468\\Water\\Gis\\Data\\Shape\\Afvoerend oppervlak\\AO_BDGR_RW_2015.shp", "Shape_Length": 10.73520129005336, "Shape_Area": 7.173473001024917}}, {"type": "Feature", "id": 88, "geometry": {"type": "Polygon", "coordinates": [[[109240.2509999983, 451541.0879999995], [109238.24199999869, 451542.59699999914], [109236.52899999917, 451540.313000001], [109238.53799999878, 451538.8040000014], [109240.2509999983, 451541.0879999995]]]}, "properties": {"OBJECTID": 88, "ET_ID": 4485, "NWRW_TYP": "DV", "STELSEL1": "H", "AFGEKOP": 0, "AREA": 7.17347300144, "ET_Source": "P:\\336468\\Water\\Gis\\Data\\Shape\\Afvoerend oppervlak\\AO_BDGR_RW_2015.shp", "Shape_Length": 10.735201284839558, "Shape_Area": 7.173472993959904}}, {"type": "Feature", "id": 89, "geometry": {"type": "Polygon", "coordinates": [[[109243.66200000048, 451545.6339999996], [109241.65300000086, 451547.1429999992], [109239.94000000134, 451544.8599999994], [109241.94900000095, 451543.3509999998], [109243.66200000048, 451545.6339999996]]]}, "properties": {"OBJECTID": 89, "ET_ID": 4486, "NWRW_TYP": "DV", "STELSEL1": "H", "AFGEKOP": 0, "AREA": 7.17146400375, "ET_Source": "P:\\336468\\Water\\Gis\\Data\\Shape\\Afvoerend oppervlak\\AO_BDGR_RW_2015.shp", "Shape_Length": 10.733601413687325, "Shape_Area": 7.171463997373044}}, {"type": "Feature", "id": 90, "geometry": {"type": "Polygon", "coordinates": [[[109247.0859999992, 451550.1979999989], [109245.07699999958, 451551.70699999854], [109243.36400000006, 451549.4239999987], [109245.37299999967, 451547.9149999991], [109247.0859999992, 451550.1979999989]]]}, "properties": {"OBJECTID": 90, "ET_ID": 4487, "NWRW_TYP": "DV", "STELSEL1": "H", "AFGEKOP": 0, "AREA": 7.17146400299, "ET_Source": "P:\\336468\\Water\\Gis\\Data\\Shape\\Afvoerend oppervlak\\AO_BDGR_RW_2015.shp", "Shape_Length": 10.733601413687325, "Shape_Area": 7.171463997373044}}, {"type": "Feature", "id": 91, "geometry": {"type": "Polygon", "coordinates": [[[109260.66299999878, 451568.2950000018], [109258.65300000086, 451569.8040000014], [109256.94000000134, 451567.51999999955], [109258.94900000095, 451566.01099999994], [109260.66299999878, 451568.2950000018]]]}, "properties": {"OBJECTID": 91, "ET_ID": 4495, "NWRW_TYP": "DV", "STELSEL1": "H", "AFGEKOP": 0, "AREA": 7.17536950474, "ET_Source": "P:\\336468\\Water\\Gis\\Data\\Shape\\Afvoerend oppervlak\\AO_BDGR_RW_2015.shp", "Shape_Length": 10.73660104219617, "Shape_Area": 7.175369498223096}}, {"type": "Feature", "id": 92, "geometry": {"type": "Polygon", "coordinates": [[[109264.07200000063, 451572.83999999985], [109262.06300000101, 451574.34899999946], [109260.35000000149, 451572.06500000134], [109262.3590000011, 451570.5560000017], [109264.07200000063, 451572.83999999985]]]}, "properties": {"OBJECTID": 92, "ET_ID": 4496, "NWRW_TYP": "DV", "STELSEL1": "H", "AFGEKOP": 0, "AREA": 7.17347300089, "ET_Source": "P:\\336468\\Water\\Gis\\Data\\Shape\\Afvoerend oppervlak\\AO_BDGR_RW_2015.shp", "Shape_Length": 10.735201284839558, "Shape_Area": 7.173472993959904}}, {"type": "Feature", "id": 93, "geometry": {"type": "Polygon", "coordinates": [[[109267.5940000005, 451577.53400000185], [109265.5850000009, 451579.04300000146], [109263.87200000137, 451576.7589999996], [109265.88100000098, 451575.25], [109267.5940000005, 451577.53400000185]]]}, "properties": {"OBJECTID": 93, "ET_ID": 4497, "NWRW_TYP": "DV", "STELSEL1": "H", "AFGEKOP": 0, "AREA": 7.17347300144, "ET_Source": "P:\\336468\\Water\\Gis\\Data\\Shape\\Afvoerend oppervlak\\AO_BDGR_RW_2015.shp", "Shape_Length": 10.73520129080002, "Shape_Area": 7.173473001444012}}, {"type": "Feature", "id": 94, "geometry": {"type": "Polygon", "coordinates": [[[109271.02100000158, 451582.1020000018], [109269.01199999824, 451583.61100000143], [109267.29800000042, 451581.3269999996], [109269.30700000003, 451579.81799999997], [109271.02100000158, 451582.1020000018]]]}, "properties": {"OBJECTID": 94, "ET_ID": 4498, "NWRW_TYP": "DV", "STELSEL1": "H", "AFGEKOP": 0, "AREA": 7.17498200395, "ET_Source": "P:\\336468\\Water\\Gis\\Data\\Shape\\Afvoerend oppervlak\\AO_BDGR_RW_2015.shp", "Shape_Length": 10.736401518095605, "Shape_Area": 7.1749820059452505}}, {"type": "Feature", "id": 95, "geometry": {"type": "Polygon", "coordinates": [[[109274.44099999964, 451586.66099999845], [109272.43200000003, 451588.1700000018], [109270.7190000005, 451585.88599999994], [109272.72800000012, 451584.3770000003], [109274.44099999964, 451586.66099999845]]]}, "properties": {"OBJECTID": 95, "ET_ID": 4499, "NWRW_TYP": "DV", "STELSEL1": "H", "AFGEKOP": 0, "AREA": 7.17347300144, "ET_Source": "P:\\336468\\Water\\Gis\\Data\\Shape\\Afvoerend oppervlak\\AO_BDGR_RW_2015.shp", "Shape_Length": 10.735201290057098, "Shape_Area": 7.1734730008926695}}, {"type": "Feature", "id": 96, "geometry": {"type": "Polygon", "coordinates": [[[109277.85099999979, 451591.2049999982], [109275.84200000018, 451592.71400000155], [109274.12799999863, 451590.4310000017], [109276.13699999824, 451588.9219999984], [109277.85099999979, 451591.2049999982]]]}, "properties": {"OBJECTID": 96, "ET_ID": 4500, "NWRW_TYP": "DV", "STELSEL1": "H", "AFGEKOP": 0, "AREA": 7.17297299481, "ET_Source": "P:\\336468\\Water\\Gis\\Data\\Shape\\Afvoerend oppervlak\\AO_BDGR_RW_2015.shp", "Shape_Length": 10.734801981028276, "Shape_Area": 7.172973006815881}}, {"type": "Feature", "id": 97, "geometry": {"type": "Polygon", "coordinates": [[[109281.28500000015, 451595.7829999998], [109279.27600000054, 451597.29199999943], [109277.56300000101, 451595.0089999996], [109279.57200000063, 451593.5], [109281.28500000015, 451595.7829999998]]]}, "properties": {"OBJECTID": 97, "ET_ID": 4501, "NWRW_TYP": "DV", "STELSEL1": "H", "AFGEKOP": 0, "AREA": 7.17146400431, "ET_Source": "P:\\336468\\Water\\Gis\\Data\\Shape\\Afvoerend oppervlak\\AO_BDGR_RW_2015.shp", "Shape_Length": 10.733601413687325, "Shape_Area": 7.171463997373044}}, {"type": "Feature", "id": 98, "geometry": {"type": "Polygon", "coordinates": [[[109284.71499999985, 451600.35599999875], [109282.70600000024, 451601.86499999836], [109280.99300000072, 451599.58100000024], [109283.00200000033, 451598.0720000006], [109284.71499999985, 451600.35599999875]]]}, "properties": {"OBJECTID": 98, "ET_ID": 4502, "NWRW_TYP": "DV", "STELSEL1": "H", "AFGEKOP": 0, "AREA": 7.17347300144, "ET_Source": "P:\\336468\\Water\\Gis\\Data\\Shape\\Afvoerend oppervlak\\AO_BDGR_RW_2015.shp", "Shape_Length": 10.735201284839558, "Shape_Area": 7.173472993959904}}, {"type": "Feature", "id": 99, "geometry": {"type": "Polygon", "coordinates": [[[109288.125, 451604.90100000054], [109286.12099999934, 451606.4050000012], [109284.40799999982, 451604.1220000014], [109286.41200000048, 451602.6169999987], [109288.125, 451604.90100000054]]]}, "properties": {"OBJECTID": 99, "ET_ID": 4503, "NWRW_TYP": "DV", "STELSEL1": "H", "AFGEKOP": 0, "AREA": 7.15334249694, "ET_Source": "P:\\336468\\Water\\Gis\\Data\\Shape\\Afvoerend oppervlak\\AO_BDGR_RW_2015.shp", "Shape_Length": 10.721000705328004, "Shape_Area": 7.153342505310923}}, {"type": "Feature", "id": 100, "geometry": {"type": "Polygon", "coordinates": [[[109383.28000000119, 451680.8539999984], [109381.28500000015, 451682.3579999991], [109379.17599999905, 451679.56599999964], [109381.17100000009, 451678.0610000007], [109383.28000000119, 451680.8539999984]]]}, "properties": {"OBJECTID": 100, "ET_ID": 4520, "NWRW_TYP": "DV", "STELSEL1": "H", "AFGEKOP": 0, "AREA": 8.74402800077, "ET_Source": "P:\\336468\\Water\\Gis\\Data\\Shape\\Afvoerend oppervlak\\AO_BDGR_RW_2015.shp", "Shape_Length": 11.996256641289124, "Shape_Area": 8.744028001339109}}, {"type": "Feature", "id": 101, "geometry": {"type": "Polygon", "coordinates": [[[109323.87000000104, 451628.42500000075], [109321.06799999997, 451630.52600000054], [109319.57299999893, 451628.5240000002], [109322.375, 451626.4279999994], [109323.87000000104, 451628.42500000075]]]}, "properties": {"OBJECTID": 101, "ET_ID": 4521, "NWRW_TYP": "DV", "STELSEL1": "H", "AFGEKOP": 0, "AREA": 8.73985649154, "ET_Source": "P:\\336468\\Water\\Gis\\Data\\Shape\\Afvoerend oppervlak\\AO_BDGR_RW_2015.shp", "Shape_Length": 11.994609175009346, "Shape_Area": 8.739856507181884}}, {"type": "Feature", "id": 102, "geometry": {"type": "Polygon", "coordinates": [[[109301.9990000017, 451534.3770000003], [109299.3040000014, 451536.3770000003], [109297.79100000113, 451534.3370000012], [109300.4849999994, 451532.3370000012], [109301.9990000017, 451534.3770000003]]]}, "properties": {"OBJECTID": 102, "ET_ID": 4576, "NWRW_TYP": "DV", "STELSEL1": "H", "AFGEKOP": 0, "AREA": 8.52377999877, "ET_Source": "P:\\336468\\Water\\Gis\\Data\\Shape\\Afvoerend oppervlak\\AO_BDGR_RW_2015.shp", "Shape_Length": 11.791551795446816, "Shape_Area": 8.523779998694808}}, {"type": "Feature", "id": 103, "geometry": {"type": "Polygon", "coordinates": [[[109281.88300000131, 451513.58100000024], [109279.55600000173, 451515.41699999943], [109277.78400000185, 451513.1710000001], [109280.11199999973, 451511.3350000009], [109281.88300000131, 451513.58100000024]]]}, "properties": {"OBJECTID": 103, "ET_ID": 4577, "NWRW_TYP": "DV", "STELSEL1": "H", "AFGEKOP": 0, "AREA": 8.48003900318, "ET_Source": "P:\\336468\\Water\\Gis\\Data\\Shape\\Afvoerend oppervlak\\AO_BDGR_RW_2015.shp", "Shape_Length": 11.65005734104827, "Shape_Area": 8.4800389955443}}, {"type": "Feature", "id": 104, "geometry": {"type": "Polygon", "coordinates": [[[109395.45100000128, 451776.95600000024], [109391.43400000036, 451772.7280000001], [109390.96200000122, 451773.17599999905], [109388.57400000095, 451770.6570000015], [109389.04600000009, 451770.2100000009], [109377.32600000128, 451757.81700000167], [109376.85300000012, 451758.26399999857], [109374.47899999842, 451755.74500000104], [109374.9600000009, 451755.29300000146], [109370.95899999887, 451751.03500000015], [109375.20499999821, 451747.0460000001], [109374.75299999863, 451746.56599999964], [109377.27899999917, 451744.19999999925], [109377.73099999875, 451744.6799999997], [109381.95199999958, 451740.6700000018], [109385.96599999815, 451744.90399999917], [109386.4459999986, 451744.4510000013], [109388.81799999997, 451746.96499999985], [109388.33700000122, 451747.41699999943], [109392.32699999958, 451751.65100000054], [109391.87700000033, 451752.0780000016], [109392.61400000006, 451752.8539999984], [109393.06100000069, 451752.42500000075], [109393.51300000027, 451752.8920000009], [109393.57400000095, 451752.8839999996], [109393.67100000009, 451752.8770000003], [109393.76700000092, 451752.87900000066], [109393.86300000176, 451752.88800000027], [109393.95800000057, 451752.9050000012], [109394.05200000107, 451752.9310000017], [109394.14299999923, 451752.9629999995], [109394.23000000045, 451753.00400000066], [109394.31500000134, 451753.05099999905], [109394.39499999955, 451753.10500000045], [109394.46999999881, 451753.16600000113], [109394.5399999991, 451753.2320000008], [109394.60399999842, 451753.3049999997], [109394.66200000048, 451753.3819999993], [109394.71400000155, 451753.46400000155], [109394.75800000131, 451753.5489999987], [109394.79600000009, 451753.63800000027], [109394.82499999925, 451753.73000000045], [109394.84699999914, 451753.82400000095], [109394.86199999973, 451753.9200000018], [109394.86800000072, 451754.0159999989], [109394.86600000039, 451754.11300000176], [109394.85700000077, 451754.20899999887], [109394.83900000155, 451754.3040000014], [109395.28299999982, 451754.7740000002], [109394.83100000024, 451755.19900000095], [109395.57200000063, 451755.98099999875], [109396.02100000158, 451755.5529999994], [109400.03400000185, 451759.7659999989], [109400.50699999928, 451759.3189999983], [109402.8740000017, 451761.83399999887], [109402.40199999884, 451762.2800000012], [109406.41099999845, 451766.5170000009], [109402.1799999997, 451770.5450000018], [109402.63500000164, 451771.0229999982], [109400.13500000164, 451773.40199999884], [109399.68699999899, 451772.9310000017], [109395.45100000128, 451776.95600000024]]]}, "properties": {"OBJECTID": 104, "ET_ID": 4609, "NWRW_TYP": "DV", "STELSEL1": "H", "AFGEKOP": 0, "AREA": 552.18867750298, "ET_Source": "P:\\336468\\Water\\Gis\\Data\\Shape\\Afvoerend oppervlak\\AO_BDGR_RW_2015.shp", "Shape_Length": 112.19213202374058, "Shape_Area": 552.1886775225794}}, {"type": "Feature", "id": 105, "geometry": {"type": "Polygon", "coordinates": [[[110007.43800000101, 451738.2729999982], [110004.53799999878, 451739.05799999833], [110004.0150000006, 451737.131000001], [110006.91600000113, 451736.3449999988], [110007.43800000101, 451738.2729999982]]]}, "properties": {"OBJECTID": 105, "ET_ID": 4677, "NWRW_TYP": "DV", "STELSEL1": "H", "AFGEKOP": 0, "AREA": 6.00113750007, "ET_Source": "P:\\336468\\Water\\Gis\\Data\\Shape\\Afvoerend oppervlak\\AO_BDGR_RW_2015.shp", "Shape_Length": 10.004089064343113, "Shape_Area": 6.001137497763335}}, {"type": "Feature", "id": 106, "geometry": {"type": "Polygon", "coordinates": [[[110004.53799999878, 451739.05799999833], [110001.64499999955, 451739.84099999815], [110001.12299999967, 451737.9140000008], [110004.0150000006, 451737.131000001], [110004.53799999878, 451739.05799999833]]]}, "properties": {"OBJECTID": 106, "ET_ID": 4678, "NWRW_TYP": "DV", "STELSEL1": "H", "AFGEKOP": 0, "AREA": 5.98296500531, "ET_Source": "P:\\336468\\Water\\Gis\\Data\\Shape\\Afvoerend oppervlak\\AO_BDGR_RW_2015.shp", "Shape_Length": 9.98637313933222, "Shape_Area": 5.982964991619662}}, {"type": "Feature", "id": 107, "geometry": {"type": "Polygon", "coordinates": [[[110091.39999999851, 451739.38599999994], [110088.30900000036, 451740.2129999995], [110087.75800000131, 451738.1640000008], [110090.84600000083, 451737.3209999986], [110091.39999999851, 451739.38599999994]]]}, "properties": {"OBJECTID": 107, "ET_ID": 4679, "NWRW_TYP": "DV", "STELSEL1": "H", "AFGEKOP": 0, "AREA": 6.81643900221, "ET_Source": "P:\\336468\\Water\\Gis\\Data\\Shape\\Afvoerend oppervlak\\AO_BDGR_RW_2015.shp", "Shape_Length": 10.660533899747577, "Shape_Area": 6.816438996826545}}, {"type": "Feature", "id": 108, "geometry": {"type": "Polygon", "coordinates": [[[110090.84600000083, 451737.3209999986], [110087.75800000131, 451738.1640000008], [110087.19799999893, 451736.0780000016], [110090.2899999991, 451735.2509999983], [110090.84600000083, 451737.3209999986]]]}, "properties": {"OBJECTID": 108, "ET_ID": 4680, "NWRW_TYP": "DV", "STELSEL1": "H", "AFGEKOP": 0, "AREA": 6.88694999697, "ET_Source": "P:\\336468\\Water\\Gis\\Data\\Shape\\Afvoerend oppervlak\\AO_BDGR_RW_2015.shp", "Shape_Length": 10.704915508755409, "Shape_Area": 6.886950002162903}}, {"type": "Feature", "id": 109, "geometry": {"type": "Polygon", "coordinates": [[[110085.62000000104, 451729.75400000066], [110082.53299999982, 451730.5760000013], [110081.99300000072, 451728.5489999987], [110085.07299999893, 451727.70899999887], [110085.62000000104, 451729.75400000066]]]}, "properties": {"OBJECTID": 109, "ET_ID": 4681, "NWRW_TYP": "DV", "STELSEL1": "H", "AFGEKOP": 0, "AREA": 6.72965449753, "ET_Source": "P:\\336468\\Water\\Gis\\Data\\Shape\\Afvoerend oppervlak\\AO_BDGR_RW_2015.shp", "Shape_Length": 10.601646013157968, "Shape_Area": 6.72965450676921}}, {"type": "Feature", "id": 110, "geometry": {"type": "Polygon", "coordinates": [[[110085.07299999893, 451727.70899999887], [110081.99300000072, 451728.5489999987], [110081.42500000075, 451726.4200000018], [110084.50899999961, 451725.6000000015], [110085.07299999893, 451727.70899999887]]]}, "properties": {"OBJECTID": 110, "ET_ID": 4682, "NWRW_TYP": "DV", "STELSEL1": "H", "AFGEKOP": 0, "AREA": 7.00053800485, "ET_Source": "P:\\336468\\Water\\Gis\\Data\\Shape\\Afvoerend oppervlak\\AO_BDGR_RW_2015.shp", "Shape_Length": 10.770222308502092, "Shape_Area": 7.000537987879187}}, {"type": "Feature", "id": 111, "geometry": {"type": "Polygon", "coordinates": [[[110095.79199999943, 451710.8260000013], [110093.72500000149, 451711.38699999824], [110092.89999999851, 451708.34899999946], [110094.9690000005, 451707.7870000005], [110095.79199999943, 451710.8260000013]]]}, "properties": {"OBJECTID": 111, "ET_ID": 4686, "NWRW_TYP": "DV", "STELSEL1": "H", "AFGEKOP": 0, "AREA": 6.74629400141, "ET_Source": "P:\\336468\\Water\\Gis\\Data\\Shape\\Afvoerend oppervlak\\AO_BDGR_RW_2015.shp", "Shape_Length": 10.582240836108847, "Shape_Area": 6.746293998343631}}, {"type": "Feature", "id": 112, "geometry": {"type": "Polygon", "coordinates": [[[110097.82699999958, 451710.2729999982], [110095.79199999943, 451710.8260000013], [110094.9690000005, 451707.7870000005], [110096.9990000017, 451707.23600000143], [110097.82699999958, 451710.2729999982]]]}, "properties": {"OBJECTID": 112, "ET_ID": 4687, "NWRW_TYP": "DV", "STELSEL1": "H", "AFGEKOP": 0, "AREA": 6.63041100386, "ET_Source": "P:\\336468\\Water\\Gis\\Data\\Shape\\Afvoerend oppervlak\\AO_BDGR_RW_2015.shp", "Shape_Length": 10.508565797962845, "Shape_Area": 6.630410999559179}}, {"type": "Feature", "id": 113, "geometry": {"type": "Polygon", "coordinates": [[[110014.95100000128, 451736.23800000176], [110012.06399999931, 451737.01999999955], [110011.54199999943, 451735.0929999985], [110014.42500000075, 451734.313000001], [110014.95100000128, 451736.23800000176]]]}, "properties": {"OBJECTID": 113, "ET_ID": 4696, "NWRW_TYP": "DV", "STELSEL1": "H", "AFGEKOP": 0, "AREA": 5.96575399948, "ET_Source": "P:\\336468\\Water\\Gis\\Data\\Shape\\Afvoerend oppervlak\\AO_BDGR_RW_2015.shp", "Shape_Length": 9.969707691601322, "Shape_Area": 5.965754004700765}}, {"type": "Feature", "id": 114, "geometry": {"type": "Polygon", "coordinates": [[[110017.83700000122, 451735.45699999854], [110014.95100000128, 451736.23800000176], [110014.42500000075, 451734.313000001], [110017.31500000134, 451733.5300000012], [110017.83700000122, 451735.45699999854]]]}, "properties": {"OBJECTID": 114, "ET_ID": 4697, "NWRW_TYP": "DV", "STELSEL1": "H", "AFGEKOP": 0, "AREA": 5.97205600313, "ET_Source": "P:\\336468\\Water\\Gis\\Data\\Shape\\Afvoerend oppervlak\\AO_BDGR_RW_2015.shp", "Shape_Length": 9.976021846015868, "Shape_Area": 5.972055998721958}}, {"type": "Feature", "id": 115, "geometry": {"type": "Polygon", "coordinates": [[[110106.22100000083, 451707.9919999987], [110104.15100000054, 451708.5529999994], [110103.32999999821, 451705.51399999857], [110105.39499999955, 451704.9539999999], [110106.22100000083, 451707.9919999987]]]}, "properties": {"OBJECTID": 115, "ET_ID": 4699, "NWRW_TYP": "DV", "STELSEL1": "H", "AFGEKOP": 0, "AREA": 6.7436705061, "ET_Source": "P:\\336468\\Water\\Gis\\Data\\Shape\\Afvoerend oppervlak\\AO_BDGR_RW_2015.shp", "Shape_Length": 10.580492047651617, "Shape_Area": 6.743670502799571}}, {"type": "Feature", "id": 116, "geometry": {"type": "Polygon", "coordinates": [[[110108.25600000098, 451707.44099999964], [110106.22100000083, 451707.9919999987], [110105.39499999955, 451704.9539999999], [110107.43699999899, 451704.3999999985], [110108.25600000098, 451707.44099999964]]]}, "properties": {"OBJECTID": 116, "ET_ID": 4700, "NWRW_TYP": "DV", "STELSEL1": "H", "AFGEKOP": 0, "AREA": 6.65045199831, "ET_Source": "P:\\336468\\Water\\Gis\\Data\\Shape\\Afvoerend oppervlak\\AO_BDGR_RW_2015.shp", "Shape_Length": 10.521736457417752, "Shape_Area": 6.650452000364243}}, {"type": "Feature", "id": 117, "geometry": {"type": "Polygon", "coordinates": [[[110048.6790000014, 451660.95899999887], [110046.65199999884, 451661.506000001], [110045.86100000143, 451658.55999999866], [110047.87799999863, 451658.0159999989], [110048.6790000014, 451660.95899999887]]]}, "properties": {"OBJECTID": 117, "ET_ID": 4709, "NWRW_TYP": "DV", "STELSEL1": "H", "AFGEKOP": 0, "AREA": 6.38799699752, "ET_Source": "P:\\336468\\Water\\Gis\\Data\\Shape\\Afvoerend oppervlak\\AO_BDGR_RW_2015.shp", "Shape_Length": 10.288982881197263, "Shape_Area": 6.387997002765045}}, {"type": "Feature", "id": 118, "geometry": {"type": "Polygon", "coordinates": [[[110047.87799999863, 451658.0159999989], [110045.86100000143, 451658.55999999866], [110045.09499999881, 451655.70800000057], [110047.10200000182, 451655.1629999988], [110047.87799999863, 451658.0159999989]]]}, "properties": {"OBJECTID": 118, "ET_ID": 4710, "NWRW_TYP": "DV", "STELSEL1": "H", "AFGEKOP": 0, "AREA": 6.15903950125, "ET_Source": "P:\\336468\\Water\\Gis\\Data\\Shape\\Afvoerend oppervlak\\AO_BDGR_RW_2015.shp", "Shape_Length": 10.078481324183652, "Shape_Area": 6.159039498941929}}, {"type": "Feature", "id": 119, "geometry": {"type": "Polygon", "coordinates": [[[110045.56399999931, 451649.375], [110043.54100000113, 451649.9149999991], [110042.77899999917, 451647.0929999985], [110044.80299999937, 451646.5460000001], [110045.56399999931, 451649.375]]]}, "properties": {"OBJECTID": 119, "ET_ID": 4717, "NWRW_TYP": "DV", "STELSEL1": "H", "AFGEKOP": 0, "AREA": 6.13127450492, "ET_Source": "P:\\336468\\Water\\Gis\\Data\\Shape\\Afvoerend oppervlak\\AO_BDGR_RW_2015.shp", "Shape_Length": 10.043079033927242, "Shape_Area": 6.131274497834325}}, {"type": "Feature", "id": 120, "geometry": {"type": "Polygon", "coordinates": [[[110044.80299999937, 451646.5460000001], [110042.77899999917, 451647.0929999985], [110041.97899999842, 451644.1259999983], [110044.00499999896, 451643.58300000057], [110044.80299999937, 451646.5460000001]]]}, "properties": {"OBJECTID": 120, "ET_ID": 4718, "NWRW_TYP": "DV", "STELSEL1": "H", "AFGEKOP": 0, "AREA": 6.43958000255, "ET_Source": "P:\\336468\\Water\\Gis\\Data\\Shape\\Afvoerend oppervlak\\AO_BDGR_RW_2015.shp", "Shape_Length": 10.33565649901875, "Shape_Area": 6.439579999571741}}, {"type": "Feature", "id": 121, "geometry": {"type": "Polygon", "coordinates": [[[110053.11800000072, 451534.686999999], [110050.52499999851, 451535.3960000016], [110049.88699999824, 451533.0639999993], [110052.48000000045, 451532.3539999984], [110053.11800000072, 451534.686999999]]]}, "properties": {"OBJECTID": 121, "ET_ID": 4754, "NWRW_TYP": "DV", "STELSEL1": "H", "AFGEKOP": 0, "AREA": 6.50083349541, "ET_Source": "P:\\336468\\Water\\Gis\\Data\\Shape\\Afvoerend oppervlak\\AO_BDGR_RW_2015.shp", "Shape_Length": 10.212993110828068, "Shape_Area": 6.500833510117323}}, {"type": "Feature", "id": 122, "geometry": {"type": "Polygon", "coordinates": [[[110055.72899999842, 451533.97300000116], [110053.11800000072, 451534.686999999], [110052.48000000045, 451532.3539999984], [110055.08999999985, 451531.63899999857], [110055.72899999842, 451533.97300000116]]]}, "properties": {"OBJECTID": 122, "ET_ID": 4755, "NWRW_TYP": "DV", "STELSEL1": "H", "AFGEKOP": 0, "AREA": 6.5478100016, "ET_Source": "P:\\336468\\Water\\Gis\\Data\\Shape\\Afvoerend oppervlak\\AO_BDGR_RW_2015.shp", "Shape_Length": 10.25158446419013, "Shape_Area": 6.547809999593124}}, {"type": "Feature", "id": 123, "geometry": {"type": "Polygon", "coordinates": [[[110042.69099999964, 451537.5390000008], [110040.11600000039, 451538.2479999997], [110039.48000000045, 451535.9140000008], [110042.05600000173, 451535.20800000057], [110042.69099999964, 451537.5390000008]]]}, "properties": {"OBJECTID": 123, "ET_ID": 4764, "NWRW_TYP": "DV", "STELSEL1": "H", "AFGEKOP": 0, "AREA": 6.45696999843, "ET_Source": "P:\\336468\\Water\\Gis\\Data\\Shape\\Afvoerend oppervlak\\AO_BDGR_RW_2015.shp", "Shape_Length": 10.176865144314789, "Shape_Area": 6.4569699984311315}}, {"type": "Feature", "id": 124, "geometry": {"type": "Polygon", "coordinates": [[[110045.3040000014, 451536.8189999983], [110042.69099999964, 451537.5390000008], [110042.05600000173, 451535.20800000057], [110044.6640000008, 451534.493999999], [110045.3040000014, 451536.8189999983]]]}, "properties": {"OBJECTID": 124, "ET_ID": 4765, "NWRW_TYP": "DV", "STELSEL1": "H", "AFGEKOP": 0, "AREA": 6.5343314987, "ET_Source": "P:\\336468\\Water\\Gis\\Data\\Shape\\Afvoerend oppervlak\\AO_BDGR_RW_2015.shp", "Shape_Length": 10.241774746706474, "Shape_Area": 6.53433150107725}}, {"type": "Feature", "id": 125, "geometry": {"type": "Polygon", "coordinates": [[[109968.81700000167, 451579.3020000011], [109965.89900000021, 451580.09800000116], [109965.3350000009, 451577.9840000011], [109968.25699999928, 451577.2049999982], [109968.81700000167, 451579.3020000011]]]}, "properties": {"OBJECTID": 125, "ET_ID": 4795, "NWRW_TYP": "DV", "STELSEL1": "H", "AFGEKOP": 0, "AREA": 6.59063500158, "ET_Source": "P:\\336468\\Water\\Gis\\Data\\Shape\\Afvoerend oppervlak\\AO_BDGR_RW_2015.shp", "Shape_Length": 10.407108301533638, "Shape_Area": 6.590635005613565}}, {"type": "Feature", "id": 126, "geometry": {"type": "Polygon", "coordinates": [[[109947.26199999824, 451508.26199999824], [109944.89999999851, 451508.8999999985], [109944.2100000009, 451506.3900000006], [109946.57699999958, 451505.7470000014], [109947.26199999824, 451508.26199999824]]]}, "properties": {"OBJECTID": 126, "ET_ID": 4802, "NWRW_TYP": "DV", "STELSEL1": "H", "AFGEKOP": 0, "AREA": 6.38115000516, "ET_Source": "P:\\336468\\Water\\Gis\\Data\\Shape\\Afvoerend oppervlak\\AO_BDGR_RW_2015.shp", "Shape_Length": 10.109160099452403, "Shape_Area": 6.381149990482628}}, {"type": "Feature", "id": 127, "geometry": {"type": "Polygon", "coordinates": [[[109944.27499999851, 451497.27800000086], [109941.91000000015, 451497.9200000018], [109941.21999999881, 451495.4200000018], [109943.58100000024, 451494.7659999989], [109944.27499999851, 451497.27800000086]]]}, "properties": {"OBJECTID": 127, "ET_ID": 4804, "NWRW_TYP": "DV", "STELSEL1": "H", "AFGEKOP": 0, "AREA": 6.37009399757, "ET_Source": "P:\\336468\\Water\\Gis\\Data\\Shape\\Afvoerend oppervlak\\AO_BDGR_RW_2015.shp", "Shape_Length": 10.100071979851217, "Shape_Area": 6.370094003256916}}, {"type": "Feature", "id": 128, "geometry": {"type": "Polygon", "coordinates": [[[109994.05900000036, 451741.8960000016], [109991.19799999893, 451742.6700000018], [109990.67599999905, 451740.7430000007], [109993.53700000048, 451739.9679999985], [109994.05900000036, 451741.8960000016]]]}, "properties": {"OBJECTID": 128, "ET_ID": 4841, "NWRW_TYP": "DV", "STELSEL1": "H", "AFGEKOP": 0, "AREA": 5.91886649579, "ET_Source": "P:\\336468\\Water\\Gis\\Data\\Shape\\Afvoerend oppervlak\\AO_BDGR_RW_2015.shp", "Shape_Length": 9.921823426830723, "Shape_Area": 5.918866509271324}}, {"type": "Feature", "id": 129, "geometry": {"type": "Polygon", "coordinates": [[[109996.98999999836, 451741.1020000018], [109994.05900000036, 451741.8960000016], [109993.53700000048, 451739.9679999985], [109996.46799999848, 451739.1739999987], [109996.98999999836, 451741.1020000018]]]}, "properties": {"OBJECTID": 129, "ET_ID": 4842, "NWRW_TYP": "DV", "STELSEL1": "H", "AFGEKOP": 0, "AREA": 6.06543600128, "ET_Source": "P:\\336468\\Water\\Gis\\Data\\Shape\\Afvoerend oppervlak\\AO_BDGR_RW_2015.shp", "Shape_Length": 10.068115440119495, "Shape_Area": 6.065436005015612}}, {"type": "Feature", "id": 130, "geometry": {"type": "Polygon", "coordinates": [[[109960.8359999992, 451550.1009999998], [109957.94900000095, 451550.88500000164], [109957.38399999961, 451548.80700000003], [109960.27100000158, 451548.01999999955], [109960.8359999992, 451550.1009999998]]]}, "properties": {"OBJECTID": 130, "ET_ID": 4880, "NWRW_TYP": "DV", "STELSEL1": "H", "AFGEKOP": 0, "AREA": 6.44732400204, "ET_Source": "P:\\336468\\Water\\Gis\\Data\\Shape\\Afvoerend oppervlak\\AO_BDGR_RW_2015.shp", "Shape_Length": 10.293682975513809, "Shape_Area": 6.447324003131151}}, {"type": "Feature", "id": 131, "geometry": {"type": "Polygon", "coordinates": [[[109960.27100000158, 451548.01999999955], [109957.38399999961, 451548.80700000003], [109956.82299999893, 451546.7410000004], [109959.7109999992, 451545.95699999854], [109960.27100000158, 451548.01999999955]]]}, "properties": {"OBJECTID": 131, "ET_ID": 4881, "NWRW_TYP": "DV", "STELSEL1": "H", "AFGEKOP": 0, "AREA": 6.4015165001, "ET_Source": "P:\\336468\\Water\\Gis\\Data\\Shape\\Afvoerend oppervlak\\AO_BDGR_RW_2015.shp", "Shape_Length": 10.263337845979407, "Shape_Area": 6.401516505110919}}, {"type": "Feature", "id": 132, "geometry": {"type": "Polygon", "coordinates": [[[109963.67599999905, 451560.5150000006], [109960.76999999955, 451561.2969999984], [109960.21700000018, 451559.2419999987], [109963.12000000104, 451558.44999999925], [109963.67599999905, 451560.5150000006]]]}, "properties": {"OBJECTID": 132, "ET_ID": 4882, "NWRW_TYP": "DV", "STELSEL1": "H", "AFGEKOP": 0, "AREA": 6.41966149864, "ET_Source": "P:\\336468\\Water\\Gis\\Data\\Shape\\Afvoerend oppervlak\\AO_BDGR_RW_2015.shp", "Shape_Length": 10.285124566666873, "Shape_Area": 6.419661500082746}}, {"type": "Feature", "id": 133, "geometry": {"type": "Polygon", "coordinates": [[[109963.12000000104, 451558.44999999925], [109960.21700000018, 451559.2419999987], [109959.65199999884, 451557.1420000009], [109962.55799999833, 451556.3599999994], [109963.12000000104, 451558.44999999925]]]}, "properties": {"OBJECTID": 133, "ET_ID": 4883, "NWRW_TYP": "DV", "STELSEL1": "H", "AFGEKOP": 0, "AREA": 6.5284020002, "ET_Source": "P:\\336468\\Water\\Gis\\Data\\Shape\\Afvoerend oppervlak\\AO_BDGR_RW_2015.shp", "Shape_Length": 10.357397310434905, "Shape_Area": 6.52840199877578}}, {"type": "Feature", "id": 134, "geometry": {"type": "Polygon", "coordinates": [[[109966.52899999917, 451570.95699999854], [109963.61499999836, 451571.7410000004], [109963.05600000173, 451569.6649999991], [109965.96700000018, 451568.87099999934], [109966.52899999917, 451570.95699999854]]]}, "properties": {"OBJECTID": 134, "ET_ID": 4884, "NWRW_TYP": "DV", "STELSEL1": "H", "AFGEKOP": 0, "AREA": 6.50314699511, "ET_Source": "P:\\336468\\Water\\Gis\\Data\\Shape\\Afvoerend oppervlak\\AO_BDGR_RW_2015.shp", "Shape_Length": 10.345289356327925, "Shape_Area": 6.503146998641894}}, {"type": "Feature", "id": 135, "geometry": {"type": "Polygon", "coordinates": [[[109965.96700000018, 451568.87099999934], [109963.05600000173, 451569.6649999991], [109962.4990000017, 451567.5940000005], [109965.41200000048, 451566.80999999866], [109965.96700000018, 451568.87099999934]]]}, "properties": {"OBJECTID": 135, "ET_ID": 4885, "NWRW_TYP": "DV", "STELSEL1": "H", "AFGEKOP": 0, "AREA": 6.45487600083, "ET_Source": "P:\\336468\\Water\\Gis\\Data\\Shape\\Afvoerend oppervlak\\AO_BDGR_RW_2015.shp", "Shape_Length": 10.313015512979145, "Shape_Area": 6.454875996437088}}, {"type": "Feature", "id": 136, "geometry": {"type": "Polygon", "coordinates": [[[109907.46999999881, 451488.061999999], [109905.42000000179, 451488.6099999994], [109904.64999999851, 451485.7199999988], [109906.53799999878, 451485.20899999887], [109907.46999999881, 451488.061999999]]]}, "properties": {"OBJECTID": 136, "ET_ID": 4886, "NWRW_TYP": "DV", "STELSEL1": "H", "AFGEKOP": 0, "AREA": 6.1045880022, "ET_Source": "P:\\336468\\Water\\Gis\\Data\\Shape\\Afvoerend oppervlak\\AO_BDGR_RW_2015.shp", "Shape_Length": 10.070103012284846, "Shape_Area": 6.104587997838379}}, {"type": "Feature", "id": 137, "geometry": {"type": "Polygon", "coordinates": [[[109909.48600000143, 451487.5240000002], [109907.46999999881, 451488.061999999], [109906.53799999878, 451485.20899999887], [109908.7100000009, 451484.62000000104], [109909.48600000143, 451487.5240000002]]]}, "properties": {"OBJECTID": 137, "ET_ID": 4887, "NWRW_TYP": "DV", "STELSEL1": "H", "AFGEKOP": 0, "AREA": 6.50880799724, "ET_Source": "P:\\336468\\Water\\Gis\\Data\\Shape\\Afvoerend oppervlak\\AO_BDGR_RW_2015.shp", "Shape_Length": 10.344262426627644, "Shape_Area": 6.508808004779935}}, {"type": "Feature", "id": 138, "geometry": {"type": "Polygon", "coordinates": [[[109928.38599999994, 451509.14499999955], [109925.50200000033, 451510.08300000057], [109924.85300000012, 451508.0879999995], [109927.72399999946, 451507.13800000027], [109928.38599999994, 451509.14499999955]]]}, "properties": {"OBJECTID": 138, "ET_ID": 4888, "NWRW_TYP": "DV", "STELSEL1": "H", "AFGEKOP": 0, "AREA": 6.37666950181, "ET_Source": "P:\\336468\\Water\\Gis\\Data\\Shape\\Afvoerend oppervlak\\AO_BDGR_RW_2015.shp", "Shape_Length": 10.268068986830539, "Shape_Area": 6.376669499839499}}, {"type": "Feature", "id": 139, "geometry": {"type": "Polygon", "coordinates": [[[109931.20300000161, 451508.2280000001], [109928.38599999994, 451509.14499999955], [109927.72399999946, 451507.13800000027], [109930.53599999845, 451506.20699999854], [109931.20300000161, 451508.2280000001]]]}, "properties": {"OBJECTID": 139, "ET_ID": 4889, "NWRW_TYP": "DV", "STELSEL1": "H", "AFGEKOP": 0, "AREA": 6.2824010005, "ET_Source": "P:\\336468\\Water\\Gis\\Data\\Shape\\Afvoerend oppervlak\\AO_BDGR_RW_2015.shp", "Shape_Length": 10.166189669693194, "Shape_Area": 6.2824010039424305}}, {"type": "Feature", "id": 140, "geometry": {"type": "Polygon", "coordinates": [[[109917.5399999991, 451512.71400000155], [109914.70300000161, 451513.65300000086], [109914.04500000179, 451511.6640000008], [109916.88300000131, 451510.7250000015], [109917.5399999991, 451512.71400000155]]]}, "properties": {"OBJECTID": 140, "ET_ID": 4890, "NWRW_TYP": "DV", "STELSEL1": "H", "AFGEKOP": 0, "AREA": 6.26118000109, "ET_Source": "P:\\336468\\Water\\Gis\\Data\\Shape\\Afvoerend oppervlak\\AO_BDGR_RW_2015.shp", "Shape_Length": 10.16738230173495, "Shape_Area": 6.261179995635226}}, {"type": "Feature", "id": 141, "geometry": {"type": "Polygon", "coordinates": [[[109920.40500000119, 451511.7659999989], [109917.5399999991, 451512.71400000155], [109916.88300000131, 451510.7250000015], [109919.74700000137, 451509.77699999884], [109920.40500000119, 451511.7659999989]]]}, "properties": {"OBJECTID": 141, "ET_ID": 4891, "NWRW_TYP": "DV", "STELSEL1": "H", "AFGEKOP": 0, "AREA": 6.32080049853, "ET_Source": "P:\\336468\\Water\\Gis\\Data\\Shape\\Afvoerend oppervlak\\AO_BDGR_RW_2015.shp", "Shape_Length": 10.224303173878159, "Shape_Area": 6.320800502918557}}, {"type": "Feature", "id": 142, "geometry": {"type": "Polygon", "coordinates": [[[109920.44000000134, 451484.5399999991], [109918.49799999967, 451485.063000001], [109918.16899999976, 451484.0529999994], [109917.56799999997, 451482.20899999887], [109919.69999999925, 451481.62999999896], [109920.44000000134, 451484.5399999991]]]}, "properties": {"OBJECTID": 142, "ET_ID": 4896, "NWRW_TYP": "DV", "STELSEL1": "H", "AFGEKOP": 0, "AREA": 6.33055200469, "ET_Source": "P:\\336468\\Water\\Gis\\Data\\Shape\\Afvoerend oppervlak\\AO_BDGR_RW_2015.shp", "Shape_Length": 10.224732372420034, "Shape_Area": 6.330552004576802}}, {"type": "Feature", "id": 143, "geometry": {"type": "Polygon", "coordinates": [[[109918.16899999976, 451484.0529999994], [109918.49799999967, 451485.063000001], [109916.4299999997, 451485.62000000104], [109915.64999999851, 451482.73000000045], [109917.56799999997, 451482.20899999887], [109918.16899999976, 451484.0529999994]]]}, "properties": {"OBJECTID": 143, "ET_ID": 4897, "NWRW_TYP": "DV", "STELSEL1": "H", "AFGEKOP": 0, "AREA": 6.18490799332, "ET_Source": "P:\\336468\\Water\\Gis\\Data\\Shape\\Afvoerend oppervlak\\AO_BDGR_RW_2015.shp", "Shape_Length": 10.124312450990137, "Shape_Area": 6.184908006101668}}, {"type": "Feature", "id": 144, "geometry": {"type": "Polygon", "coordinates": [[[110026.62999999896, 451459.94299999997], [110024.54699999839, 451460.51399999857], [110023.7659999989, 451457.66899999976], [110025.84899999946, 451457.09800000116], [110026.62999999896, 451459.94299999997]]]}, "properties": {"OBJECTID": 144, "ET_ID": 4937, "NWRW_TYP": "DV", "STELSEL1": "H", "AFGEKOP": 0, "AREA": 6.37208600308, "ET_Source": "P:\\336468\\Water\\Gis\\Data\\Shape\\Afvoerend oppervlak\\AO_BDGR_RW_2015.shp", "Shape_Length": 10.220193508774026, "Shape_Area": 6.372085997744589}}, {"type": "Feature", "id": 145, "geometry": {"type": "Polygon", "coordinates": [[[110033.36300000176, 451484.48000000045], [110031.2890000008, 451485.04199999943], [110030.51799999923, 451482.1950000003], [110032.59200000018, 451481.6330000013], [110033.36300000176, 451484.48000000045]]]}, "properties": {"OBJECTID": 145, "ET_ID": 4942, "NWRW_TYP": "DV", "STELSEL1": "H", "AFGEKOP": 0, "AREA": 6.33797999998, "ET_Source": "P:\\336468\\Water\\Gis\\Data\\Shape\\Afvoerend oppervlak\\AO_BDGR_RW_2015.shp", "Shape_Length": 10.196691649313795, "Shape_Area": 6.337980001029074}}, {"type": "Feature", "id": 146, "geometry": {"type": "Polygon", "coordinates": [[[110048.6090000011, 451725.4699999988], [110045.28700000048, 451726.3759999983], [110045.05299999937, 451725.51199999824], [110044.70600000024, 451724.2289999984], [110048.02400000021, 451723.32400000095], [110048.6090000011, 451725.4699999988]]]}, "properties": {"OBJECTID": 146, "ET_ID": 4948, "NWRW_TYP": "DV", "STELSEL1": "H", "AFGEKOP": 0, "AREA": 7.65449350083, "ET_Source": "P:\\336468\\Water\\Gis\\Data\\Shape\\Afvoerend oppervlak\\AO_BDGR_RW_2015.shp", "Shape_Length": 11.33106774462317, "Shape_Area": 7.654493497555941}}, {"type": "Feature", "id": 147, "geometry": {"type": "Polygon", "coordinates": [[[110045.05299999937, 451725.51199999824], [110045.28700000048, 451726.3759999983], [110042.15799999982, 451727.2289999984], [110041.57299999893, 451725.08300000057], [110044.70600000024, 451724.2289999984], [110045.05299999937, 451725.51199999824]]]}, "properties": {"OBJECTID": 147, "ET_ID": 4949, "NWRW_TYP": "DV", "STELSEL1": "H", "AFGEKOP": 0, "AREA": 7.21807500182, "ET_Source": "P:\\336468\\Water\\Gis\\Data\\Shape\\Afvoerend oppervlak\\AO_BDGR_RW_2015.shp", "Shape_Length": 10.939022860177856, "Shape_Area": 7.218074998659269}}, {"type": "Feature", "id": 148, "geometry": {"type": "Polygon", "coordinates": [[[110054.86400000006, 451727.6490000002], [110051.65399999917, 451728.5229999982], [110051.07699999958, 451726.3720000014], [110054.27899999917, 451725.5009999983], [110054.86400000006, 451727.6490000002]]]}, "properties": {"OBJECTID": 148, "ET_ID": 4950, "NWRW_TYP": "DV", "STELSEL1": "H", "AFGEKOP": 0, "AREA": 7.39821949334, "ET_Source": "P:\\336468\\Water\\Gis\\Data\\Shape\\Afvoerend oppervlak\\AO_BDGR_RW_2015.shp", "Shape_Length": 11.0984881527382, "Shape_Area": 7.398219498969272}}, {"type": "Feature", "id": 149, "geometry": {"type": "Polygon", "coordinates": [[[110051.65399999917, 451728.5229999982], [110048.37200000137, 451729.41600000113], [110047.78700000048, 451727.2670000009], [110051.07699999958, 451726.3720000014], [110051.65399999917, 451728.5229999982]]]}, "properties": {"OBJECTID": 149, "ET_ID": 4951, "NWRW_TYP": "DV", "STELSEL1": "H", "AFGEKOP": 0, "AREA": 7.58431400576, "ET_Source": "P:\\336468\\Water\\Gis\\Data\\Shape\\Afvoerend oppervlak\\AO_BDGR_RW_2015.shp", "Shape_Length": 11.2651295632795, "Shape_Area": 7.584313992711961}}, {"type": "Feature", "id": 150, "geometry": {"type": "Polygon", "coordinates": [[[110065.25699999928, 451724.8209999986], [110062.0309999995, 451725.69900000095], [110061.44700000063, 451723.55000000075], [110064.67199999839, 451722.6719999984], [110065.25699999928, 451724.8209999986]]]}, "properties": {"OBJECTID": 150, "ET_ID": 4952, "NWRW_TYP": "DV", "STELSEL1": "H", "AFGEKOP": 0, "AREA": 7.44479050278, "ET_Source": "P:\\336468\\Water\\Gis\\Data\\Shape\\Afvoerend oppervlak\\AO_BDGR_RW_2015.shp", "Shape_Length": 11.139866680672279, "Shape_Area": 7.44479049931851}}, {"type": "Feature", "id": 151, "geometry": {"type": "Polygon", "coordinates": [[[110062.0309999995, 451725.69900000095], [110058.7650000006, 451726.5879999995], [110058.1799999997, 451724.4389999993], [110061.44700000063, 451723.55000000075], [110062.0309999995, 451725.69900000095]]]}, "properties": {"OBJECTID": 151, "ET_ID": 4953, "NWRW_TYP": "DV", "STELSEL1": "H", "AFGEKOP": 0, "AREA": 7.53932900738, "ET_Source": "P:\\336468\\Water\\Gis\\Data\\Shape\\Afvoerend oppervlak\\AO_BDGR_RW_2015.shp", "Shape_Length": 11.224766064432945, "Shape_Area": 7.539328999547198}}, {"type": "Feature", "id": 152, "geometry": {"type": "Polygon", "coordinates": [[[110059.02699999884, 451722.6240000017], [110055.74500000104, 451723.51999999955], [110055.50899999961, 451722.65300000086], [110055.16299999878, 451721.3779999986], [110058.44200000167, 451720.4820000008], [110059.02699999884, 451722.6240000017]]]}, "properties": {"OBJECTID": 152, "ET_ID": 4960, "NWRW_TYP": "DV", "STELSEL1": "H", "AFGEKOP": 0, "AREA": 7.550106006, "ET_Source": "P:\\336468\\Water\\Gis\\Data\\Shape\\Afvoerend oppervlak\\AO_BDGR_RW_2015.shp", "Shape_Length": 11.24142986603487, "Shape_Area": 7.550106003299967}}, {"type": "Feature", "id": 153, "geometry": {"type": "Polygon", "coordinates": [[[110055.50899999961, 451722.65300000086], [110055.74500000104, 451723.51999999955], [110052.53500000015, 451724.3969999999], [110051.94999999925, 451722.25499999896], [110055.16299999878, 451721.3779999986], [110055.50899999961, 451722.65300000086]]]}, "properties": {"OBJECTID": 153, "ET_ID": 4961, "NWRW_TYP": "DV", "STELSEL1": "H", "AFGEKOP": 0, "AREA": 7.39030349308, "ET_Source": "P:\\336468\\Water\\Gis\\Data\\Shape\\Afvoerend oppervlak\\AO_BDGR_RW_2015.shp", "Shape_Length": 11.098293885732254, "Shape_Area": 7.390303503949583}}, {"type": "Feature", "id": 154, "geometry": {"type": "Polygon", "coordinates": [[[110069.4450000003, 451719.77899999917], [110067.2349999994, 451720.3830000013], [110066.15500000119, 451720.6779999994], [110066.05900000036, 451720.3220000006], [110065.57499999925, 451718.53400000185], [110068.86100000143, 451717.63699999824], [110069.4450000003, 451719.77899999917]]]}, "properties": {"OBJECTID": 154, "ET_ID": 4962, "NWRW_TYP": "DV", "STELSEL1": "H", "AFGEKOP": 0, "AREA": 7.5686769984, "ET_Source": "P:\\336468\\Water\\Gis\\Data\\Shape\\Afvoerend oppervlak\\AO_BDGR_RW_2015.shp", "Shape_Length": 11.25809748597706, "Shape_Area": 7.568677003718123}}, {"type": "Feature", "id": 155, "geometry": {"type": "Polygon", "coordinates": [[[110066.05900000036, 451720.3220000006], [110066.15500000119, 451720.6779999994], [110062.96299999952, 451721.55000000075], [110062.37799999863, 451719.4070000015], [110065.57499999925, 451718.53400000185], [110066.05900000036, 451720.3220000006]]]}, "properties": {"OBJECTID": 155, "ET_ID": 4963, "NWRW_TYP": "DV", "STELSEL1": "H", "AFGEKOP": 0, "AREA": 7.3559699975, "ET_Source": "P:\\336468\\Water\\Gis\\Data\\Shape\\Afvoerend oppervlak\\AO_BDGR_RW_2015.shp", "Shape_Length": 11.065495557774826, "Shape_Area": 7.355969998015761}}, {"type": "Feature", "id": 156, "geometry": {"type": "Polygon", "coordinates": [[[110057.72800000012, 451627.14400000125], [110051.93899999931, 451628.6939999983], [110051.15900000185, 451625.7980000004], [110056.94900000095, 451624.2470000014], [110057.72800000012, 451627.14400000125]]]}, "properties": {"OBJECTID": 156, "ET_ID": 4964, "NWRW_TYP": "DV", "STELSEL1": "H", "AFGEKOP": 0, "AREA": 17.9779014989, "ET_Source": "P:\\336468\\Water\\Gis\\Data\\Shape\\Afvoerend oppervlak\\AO_BDGR_RW_2015.shp", "Shape_Length": 17.986164008386368, "Shape_Area": 17.977901489169955}}, {"type": "Feature", "id": 157, "geometry": {"type": "Polygon", "coordinates": [[[110058.52100000158, 451630.0949999988], [110052.73000000045, 451631.62999999896], [110051.93899999931, 451628.6939999983], [110057.72800000012, 451627.14400000125], [110058.52100000158, 451630.0949999988]]]}, "properties": {"OBJECTID": 157, "ET_ID": 4965, "NWRW_TYP": "DV", "STELSEL1": "H", "AFGEKOP": 0, "AREA": 18.26452500254, "ET_Source": "P:\\336468\\Water\\Gis\\Data\\Shape\\Afvoerend oppervlak\\AO_BDGR_RW_2015.shp", "Shape_Length": 18.080277967603887, "Shape_Area": 18.26452499863915}}, {"type": "Feature", "id": 158, "geometry": {"type": "Polygon", "coordinates": [[[110056.94900000095, 451624.2470000014], [110051.15900000185, 451625.7980000004], [110050.37799999863, 451622.90300000086], [110056.17000000179, 451621.3500000015], [110056.94900000095, 451624.2470000014]]]}, "properties": {"OBJECTID": 158, "ET_ID": 4966, "NWRW_TYP": "DV", "STELSEL1": "H", "AFGEKOP": 0, "AREA": 17.98129599459, "ET_Source": "P:\\336468\\Water\\Gis\\Data\\Shape\\Afvoerend oppervlak\\AO_BDGR_RW_2015.shp", "Shape_Length": 17.98913295815234, "Shape_Area": 17.98129600287424}}, {"type": "Feature", "id": 159, "geometry": {"type": "Polygon", "coordinates": [[[110053.84499999881, 451612.7010000013], [110054.61199999973, 451615.5560000017], [110048.81799999997, 451617.11199999973], [110048.01999999955, 451614.1499999985], [110053.8200000003, 451612.6099999994], [110053.84499999881, 451612.7010000013]]]}, "properties": {"OBJECTID": 159, "ET_ID": 4967, "NWRW_TYP": "DV", "STELSEL1": "H", "AFGEKOP": 0, "AREA": 18.35578698381, "ET_Source": "P:\\336468\\Water\\Gis\\Data\\Shape\\Afvoerend oppervlak\\AO_BDGR_RW_2015.shp", "Shape_Length": 18.118481652057437, "Shape_Area": 18.3557870068797}}, {"type": "Feature", "id": 160, "geometry": {"type": "Polygon", "coordinates": [[[110055.3909999989, 451618.4530000016], [110049.59800000116, 451620.0069999993], [110048.81799999997, 451617.11199999973], [110054.61199999973, 451615.5560000017], [110055.3909999989, 451618.4530000016]]]}, "properties": {"OBJECTID": 160, "ET_ID": 4968, "NWRW_TYP": "DV", "STELSEL1": "H", "AFGEKOP": 0, "AREA": 17.99009851386, "ET_Source": "P:\\336468\\Water\\Gis\\Data\\Shape\\Afvoerend oppervlak\\AO_BDGR_RW_2015.shp", "Shape_Length": 17.995256287005894, "Shape_Area": 17.99009849332863}}, {"type": "Feature", "id": 161, "geometry": {"type": "Polygon", "coordinates": [[[110056.17000000179, 451621.3500000015], [110050.37799999863, 451622.90300000086], [110049.59800000116, 451620.0069999993], [110055.3909999989, 451618.4530000016], [110056.17000000179, 451621.3500000015]]]}, "properties": {"OBJECTID": 161, "ET_ID": 4969, "NWRW_TYP": "DV", "STELSEL1": "H", "AFGEKOP": 0, "AREA": 17.98892949531, "ET_Source": "P:\\336468\\Water\\Gis\\Data\\Shape\\Afvoerend oppervlak\\AO_BDGR_RW_2015.shp", "Shape_Length": 17.99351269253853, "Shape_Area": 17.988929504652127}}, {"type": "Feature", "id": 162, "geometry": {"type": "Polygon", "coordinates": [[[110016.20399999991, 451462.8029999994], [110014.13100000098, 451463.3720000014], [110013.35099999979, 451460.52800000086], [110015.42399999872, 451459.95899999887], [110016.20399999991, 451462.8029999994]]]}, "properties": {"OBJECTID": 162, "ET_ID": 4972, "NWRW_TYP": "DV", "STELSEL1": "H", "AFGEKOP": 0, "AREA": 6.33943200157, "ET_Source": "P:\\336468\\Water\\Gis\\Data\\Shape\\Afvoerend oppervlak\\AO_BDGR_RW_2015.shp", "Shape_Length": 10.197389914676055, "Shape_Area": 6.339432000234753}}, {"type": "Feature", "id": 163, "geometry": {"type": "Polygon", "coordinates": [[[110045.92700000107, 451614.8040000014], [110042.96400000155, 451615.61499999836], [110041.34200000018, 451609.6270000003], [110044.27899999917, 451608.82499999925], [110045.92700000107, 451614.8040000014]]]}, "properties": {"OBJECTID": 163, "ET_ID": 4973, "NWRW_TYP": "DV", "STELSEL1": "H", "AFGEKOP": 0, "AREA": 18.96995250516, "ET_Source": "P:\\336468\\Water\\Gis\\Data\\Shape\\Afvoerend oppervlak\\AO_BDGR_RW_2015.shp", "Shape_Length": 18.522270771918823, "Shape_Area": 18.969952495519667}}, {"type": "Feature", "id": 164, "geometry": {"type": "Polygon", "coordinates": [[[110022.9450000003, 451487.3020000011], [110020.87099999934, 451487.86300000176], [110020.10000000149, 451485.0170000009], [110022.17399999872, 451484.45600000024], [110022.9450000003, 451487.3020000011]]]}, "properties": {"OBJECTID": 164, "ET_ID": 4977, "NWRW_TYP": "DV", "STELSEL1": "H", "AFGEKOP": 0, "AREA": 6.33513499951, "ET_Source": "P:\\336468\\Water\\Gis\\Data\\Shape\\Afvoerend oppervlak\\AO_BDGR_RW_2015.shp", "Shape_Length": 10.19423855837857, "Shape_Area": 6.335134999513402}}, {"type": "Feature", "id": 165, "geometry": {"type": "Polygon", "coordinates": [[[109943.04699999839, 451561.33199999854], [109940.19900000095, 451562.2749999985], [109939.5700000003, 451560.3740000017], [109942.41800000146, 451559.4310000017], [109943.04699999839, 451561.33199999854]]]}, "properties": {"OBJECTID": 165, "ET_ID": 4980, "NWRW_TYP": "DV", "STELSEL1": "H", "AFGEKOP": 0, "AREA": 6.00719500434, "ET_Source": "P:\\336468\\Water\\Gis\\Data\\Shape\\Afvoerend oppervlak\\AO_BDGR_RW_2015.shp", "Shape_Length": 10.004835874654475, "Shape_Area": 6.007194988429845}}, {"type": "Feature", "id": 166, "geometry": {"type": "Polygon", "coordinates": [[[109940.19900000095, 451562.2749999985], [109937.35399999842, 451563.2270000018], [109936.72100000083, 451561.31700000167], [109939.5700000003, 451560.3740000017], [109940.19900000095, 451562.2749999985]]]}, "properties": {"OBJECTID": 166, "ET_ID": 4981, "NWRW_TYP": "DV", "STELSEL1": "H", "AFGEKOP": 0, "AREA": 6.02283100012, "ET_Source": "P:\\336468\\Water\\Gis\\Data\\Shape\\Afvoerend oppervlak\\AO_BDGR_RW_2015.shp", "Shape_Length": 10.015582386798119, "Shape_Area": 6.022830997776479}}, {"type": "Feature", "id": 167, "geometry": {"type": "Polygon", "coordinates": [[[109944.16099999845, 451564.63699999824], [109941.31500000134, 451565.5850000009], [109940.68499999866, 451563.6939999983], [109943.5309999995, 451562.74599999934], [109944.16099999845, 451564.63699999824]]]}, "properties": {"OBJECTID": 167, "ET_ID": 4982, "NWRW_TYP": "DV", "STELSEL1": "H", "AFGEKOP": 0, "AREA": 5.97902599677, "ET_Source": "P:\\336468\\Water\\Gis\\Data\\Shape\\Afvoerend oppervlak\\AO_BDGR_RW_2015.shp", "Shape_Length": 9.98584057930403, "Shape_Area": 5.979026001493052}}, {"type": "Feature", "id": 168, "geometry": {"type": "Polygon", "coordinates": [[[109941.31500000134, 451565.5850000009], [109938.44999999925, 451566.5399999991], [109937.82299999893, 451564.6579999998], [109940.68499999866, 451563.6939999983], [109941.31500000134, 451565.5850000009]]]}, "properties": {"OBJECTID": 168, "ET_ID": 4983, "NWRW_TYP": "DV", "STELSEL1": "H", "AFGEKOP": 0, "AREA": 6.00503850051, "ET_Source": "P:\\336468\\Water\\Gis\\Data\\Shape\\Afvoerend oppervlak\\AO_BDGR_RW_2015.shp", "Shape_Length": 10.016845671803454, "Shape_Area": 6.005038505814761}}, {"type": "Feature", "id": 169, "geometry": {"type": "Polygon", "coordinates": [[[109929.05099999905, 451566.7659999989], [109926.20300000161, 451567.70800000057], [109925.96200000122, 451566.9789999984], [109925.57499999925, 451565.80900000036], [109928.42300000042, 451564.8669999987], [109929.05099999905, 451566.7659999989]]]}, "properties": {"OBJECTID": 169, "ET_ID": 4991, "NWRW_TYP": "DV", "STELSEL1": "H", "AFGEKOP": 0, "AREA": 5.99985149982, "ET_Source": "P:\\336468\\Water\\Gis\\Data\\Shape\\Afvoerend oppervlak\\AO_BDGR_RW_2015.shp", "Shape_Length": 9.999781807514031, "Shape_Area": 5.999851499636531}}, {"type": "Feature", "id": 170, "geometry": {"type": "Polygon", "coordinates": [[[109929.6790000014, 451568.6629999988], [109926.83100000024, 451569.60500000045], [109926.43299999833, 451568.40300000086], [109926.20300000161, 451567.70800000057], [109929.05099999905, 451566.7659999989], [109929.6790000014, 451568.6629999988]]]}, "properties": {"OBJECTID": 170, "ET_ID": 4992, "NWRW_TYP": "DV", "STELSEL1": "H", "AFGEKOP": 0, "AREA": 5.99430699849, "ET_Source": "P:\\336468\\Water\\Gis\\Data\\Shape\\Afvoerend oppervlak\\AO_BDGR_RW_2015.shp", "Shape_Length": 9.995984281815662, "Shape_Area": 5.9943070025835485}}, {"type": "Feature", "id": 171, "geometry": {"type": "Polygon", "coordinates": [[[109931.65100000054, 451565.1000000015], [109931.8909999989, 451565.8260000013], [109929.05099999905, 451566.7659999989], [109928.42300000042, 451564.8669999987], [109931.26300000027, 451563.9270000011], [109931.65100000054, 451565.1000000015]]]}, "properties": {"OBJECTID": 171, "ET_ID": 4993, "NWRW_TYP": "DV", "STELSEL1": "H", "AFGEKOP": 0, "AREA": 5.98356400215, "ET_Source": "P:\\336468\\Water\\Gis\\Data\\Shape\\Afvoerend oppervlak\\AO_BDGR_RW_2015.shp", "Shape_Length": 9.983335198705316, "Shape_Area": 5.983563998491749}}, {"type": "Feature", "id": 172, "geometry": {"type": "Polygon", "coordinates": [[[109932.12299999967, 451566.52699999884], [109932.51900000125, 451567.72300000116], [109929.6790000014, 451568.6629999988], [109929.05099999905, 451566.7659999989], [109931.8909999989, 451565.8260000013], [109932.12299999967, 451566.52699999884]]]}, "properties": {"OBJECTID": 172, "ET_ID": 4994, "NWRW_TYP": "DV", "STELSEL1": "H", "AFGEKOP": 0, "AREA": 5.9777379962, "ET_Source": "P:\\336468\\Water\\Gis\\Data\\Shape\\Afvoerend oppervlak\\AO_BDGR_RW_2015.shp", "Shape_Length": 9.979537672125094, "Shape_Area": 5.977738000757888}}, {"type": "Feature", "id": 173, "geometry": {"type": "Polygon", "coordinates": [[[109968.73800000176, 451676.3229999989], [109968.75299999863, 451676.3759999983], [109965.6799999997, 451677.2129999995], [109965.10099999979, 451675.09600000083], [109968.17599999905, 451674.2580000013], [109968.73800000176, 451676.3229999989]]]}, "properties": {"OBJECTID": 173, "ET_ID": 5000, "NWRW_TYP": "DV", "STELSEL1": "H", "AFGEKOP": 0, "AREA": 6.99267550995, "ET_Source": "P:\\336468\\Water\\Gis\\Data\\Shape\\Afvoerend oppervlak\\AO_BDGR_RW_2015.shp", "Shape_Length": 10.762031744160561, "Shape_Area": 6.992675494581357}}, {"type": "Feature", "id": 174, "geometry": {"type": "Polygon", "coordinates": [[[109971.73800000176, 451675.563000001], [109968.75299999863, 451676.3759999983], [109968.73800000176, 451676.3229999989], [109968.17599999905, 451674.2580000013], [109971.15399999917, 451673.4459999986], [109971.73800000176, 451675.563000001]]]}, "properties": {"OBJECTID": 174, "ET_ID": 5001, "NWRW_TYP": "DV", "STELSEL1": "H", "AFGEKOP": 0, "AREA": 6.78557699881, "ET_Source": "P:\\336468\\Water\\Gis\\Data\\Shape\\Afvoerend oppervlak\\AO_BDGR_RW_2015.shp", "Shape_Length": 10.57171887926496, "Shape_Area": 6.785577000289738}}, {"type": "Feature", "id": 175, "geometry": {"type": "Polygon", "coordinates": [[[109969.39900000021, 451678.7509999983], [109969.73000000045, 451679.96499999985], [109966.66000000015, 451680.7989999987], [109966.07999999821, 451678.6770000011], [109969.15100000054, 451677.84099999815], [109969.39900000021, 451678.7509999983]]]}, "properties": {"OBJECTID": 175, "ET_ID": 5002, "NWRW_TYP": "DV", "STELSEL1": "H", "AFGEKOP": 0, "AREA": 7.00248499696, "ET_Source": "P:\\336468\\Water\\Gis\\Data\\Shape\\Afvoerend oppervlak\\AO_BDGR_RW_2015.shp", "Shape_Length": 10.76536323319193, "Shape_Area": 7.002485002926886}}, {"type": "Feature", "id": 176, "geometry": {"type": "Polygon", "coordinates": [[[109972.72899999842, 451679.1499999985], [109969.73000000045, 451679.96499999985], [109969.39900000021, 451678.7509999983], [109969.15100000054, 451677.84099999815], [109972.14200000092, 451677.02600000054], [109972.72899999842, 451679.1499999985]]]}, "properties": {"OBJECTID": 176, "ET_ID": 5003, "NWRW_TYP": "DV", "STELSEL1": "H", "AFGEKOP": 0, "AREA": 6.83659400248, "ET_Source": "P:\\336468\\Water\\Gis\\Data\\Shape\\Afvoerend oppervlak\\AO_BDGR_RW_2015.shp", "Shape_Length": 10.612942242032005, "Shape_Area": 6.836593996547669}}, {"type": "Feature", "id": 177, "geometry": {"type": "Polygon", "coordinates": [[[109961.92500000075, 451678.23600000143], [109958.89999999851, 451679.05999999866], [109958.32400000095, 451676.94299999997], [109961.34800000116, 451676.118999999], [109961.92500000075, 451678.23600000143]]]}, "properties": {"OBJECTID": 177, "ET_ID": 5004, "NWRW_TYP": "DV", "STELSEL1": "H", "AFGEKOP": 0, "AREA": 6.87790250014, "ET_Source": "P:\\336468\\Water\\Gis\\Data\\Shape\\Afvoerend oppervlak\\AO_BDGR_RW_2015.shp", "Shape_Length": 10.65765887906325, "Shape_Area": 6.877902502551526}}, {"type": "Feature", "id": 178, "geometry": {"type": "Polygon", "coordinates": [[[109958.89999999851, 451679.05999999866], [109955.84699999914, 451679.8909999989], [109955.2659999989, 451677.77699999884], [109958.32400000095, 451676.94299999997], [109958.89999999851, 451679.05999999866]]]}, "properties": {"OBJECTID": 178, "ET_ID": 5005, "NWRW_TYP": "DV", "STELSEL1": "H", "AFGEKOP": 0, "AREA": 6.9455115028, "ET_Source": "P:\\336468\\Water\\Gis\\Data\\Shape\\Afvoerend oppervlak\\AO_BDGR_RW_2015.shp", "Shape_Length": 10.720109758162446, "Shape_Area": 6.9455114984242465}}, {"type": "Feature", "id": 179, "geometry": {"type": "Polygon", "coordinates": [[[109962.90199999884, 451681.8200000003], [109959.87700000033, 451682.6420000009], [109959.29899999872, 451680.5240000002], [109962.32400000095, 451679.69999999925], [109962.90199999884, 451681.8200000003]]]}, "properties": {"OBJECTID": 179, "ET_ID": 5006, "NWRW_TYP": "DV", "STELSEL1": "H", "AFGEKOP": 0, "AREA": 6.88566899699, "ET_Source": "P:\\336468\\Water\\Gis\\Data\\Shape\\Afvoerend oppervlak\\AO_BDGR_RW_2015.shp", "Shape_Length": 10.662746686252033, "Shape_Area": 6.885669003696874}}, {"type": "Feature", "id": 180, "geometry": {"type": "Polygon", "coordinates": [[[109959.87700000033, 451682.6420000009], [109956.83199999854, 451683.4699999988], [109956.25, 451681.35500000045], [109959.29899999872, 451680.5240000002], [109959.87700000033, 451682.6420000009]]]}, "properties": {"OBJECTID": 180, "ET_ID": 5007, "NWRW_TYP": "DV", "STELSEL1": "H", "AFGEKOP": 0, "AREA": 6.9300855054, "ET_Source": "P:\\336468\\Water\\Gis\\Data\\Shape\\Afvoerend oppervlak\\AO_BDGR_RW_2015.shp", "Shape_Length": 10.70485060498493, "Shape_Area": 6.930085498645946}}, {"type": "Feature", "id": 181, "geometry": {"type": "Polygon", "coordinates": [[[109573.53799999878, 451833.77699999884], [109570.88699999824, 451834.5089999996], [109569.9609999992, 451831.1550000012], [109572.61300000176, 451830.4279999994], [109573.53799999878, 451833.77699999884]]]}, "properties": {"OBJECTID": 181, "ET_ID": 5040, "NWRW_TYP": "DV", "STELSEL1": "H", "AFGEKOP": 0, "AREA": 9.56165449382, "ET_Source": "P:\\336468\\Water\\Gis\\Data\\Shape\\Afvoerend oppervlak\\AO_BDGR_RW_2015.shp", "Shape_Length": 12.453924242941621, "Shape_Area": 9.561654502153576}}, {"type": "Feature", "id": 182, "geometry": {"type": "Polygon", "coordinates": [[[109572.61300000176, 451830.4279999994], [109569.9609999992, 451831.1550000012], [109569.11100000143, 451828.07400000095], [109571.75800000131, 451827.3299999982], [109572.61300000176, 451830.4279999994]]]}, "properties": {"OBJECTID": 182, "ET_ID": 5041, "NWRW_TYP": "DV", "STELSEL1": "H", "AFGEKOP": 0, "AREA": 8.81264399936, "ET_Source": "P:\\336468\\Water\\Gis\\Data\\Shape\\Afvoerend oppervlak\\AO_BDGR_RW_2015.shp", "Shape_Length": 11.909333499606849, "Shape_Area": 8.812644006916642}}, {"type": "Feature", "id": 183, "geometry": {"type": "Polygon", "coordinates": [[[109576.24500000104, 451843.58999999985], [109573.59099999815, 451844.3110000007], [109572.69000000134, 451840.993999999], [109575.34299999848, 451840.2679999992], [109576.24500000104, 451843.58999999985]]]}, "properties": {"OBJECTID": 183, "ET_ID": 5042, "NWRW_TYP": "DV", "STELSEL1": "H", "AFGEKOP": 0, "AREA": 9.46052849326, "ET_Source": "P:\\336468\\Water\\Gis\\Data\\Shape\\Afvoerend oppervlak\\AO_BDGR_RW_2015.shp", "Shape_Length": 12.380206496433694, "Shape_Area": 9.460528503149762}}, {"type": "Feature", "id": 184, "geometry": {"type": "Polygon", "coordinates": [[[109575.34299999848, 451840.2679999992], [109572.69000000134, 451840.993999999], [109571.84699999914, 451837.8900000006], [109574.49300000072, 451837.13899999857], [109575.34299999848, 451840.2679999992]]]}, "properties": {"OBJECTID": 184, "ET_ID": 5043, "NWRW_TYP": "DV", "STELSEL1": "H", "AFGEKOP": 0, "AREA": 8.8823070009, "ET_Source": "P:\\336468\\Water\\Gis\\Data\\Shape\\Afvoerend oppervlak\\AO_BDGR_RW_2015.shp", "Shape_Length": 11.959888914699292, "Shape_Area": 8.882306997537642}}, {"type": "Feature", "id": 185, "geometry": {"type": "Polygon", "coordinates": [[[109578.98900000006, 451853.41899999976], [109576.33999999985, 451854.15900000185], [109575.47800000012, 451851.0760000013], [109578.125, 451850.3289999999], [109578.98900000006, 451853.41899999976]]]}, "properties": {"OBJECTID": 185, "ET_ID": 5044, "NWRW_TYP": "DV", "STELSEL1": "H", "AFGEKOP": 0, "AREA": 8.8146925021, "ET_Source": "P:\\336468\\Water\\Gis\\Data\\Shape\\Afvoerend oppervlak\\AO_BDGR_RW_2015.shp", "Shape_Length": 11.910561973062586, "Shape_Area": 8.814692502104565}}, {"type": "Feature", "id": 186, "geometry": {"type": "Polygon", "coordinates": [[[109578.125, 451850.3289999999], [109575.47800000012, 451851.0760000013], [109574.54399999976, 451847.7320000008], [109577.19299999997, 451846.993999999], [109578.125, 451850.3289999999]]]}, "properties": {"OBJECTID": 186, "ET_ID": 5045, "NWRW_TYP": "DV", "STELSEL1": "H", "AFGEKOP": 0, "AREA": 9.53574849694, "ET_Source": "P:\\336468\\Water\\Gis\\Data\\Shape\\Afvoerend oppervlak\\AO_BDGR_RW_2015.shp", "Shape_Length": 12.435033254124834, "Shape_Area": 9.535748503607453}}, {"type": "Feature", "id": 187, "geometry": {"type": "Polygon", "coordinates": [[[109567.16600000113, 451810.81500000134], [109564.50699999928, 451811.5529999994], [109563.59899999946, 451808.2829999998], [109566.27699999884, 451807.61300000176], [109567.16600000113, 451810.81500000134]]]}, "properties": {"OBJECTID": 187, "ET_ID": 5052, "NWRW_TYP": "DV", "STELSEL1": "H", "AFGEKOP": 0, "AREA": 9.26780999912, "ET_Source": "P:\\336468\\Water\\Gis\\Data\\Shape\\Afvoerend oppervlak\\AO_BDGR_RW_2015.shp", "Shape_Length": 12.236899859829116, "Shape_Area": 9.267809999814778}}, {"type": "Feature", "id": 188, "geometry": {"type": "Polygon", "coordinates": [[[109566.27699999884, 451807.61300000176], [109563.59899999946, 451808.2829999998], [109562.72500000149, 451805.13699999824], [109565.38300000131, 451804.39499999955], [109566.27699999884, 451807.61300000176]]]}, "properties": {"OBJECTID": 188, "ET_ID": 5053, "NWRW_TYP": "DV", "STELSEL1": "H", "AFGEKOP": 0, "AREA": 9.11367999344, "ET_Source": "P:\\336468\\Water\\Gis\\Data\\Shape\\Afvoerend oppervlak\\AO_BDGR_RW_2015.shp", "Shape_Length": 12.125187471303622, "Shape_Area": 9.113680000744463}}, {"type": "Feature", "id": 189, "geometry": {"type": "Polygon", "coordinates": [[[109561.67300000042, 451791.1180000007], [109559.01199999824, 451791.84600000083], [109558.09600000083, 451788.4979999997], [109560.77499999851, 451787.83399999887], [109561.67300000042, 451791.1180000007]]]}, "properties": {"OBJECTID": 189, "ET_ID": 5055, "NWRW_TYP": "DV", "STELSEL1": "H", "AFGEKOP": 0, "AREA": 9.48499199729, "ET_Source": "P:\\336468\\Water\\Gis\\Data\\Shape\\Afvoerend oppervlak\\AO_BDGR_RW_2015.shp", "Shape_Length": 12.394458458808739, "Shape_Area": 9.484992003951772}}, {"type": "Feature", "id": 190, "geometry": {"type": "Polygon", "coordinates": [[[109560.77499999851, 451787.83399999887], [109558.09600000083, 451788.4979999997], [109557.26300000027, 451785.4549999982], [109559.94000000134, 451784.7829999998], [109560.77499999851, 451787.83399999887]]]}, "properties": {"OBJECTID": 190, "ET_ID": 5056, "NWRW_TYP": "DV", "STELSEL1": "H", "AFGEKOP": 0, "AREA": 8.7169780046, "ET_Source": "P:\\336468\\Water\\Gis\\Data\\Shape\\Afvoerend oppervlak\\AO_BDGR_RW_2015.shp", "Shape_Length": 11.838270964675987, "Shape_Area": 8.716977997679383}}, {"type": "Feature", "id": 191, "geometry": {"type": "Polygon", "coordinates": [[[109564.41899999976, 451800.9459999986], [109561.75899999961, 451801.6790000014], [109560.86199999973, 451798.42599999905], [109563.51900000125, 451797.6790000014], [109564.41899999976, 451800.9459999986]]]}, "properties": {"OBJECTID": 191, "ET_ID": 5057, "NWRW_TYP": "DV", "STELSEL1": "H", "AFGEKOP": 0, "AREA": 9.33160000173, "ET_Source": "P:\\336468\\Water\\Gis\\Data\\Shape\\Afvoerend oppervlak\\AO_BDGR_RW_2015.shp", "Shape_Length": 12.282263445505789, "Shape_Area": 9.331600001731514}}, {"type": "Feature", "id": 192, "geometry": {"type": "Polygon", "coordinates": [[[109563.51900000125, 451797.6790000014], [109560.86199999973, 451798.42599999905], [109559.99300000072, 451795.2710000016], [109562.64600000158, 451794.51099999994], [109563.51900000125, 451797.6790000014]]]}, "properties": {"OBJECTID": 192, "ET_ID": 5058, "NWRW_TYP": "DV", "STELSEL1": "H", "AFGEKOP": 0, "AREA": 9.05008100811, "ET_Source": "P:\\336468\\Water\\Gis\\Data\\Shape\\Afvoerend oppervlak\\AO_BDGR_RW_2015.shp", "Shape_Length": 12.078296287268012, "Shape_Area": 9.050081001539022}}, {"type": "Feature", "id": 193, "geometry": {"type": "Polygon", "coordinates": [[[109952.08900000155, 451680.9140000008], [109949.00699999928, 451681.7430000007], [109948.43299999833, 451679.63899999857], [109951.51300000027, 451678.80000000075], [109952.08900000155, 451680.9140000008]]]}, "properties": {"OBJECTID": 193, "ET_ID": 5061, "NWRW_TYP": "DV", "STELSEL1": "H", "AFGEKOP": 0, "AREA": 6.97737899558, "ET_Source": "P:\\336468\\Water\\Gis\\Data\\Shape\\Afvoerend oppervlak\\AO_BDGR_RW_2015.shp", "Shape_Length": 10.755732973409206, "Shape_Area": 6.977379008109406}}, {"type": "Feature", "id": 194, "geometry": {"type": "Polygon", "coordinates": [[[109953.06500000134, 451684.4930000007], [109949.98200000077, 451685.33100000024], [109949.40799999982, 451683.2170000002], [109952.48900000006, 451682.37999999896], [109953.06500000134, 451684.4930000007]]]}, "properties": {"OBJECTID": 194, "ET_ID": 5062, "NWRW_TYP": "DV", "STELSEL1": "H", "AFGEKOP": 0, "AREA": 6.99536949799, "ET_Source": "P:\\336468\\Water\\Gis\\Data\\Shape\\Afvoerend oppervlak\\AO_BDGR_RW_2015.shp", "Shape_Length": 10.76817165168633, "Shape_Area": 6.995369504801959}}, {"type": "Feature", "id": 195, "geometry": {"type": "Polygon", "coordinates": [[[109623.70499999821, 451912.0379999988], [109620.49599999934, 451913], [109619.63399999961, 451910.1270000003], [109619.7100000009, 451910.1039999984], [109621.24300000072, 451909.64400000125], [109622.84299999848, 451909.1649999991], [109623.70499999821, 451912.0379999988]]]}, "properties": {"OBJECTID": 195, "ET_ID": 5064, "NWRW_TYP": "DV", "STELSEL1": "H", "AFGEKOP": 0, "AREA": 10.04989499932, "ET_Source": "P:\\336468\\Water\\Gis\\Data\\Shape\\Afvoerend oppervlak\\AO_BDGR_RW_2015.shp", "Shape_Length": 12.69924459647966, "Shape_Area": 10.049894994493128}}, {"type": "Feature", "id": 196, "geometry": {"type": "Polygon", "coordinates": [[[109568.28500000015, 451671.0029999986], [109561.73900000006, 451672.7989999987], [109561.48600000143, 451672.8680000007], [109560.28599999845, 451668.5309999995], [109567.08999999985, 451666.6640000008], [109568.28500000015, 451671.0029999986]]]}, "properties": {"OBJECTID": 196, "ET_ID": 5065, "NWRW_TYP": "DV", "STELSEL1": "H", "AFGEKOP": 0, "AREA": 31.74079899342, "ET_Source": "P:\\336468\\Water\\Gis\\Data\\Shape\\Afvoerend oppervlak\\AO_BDGR_RW_2015.shp", "Shape_Length": 23.106154459074425, "Shape_Area": 31.740798992779688}}, {"type": "Feature", "id": 197, "geometry": {"type": "Polygon", "coordinates": [[[109567.08999999985, 451666.6640000008], [109560.28599999845, 451668.5309999995], [109559.0859999992, 451664.1939999983], [109559.33900000155, 451664.125], [109565.89600000158, 451662.32499999925], [109567.08999999985, 451666.6640000008]]]}, "properties": {"OBJECTID": 197, "ET_ID": 5066, "NWRW_TYP": "DV", "STELSEL1": "H", "AFGEKOP": 0, "AREA": 31.76327849551, "ET_Source": "P:\\336468\\Water\\Gis\\Data\\Shape\\Afvoerend oppervlak\\AO_BDGR_RW_2015.shp", "Shape_Length": 23.117555438987306, "Shape_Area": 31.763278506079704}}, {"type": "Feature", "id": 198, "geometry": {"type": "Polygon", "coordinates": [[[109573.20300000161, 451688.8669999987], [109566.42799999937, 451690.7250000015], [109565.22800000012, 451686.38800000027], [109565.48099999875, 451686.3189999983], [109572.00800000131, 451684.52800000086], [109573.20300000161, 451688.8669999987]]]}, "properties": {"OBJECTID": 198, "ET_ID": 5067, "NWRW_TYP": "DV", "STELSEL1": "H", "AFGEKOP": 0, "AREA": 31.62556750295, "ET_Source": "P:\\336468\\Water\\Gis\\Data\\Shape\\Afvoerend oppervlak\\AO_BDGR_RW_2015.shp", "Shape_Length": 23.05616092112432, "Shape_Area": 31.6255675132674}}, {"type": "Feature", "id": 199, "geometry": {"type": "Polygon", "coordinates": [[[109574.39699999988, 451693.2049999982], [109567.62900000066, 451695.061999999], [109566.42799999937, 451690.7250000015], [109573.20300000161, 451688.8669999987], [109574.39699999988, 451693.2049999982]]]}, "properties": {"OBJECTID": 199, "ET_ID": 5068, "NWRW_TYP": "DV", "STELSEL1": "H", "AFGEKOP": 0, "AREA": 31.59573749365, "ET_Source": "P:\\336468\\Water\\Gis\\Data\\Shape\\Afvoerend oppervlak\\AO_BDGR_RW_2015.shp", "Shape_Length": 23.04283170705976, "Shape_Area": 31.595737494802847}}, {"type": "Feature", "id": 200, "geometry": {"type": "Polygon", "coordinates": [[[109556.11499999836, 451626.7969999984], [109549.55900000036, 451628.6020000018], [109549.25899999961, 451628.68499999866], [109548.13800000027, 451624.63699999824], [109555, 451622.7479999997], [109556.11499999836, 451626.7969999984]]]}, "properties": {"OBJECTID": 200, "ET_ID": 5069, "NWRW_TYP": "DV", "STELSEL1": "H", "AFGEKOP": 0, "AREA": 29.87868051576, "ET_Source": "P:\\336468\\Water\\Gis\\Data\\Shape\\Afvoerend oppervlak\\AO_BDGR_RW_2015.shp", "Shape_Length": 22.628534486847144, "Shape_Area": 29.87868050276746}}, {"type": "Feature", "id": 201, "geometry": {"type": "Polygon", "coordinates": [[[109554.01099999994, 451761.1700000018], [109550.88399999961, 451762.01900000125], [109549.97899999842, 451758.69299999997], [109550.18400000036, 451758.63500000164], [109553.10799999908, 451757.8429999985], [109554.01099999994, 451761.1700000018]]]}, "properties": {"OBJECTID": 201, "ET_ID": 5070, "NWRW_TYP": "DV", "STELSEL1": "H", "AFGEKOP": 0, "AREA": 11.17685599784, "ET_Source": "P:\\336468\\Water\\Gis\\Data\\Shape\\Afvoerend oppervlak\\AO_BDGR_RW_2015.shp", "Shape_Length": 13.376908292239454, "Shape_Area": 11.176856006550283}}, {"type": "Feature", "id": 202, "geometry": {"type": "Polygon", "coordinates": [[[109554.45699999854, 451762.8110000007], [109551.47399999946, 451763.62000000104], [109551.32999999821, 451763.65900000185], [109550.88399999961, 451762.01900000125], [109554.01099999994, 451761.1700000018], [109554.45699999854, 451762.8110000007]]]}, "properties": {"OBJECTID": 202, "ET_ID": 5071, "NWRW_TYP": "DV", "STELSEL1": "H", "AFGEKOP": 0, "AREA": 5.50835400121, "ET_Source": "P:\\336468\\Water\\Gis\\Data\\Shape\\Afvoerend oppervlak\\AO_BDGR_RW_2015.shp", "Shape_Length": 9.880240532792616, "Shape_Area": 5.508353998046651}}, {"type": "Feature", "id": 203, "geometry": {"type": "Polygon", "coordinates": [[[109551.3049999997, 451751.1959999986], [109548.17300000042, 451752.0460000001], [109547.75, 451750.4919999987], [109547.87900000066, 451750.45699999854], [109550.88300000131, 451749.6420000009], [109551.3049999997, 451751.1959999986]]]}, "properties": {"OBJECTID": 203, "ET_ID": 5072, "NWRW_TYP": "DV", "STELSEL1": "H", "AFGEKOP": 0, "AREA": 5.22703249823, "ET_Source": "P:\\336468\\Water\\Gis\\Data\\Shape\\Afvoerend oppervlak\\AO_BDGR_RW_2015.shp", "Shape_Length": 9.712371594697734, "Shape_Area": 5.227032498473972}}, {"type": "Feature", "id": 204, "geometry": {"type": "Polygon", "coordinates": [[[109552.23000000045, 451754.60599999875], [109549.29199999943, 451755.40199999884], [109549.10000000149, 451755.4549999982], [109548.17300000042, 451752.0460000001], [109551.3049999997, 451751.1959999986], [109552.23000000045, 451754.60599999875]]]}, "properties": {"OBJECTID": 204, "ET_ID": 5073, "NWRW_TYP": "DV", "STELSEL1": "H", "AFGEKOP": 0, "AREA": 11.46034050128, "ET_Source": "P:\\336468\\Water\\Gis\\Data\\Shape\\Afvoerend oppervlak\\AO_BDGR_RW_2015.shp", "Shape_Length": 13.55441742823625, "Shape_Area": 11.460340495592847}}, {"type": "Feature", "id": 205, "geometry": {"type": "Polygon", "coordinates": [[[109562.1640000008, 451648.76999999955], [109555.60700000077, 451650.5700000003], [109555.3359999992, 451650.64400000125], [109554.13500000164, 451646.30700000003], [109560.9690000005, 451644.4310000017], [109562.1640000008, 451648.76999999955]]]}, "properties": {"OBJECTID": 205, "ET_ID": 5074, "NWRW_TYP": "DV", "STELSEL1": "H", "AFGEKOP": 0, "AREA": 31.88041899621, "ET_Source": "P:\\336468\\Water\\Gis\\Data\\Shape\\Afvoerend oppervlak\\AO_BDGR_RW_2015.shp", "Shape_Length": 23.168081173700703, "Shape_Area": 31.88041899416013}}, {"type": "Feature", "id": 206, "geometry": {"type": "Polygon", "coordinates": [[[109560.9690000005, 451644.4310000017], [109554.13500000164, 451646.30700000003], [109552.93499999866, 451641.9699999988], [109553.21799999848, 451641.8920000009], [109559.77499999851, 451640.0929999985], [109560.9690000005, 451644.4310000017]]]}, "properties": {"OBJECTID": 206, "ET_ID": 5075, "NWRW_TYP": "DV", "STELSEL1": "H", "AFGEKOP": 0, "AREA": 31.90282248951, "ET_Source": "P:\\336468\\Water\\Gis\\Data\\Shape\\Afvoerend oppervlak\\AO_BDGR_RW_2015.shp", "Shape_Length": 23.178950861767767, "Shape_Area": 31.902822509230823}}, {"type": "Feature", "id": 207, "geometry": {"type": "Polygon", "coordinates": [[[110046.42799999937, 451729.94099999964], [110043.13500000164, 451730.8449999988], [110042.54600000009, 451728.69999999925], [110045.83999999985, 451727.7960000001], [110046.42799999937, 451729.94099999964]]]}, "properties": {"OBJECTID": 207, "ET_ID": 5077, "NWRW_TYP": "DV", "STELSEL1": "H", "AFGEKOP": 0, "AREA": 7.59656150371, "ET_Source": "P:\\336468\\Water\\Gis\\Data\\Shape\\Afvoerend oppervlak\\AO_BDGR_RW_2015.shp", "Shape_Length": 11.279155854112705, "Shape_Area": 7.59656149583666}}, {"type": "Feature", "id": 208, "geometry": {"type": "Polygon", "coordinates": [[[110070.61899999902, 451701.7820000015], [110068.26900000125, 451702.41899999976], [110068.20699999854, 451702.4360000007], [110067.27699999884, 451699], [110069.68899999931, 451698.34600000083], [110070.61899999902, 451701.7820000015]]]}, "properties": {"OBJECTID": 208, "ET_ID": 5078, "NWRW_TYP": "DV", "STELSEL1": "H", "AFGEKOP": 0, "AREA": 8.89562400085, "ET_Source": "P:\\336468\\Water\\Gis\\Data\\Shape\\Afvoerend oppervlak\\AO_BDGR_RW_2015.shp", "Shape_Length": 12.117452439275375, "Shape_Area": 8.895624002063483}}, {"type": "Feature", "id": 209, "geometry": {"type": "Polygon", "coordinates": [[[110037.04500000179, 451457.08300000057], [110034.97199999914, 451457.65199999884], [110034.19099999964, 451454.80799999833], [110036.26399999857, 451454.23900000006], [110037.04500000179, 451457.08300000057]]]}, "properties": {"OBJECTID": 209, "ET_ID": 5085, "NWRW_TYP": "DV", "STELSEL1": "H", "AFGEKOP": 0, "AREA": 6.34000100563, "ET_Source": "P:\\336468\\Water\\Gis\\Data\\Shape\\Afvoerend oppervlak\\AO_BDGR_RW_2015.shp", "Shape_Length": 10.197919220501863, "Shape_Area": 6.340001002717927}}, {"type": "Feature", "id": 210, "geometry": {"type": "Polygon", "coordinates": [[[110043.77899999917, 451481.6570000015], [110041.70800000057, 451482.2190000005], [110040.93600000069, 451479.3720000014], [110043.01000000164, 451478.80999999866], [110043.77899999917, 451481.6570000015]]]}, "properties": {"OBJECTID": 210, "ET_ID": 5086, "NWRW_TYP": "DV", "STELSEL1": "H", "AFGEKOP": 0, "AREA": 6.33342850241, "ET_Source": "P:\\336468\\Water\\Gis\\Data\\Shape\\Afvoerend oppervlak\\AO_BDGR_RW_2015.shp", "Shape_Length": 10.193535611248933, "Shape_Area": 6.333428501358643}}, {"type": "Feature", "id": 211, "geometry": {"type": "Polygon", "coordinates": [[[109920.10700000077, 451568.9230000004], [109917.26999999955, 451569.8539999984], [109916.63899999857, 451567.9519999996], [109919.47199999914, 451567.01199999824], [109920.10700000077, 451568.9230000004]]]}, "properties": {"OBJECTID": 211, "ET_ID": 5087, "NWRW_TYP": "DV", "STELSEL1": "H", "AFGEKOP": 0, "AREA": 5.99709899476, "ET_Source": "P:\\336468\\Water\\Gis\\Data\\Shape\\Afvoerend oppervlak\\AO_BDGR_RW_2015.shp", "Shape_Length": 9.988408386215823, "Shape_Area": 5.997099004160076}}, {"type": "Feature", "id": 212, "geometry": {"type": "Polygon", "coordinates": [[[109921.19999999925, 451572.2329999991], [109918.3599999994, 451573.1739999987], [109917.73099999875, 451571.27600000054], [109920.57400000095, 451570.3440000005], [109921.19999999925, 451572.2329999991]]]}, "properties": {"OBJECTID": 212, "ET_ID": 5088, "NWRW_TYP": "DV", "STELSEL1": "H", "AFGEKOP": 0, "AREA": 5.96803400554, "ET_Source": "P:\\336468\\Water\\Gis\\Data\\Shape\\Afvoerend oppervlak\\AO_BDGR_RW_2015.shp", "Shape_Length": 9.973239095766514, "Shape_Area": 5.968033996740341}}, {"type": "Feature", "id": 213, "geometry": {"type": "Polygon", "coordinates": [[[109579.29199999943, 451710.9840000011], [109572.54699999839, 451712.8350000009], [109571.34699999914, 451708.4990000017], [109578.09800000116, 451706.6460000016], [109579.29199999943, 451710.9840000011]]]}, "properties": {"OBJECTID": 213, "ET_ID": 5100, "NWRW_TYP": "DV", "STELSEL1": "H", "AFGEKOP": 0, "AREA": 31.48291999536, "ET_Source": "P:\\336468\\Water\\Gis\\Data\\Shape\\Afvoerend oppervlak\\AO_BDGR_RW_2015.shp", "Shape_Length": 22.99336569777432, "Shape_Area": 31.482919999988674}}, {"type": "Feature", "id": 214, "geometry": {"type": "Polygon", "coordinates": [[[109580.48699999973, 451715.3229999989], [109573.74799999967, 451717.1730000004], [109572.54699999839, 451712.8350000009], [109579.29199999943, 451710.9840000011], [109580.48699999973, 451715.3229999989]]]}, "properties": {"OBJECTID": 214, "ET_ID": 5101, "NWRW_TYP": "DV", "STELSEL1": "H", "AFGEKOP": 0, "AREA": 31.46706599911, "ET_Source": "P:\\336468\\Water\\Gis\\Data\\Shape\\Afvoerend oppervlak\\AO_BDGR_RW_2015.shp", "Shape_Length": 22.98442349363796, "Shape_Area": 31.46706599567981}}, {"type": "Feature", "id": 215, "geometry": {"type": "Polygon", "coordinates": [[[109627.70600000024, 451922.4299999997], [109623.68299999833, 451923.63599999994], [109622.73200000077, 451920.4629999995], [109626.74500000104, 451919.22300000116], [109627.70600000024, 451922.4299999997]]]}, "properties": {"OBJECTID": 215, "ET_ID": 5121, "NWRW_TYP": "DV", "STELSEL1": "H", "AFGEKOP": 0, "AREA": 13.98660798935, "ET_Source": "P:\\336468\\Water\\Gis\\Data\\Shape\\Afvoerend oppervlak\\AO_BDGR_RW_2015.shp", "Shape_Length": 15.060428508475656, "Shape_Area": 13.986607998718515}}, {"type": "Feature", "id": 216, "geometry": {"type": "Polygon", "coordinates": [[[109627.93899999931, 451918.8729999997], [109626.74500000104, 451919.22300000116], [109622.73200000077, 451920.4629999995], [109621.81599999964, 451917.4070000015], [109627.09499999881, 451915.82499999925], [109627.93899999931, 451918.8729999997]]]}, "properties": {"OBJECTID": 216, "ET_ID": 5122, "NWRW_TYP": "DV", "STELSEL1": "H", "AFGEKOP": 0, "AREA": 17.35931100651, "ET_Source": "P:\\336468\\Water\\Gis\\Data\\Shape\\Afvoerend oppervlak\\AO_BDGR_RW_2015.shp", "Shape_Length": 17.308424212790758, "Shape_Area": 17.359310999675408}}, {"type": "Feature", "id": 217, "geometry": {"type": "Polygon", "coordinates": [[[109622.2890000008, 451900.9070000015], [109619.06899999827, 451901.8289999999], [109618, 451897.9849999994], [109621.20899999887, 451897.0229999982], [109622.2890000008, 451900.9070000015]]]}, "properties": {"OBJECTID": 217, "ET_ID": 5123, "NWRW_TYP": "DV", "STELSEL1": "H", "AFGEKOP": 0, "AREA": 13.4330069968, "ET_Source": "P:\\336468\\Water\\Gis\\Data\\Shape\\Afvoerend oppervlak\\AO_BDGR_RW_2015.shp", "Shape_Length": 14.72072721552334, "Shape_Area": 13.433007008775354}}, {"type": "Feature", "id": 218, "geometry": {"type": "Polygon", "coordinates": [[[109623.36699999869, 451904.7800000012], [109620.15700000152, 451905.7419999987], [109619.06899999827, 451901.8289999999], [109622.2890000008, 451900.9070000015], [109623.36699999869, 451904.7800000012]]]}, "properties": {"OBJECTID": 218, "ET_ID": 5124, "NWRW_TYP": "DV", "STELSEL1": "H", "AFGEKOP": 0, "AREA": 13.53618100324, "ET_Source": "P:\\336468\\Water\\Gis\\Data\\Shape\\Afvoerend oppervlak\\AO_BDGR_RW_2015.shp", "Shape_Length": 14.782119441825502, "Shape_Area": 13.536180995235085}}, {"type": "Feature", "id": 219, "geometry": {"type": "Polygon", "coordinates": [[[109613.7349999994, 451869.5920000002], [109610.3599999994, 451870.51900000125], [109609.30200000107, 451866.71499999985], [109612.65500000119, 451865.7100000009], [109613.7349999994, 451869.5920000002]]]}, "properties": {"OBJECTID": 219, "ET_ID": 5125, "NWRW_TYP": "DV", "STELSEL1": "H", "AFGEKOP": 0, "AREA": 13.96050600333, "ET_Source": "P:\\336468\\Water\\Gis\\Data\\Shape\\Afvoerend oppervlak\\AO_BDGR_RW_2015.shp", "Shape_Length": 14.97819145707306, "Shape_Area": 13.960505999728158}}, {"type": "Feature", "id": 220, "geometry": {"type": "Polygon", "coordinates": [[[109614.81300000101, 451873.4670000002], [109611.45899999887, 451874.47300000116], [109610.3599999994, 451870.51900000125], [109613.7349999994, 451869.5920000002], [109614.81300000101, 451873.4670000002]]]}, "properties": {"OBJECTID": 220, "ET_ID": 5126, "NWRW_TYP": "DV", "STELSEL1": "H", "AFGEKOP": 0, "AREA": 14.2223704966, "ET_Source": "P:\\336468\\Water\\Gis\\Data\\Shape\\Afvoerend oppervlak\\AO_BDGR_RW_2015.shp", "Shape_Length": 15.127657525924535, "Shape_Area": 14.222370505687042}}, {"type": "Feature", "id": 221, "geometry": {"type": "Polygon", "coordinates": [[[109618.07400000095, 451885.19299999997], [109614.6959999986, 451886.1090000011], [109613.64400000125, 451882.3260000013], [109616.99700000137, 451881.3209999986], [109618.07400000095, 451885.19299999997]]]}, "properties": {"OBJECTID": 221, "ET_ID": 5132, "NWRW_TYP": "DV", "STELSEL1": "H", "AFGEKOP": 0, "AREA": 13.9039034937, "ET_Source": "P:\\336468\\Water\\Gis\\Data\\Shape\\Afvoerend oppervlak\\AO_BDGR_RW_2015.shp", "Shape_Length": 14.945911483928963, "Shape_Area": 13.903903507296011}}, {"type": "Feature", "id": 222, "geometry": {"type": "Polygon", "coordinates": [[[109619.15500000119, 451889.0780000016], [109615.80200000107, 451890.08300000057], [109614.6959999986, 451886.1090000011], [109618.07400000095, 451885.19299999997], [109619.15500000119, 451889.0780000016]]]}, "properties": {"OBJECTID": 222, "ET_ID": 5133, "NWRW_TYP": "DV", "STELSEL1": "H", "AFGEKOP": 0, "AREA": 14.27503899896, "ET_Source": "P:\\336468\\Water\\Gis\\Data\\Shape\\Afvoerend oppervlak\\AO_BDGR_RW_2015.shp", "Shape_Length": 15.157992968510948, "Shape_Area": 14.275039008066862}}, {"type": "Feature", "id": 223, "geometry": {"type": "Polygon", "coordinates": [[[110021.84699999914, 451639.9600000009], [110020.62000000104, 451640.30999999866], [110016.23000000045, 451623.51900000125], [110024.14600000158, 451621.63500000164], [110023.88500000164, 451620.66800000146], [110033.25200000033, 451618.1460000016], [110033.58999999985, 451619.40199999884], [110040.33300000057, 451617.56799999997], [110044.71999999881, 451633.7800000012], [110036.53400000185, 451636.0020000003], [110036.91000000015, 451637.44999999925], [110031.26000000164, 451638.98000000045], [110030.86600000039, 451637.52899999917], [110021.84699999914, 451639.9600000009]]]}, "properties": {"OBJECTID": 223, "ET_ID": 5151, "NWRW_TYP": "DV", "STELSEL1": "H", "AFGEKOP": 0, "AREA": 442.97655402317, "ET_Source": "P:\\336468\\Water\\Gis\\Data\\Shape\\Afvoerend oppervlak\\AO_BDGR_RW_2015.shp", "Shape_Length": 89.2305029256606, "Shape_Area": 442.9765539590283}}, {"type": "Feature", "id": 224, "geometry": {"type": "Polygon", "coordinates": [[[109569.29399999976, 451818.4829999991], [109566.63800000027, 451819.23000000045], [109565.7490000017, 451815.94299999997], [109568.40399999917, 451815.19200000167], [109569.29399999976, 451818.4829999991]]]}, "properties": {"OBJECTID": 224, "ET_ID": 5155, "NWRW_TYP": "DV", "STELSEL1": "H", "AFGEKOP": 0, "AREA": 9.40017499975, "ET_Source": "P:\\336468\\Water\\Gis\\Data\\Shape\\Afvoerend oppervlak\\AO_BDGR_RW_2015.shp", "Shape_Length": 12.33253673799878, "Shape_Area": 9.40017499173321}}, {"type": "Feature", "id": 225, "geometry": {"type": "Polygon", "coordinates": [[[109570.50800000131, 451822.8819999993], [109567.85799999908, 451823.6180000007], [109566.94999999925, 451820.34800000116], [109569.60200000182, 451819.6220000014], [109570.50800000131, 451822.8819999993]]]}, "properties": {"OBJECTID": 225, "ET_ID": 5156, "NWRW_TYP": "DV", "STELSEL1": "H", "AFGEKOP": 0, "AREA": 9.31853199586, "ET_Source": "P:\\336468\\Water\\Gis\\Data\\Shape\\Afvoerend oppervlak\\AO_BDGR_RW_2015.shp", "Shape_Length": 12.277164459228779, "Shape_Area": 9.318532004778863}}, {"type": "Feature", "id": 226, "geometry": {"type": "Polygon", "coordinates": [[[109610.22899999842, 451856.98999999836], [109606.8759999983, 451857.99500000104], [109605.69900000095, 451853.76399999857], [109609.08399999887, 451852.87099999934], [109610.22899999842, 451856.98999999836]]]}, "properties": {"OBJECTID": 226, "ET_ID": 5157, "NWRW_TYP": "DV", "STELSEL1": "H", "AFGEKOP": 0, "AREA": 15.16736399915, "ET_Source": "P:\\336468\\Water\\Gis\\Data\\Shape\\Afvoerend oppervlak\\AO_BDGR_RW_2015.shp", "Shape_Length": 15.668030728375712, "Shape_Area": 15.167363998040617}}, {"type": "Feature", "id": 227, "geometry": {"type": "Polygon", "coordinates": [[[109556.68200000003, 451771.01099999994], [109553.65300000086, 451771.83199999854], [109553.54699999839, 451771.86100000143], [109553.1099999994, 451770.2100000009], [109553.25499999896, 451770.1700000018], [109556.2340000011, 451769.36199999973], [109556.68200000003, 451771.01099999994]]]}, "properties": {"OBJECTID": 227, "ET_ID": 5158, "NWRW_TYP": "DV", "STELSEL1": "H", "AFGEKOP": 0, "AREA": 5.53994999703, "ET_Source": "P:\\336468\\Water\\Gis\\Data\\Shape\\Afvoerend oppervlak\\AO_BDGR_RW_2015.shp", "Shape_Length": 9.901865957526095, "Shape_Area": 5.539949998938664}}, {"type": "Feature", "id": 228, "geometry": {"type": "Polygon", "coordinates": [[[109559.18299999833, 451780.2280000001], [109556.06700000167, 451781.05900000036], [109555.15500000119, 451777.76999999955], [109555.26099999994, 451777.7410000004], [109558.2809999995, 451776.90300000086], [109559.18299999833, 451780.2280000001]]]}, "properties": {"OBJECTID": 228, "ET_ID": 5159, "NWRW_TYP": "DV", "STELSEL1": "H", "AFGEKOP": 0, "AREA": 11.09056600415, "ET_Source": "P:\\336468\\Water\\Gis\\Data\\Shape\\Afvoerend oppervlak\\AO_BDGR_RW_2015.shp", "Shape_Length": 13.32718759969811, "Shape_Area": 11.090565990270688}}, {"type": "Feature", "id": 229, "geometry": {"type": "Polygon", "coordinates": [[[109932.42199999839, 451743.9770000018], [109931.45800000057, 451744.2529999986], [109930.91099999845, 451742.3260000013], [109931.86899999902, 451742.05099999905], [109932.42199999839, 451743.9770000018]]]}, "properties": {"OBJECTID": 229, "ET_ID": 5177, "NWRW_TYP": "DV", "STELSEL1": "H", "AFGEKOP": 0, "AREA": 2.00289150153, "ET_Source": "P:\\336468\\Water\\Gis\\Data\\Shape\\Afvoerend oppervlak\\AO_BDGR_RW_2015.shp", "Shape_Length": 6.006370938807876, "Shape_Area": 2.0028914984501007}}, {"type": "Feature", "id": 230, "geometry": {"type": "Polygon", "coordinates": [[[109925.88899999857, 451779.28500000015], [109921.55700000003, 451780.4389999993], [109920.58100000024, 451776.7729999982], [109924.91299999878, 451775.62000000104], [109925.88899999857, 451779.28500000015]]]}, "properties": {"OBJECTID": 230, "ET_ID": 5185, "NWRW_TYP": "DV", "STELSEL1": "H", "AFGEKOP": 0, "AREA": 17.00476201041, "ET_Source": "P:\\336468\\Water\\Gis\\Data\\Shape\\Afvoerend oppervlak\\AO_BDGR_RW_2015.shp", "Shape_Length": 16.55231427175812, "Shape_Area": 17.004761993119597}}, {"type": "Feature", "id": 231, "geometry": {"type": "Polygon", "coordinates": [[[110087.28200000152, 451717.4789999984], [110084.18499999866, 451718.32400000095], [110083.59299999848, 451716.15300000086], [110086.69000000134, 451715.30900000036], [110087.28200000152, 451717.4789999984]]]}, "properties": {"OBJECTID": 231, "ET_ID": 5190, "NWRW_TYP": "DV", "STELSEL1": "H", "AFGEKOP": 0, "AREA": 7.22198250098, "ET_Source": "P:\\336468\\Water\\Gis\\Data\\Shape\\Afvoerend oppervlak\\AO_BDGR_RW_2015.shp", "Shape_Length": 10.919723254642552, "Shape_Area": 7.221982504399419}}, {"type": "Feature", "id": 232, "geometry": {"type": "Polygon", "coordinates": [[[109898.50899999961, 451490.47300000116], [109896.5, 451491.0300000012], [109895.69999999925, 451488.1400000006], [109897.7100000009, 451487.58999999985], [109898.50899999961, 451490.47300000116]]]}, "properties": {"OBJECTID": 232, "ET_ID": 5198, "NWRW_TYP": "DV", "STELSEL1": "H", "AFGEKOP": 0, "AREA": 6.24294499748, "ET_Source": "P:\\336468\\Water\\Gis\\Data\\Shape\\Afvoerend oppervlak\\AO_BDGR_RW_2015.shp", "Shape_Length": 10.15902910230411, "Shape_Area": 6.242945003884211}}, {"type": "Feature", "id": 233, "geometry": {"type": "Polygon", "coordinates": [[[109892.36899999902, 451780.3269999996], [109890.77400000021, 451780.76000000164], [109888.72500000149, 451781.31500000134], [109887.71299999952, 451777.58300000057], [109876.38699999824, 451780.6559999995], [109868.80900000036, 451752.7280000001], [109880.14600000158, 451749.65199999884], [109879.13100000098, 451745.91099999845], [109882.76900000125, 451744.9239999987], [109884.93400000036, 451755.9270000011], [109880.73999999836, 451757.0700000003], [109882.1790000014, 451762.3740000017], [109887.18800000101, 451761.0159999989], [109890.65500000119, 451760.6429999992], [109891.23000000045, 451762.7650000006], [109888.05200000107, 451764.1970000006], [109883.04300000146, 451765.55700000003], [109884.47899999842, 451770.8509999998], [109888.67799999937, 451769.7270000018], [109892.36899999902, 451780.3269999996]]]}, "properties": {"OBJECTID": 233, "ET_ID": 5214, "NWRW_TYP": "DV", "STELSEL1": "H", "AFGEKOP": 0, "AREA": 422.48287950634, "ET_Source": "P:\\336468\\Water\\Gis\\Data\\Shape\\Afvoerend oppervlak\\AO_BDGR_RW_2015.shp", "Shape_Length": 129.3727999594106, "Shape_Area": 422.48287952281885}}, {"type": "Feature", "id": 234, "geometry": {"type": "Polygon", "coordinates": [[[109607.7349999994, 451833.95600000024], [109604.5159999989, 451834.8020000011], [109603.76099999994, 451831.9290000014], [109606.98000000045, 451831.08300000057], [109607.7349999994, 451833.95600000024]]]}, "properties": {"OBJECTID": 234, "ET_ID": 5231, "NWRW_TYP": "DV", "STELSEL1": "H", "AFGEKOP": 0, "AREA": 9.8869170033, "ET_Source": "P:\\336468\\Water\\Gis\\Data\\Shape\\Afvoerend oppervlak\\AO_BDGR_RW_2015.shp", "Shape_Length": 12.597724398652275, "Shape_Area": 9.886917000147879}}, {"type": "Feature", "id": 235, "geometry": {"type": "Polygon", "coordinates": [[[109596.37900000066, 451799.0379999988], [109594.10799999908, 451799.5210000016], [109593.46200000122, 451796.4840000011], [109595.73200000077, 451796], [109596.37900000066, 451799.0379999988]]]}, "properties": {"OBJECTID": 235, "ET_ID": 5232, "NWRW_TYP": "DV", "STELSEL1": "H", "AFGEKOP": 0, "AREA": 7.20922649986, "ET_Source": "P:\\336468\\Water\\Gis\\Data\\Shape\\Afvoerend oppervlak\\AO_BDGR_RW_2015.shp", "Shape_Length": 10.853896104918032, "Shape_Area": 7.209226501588583}}, {"type": "Feature", "id": 236, "geometry": {"type": "Polygon", "coordinates": [[[110064.52299999818, 451664.81500000134], [110062.54800000042, 451665.30099999905], [110061.7100000009, 451661.89400000125], [110063.68499999866, 451661.4079999998], [110064.52299999818, 451664.81500000134]]]}, "properties": {"OBJECTID": 236, "ET_ID": 5260, "NWRW_TYP": "DV", "STELSEL1": "H", "AFGEKOP": 0, "AREA": 7.13609300905, "ET_Source": "P:\\336468\\Water\\Gis\\Data\\Shape\\Afvoerend oppervlak\\AO_BDGR_RW_2015.shp", "Shape_Length": 11.084926711366272, "Shape_Area": 7.136092991114005}}, {"type": "Feature", "id": 237, "geometry": {"type": "Polygon", "coordinates": [[[109795.12799999863, 451518.9530000016], [109797.43400000036, 451518.30900000036], [109797.79300000146, 451519.7010000013], [109795.48600000143, 451520.3440000005], [109795.12799999863, 451518.9530000016]]]}, "properties": {"OBJECTID": 237, "ET_ID": 5272, "NWRW_TYP": "DV", "STELSEL1": "H", "AFGEKOP": 0, "AREA": 3.44018949857, "ET_Source": "P:\\336468\\Water\\Gis\\Data\\Shape\\Afvoerend oppervlak\\AO_BDGR_RW_2015.shp", "Shape_Length": 7.663047636292567, "Shape_Area": 3.4401895023587645}}, {"type": "Feature", "id": 238, "geometry": {"type": "Polygon", "coordinates": [[[109894.8200000003, 451554.55999999866], [109898.19999999925, 451553.48999999836], [109898.96200000122, 451555.8359999992], [109895.5700000003, 451556.9299999997], [109894.8200000003, 451554.55999999866]]]}, "properties": {"OBJECTID": 238, "ET_ID": 5276, "NWRW_TYP": "DV", "STELSEL1": "H", "AFGEKOP": 0, "AREA": 8.80217999907, "ET_Source": "P:\\336468\\Water\\Gis\\Data\\Shape\\Afvoerend oppervlak\\AO_BDGR_RW_2015.shp", "Shape_Length": 12.061866987710022, "Shape_Area": 8.802180004406422}}, {"type": "Feature", "id": 239, "geometry": {"type": "Polygon", "coordinates": [[[109758.17300000042, 451562.90900000185], [109760.66299999878, 451562.2479999997], [109761.35799999908, 451565.0529999994], [109758.90300000086, 451565.6620000005], [109758.17300000042, 451562.90900000185]]]}, "properties": {"OBJECTID": 239, "ET_ID": 5277, "NWRW_TYP": "DV", "STELSEL1": "H", "AFGEKOP": 0, "AREA": 7.32351500821, "ET_Source": "P:\\336468\\Water\\Gis\\Data\\Shape\\Afvoerend oppervlak\\AO_BDGR_RW_2015.shp", "Shape_Length": 10.843609526787812, "Shape_Area": 7.323514994579032}}, {"type": "Feature", "id": 240, "geometry": {"type": "Polygon", "coordinates": [[[109819.87700000033, 451613.27699999884], [109822.20399999991, 451612.65399999917], [109822.58700000122, 451614.006000001], [109820.26000000164, 451614.6279999986], [109819.87700000033, 451613.27699999884]]]}, "properties": {"OBJECTID": 240, "ET_ID": 5278, "NWRW_TYP": "DV", "STELSEL1": "H", "AFGEKOP": 0, "AREA": 3.38335799799, "ET_Source": "P:\\336468\\Water\\Gis\\Data\\Shape\\Afvoerend oppervlak\\AO_BDGR_RW_2015.shp", "Shape_Length": 7.627091134209131, "Shape_Area": 3.383358001611203}}, {"type": "Feature", "id": 241, "geometry": {"type": "Polygon", "coordinates": [[[109765.77400000021, 451591.86300000176], [109768.23299999908, 451591.21599999815], [109768.96200000122, 451593.98699999973], [109766.50600000098, 451594.6330000013], [109765.77400000021, 451591.86300000176]]]}, "properties": {"OBJECTID": 241, "ET_ID": 5279, "NWRW_TYP": "DV", "STELSEL1": "H", "AFGEKOP": 0, "AREA": 7.28077200101, "ET_Source": "P:\\336468\\Water\\Gis\\Data\\Shape\\Afvoerend oppervlak\\AO_BDGR_RW_2015.shp", "Shape_Length": 10.812607458662916, "Shape_Area": 7.28077200299117}}, {"type": "Feature", "id": 242, "geometry": {"type": "Polygon", "coordinates": [[[109806.28700000048, 451561.40100000054], [109808.5940000005, 451560.7749999985], [109808.9690000005, 451562.1970000006], [109806.66099999845, 451562.82400000095], [109806.28700000048, 451561.40100000054]]]}, "properties": {"OBJECTID": 242, "ET_ID": 5280, "NWRW_TYP": "DV", "STELSEL1": "H", "AFGEKOP": 0, "AREA": 3.51704299773, "ET_Source": "P:\\336468\\Water\\Gis\\Data\\Shape\\Afvoerend oppervlak\\AO_BDGR_RW_2015.shp", "Shape_Length": 7.724017101555253, "Shape_Area": 3.5170430042124985}}, {"type": "Feature", "id": 243, "geometry": {"type": "Polygon", "coordinates": [[[109813.14200000092, 451587.84899999946], [109815.49700000137, 451587.11199999973], [109815.87200000137, 451588.5150000006], [109813.54500000179, 451589.13699999824], [109813.14200000092, 451587.84899999946]]]}, "properties": {"OBJECTID": 243, "ET_ID": 5281, "NWRW_TYP": "DV", "STELSEL1": "H", "AFGEKOP": 0, "AREA": 3.41414100083, "ET_Source": "P:\\336468\\Water\\Gis\\Data\\Shape\\Afvoerend oppervlak\\AO_BDGR_RW_2015.shp", "Shape_Length": 7.6781509898328455, "Shape_Area": 3.4141409993849847}}, {"type": "Feature", "id": 244, "geometry": {"type": "Polygon", "coordinates": [[[109797.35799999908, 451527.44099999964], [109799.6640000008, 451526.7980000004], [109800.03500000015, 451528.188000001], [109797.72899999842, 451528.83100000024], [109797.35799999908, 451527.44099999964]]]}, "properties": {"OBJECTID": 244, "ET_ID": 5282, "NWRW_TYP": "DV", "STELSEL1": "H", "AFGEKOP": 0, "AREA": 3.44389299789, "ET_Source": "P:\\336468\\Water\\Gis\\Data\\Shape\\Afvoerend oppervlak\\AO_BDGR_RW_2015.shp", "Shape_Length": 7.665255819871566, "Shape_Area": 3.4438930030680894}}, {"type": "Feature", "id": 245, "geometry": {"type": "Polygon", "coordinates": [[[109815.39799999818, 451596.2410000004], [109817.72500000149, 451595.618999999], [109818.10700000077, 451596.98900000006], [109815.78000000119, 451597.61199999973], [109815.39799999818, 451596.2410000004]]]}, "properties": {"OBJECTID": 245, "ET_ID": 5283, "NWRW_TYP": "DV", "STELSEL1": "H", "AFGEKOP": 0, "AREA": 3.42694849459, "ET_Source": "P:\\336468\\Water\\Gis\\Data\\Shape\\Afvoerend oppervlak\\AO_BDGR_RW_2015.shp", "Shape_Length": 7.663132635925999, "Shape_Area": 3.4269485033451916}}, {"type": "Feature", "id": 246, "geometry": {"type": "Polygon", "coordinates": [[[109773.56700000167, 451611.93400000036], [109771.23600000143, 451612.55000000075], [109770.51799999923, 451609.8280000016], [109772.8209999986, 451609.2270000018], [109772.85000000149, 451609.3379999995], [109773.56700000167, 451611.93400000036]]]}, "properties": {"OBJECTID": 246, "ET_ID": 5284, "NWRW_TYP": "DV", "STELSEL1": "H", "AFGEKOP": 0, "AREA": 6.73276699454, "ET_Source": "P:\\336468\\Water\\Gis\\Data\\Shape\\Afvoerend oppervlak\\AO_BDGR_RW_2015.shp", "Shape_Length": 10.414173422433247, "Shape_Area": 6.732767003028646}}, {"type": "Feature", "id": 247, "geometry": {"type": "Polygon", "coordinates": [[[109755.7890000008, 451553.9210000001], [109758.2340000011, 451553.26999999955], [109758.97100000083, 451556.06799999997], [109756.52899999917, 451556.7109999992], [109755.7890000008, 451553.9210000001]]]}, "properties": {"OBJECTID": 247, "ET_ID": 5285, "NWRW_TYP": "DV", "STELSEL1": "H", "AFGEKOP": 0, "AREA": 7.30494849746, "ET_Source": "P:\\336468\\Water\\Gis\\Data\\Shape\\Afvoerend oppervlak\\AO_BDGR_RW_2015.shp", "Shape_Length": 10.835322857735616, "Shape_Area": 7.304948501460195}}, {"type": "Feature", "id": 248, "geometry": {"type": "Polygon", "coordinates": [[[109753.40700000152, 451544.938000001], [109755.85500000045, 451544.28500000015], [109756.58999999985, 451547.07499999925], [109754.14400000125, 451547.7199999988], [109753.40700000152, 451544.938000001]]]}, "properties": {"OBJECTID": 248, "ET_ID": 5286, "NWRW_TYP": "DV", "STELSEL1": "H", "AFGEKOP": 0, "AREA": 7.29500600175, "ET_Source": "P:\\336468\\Water\\Gis\\Data\\Shape\\Afvoerend oppervlak\\AO_BDGR_RW_2015.shp", "Shape_Length": 10.826367113045782, "Shape_Area": 7.295005992635205}}, {"type": "Feature", "id": 249, "geometry": {"type": "Polygon", "coordinates": [[[109804.04800000042, 451552.9450000003], [109806.37099999934, 451552.33300000057], [109806.74500000104, 451553.75499999896], [109804.43800000101, 451554.3819999993], [109804.04800000042, 451552.9450000003]]]}, "properties": {"OBJECTID": 249, "ET_ID": 5287, "NWRW_TYP": "DV", "STELSEL1": "H", "AFGEKOP": 0, "AREA": 3.54594150707, "ET_Source": "P:\\336468\\Water\\Gis\\Data\\Shape\\Afvoerend oppervlak\\AO_BDGR_RW_2015.shp", "Shape_Length": 7.752292851638678, "Shape_Area": 3.5459414969409853}}, {"type": "Feature", "id": 250, "geometry": {"type": "Polygon", "coordinates": [[[109799.58399999887, 451535.9539999999], [109801.8909999989, 451535.3110000007], [109802.26399999857, 451536.7039999999], [109799.95800000057, 451537.34699999914], [109799.58399999887, 451535.9539999999]]]}, "properties": {"OBJECTID": 250, "ET_ID": 5288, "NWRW_TYP": "DV", "STELSEL1": "H", "AFGEKOP": 0, "AREA": 3.45311500338, "ET_Source": "P:\\336468\\Water\\Gis\\Data\\Shape\\Afvoerend oppervlak\\AO_BDGR_RW_2015.shp", "Shape_Length": 7.673307570817113, "Shape_Area": 3.4531149969941377}}, {"type": "Feature", "id": 251, "geometry": {"type": "Polygon", "coordinates": [[[109763.49399999902, 451582.87099999934], [109765.76000000164, 451582.21499999985], [109766.67500000075, 451585.3740000017], [109764.40900000185, 451586.0300000012], [109763.49399999902, 451582.87099999934]]]}, "properties": {"OBJECTID": 251, "ET_ID": 5289, "NWRW_TYP": "DV", "STELSEL1": "H", "AFGEKOP": 0, "AREA": 7.75853399714, "ET_Source": "P:\\336468\\Water\\Gis\\Data\\Shape\\Afvoerend oppervlak\\AO_BDGR_RW_2015.shp", "Shape_Length": 11.295780837420429, "Shape_Area": 7.758534006759509}}, {"type": "Feature", "id": 252, "geometry": {"type": "Polygon", "coordinates": [[[109808.61600000039, 451570.71599999815], [109811.01900000125, 451570.07499999925], [109811.41899999976, 451571.5450000018], [109809.06500000134, 451572.1860000007], [109808.61600000039, 451570.71599999815]]]}, "properties": {"OBJECTID": 252, "ET_ID": 5290, "NWRW_TYP": "DV", "STELSEL1": "H", "AFGEKOP": 0, "AREA": 3.768499496, "ET_Source": "P:\\336468\\Water\\Gis\\Data\\Shape\\Afvoerend oppervlak\\AO_BDGR_RW_2015.shp", "Shape_Length": 7.987229785124212, "Shape_Area": 3.768499504859477}}, {"type": "Feature", "id": 253, "geometry": {"type": "Polygon", "coordinates": [[[109760.46200000122, 451571.9990000017], [109762.90500000119, 451571.36499999836], [109763.72500000149, 451574.5219999999], [109761.28200000152, 451575.1559999995], [109760.46200000122, 451571.9990000017]]]}, "properties": {"OBJECTID": 253, "ET_ID": 5291, "NWRW_TYP": "DV", "STELSEL1": "H", "AFGEKOP": 0, "AREA": 8.23243100047, "ET_Source": "P:\\336468\\Water\\Gis\\Data\\Shape\\Afvoerend oppervlak\\AO_BDGR_RW_2015.shp", "Shape_Length": 11.571364026972466, "Shape_Area": 8.232431000467255}}, {"type": "Feature", "id": 254, "geometry": {"type": "Polygon", "coordinates": [[[109817.64699999988, 451604.76099999994], [109819.97500000149, 451604.13899999857], [109820.36300000176, 451605.493999999], [109818.03599999845, 451606.1160000004], [109817.64699999988, 451604.76099999994]]]}, "properties": {"OBJECTID": 254, "ET_ID": 5292, "NWRW_TYP": "DV", "STELSEL1": "H", "AFGEKOP": 0, "AREA": 3.39540950173, "ET_Source": "P:\\336468\\Water\\Gis\\Data\\Shape\\Afvoerend oppervlak\\AO_BDGR_RW_2015.shp", "Shape_Length": 7.637546269378261, "Shape_Area": 3.3954095045431254}}, {"type": "Feature", "id": 255, "geometry": {"type": "Polygon", "coordinates": [[[109801.82800000161, 451544.4670000002], [109804.13399999961, 451543.82400000095], [109804.4990000017, 451545.23000000045], [109802.19299999997, 451545.8740000017], [109801.82800000161, 451544.4670000002]]]}, "properties": {"OBJECTID": 255, "ET_ID": 5293, "NWRW_TYP": "DV", "STELSEL1": "H", "AFGEKOP": 0, "AREA": 3.47826650121, "ET_Source": "P:\\336468\\Water\\Gis\\Data\\Shape\\Afvoerend oppervlak\\AO_BDGR_RW_2015.shp", "Shape_Length": 7.694383452779592, "Shape_Area": 3.4782665012105407}}, {"type": "Feature", "id": 256, "geometry": {"type": "Polygon", "coordinates": [[[109822.09800000116, 451621.76900000125], [109824.42599999905, 451621.1469999999], [109824.80200000107, 451622.4600000009], [109822.47500000149, 451623.08199999854], [109822.09800000116, 451621.76900000125]]]}, "properties": {"OBJECTID": 256, "ET_ID": 5294, "NWRW_TYP": "DV", "STELSEL1": "H", "AFGEKOP": 0, "AREA": 3.29019050323, "ET_Source": "P:\\336468\\Water\\Gis\\Data\\Shape\\Afvoerend oppervlak\\AO_BDGR_RW_2015.shp", "Shape_Length": 7.550184984893804, "Shape_Area": 3.2901904969071296}}, {"type": "Feature", "id": 257, "geometry": {"type": "Polygon", "coordinates": [[[109768.14600000158, 451600.8449999988], [109770.60300000012, 451600.188000001], [109771.35099999979, 451602.9849999994], [109768.88199999928, 451603.63500000164], [109768.14600000158, 451600.8449999988]]]}, "properties": {"OBJECTID": 257, "ET_ID": 5295, "NWRW_TYP": "DV", "STELSEL1": "H", "AFGEKOP": 0, "AREA": 7.36528749534, "ET_Source": "P:\\336468\\Water\\Gis\\Data\\Shape\\Afvoerend oppervlak\\AO_BDGR_RW_2015.shp", "Shape_Length": 10.877188960640915, "Shape_Area": 7.365287499326841}}, {"type": "Feature", "id": 258, "geometry": {"type": "Polygon", "coordinates": [[[109810.88599999994, 451579.311999999], [109813.26199999824, 451578.5870000012], [109813.64499999955, 451579.99599999934], [109811.29100000113, 451580.63699999824], [109810.88599999994, 451579.311999999]]]}, "properties": {"OBJECTID": 258, "ET_ID": 5296, "NWRW_TYP": "DV", "STELSEL1": "H", "AFGEKOP": 0, "AREA": 3.50205700509, "ET_Source": "P:\\336468\\Water\\Gis\\Data\\Shape\\Afvoerend oppervlak\\AO_BDGR_RW_2015.shp", "Shape_Length": 7.7695034841117145, "Shape_Area": 3.5020569948554336}}, {"type": "Feature", "id": 259, "geometry": {"type": "Polygon", "coordinates": [[[109746.60300000012, 451679.60500000045], [109748.11300000176, 451679.2109999992], [109747.31399999931, 451676.15199999884], [109753.35099999979, 451674.57499999925], [109754.1559999995, 451677.5789999999], [109760.58100000024, 451675.9270000011], [109759.77800000086, 451672.881000001], [109765.81599999964, 451671.2890000008], [109766.64200000092, 451674.30799999833], [109770.11100000143, 451673.2329999991], [109774.32600000128, 451689.09800000116], [109761.84800000116, 451692.5069999993], [109767.42000000179, 451713.7800000012], [109756.40900000185, 451716.67599999905], [109756.80900000036, 451718.1860000007], [109742.27299999818, 451722.0309999995], [109740.34299999848, 451714.73600000143], [109730.85300000012, 451717.23699999973], [109730.34600000083, 451715.3579999991], [109729.28799999878, 451715.631000001], [109726.08999999985, 451703.5249999985], [109727.57800000161, 451703.1319999993], [109726.62200000137, 451699.7740000002], [109725.21200000122, 451700.1479999982], [109722.01799999923, 451688.08100000024], [109723.25499999896, 451687.94999999925], [109718.24500000104, 451670.35599999875], [109718.9459999986, 451670.16099999845], [109718.0390000008, 451666.8999999985], [109717.52100000158, 451667.04399999976], [109709.92599999905, 451638.2270000018], [109708.8350000009, 451638.51399999857], [109704.58399999887, 451622.3350000009], [109705.63899999857, 451622.0240000002], [109705.10599999875, 451619.97399999946], [109705.6240000017, 451619.8299999982], [109704.75899999961, 451616.7190000005], [109704.26799999923, 451616.84899999946], [109700.03799999878, 451600.7490000017], [109732.42799999937, 451592.1790000014], [109734.95300000161, 451601.81599999964], [109736.01099999994, 451601.5379999988], [109739.19799999893, 451613.63899999857], [109738.16899999976, 451613.9239999987], [109738.65100000054, 451615.8280000016], [109730.2890000008, 451617.93499999866], [109746.60300000012, 451679.60500000045]]]}, "properties": {"OBJECTID": 259, "ET_ID": 5299, "NWRW_TYP": "DV", "STELSEL1": "H", "AFGEKOP": 0, "AREA": 4064.42291187888, "ET_Source": "P:\\336468\\Water\\Gis\\Data\\Shape\\Afvoerend oppervlak\\AO_BDGR_RW_2015.shp", "Shape_Length": 396.58322795867434, "Shape_Area": 4064.4229120849077}}, {"type": "Feature", "id": 260, "geometry": {"type": "Polygon", "coordinates": [[[109790.24300000072, 451512.5309999995], [109785.02499999851, 451513.8999999985], [109783.50499999896, 451508.2729999982], [109790.17799999937, 451506.5179999992], [109791.57800000161, 451511.80799999833], [109790.15399999917, 451512.18499999866], [109790.24300000072, 451512.5309999995]]]}, "properties": {"OBJECTID": 260, "ET_ID": 5300, "NWRW_TYP": "DV", "STELSEL1": "H", "AFGEKOP": 0, "AREA": 39.61474149761, "ET_Source": "P:\\336468\\Water\\Gis\\Data\\Shape\\Afvoerend oppervlak\\AO_BDGR_RW_2015.shp", "Shape_Length": 25.42564674843974, "Shape_Area": 39.61474151136494}}, {"type": "Feature", "id": 261, "geometry": {"type": "Polygon", "coordinates": [[[109791.2809999995, 451511.4829999991], [109784.89200000092, 451513.0689999983], [109783.6959999986, 451508.2520000003], [109790.0850000009, 451506.66600000113], [109791.2809999995, 451511.4829999991]]]}, "properties": {"OBJECTID": 261, "ET_ID": 5301, "NWRW_TYP": "DV", "STELSEL1": "H", "AFGEKOP": 0, "AREA": 32.67266901251, "ET_Source": "P:\\336468\\Water\\Gis\\Data\\Shape\\Afvoerend oppervlak\\AO_BDGR_RW_2015.shp", "Shape_Length": 23.092332929257186, "Shape_Area": 32.67266898871376}}, {"type": "Feature", "id": 262, "geometry": {"type": "Polygon", "coordinates": [[[109592.52400000021, 451788.3900000006], [109595.32699999958, 451787.6429999992], [109596.39799999818, 451791.6620000005], [109593.5940000005, 451792.4079999998], [109592.52400000021, 451788.3900000006]]]}, "properties": {"OBJECTID": 262, "ET_ID": 5354, "NWRW_TYP": "DV", "STELSEL1": "H", "AFGEKOP": 0, "AREA": 12.06499300247, "ET_Source": "P:\\336468\\Water\\Gis\\Data\\Shape\\Afvoerend oppervlak\\AO_BDGR_RW_2015.shp", "Shape_Length": 14.119656405823935, "Shape_Area": 12.064992994711517}}, {"type": "Feature", "id": 263, "geometry": {"type": "Polygon", "coordinates": [[[110270.64400000125, 455988.1739999987], [110228.01700000092, 455964.9849999994], [110252.9290000014, 455918.5450000018], [110293.94299999997, 455842.6950000003], [110299.55099999905, 455833.4459999986], [110300.11499999836, 455832.8929999992], [110301.93200000003, 455832.76900000125], [110303.46499999985, 455833.2010000013], [110340.95800000057, 455859.0940000005], [110339.5399999991, 455861.45600000024], [110343.25899999961, 455863.94000000134], [110343.32499999925, 455863.9829999991], [110343.4690000005, 455864.0850000009], [110343.60799999908, 455864.19299999997], [110343.74300000072, 455864.30799999833], [110343.87099999934, 455864.4279999994], [110343.99500000104, 455864.5540000014], [110344.11199999973, 455864.6860000007], [110344.22300000116, 455864.8229999989], [110344.32800000161, 455864.96499999985], [110344.42700000107, 455865.11100000143], [110344.51799999923, 455865.26099999994], [110344.60300000012, 455865.41600000113], [110344.68100000173, 455865.57400000095], [110344.7509999983, 455865.73600000143], [110344.81399999931, 455865.90100000054], [110344.87000000104, 455866.06799999997], [110344.91699999943, 455866.23800000176], [110344.95699999854, 455866.40900000185], [110344.98999999836, 455866.58300000057], [110345.01399999857, 455866.7569999993], [110345.03000000119, 455866.93299999833], [110345.0390000008, 455867.1090000011], [110345.0390000008, 455867.28500000015], [110345.03200000152, 455867.4620000012], [110345.0159999989, 455867.63699999824], [110344.99300000072, 455867.811999999], [110344.9609999992, 455867.9849999994], [110344.92199999839, 455868.1570000015], [110344.3599999994, 455870.0469999984], [110311.17300000042, 455931.4210000001], [110303.34600000083, 455945.8969999999], [110315.56500000134, 455952.83300000057], [110298.79199999943, 455984.3020000011], [110278.43100000173, 455973.3530000001], [110270.64400000125, 455988.1739999987]]]}, "properties": {"OBJECTID": 263, "ET_ID": 6819, "NWRW_TYP": "DV", "STELSEL1": "H", "AFGEKOP": 0, "AREA": 8879.10742660358, "ET_Source": "P:\\336468\\Water\\Gis\\Data\\Shape\\Afvoerend oppervlak\\AO_BDGR_RW_2015.shp", "Shape_Length": 437.87772566350577, "Shape_Area": 8879.107426275094}}, {"type": "Feature", "id": 264, "geometry": {"type": "Polygon", "coordinates": [[[110228.01700000092, 455964.9849999994], [110252.9290000014, 455918.5450000018], [110293.94299999997, 455842.6950000003], [110299.55099999905, 455833.4459999986], [110300.11499999836, 455832.8929999992], [110301.93200000003, 455832.76900000125], [110303.46499999985, 455833.2010000013], [110340.95800000057, 455859.0940000005], [110339.5399999991, 455861.45600000024], [110343.32499999925, 455863.9829999991], [110343.4690000005, 455864.0850000009], [110343.60799999908, 455864.19299999997], [110343.74300000072, 455864.30799999833], [110343.87099999934, 455864.4279999994], [110343.99500000104, 455864.5540000014], [110344.11199999973, 455864.6860000007], [110344.22300000116, 455864.8229999989], [110344.32800000161, 455864.96499999985], [110344.42700000107, 455865.11100000143], [110344.51799999923, 455865.26099999994], [110344.60300000012, 455865.41600000113], [110344.68100000173, 455865.57400000095], [110344.7509999983, 455865.73600000143], [110344.81399999931, 455865.90100000054], [110344.87000000104, 455866.06799999997], [110344.91699999943, 455866.23800000176], [110344.95699999854, 455866.40900000185], [110344.98999999836, 455866.58300000057], [110345.01399999857, 455866.7569999993], [110345.03000000119, 455866.93299999833], [110345.0390000008, 455867.1090000011], [110345.0390000008, 455867.28500000015], [110345.03200000152, 455867.4620000012], [110345.0159999989, 455867.63699999824], [110344.99300000072, 455867.811999999], [110344.9609999992, 455867.9849999994], [110344.92199999839, 455868.1570000015], [110344.3599999994, 455870.0469999984], [110303.34600000083, 455945.8969999999], [110315.48000000045, 455952.48999999836], [110306.80999999866, 455968.5240000002], [110287.0390000008, 455957.83399999887], [110270.64400000125, 455988.1739999987], [110228.01700000092, 455964.9849999994]]]}, "properties": {"OBJECTID": 264, "ET_ID": 6820, "NWRW_TYP": "DV", "STELSEL1": "H", "AFGEKOP": 0, "AREA": 8472.02030264331, "ET_Source": "P:\\336468\\Water\\Gis\\Data\\Shape\\Afvoerend oppervlak\\AO_BDGR_RW_2015.shp", "Shape_Length": 437.30687350189754, "Shape_Area": 8472.020302226825}}, {"type": "Feature", "id": 265, "geometry": {"type": "Polygon", "coordinates": [[[110371.48299999908, 455925.59600000083], [110369.55900000036, 455924.3579999991], [110370.36499999836, 455923.1169999987], [110367.78400000185, 455921.44200000167], [110378.71999999881, 455904.59099999815], [110385.27800000086, 455908.11400000006], [110385.15300000086, 455908.3449999988], [110400.70199999958, 455916.69999999925], [110390.67700000107, 455935.3590000011], [110371.71200000122, 455925.16899999976], [110371.48299999908, 455925.59600000083]]]}, "properties": {"OBJECTID": 265, "ET_ID": 7281, "NWRW_TYP": "DV", "STELSEL1": "H", "AFGEKOP": 0, "AREA": 549.44999847692, "ET_Source": "P:\\336468\\Water\\Gis\\Data\\Shape\\Afvoerend oppervlak\\AO_BDGR_RW_2015.shp", "Shape_Length": 95.48706048341919, "Shape_Area": 549.4499985245883}}, {"type": "Feature", "id": 266, "geometry": {"type": "Polygon", "coordinates": [[[110296.59899999946, 456038.58100000024], [110297.4299999997, 456036.18299999833], [110298.42599999905, 456036.7190000005], [110298.55600000173, 456036.4770000018], [110308.91699999943, 456042.04300000146], [110319.31300000101, 456022.6950000003], [110312.22199999914, 456018.88500000164], [110318.40399999917, 456007.3779999986], [110325.49599999934, 456011.188000001], [110334.0150000006, 455995.33199999854], [110327.20499999821, 455991.6730000004], [110327.04899999872, 455991.96400000155], [110326.76700000092, 455991.811999999], [110332.24500000104, 455981.6169999987], [110332.52699999884, 455981.7679999992], [110332.3759999983, 455982.05000000075], [110339.18499999866, 455985.70899999887], [110346.14299999923, 455972.76000000164], [110339.05099999905, 455968.94900000095], [110344.56500000134, 455958.686999999], [110351.6559999995, 455962.4970000014], [110355.20899999887, 455955.8839999996], [110355.75200000033, 455956.17599999905], [110374.17399999872, 455966.07400000095], [110374.20199999958, 455966.08900000155], [110355.98200000077, 456000], [110324.80900000036, 456058.01999999955], [110299.70699999854, 456044.5329999998], [110297.86199999973, 456043.04399999976], [110296.86199999973, 456040.9070000015], [110296.59899999946, 456038.58100000024]]]}, "properties": {"OBJECTID": 266, "ET_ID": 7302, "NWRW_TYP": "DV", "STELSEL1": "H", "AFGEKOP": 0, "AREA": 2612.86232138549, "ET_Source": "P:\\336468\\Water\\Gis\\Data\\Shape\\Afvoerend oppervlak\\AO_BDGR_RW_2015.shp", "Shape_Length": 324.601279666153, "Shape_Area": 2612.8623215521384}}, {"type": "Feature", "id": 267, "geometry": {"type": "Polygon", "coordinates": [[[110324.6409999989, 456058.2659999989], [110299.83999999985, 456044.8720000014], [110298.78599999845, 456044.0780000016], [110297.35700000077, 456042.7129999995], [110296.84800000116, 456041.8999999985], [110296.74199999869, 456041.12000000104], [110296.61899999902, 456040.01099999994], [110296.73999999836, 456039.0080000013], [110296.8740000017, 456038.0520000011], [110297.48900000006, 456036.9059999995], [110308.65799999982, 456042.91099999845], [110319.35099999979, 456023.01199999824], [110312.27699999884, 456019.2100000009], [110318.47100000083, 456007.68299999833], [110325.34200000018, 456011.375], [110333.56199999899, 455996.0769999996], [110326.26300000027, 455992.1550000012], [110332.02499999851, 455981.4310000017], [110339.67100000009, 455985.5399999991], [110346.43400000036, 455972.9539999999], [110339.63899999857, 455969.3029999994], [110344.80099999905, 455959.6970000006], [110351.84899999946, 455963.4840000011], [110355.47300000116, 455956.73999999836], [110373.8759999983, 455966.6279999986], [110324.6409999989, 456058.2659999989]]]}, "properties": {"OBJECTID": 267, "ET_ID": 7303, "NWRW_TYP": "DV", "STELSEL1": "H", "AFGEKOP": 0, "AREA": 2577.60135964285, "ET_Source": "P:\\336468\\Water\\Gis\\Data\\Shape\\Afvoerend oppervlak\\AO_BDGR_RW_2015.shp", "Shape_Length": 321.79731990435255, "Shape_Area": 2577.60135940104}}, {"type": "Feature", "id": 268, "geometry": {"type": "Polygon", "coordinates": [[[110227.84200000018, 455964.94000000134], [110250.29100000113, 455923.4230000004], [110248.43499999866, 455922.4200000018], [110251.01399999857, 455917.65100000054], [110252.9290000014, 455918.5450000018], [110263.63899999857, 455898.73800000176], [110261.78299999982, 455897.7340000011], [110266.01300000027, 455889.91099999845], [110267.86899999902, 455890.9149999991], [110289.3049999997, 455851.2729999982], [110287.44900000095, 455850.26900000125], [110291.64699999988, 455842.50499999896], [110293.50299999863, 455843.5089999996], [110298.32899999991, 455834.60500000045], [110298.75200000033, 455834.05900000036], [110299.26799999923, 455833.5920000002], [110299.85700000077, 455833.22300000116], [110300.5, 455832.96400000155], [110301.1790000014, 455832.8209999986], [110301.8740000017, 455832.80000000075], [110302.55900000036, 455832.90100000054], [110303.21799999848, 455833.12099999934], [110303.82699999958, 455833.4519999996], [110340.71200000122, 455858.9239999987], [110337.97899999842, 455863.9770000018], [110342.11400000006, 455866.2129999995], [110342.74399999902, 455866.94000000134], [110343.2490000017, 455867.7569999993], [110343.61800000072, 455868.6469999999], [110343.83900000155, 455869.58300000057], [110343.89400000125, 455870.9079999998], [110303.33300000057, 455945.9219999984], [110315.48000000045, 455952.48999999836], [110306.80999999866, 455968.5240000002], [110294.61899999902, 455961.93200000003], [110294.20699999854, 455961.70899999887], [110287.0390000008, 455957.83399999887], [110284.67799999937, 455962.19999999925], [110284.5549999997, 455962.4279999994], [110278.93699999899, 455972.81700000167], [110278.81399999931, 455973.0460000001], [110270.67300000042, 455988.1000000015], [110227.84200000018, 455964.94000000134]]]}, "properties": {"OBJECTID": 268, "ET_ID": 7322, "NWRW_TYP": "DV", "STELSEL1": "H", "AFGEKOP": 0, "AREA": 8503.40431795225, "ET_Source": "P:\\336468\\Water\\Gis\\Data\\Shape\\Afvoerend oppervlak\\AO_BDGR_RW_2015.shp", "Shape_Length": 450.29320872540313, "Shape_Area": 8503.404318135325}}, {"type": "Feature", "id": 269, "geometry": {"type": "Polygon", "coordinates": [[[110276.5159999989, 455995.1570000015], [110273.16699999943, 455993.34600000083], [110274.27299999818, 455991.30000000075], [110277.62200000137, 455993.11100000143], [110276.5159999989, 455995.1570000015]]]}, "properties": {"OBJECTID": 269, "ET_ID": 7340, "NWRW_TYP": "DV", "STELSEL1": "H", "AFGEKOP": 0, "AREA": 8.85501999769, "ET_Source": "P:\\336468\\Water\\Gis\\Data\\Shape\\Afvoerend oppervlak\\AO_BDGR_RW_2015.shp", "Shape_Length": 12.26619977290912, "Shape_Area": 8.855020004877373}}, {"type": "Feature", "id": 270, "geometry": {"type": "Polygon", "coordinates": [[[110405.31399999931, 455732.75], [110377.71999999881, 455715.04300000146], [110391.47399999946, 455690.2650000006], [110392.26700000092, 455690.7039999999], [110397.32499999925, 455681.5920000002], [110408.3209999986, 455694.70899999887], [110417.3599999994, 455687.1330000013], [110434.84699999914, 455707.993999999], [110405.62700000033, 455732.48800000176], [110405.31399999931, 455732.75]]]}, "properties": {"OBJECTID": 270, "ET_ID": 7342, "NWRW_TYP": "DV", "STELSEL1": "H", "AFGEKOP": 0, "AREA": 1557.12713798227, "ET_Source": "P:\\336468\\Water\\Gis\\Data\\Shape\\Afvoerend oppervlak\\AO_BDGR_RW_2015.shp", "Shape_Length": 167.12186166837466, "Shape_Area": 1557.1271380276944}}, {"type": "Feature", "id": 271, "geometry": {"type": "Polygon", "coordinates": [[[110453.10099999979, 455727.2410000004], [110436.5390000008, 455750.6090000011], [110379.4600000009, 455716.2960000001], [110397.20499999821, 455682.57499999925], [110410.21799999848, 455694.4070000015], [110418.20300000161, 455687.30799999833], [110453.10099999979, 455727.2410000004]]]}, "properties": {"OBJECTID": 271, "ET_ID": 7343, "NWRW_TYP": "DV", "STELSEL1": "H", "AFGEKOP": 0, "AREA": 2533.03212840194, "ET_Source": "P:\\336468\\Water\\Gis\\Data\\Shape\\Afvoerend oppervlak\\AO_BDGR_RW_2015.shp", "Shape_Length": 214.65117367532875, "Shape_Area": 2533.0321285710666}}, {"type": "Feature", "id": 272, "geometry": {"type": "Polygon", "coordinates": [[[112196.07299999893, 453449.73600000143], [112196.3040000014, 453449.74599999934], [112196.53400000185, 453449.76300000027], [112196.76300000027, 453449.7879999988], [112196.99100000039, 453449.8209999986], [112197.21799999848, 453449.86199999973], [112197.44399999827, 453449.91000000015], [112197.66699999943, 453449.9670000002], [112197.88899999857, 453450.0309999995], [112198.10799999908, 453450.1030000001], [112198.32499999925, 453450.18200000003], [112198.53799999878, 453450.26900000125], [112198.7490000017, 453450.36300000176], [112198.95600000024, 453450.46499999985], [112199.15900000185, 453450.57400000095], [112199.3590000011, 453450.6889999993], [112199.5540000014, 453450.811999999], [112199.74500000104, 453450.94099999964], [112199.93200000003, 453451.0760000013], [112200.11400000006, 453451.2190000005], [112200.2899999991, 453451.3669999987], [112200.46200000122, 453451.5210000016], [112200.62799999863, 453451.6810000017], [112200.78799999878, 453451.84699999914], [112200.94200000167, 453452.01900000125], [112201.09099999815, 453452.1950000003], [112201.23299999908, 453452.3770000003], [112201.36899999902, 453452.563000001], [112201.49799999967, 453452.75400000066], [112201.62000000104, 453452.94999999925], [112201.73600000143, 453453.1490000002], [112201.84499999881, 453453.3530000001], [112201.94700000063, 453453.55999999866], [112202.04100000113, 453453.76999999955], [112202.12799999863, 453453.9840000011], [112202.20699999854, 453454.19999999925], [112202.27899999917, 453454.41899999976], [112202.3440000005, 453454.6409999989], [112202.39999999851, 453454.86400000006], [112202.44900000095, 453455.08999999985], [112202.48999999836, 453455.31700000167], [112202.52299999818, 453455.5450000018], [112202.54800000042, 453455.7740000002], [112202.56599999964, 453456.00400000066], [112202.57499999925, 453456.2349999994], [112202.57600000128, 453456.46499999985], [112202.56899999827, 453456.6959999986], [112202.5549999997, 453456.92599999905], [112202.53200000152, 453457.1559999995], [112202.5009999983, 453457.3839999996], [112202.46299999952, 453457.61199999973], [112202.41600000113, 453457.8379999995], [112202.36199999973, 453458.061999999], [112202.30000000075, 453458.28400000185], [112202.23000000045, 453458.50400000066], [112202.15300000086, 453458.72100000083], [112202.06799999997, 453458.9360000007], [112201.97599999979, 453459.1469999999], [112201.87700000033, 453459.35500000045], [112201.76999999955, 453459.55999999866], [112201.6559999995, 453459.76000000164], [112201.53599999845, 453459.95699999854], [112201.40900000185, 453460.1490000002], [112201.27499999851, 453460.3370000012], [112201.13500000164, 453460.51999999955], [112200.98800000176, 453460.69900000095], [112200.8350000009, 453460.87099999934], [112200.67700000107, 453461.0390000008], [112200.51300000027, 453461.2010000013], [112200.34299999848, 453461.3570000008], [112200.16800000146, 453461.5069999993], [112199.98800000176, 453461.65100000054], [112199.80299999937, 453461.7890000008], [112199.61300000176, 453461.9200000018], [112199.41899999976, 453462.0450000018], [112199.21999999881, 453462.1620000005], [112199.01799999923, 453462.2729999982], [112154.87000000104, 453483.7569999993], [112154.80700000003, 453483.78599999845], [112154.69399999827, 453483.83100000024], [112154.57800000161, 453483.868999999], [112154.4600000009, 453483.8990000002], [112154.33999999985, 453483.9210000001], [112154.21999999881, 453483.93499999866], [112154.09800000116, 453483.94099999964], [112153.97599999979, 453483.9389999993], [112153.85500000045, 453483.9290000014], [112153.7349999994, 453483.9120000005], [112153.61600000039, 453483.88599999994], [112153.4990000017, 453483.8530000001], [112153.38500000164, 453483.811999999], [112153.27299999818, 453483.76300000027], [112153.1649999991, 453483.70699999854], [112153.06100000069, 453483.64499999955], [112152.9609999992, 453483.57499999925], [112152.86600000039, 453483.5], [112152.77600000054, 453483.41800000146], [112152.69099999964, 453483.3299999982], [112152.61300000176, 453483.23699999973], [112152.54100000113, 453483.13899999857], [112152.47500000149, 453483.0370000005], [112152.41699999943, 453482.9299999997], [112152.36499999836, 453482.8200000003], [112148.17700000107, 453474.2179999985], [112148.14900000021, 453474.15300000086], [112148.10700000077, 453474.0390000008], [112148.07200000063, 453473.9230000004], [112148.04500000179, 453473.8040000014], [112148.02600000054, 453473.68400000036], [112148.0150000006, 453473.563000001], [112148.01199999824, 453473.44099999964], [112148.01700000092, 453473.3200000003], [112148.03000000119, 453473.19900000095], [112148.05099999905, 453473.0789999999], [112148.07899999991, 453472.9609999992], [112148.11600000039, 453472.8449999988], [112148.15900000185, 453472.7320000008], [112148.2109999992, 453472.62099999934], [112148.26900000125, 453472.5150000006], [112148.33399999887, 453472.4120000005], [112148.4059999995, 453472.3139999993], [112148.4840000011, 453472.22100000083], [112148.56799999997, 453472.1330000013], [112148.65799999982, 453472.05099999905], [112148.75299999863, 453471.9750000015], [112148.85300000012, 453471.9050000012], [112148.95699999854, 453471.8429999985], [112149.06500000134, 453471.7870000005], [112149.17599999905, 453471.73800000176], [112193.21200000122, 453450.3139999993], [112193.37299999967, 453450.24500000104], [112193.58700000122, 453450.16000000015], [112193.8040000014, 453450.08199999854], [112194.02400000021, 453450.01300000027], [112194.24599999934, 453449.9510000013], [112194.46999999881, 453449.8960000016], [112194.6959999986, 453449.8500000015], [112194.92399999872, 453449.8110000007], [112195.15199999884, 453449.7800000012], [112195.38199999928, 453449.7569999993], [112195.61199999973, 453449.7419999987], [112195.84299999848, 453449.7349999994], [112196.07299999893, 453449.73600000143]]]}, "properties": {"OBJECTID": 272, "ET_ID": 11754, "NWRW_TYP": "DV", "STELSEL1": "H", "AFGEKOP": 0, "AREA": 742.63117300165, "ET_Source": "P:\\336468\\Water\\Gis\\Data\\Shape\\Afvoerend oppervlak\\AO_BDGR_RW_2015.shp", "Shape_Length": 134.0855806573124, "Shape_Area": 742.6311729179233}}, {"type": "Feature", "id": 273, "geometry": {"type": "Polygon", "coordinates": [[[112106.23000000045, 453503.0179999992], [112104.92399999872, 453500.31700000167], [112104.80700000003, 453500.3729999997], [112104.48600000143, 453500.5210000016], [112104.16200000048, 453500.66099999845], [112103.83399999887, 453500.79399999976], [112103.50400000066, 453500.91899999976], [112103.17100000009, 453501.0370000005], [112102.8350000009, 453501.1469999999], [112102.49700000137, 453501.25], [112102.15700000152, 453501.3449999988], [112101.81500000134, 453501.43200000003], [112101.47100000083, 453501.51199999824], [112101.125, 453501.58300000057], [112100.77699999884, 453501.6469999999], [112100.4290000014, 453501.7030000016], [112100.07899999991, 453501.7509999983], [112099.72800000012, 453501.79100000113], [112099.3759999983, 453501.82400000095], [112099.02299999818, 453501.84800000116], [112098.67100000009, 453501.86400000006], [112098.31700000167, 453501.8720000014], [112097.96400000155, 453501.8720000014], [112097.61100000143, 453501.86400000006], [112097.25800000131, 453501.84899999946], [112096.9059999995, 453501.82499999925], [112096.5540000014, 453501.79300000146], [112096.20300000161, 453501.7529999986], [112095.85300000012, 453501.70600000024], [112095.50400000066, 453501.6499999985], [112095.15700000152, 453501.5870000012], [112094.81100000069, 453501.5150000006], [112094.46599999815, 453501.4360000007], [112094.1240000017, 453501.34899999946], [112093.78400000185, 453501.25499999896], [112093.4450000003, 453501.15199999884], [112093.1099999994, 453501.04199999943], [112092.77699999884, 453500.92500000075], [112092.4459999986, 453500.80000000075], [112092.11899999902, 453500.66699999943], [112091.79399999976, 453500.52699999884], [112091.47300000116, 453500.37999999896], [112091.1559999995, 453500.2259999998], [112090.84099999815, 453500.0639999993], [112090.5309999995, 453499.8960000016], [112090.22500000149, 453499.7199999988], [112089.92199999839, 453499.5379999988], [112089.6240000017, 453499.34800000116], [112089.32999999821, 453499.15199999884], [112089.04100000113, 453498.94999999925], [112088.75600000098, 453498.73999999836], [112088.47599999979, 453498.5249999985], [112088.20100000128, 453498.3029999994], [112087.93100000173, 453498.07499999925], [112087.66699999943, 453497.84099999815], [112087.40700000152, 453497.6009999998], [112087.15399999917, 453497.35500000045], [112086.9059999995, 453497.1039999984], [112086.66299999878, 453496.84699999914], [112086.42700000107, 453496.58399999887], [112086.1959999986, 453496.31700000167], [112085.97199999914, 453496.04399999976], [112085.75400000066, 453495.7659999989], [112085.54199999943, 453495.4829999991], [112085.33700000122, 453495.1959999986], [112085.13800000027, 453494.90399999917], [112084.9459999986, 453494.6070000008], [112084.76099999994, 453494.30700000003], [112084.58199999854, 453494.0020000003], [112084.41099999845, 453493.69299999997], [112084.24599999934, 453493.37999999896], [112084.08900000155, 453493.0639999993], [112081.38800000027, 453494.37000000104], [112074.92599999905, 453481.01199999824], [112077.80700000003, 453479.6180000007], [112078.24100000039, 453479.41600000113], [112078.69299999997, 453479.21599999815], [112079.14699999988, 453479.0219999999], [112079.60500000045, 453478.8359999992], [112080.06500000134, 453478.6579999998], [112080.52899999917, 453478.48600000143], [112080.99500000104, 453478.3229999989], [112081.46299999952, 453478.16699999943], [112081.93400000036, 453478.0179999992], [112082.40799999982, 453477.8779999986], [112082.88399999961, 453477.74500000104], [112083.36100000143, 453477.618999999], [112083.84099999815, 453477.5020000003], [112084.32299999893, 453477.3920000009], [112084.80600000173, 453477.2899999991], [112085.29100000113, 453477.1959999986], [112085.77699999884, 453477.1090000011], [112086.2650000006, 453477.0309999995], [112086.75400000066, 453476.9600000009], [112087.24399999902, 453476.8979999982], [112087.7349999994, 453476.8429999985], [112088.22599999979, 453476.7969999984], [112088.7190000005, 453476.7580000013], [112089.21200000122, 453476.7270000018], [112089.70499999821, 453476.7039999999], [112090.19900000095, 453476.69000000134], [112090.69299999997, 453476.68299999833], [112091.18699999899, 453476.68400000036], [112091.68100000173, 453476.69299999997], [112092.17399999872, 453476.7109999992], [112092.66800000146, 453476.73600000143], [112093.16000000015, 453476.76900000125], [112093.65300000086, 453476.80999999866], [112094.14400000125, 453476.8590000011], [112094.63500000164, 453476.91699999943], [112095.1240000017, 453476.9820000008], [112095.61300000176, 453477.0549999997], [112096.10000000149, 453477.13599999994], [112096.5859999992, 453477.22399999946], [112097.0700000003, 453477.3209999986], [112097.55299999937, 453477.42500000075], [112098.03400000185, 453477.5379999988], [112098.51300000027, 453477.6579999998], [112098.98999999836, 453477.78500000015], [112099.46499999985, 453477.9210000001], [112099.93800000101, 453478.0639999993], [112100.40900000185, 453478.21499999985], [112100.8759999983, 453478.3729999997], [112101.34200000018, 453478.5390000008], [112101.8040000014, 453478.7129999995], [112102.26399999857, 453478.89400000125], [112102.71999999881, 453479.08199999854], [112103.17399999872, 453479.27800000086], [112103.6240000017, 453479.48099999875], [112104.0709999986, 453479.69099999964], [112104.5150000006, 453479.90900000185], [112104.95399999991, 453480.1330000013], [112105.3909999989, 453480.36499999836], [112105.82299999893, 453480.6039999984], [112106.2509999983, 453480.8500000015], [112106.67599999905, 453481.1020000018], [112107.09600000083, 453481.36199999973], [112107.51199999824, 453481.6279999986], [112107.92399999872, 453481.90100000054], [112108.33100000024, 453482.1810000017], [112108.7340000011, 453482.4670000002], [112109.13100000098, 453482.76000000164], [112109.52499999851, 453483.05900000036], [112109.91299999878, 453483.36400000006], [112110.29600000009, 453483.67599999905], [112110.67399999872, 453483.993999999], [112111.04699999839, 453484.31799999997], [112111.4149999991, 453484.6479999982], [112111.77699999884, 453484.9829999991], [112112.13399999961, 453485.32499999925], [112112.4849999994, 453485.6719999984], [112112.82999999821, 453486.0249999985], [112113.17000000179, 453486.3839999996], [112113.50400000066, 453486.7479999997], [112113.83199999854, 453487.1169999987], [112114.15399999917, 453487.4919999987], [112114.46999999881, 453487.8720000014], [112114.77899999917, 453488.2569999993], [112115.08199999854, 453488.6460000016], [112115.37900000066, 453489.04100000113], [112115.67000000179, 453489.44000000134], [112115.95399999991, 453489.8449999988], [112116.23200000077, 453490.2529999986], [112116.50200000033, 453490.66600000113], [112116.7659999989, 453491.08399999887], [112117.02400000021, 453491.50499999896], [112117.27400000021, 453491.9310000017], [112117.51799999923, 453492.36100000143], [112117.75400000066, 453492.7950000018], [112117.9840000011, 453493.2320000008], [112118.20600000024, 453493.6730000004], [112119.59899999946, 453496.5540000014], [112106.23000000045, 453503.0179999992]]]}, "properties": {"OBJECTID": 273, "ET_ID": 11755, "NWRW_TYP": "DV", "STELSEL1": "H", "AFGEKOP": 0, "AREA": 764.15383251443, "ET_Source": "P:\\336468\\Water\\Gis\\Data\\Shape\\Afvoerend oppervlak\\AO_BDGR_RW_2015.shp", "Shape_Length": 113.99700638686335, "Shape_Area": 764.1538325067437}}, {"type": "Feature", "id": 274, "geometry": {"type": "Polygon", "coordinates": [[[112114.625, 453541.3900000006], [112111.47399999946, 453534.92599999905], [112103.07899999991, 453538.9979999997], [112091.70300000161, 453515.54199999943], [112115.15100000054, 453504.16899999976], [112119.22300000116, 453512.5639999993], [112125.74199999869, 453509.40300000086], [112133.05700000003, 453524.51199999824], [112132.12999999896, 453524.9609999992], [112132.16600000113, 453525.04399999976], [112132.25, 453525.2520000003], [112132.32699999958, 453525.4629999995], [112132.39699999988, 453525.6770000011], [112132.45899999887, 453525.89400000125], [112132.51300000027, 453526.11199999973], [112132.55900000036, 453526.33199999854], [112132.59800000116, 453526.5540000014], [112132.62799999863, 453526.77699999884], [112132.65100000054, 453527], [112132.6649999991, 453527.2250000015], [112132.67199999839, 453527.44999999925], [112132.67100000009, 453527.67500000075], [112132.66099999845, 453527.8990000002], [112132.64400000125, 453528.1240000017], [112132.61899999902, 453528.34699999914], [112132.5850000009, 453528.5700000003], [112132.54399999976, 453528.79100000113], [112132.49500000104, 453529.01000000164], [112132.43800000101, 453529.2280000001], [112132.3740000017, 453529.4439999983], [112132.30200000107, 453529.6570000015], [112132.22199999914, 453529.8669999987], [112132.13500000164, 453530.07400000095], [112132.04100000113, 453530.27899999917], [112131.93899999931, 453530.4789999984], [112131.83100000024, 453530.67599999905], [112131.71499999985, 453530.868999999], [112131.59299999848, 453531.05799999833], [112131.46400000155, 453531.2419999987], [112131.32800000161, 453531.4219999984], [112131.18699999899, 453531.59600000083], [112131.0390000008, 453531.7659999989], [112130.88500000164, 453531.9299999997], [112130.72500000149, 453532.08900000155], [112130.55999999866, 453532.2410000004], [112130.3900000006, 453532.38800000027], [112130.21400000155, 453532.52899999917], [112130.03400000185, 453532.6629999988], [112129.84899999946, 453532.79100000113], [112129.65900000185, 453532.9120000005], [112129.46599999815, 453533.02699999884], [112129.26799999923, 453533.1339999996], [112129.72599999979, 453534.0789999999], [112114.625, 453541.3900000006]]]}, "properties": {"OBJECTID": 274, "ET_ID": 11756, "NWRW_TYP": "DV", "STELSEL1": "H", "AFGEKOP": 0, "AREA": 950.64506197864, "ET_Source": "P:\\336468\\Water\\Gis\\Data\\Shape\\Afvoerend oppervlak\\AO_BDGR_RW_2015.shp", "Shape_Length": 130.4085481876796, "Shape_Area": 950.6450619729095}}, {"type": "Feature", "id": 275, "geometry": {"type": "Polygon", "coordinates": [[[112204.29100000113, 453464.9310000017], [112204.38100000098, 453464.94200000167], [112204.47100000083, 453464.9609999992], [112204.55799999833, 453464.98699999973], [112204.64299999923, 453465.0210000016], [112204.72500000149, 453465.061999999], [112204.80299999937, 453465.1099999994], [112204.8759999983, 453465.1649999991], [112204.94399999827, 453465.2259999998], [112205.00600000098, 453465.29300000146], [112205.06300000101, 453465.36499999836], [112205.11300000176, 453465.44099999964], [112205.1559999995, 453465.5219999999], [112218.51700000092, 453492.9299999997], [112218.5390000008, 453492.98099999875], [112218.5700000003, 453493.0689999983], [112218.5940000005, 453493.15900000185], [112218.6099999994, 453493.2509999983], [112218.61800000072, 453493.3440000005], [112218.61800000072, 453493.438000001], [112218.6099999994, 453493.5309999995], [112218.5940000005, 453493.6229999997], [112218.5700000003, 453493.7129999995], [112218.53799999878, 453493.80099999905], [112218.4990000017, 453493.88599999994], [112218.45300000161, 453493.9670000002], [112218.40100000054, 453494.0450000018], [112218.34099999815, 453494.1169999987], [112218.27600000054, 453494.18400000036], [112218.20600000024, 453494.24500000104], [112218.12999999896, 453494.30000000075], [112218.05000000075, 453494.34800000116], [112213.1959999986, 453496.7170000002], [112213.10000000149, 453496.7490000017], [112213.00899999961, 453496.76999999955], [112212.91699999943, 453496.7829999998], [112212.82400000095, 453496.7890000008], [112212.73099999875, 453496.78599999845], [112212.63899999857, 453496.7749999985], [112212.54800000042, 453496.7569999993], [112212.45899999887, 453496.73000000045], [112212.37200000137, 453496.6970000006], [112212.2890000008, 453496.6550000012], [112212.20899999887, 453496.6070000008], [112212.13399999961, 453496.5520000011], [112212.06399999931, 453496.4910000004], [112211.9990000017, 453496.4239999987], [112211.94099999964, 453496.3520000018], [112211.88800000027, 453496.2749999985], [112211.84299999848, 453496.1939999983], [112198.53700000048, 453468.90199999884], [112198.52800000086, 453468.88699999824], [112198.4849999994, 453468.8040000014], [112198.44900000095, 453468.7170000002], [112198.42000000179, 453468.6279999986], [112198.39900000021, 453468.53599999845], [112198.38599999994, 453468.44299999997], [112198.38100000098, 453468.34899999946], [112198.38399999961, 453468.25499999896], [112198.39499999955, 453468.1620000005], [112198.41299999878, 453468.0700000003], [112198.44000000134, 453467.98000000045], [112198.47399999946, 453467.8920000009], [112198.5150000006, 453467.80799999833], [112198.56399999931, 453467.7270000018], [112198.61899999902, 453467.65100000054], [112198.6799999997, 453467.5799999982], [112198.74700000137, 453467.51399999857], [112198.8200000003, 453467.4539999999], [112198.89699999988, 453467.40100000054], [112198.97899999842, 453467.3539999984], [112199.06399999931, 453467.31500000134], [112203.80999999866, 453465.0089999996], [112203.92799999937, 453464.9679999985], [112204.01700000092, 453464.9470000006], [112204.10799999908, 453464.93400000036], [112204.19900000095, 453464.9279999994], [112204.29100000113, 453464.9310000017]]]}, "properties": {"OBJECTID": 275, "ET_ID": 11757, "NWRW_TYP": "DV", "STELSEL1": "H", "AFGEKOP": 0, "AREA": 241.35333556156, "ET_Source": "P:\\336468\\Water\\Gis\\Data\\Shape\\Afvoerend oppervlak\\AO_BDGR_RW_2015.shp", "Shape_Length": 78.24972039070937, "Shape_Area": 241.35333550684345}}, {"type": "Feature", "id": 276, "geometry": {"type": "Polygon", "coordinates": [[[112104.20199999958, 453738.0300000012], [112081.7659999989, 453748.936999999], [112070.51999999955, 453754.40399999917], [112043.52699999884, 453767.5399999991], [112028.03599999845, 453735.69099999964], [112023.58399999887, 453726.5379999988], [112041.63699999824, 453717.7289999984], [112046.05900000036, 453726.79100000113], [112054.32999999821, 453722.75499999896], [112054.93299999833, 453722.4609999992], [112055.2100000009, 453722.3260000013], [112066.20800000057, 453716.9600000009], [112069.19399999827, 453715.5029999986], [112064.83199999854, 453706.48999999836], [112084.32899999991, 453697.0540000014], [112104.20199999958, 453738.0300000012]]]}, "properties": {"OBJECTID": 276, "ET_ID": 11758, "NWRW_TYP": "DV", "STELSEL1": "H", "AFGEKOP": 0, "AREA": 2818.1589175476, "ET_Source": "P:\\336468\\Water\\Gis\\Data\\Shape\\Afvoerend oppervlak\\AO_BDGR_RW_2015.shp", "Shape_Length": 246.19260064980057, "Shape_Area": 2818.1589174906485}}, {"type": "Feature", "id": 277, "geometry": {"type": "Polygon", "coordinates": [[[112168.96200000122, 453759.2120000012], [112167.6099999994, 453751.08999999985], [112161.68699999899, 453752.05999999866], [112155.79800000042, 453716.561999999], [112161.67199999839, 453715.59899999946], [112161.0940000005, 453712.125], [112228.37799999863, 453700.8929999992], [112236.26099999994, 453747.96599999815], [112168.96200000122, 453759.2120000012]]]}, "properties": {"OBJECTID": 277, "ET_ID": 11759, "NWRW_TYP": "DV", "STELSEL1": "H", "AFGEKOP": 0, "AREA": 3471.61254146027, "ET_Source": "P:\\336468\\Water\\Gis\\Data\\Shape\\Afvoerend oppervlak\\AO_BDGR_RW_2015.shp", "Shape_Length": 243.86871383033355, "Shape_Area": 3471.612541496588}}, {"type": "Feature", "id": 278, "geometry": {"type": "Polygon", "coordinates": [[[112115.31399999931, 453760.9200000018], [112104.53000000119, 453766.1469999999], [112113.2650000006, 453784.16899999976], [112072.32400000095, 453804.0029999986], [112063.59299999848, 453785.9970000014], [112054.65799999982, 453767.5700000003], [112106.35799999908, 453742.5009999983], [112115.31399999931, 453760.9200000018]]]}, "properties": {"OBJECTID": 278, "ET_ID": 11760, "NWRW_TYP": "DV", "STELSEL1": "H", "AFGEKOP": 0, "AREA": 2087.66604451677, "ET_Source": "P:\\336468\\Water\\Gis\\Data\\Shape\\Afvoerend oppervlak\\AO_BDGR_RW_2015.shp", "Shape_Length": 195.9320561181431, "Shape_Area": 2087.6660445734365}}, {"type": "Feature", "id": 279, "geometry": {"type": "Polygon", "coordinates": [[[111999.28500000015, 453595.59699999914], [111958.51099999994, 453615.33300000057], [111940.5399999991, 453578.2049999982], [111934.67100000009, 453581.0450000018], [111934.7190000005, 453581.14400000125], [111934.53000000119, 453581.23600000143], [111933.72800000012, 453579.5799999982], [111924.6649999991, 453583.96599999815], [111900.4299999997, 453533.9609999992], [111956.34899999946, 453506.89400000125], [111999.28500000015, 453595.59699999914]]]}, "properties": {"OBJECTID": 279, "ET_ID": 11761, "NWRW_TYP": "DV", "STELSEL1": "H", "AFGEKOP": 0, "AREA": 5410.05128497996, "ET_Source": "P:\\336468\\Water\\Gis\\Data\\Shape\\Afvoerend oppervlak\\AO_BDGR_RW_2015.shp", "Shape_Length": 321.53835058916565, "Shape_Area": 5410.051284952231}}, {"type": "Feature", "id": 280, "geometry": {"type": "Polygon", "coordinates": [[[112282.43699999899, 453823.7120000012], [112264.11100000143, 453826.75499999896], [112255.54800000042, 453775.1860000007], [112265.88300000131, 453773.4699999988], [112267.52100000158, 453783.3220000006], [112275.38500000164, 453781.9930000007], [112282.43699999899, 453823.7120000012]]]}, "properties": {"OBJECTID": 280, "ET_ID": 11762, "NWRW_TYP": "DV", "STELSEL1": "H", "AFGEKOP": 0, "AREA": 887.71257457891, "ET_Source": "P:\\336468\\Water\\Gis\\Data\\Shape\\Afvoerend oppervlak\\AO_BDGR_RW_2015.shp", "Shape_Length": 141.60209248323264, "Shape_Area": 887.7125744677504}}, {"type": "Feature", "id": 281, "geometry": {"type": "Polygon", "coordinates": [[[112306.48099999875, 453819.7199999988], [112282.43699999899, 453823.7120000012], [112275.38500000164, 453781.9930000007], [112279.56100000069, 453781.2870000005], [112282.06500000134, 453796.1070000008], [112287.92199999839, 453795.1169999987], [112288.25499999896, 453797.08900000155], [112302.32200000063, 453794.7120000012], [112306.48099999875, 453819.7199999988]]]}, "properties": {"OBJECTID": 281, "ET_ID": 11763, "NWRW_TYP": "DV", "STELSEL1": "H", "AFGEKOP": 0, "AREA": 701.88394548224, "ET_Source": "P:\\336468\\Water\\Gis\\Data\\Shape\\Afvoerend oppervlak\\AO_BDGR_RW_2015.shp", "Shape_Length": 133.5071617201434, "Shape_Area": 701.8839454719158}}, {"type": "Feature", "id": 282, "geometry": {"type": "Polygon", "coordinates": [[[112321.72199999914, 453816.2100000009], [112318.78299999982, 453816.7030000016], [112318.94200000167, 453817.6499999985], [112318.67399999872, 453817.6950000003], [112306.48099999875, 453819.7199999988], [112302.32200000063, 453794.7120000012], [112302.40500000119, 453794.6979999989], [112297.48099999875, 453765.5610000007], [112319.72300000116, 453761.8029999994], [112323.8759999983, 453786.41899999976], [112314.0150000006, 453788.08199999854], [112314.78799999878, 453792.6640000008], [112324.61400000006, 453791.0069999993], [112327.56799999997, 453808.5729999989], [112317.70600000024, 453810.23099999875], [112318.05900000036, 453812.33199999854], [112320.98800000176, 453811.83999999985], [112321.72199999914, 453816.2100000009]]]}, "properties": {"OBJECTID": 282, "ET_ID": 11764, "NWRW_TYP": "DV", "STELSEL1": "H", "AFGEKOP": 0, "AREA": 1131.99130645605, "ET_Source": "P:\\336468\\Water\\Gis\\Data\\Shape\\Afvoerend oppervlak\\AO_BDGR_RW_2015.shp", "Shape_Length": 181.03544847328462, "Shape_Area": 1131.991306484717}}, {"type": "Feature", "id": 283, "geometry": {"type": "Polygon", "coordinates": [[[112238.78700000048, 453831.1970000006], [112220.94700000063, 453834.1860000007], [112213.88399999961, 453792.0320000015], [112223.73200000077, 453790.3779999986], [112222.07699999958, 453780.51999999955], [112230.05600000173, 453779.1799999997], [112238.78700000048, 453831.1970000006]]]}, "properties": {"OBJECTID": 283, "ET_ID": 11765, "NWRW_TYP": "DV", "STELSEL1": "H", "AFGEKOP": 0, "AREA": 853.81253852191, "ET_Source": "P:\\336468\\Water\\Gis\\Data\\Shape\\Afvoerend oppervlak\\AO_BDGR_RW_2015.shp", "Shape_Length": 141.64756104720382, "Shape_Area": 853.8125385698079}}, {"type": "Feature", "id": 284, "geometry": {"type": "Polygon", "coordinates": [[[112256.89600000158, 453828.1629999988], [112238.78700000048, 453831.1970000006], [112230.05600000173, 453779.1799999997], [112242.97700000182, 453777.01099999994], [112244.63199999928, 453786.87000000104], [112249.81700000167, 453785.9990000017], [112256.89600000158, 453828.1629999988]]]}, "properties": {"OBJECTID": 284, "ET_ID": 11766, "NWRW_TYP": "DV", "STELSEL1": "H", "AFGEKOP": 0, "AREA": 915.90314904144, "ET_Source": "P:\\336468\\Water\\Gis\\Data\\Shape\\Afvoerend oppervlak\\AO_BDGR_RW_2015.shp", "Shape_Length": 142.21655950938373, "Shape_Area": 915.9031490041541}}, {"type": "Feature", "id": 285, "geometry": {"type": "Polygon", "coordinates": [[[112186.29399999976, 453805.30900000036], [112173.2490000017, 453807.5029999986], [112171.77499999851, 453798.6400000006], [112184.81399999931, 453796.43200000003], [112186.29399999976, 453805.30900000036]]]}, "properties": {"OBJECTID": 285, "ET_ID": 11767, "NWRW_TYP": "DV", "STELSEL1": "H", "AFGEKOP": 0, "AREA": 118.93341700628, "ET_Source": "P:\\336468\\Water\\Gis\\Data\\Shape\\Afvoerend oppervlak\\AO_BDGR_RW_2015.shp", "Shape_Length": 44.43710592447606, "Shape_Area": 118.93341698743161}}, {"type": "Feature", "id": 286, "geometry": {"type": "Polygon", "coordinates": [[[112184.81399999931, 453796.43200000003], [112171.77499999851, 453798.6400000006], [112170.26000000164, 453789.5249999985], [112183.29600000009, 453787.3280000016], [112184.81399999931, 453796.43200000003]]]}, "properties": {"OBJECTID": 286, "ET_ID": 11768, "NWRW_TYP": "DV", "STELSEL1": "H", "AFGEKOP": 0, "AREA": 122.10519748043, "ET_Source": "P:\\336468\\Water\\Gis\\Data\\Shape\\Afvoerend oppervlak\\AO_BDGR_RW_2015.shp", "Shape_Length": 44.91419949080128, "Shape_Area": 122.1051974936889}}, {"type": "Feature", "id": 287, "geometry": {"type": "Polygon", "coordinates": [[[112173.2490000017, 453807.5029999986], [112160.22100000083, 453809.6939999983], [112158.73600000143, 453800.84800000116], [112171.77499999851, 453798.6400000006], [112173.2490000017, 453807.5029999986]]]}, "properties": {"OBJECTID": 287, "ET_ID": 11769, "NWRW_TYP": "DV", "STELSEL1": "H", "AFGEKOP": 0, "AREA": 118.65928602319, "ET_Source": "P:\\336468\\Water\\Gis\\Data\\Shape\\Afvoerend oppervlak\\AO_BDGR_RW_2015.shp", "Shape_Length": 44.39009374391067, "Shape_Area": 118.65928596224481}}, {"type": "Feature", "id": 288, "geometry": {"type": "Polygon", "coordinates": [[[112171.77499999851, 453798.6400000006], [112158.73600000143, 453800.84800000116], [112157.20399999991, 453791.7259999998], [112170.26000000164, 453789.5249999985], [112171.77499999851, 453798.6400000006]]]}, "properties": {"OBJECTID": 288, "ET_ID": 11770, "NWRW_TYP": "DV", "STELSEL1": "H", "AFGEKOP": 0, "AREA": 122.3321845107, "ET_Source": "P:\\336468\\Water\\Gis\\Data\\Shape\\Afvoerend oppervlak\\AO_BDGR_RW_2015.shp", "Shape_Length": 44.954649955424166, "Shape_Area": 122.33218451675165}}, {"type": "Feature", "id": 289, "geometry": {"type": "Polygon", "coordinates": [[[111077.85300000012, 453832.74599999934], [111069.17399999872, 453837.02800000086], [111071.08799999952, 453840.9310000017], [110939.18100000173, 453905.29100000113], [110888.62900000066, 453801.9699999988], [110887.2490000017, 453799.1490000002], [110974.26300000027, 453756.6220000014], [110981.34299999848, 453753.16099999845], [110982.0700000003, 453752.8060000017], [110987.81100000069, 453750], [111000, 453744.04199999943], [111004.10500000045, 453742.03599999845], [111004.8909999989, 453741.65199999884], [111008.4840000011, 453739.8960000016], [111027.72899999842, 453730.4910000004], [111037.26300000027, 453750], [111061.00200000033, 453798.5689999983], [111077.5, 453832.32400000095], [111077.61899999902, 453832.2659999989], [111077.85300000012, 453832.74599999934]]]}, "properties": {"OBJECTID": 289, "ET_ID": 11771, "NWRW_TYP": "DV", "STELSEL1": "H", "AFGEKOP": 0, "AREA": 18439.91744262585, "ET_Source": "P:\\336468\\Water\\Gis\\Data\\Shape\\Afvoerend oppervlak\\AO_BDGR_RW_2015.shp", "Shape_Length": 549.3328687287174, "Shape_Area": 18439.917442500242}}, {"type": "Feature", "id": 290, "geometry": {"type": "Polygon", "coordinates": [[[111984.36400000006, 453781.6889999993], [111960.65100000054, 453793.33300000057], [111948.89699999988, 453769.3960000016], [111948.7809999995, 453769.4530000016], [111946.20100000128, 453764.2030000016], [111954.21400000155, 453760.27800000086], [111954.25800000131, 453760.3680000007], [111966.52899999917, 453754.3570000008], [111970.3350000009, 453762.1279999986], [111970.42500000075, 453762.08399999887], [111970.97800000012, 453763.21400000155], [111974.45600000024, 453761.51000000164], [111984.36400000006, 453781.6889999993]]]}, "properties": {"OBJECTID": 290, "ET_ID": 11772, "NWRW_TYP": "DV", "STELSEL1": "H", "AFGEKOP": 0, "AREA": 818.48530799112, "ET_Source": "P:\\336468\\Water\\Gis\\Data\\Shape\\Afvoerend oppervlak\\AO_BDGR_RW_2015.shp", "Shape_Length": 118.1151194586191, "Shape_Area": 818.4853079802582}}, {"type": "Feature", "id": 291, "geometry": {"type": "Polygon", "coordinates": [[[111965.32800000161, 453726.09899999946], [111962.7509999983, 453727.54199999943], [111961.5309999995, 453725.26300000027], [111964.09200000018, 453723.8929999992], [111965.32800000161, 453726.09899999946]]]}, "properties": {"OBJECTID": 291, "ET_ID": 11773, "NWRW_TYP": "DV", "STELSEL1": "H", "AFGEKOP": 0, "AREA": 7.48816449865, "ET_Source": "P:\\336468\\Water\\Gis\\Data\\Shape\\Afvoerend oppervlak\\AO_BDGR_RW_2015.shp", "Shape_Length": 10.971581916024615, "Shape_Area": 7.488164504501924}}, {"type": "Feature", "id": 292, "geometry": {"type": "Polygon", "coordinates": [[[112204.17300000042, 453511.59899999946], [112171.38599999994, 453527.53500000015], [112164.88899999857, 453514.1730000004], [112197.66600000113, 453498.23000000045], [112204.17300000042, 453511.59899999946]]]}, "properties": {"OBJECTID": 292, "ET_ID": 11774, "NWRW_TYP": "DV", "STELSEL1": "H", "AFGEKOP": 0, "AREA": 541.78645000152, "ET_Source": "P:\\336468\\Water\\Gis\\Data\\Shape\\Afvoerend oppervlak\\AO_BDGR_RW_2015.shp", "Shape_Length": 102.62967935288412, "Shape_Area": 541.7864500071548}}, {"type": "Feature", "id": 293, "geometry": {"type": "Polygon", "coordinates": [[[112223.82499999925, 453503.811999999], [112221.57999999821, 453504.8999999985], [112219.52400000021, 453500.79199999943], [112221.80999999866, 453499.67500000075], [112223.82499999925, 453503.811999999]]]}, "properties": {"OBJECTID": 293, "ET_ID": 11775, "NWRW_TYP": "DV", "STELSEL1": "H", "AFGEKOP": 0, "AREA": 11.58366251107, "ET_Source": "P:\\336468\\Water\\Gis\\Data\\Shape\\Afvoerend oppervlak\\AO_BDGR_RW_2015.shp", "Shape_Length": 14.234460598495536, "Shape_Area": 11.583662493325397}}, {"type": "Feature", "id": 294, "geometry": {"type": "Polygon", "coordinates": [[[111995.56500000134, 453476.42500000075], [111991.28299999982, 453478.7710000016], [111990.13399999961, 453476.64499999955], [111994.41600000113, 453474.30000000075], [111995.56500000134, 453476.42500000075]]]}, "properties": {"OBJECTID": 294, "ET_ID": 11776, "NWRW_TYP": "DV", "STELSEL1": "H", "AFGEKOP": 0, "AREA": 11.79637050202, "ET_Source": "P:\\336468\\Water\\Gis\\Data\\Shape\\Afvoerend oppervlak\\AO_BDGR_RW_2015.shp", "Shape_Length": 14.596978993036364, "Shape_Area": 11.796370507853299}}, {"type": "Feature", "id": 295, "geometry": {"type": "Polygon", "coordinates": [[[112345.42599999905, 453758.0769999996], [112342.95800000057, 453758.47100000083], [112342.48600000143, 453755.51000000164], [112344.95199999958, 453755.1160000004], [112345.42599999905, 453758.0769999996]]]}, "properties": {"OBJECTID": 295, "ET_ID": 11777, "NWRW_TYP": "DV", "STELSEL1": "H", "AFGEKOP": 0, "AREA": 7.49114900809, "ET_Source": "P:\\336468\\Water\\Gis\\Data\\Shape\\Afvoerend oppervlak\\AO_BDGR_RW_2015.shp", "Shape_Length": 10.993611749562334, "Shape_Area": 7.4911489933451865}}, {"type": "Feature", "id": 296, "geometry": {"type": "Polygon", "coordinates": [[[112249.75, 453685.66000000015], [112270.07999999821, 453682.3200000003], [112275.32999999821, 453712.26000000164], [112255, 453715.6000000015], [112249.75, 453685.66000000015]]]}, "properties": {"OBJECTID": 296, "ET_ID": 11834, "NWRW_TYP": "DV", "STELSEL1": "H", "AFGEKOP": 0, "AREA": 626.21520008448, "ET_Source": "P:\\336468\\Water\\Gis\\Data\\Shape\\Afvoerend oppervlak\\AO_BDGR_RW_2015.shp", "Shape_Length": 101.99869387826834, "Shape_Area": 626.2151999729455}}, {"type": "Feature", "id": 297, "geometry": {"type": "Polygon", "coordinates": [[[111951.27299999818, 453483.20699999854], [111982.09200000018, 453468.3139999993], [111982.45100000128, 453469.07499999925], [111984.65799999982, 453468.0080000013], [111988.4059999995, 453475.7520000003], [111986.20100000128, 453476.8189999983], [111997.25800000131, 453499.66899999976], [112001.5859999992, 453497.5720000006], [112000.38699999824, 453495.09800000116], [112012.38800000027, 453489.28400000185], [112018.1400000006, 453501.15300000086], [112023.47800000012, 453498.5390000008], [112024.47500000149, 453500.58300000057], [112026.7190000005, 453499.493999999], [112057.92000000179, 453563.9479999989], [112055.64400000125, 453565.0489999987], [112060.48900000006, 453575.05799999833], [112038.6259999983, 453585.6420000009], [112032.44299999997, 453572.87000000104], [112002.4840000011, 453587.3449999988], [112001.37299999967, 453585.06599999964], [112000.68600000069, 453585.4079999998], [111951.27299999818, 453483.20699999854]]]}, "properties": {"OBJECTID": 297, "ET_ID": 11837, "NWRW_TYP": "DV", "STELSEL1": "H", "AFGEKOP": 0, "AREA": 6448.6661678942, "ET_Source": "P:\\336468\\Water\\Gis\\Data\\Shape\\Afvoerend oppervlak\\AO_BDGR_RW_2015.shp", "Shape_Length": 392.58648198700405, "Shape_Area": 6448.666168200014}}, {"type": "Feature", "id": 298, "geometry": {"type": "Polygon", "coordinates": [[[111274.51799999923, 453756.8029999994], [111274.63800000027, 453756.8139999993], [111274.75800000131, 453756.83199999854], [111274.8759999983, 453756.8579999991], [111274.99199999869, 453756.8920000009], [111275.10599999875, 453756.93299999833], [111275.21700000018, 453756.9820000008], [111275.32400000095, 453757.0379999988], [111275.42799999937, 453757.1009999998], [111275.52699999884, 453757.1700000018], [111275.62099999934, 453757.24599999934], [111275.7100000009, 453757.3280000016], [111275.79300000146, 453757.41600000113], [111275.87099999934, 453757.5089999996], [111275.94200000167, 453757.6070000008], [111276.00600000098, 453757.7100000009], [111276.06399999931, 453757.81599999964], [111276.11400000006, 453757.92599999905], [111276.15700000152, 453758.0399999991], [111276.19200000167, 453758.1550000012], [111276.21999999881, 453758.2729999982], [111276.23999999836, 453758.3929999992], [111276.25200000033, 453758.51300000027], [111276.25600000098, 453758.6339999996], [111276.25499999896, 453758.69900000095], [111276.24700000137, 453758.8200000003], [111276.23000000045, 453758.94000000134], [111276.20600000024, 453759.05799999833], [111276.17399999872, 453759.17500000075], [111276.13500000164, 453759.2899999991], [111276.08700000122, 453759.40100000054], [111276.03299999982, 453759.5089999996], [111275.97199999914, 453759.61400000006], [111275.90399999917, 453759.71400000155], [111275.82899999991, 453759.80900000036], [111275.74799999967, 453759.8990000002], [111275.66200000048, 453759.9840000011], [111275.5700000003, 453760.063000001], [111275.47300000116, 453760.13599999994], [111275.37200000137, 453760.2019999996], [111275.2659999989, 453760.26099999994], [111275.15700000152, 453760.313000001], [111275.04399999976, 453760.3579999991], [111274.9290000014, 453760.39499999955], [111274.81199999899, 453760.4239999987], [111274.69299999997, 453760.4459999986], [111274.57200000063, 453760.4600000009], [111274.45199999958, 453760.46599999815], [111274.32999999821, 453760.46400000155], [111274.2100000009, 453760.4539999999], [111274.08999999985, 453760.43499999866], [111273.97199999914, 453760.40900000185], [111273.85599999875, 453760.3759999983], [111273.74199999869, 453760.33399999887], [111273.63100000098, 453760.28599999845], [111273.52400000021, 453760.23000000045], [111273.42000000179, 453760.16699999943], [111273.3209999986, 453760.09699999914], [111273.22700000182, 453760.0210000016], [111273.13800000027, 453759.9389999993], [111273.0540000014, 453759.8520000018], [111272.97700000182, 453759.7589999996], [111272.9059999995, 453759.66099999845], [111272.84099999815, 453759.55799999833], [111272.78400000185, 453759.4519999996], [111272.73299999908, 453759.3420000002], [111272.69000000134, 453759.2280000001], [111272.65500000119, 453759.11300000176], [111272.62700000033, 453758.99500000104], [111272.60700000077, 453758.875], [111272.59499999881, 453758.75499999896], [111272.59099999815, 453758.6339999996], [111272.59200000018, 453758.56700000167], [111272.60099999979, 453758.4459999986], [111272.61699999869, 453758.3260000013], [111272.6409999989, 453758.20800000057], [111272.67300000042, 453758.09099999815], [111272.71299999952, 453757.9770000018], [111272.76000000164, 453757.86499999836], [111272.81399999931, 453757.7569999993], [111272.8759999983, 453757.65199999884], [111272.94399999827, 453757.5520000011], [111273.01799999923, 453757.45699999854], [111273.09899999946, 453757.3669999987], [111273.18600000069, 453757.2820000015], [111273.27800000086, 453757.2030000016], [111273.375, 453757.131000001], [111273.47599999979, 453757.06500000134], [111273.58199999854, 453757.006000001], [111273.69099999964, 453756.9539999999], [111273.8040000014, 453756.90900000185], [111273.91899999976, 453756.8720000014], [111274.03599999845, 453756.8420000002], [111274.15500000119, 453756.8209999986], [111274.27600000054, 453756.80700000003], [111274.39600000158, 453756.80099999905], [111274.51799999923, 453756.8029999994]]]}, "properties": {"OBJECTID": 298, "ET_ID": 11963, "NWRW_TYP": "DV", "STELSEL1": "H", "AFGEKOP": 0, "AREA": 10.54208999943, "ET_Source": "P:\\336468\\Water\\Gis\\Data\\Shape\\Afvoerend oppervlak\\AO_BDGR_RW_2015.shp", "Shape_Length": 11.511947502040123, "Shape_Area": 10.54209000021018}}, {"type": "Feature", "id": 299, "geometry": {"type": "Polygon", "coordinates": [[[111463.6959999986, 453718.8189999983], [111436.6799999997, 453732.0789999999], [111419.16099999845, 453696.38699999824], [111414.66299999878, 453698.5940000005], [111413.4690000005, 453696.16099999845], [111408.98999999836, 453698.3599999994], [111404.64999999851, 453689.5179999992], [111404.5859999992, 453689.3929999992], [111404.50400000066, 453689.2199999988], [111404.4299999997, 453689.04300000146], [111404.36300000176, 453688.86400000006], [111404.3040000014, 453688.68200000003], [111404.25299999863, 453688.4979999997], [111404.20899999887, 453688.3110000007], [111404.17300000042, 453688.1229999997], [111404.14499999955, 453687.93400000036], [111404.125, 453687.7430000007], [111404.11300000176, 453687.5520000011], [111404.10799999908, 453687.36100000143], [111404.11199999973, 453687.1700000018], [111404.1240000017, 453686.9789999984], [111404.14400000125, 453686.7879999988], [111404.17199999839, 453686.59899999946], [111404.20699999854, 453686.41099999845], [111404.2509999983, 453686.22399999946], [111404.30200000107, 453686.0399999991], [111404.36100000143, 453685.8579999991], [111404.42700000107, 453685.6779999994], [111404.5009999983, 453685.5020000003], [111404.58199999854, 453685.3280000016], [111404.67100000009, 453685.15900000185], [111404.7659999989, 453684.9930000007], [111404.86800000072, 453684.83100000024], [111404.97700000182, 453684.6730000004], [111405.09299999848, 453684.5210000016], [111405.21400000155, 453684.3729999997], [111405.34200000018, 453684.23000000045], [111405.47599999979, 453684.0929999985], [111405.61499999836, 453683.9620000012], [111405.75899999961, 453683.8359999992], [111405.90900000185, 453683.7170000002], [111406.06399999931, 453683.6039999984], [111406.22300000116, 453683.4979999997], [111406.38599999994, 453683.3979999982], [111406.5540000014, 453683.3049999997], [111406.72500000149, 453683.2199999988], [111406.89900000021, 453683.1409999989], [111407.07699999958, 453683.0700000003], [111410.11100000143, 453681.5799999982], [111437.4450000003, 453668.1629999988], [111438.38800000027, 453667.69999999925], [111440.58700000122, 453672.1799999997], [111440.61499999836, 453672.16600000113], [111463.6959999986, 453718.8189999983]]]}, "properties": {"OBJECTID": 299, "ET_ID": 11964, "NWRW_TYP": "DV", "STELSEL1": "H", "AFGEKOP": 0, "AREA": 1866.24993051194, "ET_Source": "P:\\336468\\Water\\Gis\\Data\\Shape\\Afvoerend oppervlak\\AO_BDGR_RW_2015.shp", "Shape_Length": 192.16364423566523, "Shape_Area": 1866.2499304528803}}, {"type": "Feature", "id": 300, "geometry": {"type": "Polygon", "coordinates": [[[111590.95499999821, 453565.5920000002], [111578.28400000185, 453538.8590000011], [111599.24100000039, 453528.6240000017], [111599.84200000018, 453529.86199999973], [111602.26900000125, 453528.68299999833], [111602.23200000077, 453528.58900000155], [111602.20300000161, 453528.493999999], [111602.18200000003, 453528.3969999999], [111602.16899999976, 453528.2989999987], [111602.1640000008, 453528.19999999925], [111602.16699999943, 453528.1009999998], [111602.17799999937, 453528.0020000003], [111602.19700000063, 453527.9050000012], [111602.22399999946, 453527.80999999866], [111602.25800000131, 453527.7170000002], [111602.29899999872, 453527.6270000003], [111602.34800000116, 453527.5399999991], [111602.40399999917, 453527.45800000057], [111602.46599999815, 453527.381000001], [111602.53400000185, 453527.30900000036], [111602.60700000077, 453527.2419999987], [111602.68600000069, 453527.18200000003], [111602.76900000125, 453527.12900000066], [111602.85700000077, 453527.08199999854], [111602.94700000063, 453527.04199999943], [111603.04100000113, 453527.01000000164], [111603.13699999824, 453526.9849999994], [111603.2349999994, 453526.9690000005], [111603.33399999887, 453526.9600000009], [111603.43299999833, 453526.95899999887], [111603.53200000152, 453526.96599999815], [111603.62999999896, 453526.9820000008], [111603.72599999979, 453527.00499999896], [111603.8200000003, 453527.03500000015], [111603.91200000048, 453527.07400000095], [111604, 453527.118999999], [111604.08399999887, 453527.1710000001], [111604.16299999878, 453527.23099999875], [111604.23800000176, 453527.2960000001], [111604.30700000003, 453527.3669999987], [111604.37000000104, 453527.44299999997], [111604.42700000107, 453527.5240000002], [111604.47700000182, 453527.6099999994], [111604.60700000077, 453527.5469999984], [111616.9990000017, 453552.9770000018], [111598.97599999979, 453561.76000000164], [111598.9459999986, 453561.6979999989], [111590.95499999821, 453565.5920000002]]]}, "properties": {"OBJECTID": 300, "ET_ID": 11965, "NWRW_TYP": "DV", "STELSEL1": "H", "AFGEKOP": 0, "AREA": 847.99880897268, "ET_Source": "P:\\336468\\Water\\Gis\\Data\\Shape\\Afvoerend oppervlak\\AO_BDGR_RW_2015.shp", "Shape_Length": 118.18969325920041, "Shape_Area": 847.9988090263031}}, {"type": "Feature", "id": 301, "geometry": {"type": "Polygon", "coordinates": [[[111632.96700000018, 453540.1550000012], [111632.87700000033, 453540.1979999989], [111634.85799999908, 453544.2729999982], [111616.9990000017, 453552.9770000018], [111604.60700000077, 453527.5469999984], [111606.8599999994, 453526.4519999996], [111606.26900000125, 453525.2340000011], [111621.96700000018, 453517.56799999997], [111632.96700000018, 453540.1550000012]]]}, "properties": {"OBJECTID": 301, "ET_ID": 11966, "NWRW_TYP": "DV", "STELSEL1": "H", "AFGEKOP": 0, "AREA": 588.28188002195, "ET_Source": "P:\\336468\\Water\\Gis\\Data\\Shape\\Afvoerend oppervlak\\AO_BDGR_RW_2015.shp", "Shape_Length": 99.23830861345327, "Shape_Area": 588.2818799606086}}, {"type": "Feature", "id": 302, "geometry": {"type": "Polygon", "coordinates": [[[111208.3740000017, 453483.8020000011], [111208.47300000116, 453483.8060000017], [111208.60799999908, 453483.8189999983], [111208.74199999869, 453483.83999999985], [111208.875, 453483.868999999], [111209.00499999896, 453483.9059999995], [111209.13399999961, 453483.94999999925], [111209.25899999961, 453484.0020000003], [111209.38100000098, 453484.0610000007], [111209.5, 453484.1270000003], [111209.61400000006, 453484.19999999925], [111209.72399999946, 453484.27899999917], [111209.82899999991, 453484.36499999836], [111209.92799999937, 453484.45699999854], [111210.02299999818, 453484.5540000014], [111210.11100000143, 453484.6579999998], [111210.19299999997, 453484.7659999989], [111210.26799999923, 453484.8779999986], [111210.33700000122, 453484.99500000104], [111210.39900000021, 453485.1160000004], [111210.45300000161, 453485.23999999836], [111210.5, 453485.3669999987], [111210.5399999991, 453485.4970000014], [111210.5709999986, 453485.62900000066], [111210.59499999881, 453485.76199999824], [111210.61100000143, 453485.8969999999], [111210.61899999902, 453486.0329999998], [111210.61899999902, 453486.16800000146], [111210.61100000143, 453486.3040000014], [111210.59600000083, 453486.438000001], [111210.57200000063, 453486.5720000006], [111210.5399999991, 453486.7039999999], [111210.5009999983, 453486.83300000057], [111210.45399999991, 453486.9609999992], [111210.39900000021, 453487.0850000009], [111210.33799999952, 453487.20600000024], [111210.26900000125, 453487.3229999989], [111210.19399999827, 453487.43499999866], [111210.11199999973, 453487.54300000146], [111210.02400000021, 453487.6469999999], [111209.9299999997, 453487.743999999], [111209.82999999821, 453487.8359999992], [111209.72500000149, 453487.9219999984], [111209.61499999836, 453488.0020000003], [111209.5009999983, 453488.07499999925], [111209.38300000131, 453488.1409999989], [111209.26000000164, 453488.19999999925], [111209.34800000116, 453488.23000000045], [111213.49599999934, 453496.6979999989], [111208.43499999866, 453499.1770000011], [111220.28599999845, 453523.36300000176], [111202.05999999866, 453532.29399999976], [111189.62299999967, 453506.90399999917], [111193.8440000005, 453504.8359999992], [111190.23600000143, 453497.47199999914], [111191.24300000072, 453494.52800000086], [111206.04399999976, 453487.27699999884], [111206.0159999989, 453487.2120000012], [111205.96700000018, 453487.0799999982], [111205.92399999872, 453486.9459999986], [111205.8900000006, 453486.80999999866], [111205.86300000176, 453486.6719999984], [111205.8440000005, 453486.5329999998], [111205.83300000057, 453486.3929999992], [111205.82999999821, 453486.2520000003], [111205.8350000009, 453486.11199999973], [111205.84800000116, 453485.97199999914], [111205.86899999902, 453485.83300000057], [111205.89799999818, 453485.6950000003], [111205.93400000036, 453485.55999999866], [111205.97899999842, 453485.42599999905], [111206.03000000119, 453485.2960000001], [111206.08999999985, 453485.16800000146], [111206.1559999995, 453485.04399999976], [111206.22899999842, 453484.9239999987], [111206.30900000036, 453484.80900000036], [111206.39499999955, 453484.6979999989], [111206.48800000176, 453484.5920000002], [111206.5859999992, 453484.4919999987], [111206.69000000134, 453484.3969999999], [111206.79899999872, 453484.30900000036], [111206.91299999878, 453484.2259999998], [111207.03200000152, 453484.15100000054], [111207.15500000119, 453484.08199999854], [111207.2809999995, 453484.0210000016], [111207.41099999845, 453483.96599999815], [111207.54300000146, 453483.9200000018], [111207.67799999937, 453483.87999999896], [111207.81500000134, 453483.84899999946], [111207.95300000161, 453483.82499999925], [111208.09299999848, 453483.80999999866], [111208.23299999908, 453483.8020000011], [111208.3740000017, 453483.8020000011]]]}, "properties": {"OBJECTID": 302, "ET_ID": 11967, "NWRW_TYP": "DV", "STELSEL1": "H", "AFGEKOP": 0, "AREA": 812.82066754516, "ET_Source": "P:\\336468\\Water\\Gis\\Data\\Shape\\Afvoerend oppervlak\\AO_BDGR_RW_2015.shp", "Shape_Length": 134.34665043997785, "Shape_Area": 812.8206674552135}}, {"type": "Feature", "id": 303, "geometry": {"type": "Polygon", "coordinates": [[[111946.1099999994, 453648.5879999995], [111918.86899999902, 453661.86300000176], [111906.68400000036, 453636.8599999994], [111933.9290000014, 453623.5850000009], [111946.1099999994, 453648.5879999995]]]}, "properties": {"OBJECTID": 303, "ET_ID": 11970, "NWRW_TYP": "DV", "STELSEL1": "H", "AFGEKOP": 0, "AREA": 842.88605406312, "ET_Source": "P:\\336468\\Water\\Gis\\Data\\Shape\\Afvoerend oppervlak\\AO_BDGR_RW_2015.shp", "Shape_Length": 116.23690099961136, "Shape_Area": 842.8860540136634}}, {"type": "Feature", "id": 304, "geometry": {"type": "Polygon", "coordinates": [[[111157.85599999875, 453546.55799999833], [111140.05600000173, 453555.27800000086], [111135.22599999979, 453557.6460000016], [111126.15100000054, 453562.0929999985], [111121.4059999995, 453564.4140000008], [111095.52100000158, 453577.09600000083], [111090.75899999961, 453579.4219999984], [111085.96299999952, 453581.7749999985], [111068.41800000146, 453545.813000001], [111063.93200000003, 453548.0020000003], [111061.77499999851, 453543.6009999998], [111059.6259999983, 453539.2190000005], [111125.1409999989, 453507.2019999996], [111127.31899999827, 453511.6079999991], [111128.93600000069, 453514.87999999896], [111153.5399999991, 453502.7529999986], [111153.39699999988, 453503.1629999988], [111150.2659999989, 453512.14499999955], [111142.80600000173, 453515.7809999995], [111157.85599999875, 453546.55799999833]]]}, "properties": {"OBJECTID": 304, "ET_ID": 11971, "NWRW_TYP": "DV", "STELSEL1": "H", "AFGEKOP": 0, "AREA": 4010.68903088898, "ET_Source": "P:\\336468\\Water\\Gis\\Data\\Shape\\Afvoerend oppervlak\\AO_BDGR_RW_2015.shp", "Shape_Length": 296.2619487576865, "Shape_Area": 4010.6890310952695}}, {"type": "Feature", "id": 305, "geometry": {"type": "Polygon", "coordinates": [[[111455.67100000009, 453623.9310000017], [111456.50899999961, 453625.55000000075], [111455.31500000134, 453626.1339999996], [111432.56500000134, 453637.2659999989], [111425.09699999914, 453622], [111423.30999999866, 453618.3520000018], [111421.2650000006, 453614.1579999998], [111406.48699999973, 453583.98099999875], [111390.75, 453551.80700000003], [111426.63399999961, 453534.2490000017], [111450.87299999967, 453583.7870000005], [111452.88599999994, 453587.90100000054], [111468.29500000179, 453619.3929999992], [111468.44900000095, 453619.70699999854], [111467.99500000104, 453619.9290000014], [111464.92300000042, 453621.43200000003], [111464.09200000018, 453619.7989999987], [111455.67100000009, 453623.9310000017]]]}, "properties": {"OBJECTID": 305, "ET_ID": 11972, "NWRW_TYP": "DV", "STELSEL1": "H", "AFGEKOP": 0, "AREA": 3783.70915349067, "ET_Source": "P:\\336468\\Water\\Gis\\Data\\Shape\\Afvoerend oppervlak\\AO_BDGR_RW_2015.shp", "Shape_Length": 273.847064091412, "Shape_Area": 3783.709153438583}}, {"type": "Feature", "id": 306, "geometry": {"type": "Polygon", "coordinates": [[[111474.45800000057, 453552.26300000027], [111476.57699999958, 453556.5929999985], [111476.6649999991, 453556.7719999999], [111482.34800000116, 453568.38599999994], [111450.87299999967, 453583.7870000005], [111426.63399999961, 453534.2490000017], [111428.87999999896, 453533.1499999985], [111430.33300000057, 453533.7529999986], [111431.39299999923, 453533.2349999994], [111430.8740000017, 453532.17500000075], [111433.39799999818, 453530.94000000134], [111458.1090000011, 453518.84899999946], [111474.45800000057, 453552.26300000027]]]}, "properties": {"OBJECTID": 306, "ET_ID": 11973, "NWRW_TYP": "DV", "STELSEL1": "H", "AFGEKOP": 0, "AREA": 1930.45442549429, "ET_Source": "P:\\336468\\Water\\Gis\\Data\\Shape\\Afvoerend oppervlak\\AO_BDGR_RW_2015.shp", "Shape_Length": 182.09445965772338, "Shape_Area": 1930.4544255857745}}, {"type": "Feature", "id": 307, "geometry": {"type": "Polygon", "coordinates": [[[111333.33900000155, 453672.2479999997], [111302.69299999997, 453687.29399999976], [111297.02100000158, 453675.7410000004], [111317.18899999931, 453665.83900000155], [111320.76999999955, 453664.08100000024], [111327.66600000113, 453660.6950000003], [111333.33900000155, 453672.2479999997]]]}, "properties": {"OBJECTID": 307, "ET_ID": 11974, "NWRW_TYP": "DV", "STELSEL1": "H", "AFGEKOP": 0, "AREA": 439.39437844933, "ET_Source": "P:\\336468\\Water\\Gis\\Data\\Shape\\Afvoerend oppervlak\\AO_BDGR_RW_2015.shp", "Shape_Length": 94.02062849828457, "Shape_Area": 439.39437848062965}}, {"type": "Feature", "id": 308, "geometry": {"type": "Polygon", "coordinates": [[[111367.97599999979, 453680.7010000013], [111341.08700000122, 453693.7740000002], [111348.47100000083, 453708.94200000167], [111321.6790000014, 453721.9549999982], [111320.39799999818, 453719.31799999997], [111306.96799999848, 453691.66800000146], [111337.10099999979, 453676.9620000012], [111344.3909999989, 453673.4050000012], [111345.75299999863, 453672.73999999836], [111340.51099999994, 453661.97300000116], [111346.00899999961, 453659.2969999984], [111348.94099999964, 453657.868999999], [111350.94000000134, 453656.8960000016], [111354.36300000176, 453655.23000000045], [111359.46700000018, 453665.7129999995], [111360.44700000063, 453665.23600000143], [111367.97599999979, 453680.7010000013]]]}, "properties": {"OBJECTID": 308, "ET_ID": 11975, "NWRW_TYP": "DV", "STELSEL1": "H", "AFGEKOP": 0, "AREA": 1692.57140693727, "ET_Source": "P:\\336468\\Water\\Gis\\Data\\Shape\\Afvoerend oppervlak\\AO_BDGR_RW_2015.shp", "Shape_Length": 210.71241261794472, "Shape_Area": 1692.571407078437}}, {"type": "Feature", "id": 309, "geometry": {"type": "Polygon", "coordinates": [[[111376.05299999937, 453695.5529999994], [111375.37000000104, 453695.88599999994], [111382.79800000042, 453711.14400000125], [111382.88599999994, 453711.32400000095], [111367.3909999989, 453718.8579999991], [111329.19399999827, 453737.4290000014], [111321.6790000014, 453721.9549999982], [111348.47100000083, 453708.94200000167], [111341.08700000122, 453693.7740000002], [111367.97599999979, 453680.7010000013], [111373.64900000021, 453692.3530000001], [111374.33300000057, 453692.01999999955], [111376.05299999937, 453695.5529999994]]]}, "properties": {"OBJECTID": 309, "ET_ID": 11976, "NWRW_TYP": "DV", "STELSEL1": "H", "AFGEKOP": 0, "AREA": 1533.71220655408, "ET_Source": "P:\\336468\\Water\\Gis\\Data\\Shape\\Afvoerend oppervlak\\AO_BDGR_RW_2015.shp", "Shape_Length": 189.03757998904925, "Shape_Area": 1533.712206434795}}, {"type": "Feature", "id": 310, "geometry": {"type": "Polygon", "coordinates": [[[111277.79300000146, 453767.37900000066], [111292.92799999937, 453798.80900000036], [111260.91699999943, 453814.2250000015], [111256.36100000143, 453804.7650000006], [111250.24300000072, 453792.0610000007], [111249.84899999946, 453791.2410000004], [111245.6790000014, 453782.58300000057], [111263.29500000179, 453774.1000000015], [111268.58999999985, 453771.55000000075], [111277.69099999964, 453767.16699999943], [111277.79300000146, 453767.37900000066]]]}, "properties": {"OBJECTID": 310, "ET_ID": 11977, "NWRW_TYP": "DV", "STELSEL1": "H", "AFGEKOP": 0, "AREA": 1247.80569153949, "ET_Source": "P:\\336468\\Water\\Gis\\Data\\Shape\\Afvoerend oppervlak\\AO_BDGR_RW_2015.shp", "Shape_Length": 141.2997544608558, "Shape_Area": 1247.805691475934}}, {"type": "Feature", "id": 311, "geometry": {"type": "Polygon", "coordinates": [[[111389.06899999827, 453744.69999999925], [111390.53799999878, 453747.68200000003], [111392.6959999986, 453752.063000001], [111393.45800000057, 453753.6099999994], [111393.0540000014, 453753.80799999833], [111366.85599999875, 453766.66800000146], [111336.65199999884, 453781.493999999], [111324.63100000098, 453757.00499999896], [111320.65700000152, 453748.90900000185], [111370.17700000107, 453724.59899999946], [111370.29100000113, 453724.54300000146], [111371.60799999908, 453723.8969999999], [111377.51900000125, 453720.99500000104], [111380.58399999887, 453727.23900000006], [111381.49399999902, 453729.0929999985], [111381.90900000185, 453729.9479999989], [111384.30600000173, 453728.7710000016], [111383.88699999824, 453727.91800000146], [111384.15300000086, 453727.8110000007], [111385.72500000149, 453727.1770000011], [111389.44999999925, 453727.13800000027], [111392.23900000006, 453729.6090000011], [111393.40199999884, 453731.96599999815], [111392.56199999899, 453732.3759999983], [111392.76099999994, 453732.7829999998], [111393.86400000006, 453735.0450000018], [111394.04399999976, 453735.4129999988], [111394.86600000039, 453735.01099999994], [111396.04399999976, 453737.4239999987], [111396.36199999973, 453739.27899999917], [111396.06799999997, 453741.13800000027], [111394.93499999866, 453742.48600000143], [111393.5309999995, 453743.5480000004], [111392.02400000021, 453744.2899999991], [111391.88300000131, 453744.3599999994], [111391.4690000005, 453743.5179999992], [111389.06899999827, 453744.69999999925]]]}, "properties": {"OBJECTID": 311, "ET_ID": 11978, "NWRW_TYP": "DV", "STELSEL1": "H", "AFGEKOP": 0, "AREA": 2449.11252803195, "ET_Source": "P:\\336468\\Water\\Gis\\Data\\Shape\\Afvoerend oppervlak\\AO_BDGR_RW_2015.shp", "Shape_Length": 219.1602022184239, "Shape_Area": 2449.112527870939}}, {"type": "Feature", "id": 312, "geometry": {"type": "Polygon", "coordinates": [[[111408.49799999967, 453762.73099999875], [111408.38199999928, 453762.7890000008], [111373.41099999845, 453779.8729999997], [111369.29600000009, 453771.58300000057], [111366.85599999875, 453766.66800000146], [111393.0540000014, 453753.80799999833], [111395.43600000069, 453758.6079999991], [111404.27400000021, 453754.22100000083], [111408.49799999967, 453762.73099999875]]]}, "properties": {"OBJECTID": 312, "ET_ID": 11979, "NWRW_TYP": "DV", "STELSEL1": "H", "AFGEKOP": 0, "AREA": 524.4869459429, "ET_Source": "P:\\336468\\Water\\Gis\\Data\\Shape\\Afvoerend oppervlak\\AO_BDGR_RW_2015.shp", "Shape_Length": 107.70326839896121, "Shape_Area": 524.4869460094836}}, {"type": "Feature", "id": 313, "geometry": {"type": "Polygon", "coordinates": [[[111145.8350000009, 453714.9840000011], [111143.59899999946, 453716.0799999982], [111141.54800000042, 453711.8960000016], [111143.78400000185, 453710.7989999987], [111145.8350000009, 453714.9840000011]]]}, "properties": {"OBJECTID": 313, "ET_ID": 11980, "NWRW_TYP": "DV", "STELSEL1": "H", "AFGEKOP": 0, "AREA": 11.60546349806, "ET_Source": "P:\\336468\\Water\\Gis\\Data\\Shape\\Afvoerend oppervlak\\AO_BDGR_RW_2015.shp", "Shape_Length": 14.300989840182208, "Shape_Area": 11.605463503810181}}, {"type": "Feature", "id": 314, "geometry": {"type": "Polygon", "coordinates": [[[111165.49399999902, 453795.8579999991], [111165.5700000003, 453796.01199999824], [111124.7100000009, 453816.1700000018], [111124.5940000005, 453816.2270000018], [111106.79899999872, 453780.1579999998], [111106.36899999902, 453780.37000000104], [111104.36499999836, 453776.30900000036], [111103.3900000006, 453774.33199999854], [111101.70499999821, 453770.91800000146], [111111.30600000173, 453766.1810000017], [111120.60799999908, 453761.5920000002], [111122.99199999869, 453760.41600000113], [111131.81700000167, 453756.061999999], [111142.90900000185, 453750.58999999985], [111143.11100000143, 453750.48999999836], [111165.49399999902, 453795.8579999991]]]}, "properties": {"OBJECTID": 314, "ET_ID": 11981, "NWRW_TYP": "DV", "STELSEL1": "H", "AFGEKOP": 0, "AREA": 2324.3548564822, "ET_Source": "P:\\336468\\Water\\Gis\\Data\\Shape\\Afvoerend oppervlak\\AO_BDGR_RW_2015.shp", "Shape_Length": 193.86224168495488, "Shape_Area": 2324.3548565589113}}, {"type": "Feature", "id": 315, "geometry": {"type": "Polygon", "coordinates": [[[111188.81500000134, 453733.1220000014], [111195.75899999961, 453747.3040000014], [111195.53500000015, 453747.4140000008], [111190.25299999863, 453750], [111188.65199999884, 453750.78400000185], [111188.54199999943, 453750.84800000116], [111189.81199999899, 453753.43400000036], [111158.90399999917, 453768.56799999997], [111149.81199999899, 453750], [111148.81100000069, 453747.9539999999], [111148.98699999973, 453747.8680000007], [111164.18100000173, 453740.4279999994], [111177.99300000072, 453733.66600000113], [111186.93699999899, 453729.2870000005], [111188.81500000134, 453733.1220000014]]]}, "properties": {"OBJECTID": 315, "ET_ID": 11982, "NWRW_TYP": "DV", "STELSEL1": "H", "AFGEKOP": 0, "AREA": 951.10493392427, "ET_Source": "P:\\336468\\Water\\Gis\\Data\\Shape\\Afvoerend oppervlak\\AO_BDGR_RW_2015.shp", "Shape_Length": 130.79953271680404, "Shape_Area": 951.1049339783046}}, {"type": "Feature", "id": 316, "geometry": {"type": "Polygon", "coordinates": [[[111197.21299999952, 453768.50400000066], [111197.29500000179, 453768.6710000001], [111166.36899999902, 453783.813000001], [111158.90399999917, 453768.56799999997], [111189.81199999899, 453753.43400000036], [111197.21299999952, 453768.50400000066]]]}, "properties": {"OBJECTID": 316, "ET_ID": 11983, "NWRW_TYP": "DV", "STELSEL1": "H", "AFGEKOP": 0, "AREA": 584.34752250617, "ET_Source": "P:\\336468\\Water\\Gis\\Data\\Shape\\Afvoerend oppervlak\\AO_BDGR_RW_2015.shp", "Shape_Length": 102.79813262698131, "Shape_Area": 584.347522534688}}, {"type": "Feature", "id": 317, "geometry": {"type": "Polygon", "coordinates": [[[111305.84099999815, 453525.7659999989], [111307.70800000057, 453529.5789999999], [111268.90100000054, 453548.5789999999], [111257.90300000086, 453526.11499999836], [111253.5159999989, 453517.1559999995], [111251.30700000003, 453512.6429999992], [111304.10799999908, 453486.79100000113], [111306.25499999896, 453491.17500000075], [111310.70399999991, 453500.26300000027], [111311.24100000039, 453500], [111327.89299999923, 453491.84699999914], [111329.23200000077, 453492.2670000009], [111330.95300000161, 453495.7800000012], [111330.39600000158, 453497.5560000017], [111331.47199999914, 453499.7520000003], [111332.26300000027, 453500], [111333.13800000027, 453500.2740000002], [111334.89299999923, 453503.8590000011], [111334.44200000167, 453505.30000000075], [111334.8590000011, 453506.15300000086], [111336.24100000039, 453506.5859999992], [111338.02600000054, 453510.23000000045], [111339.49799999967, 453513.6469999999], [111339.03500000015, 453515.16800000146], [111331.86300000176, 453518.7479999997], [111330.84200000018, 453518.31700000167], [111327.19000000134, 453520.10500000045], [111325.95600000024, 453519.7179999985], [111324.45499999821, 453516.65300000086], [111305.84099999815, 453525.7659999989]]]}, "properties": {"OBJECTID": 317, "ET_ID": 11984, "NWRW_TYP": "DV", "STELSEL1": "H", "AFGEKOP": 0, "AREA": 2768.09072141625, "ET_Source": "P:\\336468\\Water\\Gis\\Data\\Shape\\Afvoerend oppervlak\\AO_BDGR_RW_2015.shp", "Shape_Length": 247.6514256910829, "Shape_Area": 2768.090721477803}}, {"type": "Feature", "id": 318, "geometry": {"type": "Polygon", "coordinates": [[[111559.52899999917, 453774.5610000007], [111550.95600000024, 453778.72300000116], [111546.14299999923, 453768.80999999866], [111545.72800000012, 453769.01099999994], [111541.02400000021, 453771.2950000018], [111531.86100000143, 453752.43299999833], [111547.17799999937, 453744.9970000014], [111549.60599999875, 453750], [111553.8599999994, 453758.76099999994], [111551.94299999997, 453759.69099999964], [111554.31500000134, 453764.5760000013], [111554.61199999973, 453764.43200000003], [111559.52899999917, 453774.5610000007]]]}, "properties": {"OBJECTID": 318, "ET_ID": 11985, "NWRW_TYP": "DV", "STELSEL1": "H", "AFGEKOP": 0, "AREA": 450.0023735228, "ET_Source": "P:\\336468\\Water\\Gis\\Data\\Shape\\Afvoerend oppervlak\\AO_BDGR_RW_2015.shp", "Shape_Length": 98.6870467127166, "Shape_Area": 450.0023734768431}}, {"type": "Feature", "id": 319, "geometry": {"type": "Polygon", "coordinates": [[[111538.72899999842, 453780.3729999997], [111540.41299999878, 453783.8420000002], [111531.78599999845, 453788.0300000012], [111526.98600000143, 453778.1429999992], [111525.31300000101, 453778.9549999982], [111516.14200000092, 453760.0639999993], [111531.86100000143, 453752.43299999833], [111541.02400000021, 453771.2950000018], [111535.60000000149, 453773.9279999994], [111538.72899999842, 453780.3729999997]]]}, "properties": {"OBJECTID": 319, "ET_ID": 11986, "NWRW_TYP": "DV", "STELSEL1": "H", "AFGEKOP": 0, "AREA": 472.2110014973, "ET_Source": "P:\\336468\\Water\\Gis\\Data\\Shape\\Afvoerend oppervlak\\AO_BDGR_RW_2015.shp", "Shape_Length": 98.9325863803619, "Shape_Area": 472.211001497201}}, {"type": "Feature", "id": 320, "geometry": {"type": "Polygon", "coordinates": [[[111213.5, 453783.5], [111226.67300000042, 453810.32400000095], [111188.52299999818, 453829.05900000036], [111166.36899999902, 453783.813000001], [111197.29500000179, 453768.6710000001], [111197.43299999833, 453768.9530000016], [111206.00499999896, 453764.7430000007], [111206.1950000003, 453765.12900000066], [111204.81199999899, 453765.80799999833], [111210.21599999815, 453776.813000001], [111211.59899999946, 453776.1339999996], [111213.58199999854, 453780.1730000004], [111212.19999999925, 453780.8520000018], [111213.31500000134, 453783.1229999997], [111214.69799999893, 453782.4439999983], [111214.88300000131, 453782.8209999986], [111213.5, 453783.5]]]}, "properties": {"OBJECTID": 320, "ET_ID": 11987, "NWRW_TYP": "DV", "STELSEL1": "H", "AFGEKOP": 0, "AREA": 2144.40339242168, "ET_Source": "P:\\336468\\Water\\Gis\\Data\\Shape\\Afvoerend oppervlak\\AO_BDGR_RW_2015.shp", "Shape_Length": 194.90503320005587, "Shape_Area": 2144.4033925451804}}, {"type": "Feature", "id": 321, "geometry": {"type": "Polygon", "coordinates": [[[111408.42300000042, 453762.8720000014], [111413.71799999848, 453773.5379999988], [111420.27600000054, 453786.75], [111422.2899999991, 453790.80700000003], [111425.69999999925, 453797.6770000011], [111418.88300000131, 453801.0610000007], [111411.43100000173, 453804.76000000164], [111411.8759999983, 453805.6559999995], [111390.38699999824, 453816.3220000006], [111372.68200000003, 453780.65399999917], [111373.57800000161, 453780.20899999887], [111373.41099999845, 453779.8729999997], [111408.38199999928, 453762.7890000008], [111408.42300000042, 453762.8720000014]]]}, "properties": {"OBJECTID": 321, "ET_ID": 11988, "NWRW_TYP": "DV", "STELSEL1": "H", "AFGEKOP": 0, "AREA": 1583.55544556898, "ET_Source": "P:\\336468\\Water\\Gis\\Data\\Shape\\Afvoerend oppervlak\\AO_BDGR_RW_2015.shp", "Shape_Length": 159.98790918878717, "Shape_Area": 1583.5554455271263}}, {"type": "Feature", "id": 322, "geometry": {"type": "Polygon", "coordinates": [[[111924.6649999991, 453583.96599999815], [111910.36499999836, 453590.88800000027], [111909.90300000086, 453591.11199999973], [111907.49199999869, 453592.2809999995], [111882.78799999878, 453604.2529999986], [111863.95199999958, 453613.381000001], [111854.09800000116, 453618.1570000015], [111828.29100000113, 453630.6629999988], [111798.42000000179, 453569.006000001], [111815.97100000083, 453560.5029999986], [111837.62299999967, 453550.01300000027], [111846.95399999991, 453545.4919999987], [111843.97899999842, 453539.3530000001], [111840.94700000063, 453538.06700000167], [111834.74500000104, 453535.91099999845], [111831.72100000083, 453544.6099999994], [111780.13800000027, 453526.6770000011], [111781.45399999991, 453522.8539999984], [111795.43899999931, 453516.0799999982], [111812.47800000012, 453521.9970000014], [111813.80999999866, 453521.35599999875], [111814.73099999875, 453518.8110000007], [111826.49500000104, 453513.0940000005], [111825.7890000008, 453515.34699999914], [111825.84800000116, 453515.4849999994], [111851.35200000182, 453503.16099999845], [111865.96700000018, 453508.2179999985], [111867.73999999836, 453511.8440000005], [111852.94999999925, 453518.9919999987], [111862.19200000167, 453538.11400000006], [111880.05000000075, 453529.4829999991], [111885.67500000075, 453541.1030000001], [111886.21200000122, 453540.8429999985], [111900.4299999997, 453533.9609999992], [111924.6649999991, 453583.96599999815]]]}, "properties": {"OBJECTID": 322, "ET_ID": 11989, "NWRW_TYP": "DV", "STELSEL1": "H", "AFGEKOP": 0, "AREA": 8964.41693409179, "ET_Source": "P:\\336468\\Water\\Gis\\Data\\Shape\\Afvoerend oppervlak\\AO_BDGR_RW_2015.shp", "Shape_Length": 557.6277134506541, "Shape_Area": 8964.41693397433}}, {"type": "Feature", "id": 323, "geometry": {"type": "Polygon", "coordinates": [[[111887.96700000018, 453667.9970000014], [111857.88699999824, 453682.5780000016], [111849.31399999931, 453664.8979999982], [111879.38899999857, 453650.3040000014], [111887.96700000018, 453667.9970000014]]]}, "properties": {"OBJECTID": 323, "ET_ID": 11990, "NWRW_TYP": "DV", "STELSEL1": "H", "AFGEKOP": 0, "AREA": 657.0608099526, "ET_Source": "P:\\336468\\Water\\Gis\\Data\\Shape\\Afvoerend oppervlak\\AO_BDGR_RW_2015.shp", "Shape_Length": 106.16825044238146, "Shape_Area": 657.0608100527697}}, {"type": "Feature", "id": 324, "geometry": {"type": "Polygon", "coordinates": [[[111481.16600000113, 453532.6160000004], [111487.6259999983, 453545.8200000003], [111487.44700000063, 453545.9079999998], [111474.45800000057, 453552.26300000027], [111458.1090000011, 453518.84899999946], [111467.38899999857, 453514.30799999833], [111471.27699999884, 453512.4050000012], [111481.16600000113, 453532.6160000004]]]}, "properties": {"OBJECTID": 324, "ET_ID": 11991, "NWRW_TYP": "DV", "STELSEL1": "H", "AFGEKOP": 0, "AREA": 545.35309301006, "ET_Source": "P:\\336468\\Water\\Gis\\Data\\Shape\\Afvoerend oppervlak\\AO_BDGR_RW_2015.shp", "Shape_Length": 103.71937877667612, "Shape_Area": 545.3530929745644}}, {"type": "Feature", "id": 325, "geometry": {"type": "Polygon", "coordinates": [[[111509.98900000006, 453794.19000000134], [111508.76799999923, 453794.79399999976], [111504.35000000149, 453796.98000000045], [111506.09699999914, 453800.5789999999], [111496.40799999982, 453805.2820000015], [111487.90100000054, 453787.7580000013], [111503.2340000011, 453780.3040000014], [111509.98900000006, 453794.19000000134]]]}, "properties": {"OBJECTID": 325, "ET_ID": 11992, "NWRW_TYP": "DV", "STELSEL1": "H", "AFGEKOP": 0, "AREA": 307.02415800847, "ET_Source": "P:\\336468\\Water\\Gis\\Data\\Shape\\Afvoerend oppervlak\\AO_BDGR_RW_2015.shp", "Shape_Length": 73.03257619813147, "Shape_Area": 307.0241579878086}}, {"type": "Feature", "id": 326, "geometry": {"type": "Polygon", "coordinates": [[[111519.30900000036, 453789.6559999995], [111510.6409999989, 453793.8729999997], [111509.98900000006, 453794.19000000134], [111503.2340000011, 453780.3040000014], [111497.82400000095, 453769.18299999833], [111507.14400000125, 453764.6490000002], [111519.30900000036, 453789.6559999995]]]}, "properties": {"OBJECTID": 326, "ET_ID": 11993, "NWRW_TYP": "DV", "STELSEL1": "H", "AFGEKOP": 0, "AREA": 288.2217615024, "ET_Source": "P:\\336468\\Water\\Gis\\Data\\Shape\\Afvoerend oppervlak\\AO_BDGR_RW_2015.shp", "Shape_Length": 76.3465658929719, "Shape_Area": 288.2217615077486}}, {"type": "Feature", "id": 327, "geometry": {"type": "Polygon", "coordinates": [[[111601.24399999902, 453577.5309999995], [111599.99500000104, 453578.1400000006], [111602.30799999833, 453582.88599999994], [111577.48900000006, 453594.9820000008], [111576.55999999866, 453593.0929999985], [111572.63399999961, 453585.11100000143], [111581.31700000167, 453580.87900000066], [111579.34600000083, 453576.83399999887], [111595.51799999923, 453568.9530000016], [111597.81799999997, 453573.6719999984], [111599.06700000167, 453573.063000001], [111601.24399999902, 453577.5309999995]]]}, "properties": {"OBJECTID": 327, "ET_ID": 11994, "NWRW_TYP": "DV", "STELSEL1": "H", "AFGEKOP": 0, "AREA": 391.78877397306, "ET_Source": "P:\\336468\\Water\\Gis\\Data\\Shape\\Afvoerend oppervlak\\AO_BDGR_RW_2015.shp", "Shape_Length": 89.03778727123306, "Shape_Area": 391.7887739822606}}, {"type": "Feature", "id": 328, "geometry": {"type": "Polygon", "coordinates": [[[111631.15799999982, 453607.2490000017], [111627.07499999925, 453598.87099999934], [111619.13800000027, 453602.73800000176], [111618.9840000011, 453602.8139999993], [111610.12999999896, 453584.6460000016], [111601.16699999943, 453566.25499999896], [111599.2899999991, 453562.40399999917], [111598.97599999979, 453561.76000000164], [111616.9990000017, 453552.9770000018], [111634.85799999908, 453544.2729999982], [111637.28200000152, 453549.26199999824], [111637.44299999997, 453549.18400000036], [111648.86499999836, 453572.7340000011], [111653.38100000098, 453570.563000001], [111668.69299999997, 453563.2019999996], [111673.9609999992, 453574.16099999845], [111685.67799999937, 453568.52899999917], [111690.53500000015, 453578.6319999993], [111663.61899999902, 453591.5709999986], [111663.47800000012, 453591.63899999857], [111663.57800000161, 453591.84600000083], [111658.40500000119, 453594.33300000057], [111658.3049999997, 453594.1259999983], [111631.15799999982, 453607.2490000017]]]}, "properties": {"OBJECTID": 328, "ET_ID": 11995, "NWRW_TYP": "DV", "STELSEL1": "H", "AFGEKOP": 0, "AREA": 2779.0449634577, "ET_Source": "P:\\336468\\Water\\Gis\\Data\\Shape\\Afvoerend oppervlak\\AO_BDGR_RW_2015.shp", "Shape_Length": 260.5491660255976, "Shape_Area": 2779.0449634463066}}, {"type": "Feature", "id": 329, "geometry": {"type": "Polygon", "coordinates": [[[111623.22300000116, 453611.07499999925], [111616.13699999824, 453614.5469999984], [111615.8590000011, 453614.68299999833], [111609.36199999973, 453601.3530000001], [111602.9299999997, 453588.1559999995], [111610.12999999896, 453584.6460000016], [111618.9840000011, 453602.8139999993], [111619.13800000027, 453602.73800000176], [111623.22300000116, 453611.07499999925]]]}, "properties": {"OBJECTID": 329, "ET_ID": 11996, "NWRW_TYP": "DV", "STELSEL1": "H", "AFGEKOP": 0, "AREA": 237.98242952859, "ET_Source": "P:\\336468\\Water\\Gis\\Data\\Shape\\Afvoerend oppervlak\\AO_BDGR_RW_2015.shp", "Shape_Length": 75.38675616782287, "Shape_Area": 237.98242948085124}}, {"type": "Feature", "id": 330, "geometry": {"type": "Polygon", "coordinates": [[[111615.8590000011, 453614.68299999833], [111614.87999999896, 453615.1629999988], [111592.69000000134, 453626.03400000185], [111586.28799999878, 453612.9670000002], [111585.88399999961, 453613.1649999991], [111585.85300000012, 453613.1020000018], [111585.79600000009, 453612.9849999994], [111609.36199999973, 453601.3530000001], [111615.8590000011, 453614.68299999833]]]}, "properties": {"OBJECTID": 330, "ET_ID": 11997, "NWRW_TYP": "DV", "STELSEL1": "H", "AFGEKOP": 0, "AREA": 381.92421501694, "ET_Source": "P:\\336468\\Water\\Gis\\Data\\Shape\\Afvoerend oppervlak\\AO_BDGR_RW_2015.shp", "Shape_Length": 82.1108678107604, "Shape_Area": 381.9242150298672}}, {"type": "Feature", "id": 331, "geometry": {"type": "Polygon", "coordinates": [[[111609.36199999973, 453601.3530000001], [111585.79600000009, 453612.9849999994], [111585.72199999914, 453612.83300000057], [111585.69999999925, 453612.7879999988], [111586.10399999842, 453612.58999999985], [111579.69999999925, 453599.4770000018], [111602.8759999983, 453588.18200000003], [111602.9299999997, 453588.1559999995], [111609.36199999973, 453601.3530000001]]]}, "properties": {"OBJECTID": 331, "ET_ID": 11998, "NWRW_TYP": "DV", "STELSEL1": "H", "AFGEKOP": 0, "AREA": 381.07936694354, "ET_Source": "P:\\336468\\Water\\Gis\\Data\\Shape\\Afvoerend oppervlak\\AO_BDGR_RW_2015.shp", "Shape_Length": 82.065457311488, "Shape_Area": 381.0793670044584}}, {"type": "Feature", "id": 332, "geometry": {"type": "Polygon", "coordinates": [[[111585.03599999845, 453563.0320000015], [111585.04600000009, 453563.0529999994], [111566.07800000161, 453572.04199999943], [111556.13300000131, 453551.0560000017], [111555.37200000137, 453549.44999999925], [111557.25600000098, 453548.5560000017], [111569.83199999854, 453542.59800000116], [111570.0159999989, 453542.98699999973], [111574.24599999934, 453551.9149999991], [111574.9690000005, 453551.5729999989], [111578.75600000098, 453549.77800000086], [111585.03599999845, 453563.0320000015]]]}, "properties": {"OBJECTID": 332, "ET_ID": 11999, "NWRW_TYP": "DV", "STELSEL1": "H", "AFGEKOP": 0, "AREA": 473.32590855066, "ET_Source": "P:\\336468\\Water\\Gis\\Data\\Shape\\Afvoerend oppervlak\\AO_BDGR_RW_2015.shp", "Shape_Length": 91.98196325634552, "Shape_Area": 473.32590843351085}}, {"type": "Feature", "id": 333, "geometry": {"type": "Polygon", "coordinates": [[[111565.87299999967, 453770.6970000006], [111565.46700000018, 453770.8960000016], [111551.71499999985, 453742.7809999995], [111561.6240000017, 453737.9299999997], [111566.07999999821, 453735.7479999997], [111580.10500000045, 453764.3900000006], [111570.68400000036, 453769.0029999986], [111570.46200000122, 453768.44999999925], [111565.87299999967, 453770.6970000006]]]}, "properties": {"OBJECTID": 333, "ET_ID": 12000, "NWRW_TYP": "DV", "STELSEL1": "H", "AFGEKOP": 0, "AREA": 507.00927356966, "ET_Source": "P:\\336468\\Water\\Gis\\Data\\Shape\\Afvoerend oppervlak\\AO_BDGR_RW_2015.shp", "Shape_Length": 95.83119993262314, "Shape_Area": 507.0092734862894}}, {"type": "Feature", "id": 334, "geometry": {"type": "Polygon", "coordinates": [[[111609.66800000146, 453745.72300000116], [111604.47300000116, 453748.2340000011], [111603.17399999872, 453745.5929999985], [111602.06300000101, 453743.3350000009], [111605.40199999884, 453741.69299999997], [111604.4840000011, 453739.8260000013], [111601.19000000134, 453741.55799999833], [111592.11199999973, 453723.09899999946], [111610.06799999997, 453714.26900000125], [111624.19399999827, 453742.9930000007], [111623.68100000173, 453743.24500000104], [111616.79100000113, 453746.6339999996], [111614.9140000008, 453743.188000001], [111609.66800000146, 453745.72300000116]]]}, "properties": {"OBJECTID": 334, "ET_ID": 12001, "NWRW_TYP": "DV", "STELSEL1": "H", "AFGEKOP": 0, "AREA": 586.70728600833, "ET_Source": "P:\\336468\\Water\\Gis\\Data\\Shape\\Afvoerend oppervlak\\AO_BDGR_RW_2015.shp", "Shape_Length": 111.34275270120926, "Shape_Area": 586.7072859590262}}, {"type": "Feature", "id": 335, "geometry": {"type": "Polygon", "coordinates": [[[111498.71700000018, 453500], [111508.20300000161, 453519.38699999824], [111481.16600000113, 453532.6160000004], [111471.27699999884, 453512.4050000012], [111471.44299999997, 453512.32400000095], [111496.62900000066, 453500], [111498.31399999931, 453499.17599999905], [111498.71700000018, 453500]]]}, "properties": {"OBJECTID": 335, "ET_ID": 12002, "NWRW_TYP": "DV", "STELSEL1": "H", "AFGEKOP": 0, "AREA": 677.2679660092, "ET_Source": "P:\\336468\\Water\\Gis\\Data\\Shape\\Afvoerend oppervlak\\AO_BDGR_RW_2015.shp", "Shape_Length": 105.20105393613699, "Shape_Area": 677.2679660181907}}, {"type": "Feature", "id": 336, "geometry": {"type": "Polygon", "coordinates": [[[111518.04600000009, 453539.5249999985], [111524.7490000017, 453553.3770000003], [111526.97599999979, 453557.9789999984], [111538.18600000069, 453581.1420000009], [111540.05799999833, 453585.0089999996], [111530.57600000128, 453589.59800000116], [111516.18600000069, 453596.563000001], [111504.31799999997, 453602.3060000017], [111491.23600000143, 453575.27600000054], [111481.43499999866, 453555.0229999982], [111517.17500000075, 453537.7259999998], [111518.04600000009, 453539.5249999985]]]}, "properties": {"OBJECTID": 336, "ET_ID": 12003, "NWRW_TYP": "DV", "STELSEL1": "H", "AFGEKOP": 0, "AREA": 2085.70899896125, "ET_Source": "P:\\336468\\Water\\Gis\\Data\\Shape\\Afvoerend oppervlak\\AO_BDGR_RW_2015.shp", "Shape_Length": 184.4695198647452, "Shape_Area": 2085.708999102896}}, {"type": "Feature", "id": 337, "geometry": {"type": "Polygon", "coordinates": [[[111554.64999999851, 453516.1950000003], [111552.57400000095, 453517.20800000057], [111552.19799999893, 453517.3909999989], [111552.75, 453518.5240000002], [111542.61899999902, 453523.46599999815], [111535.73999999836, 453509.40399999917], [111535.01099999994, 453507.9120000005], [111531.33399999887, 453500.3960000016], [111541.33999999985, 453495.5370000005], [111542.61699999869, 453495.9750000015], [111543.28799999878, 453496.2049999982], [111543.93400000036, 453494.3220000006], [111544.89600000158, 453491.51300000027], [111554.84800000116, 453494.9230000004], [111557.08100000024, 453495.688000001], [111557.31100000069, 453495.0159999989], [111558.77899999917, 453490.73000000045], [111573.88699999824, 453495.9070000015], [111573.1799999997, 453497.9679999985], [111572.60599999875, 453499.64400000125], [111571.61899999902, 453502.5210000016], [111571.0540000014, 453504.1700000018], [111570.06300000101, 453507.05999999866], [111569.48699999973, 453508.73900000006], [111568.82400000095, 453510.6739999987], [111555.5709999986, 453517.1469999999], [111555.01799999923, 453516.0150000006], [111554.64999999851, 453516.1950000003]]]}, "properties": {"OBJECTID": 337, "ET_ID": 12004, "NWRW_TYP": "DV", "STELSEL1": "H", "AFGEKOP": 0, "AREA": 823.43330701226, "ET_Source": "P:\\336468\\Water\\Gis\\Data\\Shape\\Afvoerend oppervlak\\AO_BDGR_RW_2015.shp", "Shape_Length": 125.20655452587376, "Shape_Area": 823.4333069670629}}, {"type": "Feature", "id": 338, "geometry": {"type": "Polygon", "coordinates": [[[111499.92300000042, 453604.4299999997], [111499.23200000077, 453604.7679999992], [111472.89900000021, 453617.65199999884], [111472.85099999979, 453617.5540000014], [111472.6790000014, 453617.2030000016], [111459.70100000128, 453590.6790000014], [111485.64799999818, 453577.9840000011], [111486.59099999815, 453577.5229999982], [111486.72599999979, 453577.45699999854], [111499.92300000042, 453604.4299999997]]]}, "properties": {"OBJECTID": 338, "ET_ID": 12005, "NWRW_TYP": "DV", "STELSEL1": "H", "AFGEKOP": 0, "AREA": 903.43768249864, "ET_Source": "P:\\336468\\Water\\Gis\\Data\\Shape\\Afvoerend oppervlak\\AO_BDGR_RW_2015.shp", "Shape_Length": 120.22844914083115, "Shape_Area": 903.4376824514914}}, {"type": "Feature", "id": 339, "geometry": {"type": "Polygon", "coordinates": [[[111672.88899999857, 453538.1640000008], [111671.54100000113, 453538.8209999986], [111677.35500000045, 453550.75], [111656.14900000021, 453561.0850000009], [111632.2809999995, 453512.11100000143], [111647.76999999955, 453504.563000001], [111648.1640000008, 453505.3720000014], [111653.88100000098, 453502.5859999992], [111669.85399999842, 453535.3599999994], [111671.20300000161, 453534.7030000016], [111672.88899999857, 453538.1640000008]]]}, "properties": {"OBJECTID": 339, "ET_ID": 12006, "NWRW_TYP": "DV", "STELSEL1": "H", "AFGEKOP": 0, "AREA": 1285.23552740882, "ET_Source": "P:\\336468\\Water\\Gis\\Data\\Shape\\Afvoerend oppervlak\\AO_BDGR_RW_2015.shp", "Shape_Length": 159.14024855553325, "Shape_Area": 1285.2355275401396}}, {"type": "Feature", "id": 340, "geometry": {"type": "Polygon", "coordinates": [[[111770.55600000173, 453671.4140000008], [111763.38199999928, 453674.93200000003], [111761.61600000039, 453671.33100000024], [111757.14799999818, 453662.2179999985], [111760.32600000128, 453660.65900000185], [111762.53200000152, 453665.1579999998], [111766.5709999986, 453663.2879999988], [111770.55600000173, 453671.4140000008]]]}, "properties": {"OBJECTID": 340, "ET_ID": 12007, "NWRW_TYP": "DV", "STELSEL1": "H", "AFGEKOP": 0, "AREA": 90.62366099757, "ET_Source": "P:\\336468\\Water\\Gis\\Data\\Shape\\Afvoerend oppervlak\\AO_BDGR_RW_2015.shp", "Shape_Length": 44.20221053126506, "Shape_Area": 90.62366101849669}}, {"type": "Feature", "id": 341, "geometry": {"type": "Polygon", "coordinates": [[[111752.99300000072, 453653.74599999934], [111757.14799999818, 453662.2179999985], [111761.61600000039, 453671.33100000024], [111734.6799999997, 453684.5390000008], [111722.35300000012, 453659.3990000002], [111749.2890000008, 453646.19099999964], [111747.11400000006, 453641.756000001], [111747.08799999952, 453641.7030000016], [111760.58300000057, 453635.0859999992], [111760.64799999818, 453635.2179999985], [111762.78400000185, 453639.57400000095], [111771.75400000066, 453635.17599999905], [111771.94200000167, 453635.08399999887], [111777.14999999851, 453632.5300000012], [111780.45199999958, 453639.26399999857], [111781.20100000128, 453640.7899999991], [111787.05200000107, 453652.72100000083], [111781.65500000119, 453655.3680000007], [111772.24100000039, 453660.0179999992], [111768.18200000003, 453662.0080000013], [111766.13100000098, 453657.82400000095], [111763.1950000003, 453659.26399999857], [111760.41699999943, 453653.59800000116], [111763.35300000012, 453652.15900000185], [111761.97199999914, 453649.3429999985], [111752.99300000072, 453653.74599999934]]]}, "properties": {"OBJECTID": 341, "ET_ID": 12008, "NWRW_TYP": "DV", "STELSEL1": "H", "AFGEKOP": 0, "AREA": 1493.14042352611, "ET_Source": "P:\\336468\\Water\\Gis\\Data\\Shape\\Afvoerend oppervlak\\AO_BDGR_RW_2015.shp", "Shape_Length": 222.77879426925608, "Shape_Area": 1493.14042351287}}, {"type": "Feature", "id": 342, "geometry": {"type": "Polygon", "coordinates": [[[111730.6559999995, 453552.6259999983], [111727.86600000039, 453553.9549999982], [111720.7340000011, 453557.3520000018], [111719.14499999955, 453558.1090000011], [111715.20100000128, 453549.8299999982], [111706.21799999848, 453530.9699999988], [111704.44200000167, 453527.2419999987], [111701.89999999851, 453521.9059999995], [111698.73699999973, 453521.9620000012], [111691.59699999914, 453522.0879999995], [111691.32200000063, 453506.631000001], [111710.34800000116, 453506.29300000146], [111710.37299999967, 453507.7410000004], [111715.56799999997, 453507.6479999982], [111715.54199999943, 453506.2010000013], [111728.57600000128, 453505.9699999988], [111737.72899999842, 453525.1860000007], [111736.24500000104, 453525.8920000009], [111738.47700000182, 453530.5789999999], [111739.84299999848, 453529.9279999994], [111749.09699999914, 453549.3570000008], [111741.7109999992, 453552.875], [111739.5700000003, 453548.37999999896], [111730.6559999995, 453552.6259999983]]]}, "properties": {"OBJECTID": 342, "ET_ID": 12009, "NWRW_TYP": "DV", "STELSEL1": "H", "AFGEKOP": 0, "AREA": 1675.84998902772, "ET_Source": "P:\\336468\\Water\\Gis\\Data\\Shape\\Afvoerend oppervlak\\AO_BDGR_RW_2015.shp", "Shape_Length": 192.95720237438212, "Shape_Area": 1675.849988935195}}, {"type": "Feature", "id": 343, "geometry": {"type": "Polygon", "coordinates": [[[111699.22100000083, 453634.1730000004], [111711.23200000077, 453658.92599999905], [111711.36300000176, 453659.1959999986], [111671.40900000185, 453678.58399999887], [111659.27600000054, 453653.5799999982], [111650.9299999997, 453636.381000001], [111666.60000000149, 453628.77600000054], [111675.20399999991, 453624.6009999998], [111686.42000000179, 453619.1579999998], [111690.01999999955, 453617.41099999845], [111690.88399999961, 453616.9919999987], [111699.22100000083, 453634.1730000004]]]}, "properties": {"OBJECTID": 343, "ET_ID": 12010, "NWRW_TYP": "DV", "STELSEL1": "H", "AFGEKOP": 0, "AREA": 2083.26716409998, "ET_Source": "P:\\336468\\Water\\Gis\\Data\\Shape\\Afvoerend oppervlak\\AO_BDGR_RW_2015.shp", "Shape_Length": 182.63923312039907, "Shape_Area": 2083.267163942746}}, {"type": "Feature", "id": 344, "geometry": {"type": "Polygon", "coordinates": [[[111644.83900000155, 453728.3269999996], [111646.625, 453731.97100000083], [111642.18899999931, 453734.1460000016], [111628.01999999955, 453705.4910000004], [111641.17500000075, 453699.04199999943], [111641.4140000008, 453698.92500000075], [111653.2650000006, 453723.09699999914], [111653.69900000095, 453723.9829999991], [111653.21999999881, 453724.2179999985], [111654.8049999997, 453727.44999999925], [111654.60399999842, 453728.0390000008], [111651.9059999995, 453729.36199999973], [111651.31700000167, 453729.16000000015], [111649.73299999908, 453725.9279999994], [111644.83900000155, 453728.3269999996]]]}, "properties": {"OBJECTID": 344, "ET_ID": 12011, "NWRW_TYP": "DV", "STELSEL1": "H", "AFGEKOP": 0, "AREA": 450.56338641138, "ET_Source": "P:\\336468\\Water\\Gis\\Data\\Shape\\Afvoerend oppervlak\\AO_BDGR_RW_2015.shp", "Shape_Length": 101.2224744481857, "Shape_Area": 450.56338655006795}}, {"type": "Feature", "id": 345, "geometry": {"type": "Polygon", "coordinates": [[[111642.18899999931, 453734.1460000016], [111633.02699999884, 453738.63800000027], [111630.50200000033, 453733.48699999973], [111626.1099999994, 453735.6409999989], [111614.56300000101, 453712.08900000155], [111628.01999999955, 453705.4910000004], [111642.18899999931, 453734.1460000016]]]}, "properties": {"OBJECTID": 345, "ET_ID": 12012, "NWRW_TYP": "DV", "STELSEL1": "H", "AFGEKOP": 0, "AREA": 452.7602030472, "ET_Source": "P:\\336468\\Water\\Gis\\Data\\Shape\\Afvoerend oppervlak\\AO_BDGR_RW_2015.shp", "Shape_Length": 94.01678486290164, "Shape_Area": 452.7602029557691}}, {"type": "Feature", "id": 346, "geometry": {"type": "Polygon", "coordinates": [[[111678.05099999905, 453705.2879999988], [111680.46700000018, 453710.188000001], [111672.32299999893, 453714.2030000016], [111674.31300000101, 453718.23900000006], [111661.90900000185, 453724.35500000045], [111649.77899999917, 453699.7520000003], [111670.32800000161, 453689.6220000014], [111678.05099999905, 453705.2879999988]]]}, "properties": {"OBJECTID": 346, "ET_ID": 12013, "NWRW_TYP": "DV", "STELSEL1": "H", "AFGEKOP": 0, "AREA": 587.55416896249, "ET_Source": "P:\\336468\\Water\\Gis\\Data\\Shape\\Afvoerend oppervlak\\AO_BDGR_RW_2015.shp", "Shape_Length": 100.68009541896087, "Shape_Area": 587.554168992765}}, {"type": "Feature", "id": 347, "geometry": {"type": "Polygon", "coordinates": [[[111700.4450000003, 453705.77800000086], [111700.28799999878, 453705.8539999984], [111697.42799999937, 453707.24500000104], [111693.39900000021, 453709.2039999999], [111693.19200000167, 453709.84099999815], [111692.72199999914, 453709.688000001], [111690.03400000185, 453708.811999999], [111690.24100000039, 453708.17500000075], [111686.79500000179, 453701.08900000155], [111682.3909999989, 453703.23099999875], [111672.7100000009, 453683.3220000006], [111686.30999999866, 453676.70899999887], [111700.4450000003, 453705.77800000086]]]}, "properties": {"OBJECTID": 347, "ET_ID": 12014, "NWRW_TYP": "DV", "STELSEL1": "H", "AFGEKOP": 0, "AREA": 438.3941464886, "ET_Source": "P:\\336468\\Water\\Gis\\Data\\Shape\\Afvoerend oppervlak\\AO_BDGR_RW_2015.shp", "Shape_Length": 94.8565122490974, "Shape_Area": 438.39414648673574}}, {"type": "Feature", "id": 348, "geometry": {"type": "Polygon", "coordinates": [[[111240.02499999851, 453579.1039999984], [111235.38100000098, 453569.63500000164], [111216.98200000077, 453578.65900000185], [111204.15500000119, 453552.4279999994], [111248.80000000075, 453530.6039999984], [111266.27899999917, 453566.243999999], [111240.02499999851, 453579.1039999984]]]}, "properties": {"OBJECTID": 348, "ET_ID": 12015, "NWRW_TYP": "DV", "STELSEL1": "H", "AFGEKOP": 0, "AREA": 1758.42736552046, "ET_Source": "P:\\336468\\Water\\Gis\\Data\\Shape\\Afvoerend oppervlak\\AO_BDGR_RW_2015.shp", "Shape_Length": 178.86212164788347, "Shape_Area": 1758.427365524893}}, {"type": "Feature", "id": 349, "geometry": {"type": "Polygon", "coordinates": [[[111240.02499999851, 453579.1039999984], [111247.93699999899, 453595.2679999992], [111220.52100000158, 453608.6629999988], [111208, 453583.05000000075], [111216.98200000077, 453578.65900000185], [111235.38100000098, 453569.63500000164], [111240.02499999851, 453579.1039999984]]]}, "properties": {"OBJECTID": 349, "ET_ID": 12016, "NWRW_TYP": "DV", "STELSEL1": "H", "AFGEKOP": 0, "AREA": 870.05202257653, "ET_Source": "P:\\336468\\Water\\Gis\\Data\\Shape\\Afvoerend oppervlak\\AO_BDGR_RW_2015.shp", "Shape_Length": 118.05669667223123, "Shape_Area": 870.0520223863953}}, {"type": "Feature", "id": 350, "geometry": {"type": "Polygon", "coordinates": [[[110855.69399999827, 453763.1240000017], [110840.32800000161, 453730.09699999914], [110845.06199999899, 453725.7490000017], [110842.41699999943, 453722.8660000004], [110842.21400000155, 453722.64499999955], [110847.23600000143, 453718.0469999984], [110850.95800000057, 453714.6339999996], [110851.16099999845, 453714.85500000045], [110875.22500000149, 453741.14499999955], [110878.65500000119, 453744.8920000009], [110876.9290000014, 453746.47100000083], [110870.05999999866, 453752.7589999996], [110868.65300000086, 453751.22399999946], [110855.69399999827, 453763.1240000017]]]}, "properties": {"OBJECTID": 350, "ET_ID": 12017, "NWRW_TYP": "DV", "STELSEL1": "H", "AFGEKOP": 0, "AREA": 899.32823398907, "ET_Source": "P:\\336468\\Water\\Gis\\Data\\Shape\\Afvoerend oppervlak\\AO_BDGR_RW_2015.shp", "Shape_Length": 131.2741534247744, "Shape_Area": 899.3282340193514}}, {"type": "Feature", "id": 351, "geometry": {"type": "Polygon", "coordinates": [[[110893.82600000128, 453743.98999999836], [110863.40100000054, 453710.7950000018], [110863.76300000027, 453710.4450000003], [110865.2109999992, 453712.01300000027], [110889.89900000021, 453689.4050000012], [110920.43100000173, 453722.6970000006], [110899.43499999866, 453741.9530000016], [110897.90799999982, 453740.2470000014], [110893.82600000128, 453743.98999999836]]]}, "properties": {"OBJECTID": 351, "ET_ID": 12018, "NWRW_TYP": "DV", "STELSEL1": "H", "AFGEKOP": 0, "AREA": 1524.44297355401, "ET_Source": "P:\\336468\\Water\\Gis\\Data\\Shape\\Afvoerend oppervlak\\AO_BDGR_RW_2015.shp", "Shape_Length": 162.63173645863014, "Shape_Area": 1524.4429734962325}}, {"type": "Feature", "id": 352, "geometry": {"type": "Polygon", "coordinates": [[[110948.27199999988, 453689.78500000015], [110944.49199999869, 453693.24599999934], [110948.83700000122, 453697.98600000143], [110937.69700000063, 453708.2120000012], [110932.44299999997, 453712.9770000018], [110924.46400000155, 453704.18400000036], [110913.70699999854, 453692.3570000008], [110910.07999999821, 453688.631000001], [110915.40199999884, 453683.86499999836], [110919.61699999869, 453688.47300000116], [110929.47399999946, 453679.3929999992], [110930.3740000017, 453678.4970000014], [110927.55999999866, 453675.4450000003], [110931.30799999833, 453671.98699999973], [110931.67700000107, 453671.6469999999], [110948.27199999988, 453689.78500000015]]]}, "properties": {"OBJECTID": 352, "ET_ID": 12019, "NWRW_TYP": "DV", "STELSEL1": "H", "AFGEKOP": 0, "AREA": 765.47880995563, "ET_Source": "P:\\336468\\Water\\Gis\\Data\\Shape\\Afvoerend oppervlak\\AO_BDGR_RW_2015.shp", "Shape_Length": 129.22823325102792, "Shape_Area": 765.478810070396}}, {"type": "Feature", "id": 353, "geometry": {"type": "Polygon", "coordinates": [[[110949.06300000101, 453752.7030000016], [110945.85500000045, 453754.2270000018], [110943.76199999824, 453749.8209999986], [110946.96999999881, 453748.2969999984], [110949.06300000101, 453752.7030000016]]]}, "properties": {"OBJECTID": 353, "ET_ID": 12021, "NWRW_TYP": "DV", "STELSEL1": "H", "AFGEKOP": 0, "AREA": 17.32417999899, "ET_Source": "P:\\336468\\Water\\Gis\\Data\\Shape\\Afvoerend oppervlak\\AO_BDGR_RW_2015.shp", "Shape_Length": 16.858906854756, "Shape_Area": 17.324180016617923}}, {"type": "Feature", "id": 354, "geometry": {"type": "Polygon", "coordinates": [[[111767.35500000045, 453626.20600000024], [111717.08700000122, 453650.85500000045], [111698.7650000006, 453613.14499999955], [111742.36800000072, 453591.66899999976], [111743.17799999937, 453593.3220000006], [111748.50400000066, 453590.7100000009], [111749.67000000179, 453590.13800000027], [111767.35500000045, 453626.20600000024]]]}, "properties": {"OBJECTID": 354, "ET_ID": 12023, "NWRW_TYP": "DV", "STELSEL1": "H", "AFGEKOP": 0, "AREA": 2333.44797798579, "ET_Source": "P:\\336468\\Water\\Gis\\Data\\Shape\\Afvoerend oppervlak\\AO_BDGR_RW_2015.shp", "Shape_Length": 195.7583994916276, "Shape_Area": 2333.447978034666}}, {"type": "Feature", "id": 355, "geometry": {"type": "Polygon", "coordinates": [[[111252.66800000146, 453767.12999999896], [111253.03500000015, 453767.31700000167], [111253.43400000036, 453767.78500000015], [111253.56199999899, 453768.1770000011], [111253.51399999857, 453768.7899999991], [111253.32699999958, 453769.1570000015], [111252.8590000011, 453769.5560000017], [111252.46700000018, 453769.68400000036], [111251.85399999842, 453769.63500000164], [111251.48699999973, 453769.4479999989], [111251.08799999952, 453768.98099999875], [111250.9600000009, 453768.58900000155], [111251.00899999961, 453767.9759999998], [111251.1959999986, 453767.6090000011], [111251.66299999878, 453767.20899999887], [111252.0549999997, 453767.08199999854], [111252.66800000146, 453767.12999999896]]]}, "properties": {"OBJECTID": 355, "ET_ID": 12024, "NWRW_TYP": "DV", "STELSEL1": "H", "AFGEKOP": 0, "AREA": 5.29370550073, "ET_Source": "P:\\336468\\Water\\Gis\\Data\\Shape\\Afvoerend oppervlak\\AO_BDGR_RW_2015.shp", "Shape_Length": 8.215540410603356, "Shape_Area": 5.293705502505571}}, {"type": "Feature", "id": 356, "geometry": {"type": "Polygon", "coordinates": [[[111255.74100000039, 453765.51300000027], [111256.10300000012, 453765.6970000006], [111256.49700000137, 453766.1579999998], [111256.62200000137, 453766.54399999976], [111256.57499999925, 453767.1490000002], [111256.3900000006, 453767.51099999994], [111255.9290000014, 453767.90399999917], [111255.54300000146, 453768.0300000012], [111254.93899999931, 453767.9820000008], [111254.57699999958, 453767.7980000004], [111254.18299999833, 453767.3370000012], [111254.05799999833, 453766.9510000013], [111254.10500000045, 453766.34600000083], [111254.2899999991, 453765.9840000011], [111254.7509999983, 453765.59099999815], [111255.13699999824, 453765.46499999985], [111255.74100000039, 453765.51300000027]]]}, "properties": {"OBJECTID": 356, "ET_ID": 12025, "NWRW_TYP": "DV", "STELSEL1": "H", "AFGEKOP": 0, "AREA": 5.14412799947, "ET_Source": "P:\\336468\\Water\\Gis\\Data\\Shape\\Afvoerend oppervlak\\AO_BDGR_RW_2015.shp", "Shape_Length": 8.098657083926785, "Shape_Area": 5.144128005240605}}, {"type": "Feature", "id": 357, "geometry": {"type": "Polygon", "coordinates": [[[111271.07899999991, 453758.76000000164], [111271.34499999881, 453758.87000000104], [111271.80900000036, 453759.20699999854], [111272.14600000158, 453759.6710000001], [111272.25600000098, 453759.9360000007], [111272.36800000072, 453760.6499999985], [111272.14600000158, 453761.33399999887], [111271.80900000036, 453761.7980000004], [111271.58999999985, 453761.9840000011], [111271.07899999991, 453762.24500000104], [111270.80000000075, 453762.311999999], [111270.22700000182, 453762.311999999], [111269.68100000173, 453762.13500000164], [111269.21799999848, 453761.7980000004], [111268.88100000098, 453761.33399999887], [111268.77100000158, 453761.06799999997], [111268.68100000173, 453760.5020000003], [111268.77100000158, 453759.9360000007], [111268.88100000098, 453759.6710000001], [111269.21799999848, 453759.20699999854], [111269.68100000173, 453758.87000000104], [111269.94700000063, 453758.76000000164], [111270.51300000027, 453758.6700000018], [111271.07899999991, 453758.76000000164]]]}, "properties": {"OBJECTID": 357, "ET_ID": 12026, "NWRW_TYP": "DV", "STELSEL1": "H", "AFGEKOP": 0, "AREA": 10.40327299831, "ET_Source": "P:\\336468\\Water\\Gis\\Data\\Shape\\Afvoerend oppervlak\\AO_BDGR_RW_2015.shp", "Shape_Length": 11.479370403529852, "Shape_Area": 10.40327299769786}}, {"type": "Feature", "id": 358, "geometry": {"type": "Polygon", "coordinates": [[[111539.41299999878, 453517.1330000013], [111534.30200000107, 453519.7010000013], [111532.46599999815, 453515.92599999905], [111537.56899999827, 453513.38599999994], [111539.41299999878, 453517.1330000013]]]}, "properties": {"OBJECTID": 358, "ET_ID": 12027, "NWRW_TYP": "DV", "STELSEL1": "H", "AFGEKOP": 0, "AREA": 23.90678700481, "ET_Source": "P:\\336468\\Water\\Gis\\Data\\Shape\\Afvoerend oppervlak\\AO_BDGR_RW_2015.shp", "Shape_Length": 19.79403003652923, "Shape_Area": 23.906787008643626}}, {"type": "Feature", "id": 359, "geometry": {"type": "Polygon", "coordinates": [[[111542.2659999989, 453522.9910000004], [111537.11100000143, 453525.43299999833], [111535.31300000101, 453521.63800000027], [111540.43499999866, 453519.1770000011], [111542.2659999989, 453522.9910000004]]]}, "properties": {"OBJECTID": 359, "ET_ID": 12028, "NWRW_TYP": "DV", "STELSEL1": "H", "AFGEKOP": 0, "AREA": 23.9976700093, "ET_Source": "P:\\336468\\Water\\Gis\\Data\\Shape\\Afvoerend oppervlak\\AO_BDGR_RW_2015.shp", "Shape_Length": 19.81683198394402, "Shape_Area": 23.997669982172475}}, {"type": "Feature", "id": 360, "geometry": {"type": "Polygon", "coordinates": [[[111725.94700000063, 453560.2740000002], [111720.25, 453562.98699999973], [111719.08900000155, 453560.5489999987], [111724.78599999845, 453557.8359999992], [111725.94700000063, 453560.2740000002]]]}, "properties": {"OBJECTID": 360, "ET_ID": 12029, "NWRW_TYP": "DV", "STELSEL1": "H", "AFGEKOP": 0, "AREA": 17.03907898132, "ET_Source": "P:\\336468\\Water\\Gis\\Data\\Shape\\Afvoerend oppervlak\\AO_BDGR_RW_2015.shp", "Shape_Length": 18.02066602492165, "Shape_Area": 17.039079003052695}}, {"type": "Feature", "id": 361, "geometry": {"type": "Polygon", "coordinates": [[[111707.64600000158, 453697.7729999982], [111706.51000000164, 453695.45699999854], [111702.1099999994, 453697.61400000006], [111690.92700000107, 453674.80799999833], [111717.71200000122, 453661.67500000075], [111717.84600000083, 453661.6090000011], [111731.92500000075, 453690.3229999989], [111725.8909999989, 453693.2809999995], [111725.06399999931, 453691.5929999985], [111724.23800000176, 453691.9979999997], [111723.3040000014, 453690.0949999988], [111707.64600000158, 453697.7729999982]]]}, "properties": {"OBJECTID": 361, "ET_ID": 12030, "NWRW_TYP": "DV", "STELSEL1": "H", "AFGEKOP": 0, "AREA": 855.03228648241, "ET_Source": "P:\\336468\\Water\\Gis\\Data\\Shape\\Afvoerend oppervlak\\AO_BDGR_RW_2015.shp", "Shape_Length": 123.91946971039765, "Shape_Area": 855.0322864765892}}, {"type": "Feature", "id": 362, "geometry": {"type": "Polygon", "coordinates": [[[111631.22199999914, 453689.03400000185], [111614.43200000003, 453654.1330000013], [111628.21999999881, 453647.5], [111632.5549999997, 453656.51099999994], [111639.76399999857, 453653.04300000146], [111652.80799999833, 453680.15900000185], [111638.2190000005, 453687.1770000011], [111637.62900000066, 453685.9519999996], [111631.22199999914, 453689.03400000185]]]}, "properties": {"OBJECTID": 362, "ET_ID": 12031, "NWRW_TYP": "DV", "STELSEL1": "H", "AFGEKOP": 0, "AREA": 844.42754155045, "ET_Source": "P:\\336468\\Water\\Gis\\Data\\Shape\\Afvoerend oppervlak\\AO_BDGR_RW_2015.shp", "Shape_Length": 126.7783504980607, "Shape_Area": 844.4275414846319}}, {"type": "Feature", "id": 363, "geometry": {"type": "Polygon", "coordinates": [[[110930.91899999976, 453663.8969999999], [110928.29800000042, 453666.1979999989], [110926.66000000015, 453664.33300000057], [110929.28000000119, 453662.0329999998], [110930.91899999976, 453663.8969999999]]]}, "properties": {"OBJECTID": 363, "ET_ID": 12032, "NWRW_TYP": "DV", "STELSEL1": "H", "AFGEKOP": 0, "AREA": 8.65529150472, "ET_Source": "P:\\336468\\Water\\Gis\\Data\\Shape\\Afvoerend oppervlak\\AO_BDGR_RW_2015.shp", "Shape_Length": 11.938333122206926, "Shape_Area": 8.655291496783779}}, {"type": "Feature", "id": 364, "geometry": {"type": "Polygon", "coordinates": [[[111245.34800000116, 453634.30700000003], [111294.18400000036, 453611], [111331.79899999872, 453592.5920000002], [111344.86800000072, 453619.30099999905], [111342.61699999869, 453620.40199999884], [111343.74100000039, 453622.7129999995], [111344.17300000042, 453622.5029999986], [111344.3040000014, 453622.7729999982], [111295.13399999961, 453646.6959999986], [111295.00200000033, 453646.4270000011], [111295.43400000036, 453646.2170000002], [111294.2490000017, 453643.7809999995], [111268.00899999961, 453656.59099999815], [111265.59499999881, 453651.6499999985], [111250.5, 453659.0229999982], [111250.45399999991, 453659.04399999976], [111250.32999999821, 453659.0940000005], [111250.20300000161, 453659.13699999824], [111250.07400000095, 453659.1719999984], [111249.94299999997, 453659.19900000095], [111249.81100000069, 453659.2179999985], [111249.67799999937, 453659.23000000045], [111249.54399999976, 453659.2329999991], [111249.41099999845, 453659.2289999984], [111249.27800000086, 453659.21599999815], [111249.14499999955, 453659.1950000003], [111249.0150000006, 453659.16699999943], [111248.88599999994, 453659.131000001], [111248.76000000164, 453659.0870000012], [111248.63599999994, 453659.03599999845], [111248.5159999989, 453658.9770000018], [111248.39999999851, 453658.9120000005], [111248.28700000048, 453658.83900000155], [111248.1799999997, 453658.76000000164], [111248.07699999958, 453658.67500000075], [111247.97899999842, 453658.58399999887], [111247.88699999824, 453658.48699999973], [111247.80099999905, 453658.3839999996], [111247.72199999914, 453658.27699999884], [111247.64900000021, 453658.1649999991], [111247.58199999854, 453658.0489999987], [111247.52299999818, 453657.9290000014], [111247.47100000083, 453657.8060000017], [111247.43600000069, 453657.7100000009], [111247.39699999988, 453657.58199999854], [111247.36600000039, 453657.4519999996], [111247.34299999848, 453657.3200000003], [111247.32800000161, 453657.186999999], [111247.3209999986, 453657.0540000014], [111247.3209999986, 453656.9200000018], [111247.32999999821, 453656.7870000005], [111247.34699999914, 453656.65399999917], [111247.37099999934, 453656.5229999982], [111247.40300000086, 453656.3929999992], [111247.44399999827, 453656.2650000006], [111247.49100000039, 453656.1400000006], [111247.54600000009, 453656.01900000125], [111247.60799999908, 453655.8999999985], [111247.67700000107, 453655.78599999845], [111247.75299999863, 453655.67599999905], [111247.8359999992, 453655.5700000003], [111247.92399999872, 453655.4699999988], [111248.01799999923, 453655.3759999983], [111248.11800000072, 453655.2870000005], [111248.22300000116, 453655.2039999999], [111248.33300000057, 453655.1270000003], [111248.44700000063, 453655.05799999833], [111248.56500000134, 453654.99500000104], [111251.63800000027, 453653.4930000007], [111248.16099999845, 453646.3770000003], [111240.7490000017, 453649.9979999997], [111235.4459999986, 453639.14400000125], [111245.34800000116, 453634.30700000003]]]}, "properties": {"OBJECTID": 364, "ET_ID": 12044, "NWRW_TYP": "DV", "STELSEL1": "H", "AFGEKOP": 0, "AREA": 3141.17645467122, "ET_Source": "P:\\336468\\Water\\Gis\\Data\\Shape\\Afvoerend oppervlak\\AO_BDGR_RW_2015.shp", "Shape_Length": 290.91044569003486, "Shape_Area": 3141.1764543596423}}, {"type": "Feature", "id": 365, "geometry": {"type": "Polygon", "coordinates": [[[111773.0850000009, 453659.6009999998], [111781.65500000119, 453655.3680000007], [111782.99799999967, 453658.1070000008], [111785.83799999952, 453663.8979999982], [111777.21799999848, 453668.125], [111773.0850000009, 453659.6009999998]]]}, "properties": {"OBJECTID": 365, "ET_ID": 12045, "NWRW_TYP": "DV", "STELSEL1": "H", "AFGEKOP": 0, "AREA": 90.87718150435, "ET_Source": "P:\\336468\\Water\\Gis\\Data\\Shape\\Afvoerend oppervlak\\AO_BDGR_RW_2015.shp", "Shape_Length": 38.13260598871621, "Shape_Area": 90.87718148292876}}, {"type": "Feature", "id": 366, "geometry": {"type": "Polygon", "coordinates": [[[111056.34600000083, 453634.72300000116], [111061.57200000063, 453632.16099999845], [111068.42300000042, 453628.8020000011], [111069.45499999821, 453628.2960000001], [111066.14499999955, 453621.54300000146], [111075.53599999845, 453616.9389999993], [111077.02299999818, 453616.2100000009], [111077.15300000086, 453616.1460000016], [111093.45899999887, 453608.15199999884], [111095.7659999989, 453612.8570000008], [111141.35399999842, 453705.8429999985], [111114.73900000006, 453718.8909999989], [111118.89900000021, 453727.3759999983], [111105.08900000155, 453734.1469999999], [111099.04600000009, 453721.81799999997], [111056.34600000083, 453634.72300000116]]]}, "properties": {"OBJECTID": 366, "ET_ID": 12047, "NWRW_TYP": "DV", "STELSEL1": "H", "AFGEKOP": 0, "AREA": 4933.77665809915, "ET_Source": "P:\\336468\\Water\\Gis\\Data\\Shape\\Afvoerend oppervlak\\AO_BDGR_RW_2015.shp", "Shape_Length": 326.54165373575665, "Shape_Area": 4933.77665782486}}, {"type": "Feature", "id": 367, "geometry": {"type": "Polygon", "coordinates": [[[111123.8440000005, 453670.1279999986], [111139.46999999881, 453702], [111141.35399999842, 453705.8429999985], [111137.13399999961, 453707.9120000005], [111121.20300000161, 453715.72199999914], [111115.63599999994, 453718.4510000013], [111114.73900000006, 453718.8909999989], [111118.89900000021, 453727.3759999983], [111105.08900000155, 453734.1469999999], [111099.04600000009, 453721.81799999997], [111083.42000000179, 453689.9450000003], [111059.28700000048, 453640.72100000083], [111056.34600000083, 453634.72300000116], [111056.64200000092, 453634.5780000016], [111061.57200000063, 453632.16099999845], [111068.42300000042, 453628.8020000011], [111069.45499999821, 453628.2960000001], [111066.14499999955, 453621.54300000146], [111075.36600000039, 453617.0219999999], [111075.53599999845, 453616.9389999993], [111077.02299999818, 453616.2100000009], [111077.15300000086, 453616.1460000016], [111095.7659999989, 453612.8570000008], [111123.8440000005, 453670.1279999986]]]}, "properties": {"OBJECTID": 367, "ET_ID": 12048, "NWRW_TYP": "DV", "STELSEL1": "H", "AFGEKOP": 0, "AREA": 4886.17031597801, "ET_Source": "P:\\336468\\Water\\Gis\\Data\\Shape\\Afvoerend oppervlak\\AO_BDGR_RW_2015.shp", "Shape_Length": 322.0427390310373, "Shape_Area": 4886.170315887581}}, {"type": "Feature", "id": 368, "geometry": {"type": "Polygon", "coordinates": [[[111115.66899999976, 453587.8049999997], [111145.31300000101, 453573.30700000003], [111151.23800000176, 453585.4219999984], [111152.13599999994, 453587.2569999993], [111152.1790000014, 453587.2349999994], [111152.94799999893, 453588.80700000003], [111160.19900000095, 453585.26099999994], [111163.05600000173, 453591.1039999984], [111168.64600000158, 453588.37000000104], [111178.26199999824, 453608.0329999998], [111165.55700000003, 453614.2470000014], [111172.50699999928, 453628.4450000003], [111172.88399999961, 453628.26000000164], [111180.24399999902, 453643.2950000018], [111179.34600000083, 453643.7349999994], [111200.56100000069, 453687.08399999887], [111171.23900000006, 453701.43400000036], [111150.18400000036, 453658.381000001], [111121.59899999946, 453599.9310000017], [111115.66899999976, 453587.8049999997]]]}, "properties": {"OBJECTID": 368, "ET_ID": 12049, "NWRW_TYP": "DV", "STELSEL1": "H", "AFGEKOP": 0, "AREA": 4537.0922305102, "ET_Source": "P:\\336468\\Water\\Gis\\Data\\Shape\\Afvoerend oppervlak\\AO_BDGR_RW_2015.shp", "Shape_Length": 348.5209080368818, "Shape_Area": 4537.092230596665}}, {"type": "Feature", "id": 369, "geometry": {"type": "Polygon", "coordinates": [[[111180.24399999902, 453643.2950000018], [111179.34600000083, 453643.7349999994], [111179.49799999967, 453644.0450000018], [111200.56100000069, 453687.08399999887], [111174.65199999884, 453699.76300000027], [111171.23900000006, 453701.43400000036], [111171.1400000006, 453701.2320000008], [111150.18400000036, 453658.381000001], [111121.59899999946, 453599.9310000017], [111115.9059999995, 453588.381000001], [111145.04399999976, 453574.1180000007], [111145.44299999997, 453573.94200000167], [111151.23800000176, 453585.4219999984], [111152.13599999994, 453587.2569999993], [111152.1790000014, 453587.2349999994], [111153.08399999887, 453589.08399999887], [111165.79100000113, 453582.5929999985], [111177.97300000116, 453607.9050000012], [111165.49500000104, 453614.118999999], [111172.50699999928, 453628.4450000003], [111172.88399999961, 453628.26000000164], [111180.24399999902, 453643.2950000018]]]}, "properties": {"OBJECTID": 369, "ET_ID": 12050, "NWRW_TYP": "DV", "STELSEL1": "H", "AFGEKOP": 0, "AREA": 4547.86565190172, "ET_Source": "P:\\336468\\Water\\Gis\\Data\\Shape\\Afvoerend oppervlak\\AO_BDGR_RW_2015.shp", "Shape_Length": 347.0713600967917, "Shape_Area": 4547.865652074043}}, {"type": "Feature", "id": 370, "geometry": {"type": "Polygon", "coordinates": [[[111436.39999999851, 453754.4519999996], [111435.34600000083, 453752.26099999994], [111447.15100000054, 453746.4670000002], [111441.62999999896, 453735.2190000005], [111465.91299999878, 453723.30000000075], [111463.7100000009, 453718.811999999], [111463.6959999986, 453718.8189999983], [111440.61499999836, 453672.16600000113], [111442.04100000113, 453671.46599999815], [111442.0850000009, 453671.5560000017], [111450.08900000155, 453667.6270000003], [111450.44799999893, 453667.4510000013], [111453.73099999875, 453674.13899999857], [111462.32800000161, 453669.91899999976], [111462.68699999899, 453669.7419999987], [111463.76199999824, 453669.21499999985], [111458.67500000075, 453658.8509999998], [111458.56700000167, 453658.90399999917], [111458.33999999985, 453658.44299999997], [111472.77499999851, 453651.3579999991], [111473.0009999983, 453651.8189999983], [111472.89400000125, 453651.8720000014], [111474.69799999893, 453655.5480000004], [111477.19299999997, 453660.5949999988], [111478.44000000134, 453663.1169999987], [111482.45699999854, 453661.14499999955], [111483.0850000009, 453660.8370000012], [111500, 453652.53400000185], [111520.51000000164, 453642.4670000002], [111520.66000000015, 453642.7749999985], [111529.64699999988, 453661.1550000012], [111532.51199999824, 453667.0150000006], [111542.12799999863, 453686.68200000003], [111552.81599999964, 453708.5399999991], [111555.53799999878, 453714.1079999991], [111561.72300000116, 453726.7569999993], [111552.22700000182, 453731.3999999985], [111528.76199999824, 453742.8729999997], [111524.22100000083, 453744.9690000005], [111519.89400000125, 453746.96599999815], [111485.75499999896, 453763.72199999914], [111473.41200000048, 453769.7809999995], [111484.77100000158, 453792.9210000001], [111460.60300000012, 453804.78500000015], [111436.39999999851, 453754.4519999996]]]}, "properties": {"OBJECTID": 370, "ET_ID": 12051, "NWRW_TYP": "DV", "STELSEL1": "H", "AFGEKOP": 0, "AREA": 10574.6732780098, "ET_Source": "P:\\336468\\Water\\Gis\\Data\\Shape\\Afvoerend oppervlak\\AO_BDGR_RW_2015.shp", "Shape_Length": 530.764853099889, "Shape_Area": 10574.673277950733}}, {"type": "Feature", "id": 371, "geometry": {"type": "Polygon", "coordinates": [[[111436.39999999851, 453754.4519999996], [111435.34600000083, 453752.26099999994], [111447.15100000054, 453746.4670000002], [111441.62999999896, 453735.2190000005], [111465.91299999878, 453723.30000000075], [111463.7100000009, 453718.811999999], [111463.6959999986, 453718.8189999983], [111440.61499999836, 453672.16600000113], [111442.04100000113, 453671.46599999815], [111442.0850000009, 453671.5560000017], [111450.20899999887, 453667.56799999997], [111453.54800000042, 453674.05900000036], [111463.70100000128, 453669.21599999815], [111458.47800000012, 453658.561999999], [111472.82299999893, 453651.6070000008], [111474.69799999893, 453655.5480000004], [111478.38699999824, 453663.01000000164], [111483.0549999997, 453660.77600000054], [111520.66000000015, 453642.7749999985], [111542.12799999863, 453686.68200000003], [111552.81599999964, 453708.5399999991], [111555.53799999878, 453714.1079999991], [111561.72300000116, 453726.7569999993], [111552.22700000182, 453731.3999999985], [111528.76199999824, 453742.8729999997], [111524.22100000083, 453744.9690000005], [111519.89400000125, 453746.96599999815], [111485.75499999896, 453763.72199999914], [111473.41200000048, 453769.7809999995], [111484.77100000158, 453792.9210000001], [111460.60300000012, 453804.78500000015], [111436.39999999851, 453754.4519999996]]]}, "properties": {"OBJECTID": 371, "ET_ID": 12052, "NWRW_TYP": "DV", "STELSEL1": "H", "AFGEKOP": 0, "AREA": 10566.31664706108, "ET_Source": "P:\\336468\\Water\\Gis\\Data\\Shape\\Afvoerend oppervlak\\AO_BDGR_RW_2015.shp", "Shape_Length": 529.1469464783513, "Shape_Area": 10566.316647012185}}, {"type": "Feature", "id": 372, "geometry": {"type": "Polygon", "coordinates": [[[111215.59899999946, 453721.2120000012], [111272.33399999887, 453693.5799999982], [111271.01999999955, 453690.8830000013], [111275.625, 453688.6409999989], [111275.91699999943, 453688.4970000014], [111278.8209999986, 453689.7980000004], [111280.59299999848, 453685.8420000002], [111284.56799999997, 453687.6220000014], [111286.5940000005, 453683.09699999914], [111286.6959999986, 453682.868999999], [111290.67199999839, 453684.6490000002], [111296.18299999833, 453681.96499999985], [111320.75899999961, 453732.2490000017], [111298.39699999988, 453743.45699999854], [111296.95399999991, 453743.7879999988], [111263.95300000161, 453759.86100000143], [111265.92399999872, 453763.9059999995], [111258.02100000158, 453767.75499999896], [111256.05099999905, 453763.70899999887], [111240.08399999887, 453771.48600000143], [111215.59899999946, 453721.2120000012]]]}, "properties": {"OBJECTID": 372, "ET_ID": 12053, "NWRW_TYP": "DV", "STELSEL1": "H", "AFGEKOP": 0, "AREA": 5101.44701540398, "ET_Source": "P:\\336468\\Water\\Gis\\Data\\Shape\\Afvoerend oppervlak\\AO_BDGR_RW_2015.shp", "Shape_Length": 309.7589554956003, "Shape_Area": 5101.4470155418285}}, {"type": "Feature", "id": 373, "geometry": {"type": "Polygon", "coordinates": [[[111240.2349999994, 453771.4120000005], [111240.08399999887, 453771.48600000143], [111215.59899999946, 453721.2120000012], [111272.46799999848, 453693.5150000006], [111295.8440000005, 453681.6730000004], [111320.75899999961, 453732.2490000017], [111298.39699999988, 453743.45699999854], [111296.95399999991, 453743.7879999988], [111282.77800000086, 453750.69299999997], [111272.00600000098, 453755.94000000134], [111263.95300000161, 453759.86100000143], [111265.92399999872, 453763.9059999995], [111258.02100000158, 453767.75499999896], [111256.05099999905, 453763.70899999887], [111240.2349999994, 453771.4120000005]]]}, "properties": {"OBJECTID": 373, "ET_ID": 12054, "NWRW_TYP": "DV", "STELSEL1": "H", "AFGEKOP": 0, "AREA": 5059.46894038117, "ET_Source": "P:\\336468\\Water\\Gis\\Data\\Shape\\Afvoerend oppervlak\\AO_BDGR_RW_2015.shp", "Shape_Length": 300.5104239074065, "Shape_Area": 5059.468940521554}}, {"type": "Feature", "id": 374, "geometry": {"type": "Polygon", "coordinates": [[[111287.96299999952, 453866.3680000007], [111282.72700000182, 453855.66600000113], [111281.79800000042, 453853.7659999989], [111279.77100000158, 453849.6220000014], [111278.52899999917, 453847.08199999854], [111276.65799999982, 453843.256000001], [111274.30200000107, 453838.44299999997], [111263.96499999985, 453817.32499999925], [111317.9450000003, 453790.90199999884], [111322.51700000092, 453788.6640000008], [111337.64400000125, 453819.5940000005], [111333.07999999821, 453821.8260000013], [111344.20899999887, 453844.5799999982], [111300.1099999994, 453866.1479999982], [111297.85200000182, 453861.5300000012], [111287.96299999952, 453866.3680000007]]]}, "properties": {"OBJECTID": 374, "ET_ID": 12057, "NWRW_TYP": "DV", "STELSEL1": "H", "AFGEKOP": 0, "AREA": 3709.39005004074, "ET_Source": "P:\\336468\\Water\\Gis\\Data\\Shape\\Afvoerend oppervlak\\AO_BDGR_RW_2015.shp", "Shape_Length": 249.87158892939473, "Shape_Area": 3709.3900499341435}}, {"type": "Feature", "id": 375, "geometry": {"type": "Polygon", "coordinates": [[[111174.02600000054, 453813.62999999896], [111133.16899999976, 453833.65399999917], [111132.84299999848, 453832.98800000176], [111127.64499999955, 453822.3830000013], [111127.80999999866, 453822.3020000011], [111168.50200000033, 453802.3590000011], [111174.02600000054, 453813.62999999896]]]}, "properties": {"OBJECTID": 375, "ET_ID": 12058, "NWRW_TYP": "DV", "STELSEL1": "H", "AFGEKOP": 0, "AREA": 571.11223251852, "ET_Source": "P:\\336468\\Water\\Gis\\Data\\Shape\\Afvoerend oppervlak\\AO_BDGR_RW_2015.shp", "Shape_Length": 116.10389650414669, "Shape_Area": 571.1122324541936}}, {"type": "Feature", "id": 376, "geometry": {"type": "Polygon", "coordinates": [[[111242.4450000003, 453841.74599999934], [111215.32899999991, 453854.65100000054], [111202.4290000014, 453827.54399999976], [111229.54399999976, 453814.63899999857], [111242.4450000003, 453841.74599999934]]]}, "properties": {"OBJECTID": 376, "ET_ID": 12059, "NWRW_TYP": "DV", "STELSEL1": "H", "AFGEKOP": 0, "AREA": 901.50081096521, "ET_Source": "P:\\336468\\Water\\Gis\\Data\\Shape\\Afvoerend oppervlak\\AO_BDGR_RW_2015.shp", "Shape_Length": 120.10001394207578, "Shape_Area": 901.5008110132709}}, {"type": "Feature", "id": 377, "geometry": {"type": "Polygon", "coordinates": [[[111006.48800000176, 453985.2109999992], [110988.69299999997, 453993.9120000005], [110985.65199999884, 453987.69200000167], [110984.26300000027, 453984.8520000018], [111002.06399999931, 453976.1490000002], [111006.48800000176, 453985.2109999992]]]}, "properties": {"OBJECTID": 377, "ET_ID": 12063, "NWRW_TYP": "DV", "STELSEL1": "H", "AFGEKOP": 0, "AREA": 199.78986201392, "ET_Source": "P:\\336468\\Water\\Gis\\Data\\Shape\\Afvoerend oppervlak\\AO_BDGR_RW_2015.shp", "Shape_Length": 59.79219241304639, "Shape_Area": 199.78986200522232}}, {"type": "Feature", "id": 378, "geometry": {"type": "Polygon", "coordinates": [[[111002.06399999931, 453976.1490000002], [110984.26300000027, 453984.8520000018], [110981.83199999854, 453979.881000001], [110979.96700000018, 453976.06599999964], [110997.7190000005, 453967.35599999875], [110997.76099999994, 453967.3350000009], [111002.06399999931, 453976.1490000002]]]}, "properties": {"OBJECTID": 378, "ET_ID": 12064, "NWRW_TYP": "DV", "STELSEL1": "H", "AFGEKOP": 0, "AREA": 194.09493051438, "ET_Source": "P:\\336468\\Water\\Gis\\Data\\Shape\\Afvoerend oppervlak\\AO_BDGR_RW_2015.shp", "Shape_Length": 59.22353679663718, "Shape_Area": 194.09493053126408}}, {"type": "Feature", "id": 379, "geometry": {"type": "Polygon", "coordinates": [[[111260.95800000057, 453880.64499999955], [111234.11300000176, 453893.4210000001], [111235.63899999857, 453896.6259999983], [111235.76199999824, 453896.88500000164], [111235.82800000161, 453897.0240000002], [111222.12000000104, 453903.5480000004], [111222.0940000005, 453903.55999999866], [111221.82699999958, 453903], [111221.84800000116, 453902.98999999836], [111216.76799999923, 453892.56599999964], [111257.23600000143, 453872.82400000095], [111260.95800000057, 453880.64499999955]]]}, "properties": {"OBJECTID": 379, "ET_ID": 12088, "NWRW_TYP": "DV", "STELSEL1": "H", "AFGEKOP": 0, "AREA": 440.52602850522, "ET_Source": "P:\\336468\\Water\\Gis\\Data\\Shape\\Afvoerend oppervlak\\AO_BDGR_RW_2015.shp", "Shape_Length": 114.85821501574449, "Shape_Area": 440.5260285053123}}, {"type": "Feature", "id": 380, "geometry": {"type": "Polygon", "coordinates": [[[111207.44399999827, 453872.77800000086], [111207.18699999899, 453872.90300000086], [111216.76799999923, 453892.56599999964], [111221.84800000116, 453902.98999999836], [111221.82699999958, 453903], [111176.35099999979, 453924.8429999985], [111172.83799999952, 453917.4620000012], [111171.54600000009, 453914.7479999997], [111162.74100000039, 453896.24599999934], [111163.24700000137, 453896.00499999896], [111197.4600000009, 453879.72300000116], [111196.18299999833, 453877.04100000113], [111206.58300000057, 453872.0920000002], [111206.75200000033, 453872.01099999994], [111207.01900000125, 453871.8839999996], [111207.44399999827, 453872.77800000086]]]}, "properties": {"OBJECTID": 380, "ET_ID": 12089, "NWRW_TYP": "DV", "STELSEL1": "H", "AFGEKOP": 0, "AREA": 1624.44734855295, "ET_Source": "P:\\336468\\Water\\Gis\\Data\\Shape\\Afvoerend oppervlak\\AO_BDGR_RW_2015.shp", "Shape_Length": 170.30948153369553, "Shape_Area": 1624.4473484178468}}, {"type": "Feature", "id": 381, "geometry": {"type": "Polygon", "coordinates": [[[111257.23600000143, 453872.82400000095], [111216.76799999923, 453892.56599999964], [111207.18699999899, 453872.90300000086], [111207.44399999827, 453872.77800000086], [111248.02299999818, 453853.46599999815], [111257.23600000143, 453872.82400000095]]]}, "properties": {"OBJECTID": 381, "ET_ID": 12090, "NWRW_TYP": "DV", "STELSEL1": "H", "AFGEKOP": 0, "AREA": 977.27797292748, "ET_Source": "P:\\336468\\Water\\Gis\\Data\\Shape\\Afvoerend oppervlak\\AO_BDGR_RW_2015.shp", "Shape_Length": 133.56413829867276, "Shape_Area": 977.2779730930564}}, {"type": "Feature", "id": 382, "geometry": {"type": "Polygon", "coordinates": [[[111183.39600000158, 453863.38899999857], [111175.23200000077, 453867.29100000113], [111175.40799999982, 453867.66099999845], [111173.85599999875, 453868.40300000086], [111158.19299999997, 453875.88800000027], [111156.45100000128, 453876.72100000083], [111155.60300000012, 453877.1259999983], [111147.73800000176, 453860.66899999976], [111146.94900000095, 453859.0179999992], [111140.51900000125, 453845.56500000134], [111138.1090000011, 453840.5219999999], [111157.78700000048, 453831.1169999987], [111157.31700000167, 453829.90100000054], [111157.54300000146, 453829.79300000146], [111158.18400000036, 453830.9270000011], [111165.4849999994, 453846.2030000016], [111173.37900000066, 453842.4299999997], [111183.39600000158, 453863.38899999857]]]}, "properties": {"OBJECTID": 382, "ET_ID": 12114, "NWRW_TYP": "DV", "STELSEL1": "H", "AFGEKOP": 0, "AREA": 1106.26367001467, "ET_Source": "P:\\336468\\Water\\Gis\\Data\\Shape\\Afvoerend oppervlak\\AO_BDGR_RW_2015.shp", "Shape_Length": 145.55531495911004, "Shape_Area": 1106.2636699849143}}, {"type": "Feature", "id": 383, "geometry": {"type": "Polygon", "coordinates": [[[111155.27299999818, 453989.3740000017], [111156.03599999845, 453990.94900000095], [111154.37200000137, 453991.756000001], [111153.61400000006, 453990.06700000167], [111155.22899999842, 453989.28400000185], [111155.27299999818, 453989.3740000017]]]}, "properties": {"OBJECTID": 383, "ET_ID": 12115, "NWRW_TYP": "DV", "STELSEL1": "H", "AFGEKOP": 0, "AREA": 3.37184400144, "ET_Source": "P:\\336468\\Water\\Gis\\Data\\Shape\\Afvoerend oppervlak\\AO_BDGR_RW_2015.shp", "Shape_Length": 7.345721965683375, "Shape_Area": 3.3718439951972514}}, {"type": "Feature", "id": 384, "geometry": {"type": "Polygon", "coordinates": [[[110973.56799999997, 454014.9759999998], [110983.66600000113, 454035.3960000016], [110980.09200000018, 454037.1479999982], [110983.54699999839, 454044.3060000017], [110957.36300000176, 454056.97399999946], [110953.70699999854, 454049.4360000007], [110957.29899999872, 454047.6009999998], [110949.5549999997, 454031.86499999836], [110953.22399999946, 454030.01399999857], [110951.24500000104, 454025.9620000012], [110944.18400000036, 454011.50400000066], [110966.54500000179, 454000.7740000002], [110973.56799999997, 454014.9759999998]]]}, "properties": {"OBJECTID": 384, "ET_ID": 12136, "NWRW_TYP": "DV", "STELSEL1": "H", "AFGEKOP": 0, "AREA": 1270.0498905517, "ET_Source": "P:\\336468\\Water\\Gis\\Data\\Shape\\Afvoerend oppervlak\\AO_BDGR_RW_2015.shp", "Shape_Length": 159.10081623760493, "Shape_Area": 1270.049890515711}}, {"type": "Feature", "id": 385, "geometry": {"type": "Polygon", "coordinates": [[[110854.6790000014, 453951.16000000015], [110849.06599999964, 453954.006000001], [110847.17500000075, 453950.27600000054], [110846.48600000143, 453950.62000000104], [110834.35799999908, 453925.80099999905], [110826.4840000011, 453929.7289999984], [110786.85300000012, 453848.6259999983], [110803.4290000014, 453840.52699999884], [110811.57299999893, 453836.5469999984], [110827.93499999866, 453828.5520000011], [110829.33799999952, 453827.86199999973], [110860.16000000015, 453812.7019999996], [110862.32800000161, 453817.2039999999], [110859.80700000003, 453818.41800000146], [110908.65399999917, 453919.8370000012], [110895.53599999845, 453926.1550000012], [110852.80700000003, 453947.4670000002], [110854.6790000014, 453951.16000000015]]]}, "properties": {"OBJECTID": 385, "ET_ID": 12146, "NWRW_TYP": "DV", "STELSEL1": "H", "AFGEKOP": 0, "AREA": 9029.76751201717, "ET_Source": "P:\\336468\\Water\\Gis\\Data\\Shape\\Afvoerend oppervlak\\AO_BDGR_RW_2015.shp", "Shape_Length": 406.38637857671785, "Shape_Area": 9029.767511856406}}, {"type": "Feature", "id": 386, "geometry": {"type": "Polygon", "coordinates": [[[111083.50899999961, 453844.3599999994], [111077.88100000098, 453847.1009999998], [111099.56599999964, 453891.6270000003], [110964.56300000101, 453957.3740000017], [110942.96299999952, 453913.0210000016], [110942.88100000098, 453912.8520000018], [110939.18100000173, 453905.29100000113], [111071.08799999952, 453840.9310000017], [111069.17399999872, 453837.02800000086], [111077.85300000012, 453832.74599999934], [111083.50899999961, 453844.3599999994]]]}, "properties": {"OBJECTID": 386, "ET_ID": 12147, "NWRW_TYP": "DV", "STELSEL1": "H", "AFGEKOP": 0, "AREA": 8804.15930321678, "ET_Source": "P:\\336468\\Water\\Gis\\Data\\Shape\\Afvoerend oppervlak\\AO_BDGR_RW_2015.shp", "Shape_Length": 437.59963176508757, "Shape_Area": 8804.159303468856}}, {"type": "Feature", "id": 387, "geometry": {"type": "Polygon", "coordinates": [[[110962.3209999986, 453992.7710000016], [110904.94399999827, 454020.67599999905], [110890.7340000011, 453991.4679999985], [110928.37299999967, 453973.13899999857], [110933.67300000042, 453983.8500000015], [110953.41200000048, 453974.3720000014], [110962.3209999986, 453992.7710000016]]]}, "properties": {"OBJECTID": 387, "ET_ID": 12151, "NWRW_TYP": "DV", "STELSEL1": "H", "AFGEKOP": 0, "AREA": 1810.80457055403, "ET_Source": "P:\\336468\\Water\\Gis\\Data\\Shape\\Afvoerend oppervlak\\AO_BDGR_RW_2015.shp", "Shape_Length": 192.4383380161243, "Shape_Area": 1810.8045704604883}}, {"type": "Feature", "id": 388, "geometry": {"type": "Polygon", "coordinates": [[[110933.45600000024, 454062.8909999989], [110935.58900000155, 454067.27600000054], [110927.55600000173, 454071.34699999914], [110923.54699999839, 454063.45699999854], [110926.11199999973, 454062.20600000024], [110925.7349999994, 454061.43299999833], [110919.57899999991, 454064.4360000007], [110915.93100000173, 454056.868999999], [110912.24300000072, 454049.21599999815], [110907.44099999964, 454039.2520000003], [110931.61600000039, 454027.73099999875], [110945.92399999872, 454056.8379999995], [110933.45600000024, 454062.8909999989]]]}, "properties": {"OBJECTID": 388, "ET_ID": 12152, "NWRW_TYP": "DV", "STELSEL1": "H", "AFGEKOP": 0, "AREA": 898.75840353763, "ET_Source": "P:\\336468\\Water\\Gis\\Data\\Shape\\Afvoerend oppervlak\\AO_BDGR_RW_2015.shp", "Shape_Length": 134.3248915321225, "Shape_Area": 898.7584034740981}}, {"type": "Feature", "id": 389, "geometry": {"type": "Polygon", "coordinates": [[[110915.93100000173, 454056.868999999], [110912.86899999902, 454058.3449999988], [110909.12799999863, 454050.7179999985], [110912.24300000072, 454049.21599999815], [110915.93100000173, 454056.868999999]]]}, "properties": {"OBJECTID": 389, "ET_ID": 12153, "NWRW_TYP": "DV", "STELSEL1": "H", "AFGEKOP": 0, "AREA": 29.12703049297, "ET_Source": "P:\\336468\\Water\\Gis\\Data\\Shape\\Afvoerend oppervlak\\AO_BDGR_RW_2015.shp", "Shape_Length": 23.847739163340023, "Shape_Area": 29.127030521434143}}, {"type": "Feature", "id": 390, "geometry": {"type": "Polygon", "coordinates": [[[110879.41899999976, 453986.22100000083], [110874.1799999997, 453988.5210000016], [110872.22500000149, 453984.06700000167], [110877.46400000155, 453981.7670000009], [110879.41899999976, 453986.22100000083]]]}, "properties": {"OBJECTID": 390, "ET_ID": 12186, "NWRW_TYP": "DV", "STELSEL1": "H", "AFGEKOP": 0, "AREA": 27.83100599714, "ET_Source": "P:\\336468\\Water\\Gis\\Data\\Shape\\Afvoerend oppervlak\\AO_BDGR_RW_2015.shp", "Shape_Length": 21.17161062629644, "Shape_Area": 27.83100599714094}}, {"type": "Feature", "id": 391, "geometry": {"type": "Polygon", "coordinates": [[[110910.87799999863, 454047.4470000006], [110907.81500000134, 454048.96599999815], [110903.3590000011, 454039.9840000011], [110906.42100000009, 454038.46499999985], [110910.87799999863, 454047.4470000006]]]}, "properties": {"OBJECTID": 391, "ET_ID": 12187, "NWRW_TYP": "DV", "STELSEL1": "H", "AFGEKOP": 0, "AREA": 34.27679850985, "ET_Source": "P:\\336468\\Water\\Gis\\Data\\Shape\\Afvoerend oppervlak\\AO_BDGR_RW_2015.shp", "Shape_Length": 26.89063639525407, "Shape_Area": 34.27679847628766}}, {"type": "Feature", "id": 392, "geometry": {"type": "Polygon", "coordinates": [[[111116.2100000009, 453983.6039999984], [111112.87900000066, 453985.23699999973], [111111.68600000069, 453982.8029999994], [111115.01799999923, 453981.1710000001], [111116.2100000009, 453983.6039999984]]]}, "properties": {"OBJECTID": 392, "ET_ID": 12215, "NWRW_TYP": "DV", "STELSEL1": "H", "AFGEKOP": 0, "AREA": 10.05396149951, "ET_Source": "P:\\336468\\Water\\Gis\\Data\\Shape\\Afvoerend oppervlak\\AO_BDGR_RW_2015.shp", "Shape_Length": 12.839914468868272, "Shape_Area": 10.053961498022288}}, {"type": "Feature", "id": 393, "geometry": {"type": "Polygon", "coordinates": [[[111007.86499999836, 454006.46599999815], [111015.14400000125, 454002.9389999993], [111024.1950000003, 454021.1790000014], [111025.32499999925, 454023.46499999985], [111007.34099999815, 454032.3520000018], [110999.36699999869, 454016.21499999985], [111010.03500000015, 454010.94299999997], [111009.97300000116, 454010.81500000134], [111007.86499999836, 454006.46599999815]]]}, "properties": {"OBJECTID": 393, "ET_ID": 12691, "NWRW_TYP": "DV", "STELSEL1": "H", "AFGEKOP": 0, "AREA": 400.9716264724, "ET_Source": "P:\\336468\\Water\\Gis\\Data\\Shape\\Afvoerend oppervlak\\AO_BDGR_RW_2015.shp", "Shape_Length": 85.9351047590153, "Shape_Area": 400.9716265596871}}, {"type": "Feature", "id": 394, "geometry": {"type": "Polygon", "coordinates": [[[111002.06399999931, 453976.1490000002], [110997.76099999994, 453967.3350000009], [110997.86499999836, 453967.28400000185], [110997.91600000113, 453967.38699999824], [111016.69000000134, 453958.2109999992], [111023.51900000125, 453972.18400000036], [111053.65199999884, 453957.45800000057], [111046.76700000092, 453943.37000000104], [111087.50800000131, 453923.4600000009], [111087.54300000146, 453923.5320000015], [111115.00499999896, 453979.561999999], [111114.83799999952, 453979.64400000125], [111114.8599999994, 453979.6889999993], [111074.73600000143, 453999.3509999998], [111073.60500000045, 453997.04300000146], [111024.1950000003, 454021.1790000014], [111015.14400000125, 454002.9389999993], [111006.48800000176, 453985.2109999992], [111002.06399999931, 453976.1490000002]]]}, "properties": {"OBJECTID": 394, "ET_ID": 12692, "NWRW_TYP": "DV", "STELSEL1": "H", "AFGEKOP": 0, "AREA": 5581.29634604484, "ET_Source": "P:\\336468\\Water\\Gis\\Data\\Shape\\Afvoerend oppervlak\\AO_BDGR_RW_2015.shp", "Shape_Length": 356.1847415110029, "Shape_Area": 5581.296345991801}}, {"type": "Feature", "id": 395, "geometry": {"type": "Polygon", "coordinates": [[[111024.1950000003, 454021.1790000014], [111019.18899999931, 454011.0480000004], [111017.24700000137, 454007.2470000014], [111006.48800000176, 453985.2109999992], [111002.06399999931, 453976.1490000002], [110997.76099999994, 453967.3350000009], [110997.86499999836, 453967.28400000185], [110997.91600000113, 453967.38699999824], [111016.69000000134, 453958.2109999992], [111023.51900000125, 453972.18400000036], [111026.94299999997, 453970.51099999994], [111027.1400000006, 453970.4149999991], [111053.65199999884, 453957.45800000057], [111046.76700000092, 453943.37000000104], [111046.96499999985, 453943.2729999982], [111087.50800000131, 453923.4600000009], [111087.54300000146, 453923.5320000015], [111115.00499999896, 453979.561999999], [111114.83799999952, 453979.64400000125], [111114.8599999994, 453979.6889999993], [111106.45199999958, 453983.80900000036], [111103.42300000042, 453985.29300000146], [111080.60500000045, 453996.4750000015], [111075.18200000003, 453999.1319999993], [111074.73600000143, 453999.3509999998], [111073.60500000045, 453997.04300000146], [111024.1950000003, 454021.1790000014]]]}, "properties": {"OBJECTID": 395, "ET_ID": 12693, "NWRW_TYP": "DV", "STELSEL1": "H", "AFGEKOP": 0, "AREA": 5581.28136896066, "ET_Source": "P:\\336468\\Water\\Gis\\Data\\Shape\\Afvoerend oppervlak\\AO_BDGR_RW_2015.shp", "Shape_Length": 356.18515216403557, "Shape_Area": 5581.281369151636}}, {"type": "Feature", "id": 396, "geometry": {"type": "Polygon", "coordinates": [[[111100.89999999851, 453950.78500000015], [111128.20600000024, 453937.4389999993], [111134.97899999842, 453951.3449999988], [111135.99599999934, 453950.8500000015], [111136.19299999997, 453951.25400000066], [111143.75400000066, 453966.7589999996], [111127.69099999964, 453974.6270000003], [111127.28700000048, 453974.82499999925], [111126.7809999995, 453973.79199999943], [111115.00499999896, 453979.561999999], [111100.89999999851, 453950.78500000015]]]}, "properties": {"OBJECTID": 396, "ET_ID": 12705, "NWRW_TYP": "DV", "STELSEL1": "H", "AFGEKOP": 0, "AREA": 1012.1907974406, "ET_Source": "P:\\336468\\Water\\Gis\\Data\\Shape\\Afvoerend oppervlak\\AO_BDGR_RW_2015.shp", "Shape_Length": 129.33971272583256, "Shape_Area": 1012.1907975334873}}, {"type": "Feature", "id": 397, "geometry": {"type": "Polygon", "coordinates": [[[111538.5709999986, 454939.5249999985], [111536.25, 454940.29100000113], [111535.17000000179, 454936.9070000015], [111537.49799999967, 454936.1640000008], [111538.5709999986, 454939.5249999985]]]}, "properties": {"OBJECTID": 397, "ET_ID": 14847, "NWRW_TYP": "DV", "STELSEL1": "H", "AFGEKOP": 0, "AREA": 8.65159550168, "ET_Source": "P:\\336468\\Water\\Gis\\Data\\Shape\\Afvoerend oppervlak\\AO_BDGR_RW_2015.shp", "Shape_Length": 11.96811260134168, "Shape_Area": 8.651595491669893}}, {"type": "Feature", "id": 398, "geometry": {"type": "Polygon", "coordinates": [[[111539.3599999994, 454942], [111537.03200000152, 454942.7430000007], [111536.25, 454940.29100000113], [111538.5709999986, 454939.5249999985], [111539.3599999994, 454942]]]}, "properties": {"OBJECTID": 398, "ET_ID": 14848, "NWRW_TYP": "DV", "STELSEL1": "H", "AFGEKOP": 0, "AREA": 6.31906550249, "ET_Source": "P:\\336468\\Water\\Gis\\Data\\Shape\\Afvoerend oppervlak\\AO_BDGR_RW_2015.shp", "Shape_Length": 10.059226957896875, "Shape_Area": 6.319065499103188}}, {"type": "Feature", "id": 399, "geometry": {"type": "Polygon", "coordinates": [[[111535.20100000128, 454940.55999999866], [111533.00800000131, 454941.2870000005], [111532.01300000027, 454938.131000001], [111534.21599999815, 454937.436999999], [111535.20100000128, 454940.55999999866]]]}, "properties": {"OBJECTID": 399, "ET_ID": 14849, "NWRW_TYP": "DV", "STELSEL1": "H", "AFGEKOP": 0, "AREA": 7.60401599992, "ET_Source": "P:\\336468\\Water\\Gis\\Data\\Shape\\Afvoerend oppervlak\\AO_BDGR_RW_2015.shp", "Shape_Length": 11.203877745605368, "Shape_Area": 7.604015999085098}}, {"type": "Feature", "id": 400, "geometry": {"type": "Polygon", "coordinates": [[[111536.06100000069, 454943.28500000015], [111533.85799999908, 454943.98000000045], [111533.00800000131, 454941.2870000005], [111535.20100000128, 454940.55999999866], [111536.06100000069, 454943.28500000015]]]}, "properties": {"OBJECTID": 400, "ET_ID": 14850, "NWRW_TYP": "DV", "STELSEL1": "H", "AFGEKOP": 0, "AREA": 6.56228699423, "ET_Source": "P:\\336468\\Water\\Gis\\Data\\Shape\\Afvoerend oppervlak\\AO_BDGR_RW_2015.shp", "Shape_Length": 10.301837773257446, "Shape_Area": 6.562287003642425}}, {"type": "Feature", "id": 401, "geometry": {"type": "Polygon", "coordinates": [[[111534.96200000122, 454929.36499999836], [111532.75899999961, 454930.0929999985], [111531.69999999925, 454926.56599999964], [111533.92199999839, 454925.8990000002], [111534.96200000122, 454929.36499999836]]]}, "properties": {"OBJECTID": 401, "ET_ID": 14851, "NWRW_TYP": "DV", "STELSEL1": "H", "AFGEKOP": 0, "AREA": 8.46803250449, "ET_Source": "P:\\336468\\Water\\Gis\\Data\\Shape\\Afvoerend oppervlak\\AO_BDGR_RW_2015.shp", "Shape_Length": 11.941344504879796, "Shape_Area": 8.468032498850226}}, {"type": "Feature", "id": 402, "geometry": {"type": "Polygon", "coordinates": [[[111535.74300000072, 454931.96599999815], [111533.52100000158, 454932.6330000013], [111532.75899999961, 454930.0929999985], [111534.96200000122, 454929.36499999836], [111535.74300000072, 454931.96599999815]]]}, "properties": {"OBJECTID": 402, "ET_ID": 14852, "NWRW_TYP": "DV", "STELSEL1": "H", "AFGEKOP": 0, "AREA": 6.22535250007, "ET_Source": "P:\\336468\\Water\\Gis\\Data\\Shape\\Afvoerend oppervlak\\AO_BDGR_RW_2015.shp", "Shape_Length": 10.007684783042901, "Shape_Area": 6.2253525056327135}}, {"type": "Feature", "id": 403, "geometry": {"type": "Polygon", "coordinates": [[[111531.61400000006, 454930.30799999833], [111529.4990000017, 454931.0089999996], [111528.45399999991, 454927.6079999991], [111530.58300000057, 454926.9539999999], [111531.61400000006, 454930.30799999833]]]}, "properties": {"OBJECTID": 403, "ET_ID": 14853, "NWRW_TYP": "DV", "STELSEL1": "H", "AFGEKOP": 0, "AREA": 7.8702999979, "ET_Source": "P:\\336468\\Water\\Gis\\Data\\Shape\\Afvoerend oppervlak\\AO_BDGR_RW_2015.shp", "Shape_Length": 11.522139792411107, "Shape_Area": 7.870299997898564}}, {"type": "Feature", "id": 404, "geometry": {"type": "Polygon", "coordinates": [[[111532.4840000011, 454933.1400000006], [111530.35500000045, 454933.79399999976], [111529.4990000017, 454931.0089999996], [111531.61400000006, 454930.30799999833], [111532.4840000011, 454933.1400000006]]]}, "properties": {"OBJECTID": 404, "ET_ID": 14854, "NWRW_TYP": "DV", "STELSEL1": "H", "AFGEKOP": 0, "AREA": 6.54431949574, "ET_Source": "P:\\336468\\Water\\Gis\\Data\\Shape\\Afvoerend oppervlak\\AO_BDGR_RW_2015.shp", "Shape_Length": 10.331533261013853, "Shape_Area": 6.544319501302421}}, {"type": "Feature", "id": 405, "geometry": {"type": "Polygon", "coordinates": [[[111545.22700000182, 454971.55799999833], [111543.19000000134, 454972.2329999991], [111542.21999999881, 454968.9990000017], [111544.18600000069, 454968.40900000185], [111545.22700000182, 454971.55799999833]]]}, "properties": {"OBJECTID": 405, "ET_ID": 14855, "NWRW_TYP": "DV", "STELSEL1": "H", "AFGEKOP": 0, "AREA": 7.02376599941, "ET_Source": "P:\\336468\\Water\\Gis\\Data\\Shape\\Afvoerend oppervlak\\AO_BDGR_RW_2015.shp", "Shape_Length": 10.891491373209545, "Shape_Area": 7.02376599907206}}, {"type": "Feature", "id": 406, "geometry": {"type": "Polygon", "coordinates": [[[111546.0540000014, 454974.05900000036], [111543.9290000014, 454974.6970000006], [111543.19000000134, 454972.2329999991], [111545.22700000182, 454971.55799999833], [111546.0540000014, 454974.05900000036]]]}, "properties": {"OBJECTID": 406, "ET_ID": 14856, "NWRW_TYP": "DV", "STELSEL1": "H", "AFGEKOP": 0, "AREA": 5.68012199684, "ET_Source": "P:\\336468\\Water\\Gis\\Data\\Shape\\Afvoerend oppervlak\\AO_BDGR_RW_2015.shp", "Shape_Length": 9.57125278298558, "Shape_Area": 5.680122004592299}}, {"type": "Feature", "id": 407, "geometry": {"type": "Polygon", "coordinates": [[[111541.81899999827, 454961.2470000014], [111539.7109999992, 454961.9459999986], [111538.71400000155, 454958.66899999976], [111540.76099999994, 454958.0460000001], [111541.81899999827, 454961.2470000014]]]}, "properties": {"OBJECTID": 407, "ET_ID": 14857, "NWRW_TYP": "DV", "STELSEL1": "H", "AFGEKOP": 0, "AREA": 7.40820000135, "ET_Source": "P:\\336468\\Water\\Gis\\Data\\Shape\\Afvoerend oppervlak\\AO_BDGR_RW_2015.shp", "Shape_Length": 11.157198918868502, "Shape_Area": 7.408199993099273}}, {"type": "Feature", "id": 408, "geometry": {"type": "Polygon", "coordinates": [[[111542.68699999899, 454963.8740000017], [111540.5, 454964.5399999991], [111539.7109999992, 454961.9459999986], [111541.81899999827, 454961.2470000014], [111542.68699999899, 454963.8740000017]]]}, "properties": {"OBJECTID": 408, "ET_ID": 14858, "NWRW_TYP": "DV", "STELSEL1": "H", "AFGEKOP": 0, "AREA": 6.17150000334, "ET_Source": "P:\\336468\\Water\\Gis\\Data\\Shape\\Afvoerend oppervlak\\AO_BDGR_RW_2015.shp", "Shape_Length": 9.985054650295327, "Shape_Area": 6.171499996664003}}, {"type": "Feature", "id": 409, "geometry": {"type": "Polygon", "coordinates": [[[111546.01199999824, 454962.7950000018], [111543.87999999896, 454963.4620000012], [111543.00299999863, 454960.80900000036], [111545.14699999988, 454960.1009999998], [111546.01199999824, 454962.7950000018]]]}, "properties": {"OBJECTID": 409, "ET_ID": 14859, "NWRW_TYP": "DV", "STELSEL1": "H", "AFGEKOP": 0, "AREA": 6.31475549963, "ET_Source": "P:\\336468\\Water\\Gis\\Data\\Shape\\Afvoerend oppervlak\\AO_BDGR_RW_2015.shp", "Shape_Length": 10.115436182998517, "Shape_Area": 6.314755503324761}}, {"type": "Feature", "id": 410, "geometry": {"type": "Polygon", "coordinates": [[[111545.14699999988, 454960.1009999998], [111543.00299999863, 454960.80900000036], [111541.87200000137, 454957.38899999857], [111544.05600000173, 454956.70600000024], [111545.14699999988, 454960.1009999998]]]}, "properties": {"OBJECTID": 410, "ET_ID": 14860, "NWRW_TYP": "DV", "STELSEL1": "H", "AFGEKOP": 0, "AREA": 8.14653049497, "ET_Source": "P:\\336468\\Water\\Gis\\Data\\Shape\\Afvoerend oppervlak\\AO_BDGR_RW_2015.shp", "Shape_Length": 11.714334841400587, "Shape_Area": 8.146530501984403}}, {"type": "Feature", "id": 411, "geometry": {"type": "Polygon", "coordinates": [[[111549.38199999928, 454972.8909999989], [111547.25600000098, 454973.67500000075], [111546.38800000027, 454971.05000000075], [111548.45100000128, 454970.3680000007], [111549.38199999928, 454972.8909999989]]]}, "properties": {"OBJECTID": 411, "ET_ID": 14861, "NWRW_TYP": "DV", "STELSEL1": "H", "AFGEKOP": 0, "AREA": 6.05057650597, "ET_Source": "P:\\336468\\Water\\Gis\\Data\\Shape\\Afvoerend oppervlak\\AO_BDGR_RW_2015.shp", "Shape_Length": 9.892837263609039, "Shape_Area": 6.0505764975887395}}, {"type": "Feature", "id": 412, "geometry": {"type": "Polygon", "coordinates": [[[111548.45100000128, 454970.3680000007], [111546.38800000027, 454971.05000000075], [111545.3590000011, 454967.938000001], [111547.29100000113, 454967.2250000015], [111548.45100000128, 454970.3680000007]]]}, "properties": {"OBJECTID": 412, "ET_ID": 14862, "NWRW_TYP": "DV", "STELSEL1": "H", "AFGEKOP": 0, "AREA": 7.01059500011, "ET_Source": "P:\\336468\\Water\\Gis\\Data\\Shape\\Afvoerend oppervlak\\AO_BDGR_RW_2015.shp", "Shape_Length": 10.860116281058243, "Shape_Area": 7.010595000105649}}, {"type": "Feature", "id": 413, "geometry": {"type": "Polygon", "coordinates": [[[111586.06399999931, 454912.8660000004], [111583.27199999988, 454913.7879999988], [111582.54199999943, 454911.41600000113], [111585.35200000182, 454910.5520000011], [111586.06399999931, 454912.8660000004]]]}, "properties": {"OBJECTID": 413, "ET_ID": 14878, "NWRW_TYP": "DV", "STELSEL1": "H", "AFGEKOP": 0, "AREA": 7.20659600296, "ET_Source": "P:\\336468\\Water\\Gis\\Data\\Shape\\Afvoerend oppervlak\\AO_BDGR_RW_2015.shp", "Shape_Length": 10.782978741620239, "Shape_Area": 7.206595996395588}}, {"type": "Feature", "id": 414, "geometry": {"type": "Polygon", "coordinates": [[[111587.54800000042, 454917.69000000134], [111584.73800000176, 454918.5540000014], [111583.27199999988, 454913.7879999988], [111586.06399999931, 454912.8660000004], [111587.54800000042, 454917.69000000134]]]}, "properties": {"OBJECTID": 414, "ET_ID": 14879, "NWRW_TYP": "DV", "STELSEL1": "H", "AFGEKOP": 0, "AREA": 14.74797000542, "ET_Source": "P:\\336468\\Water\\Gis\\Data\\Shape\\Afvoerend oppervlak\\AO_BDGR_RW_2015.shp", "Shape_Length": 15.913600488407953, "Shape_Area": 14.747970000623464}}, {"type": "Feature", "id": 415, "geometry": {"type": "Polygon", "coordinates": [[[111589.47500000149, 454922.79300000146], [111586.4990000017, 454923.7719999999], [111585.7190000005, 454921.2679999992], [111588.70899999887, 454920.3359999992], [111589.47500000149, 454922.79300000146]]]}, "properties": {"OBJECTID": 415, "ET_ID": 14880, "NWRW_TYP": "DV", "STELSEL1": "H", "AFGEKOP": 0, "AREA": 8.13793299502, "ET_Source": "P:\\336468\\Water\\Gis\\Data\\Shape\\Afvoerend oppervlak\\AO_BDGR_RW_2015.shp", "Shape_Length": 11.461090980108423, "Shape_Area": 8.137933003287957}}, {"type": "Feature", "id": 416, "geometry": {"type": "Polygon", "coordinates": [[[111590.1240000017, 454924.8740000017], [111587.13399999961, 454925.8060000017], [111586.4990000017, 454923.7719999999], [111589.47500000149, 454922.79300000146], [111590.1240000017, 454924.8740000017]]]}, "properties": {"OBJECTID": 416, "ET_ID": 14881, "NWRW_TYP": "DV", "STELSEL1": "H", "AFGEKOP": 0, "AREA": 6.75095350365, "ET_Source": "P:\\336468\\Water\\Gis\\Data\\Shape\\Afvoerend oppervlak\\AO_BDGR_RW_2015.shp", "Shape_Length": 10.575451648062772, "Shape_Area": 6.750953503648579}}, {"type": "Feature", "id": 417, "geometry": {"type": "Polygon", "coordinates": [[[111592.76900000125, 454933.0720000006], [111589.75699999928, 454934.063000001], [111588.97500000149, 454931.5469999984], [111592.00299999863, 454930.60599999875], [111592.76900000125, 454933.0720000006]]]}, "properties": {"OBJECTID": 417, "ET_ID": 14882, "NWRW_TYP": "DV", "STELSEL1": "H", "AFGEKOP": 0, "AREA": 8.27050399464, "ET_Source": "P:\\336468\\Water\\Gis\\Data\\Shape\\Afvoerend oppervlak\\AO_BDGR_RW_2015.shp", "Shape_Length": 11.55864173544872, "Shape_Area": 8.270504005894722}}, {"type": "Feature", "id": 418, "geometry": {"type": "Polygon", "coordinates": [[[111593.39499999955, 454935.08399999887], [111590.36699999869, 454936.0249999985], [111589.75699999928, 454934.063000001], [111592.76900000125, 454933.0720000006], [111593.39499999955, 454935.08399999887]]]}, "properties": {"OBJECTID": 418, "ET_ID": 14883, "NWRW_TYP": "DV", "STELSEL1": "H", "AFGEKOP": 0, "AREA": 6.59772800463, "ET_Source": "P:\\336468\\Water\\Gis\\Data\\Shape\\Afvoerend oppervlak\\AO_BDGR_RW_2015.shp", "Shape_Length": 10.503461017801012, "Shape_Area": 6.597727995278433}}, {"type": "Feature", "id": 419, "geometry": {"type": "Polygon", "coordinates": [[[111596.26199999824, 454943.29399999976], [111593.33300000057, 454944.2580000013], [111592.55799999833, 454941.8509999998], [111595.49300000072, 454940.9059999995], [111596.26199999824, 454943.29399999976]]]}, "properties": {"OBJECTID": 419, "ET_ID": 14884, "NWRW_TYP": "DV", "STELSEL1": "H", "AFGEKOP": 0, "AREA": 7.76634399639, "ET_Source": "P:\\336468\\Water\\Gis\\Data\\Shape\\Afvoerend oppervlak\\AO_BDGR_RW_2015.shp", "Shape_Length": 11.204397837146066, "Shape_Area": 7.766344003292307}}, {"type": "Feature", "id": 420, "geometry": {"type": "Polygon", "coordinates": [[[111596.9290000014, 454945.3660000004], [111593.99399999902, 454946.3110000007], [111593.33300000057, 454944.2580000013], [111596.26199999824, 454943.29399999976], [111596.9290000014, 454945.3660000004]]]}, "properties": {"OBJECTID": 420, "ET_ID": 14885, "NWRW_TYP": "DV", "STELSEL1": "H", "AFGEKOP": 0, "AREA": 6.68103800144, "ET_Source": "P:\\336468\\Water\\Gis\\Data\\Shape\\Afvoerend oppervlak\\AO_BDGR_RW_2015.shp", "Shape_Length": 10.500440501139215, "Shape_Area": 6.681038001442969}}, {"type": "Feature", "id": 421, "geometry": {"type": "Polygon", "coordinates": [[[111599.4609999992, 454953.25], [111596.53799999878, 454954.2129999995], [111594.90700000152, 454949.30999999866], [111597.82699999958, 454948.3379999995], [111599.4609999992, 454953.25]]]}, "properties": {"OBJECTID": 421, "ET_ID": 14886, "NWRW_TYP": "DV", "STELSEL1": "H", "AFGEKOP": 0, "AREA": 15.91670500416, "ET_Source": "P:\\336468\\Water\\Gis\\Data\\Shape\\Afvoerend oppervlak\\AO_BDGR_RW_2015.shp", "Shape_Length": 16.49888843730369, "Shape_Area": 15.916704995621071}}, {"type": "Feature", "id": 422, "geometry": {"type": "Polygon", "coordinates": [[[111600.14900000021, 454955.31799999997], [111597.22899999842, 454956.2899999991], [111596.53799999878, 454954.2129999995], [111599.4609999992, 454953.25], [111600.14900000021, 454955.31799999997]]]}, "properties": {"OBJECTID": 422, "ET_ID": 14887, "NWRW_TYP": "DV", "STELSEL1": "H", "AFGEKOP": 0, "AREA": 6.72189999839, "ET_Source": "P:\\336468\\Water\\Gis\\Data\\Shape\\Afvoerend oppervlak\\AO_BDGR_RW_2015.shp", "Shape_Length": 10.523447372699199, "Shape_Area": 6.7219000014871355}}, {"type": "Feature", "id": 423, "geometry": {"type": "Polygon", "coordinates": [[[111539.86400000006, 454953.2340000011], [111537.56100000069, 454953.9140000008], [111536.83700000122, 454951.45800000057], [111539.04199999943, 454950.7529999986], [111539.86400000006, 454953.2340000011]]]}, "properties": {"OBJECTID": 423, "ET_ID": 14888, "NWRW_TYP": "DV", "STELSEL1": "H", "AFGEKOP": 0, "AREA": 6.09930149841, "ET_Source": "P:\\336468\\Water\\Gis\\Data\\Shape\\Afvoerend oppervlak\\AO_BDGR_RW_2015.shp", "Shape_Length": 9.89037276529096, "Shape_Area": 6.099301500741452}}, {"type": "Feature", "id": 424, "geometry": {"type": "Polygon", "coordinates": [[[111542.0009999983, 454952.6030000001], [111539.86400000006, 454953.2340000011], [111539.04199999943, 454950.7529999986], [111541.24100000039, 454950.02699999884], [111542.0009999983, 454952.6030000001]]]}, "properties": {"OBJECTID": 424, "ET_ID": 14889, "NWRW_TYP": "DV", "STELSEL1": "H", "AFGEKOP": 0, "AREA": 6.01848149479, "ET_Source": "P:\\336468\\Water\\Gis\\Data\\Shape\\Afvoerend oppervlak\\AO_BDGR_RW_2015.shp", "Shape_Length": 9.843357420255348, "Shape_Area": 6.0184815028642715}}, {"type": "Feature", "id": 425, "geometry": {"type": "Polygon", "coordinates": [[[111539.04199999943, 454950.7529999986], [111536.83700000122, 454951.45800000057], [111535.7809999995, 454947.881000001], [111537.88500000164, 454947.26000000164], [111539.04199999943, 454950.7529999986]]]}, "properties": {"OBJECTID": 425, "ET_ID": 14890, "NWRW_TYP": "DV", "STELSEL1": "H", "AFGEKOP": 0, "AREA": 8.34976699944, "ET_Source": "P:\\336468\\Water\\Gis\\Data\\Shape\\Afvoerend oppervlak\\AO_BDGR_RW_2015.shp", "Shape_Length": 11.917946312179314, "Shape_Area": 8.349766997491002}}, {"type": "Feature", "id": 426, "geometry": {"type": "Polygon", "coordinates": [[[111541.24100000039, 454950.02699999884], [111539.04199999943, 454950.7529999986], [111537.88500000164, 454947.26000000164], [111540.22100000083, 454946.5700000003], [111541.24100000039, 454950.02699999884]]]}, "properties": {"OBJECTID": 426, "ET_ID": 14891, "NWRW_TYP": "DV", "STELSEL1": "H", "AFGEKOP": 0, "AREA": 8.65022049816, "ET_Source": "P:\\336468\\Water\\Gis\\Data\\Shape\\Afvoerend oppervlak\\AO_BDGR_RW_2015.shp", "Shape_Length": 12.035490045208093, "Shape_Area": 8.650220494868055}}, {"type": "Feature", "id": 427, "geometry": {"type": "Polygon", "coordinates": [[[111801.03599999845, 454844.28500000015], [111801.23699999973, 454844.8960000016], [111797.19200000167, 454846.2679999992], [111796.29699999839, 454843.4070000015], [111800.30200000107, 454842.10500000045], [111801.03599999845, 454844.28500000015]]]}, "properties": {"OBJECTID": 427, "ET_ID": 15186, "NWRW_TYP": "DV", "STELSEL1": "H", "AFGEKOP": 0, "AREA": 12.60315200443, "ET_Source": "P:\\336468\\Water\\Gis\\Data\\Shape\\Afvoerend oppervlak\\AO_BDGR_RW_2015.shp", "Shape_Length": 14.423855983066918, "Shape_Area": 12.603151997779266}}, {"type": "Feature", "id": 428, "geometry": {"type": "Polygon", "coordinates": [[[111800.30200000107, 454842.10500000045], [111796.29699999839, 454843.4070000015], [111794.56399999931, 454838.11400000006], [111798.52199999988, 454836.81799999997], [111800.30200000107, 454842.10500000045]]]}, "properties": {"OBJECTID": 428, "ET_ID": 15187, "NWRW_TYP": "DV", "STELSEL1": "H", "AFGEKOP": 0, "AREA": 23.34382849394, "ET_Source": "P:\\336468\\Water\\Gis\\Data\\Shape\\Afvoerend oppervlak\\AO_BDGR_RW_2015.shp", "Shape_Length": 19.52418197517295, "Shape_Area": 23.343828513643533}}, {"type": "Feature", "id": 429, "geometry": {"type": "Polygon", "coordinates": [[[111804.41699999943, 454854.57400000095], [111801.51799999923, 454855.52600000054], [111800.79100000113, 454853.313000001], [111803.69000000134, 454852.36100000143], [111804.41699999943, 454854.57400000095]]]}, "properties": {"OBJECTID": 429, "ET_ID": 15188, "NWRW_TYP": "DV", "STELSEL1": "H", "AFGEKOP": 0, "AREA": 7.10759100051, "ET_Source": "P:\\336468\\Water\\Gis\\Data\\Shape\\Afvoerend oppervlak\\AO_BDGR_RW_2015.shp", "Shape_Length": 10.761335433638592, "Shape_Area": 7.107590996960193}}, {"type": "Feature", "id": 430, "geometry": {"type": "Polygon", "coordinates": [[[111803.69000000134, 454852.36100000143], [111800.79100000113, 454853.313000001], [111800.10099999979, 454851.2129999995], [111803, 454850.26099999994], [111803.69000000134, 454852.36100000143]]]}, "properties": {"OBJECTID": 430, "ET_ID": 15189, "NWRW_TYP": "DV", "STELSEL1": "H", "AFGEKOP": 0, "AREA": 6.74478000163, "ET_Source": "P:\\336468\\Water\\Gis\\Data\\Shape\\Afvoerend oppervlak\\AO_BDGR_RW_2015.shp", "Shape_Length": 10.52352891433167, "Shape_Area": 6.744780005746782}}, {"type": "Feature", "id": 431, "geometry": {"type": "Polygon", "coordinates": [[[111804.64499999955, 454840.6719999984], [111801.73600000143, 454841.6330000013], [111801.02400000021, 454839.46599999815], [111803.94099999964, 454838.5210000016], [111804.64499999955, 454840.6719999984]]]}, "properties": {"OBJECTID": 431, "ET_ID": 15190, "NWRW_TYP": "DV", "STELSEL1": "H", "AFGEKOP": 0, "AREA": 6.96389100348, "ET_Source": "P:\\336468\\Water\\Gis\\Data\\Shape\\Afvoerend oppervlak\\AO_BDGR_RW_2015.shp", "Shape_Length": 10.674127359508667, "Shape_Area": 6.963890997678802}}, {"type": "Feature", "id": 432, "geometry": {"type": "Polygon", "coordinates": [[[111805.35300000012, 454842.83399999887], [111802.44299999997, 454843.7870000005], [111801.73600000143, 454841.6330000013], [111804.64499999955, 454840.6719999984], [111805.35300000012, 454842.83399999887]]]}, "properties": {"OBJECTID": 432, "ET_ID": 15191, "NWRW_TYP": "DV", "STELSEL1": "H", "AFGEKOP": 0, "AREA": 6.95577849839, "ET_Source": "P:\\336468\\Water\\Gis\\Data\\Shape\\Afvoerend oppervlak\\AO_BDGR_RW_2015.shp", "Shape_Length": 10.667736717002992, "Shape_Area": 6.955778498789311}}, {"type": "Feature", "id": 433, "geometry": {"type": "Polygon", "coordinates": [[[111807.7899999991, 454864.85500000045], [111804.89600000158, 454865.8060000017], [111804.16099999845, 454863.57400000095], [111807.05700000003, 454862.6240000017], [111807.7899999991, 454864.85500000045]]]}, "properties": {"OBJECTID": 433, "ET_ID": 15192, "NWRW_TYP": "DV", "STELSEL1": "H", "AFGEKOP": 0, "AREA": 7.15785949956, "ET_Source": "P:\\336468\\Water\\Gis\\Data\\Shape\\Afvoerend oppervlak\\AO_BDGR_RW_2015.shp", "Shape_Length": 10.792320817096485, "Shape_Area": 7.157859499557198}}, {"type": "Feature", "id": 434, "geometry": {"type": "Polygon", "coordinates": [[[111807.05700000003, 454862.6240000017], [111804.16099999845, 454863.57400000095], [111803.47599999979, 454861.493999999], [111806.37299999967, 454860.54100000113], [111807.05700000003, 454862.6240000017]]]}, "properties": {"OBJECTID": 434, "ET_ID": 15193, "NWRW_TYP": "DV", "STELSEL1": "H", "AFGEKOP": 0, "AREA": 6.68036649747, "ET_Source": "P:\\336468\\Water\\Gis\\Data\\Shape\\Afvoerend oppervlak\\AO_BDGR_RW_2015.shp", "Shape_Length": 10.4798827426553, "Shape_Area": 6.6803665036982895}}, {"type": "Feature", "id": 435, "geometry": {"type": "Polygon", "coordinates": [[[111808.01199999824, 454850.9079999998], [111805.11300000176, 454851.88699999824], [111804.39499999955, 454849.7250000015], [111807.30000000075, 454848.76099999994], [111808.01199999824, 454850.9079999998]]]}, "properties": {"OBJECTID": 435, "ET_ID": 15194, "NWRW_TYP": "DV", "STELSEL1": "H", "AFGEKOP": 0, "AREA": 6.94698149919, "ET_Source": "P:\\336468\\Water\\Gis\\Data\\Shape\\Afvoerend oppervlak\\AO_BDGR_RW_2015.shp", "Shape_Length": 10.660700878591129, "Shape_Area": 6.946981492453948}}, {"type": "Feature", "id": 436, "geometry": {"type": "Polygon", "coordinates": [[[111808.72899999842, 454853.06700000167], [111805.82400000095, 454854.0309999995], [111805.11300000176, 454851.88699999824], [111808.01199999824, 454850.9079999998], [111808.72899999842, 454853.06700000167]]]}, "properties": {"OBJECTID": 436, "ET_ID": 15195, "NWRW_TYP": "DV", "STELSEL1": "H", "AFGEKOP": 0, "AREA": 6.93730400702, "ET_Source": "P:\\336468\\Water\\Gis\\Data\\Shape\\Afvoerend oppervlak\\AO_BDGR_RW_2015.shp", "Shape_Length": 10.654376330292472, "Shape_Area": 6.937303996344567}}, {"type": "Feature", "id": 437, "geometry": {"type": "Polygon", "coordinates": [[[111811.16000000015, 454875.0940000005], [111808.26099999994, 454876.0469999984], [111807.53400000185, 454873.83399999887], [111810.43299999833, 454872.8819999993], [111811.16000000015, 454875.0940000005]]]}, "properties": {"OBJECTID": 437, "ET_ID": 15216, "NWRW_TYP": "DV", "STELSEL1": "H", "AFGEKOP": 0, "AREA": 7.10650499476, "ET_Source": "P:\\336468\\Water\\Gis\\Data\\Shape\\Afvoerend oppervlak\\AO_BDGR_RW_2015.shp", "Shape_Length": 10.76069754998068, "Shape_Area": 7.1065049964570255}}, {"type": "Feature", "id": 438, "geometry": {"type": "Polygon", "coordinates": [[[111810.43299999833, 454872.8819999993], [111807.53400000185, 454873.83399999887], [111806.8440000005, 454871.7329999991], [111809.74199999869, 454870.7809999995], [111810.43299999833, 454872.8819999993]]]}, "properties": {"OBJECTID": 438, "ET_ID": 15217, "NWRW_TYP": "DV", "STELSEL1": "H", "AFGEKOP": 0, "AREA": 6.7471045018, "ET_Source": "P:\\336468\\Water\\Gis\\Data\\Shape\\Afvoerend oppervlak\\AO_BDGR_RW_2015.shp", "Shape_Length": 10.524791168759966, "Shape_Area": 6.747104493971348}}, {"type": "Feature", "id": 439, "geometry": {"type": "Polygon", "coordinates": [[[111811.4059999995, 454861.1790000014], [111808.49799999967, 454862.1469999999], [111807.78299999982, 454859.993999999], [111810.69099999964, 454859.02800000086], [111811.4059999995, 454861.1790000014]]]}, "properties": {"OBJECTID": 439, "ET_ID": 15218, "NWRW_TYP": "DV", "STELSEL1": "H", "AFGEKOP": 0, "AREA": 6.94942100203, "ET_Source": "P:\\336468\\Water\\Gis\\Data\\Shape\\Afvoerend oppervlak\\AO_BDGR_RW_2015.shp", "Shape_Length": 10.664469278377261, "Shape_Area": 6.94942100030379}}, {"type": "Feature", "id": 440, "geometry": {"type": "Polygon", "coordinates": [[[111812.12299999967, 454863.3379999995], [111809.21499999985, 454864.3040000014], [111808.49799999967, 454862.1469999999], [111811.4059999995, 454861.1790000014], [111812.12299999967, 454863.3379999995]]]}, "properties": {"OBJECTID": 440, "ET_ID": 15219, "NWRW_TYP": "DV", "STELSEL1": "H", "AFGEKOP": 0, "AREA": 6.96880300569, "ET_Source": "P:\\336468\\Water\\Gis\\Data\\Shape\\Afvoerend oppervlak\\AO_BDGR_RW_2015.shp", "Shape_Length": 10.677118382599275, "Shape_Area": 6.968802999395251}}, {"type": "Feature", "id": 441, "geometry": {"type": "Polygon", "coordinates": [[[111814.79300000146, 454871.43400000036], [111811.87900000066, 454872.40399999917], [111811.15700000152, 454870.25499999896], [111814.06799999997, 454869.27699999884], [111814.79300000146, 454871.43400000036]]]}, "properties": {"OBJECTID": 441, "ET_ID": 15225, "NWRW_TYP": "DV", "STELSEL1": "H", "AFGEKOP": 0, "AREA": 6.97530149755, "ET_Source": "P:\\336468\\Water\\Gis\\Data\\Shape\\Afvoerend oppervlak\\AO_BDGR_RW_2015.shp", "Shape_Length": 10.684726125605842, "Shape_Area": 6.975301501631796}}, {"type": "Feature", "id": 442, "geometry": {"type": "Polygon", "coordinates": [[[111815.51700000092, 454873.59099999815], [111812.60599999875, 454874.5689999983], [111811.87900000066, 454872.40399999917], [111814.79300000146, 454871.43400000036], [111815.51700000092, 454873.59099999815]]]}, "properties": {"OBJECTID": 442, "ET_ID": 15226, "NWRW_TYP": "DV", "STELSEL1": "H", "AFGEKOP": 0, "AREA": 7.00054950169, "ET_Source": "P:\\336468\\Water\\Gis\\Data\\Shape\\Afvoerend oppervlak\\AO_BDGR_RW_2015.shp", "Shape_Length": 10.701167023578948, "Shape_Area": 7.000549497127265}}, {"type": "Feature", "id": 443, "geometry": {"type": "Polygon", "coordinates": [[[111811.75800000131, 454878.48699999973], [111809.38300000131, 454879.2670000009], [111808.44299999997, 454876.4070000015], [111810.81799999997, 454875.6270000003], [111811.75800000131, 454878.48699999973]]]}, "properties": {"OBJECTID": 443, "ET_ID": 15252, "NWRW_TYP": "DV", "STELSEL1": "H", "AFGEKOP": 0, "AREA": 7.52570000075, "ET_Source": "P:\\336468\\Water\\Gis\\Data\\Shape\\Afvoerend oppervlak\\AO_BDGR_RW_2015.shp", "Shape_Length": 11.020639797487462, "Shape_Area": 7.525700000751018}}, {"type": "Feature", "id": 444, "geometry": {"type": "Polygon", "coordinates": [[[111864.41800000146, 454852.8720000014], [111861.53599999845, 454853.8350000009], [111860.8209999986, 454851.66699999943], [111863.71400000155, 454850.70800000057], [111864.41800000146, 454852.8720000014]]]}, "properties": {"OBJECTID": 444, "ET_ID": 15255, "NWRW_TYP": "DV", "STELSEL1": "H", "AFGEKOP": 0, "AREA": 6.93615449691, "ET_Source": "P:\\336468\\Water\\Gis\\Data\\Shape\\Afvoerend oppervlak\\AO_BDGR_RW_2015.shp", "Shape_Length": 10.64493507206424, "Shape_Area": 6.936154509039774}}, {"type": "Feature", "id": 445, "geometry": {"type": "Polygon", "coordinates": [[[111863.71400000155, 454850.70800000057], [111860.8209999986, 454851.66699999943], [111860.10799999908, 454849.50400000066], [111863.01099999994, 454848.5469999984], [111863.71400000155, 454850.70800000057]]]}, "properties": {"OBJECTID": 445, "ET_ID": 15256, "NWRW_TYP": "DV", "STELSEL1": "H", "AFGEKOP": 0, "AREA": 6.94373999839, "ET_Source": "P:\\336468\\Water\\Gis\\Data\\Shape\\Afvoerend oppervlak\\AO_BDGR_RW_2015.shp", "Shape_Length": 10.654438988908566, "Shape_Area": 6.943740006448925}}, {"type": "Feature", "id": 446, "geometry": {"type": "Polygon", "coordinates": [[[111854.23099999875, 454822.1000000015], [111851.3359999992, 454823.0520000011], [111849.9149999991, 454818.7329999991], [111852.81799999997, 454817.78400000185], [111854.23099999875, 454822.1000000015]]]}, "properties": {"OBJECTID": 446, "ET_ID": 15261, "NWRW_TYP": "DV", "STELSEL1": "H", "AFGEKOP": 0, "AREA": 13.86329099145, "ET_Source": "P:\\336468\\Water\\Gis\\Data\\Shape\\Afvoerend oppervlak\\AO_BDGR_RW_2015.shp", "Shape_Length": 15.189860572038002, "Shape_Area": 13.863291000479101}}, {"type": "Feature", "id": 447, "geometry": {"type": "Polygon", "coordinates": [[[111857.61800000072, 454832.3660000004], [111854.72399999946, 454833.3110000007], [111854.02199999988, 454831.16099999845], [111856.91200000048, 454830.2019999996], [111857.61800000072, 454832.3660000004]]]}, "properties": {"OBJECTID": 447, "ET_ID": 15264, "NWRW_TYP": "DV", "STELSEL1": "H", "AFGEKOP": 0, "AREA": 6.90825199299, "ET_Source": "P:\\336468\\Water\\Gis\\Data\\Shape\\Afvoerend oppervlak\\AO_BDGR_RW_2015.shp", "Shape_Length": 10.627299535933664, "Shape_Area": 6.908252006009549}}, {"type": "Feature", "id": 448, "geometry": {"type": "Polygon", "coordinates": [[[111856.91200000048, 454830.2019999996], [111854.02199999988, 454831.16099999845], [111853.31500000134, 454828.993999999], [111856.20899999887, 454828.0489999987], [111856.91200000048, 454830.2019999996]]]}, "properties": {"OBJECTID": 448, "ET_ID": 15265, "NWRW_TYP": "DV", "STELSEL1": "H", "AFGEKOP": 0, "AREA": 6.91788000043, "ET_Source": "P:\\336468\\Water\\Gis\\Data\\Shape\\Afvoerend oppervlak\\AO_BDGR_RW_2015.shp", "Shape_Length": 10.633623960966576, "Shape_Area": 6.917879998179972}}, {"type": "Feature", "id": 449, "geometry": {"type": "Polygon", "coordinates": [[[111861.01000000164, 454842.6070000008], [111858.12000000104, 454843.5560000017], [111857.41699999943, 454841.4129999988], [111860.3040000014, 454840.4549999982], [111861.01000000164, 454842.6070000008]]]}, "properties": {"OBJECTID": 449, "ET_ID": 15266, "NWRW_TYP": "DV", "STELSEL1": "H", "AFGEKOP": 0, "AREA": 6.87479449559, "ET_Source": "P:\\336468\\Water\\Gis\\Data\\Shape\\Afvoerend oppervlak\\AO_BDGR_RW_2015.shp", "Shape_Length": 10.603833778423038, "Shape_Area": 6.8747945121310945}}, {"type": "Feature", "id": 450, "geometry": {"type": "Polygon", "coordinates": [[[111860.3040000014, 454840.4549999982], [111857.41699999943, 454841.4129999988], [111856.70499999821, 454839.24500000104], [111859.59499999881, 454838.2960000001], [111860.3040000014, 454840.4549999982]]]}, "properties": {"OBJECTID": 450, "ET_ID": 15267, "NWRW_TYP": "DV", "STELSEL1": "H", "AFGEKOP": 0, "AREA": 6.9267315041, "ET_Source": "P:\\336468\\Water\\Gis\\Data\\Shape\\Afvoerend oppervlak\\AO_BDGR_RW_2015.shp", "Shape_Length": 10.63798018836442, "Shape_Area": 6.9267314991482944}}, {"type": "Feature", "id": 451, "geometry": {"type": "Polygon", "coordinates": [[[111864.5940000005, 454839.0300000012], [111861.70399999991, 454839.98999999836], [111860.99199999869, 454837.83900000155], [111863.88300000131, 454836.8819999993], [111864.5940000005, 454839.0300000012]]]}, "properties": {"OBJECTID": 451, "ET_ID": 15279, "NWRW_TYP": "DV", "STELSEL1": "H", "AFGEKOP": 0, "AREA": 6.89510249582, "ET_Source": "P:\\336468\\Water\\Gis\\Data\\Shape\\Afvoerend oppervlak\\AO_BDGR_RW_2015.shp", "Shape_Length": 10.618946531389636, "Shape_Area": 6.895102501605675}}, {"type": "Feature", "id": 452, "geometry": {"type": "Polygon", "coordinates": [[[111865.31399999931, 454841.2049999982], [111862.42300000042, 454842.1620000005], [111861.70399999991, 454839.98999999836], [111864.5940000005, 454839.0300000012], [111865.31399999931, 454841.2049999982]]]}, "properties": {"OBJECTID": 452, "ET_ID": 15280, "NWRW_TYP": "DV", "STELSEL1": "H", "AFGEKOP": 0, "AREA": 6.9721425035, "ET_Source": "P:\\336468\\Water\\Gis\\Data\\Shape\\Afvoerend oppervlak\\AO_BDGR_RW_2015.shp", "Shape_Length": 10.669542860660847, "Shape_Area": 6.972142497668117}}, {"type": "Feature", "id": 453, "geometry": {"type": "Polygon", "coordinates": [[[111867.97599999979, 454849.2950000018], [111865.09600000083, 454850.25], [111864.37999999896, 454848.1009999998], [111867.25899999961, 454847.1420000009], [111867.97599999979, 454849.2950000018]]]}, "properties": {"OBJECTID": 453, "ET_ID": 15284, "NWRW_TYP": "DV", "STELSEL1": "H", "AFGEKOP": 0, "AREA": 6.87949499528, "ET_Source": "P:\\336468\\Water\\Gis\\Data\\Shape\\Afvoerend oppervlak\\AO_BDGR_RW_2015.shp", "Shape_Length": 10.603120878763486, "Shape_Area": 6.879495001065656}}, {"type": "Feature", "id": 454, "geometry": {"type": "Polygon", "coordinates": [[[111868.69299999997, 454851.4470000006], [111865.81399999931, 454852.4059999995], [111865.09600000083, 454850.25], [111867.97599999979, 454849.2950000018], [111868.69299999997, 454851.4470000006]]]}, "properties": {"OBJECTID": 454, "ET_ID": 15285, "NWRW_TYP": "DV", "STELSEL1": "H", "AFGEKOP": 0, "AREA": 6.88909049996, "ET_Source": "P:\\336468\\Water\\Gis\\Data\\Shape\\Afvoerend oppervlak\\AO_BDGR_RW_2015.shp", "Shape_Length": 10.609445430255409, "Shape_Area": 6.889090495490402}}, {"type": "Feature", "id": 455, "geometry": {"type": "Polygon", "coordinates": [[[111861.20499999821, 454828.77600000054], [111858.31399999931, 454829.73600000143], [111857.61199999973, 454827.6030000001], [111860.50600000098, 454826.65100000054], [111861.20499999821, 454828.77600000054]]]}, "properties": {"OBJECTID": 455, "ET_ID": 15286, "NWRW_TYP": "DV", "STELSEL1": "H", "AFGEKOP": 0, "AREA": 6.82781050426, "ET_Source": "P:\\336468\\Water\\Gis\\Data\\Shape\\Afvoerend oppervlak\\AO_BDGR_RW_2015.shp", "Shape_Length": 10.575348392283901, "Shape_Area": 6.8278105006978365}}, {"type": "Feature", "id": 456, "geometry": {"type": "Polygon", "coordinates": [[[111861.92599999905, 454830.9679999985], [111859.03200000152, 454831.9200000018], [111858.31399999931, 454829.73600000143], [111861.20499999821, 454828.77600000054], [111861.92599999905, 454830.9679999985]]]}, "properties": {"OBJECTID": 456, "ET_ID": 15287, "NWRW_TYP": "DV", "STELSEL1": "H", "AFGEKOP": 0, "AREA": 7.01663200294, "ET_Source": "P:\\336468\\Water\\Gis\\Data\\Shape\\Afvoerend oppervlak\\AO_BDGR_RW_2015.shp", "Shape_Length": 10.699313714524356, "Shape_Area": 7.016631996595517}}, {"type": "Feature", "id": 457, "geometry": {"type": "Polygon", "coordinates": [[[111861.52499999851, 454824.76900000125], [111857.31399999931, 454826.28500000015], [111856.68299999833, 454824.35500000045], [111860.85399999842, 454822.8599999994], [111861.52499999851, 454824.76900000125]]]}, "properties": {"OBJECTID": 457, "ET_ID": 15329, "NWRW_TYP": "DV", "STELSEL1": "H", "AFGEKOP": 0, "AREA": 9.02470499433, "ET_Source": "P:\\336468\\Water\\Gis\\Data\\Shape\\Afvoerend oppervlak\\AO_BDGR_RW_2015.shp", "Shape_Length": 12.960431627078943, "Shape_Area": 9.024705003349185}}, {"type": "Feature", "id": 458, "geometry": {"type": "Polygon", "coordinates": [[[111727.25800000131, 454888.3260000013], [111724.3909999989, 454889.26900000125], [111723.50400000066, 454886.6319999993], [111726.40199999884, 454885.7250000015], [111727.25800000131, 454888.3260000013]]]}, "properties": {"OBJECTID": 458, "ET_ID": 15330, "NWRW_TYP": "DV", "STELSEL1": "H", "AFGEKOP": 0, "AREA": 8.35540499893, "ET_Source": "P:\\336468\\Water\\Gis\\Data\\Shape\\Afvoerend oppervlak\\AO_BDGR_RW_2015.shp", "Shape_Length": 11.575138749875887, "Shape_Area": 8.355405002671555}}, {"type": "Feature", "id": 459, "geometry": {"type": "Polygon", "coordinates": [[[111727.91000000015, 454890.30799999833], [111725.04199999943, 454891.20600000024], [111724.3909999989, 454889.26900000125], [111727.25800000131, 454888.3260000013], [111727.91000000015, 454890.30799999833]]]}, "properties": {"OBJECTID": 459, "ET_ID": 15331, "NWRW_TYP": "DV", "STELSEL1": "H", "AFGEKOP": 0, "AREA": 6.21857199453, "ET_Source": "P:\\336468\\Water\\Gis\\Data\\Shape\\Afvoerend oppervlak\\AO_BDGR_RW_2015.shp", "Shape_Length": 10.153358793473533, "Shape_Area": 6.218571997706473}}, {"type": "Feature", "id": 460, "geometry": {"type": "Polygon", "coordinates": [[[111723.8740000017, 454878.0460000001], [111721.00400000066, 454878.98999999836], [111720.19099999964, 454876.3920000009], [111723.03700000048, 454875.5009999983], [111723.8740000017, 454878.0460000001]]]}, "properties": {"OBJECTID": 460, "ET_ID": 15332, "NWRW_TYP": "DV", "STELSEL1": "H", "AFGEKOP": 0, "AREA": 8.1062845027, "ET_Source": "P:\\336468\\Water\\Gis\\Data\\Shape\\Afvoerend oppervlak\\AO_BDGR_RW_2015.shp", "Shape_Length": 11.404817387880644, "Shape_Area": 8.10628450270097}}, {"type": "Feature", "id": 461, "geometry": {"type": "Polygon", "coordinates": [[[111724.51199999824, 454879.9829999991], [111721.60000000149, 454880.89499999955], [111721.00400000066, 454878.98999999836], [111723.8740000017, 454878.0460000001], [111724.51199999824, 454879.9829999991]]]}, "properties": {"OBJECTID": 461, "ET_ID": 15333, "NWRW_TYP": "DV", "STELSEL1": "H", "AFGEKOP": 0, "AREA": 6.12618700838, "ET_Source": "P:\\336468\\Water\\Gis\\Data\\Shape\\Afvoerend oppervlak\\AO_BDGR_RW_2015.shp", "Shape_Length": 10.108159252357916, "Shape_Area": 6.126186996537179}}, {"type": "Feature", "id": 462, "geometry": {"type": "Polygon", "coordinates": [[[111720.49700000137, 454867.7829999998], [111717.57600000128, 454868.74500000104], [111716.80600000173, 454866.1570000015], [111719.6799999997, 454865.3020000011], [111720.49700000137, 454867.7829999998]]]}, "properties": {"OBJECTID": 462, "ET_ID": 15334, "NWRW_TYP": "DV", "STELSEL1": "H", "AFGEKOP": 0, "AREA": 8.06460849626, "ET_Source": "P:\\336468\\Water\\Gis\\Data\\Shape\\Afvoerend oppervlak\\AO_BDGR_RW_2015.shp", "Shape_Length": 11.385995886792294, "Shape_Area": 8.064608496258124}}, {"type": "Feature", "id": 463, "geometry": {"type": "Polygon", "coordinates": [[[111721.13800000027, 454869.7320000008], [111718.13500000164, 454870.625], [111717.57600000128, 454868.74500000104], [111720.49700000137, 454867.7829999998], [111721.13800000027, 454869.7320000008]]]}, "properties": {"OBJECTID": 463, "ET_ID": 15335, "NWRW_TYP": "DV", "STELSEL1": "H", "AFGEKOP": 0, "AREA": 6.22724899843, "ET_Source": "P:\\336468\\Water\\Gis\\Data\\Shape\\Afvoerend oppervlak\\AO_BDGR_RW_2015.shp", "Shape_Length": 10.221347025174698, "Shape_Area": 6.227248998429462}}, {"type": "Feature", "id": 464, "geometry": {"type": "Polygon", "coordinates": [[[111739.6259999983, 454925.9050000012], [111736.73800000176, 454926.85599999875], [111735.92599999905, 454924.1160000004], [111738.76099999994, 454923.27600000054], [111739.6259999983, 454925.9050000012]]]}, "properties": {"OBJECTID": 464, "ET_ID": 15336, "NWRW_TYP": "DV", "STELSEL1": "H", "AFGEKOP": 0, "AREA": 8.43257350144, "ET_Source": "P:\\336468\\Water\\Gis\\Data\\Shape\\Afvoerend oppervlak\\AO_BDGR_RW_2015.shp", "Shape_Length": 11.622809805735326, "Shape_Area": 8.432573494546055}}, {"type": "Feature", "id": 465, "geometry": {"type": "Polygon", "coordinates": [[[111740.2650000006, 454927.84699999914], [111737.29199999943, 454928.7270000018], [111736.73800000176, 454926.85599999875], [111739.6259999983, 454925.9050000012], [111740.2650000006, 454927.84699999914]]]}, "properties": {"OBJECTID": 465, "ET_ID": 15337, "NWRW_TYP": "DV", "STELSEL1": "H", "AFGEKOP": 0, "AREA": 6.13309399935, "ET_Source": "P:\\336468\\Water\\Gis\\Data\\Shape\\Afvoerend oppervlak\\AO_BDGR_RW_2015.shp", "Shape_Length": 10.13677877856593, "Shape_Area": 6.133093999354676}}, {"type": "Feature", "id": 466, "geometry": {"type": "Polygon", "coordinates": [[[111736.25499999896, 454915.6620000005], [111733.43100000173, 454916.5920000002], [111732.57899999991, 454913.9849999994], [111735.41200000048, 454913.1009999998], [111736.25499999896, 454915.6620000005]]]}, "properties": {"OBJECTID": 466, "ET_ID": 15338, "NWRW_TYP": "DV", "STELSEL1": "H", "AFGEKOP": 0, "AREA": 8.07752650187, "ET_Source": "P:\\336468\\Water\\Gis\\Data\\Shape\\Afvoerend oppervlak\\AO_BDGR_RW_2015.shp", "Shape_Length": 11.379777786816714, "Shape_Area": 8.077526499060601}}, {"type": "Feature", "id": 467, "geometry": {"type": "Polygon", "coordinates": [[[111736.85799999908, 454917.493999999], [111734.01099999994, 454918.3660000004], [111733.43100000173, 454916.5920000002], [111736.25499999896, 454915.6620000005], [111736.85799999908, 454917.493999999]]]}, "properties": {"OBJECTID": 467, "ET_ID": 15339, "NWRW_TYP": "DV", "STELSEL1": "H", "AFGEKOP": 0, "AREA": 5.64534800541, "ET_Source": "P:\\336468\\Water\\Gis\\Data\\Shape\\Afvoerend oppervlak\\AO_BDGR_RW_2015.shp", "Shape_Length": 9.745835146956853, "Shape_Area": 5.645347994513109}}, {"type": "Feature", "id": 468, "geometry": {"type": "Polygon", "coordinates": [[[111732.87099999934, 454905.3830000013], [111730.02499999851, 454906.3200000003], [111729.2190000005, 454903.77600000054], [111732.04800000042, 454902.87999999896], [111732.87099999934, 454905.3830000013]]]}, "properties": {"OBJECTID": 468, "ET_ID": 15340, "NWRW_TYP": "DV", "STELSEL1": "H", "AFGEKOP": 0, "AREA": 7.90692049938, "ET_Source": "P:\\336468\\Water\\Gis\\Data\\Shape\\Afvoerend oppervlak\\AO_BDGR_RW_2015.shp", "Shape_Length": 11.267237699362163, "Shape_Area": 7.906920502766043}}, {"type": "Feature", "id": 469, "geometry": {"type": "Polygon", "coordinates": [[[111733.47800000012, 454907.2270000018], [111733.46700000018, 454907.2650000006], [111730.61100000143, 454908.16899999976], [111730.02499999851, 454906.3200000003], [111732.87099999934, 454905.3830000013], [111733.47800000012, 454907.2270000018]]]}, "properties": {"OBJECTID": 469, "ET_ID": 15341, "NWRW_TYP": "DV", "STELSEL1": "H", "AFGEKOP": 0, "AREA": 5.8842309951, "ET_Source": "P:\\336468\\Water\\Gis\\Data\\Shape\\Afvoerend oppervlak\\AO_BDGR_RW_2015.shp", "Shape_Length": 9.912468374465755, "Shape_Area": 5.884230998600513}}, {"type": "Feature", "id": 470, "geometry": {"type": "Polygon", "coordinates": [[[111657.48000000045, 454901.6649999991], [111654.61899999902, 454902.6240000017], [111654.06500000134, 454900.9530000016], [111656.91299999878, 454900.01099999994], [111657.48000000045, 454901.6649999991]]]}, "properties": {"OBJECTID": 470, "ET_ID": 15342, "NWRW_TYP": "DV", "STELSEL1": "H", "AFGEKOP": 0, "AREA": 5.27836150315, "ET_Source": "P:\\336468\\Water\\Gis\\Data\\Shape\\Afvoerend oppervlak\\AO_BDGR_RW_2015.shp", "Shape_Length": 9.526123002846749, "Shape_Area": 5.278361498877987}}, {"type": "Feature", "id": 471, "geometry": {"type": "Polygon", "coordinates": [[[111656.91299999878, 454900.01099999994], [111654.06500000134, 454900.9530000016], [111652.34499999881, 454895.76199999824], [111655.13399999961, 454894.8269999996], [111656.91299999878, 454900.01099999994]]]}, "properties": {"OBJECTID": 471, "ET_ID": 15343, "NWRW_TYP": "DV", "STELSEL1": "H", "AFGEKOP": 0, "AREA": 16.26287449127, "ET_Source": "P:\\336468\\Water\\Gis\\Data\\Shape\\Afvoerend oppervlak\\AO_BDGR_RW_2015.shp", "Shape_Length": 16.890592206852123, "Shape_Area": 16.262874501773073}}, {"type": "Feature", "id": 472, "geometry": {"type": "Polygon", "coordinates": [[[111654.7890000008, 454893.45699999854], [111651.88899999857, 454894.38699999824], [111650.67599999905, 454890.7259999998], [111653.59099999815, 454889.76399999857], [111654.7890000008, 454893.45699999854]]]}, "properties": {"OBJECTID": 472, "ET_ID": 15344, "NWRW_TYP": "DV", "STELSEL1": "H", "AFGEKOP": 0, "AREA": 11.83128049631, "ET_Source": "P:\\336468\\Water\\Gis\\Data\\Shape\\Afvoerend oppervlak\\AO_BDGR_RW_2015.shp", "Shape_Length": 13.854283289229322, "Shape_Area": 11.831280501755298}}, {"type": "Feature", "id": 473, "geometry": {"type": "Polygon", "coordinates": [[[111653.59099999815, 454889.76399999857], [111650.67599999905, 454890.7259999998], [111649.92300000042, 454888.4530000016], [111652.8599999994, 454887.51099999994], [111653.59099999815, 454889.76399999857]]]}, "properties": {"OBJECTID": 473, "ET_ID": 15345, "NWRW_TYP": "DV", "STELSEL1": "H", "AFGEKOP": 0, "AREA": 7.32792200306, "ET_Source": "P:\\336468\\Water\\Gis\\Data\\Shape\\Afvoerend oppervlak\\AO_BDGR_RW_2015.shp", "Shape_Length": 10.917108459276493, "Shape_Area": 7.327921993000686}}, {"type": "Feature", "id": 474, "geometry": {"type": "Polygon", "coordinates": [[[111673.47399999946, 454949.5210000016], [111670.48299999908, 454950.55099999905], [111669.86800000072, 454948.69200000167], [111672.86199999973, 454947.7019999996], [111673.47399999946, 454949.5210000016]]]}, "properties": {"OBJECTID": 474, "ET_ID": 15346, "NWRW_TYP": "DV", "STELSEL1": "H", "AFGEKOP": 0, "AREA": 6.12284250118, "ET_Source": "P:\\336468\\Water\\Gis\\Data\\Shape\\Afvoerend oppervlak\\AO_BDGR_RW_2015.shp", "Shape_Length": 10.194094847557533, "Shape_Area": 6.12284249741517}}, {"type": "Feature", "id": 475, "geometry": {"type": "Polygon", "coordinates": [[[111672.86199999973, 454947.7019999996], [111669.86800000072, 454948.69200000167], [111669.03299999982, 454946.16699999943], [111672.0009999983, 454945.14400000125], [111672.86199999973, 454947.7019999996]]]}, "properties": {"OBJECTID": 475, "ET_ID": 15347, "NWRW_TYP": "DV", "STELSEL1": "H", "AFGEKOP": 0, "AREA": 8.42972350181, "ET_Source": "P:\\336468\\Water\\Gis\\Data\\Shape\\Afvoerend oppervlak\\AO_BDGR_RW_2015.shp", "Shape_Length": 11.651286515459292, "Shape_Area": 8.42972349894637}}, {"type": "Feature", "id": 476, "geometry": {"type": "Polygon", "coordinates": [[[111671.13599999994, 454942.28500000015], [111668.07299999893, 454943.2670000009], [111666.46799999848, 454938.41699999943], [111669.51399999857, 454937.41099999845], [111671.13599999994, 454942.28500000015]]]}, "properties": {"OBJECTID": 476, "ET_ID": 15348, "NWRW_TYP": "DV", "STELSEL1": "H", "AFGEKOP": 0, "AREA": 16.45479798759, "ET_Source": "P:\\336468\\Water\\Gis\\Data\\Shape\\Afvoerend oppervlak\\AO_BDGR_RW_2015.shp", "Shape_Length": 16.669868091649867, "Shape_Area": 16.454798009872853}}, {"type": "Feature", "id": 477, "geometry": {"type": "Polygon", "coordinates": [[[111669.51399999857, 454937.41099999845], [111666.46799999848, 454938.41699999943], [111665.68100000173, 454936.0370000005], [111668.73099999875, 454935.05900000036], [111669.51399999857, 454937.41099999845]]]}, "properties": {"OBJECTID": 477, "ET_ID": 15349, "NWRW_TYP": "DV", "STELSEL1": "H", "AFGEKOP": 0, "AREA": 7.99028800843, "ET_Source": "P:\\336468\\Water\\Gis\\Data\\Shape\\Afvoerend oppervlak\\AO_BDGR_RW_2015.shp", "Shape_Length": 11.396445889947598, "Shape_Area": 7.9902879908165785}}, {"type": "Feature", "id": 478, "geometry": {"type": "Polygon", "coordinates": [[[111666.85500000045, 454929.2010000013], [111663.72800000012, 454930.13500000164], [111663.08300000057, 454928.18499999866], [111666.20300000161, 454927.15300000086], [111666.85500000045, 454929.2010000013]]]}, "properties": {"OBJECTID": 478, "ET_ID": 15350, "NWRW_TYP": "DV", "STELSEL1": "H", "AFGEKOP": 0, "AREA": 6.88135200068, "ET_Source": "P:\\336468\\Water\\Gis\\Data\\Shape\\Afvoerend oppervlak\\AO_BDGR_RW_2015.shp", "Shape_Length": 10.75294142110937, "Shape_Area": 6.8813520052860975}}, {"type": "Feature", "id": 479, "geometry": {"type": "Polygon", "coordinates": [[[111666.20300000161, 454927.15300000086], [111663.08300000057, 454928.18499999866], [111662.20800000057, 454925.54100000113], [111665.38699999824, 454924.59099999815], [111666.20300000161, 454927.15300000086]]]}, "properties": {"OBJECTID": 479, "ET_ID": 15351, "NWRW_TYP": "DV", "STELSEL1": "H", "AFGEKOP": 0, "AREA": 9.03603900371, "ET_Source": "P:\\336468\\Water\\Gis\\Data\\Shape\\Afvoerend oppervlak\\AO_BDGR_RW_2015.shp", "Shape_Length": 12.07799441532358, "Shape_Area": 9.036039000703827}}, {"type": "Feature", "id": 480, "geometry": {"type": "Polygon", "coordinates": [[[111654.17100000009, 454906.66800000146], [111651.54399999976, 454907.45600000024], [111650.63800000027, 454904.4360000007], [111653.2659999989, 454903.6479999982], [111654.17100000009, 454906.66800000146]]]}, "properties": {"OBJECTID": 480, "ET_ID": 15354, "NWRW_TYP": "DV", "STELSEL1": "H", "AFGEKOP": 0, "AREA": 8.64858400057, "ET_Source": "P:\\336468\\Water\\Gis\\Data\\Shape\\Afvoerend oppervlak\\AO_BDGR_RW_2015.shp", "Shape_Length": 11.791895356187322, "Shape_Area": 8.648584002994731}}, {"type": "Feature", "id": 481, "geometry": {"type": "Polygon", "coordinates": [[[111660.84099999815, 454911.8960000016], [111658.11100000143, 454912.81599999964], [111657.56599999964, 454911.2030000016], [111660.30200000107, 454910.2980000004], [111660.84099999815, 454911.8960000016]]]}, "properties": {"OBJECTID": 481, "ET_ID": 15369, "NWRW_TYP": "DV", "STELSEL1": "H", "AFGEKOP": 0, "AREA": 4.88240650139, "ET_Source": "P:\\336468\\Water\\Gis\\Data\\Shape\\Afvoerend oppervlak\\AO_BDGR_RW_2015.shp", "Shape_Length": 9.15167973405444, "Shape_Area": 4.882406496698543}}, {"type": "Feature", "id": 482, "geometry": {"type": "Polygon", "coordinates": [[[111660.30200000107, 454910.2980000004], [111657.56599999964, 454911.2030000016], [111656.67199999839, 454908.5489999987], [111659.40199999884, 454907.62900000066], [111660.30200000107, 454910.2980000004]]]}, "properties": {"OBJECTID": 482, "ET_ID": 15370, "NWRW_TYP": "DV", "STELSEL1": "H", "AFGEKOP": 0, "AREA": 8.09239200056, "ET_Source": "P:\\336468\\Water\\Gis\\Data\\Shape\\Afvoerend oppervlak\\AO_BDGR_RW_2015.shp", "Shape_Length": 11.37982672165422, "Shape_Area": 8.092392007379784}}, {"type": "Feature", "id": 483, "geometry": {"type": "Polygon", "coordinates": [[[111386.12200000137, 453818.4079999998], [111385.26900000125, 453818.8260000013], [111367.87999999896, 453827.3370000012], [111367.85599999875, 453827.2870000005], [111354.53000000119, 453800.05900000036], [111372.77199999988, 453791.12999999896], [111386.12200000137, 453818.4079999998]]]}, "properties": {"OBJECTID": 483, "ET_ID": 15910, "NWRW_TYP": "DV", "STELSEL1": "H", "AFGEKOP": 0, "AREA": 616.80537146292, "ET_Source": "P:\\336468\\Water\\Gis\\Data\\Shape\\Afvoerend oppervlak\\AO_BDGR_RW_2015.shp", "Shape_Length": 101.35924881206628, "Shape_Area": 616.8053715568115}}, {"type": "Feature", "id": 484, "geometry": {"type": "Polygon", "coordinates": [[[111476.78000000119, 453815.0029999986], [111476.6649999991, 453814.76900000125], [111476.75499999896, 453814.7250000015], [111475.60500000045, 453812.3819999993], [111475.13800000027, 453812.61100000143], [111474.8040000014, 453811.9290000014], [111475.26999999955, 453811.69999999925], [111472.57800000161, 453806.21499999985], [111472.48900000006, 453806.2589999996], [111472.3740000017, 453806.02600000054], [111481.44099999964, 453801.5760000013], [111485.84699999914, 453810.5529999994], [111476.78000000119, 453815.0029999986]]]}, "properties": {"OBJECTID": 484, "ET_ID": 15911, "NWRW_TYP": "DV", "STELSEL1": "H", "AFGEKOP": 0, "AREA": 100.44901601221, "ET_Source": "P:\\336468\\Water\\Gis\\Data\\Shape\\Afvoerend oppervlak\\AO_BDGR_RW_2015.shp", "Shape_Length": 41.43904794719149, "Shape_Area": 100.4490159698602}}, {"type": "Feature", "id": 485, "geometry": {"type": "Polygon", "coordinates": [[[112146.50600000098, 453907.22399999946], [112146.53400000185, 453907.3770000003], [112146.56199999899, 453907.56500000134], [112146.58199999854, 453907.75499999896], [112146.5940000005, 453907.9450000003], [112146.59699999914, 453908.13500000164], [112146.59299999848, 453908.3260000013], [112146.58100000024, 453908.5159999989], [112146.56100000069, 453908.70600000024], [112146.53299999982, 453908.89400000125], [112146.49700000137, 453909.08100000024], [112146.45300000161, 453909.2670000009], [112146.40100000054, 453909.44999999925], [112146.34200000018, 453909.631000001], [112146.27499999851, 453909.80999999866], [112146.20100000128, 453909.9849999994], [112146.12000000104, 453910.1579999998], [112146.0309999995, 453910.3260000013], [112145.93499999866, 453910.4910000004], [112145.83300000057, 453910.65199999884], [112145.72399999946, 453910.80799999833], [112145.60799999908, 453910.95899999887], [112145.48600000143, 453911.10599999875], [112145.3590000011, 453911.2470000014], [112145.22500000149, 453911.3830000013], [112145.0859999992, 453911.51300000027], [112144.94099999964, 453911.63699999824], [112144.79100000113, 453911.75499999896], [112144.63699999824, 453911.8669999987], [112144.47800000012, 453911.97100000083], [112144.31399999931, 453912.0700000003], [112144.14699999988, 453912.16099999845], [112143.97599999979, 453912.24500000104], [112133.61600000039, 453917.3029999994], [112121.89400000125, 453893.2809999995], [112141.93100000173, 453883.50400000066], [112146.50600000098, 453907.22399999946]]]}, "properties": {"OBJECTID": 485, "ET_ID": 17163, "NWRW_TYP": "DV", "STELSEL1": "H", "AFGEKOP": 0, "AREA": 497.24645002072, "ET_Source": "P:\\336468\\Water\\Gis\\Data\\Shape\\Afvoerend oppervlak\\AO_BDGR_RW_2015.shp", "Shape_Length": 90.77310299359813, "Shape_Area": 497.24644999176746}}, {"type": "Feature", "id": 486, "geometry": {"type": "Polygon", "coordinates": [[[111951.85599999875, 453838.3209999986], [111948.79800000042, 453832.01399999857], [111946.8440000005, 453827.9829999991], [111945.625, 453828.56599999964], [111940.85599999875, 453818.7419999987], [111936.89499999955, 453810.58300000057], [111987.8350000009, 453785.84699999914], [111998.52899999917, 453807.92599999905], [112001.57499999925, 453814.21400000155], [112000, 453814.9780000001], [111951.85599999875, 453838.3209999986]]]}, "properties": {"OBJECTID": 486, "ET_ID": 17164, "NWRW_TYP": "DV", "STELSEL1": "H", "AFGEKOP": 0, "AREA": 1768.01666495269, "ET_Source": "P:\\336468\\Water\\Gis\\Data\\Shape\\Afvoerend oppervlak\\AO_BDGR_RW_2015.shp", "Shape_Length": 176.2328810110783, "Shape_Area": 1768.0166649632688}}, {"type": "Feature", "id": 487, "geometry": {"type": "Polygon", "coordinates": [[[112075.49700000137, 453936.11499999836], [112066.18200000003, 453940.618999999], [112063.78000000119, 453941.7800000012], [112065.98600000143, 453946.44900000095], [112059.79800000042, 453949.41600000113], [112047.9840000011, 453955.0799999982], [112034.44000000134, 453927.16600000113], [112052.54199999943, 453918.5399999991], [112055.78200000152, 453925.20899999887], [112058.13899999857, 453924.0639999993], [112067.47599999979, 453919.52800000086], [112075.49700000137, 453936.11499999836]]]}, "properties": {"OBJECTID": 487, "ET_ID": 17165, "NWRW_TYP": "DV", "STELSEL1": "H", "AFGEKOP": 0, "AREA": 860.5751909707, "ET_Source": "P:\\336468\\Water\\Gis\\Data\\Shape\\Afvoerend oppervlak\\AO_BDGR_RW_2015.shp", "Shape_Length": 128.06100860043153, "Shape_Area": 860.5751909854185}}, {"type": "Feature", "id": 488, "geometry": {"type": "Polygon", "coordinates": [[[112213.88399999961, 453792.0320000015], [112220.94700000063, 453834.1860000007], [112202.83999999985, 453837.2199999988], [112195.76399999857, 453795.07400000095], [112200.94900000095, 453794.2030000016], [112199.29399999976, 453784.3449999988], [112212.22800000012, 453782.1739999987], [112213.88399999961, 453792.0320000015]]]}, "properties": {"OBJECTID": 488, "ET_ID": 17166, "NWRW_TYP": "DV", "STELSEL1": "H", "AFGEKOP": 0, "AREA": 916.0684324494, "ET_Source": "P:\\336468\\Water\\Gis\\Data\\Shape\\Afvoerend oppervlak\\AO_BDGR_RW_2015.shp", "Shape_Length": 142.2015886997967, "Shape_Area": 916.0684325308047}}, {"type": "Feature", "id": 489, "geometry": {"type": "Polygon", "coordinates": [[[112199.9149999991, 453886.41800000146], [112186.87099999934, 453888.5949999988], [112185.38100000098, 453879.7100000009], [112198.42500000075, 453877.54300000146], [112199.9149999991, 453886.41800000146]]]}, "properties": {"OBJECTID": 489, "ET_ID": 17167, "NWRW_TYP": "DV", "STELSEL1": "H", "AFGEKOP": 0, "AREA": 119.06700001348, "ET_Source": "P:\\336468\\Water\\Gis\\Data\\Shape\\Afvoerend oppervlak\\AO_BDGR_RW_2015.shp", "Shape_Length": 44.455471967361675, "Shape_Area": 119.0669999783188}}, {"type": "Feature", "id": 490, "geometry": {"type": "Polygon", "coordinates": [[[112201.44099999964, 453895.5069999993], [112188.39600000158, 453897.69200000167], [112186.87099999934, 453888.5949999988], [112199.9149999991, 453886.41800000146], [112201.44099999964, 453895.5069999993]]]}, "properties": {"OBJECTID": 490, "ET_ID": 17168, "NWRW_TYP": "DV", "STELSEL1": "H", "AFGEKOP": 0, "AREA": 121.94075398927, "ET_Source": "P:\\336468\\Water\\Gis\\Data\\Shape\\Afvoerend oppervlak\\AO_BDGR_RW_2015.shp", "Shape_Length": 44.89129601463766, "Shape_Area": 121.94075399739732}}, {"type": "Feature", "id": 491, "geometry": {"type": "Polygon", "coordinates": [[[112198.42500000075, 453877.54300000146], [112185.38100000098, 453879.7100000009], [112183.89299999923, 453870.83399999887], [112196.93100000173, 453868.64499999955], [112198.42500000075, 453877.54300000146]]]}, "properties": {"OBJECTID": 491, "ET_ID": 17169, "NWRW_TYP": "DV", "STELSEL1": "H", "AFGEKOP": 0, "AREA": 119.14276496643, "ET_Source": "P:\\336468\\Water\\Gis\\Data\\Shape\\Afvoerend oppervlak\\AO_BDGR_RW_2015.shp", "Shape_Length": 44.46567350584346, "Shape_Area": 119.14276503562614}}, {"type": "Feature", "id": 492, "geometry": {"type": "Polygon", "coordinates": [[[112186.87099999934, 453888.5949999988], [112173.83199999854, 453890.78400000185], [112172.33700000122, 453881.8770000003], [112185.38100000098, 453879.7100000009], [112186.87099999934, 453888.5949999988]]]}, "properties": {"OBJECTID": 492, "ET_ID": 17170, "NWRW_TYP": "DV", "STELSEL1": "H", "AFGEKOP": 0, "AREA": 119.26784902559, "ET_Source": "P:\\336468\\Water\\Gis\\Data\\Shape\\Afvoerend oppervlak\\AO_BDGR_RW_2015.shp", "Shape_Length": 44.48490787686454, "Shape_Area": 119.2678489959663}}, {"type": "Feature", "id": 493, "geometry": {"type": "Polygon", "coordinates": [[[112188.39600000158, 453897.69200000167], [112175.35799999908, 453899.875], [112173.83199999854, 453890.78400000185], [112186.87099999934, 453888.5949999988], [112188.39600000158, 453897.69200000167]]]}, "properties": {"OBJECTID": 493, "ET_ID": 17171, "NWRW_TYP": "DV", "STELSEL1": "H", "AFGEKOP": 0, "AREA": 121.90686197758, "ET_Source": "P:\\336468\\Water\\Gis\\Data\\Shape\\Afvoerend oppervlak\\AO_BDGR_RW_2015.shp", "Shape_Length": 44.88308393958326, "Shape_Area": 121.9068620257226}}, {"type": "Feature", "id": 494, "geometry": {"type": "Polygon", "coordinates": [[[112196.93100000173, 453868.64499999955], [112183.89299999923, 453870.83399999887], [112182.40500000119, 453861.95699999854], [112195.4450000003, 453859.79100000113], [112196.93100000173, 453868.64499999955]]]}, "properties": {"OBJECTID": 494, "ET_ID": 17172, "NWRW_TYP": "DV", "STELSEL1": "H", "AFGEKOP": 0, "AREA": 118.83519701055, "ET_Source": "P:\\336468\\Water\\Gis\\Data\\Shape\\Afvoerend oppervlak\\AO_BDGR_RW_2015.shp", "Shape_Length": 44.41783267736916, "Shape_Area": 118.83519699595186}}, {"type": "Feature", "id": 495, "geometry": {"type": "Polygon", "coordinates": [[[112195.4450000003, 453859.79100000113], [112182.40500000119, 453861.95699999854], [112180.91699999943, 453853.0799999982], [112193.95399999991, 453850.9149999991], [112195.4450000003, 453859.79100000113]]]}, "properties": {"OBJECTID": 495, "ET_ID": 17173, "NWRW_TYP": "DV", "STELSEL1": "H", "AFGEKOP": 0, "AREA": 118.96175747114, "ET_Source": "P:\\336468\\Water\\Gis\\Data\\Shape\\Afvoerend oppervlak\\AO_BDGR_RW_2015.shp", "Shape_Length": 44.43541778055368, "Shape_Area": 118.9617575132235}}, {"type": "Feature", "id": 496, "geometry": {"type": "Polygon", "coordinates": [[[112183.89299999923, 453870.83399999887], [112170.84699999914, 453873.0009999983], [112169.35700000077, 453864.125], [112182.40500000119, 453861.95699999854], [112183.89299999923, 453870.83399999887]]]}, "properties": {"OBJECTID": 496, "ET_ID": 17174, "NWRW_TYP": "DV", "STELSEL1": "H", "AFGEKOP": 0, "AREA": 119.03910301967, "ET_Source": "P:\\336468\\Water\\Gis\\Data\\Shape\\Afvoerend oppervlak\\AO_BDGR_RW_2015.shp", "Shape_Length": 44.45267783913339, "Shape_Area": 119.03910299006304}}, {"type": "Feature", "id": 497, "geometry": {"type": "Polygon", "coordinates": [[[112193.95399999991, 453850.9149999991], [112180.91699999943, 453853.0799999982], [112179.39200000092, 453843.9849999994], [112192.42300000042, 453841.79300000146], [112193.95399999991, 453850.9149999991]]]}, "properties": {"OBJECTID": 497, "ET_ID": 17175, "NWRW_TYP": "DV", "STELSEL1": "H", "AFGEKOP": 0, "AREA": 122.04893698654, "ET_Source": "P:\\336468\\Water\\Gis\\Data\\Shape\\Afvoerend oppervlak\\AO_BDGR_RW_2015.shp", "Shape_Length": 44.90117225396185, "Shape_Area": 122.04893697232279}}, {"type": "Feature", "id": 498, "geometry": {"type": "Polygon", "coordinates": [[[112182.40500000119, 453861.95699999854], [112169.35700000077, 453864.125], [112167.86699999869, 453855.2479999997], [112180.91699999943, 453853.0799999982], [112182.40500000119, 453861.95699999854]]]}, "properties": {"OBJECTID": 498, "ET_ID": 17176, "NWRW_TYP": "DV", "STELSEL1": "H", "AFGEKOP": 0, "AREA": 119.06412500216, "ET_Source": "P:\\336468\\Water\\Gis\\Data\\Shape\\Afvoerend oppervlak\\AO_BDGR_RW_2015.shp", "Shape_Length": 44.45777384429459, "Shape_Area": 119.06412501577847}}, {"type": "Feature", "id": 499, "geometry": {"type": "Polygon", "coordinates": [[[112185.38100000098, 453879.7100000009], [112172.33700000122, 453881.8770000003], [112170.84699999914, 453873.0009999983], [112183.89299999923, 453870.83399999887], [112185.38100000098, 453879.7100000009]]]}, "properties": {"OBJECTID": 499, "ET_ID": 17177, "NWRW_TYP": "DV", "STELSEL1": "H", "AFGEKOP": 0, "AREA": 119.01408297243, "ET_Source": "P:\\336468\\Water\\Gis\\Data\\Shape\\Afvoerend oppervlak\\AO_BDGR_RW_2015.shp", "Shape_Length": 44.44758179932892, "Shape_Area": 119.0140830290975}}, {"type": "Feature", "id": 500, "geometry": {"type": "Polygon", "coordinates": [[[112187.77400000021, 453814.1860000007], [112174.72500000149, 453816.3819999993], [112173.2490000017, 453807.5029999986], [112186.29399999976, 453805.30900000036], [112187.77400000021, 453814.1860000007]]]}, "properties": {"OBJECTID": 500, "ET_ID": 17178, "NWRW_TYP": "DV", "STELSEL1": "H", "AFGEKOP": 0, "AREA": 119.07547599558, "ET_Source": "P:\\336468\\Water\\Gis\\Data\\Shape\\Afvoerend oppervlak\\AO_BDGR_RW_2015.shp", "Shape_Length": 44.46108026380639, "Shape_Area": 119.07547599007728}}, {"type": "Feature", "id": 501, "geometry": {"type": "Polygon", "coordinates": [[[112189.25499999896, 453823.06700000167], [112176.19900000095, 453825.243999999], [112174.72500000149, 453816.3819999993], [112187.77400000021, 453814.1860000007], [112189.25499999896, 453823.06700000167]]]}, "properties": {"OBJECTID": 501, "ET_ID": 17179, "NWRW_TYP": "DV", "STELSEL1": "H", "AFGEKOP": 0, "AREA": 119.02580751128, "ET_Source": "P:\\336468\\Water\\Gis\\Data\\Shape\\Afvoerend oppervlak\\AO_BDGR_RW_2015.shp", "Shape_Length": 44.456133580865014, "Shape_Area": 119.0258074851773}}, {"type": "Feature", "id": 502, "geometry": {"type": "Polygon", "coordinates": [[[112174.72500000149, 453816.3819999993], [112161.71200000122, 453818.5700000003], [112160.22100000083, 453809.6939999983], [112173.2490000017, 453807.5029999986], [112174.72500000149, 453816.3819999993]]]}, "properties": {"OBJECTID": 502, "ET_ID": 17180, "NWRW_TYP": "DV", "STELSEL1": "H", "AFGEKOP": 0, "AREA": 118.83761199615, "ET_Source": "P:\\336468\\Water\\Gis\\Data\\Shape\\Afvoerend oppervlak\\AO_BDGR_RW_2015.shp", "Shape_Length": 44.40781919054901, "Shape_Area": 118.83761202317076}}, {"type": "Feature", "id": 503, "geometry": {"type": "Polygon", "coordinates": [[[112180.91699999943, 453853.0799999982], [112167.86699999869, 453855.2479999997], [112166.34499999881, 453846.1799999997], [112179.39200000092, 453843.9849999994], [112180.91699999943, 453853.0799999982]]]}, "properties": {"OBJECTID": 503, "ET_ID": 17181, "NWRW_TYP": "DV", "STELSEL1": "H", "AFGEKOP": 0, "AREA": 121.82346798608, "ET_Source": "P:\\336468\\Water\\Gis\\Data\\Shape\\Afvoerend oppervlak\\AO_BDGR_RW_2015.shp", "Shape_Length": 44.876019273693416, "Shape_Area": 121.82346800460328}}, {"type": "Feature", "id": 504, "geometry": {"type": "Polygon", "coordinates": [[[112176.19900000095, 453825.243999999], [112163.20199999958, 453827.4450000003], [112161.71200000122, 453818.5700000003], [112174.72500000149, 453816.3819999993], [112176.19900000095, 453825.243999999]]]}, "properties": {"OBJECTID": 504, "ET_ID": 17182, "NWRW_TYP": "DV", "STELSEL1": "H", "AFGEKOP": 0, "AREA": 118.58709148689, "ET_Source": "P:\\336468\\Water\\Gis\\Data\\Shape\\Afvoerend oppervlak\\AO_BDGR_RW_2015.shp", "Shape_Length": 44.360665895693295, "Shape_Area": 118.58709150483747}}, {"type": "Feature", "id": 505, "geometry": {"type": "Polygon", "coordinates": [[[112177.71599999815, 453834.3669999987], [112164.73099999875, 453836.5480000004], [112163.20199999958, 453827.4450000003], [112176.19900000095, 453825.243999999], [112177.71599999815, 453834.3669999987]]]}, "properties": {"OBJECTID": 505, "ET_ID": 17183, "NWRW_TYP": "DV", "STELSEL1": "H", "AFGEKOP": 0, "AREA": 121.72387598192, "ET_Source": "P:\\336468\\Water\\Gis\\Data\\Shape\\Afvoerend oppervlak\\AO_BDGR_RW_2015.shp", "Shape_Length": 44.82772153636108, "Shape_Area": 121.72387600048462}}, {"type": "Feature", "id": 506, "geometry": {"type": "Polygon", "coordinates": [[[112190.77299999818, 453832.1730000004], [112177.71599999815, 453834.3669999987], [112176.19900000095, 453825.243999999], [112189.25499999896, 453823.06700000167], [112190.77299999818, 453832.1730000004]]]}, "properties": {"OBJECTID": 506, "ET_ID": 17184, "NWRW_TYP": "DV", "STELSEL1": "H", "AFGEKOP": 0, "AREA": 122.31996550019, "ET_Source": "P:\\336468\\Water\\Gis\\Data\\Shape\\Afvoerend oppervlak\\AO_BDGR_RW_2015.shp", "Shape_Length": 44.95623063821381, "Shape_Area": 122.31996547349256}}, {"type": "Feature", "id": 507, "geometry": {"type": "Polygon", "coordinates": [[[112125.52499999851, 453831.5879999995], [112127.01700000092, 453834.6629999988], [112129.20100000128, 453839.1629999988], [112126.85700000077, 453840.2969999984], [112121.9990000017, 453842.6460000016], [112139.58900000155, 453878.8960000016], [112089.72700000182, 453903.1020000018], [112058.43899999931, 453918.29100000113], [112018.98800000176, 453837.13899999857], [112110.2190000005, 453792.90199999884], [112120.08799999952, 453813.40300000086], [112115.06300000101, 453815.8200000003], [112116.17000000179, 453818.1169999987], [112116.73900000006, 453817.8429999985], [112117.49799999967, 453819.4200000018], [112116.9290000014, 453819.6939999983], [112118.70899999887, 453823.38699999824], [112121.00899999961, 453822.2809999995], [112125.52499999851, 453831.5879999995]]]}, "properties": {"OBJECTID": 507, "ET_ID": 17185, "NWRW_TYP": "DV", "STELSEL1": "H", "AFGEKOP": 0, "AREA": 8589.84214637931, "ET_Source": "P:\\336468\\Water\\Gis\\Data\\Shape\\Afvoerend oppervlak\\AO_BDGR_RW_2015.shp", "Shape_Length": 389.430992594399, "Shape_Area": 8589.842146748835}}, {"type": "Feature", "id": 508, "geometry": {"type": "Polygon", "coordinates": [[[112013.61199999973, 453970.8590000011], [112014.6959999986, 453973.1000000015], [112005.29300000146, 453977.65399999917], [112000.74599999934, 453968.2679999992], [112002.99500000104, 453967.1770000011], [112000, 453961.01099999994], [111997.53400000185, 453955.93400000036], [112000, 453954.73600000143], [112006.5, 453951.5780000016], [112002.11300000176, 453942.5480000004], [112011.56100000069, 453937.9670000002], [112017.01700000092, 453949.20800000057], [112030.53299999982, 453942.65300000086], [112039.47700000182, 453961.0929999985], [112025.52400000021, 453967.8599999994], [112024.43800000101, 453965.618999999], [112013.61199999973, 453970.8590000011]]]}, "properties": {"OBJECTID": 508, "ET_ID": 17186, "NWRW_TYP": "DV", "STELSEL1": "H", "AFGEKOP": 0, "AREA": 878.79350904919, "ET_Source": "P:\\336468\\Water\\Gis\\Data\\Shape\\Afvoerend oppervlak\\AO_BDGR_RW_2015.shp", "Shape_Length": 146.9092027240378, "Shape_Area": 878.7935089662556}}, {"type": "Feature", "id": 509, "geometry": {"type": "Polygon", "coordinates": [[[112102.17000000179, 453932.58300000057], [112093.16200000048, 453936.97300000116], [112087.35300000012, 453925.05000000075], [112081.54300000146, 453913.1259999983], [112090.55099999905, 453908.73699999973], [112102.17000000179, 453932.58300000057]]]}, "properties": {"OBJECTID": 509, "ET_ID": 17187, "NWRW_TYP": "DV", "STELSEL1": "H", "AFGEKOP": 0, "AREA": 265.80781554881, "ET_Source": "P:\\336468\\Water\\Gis\\Data\\Shape\\Afvoerend oppervlak\\AO_BDGR_RW_2015.shp", "Shape_Length": 73.09419249010904, "Shape_Area": 265.8078155185213}}, {"type": "Feature", "id": 510, "geometry": {"type": "Polygon", "coordinates": [[[112087.35300000012, 453925.05000000075], [112093.16200000048, 453936.97300000116], [112084.14999999851, 453941.3660000004], [112072.55600000173, 453917.50499999896], [112081.54300000146, 453913.1259999983], [112087.35300000012, 453925.05000000075]]]}, "properties": {"OBJECTID": 510, "ET_ID": 17188, "NWRW_TYP": "DV", "STELSEL1": "H", "AFGEKOP": 0, "AREA": 265.58323895468, "ET_Source": "P:\\336468\\Water\\Gis\\Data\\Shape\\Afvoerend oppervlak\\AO_BDGR_RW_2015.shp", "Shape_Length": 73.07839387976105, "Shape_Area": 265.58323901365145}}, {"type": "Feature", "id": 511, "geometry": {"type": "Polygon", "coordinates": [[[111987.0549999997, 453856.61300000176], [111955.31100000069, 453872.08199999854], [111947.70600000024, 453856.4699999988], [111979.5009999983, 453841.0460000001], [111987.0549999997, 453856.61300000176]]]}, "properties": {"OBJECTID": 511, "ET_ID": 17189, "NWRW_TYP": "DV", "STELSEL1": "H", "AFGEKOP": 0, "AREA": 612.3473670252, "ET_Source": "P:\\336468\\Water\\Gis\\Data\\Shape\\Afvoerend oppervlak\\AO_BDGR_RW_2015.shp", "Shape_Length": 105.31996099987342, "Shape_Area": 612.3473669967004}}, {"type": "Feature", "id": 512, "geometry": {"type": "Polygon", "coordinates": [[[112226.79500000179, 453888.52800000086], [112227.22300000116, 453891.0920000002], [112212.23699999973, 453893.5920000002], [112203.63399999961, 453842.0300000012], [112229.56700000167, 453837.7030000016], [112231.21799999848, 453847.59600000083], [112230.79199999943, 453847.6700000018], [112230.62099999934, 453846.68499999866], [112221.09600000083, 453848.2969999984], [112221.10200000182, 453854.40199999884], [112221.43699999899, 453856.4140000008], [112222.52199999988, 453856.2329999991], [112222.52899999917, 453862.96599999815], [112222.85700000077, 453864.9389999993], [112223.94200000167, 453864.7580000013], [112223.9600000009, 453871.4629999995], [112224.28299999982, 453873.4470000006], [112225.36800000072, 453873.26999999955], [112225.27499999851, 453879.9919999987], [112225.60799999908, 453881.993999999], [112226.78599999845, 453881.7980000004], [112226.79500000179, 453888.52800000086]]]}, "properties": {"OBJECTID": 512, "ET_ID": 17190, "NWRW_TYP": "DV", "STELSEL1": "H", "AFGEKOP": 0, "AREA": 912.17320058208, "ET_Source": "P:\\336468\\Water\\Gis\\Data\\Shape\\Afvoerend oppervlak\\AO_BDGR_RW_2015.shp", "Shape_Length": 163.04983204931972, "Shape_Area": 912.173200488508}}, {"type": "Feature", "id": 513, "geometry": {"type": "Polygon", "coordinates": [[[112295.81899999827, 453879.7049999982], [112250.94299999997, 453887.21599999815], [112247.0859999992, 453864.02600000054], [112291.94700000063, 453856.5450000018], [112295.81899999827, 453879.7049999982]]]}, "properties": {"OBJECTID": 513, "ET_ID": 17191, "NWRW_TYP": "DV", "STELSEL1": "H", "AFGEKOP": 0, "AREA": 1068.79577952187, "ET_Source": "P:\\336468\\Water\\Gis\\Data\\Shape\\Afvoerend oppervlak\\AO_BDGR_RW_2015.shp", "Shape_Length": 137.9707145116502, "Shape_Area": 1068.7957793547196}}, {"type": "Feature", "id": 514, "geometry": {"type": "Polygon", "coordinates": [[[112079.01099999994, 453972.8189999983], [112076.31700000167, 453974.11100000143], [112075.24100000039, 453971.86499999836], [112077.93200000003, 453970.5610000007], [112079.01099999994, 453972.8189999983]]]}, "properties": {"OBJECTID": 514, "ET_ID": 17192, "NWRW_TYP": "DV", "STELSEL1": "H", "AFGEKOP": 0, "AREA": 7.46210499976, "ET_Source": "P:\\336468\\Water\\Gis\\Data\\Shape\\Afvoerend oppervlak\\AO_BDGR_RW_2015.shp", "Shape_Length": 10.971092124244937, "Shape_Area": 7.462104999756887}}, {"type": "Feature", "id": 515, "geometry": {"type": "Polygon", "coordinates": [[[112290.96599999815, 453850.31500000134], [112265.81300000101, 453854.50499999896], [112264.90799999982, 453849.0789999999], [112259.97899999842, 453849.90100000054], [112257.18299999833, 453833.12099999934], [112310.43899999931, 453824.2479999997], [112311.77499999851, 453832.1559999995], [112288.5850000009, 453836.01999999955], [112290.96599999815, 453850.31500000134]]]}, "properties": {"OBJECTID": 515, "ET_ID": 17193, "NWRW_TYP": "DV", "STELSEL1": "H", "AFGEKOP": 0, "AREA": 847.56075454626, "ET_Source": "P:\\336468\\Water\\Gis\\Data\\Shape\\Afvoerend oppervlak\\AO_BDGR_RW_2015.shp", "Shape_Length": 153.02078898994205, "Shape_Area": 847.5607545351886}}, {"type": "Feature", "id": 516, "geometry": {"type": "Polygon", "coordinates": [[[112082.52699999884, 454310.7719999999], [112085.44999999925, 454310.02800000086], [112085.88199999928, 454311.72399999946], [112082.9600000009, 454312.4679999985], [112082.52699999884, 454310.7719999999]]]}, "properties": {"OBJECTID": 516, "ET_ID": 17213, "NWRW_TYP": "DV", "STELSEL1": "H", "AFGEKOP": 0, "AREA": 5.27834000791, "ET_Source": "P:\\336468\\Water\\Gis\\Data\\Shape\\Afvoerend oppervlak\\AO_BDGR_RW_2015.shp", "Shape_Length": 9.531987416399017, "Shape_Area": 5.278339995246231}}, {"type": "Feature", "id": 517, "geometry": {"type": "Polygon", "coordinates": [[[112024.75699999928, 454310.55999999866], [112027.71200000122, 454309.8049999997], [112028.14600000158, 454311.50499999896], [112025.19000000134, 454312.2589999996], [112024.75699999928, 454310.55999999866]]]}, "properties": {"OBJECTID": 517, "ET_ID": 17214, "NWRW_TYP": "DV", "STELSEL1": "H", "AFGEKOP": 0, "AREA": 5.34994799841, "ET_Source": "P:\\336468\\Water\\Gis\\Data\\Shape\\Afvoerend oppervlak\\AO_BDGR_RW_2015.shp", "Shape_Length": 9.608406769944867, "Shape_Area": 5.349948002983674}}, {"type": "Feature", "id": 518, "geometry": {"type": "Polygon", "coordinates": [[[112105.37999999896, 454353.2349999994], [112105.92300000042, 454354.91099999845], [112104.01300000027, 454355.5300000012], [112103.46999999881, 454353.8539999984], [112105.37999999896, 454353.2349999994]]]}, "properties": {"OBJECTID": 518, "ET_ID": 17215, "NWRW_TYP": "DV", "STELSEL1": "H", "AFGEKOP": 0, "AREA": 3.53727699649, "ET_Source": "P:\\336468\\Water\\Gis\\Data\\Shape\\Afvoerend oppervlak\\AO_BDGR_RW_2015.shp", "Shape_Length": 7.539135239773346, "Shape_Area": 3.5372770033672007}}, {"type": "Feature", "id": 519, "geometry": {"type": "Polygon", "coordinates": [[[112095.9059999995, 454358.93499999866], [112096.44099999964, 454360.6009999998], [112094.56300000101, 454361.2039999999], [112094.02800000086, 454359.5379999988], [112095.9059999995, 454358.93499999866]]]}, "properties": {"OBJECTID": 519, "ET_ID": 17216, "NWRW_TYP": "DV", "STELSEL1": "H", "AFGEKOP": 0, "AREA": 3.45135299498, "ET_Source": "P:\\336468\\Water\\Gis\\Data\\Shape\\Afvoerend oppervlak\\AO_BDGR_RW_2015.shp", "Shape_Length": 7.444455656115876, "Shape_Area": 3.451352999996513}}, {"type": "Feature", "id": 520, "geometry": {"type": "Polygon", "coordinates": [[[112116.01000000164, 454360.7969999984], [112115.08700000122, 454357.94299999997], [112116.75200000033, 454357.40399999917], [112117.67500000075, 454360.2589999996], [112116.01000000164, 454360.7969999984]]]}, "properties": {"OBJECTID": 520, "ET_ID": 17217, "NWRW_TYP": "DV", "STELSEL1": "H", "AFGEKOP": 0, "AREA": 5.24977799654, "ET_Source": "P:\\336468\\Water\\Gis\\Data\\Shape\\Afvoerend oppervlak\\AO_BDGR_RW_2015.shp", "Shape_Length": 9.499865928103096, "Shape_Area": 5.249777996537208}}, {"type": "Feature", "id": 521, "geometry": {"type": "Polygon", "coordinates": [[[112085.1799999997, 454360.8049999997], [112084.64499999955, 454359.13800000027], [112086.5540000014, 454358.52600000054], [112087.08900000155, 454360.19200000167], [112085.1799999997, 454360.8049999997]]]}, "properties": {"OBJECTID": 521, "ET_ID": 17218, "NWRW_TYP": "DV", "STELSEL1": "H", "AFGEKOP": 0, "AREA": 3.50903599887, "ET_Source": "P:\\336468\\Water\\Gis\\Data\\Shape\\Afvoerend oppervlak\\AO_BDGR_RW_2015.shp", "Shape_Length": 7.510248220874696, "Shape_Area": 3.509036003113106}}, {"type": "Feature", "id": 522, "geometry": {"type": "Polygon", "coordinates": [[[112032.5549999997, 454341.1070000008], [112034.49199999869, 454340.61199999973], [112035.2340000011, 454343.51900000125], [112033.29699999839, 454344.01399999857], [112032.5549999997, 454341.1070000008]]]}, "properties": {"OBJECTID": 522, "ET_ID": 17219, "NWRW_TYP": "DV", "STELSEL1": "H", "AFGEKOP": 0, "AREA": 5.99814900646, "ET_Source": "P:\\336468\\Water\\Gis\\Data\\Shape\\Afvoerend oppervlak\\AO_BDGR_RW_2015.shp", "Shape_Length": 9.998901038076744, "Shape_Area": 5.998149001470044}}, {"type": "Feature", "id": 523, "geometry": {"type": "Polygon", "coordinates": [[[112109.73900000006, 454341.3979999982], [112111.40500000119, 454340.8599999994], [112112.32999999821, 454343.72199999914], [112110.6649999991, 454344.26099999994], [112109.73900000006, 454341.3979999982]]]}, "properties": {"OBJECTID": 523, "ET_ID": 17220, "NWRW_TYP": "DV", "STELSEL1": "H", "AFGEKOP": 0, "AREA": 5.26587549751, "ET_Source": "P:\\336468\\Water\\Gis\\Data\\Shape\\Afvoerend oppervlak\\AO_BDGR_RW_2015.shp", "Shape_Length": 9.517579785479118, "Shape_Area": 5.265875500329852}}, {"type": "Feature", "id": 524, "geometry": {"type": "Polygon", "coordinates": [[[112105.92300000042, 454354.91099999845], [112107.83399999887, 454354.29100000113], [112108.37700000033, 454355.9670000002], [112106.46599999815, 454356.5859999992], [112105.92300000042, 454354.91099999845]]]}, "properties": {"OBJECTID": 524, "ET_ID": 17221, "NWRW_TYP": "DV", "STELSEL1": "H", "AFGEKOP": 0, "AREA": 3.5382690011, "ET_Source": "P:\\336468\\Water\\Gis\\Data\\Shape\\Afvoerend oppervlak\\AO_BDGR_RW_2015.shp", "Shape_Length": 7.54039494908276, "Shape_Area": 3.538268999080494}}, {"type": "Feature", "id": 525, "geometry": {"type": "Polygon", "coordinates": [[[112085.63800000027, 454362.23099999875], [112087.57200000063, 454361.6099999994], [112088.10700000077, 454363.27600000054], [112086.17199999839, 454363.8969999999], [112085.63800000027, 454362.23099999875]]]}, "properties": {"OBJECTID": 525, "ET_ID": 17222, "NWRW_TYP": "DV", "STELSEL1": "H", "AFGEKOP": 0, "AREA": 3.55480149443, "ET_Source": "P:\\336468\\Water\\Gis\\Data\\Shape\\Afvoerend oppervlak\\AO_BDGR_RW_2015.shp", "Shape_Length": 7.562745836720889, "Shape_Area": 3.5548015035875737}}, {"type": "Feature", "id": 526, "geometry": {"type": "Polygon", "coordinates": [[[112030.02400000021, 454331.1939999983], [112029.28299999982, 454328.29300000146], [112031.22100000083, 454327.7980000004], [112031.96200000122, 454330.69900000095], [112030.02400000021, 454331.1939999983]]]}, "properties": {"OBJECTID": 526, "ET_ID": 17223, "NWRW_TYP": "DV", "STELSEL1": "H", "AFGEKOP": 0, "AREA": 5.98893300494, "ET_Source": "P:\\336468\\Water\\Gis\\Data\\Shape\\Afvoerend oppervlak\\AO_BDGR_RW_2015.shp", "Shape_Length": 9.988717034047186, "Shape_Area": 5.988932999953821}}, {"type": "Feature", "id": 527, "geometry": {"type": "Polygon", "coordinates": [[[112080.00200000033, 454300.8669999987], [112079.5700000003, 454299.1710000001], [112082.49199999869, 454298.4270000011], [112082.92399999872, 454300.1220000014], [112080.00200000033, 454300.8669999987]]]}, "properties": {"OBJECTID": 527, "ET_ID": 17243, "NWRW_TYP": "DV", "STELSEL1": "H", "AFGEKOP": 0, "AREA": 5.27587500745, "ET_Source": "P:\\336468\\Water\\Gis\\Data\\Shape\\Afvoerend oppervlak\\AO_BDGR_RW_2015.shp", "Shape_Length": 9.53004908450968, "Shape_Area": 5.275874994890764}}, {"type": "Feature", "id": 528, "geometry": {"type": "Polygon", "coordinates": [[[112105.92300000042, 454354.91099999845], [112106.46599999815, 454356.5859999992], [112104.55600000173, 454357.2049999982], [112104.01300000027, 454355.5300000012], [112105.92300000042, 454354.91099999845]]]}, "properties": {"OBJECTID": 528, "ET_ID": 17244, "NWRW_TYP": "DV", "STELSEL1": "H", "AFGEKOP": 0, "AREA": 3.53536700204, "ET_Source": "P:\\336468\\Water\\Gis\\Data\\Shape\\Afvoerend oppervlak\\AO_BDGR_RW_2015.shp", "Shape_Length": 7.5372326505477005, "Shape_Area": 3.535366995223418}}, {"type": "Feature", "id": 529, "geometry": {"type": "Polygon", "coordinates": [[[112030.02400000021, 454331.1939999983], [112031.96200000122, 454330.69900000095], [112032.70199999958, 454333.6000000015], [112030.76399999857, 454334.0940000005], [112030.02400000021, 454331.1939999983]]]}, "properties": {"OBJECTID": 529, "ET_ID": 17245, "NWRW_TYP": "DV", "STELSEL1": "H", "AFGEKOP": 0, "AREA": 5.98709900307, "ET_Source": "P:\\336468\\Water\\Gis\\Data\\Shape\\Afvoerend oppervlak\\AO_BDGR_RW_2015.shp", "Shape_Length": 9.987006184313964, "Shape_Area": 5.987099003457859}}, {"type": "Feature", "id": 530, "geometry": {"type": "Polygon", "coordinates": [[[112087.9690000005, 454319.91099999845], [112085.04800000042, 454320.6559999995], [112084.61499999836, 454318.9600000009], [112087.53700000048, 454318.21499999985], [112087.9690000005, 454319.91099999845]]]}, "properties": {"OBJECTID": 530, "ET_ID": 17246, "NWRW_TYP": "DV", "STELSEL1": "H", "AFGEKOP": 0, "AREA": 5.27707650534, "ET_Source": "P:\\336468\\Water\\Gis\\Data\\Shape\\Afvoerend oppervlak\\AO_BDGR_RW_2015.shp", "Shape_Length": 9.530543146228442, "Shape_Area": 5.277076499006212}}, {"type": "Feature", "id": 531, "geometry": {"type": "Polygon", "coordinates": [[[112044.21499999985, 454386.78400000185], [112047.17599999905, 454386.0329999998], [112047.60599999875, 454387.73000000045], [112044.64699999988, 454388.4789999984], [112044.21499999985, 454386.78400000185]]]}, "properties": {"OBJECTID": 531, "ET_ID": 17247, "NWRW_TYP": "DV", "STELSEL1": "H", "AFGEKOP": 0, "AREA": 5.34341000674, "ET_Source": "P:\\336468\\Water\\Gis\\Data\\Shape\\Afvoerend oppervlak\\AO_BDGR_RW_2015.shp", "Shape_Length": 9.606894295850893, "Shape_Area": 5.343409994110614}}, {"type": "Feature", "id": 532, "geometry": {"type": "Polygon", "coordinates": [[[112035.0700000003, 454350.9620000012], [112037.00800000131, 454350.4679999985], [112037.75, 454353.375], [112035.81199999899, 454353.868999999], [112035.0700000003, 454350.9620000012]]]}, "properties": {"OBJECTID": 532, "ET_ID": 17248, "NWRW_TYP": "DV", "STELSEL1": "H", "AFGEKOP": 0, "AREA": 6.00031399779, "ET_Source": "P:\\336468\\Water\\Gis\\Data\\Shape\\Afvoerend oppervlak\\AO_BDGR_RW_2015.shp", "Shape_Length": 10.000344320345762, "Shape_Area": 6.000314002285958}}, {"type": "Feature", "id": 533, "geometry": {"type": "Polygon", "coordinates": [[[112094.9140000008, 454355.8420000002], [112096.81799999997, 454355.23099999875], [112097.35300000012, 454356.8969999999], [112095.44799999893, 454357.5080000013], [112094.9140000008, 454355.8420000002]]]}, "properties": {"OBJECTID": 533, "ET_ID": 17249, "NWRW_TYP": "DV", "STELSEL1": "H", "AFGEKOP": 0, "AREA": 3.49947649618, "ET_Source": "P:\\336468\\Water\\Gis\\Data\\Shape\\Afvoerend oppervlak\\AO_BDGR_RW_2015.shp", "Shape_Length": 7.499504261064843, "Shape_Area": 3.499476502691269}}, {"type": "Feature", "id": 534, "geometry": {"type": "Polygon", "coordinates": [[[112034.49199999869, 454340.61199999973], [112032.5549999997, 454341.1070000008], [112031.81199999899, 454338.19999999925], [112033.75, 454337.70600000024], [112034.49199999869, 454340.61199999973]]]}, "properties": {"OBJECTID": 534, "ET_ID": 17250, "NWRW_TYP": "DV", "STELSEL1": "H", "AFGEKOP": 0, "AREA": 5.99850999863, "ET_Source": "P:\\336468\\Water\\Gis\\Data\\Shape\\Afvoerend oppervlak\\AO_BDGR_RW_2015.shp", "Shape_Length": 9.99890122770077, "Shape_Area": 5.99851000085637}}, {"type": "Feature", "id": 535, "geometry": {"type": "Polygon", "coordinates": [[[112039.5399999991, 454360.38699999824], [112037.60300000012, 454360.8819999993], [112036.86100000143, 454357.9750000015], [112038.79800000042, 454357.48099999875], [112039.5399999991, 454360.38699999824]]]}, "properties": {"OBJECTID": 535, "ET_ID": 17251, "NWRW_TYP": "DV", "STELSEL1": "H", "AFGEKOP": 0, "AREA": 5.99680950374, "ET_Source": "P:\\336468\\Water\\Gis\\Data\\Shape\\Afvoerend oppervlak\\AO_BDGR_RW_2015.shp", "Shape_Length": 9.997684750155194, "Shape_Area": 5.9968094951840785}}, {"type": "Feature", "id": 536, "geometry": {"type": "Polygon", "coordinates": [[[112042.13300000131, 454370.54199999943], [112040.19399999827, 454371.03599999845], [112039.76199999824, 454369.3420000002], [112041.69999999925, 454368.84699999914], [112042.13300000131, 454370.54199999943]]]}, "properties": {"OBJECTID": 536, "ET_ID": 17252, "NWRW_TYP": "DV", "STELSEL1": "H", "AFGEKOP": 0, "AREA": 3.4986595013, "ET_Source": "P:\\336468\\Water\\Gis\\Data\\Shape\\Afvoerend oppervlak\\AO_BDGR_RW_2015.shp", "Shape_Length": 7.498804984001717, "Shape_Area": 3.498659502576172}}, {"type": "Feature", "id": 537, "geometry": {"type": "Polygon", "coordinates": [[[112095.9059999995, 454358.93499999866], [112097.83700000122, 454358.31500000134], [112098.37099999934, 454359.98099999875], [112096.44099999964, 454360.6009999998], [112095.9059999995, 454358.93499999866]]]}, "properties": {"OBJECTID": 537, "ET_ID": 17253, "NWRW_TYP": "DV", "STELSEL1": "H", "AFGEKOP": 0, "AREA": 3.54760299881, "ET_Source": "P:\\336468\\Water\\Gis\\Data\\Shape\\Afvoerend oppervlak\\AO_BDGR_RW_2015.shp", "Shape_Length": 7.5545174168230655, "Shape_Area": 3.5476029988081454}}, {"type": "Feature", "id": 538, "geometry": {"type": "Polygon", "coordinates": [[[112094.9140000008, 454355.8420000002], [112095.44799999893, 454357.5080000013], [112093.54399999976, 454358.118999999], [112093.00899999961, 454356.4530000016], [112094.9140000008, 454355.8420000002]]]}, "properties": {"OBJECTID": 538, "ET_ID": 17254, "NWRW_TYP": "DV", "STELSEL1": "H", "AFGEKOP": 0, "AREA": 3.49947650693, "ET_Source": "P:\\336468\\Water\\Gis\\Data\\Shape\\Afvoerend oppervlak\\AO_BDGR_RW_2015.shp", "Shape_Length": 7.499504256379665, "Shape_Area": 3.4994764981482773}}, {"type": "Feature", "id": 539, "geometry": {"type": "Polygon", "coordinates": [[[112040.19399999827, 454371.03599999845], [112042.13300000131, 454370.54199999943], [112042.56500000134, 454372.23600000143], [112040.62700000033, 454372.73099999875], [112040.19399999827, 454371.03599999845]]]}, "properties": {"OBJECTID": 539, "ET_ID": 17255, "NWRW_TYP": "DV", "STELSEL1": "H", "AFGEKOP": 0, "AREA": 3.4986594985, "ET_Source": "P:\\336468\\Water\\Gis\\Data\\Shape\\Afvoerend oppervlak\\AO_BDGR_RW_2015.shp", "Shape_Length": 7.498804986689569, "Shape_Area": 3.498659505381316}}, {"type": "Feature", "id": 540, "geometry": {"type": "Polygon", "coordinates": [[[112042.87700000033, 454381.54399999976], [112044.81500000134, 454381.0489999987], [112045.24599999934, 454382.73999999836], [112043.30799999833, 454383.2340000011], [112042.87700000033, 454381.54399999976]]]}, "properties": {"OBJECTID": 540, "ET_ID": 17259, "NWRW_TYP": "DV", "STELSEL1": "H", "AFGEKOP": 0, "AREA": 3.48931850273, "ET_Source": "P:\\336468\\Water\\Gis\\Data\\Shape\\Afvoerend oppervlak\\AO_BDGR_RW_2015.shp", "Shape_Length": 7.489342591501545, "Shape_Area": 3.4893185024941857}}, {"type": "Feature", "id": 541, "geometry": {"type": "Polygon", "coordinates": [[[112116.01000000164, 454360.7969999984], [112117.67500000075, 454360.2589999996], [112118.59800000116, 454363.11300000176], [112116.93299999833, 454363.65199999884], [112116.01000000164, 454360.7969999984]]]}, "properties": {"OBJECTID": 541, "ET_ID": 17260, "NWRW_TYP": "DV", "STELSEL1": "H", "AFGEKOP": 0, "AREA": 5.24977800136, "ET_Source": "P:\\336468\\Water\\Gis\\Data\\Shape\\Afvoerend oppervlak\\AO_BDGR_RW_2015.shp", "Shape_Length": 9.499865932898533, "Shape_Area": 5.249778002233177}}, {"type": "Feature", "id": 542, "geometry": {"type": "Polygon", "coordinates": [[[112044.81500000134, 454381.0489999987], [112042.87700000033, 454381.54399999976], [112042.4450000003, 454379.8530000001], [112044.38300000131, 454379.3579999991], [112044.81500000134, 454381.0489999987]]]}, "properties": {"OBJECTID": 542, "ET_ID": 17261, "NWRW_TYP": "DV", "STELSEL1": "H", "AFGEKOP": 0, "AREA": 3.49099799988, "ET_Source": "P:\\336468\\Water\\Gis\\Data\\Shape\\Afvoerend oppervlak\\AO_BDGR_RW_2015.shp", "Shape_Length": 7.491053334511468, "Shape_Area": 3.4909980014857354}}, {"type": "Feature", "id": 543, "geometry": {"type": "Polygon", "coordinates": [[[112105.37999999896, 454353.2349999994], [112107.29100000113, 454352.6160000004], [112107.83399999887, 454354.29100000113], [112105.92300000042, 454354.91099999845], [112105.37999999896, 454353.2349999994]]]}, "properties": {"OBJECTID": 543, "ET_ID": 17262, "NWRW_TYP": "DV", "STELSEL1": "H", "AFGEKOP": 0, "AREA": 3.5382690011, "ET_Source": "P:\\336468\\Water\\Gis\\Data\\Shape\\Afvoerend oppervlak\\AO_BDGR_RW_2015.shp", "Shape_Length": 7.54039494908276, "Shape_Area": 3.5382689990804943}}, {"type": "Feature", "id": 544, "geometry": {"type": "Polygon", "coordinates": [[[112024.75699999928, 454310.55999999866], [112024.32299999893, 454308.8599999994], [112027.27800000086, 454308.10599999875], [112027.71200000122, 454309.8049999997], [112024.75699999928, 454310.55999999866]]]}, "properties": {"OBJECTID": 544, "ET_ID": 17263, "NWRW_TYP": "DV", "STELSEL1": "H", "AFGEKOP": 0, "AREA": 5.34947549276, "ET_Source": "P:\\336468\\Water\\Gis\\Data\\Shape\\Afvoerend oppervlak\\AO_BDGR_RW_2015.shp", "Shape_Length": 9.607685036108267, "Shape_Area": 5.349475503786176}}, {"type": "Feature", "id": 545, "geometry": {"type": "Polygon", "coordinates": [[[112111.40500000119, 454340.8599999994], [112109.73900000006, 454341.3979999982], [112108.81399999931, 454338.53599999845], [112110.47899999842, 454337.9979999997], [112111.40500000119, 454340.8599999994]]]}, "properties": {"OBJECTID": 545, "ET_ID": 17266, "NWRW_TYP": "DV", "STELSEL1": "H", "AFGEKOP": 0, "AREA": 5.26458000253, "ET_Source": "P:\\336468\\Water\\Gis\\Data\\Shape\\Afvoerend oppervlak\\AO_BDGR_RW_2015.shp", "Shape_Length": 9.516320601698883, "Shape_Area": 5.264579999709577}}, {"type": "Feature", "id": 546, "geometry": {"type": "Polygon", "coordinates": [[[112085.04800000042, 454320.6559999995], [112087.9690000005, 454319.91099999845], [112088.40199999884, 454321.6070000008], [112085.48000000045, 454322.3509999998], [112085.04800000042, 454320.6559999995]]]}, "properties": {"OBJECTID": 546, "ET_ID": 17267, "NWRW_TYP": "DV", "STELSEL1": "H", "AFGEKOP": 0, "AREA": 5.27539949561, "ET_Source": "P:\\336468\\Water\\Gis\\Data\\Shape\\Afvoerend oppervlak\\AO_BDGR_RW_2015.shp", "Shape_Length": 9.529327203489983, "Shape_Area": 5.2753995019451825}}, {"type": "Feature", "id": 547, "geometry": {"type": "Polygon", "coordinates": [[[112035.0700000003, 454350.9620000012], [112034.32800000161, 454348.0560000017], [112036.2659999989, 454347.5610000007], [112037.00800000131, 454350.4679999985], [112035.0700000003, 454350.9620000012]]]}, "properties": {"OBJECTID": 547, "ET_ID": 17268, "NWRW_TYP": "DV", "STELSEL1": "H", "AFGEKOP": 0, "AREA": 5.9997160033, "ET_Source": "P:\\336468\\Water\\Gis\\Data\\Shape\\Afvoerend oppervlak\\AO_BDGR_RW_2015.shp", "Shape_Length": 9.999622630111904, "Shape_Area": 5.999715996580213}}, {"type": "Feature", "id": 548, "geometry": {"type": "Polygon", "coordinates": [[[112084.64499999955, 454359.13800000027], [112085.1799999997, 454360.8049999997], [112083.27100000158, 454361.41699999943], [112082.73600000143, 454359.7509999983], [112084.64499999955, 454359.13800000027]]]}, "properties": {"OBJECTID": 548, "ET_ID": 17269, "NWRW_TYP": "DV", "STELSEL1": "H", "AFGEKOP": 0, "AREA": 3.50903600086, "ET_Source": "P:\\336468\\Water\\Gis\\Data\\Shape\\Afvoerend oppervlak\\AO_BDGR_RW_2015.shp", "Shape_Length": 7.510248213780333, "Shape_Area": 3.509035996904909}}, {"type": "Feature", "id": 549, "geometry": {"type": "Polygon", "coordinates": [[[112082.52699999884, 454310.7719999999], [112082.09499999881, 454309.0769999996], [112085.01700000092, 454308.33100000024], [112085.44999999925, 454310.02800000086], [112082.52699999884, 454310.7719999999]]]}, "properties": {"OBJECTID": 549, "ET_ID": 17271, "NWRW_TYP": "DV", "STELSEL1": "H", "AFGEKOP": 0, "AREA": 5.27877249612, "ET_Source": "P:\\336468\\Water\\Gis\\Data\\Shape\\Afvoerend oppervlak\\AO_BDGR_RW_2015.shp", "Shape_Length": 9.532481438148336, "Shape_Area": 5.278772502533123}}, {"type": "Feature", "id": 550, "geometry": {"type": "Polygon", "coordinates": [[[112085.63800000027, 454362.23099999875], [112086.17199999839, 454363.8969999999], [112084.2890000008, 454364.5020000003], [112083.75400000066, 454362.8359999992], [112085.63800000027, 454362.23099999875]]]}, "properties": {"OBJECTID": 550, "ET_ID": 17272, "NWRW_TYP": "DV", "STELSEL1": "H", "AFGEKOP": 0, "AREA": 3.46128349673, "ET_Source": "P:\\336468\\Water\\Gis\\Data\\Shape\\Afvoerend oppervlak\\AO_BDGR_RW_2015.shp", "Shape_Length": 7.455846414641246, "Shape_Area": 3.4612834995155186}}, {"type": "Feature", "id": 551, "geometry": {"type": "Polygon", "coordinates": [[[112112.88800000027, 454351.13899999857], [112114.55299999937, 454350.6009999998], [112115.47500000149, 454353.4530000016], [112113.80999999866, 454353.9910000004], [112112.88800000027, 454351.13899999857]]]}, "properties": {"OBJECTID": 551, "ET_ID": 17273, "NWRW_TYP": "DV", "STELSEL1": "H", "AFGEKOP": 0, "AREA": 5.24461600342, "ET_Source": "P:\\336468\\Water\\Gis\\Data\\Shape\\Afvoerend oppervlak\\AO_BDGR_RW_2015.shp", "Shape_Length": 9.494185405972686, "Shape_Area": 5.2446160047989485}}, {"type": "Feature", "id": 552, "geometry": {"type": "Polygon", "coordinates": [[[112027.43299999833, 454321.04300000146], [112029.37000000104, 454320.5480000004], [112029.80000000075, 454322.23000000045], [112027.86199999973, 454322.72399999946], [112027.43299999833, 454321.04300000146]]]}, "properties": {"OBJECTID": 552, "ET_ID": 17274, "NWRW_TYP": "DV", "STELSEL1": "H", "AFGEKOP": 0, "AREA": 3.47029400187, "ET_Source": "P:\\336468\\Water\\Gis\\Data\\Shape\\Afvoerend oppervlak\\AO_BDGR_RW_2015.shp", "Shape_Length": 7.470190921701063, "Shape_Area": 3.470294001511991}}, {"type": "Feature", "id": 553, "geometry": {"type": "Polygon", "coordinates": [[[112029.37000000104, 454320.5480000004], [112027.43299999833, 454321.04300000146], [112027.00299999863, 454319.36100000143], [112028.94099999964, 454318.8669999987], [112029.37000000104, 454320.5480000004]]]}, "properties": {"OBJECTID": 553, "ET_ID": 17275, "NWRW_TYP": "DV", "STELSEL1": "H", "AFGEKOP": 0, "AREA": 3.47029399525, "ET_Source": "P:\\336468\\Water\\Gis\\Data\\Shape\\Afvoerend oppervlak\\AO_BDGR_RW_2015.shp", "Shape_Length": 7.470190926230822, "Shape_Area": 3.470294005920872}}, {"type": "Feature", "id": 554, "geometry": {"type": "Polygon", "coordinates": [[[112078.83199999854, 454364.41600000113], [112080.49799999967, 454363.881000001], [112081.4149999991, 454366.73800000176], [112079.7490000017, 454367.2719999999], [112078.83199999854, 454364.41600000113]]]}, "properties": {"OBJECTID": 554, "ET_ID": 17280, "NWRW_TYP": "DV", "STELSEL1": "H", "AFGEKOP": 0, "AREA": 5.24906549742, "ET_Source": "P:\\336468\\Water\\Gis\\Data\\Shape\\Afvoerend oppervlak\\AO_BDGR_RW_2015.shp", "Shape_Length": 9.49944404836885, "Shape_Area": 5.249065497417495}}, {"type": "Feature", "id": 555, "geometry": {"type": "Polygon", "coordinates": [[[112080.00200000033, 454300.8669999987], [112082.92399999872, 454300.1220000014], [112083.35599999875, 454301.81700000167], [112080.43400000036, 454302.561999999], [112080.00200000033, 454300.8669999987]]]}, "properties": {"OBJECTID": 555, "ET_ID": 17282, "NWRW_TYP": "DV", "STELSEL1": "H", "AFGEKOP": 0, "AREA": 5.27463000493, "ET_Source": "P:\\336468\\Water\\Gis\\Data\\Shape\\Afvoerend oppervlak\\AO_BDGR_RW_2015.shp", "Shape_Length": 9.529326948679035, "Shape_Area": 5.274629997006506}}, {"type": "Feature", "id": 556, "geometry": {"type": "Polygon", "coordinates": [[[112112.88800000027, 454351.13899999857], [112111.96599999815, 454348.2870000005], [112113.63100000098, 454347.7490000017], [112114.55299999937, 454350.6009999998], [112112.88800000027, 454351.13899999857]]]}, "properties": {"OBJECTID": 556, "ET_ID": 17283, "NWRW_TYP": "DV", "STELSEL1": "H", "AFGEKOP": 0, "AREA": 5.24461600342, "ET_Source": "P:\\336468\\Water\\Gis\\Data\\Shape\\Afvoerend oppervlak\\AO_BDGR_RW_2015.shp", "Shape_Length": 9.494185398883356, "Shape_Area": 5.24461599859634}}, {"type": "Feature", "id": 557, "geometry": {"type": "Polygon", "coordinates": [[[112037.60300000012, 454360.8819999993], [112039.5399999991, 454360.38699999824], [112040.28200000152, 454363.29399999976], [112038.34499999881, 454363.7890000008], [112037.60300000012, 454360.8819999993]]]}, "properties": {"OBJECTID": 557, "ET_ID": 17284, "NWRW_TYP": "DV", "STELSEL1": "H", "AFGEKOP": 0, "AREA": 5.99814899924, "ET_Source": "P:\\336468\\Water\\Gis\\Data\\Shape\\Afvoerend oppervlak\\AO_BDGR_RW_2015.shp", "Shape_Length": 9.998901042608662, "Shape_Area": 5.99814900646007}}, {"type": "Feature", "id": 558, "geometry": {"type": "Polygon", "coordinates": [[[112063.51399999857, 454388.2170000002], [112064.19700000063, 454388.03599999845], [112063.36100000143, 454384.756000001], [112064.2899999991, 454384.5210000016], [112064.16800000146, 454384.04100000113], [112068.82299999893, 454382.86199999973], [112069.91699999943, 454387.15399999917], [112063.6649999991, 454388.80799999833], [112063.51399999857, 454388.2170000002]]]}, "properties": {"OBJECTID": 558, "ET_ID": 17298, "NWRW_TYP": "DV", "STELSEL1": "H", "AFGEKOP": 0, "AREA": 25.64688702, "ET_Source": "P:\\336468\\Water\\Gis\\Data\\Shape\\Afvoerend oppervlak\\AO_BDGR_RW_2015.shp", "Shape_Length": 21.853253294007335, "Shape_Area": 25.6468869820946}}, {"type": "Feature", "id": 559, "geometry": {"type": "Polygon", "coordinates": [[[112102.36199999973, 453910.1939999983], [112098.03400000185, 453912.2890000008], [112094.90300000086, 453906.0560000017], [112117.23699999973, 453895.41800000146], [112120.35500000045, 453901.44900000095], [112129.10399999842, 453919.44299999997], [112111.12000000104, 453928.18400000036], [112109.73600000143, 453925.34099999815], [112102.36199999973, 453910.1939999983]]]}, "properties": {"OBJECTID": 559, "ET_ID": 17300, "NWRW_TYP": "DV", "STELSEL1": "H", "AFGEKOP": 0, "AREA": 570.72327350091, "ET_Source": "P:\\336468\\Water\\Gis\\Data\\Shape\\Afvoerend oppervlak\\AO_BDGR_RW_2015.shp", "Shape_Length": 103.32355568787354, "Shape_Area": 570.7232734130017}}, {"type": "Feature", "id": 560, "geometry": {"type": "Polygon", "coordinates": [[[112129.10399999842, 453919.44299999997], [112111.12000000104, 453928.18400000036], [112109.73600000143, 453925.34099999815], [112102.36199999973, 453910.1939999983], [112120.35500000045, 453901.44900000095], [112129.10399999842, 453919.44299999997]]]}, "properties": {"OBJECTID": 560, "ET_ID": 17301, "NWRW_TYP": "DV", "STELSEL1": "H", "AFGEKOP": 0, "AREA": 400.18052551236, "ET_Source": "P:\\336468\\Water\\Gis\\Data\\Shape\\Afvoerend oppervlak\\AO_BDGR_RW_2015.shp", "Shape_Length": 80.01809804095237, "Shape_Area": 400.18052546602627}}, {"type": "Feature", "id": 561, "geometry": {"type": "Polygon", "coordinates": [[[111976.7349999994, 453890.4230000004], [111976.74700000137, 453890.18400000036], [111977.23999999836, 453880.40300000086], [111966.2490000017, 453879.8500000015], [111966.27600000054, 453879.6160000004], [111967.17399999872, 453879.6479999982], [111967.34899999946, 453876.48999999836], [111969.97399999946, 453872.24500000104], [112000, 453857.6420000009], [112018.87099999934, 453848.46400000155], [112049.86600000039, 453912.09699999914], [111997.88399999961, 453937.41099999845], [111997.86100000143, 453937.36400000006], [111988.90399999917, 453941.7280000001], [111971.9299999997, 453907.08199999854], [111971.6790000014, 453906.2170000002], [111971.59899999946, 453905.23000000045], [111971.60200000182, 453901.7829999998], [111984.56199999899, 453901.6160000004], [111986.88500000164, 453900.48600000143], [111982.38199999928, 453891.256000001], [111976.70800000057, 453890.9670000002], [111976.7349999994, 453890.4230000004]]]}, "properties": {"OBJECTID": 561, "ET_ID": 17302, "NWRW_TYP": "DV", "STELSEL1": "H", "AFGEKOP": 0, "AREA": 4393.60786650225, "ET_Source": "P:\\336468\\Water\\Gis\\Data\\Shape\\Afvoerend oppervlak\\AO_BDGR_RW_2015.shp", "Shape_Length": 299.2718520606165, "Shape_Area": 4393.6078664002225}}, {"type": "Feature", "id": 562, "geometry": {"type": "Polygon", "coordinates": [[[111988.90399999917, 453941.7280000001], [111971.9299999997, 453907.08199999854], [111971.6790000014, 453906.2170000002], [111971.59899999946, 453905.23000000045], [111971.60200000182, 453901.7829999998], [111984.56199999899, 453901.6160000004], [111986.88500000164, 453900.48600000143], [111982.38199999928, 453891.256000001], [111976.70300000161, 453890.9670000002], [111976.70600000024, 453890.8990000002], [111957.10000000149, 453889.98099999875], [111957.60399999842, 453879.47100000083], [111966.24700000137, 453879.86300000176], [111966.27600000054, 453879.6160000004], [111967.17399999872, 453879.6479999982], [111967.34899999946, 453876.48999999836], [111967.35000000149, 453876.4539999999], [111967.36100000143, 453876.25499999896], [111967.38100000098, 453876.0560000017], [111967.40799999982, 453875.8590000011], [111967.44299999997, 453875.6620000005], [111967.48600000143, 453875.4670000002], [111967.53700000048, 453875.2740000002], [111967.59499999881, 453875.08300000057], [111967.66099999845, 453874.89400000125], [111967.7349999994, 453874.70899999887], [111967.81599999964, 453874.52600000054], [111967.90399999917, 453874.34699999914], [111967.9990000017, 453874.1719999984], [111968.10099999979, 453874], [111968.2100000009, 453873.83300000057], [111968.32600000128, 453873.6700000018], [111968.44799999893, 453873.51199999824], [111968.57600000128, 453873.3590000011], [111968.7100000009, 453873.2109999992], [111968.85099999979, 453873.0689999983], [111968.99599999934, 453872.93200000003], [111969.14699999988, 453872.8020000011], [111969.30299999937, 453872.6770000011], [111969.46400000155, 453872.55900000036], [111969.62999999896, 453872.4479999989], [111969.80000000075, 453872.3429999985], [111969.97399999946, 453872.24500000104], [112018.87099999934, 453848.46400000155], [112049.86600000039, 453912.09699999914], [112000, 453936.381000001], [111997.88399999961, 453937.41099999845], [111997.86100000143, 453937.36400000006], [111988.90399999917, 453941.7280000001]]]}, "properties": {"OBJECTID": 562, "ET_ID": 17303, "NWRW_TYP": "DV", "STELSEL1": "H", "AFGEKOP": 0, "AREA": 4602.71689393744, "ET_Source": "P:\\336468\\Water\\Gis\\Data\\Shape\\Afvoerend oppervlak\\AO_BDGR_RW_2015.shp", "Shape_Length": 316.8132470999457, "Shape_Area": 4602.716893927159}}, {"type": "Feature", "id": 563, "geometry": {"type": "Polygon", "coordinates": [[[112126.16000000015, 454511.90399999917], [112123.16800000146, 454512.4930000007], [112122.83300000057, 454510.7899999991], [112125.82400000095, 454510.2010000013], [112126.16000000015, 454511.90399999917]]]}, "properties": {"OBJECTID": 563, "ET_ID": 17561, "NWRW_TYP": "DV", "STELSEL1": "H", "AFGEKOP": 0, "AREA": 5.29213399838, "ET_Source": "P:\\336468\\Water\\Gis\\Data\\Shape\\Afvoerend oppervlak\\AO_BDGR_RW_2015.shp", "Shape_Length": 9.569332523151923, "Shape_Area": 5.292133998376861}}, {"type": "Feature", "id": 564, "geometry": {"type": "Polygon", "coordinates": [[[112071.58199999854, 454542.4530000016], [112069.92700000107, 454542.80099999905], [112069.50699999928, 454540.8029999994], [112071.16200000048, 454540.4549999982], [112071.58199999854, 454542.4530000016]]]}, "properties": {"OBJECTID": 564, "ET_ID": 17562, "NWRW_TYP": "DV", "STELSEL1": "H", "AFGEKOP": 0, "AREA": 3.45284999858, "ET_Source": "P:\\336468\\Water\\Gis\\Data\\Shape\\Afvoerend oppervlak\\AO_BDGR_RW_2015.shp", "Shape_Length": 7.465717116841957, "Shape_Area": 3.4528500008802863}}, {"type": "Feature", "id": 565, "geometry": {"type": "Polygon", "coordinates": [[[112133.50400000066, 454522.16600000113], [112133.16600000113, 454520.48999999836], [112135.27800000086, 454520.02899999917], [112135.64200000092, 454521.69999999925], [112133.50400000066, 454522.16600000113]]]}, "properties": {"OBJECTID": 565, "ET_ID": 17563, "NWRW_TYP": "DV", "STELSEL1": "H", "AFGEKOP": 0, "AREA": 3.71887599852, "ET_Source": "P:\\336468\\Water\\Gis\\Data\\Shape\\Afvoerend oppervlak\\AO_BDGR_RW_2015.shp", "Shape_Length": 7.769851843106974, "Shape_Area": 3.7188760031314345}}, {"type": "Feature", "id": 566, "geometry": {"type": "Polygon", "coordinates": [[[112133.72599999979, 454515.1160000004], [112135.43899999931, 454514.7719999999], [112136.02299999818, 454517.6770000011], [112134.31100000069, 454518.0219999999], [112133.72599999979, 454515.1160000004]]]}, "properties": {"OBJECTID": 566, "ET_ID": 17564, "NWRW_TYP": "DV", "STELSEL1": "H", "AFGEKOP": 0, "AREA": 5.17702900684, "ET_Source": "P:\\336468\\Water\\Gis\\Data\\Shape\\Afvoerend oppervlak\\AO_BDGR_RW_2015.shp", "Shape_Length": 9.421033099850066, "Shape_Area": 5.177028996015996}}, {"type": "Feature", "id": 567, "geometry": {"type": "Polygon", "coordinates": [[[112065.68200000003, 454521.6490000002], [112068.57600000128, 454521.063000001], [112068.92799999937, 454522.8029999994], [112066.03400000185, 454523.38899999857], [112065.68200000003, 454521.6490000002]]]}, "properties": {"OBJECTID": 567, "ET_ID": 17565, "NWRW_TYP": "DV", "STELSEL1": "H", "AFGEKOP": 0, "AREA": 5.241832009, "ET_Source": "P:\\336468\\Water\\Gis\\Data\\Shape\\Afvoerend oppervlak\\AO_BDGR_RW_2015.shp", "Shape_Length": 9.455961114651537, "Shape_Area": 5.241831993883878}}, {"type": "Feature", "id": 568, "geometry": {"type": "Polygon", "coordinates": [[[112141.90700000152, 454428.0159999989], [112141.16899999976, 454425.09699999914], [112142.84600000083, 454424.6730000004], [112143.5850000009, 454427.59099999815], [112141.90700000152, 454428.0159999989]]]}, "properties": {"OBJECTID": 568, "ET_ID": 17566, "NWRW_TYP": "DV", "STELSEL1": "H", "AFGEKOP": 0, "AREA": 5.20927700324, "ET_Source": "P:\\336468\\Water\\Gis\\Data\\Shape\\Afvoerend oppervlak\\AO_BDGR_RW_2015.shp", "Shape_Length": 9.481726832822643, "Shape_Area": 5.20927699874039}}, {"type": "Feature", "id": 569, "geometry": {"type": "Polygon", "coordinates": [[[112124.51399999857, 454507.2430000007], [112124.86199999973, 454508.93400000036], [112121.88100000098, 454509.5460000001], [112121.53400000185, 454507.85500000045], [112124.51399999857, 454507.2430000007]]]}, "properties": {"OBJECTID": 569, "ET_ID": 17567, "NWRW_TYP": "DV", "STELSEL1": "H", "AFGEKOP": 0, "AREA": 5.25269549711, "ET_Source": "P:\\336468\\Water\\Gis\\Data\\Shape\\Afvoerend oppervlak\\AO_BDGR_RW_2015.shp", "Shape_Length": 9.538040319787465, "Shape_Area": 5.252695495102003}}, {"type": "Feature", "id": 570, "geometry": {"type": "Polygon", "coordinates": [[[112133.72599999979, 454515.1160000004], [112133.14200000092, 454512.2109999992], [112134.85399999842, 454511.8660000004], [112135.43899999931, 454514.7719999999], [112133.72599999979, 454515.1160000004]]]}, "properties": {"OBJECTID": 570, "ET_ID": 17570, "NWRW_TYP": "DV", "STELSEL1": "H", "AFGEKOP": 0, "AREA": 5.17702900474, "ET_Source": "P:\\336468\\Water\\Gis\\Data\\Shape\\Afvoerend oppervlak\\AO_BDGR_RW_2015.shp", "Shape_Length": 9.421033099850066, "Shape_Area": 5.177028996015996}}, {"type": "Feature", "id": 571, "geometry": {"type": "Polygon", "coordinates": [[[112145.7890000008, 454437.46400000155], [112145.02100000158, 454434.5540000014], [112146.69399999827, 454434.11199999973], [112147.46200000122, 454437.0229999982], [112145.7890000008, 454437.46400000155]]]}, "properties": {"OBJECTID": 571, "ET_ID": 17573, "NWRW_TYP": "DV", "STELSEL1": "H", "AFGEKOP": 0, "AREA": 5.20833850332, "ET_Source": "P:\\336468\\Water\\Gis\\Data\\Shape\\Afvoerend oppervlak\\AO_BDGR_RW_2015.shp", "Shape_Length": 9.480793881917746, "Shape_Area": 5.208338497035742}}, {"type": "Feature", "id": 572, "geometry": {"type": "Polygon", "coordinates": [[[112116.30600000173, 454512.15399999917], [112116.65199999884, 454513.86499999836], [112114.21299999952, 454514.3590000011], [112113.86699999869, 454512.6479999982], [112116.30600000173, 454512.15399999917]]]}, "properties": {"OBJECTID": 572, "ET_ID": 17577, "NWRW_TYP": "DV", "STELSEL1": "H", "AFGEKOP": 0, "AREA": 4.34405299694, "ET_Source": "P:\\336468\\Water\\Gis\\Data\\Shape\\Afvoerend oppervlak\\AO_BDGR_RW_2015.shp", "Shape_Length": 8.46831752632147, "Shape_Area": 4.344053004390865}}, {"type": "Feature", "id": 573, "geometry": {"type": "Polygon", "coordinates": [[[112062.8440000005, 454498.67500000075], [112061.07499999925, 454499.03599999845], [112060.47700000182, 454496.11300000176], [112062.24700000137, 454495.7520000003], [112062.8440000005, 454498.67500000075]]]}, "properties": {"OBJECTID": 573, "ET_ID": 17578, "NWRW_TYP": "DV", "STELSEL1": "H", "AFGEKOP": 0, "AREA": 5.38794599738, "ET_Source": "P:\\336468\\Water\\Gis\\Data\\Shape\\Afvoerend oppervlak\\AO_BDGR_RW_2015.shp", "Shape_Length": 9.578784828065679, "Shape_Area": 5.387945997741535}}, {"type": "Feature", "id": 574, "geometry": {"type": "Polygon", "coordinates": [[[112107.35000000149, 454466.43200000003], [112110.27499999851, 454465.8449999988], [112110.62099999934, 454467.5720000006], [112107.6959999986, 454468.15900000185], [112107.35000000149, 454466.43200000003]]]}, "properties": {"OBJECTID": 574, "ET_ID": 17581, "NWRW_TYP": "DV", "STELSEL1": "H", "AFGEKOP": 0, "AREA": 5.25457700142, "ET_Source": "P:\\336468\\Water\\Gis\\Data\\Shape\\Afvoerend oppervlak\\AO_BDGR_RW_2015.shp", "Shape_Length": 9.489276801997429, "Shape_Area": 5.254577003206641}}, {"type": "Feature", "id": 575, "geometry": {"type": "Polygon", "coordinates": [[[112114.52199999988, 454509.18299999833], [112117.5009999983, 454508.58900000155], [112117.8440000005, 454510.30700000003], [112114.86400000006, 454510.90100000054], [112114.52199999988, 454509.18299999833]]]}, "properties": {"OBJECTID": 575, "ET_ID": 17583, "NWRW_TYP": "DV", "STELSEL1": "H", "AFGEKOP": 0, "AREA": 5.32222599747, "ET_Source": "P:\\336468\\Water\\Gis\\Data\\Shape\\Afvoerend oppervlak\\AO_BDGR_RW_2015.shp", "Shape_Length": 9.579882915805946, "Shape_Area": 5.322226000292018}}, {"type": "Feature", "id": 576, "geometry": {"type": "Polygon", "coordinates": [[[112066.2659999989, 454509.3420000002], [112063.29600000009, 454509.9230000004], [112062.95899999887, 454508.2010000013], [112065.9290000014, 454507.62000000104], [112066.2659999989, 454509.3420000002]]]}, "properties": {"OBJECTID": 576, "ET_ID": 17584, "NWRW_TYP": "DV", "STELSEL1": "H", "AFGEKOP": 0, "AREA": 5.3101369983, "ET_Source": "P:\\336468\\Water\\Gis\\Data\\Shape\\Afvoerend oppervlak\\AO_BDGR_RW_2015.shp", "Shape_Length": 9.561921988552635, "Shape_Area": 5.310136998295889}}, {"type": "Feature", "id": 577, "geometry": {"type": "Polygon", "coordinates": [[[112105.00699999928, 454511.0940000005], [112105.33999999985, 454512.881000001], [112102.85799999908, 454513.3449999988], [112102.52400000021, 454511.55799999833], [112105.00699999928, 454511.0940000005]]]}, "properties": {"OBJECTID": 577, "ET_ID": 17587, "NWRW_TYP": "DV", "STELSEL1": "H", "AFGEKOP": 0, "AREA": 4.59097150144, "ET_Source": "P:\\336468\\Water\\Gis\\Data\\Shape\\Afvoerend oppervlak\\AO_BDGR_RW_2015.shp", "Shape_Length": 8.686688076337825, "Shape_Area": 4.590971500193685}}, {"type": "Feature", "id": 578, "geometry": {"type": "Polygon", "coordinates": [[[112105.58399999887, 454516.0379999988], [112105.21499999985, 454514.29300000146], [112107.15100000054, 454513.88500000164], [112107.51900000125, 454515.62999999896], [112105.58399999887, 454516.0379999988]]]}, "properties": {"OBJECTID": 578, "ET_ID": 17591, "NWRW_TYP": "DV", "STELSEL1": "H", "AFGEKOP": 0, "AREA": 3.52779550209, "ET_Source": "P:\\336468\\Water\\Gis\\Data\\Shape\\Afvoerend oppervlak\\AO_BDGR_RW_2015.shp", "Shape_Length": 7.523040203139706, "Shape_Area": 3.5277954973662347}}, {"type": "Feature", "id": 579, "geometry": {"type": "Polygon", "coordinates": [[[112073.77800000086, 454553.0329999998], [112072.05799999833, 454553.38500000164], [112071.64600000158, 454551.37900000066], [112073.36699999869, 454551.02699999884], [112073.77800000086, 454553.0329999998]]]}, "properties": {"OBJECTID": 579, "ET_ID": 17594, "NWRW_TYP": "DV", "STELSEL1": "H", "AFGEKOP": 0, "AREA": 3.59617099792, "ET_Source": "P:\\336468\\Water\\Gis\\Data\\Shape\\Afvoerend oppervlak\\AO_BDGR_RW_2015.shp", "Shape_Length": 7.607821225986452, "Shape_Area": 3.5961710018926265}}, {"type": "Feature", "id": 580, "geometry": {"type": "Polygon", "coordinates": [[[112114.52199999988, 454509.18299999833], [112114.86400000006, 454510.90100000054], [112111.88500000164, 454511.49500000104], [112111.54199999943, 454509.77699999884], [112114.52199999988, 454509.18299999833]]]}, "properties": {"OBJECTID": 580, "ET_ID": 17596, "NWRW_TYP": "DV", "STELSEL1": "H", "AFGEKOP": 0, "AREA": 5.32222599107, "ET_Source": "P:\\336468\\Water\\Gis\\Data\\Shape\\Afvoerend oppervlak\\AO_BDGR_RW_2015.shp", "Shape_Length": 9.579882920187606, "Shape_Area": 5.322226006479726}}, {"type": "Feature", "id": 581, "geometry": {"type": "Polygon", "coordinates": [[[112126.16000000015, 454511.90399999917], [112125.82400000095, 454510.2010000013], [112128.81500000134, 454509.61100000143], [112129.15100000054, 454511.31500000134], [112126.16000000015, 454511.90399999917]]]}, "properties": {"OBJECTID": 581, "ET_ID": 17597, "NWRW_TYP": "DV", "STELSEL1": "H", "AFGEKOP": 0, "AREA": 5.29324050269, "ET_Source": "P:\\336468\\Water\\Gis\\Data\\Shape\\Afvoerend oppervlak\\AO_BDGR_RW_2015.shp", "Shape_Length": 9.569719118777236, "Shape_Area": 5.293240496496976}}, {"type": "Feature", "id": 582, "geometry": {"type": "Polygon", "coordinates": [[[112137.89999999851, 454448.4270000011], [112137.45399999991, 454446.6710000001], [112139.46999999881, 454446.16000000015], [112139.91600000113, 454447.9149999991], [112137.89999999851, 454448.4270000011]]]}, "properties": {"OBJECTID": 582, "ET_ID": 17600, "NWRW_TYP": "DV", "STELSEL1": "H", "AFGEKOP": 0, "AREA": 3.76721700486, "ET_Source": "P:\\336468\\Water\\Gis\\Data\\Shape\\Afvoerend oppervlak\\AO_BDGR_RW_2015.shp", "Shape_Length": 7.782292557087062, "Shape_Area": 3.767217001935646}}, {"type": "Feature", "id": 583, "geometry": {"type": "Polygon", "coordinates": [[[112107.35000000149, 454466.43200000003], [112107.00400000066, 454464.7049999982], [112109.9290000014, 454464.118999999], [112110.27499999851, 454465.8449999988], [112107.35000000149, 454466.43200000003]]]}, "properties": {"OBJECTID": 583, "ET_ID": 17601, "NWRW_TYP": "DV", "STELSEL1": "H", "AFGEKOP": 0, "AREA": 5.25294149811, "ET_Source": "P:\\336468\\Water\\Gis\\Data\\Shape\\Afvoerend oppervlak\\AO_BDGR_RW_2015.shp", "Shape_Length": 9.488099695880006, "Shape_Area": 5.252941499893278}}, {"type": "Feature", "id": 584, "geometry": {"type": "Polygon", "coordinates": [[[112068.57600000128, 454521.063000001], [112065.68200000003, 454521.6490000002], [112065.32999999821, 454519.90900000185], [112068.22300000116, 454519.3229999989], [112068.57600000128, 454521.063000001]]]}, "properties": {"OBJECTID": 584, "ET_ID": 17602, "NWRW_TYP": "DV", "STELSEL1": "H", "AFGEKOP": 0, "AREA": 5.24125499486, "ET_Source": "P:\\336468\\Water\\Gis\\Data\\Shape\\Afvoerend oppervlak\\AO_BDGR_RW_2015.shp", "Shape_Length": 9.455179575234723, "Shape_Area": 5.241255005243122}}, {"type": "Feature", "id": 585, "geometry": {"type": "Polygon", "coordinates": [[[112060.76199999824, 454488.68299999833], [112059.06700000167, 454489.0300000012], [112058.46299999952, 454486.08100000024], [112060.15799999982, 454485.7340000011], [112060.76199999824, 454488.68299999833]]]}, "properties": {"OBJECTID": 585, "ET_ID": 17605, "NWRW_TYP": "DV", "STELSEL1": "H", "AFGEKOP": 0, "AREA": 5.20814299658, "ET_Source": "P:\\336468\\Water\\Gis\\Data\\Shape\\Afvoerend oppervlak\\AO_BDGR_RW_2015.shp", "Shape_Length": 9.480746178049337, "Shape_Area": 5.208142994546488}}, {"type": "Feature", "id": 586, "geometry": {"type": "Polygon", "coordinates": [[[112105.34699999914, 454456.4360000007], [112105.00299999863, 454454.7199999988], [112107.92799999937, 454454.1339999996], [112108.27199999988, 454455.8500000015], [112105.34699999914, 454456.4360000007]]]}, "properties": {"OBJECTID": 586, "ET_ID": 17606, "NWRW_TYP": "DV", "STELSEL1": "H", "AFGEKOP": 0, "AREA": 5.2208839977, "ET_Source": "P:\\336468\\Water\\Gis\\Data\\Shape\\Afvoerend oppervlak\\AO_BDGR_RW_2015.shp", "Shape_Length": 9.466526522092387, "Shape_Area": 5.220884006790429}}, {"type": "Feature", "id": 587, "geometry": {"type": "Polygon", "coordinates": [[[112069.92700000107, 454542.80099999905], [112071.58199999854, 454542.4530000016], [112072.00200000033, 454544.4510000013], [112070.34800000116, 454544.7989999987], [112069.92700000107, 454542.80099999905]]]}, "properties": {"OBJECTID": 587, "ET_ID": 17609, "NWRW_TYP": "DV", "STELSEL1": "H", "AFGEKOP": 0, "AREA": 3.45202499998, "ET_Source": "P:\\336468\\Water\\Gis\\Data\\Shape\\Afvoerend oppervlak\\AO_BDGR_RW_2015.shp", "Shape_Length": 7.464944472209331, "Shape_Area": 3.4520249953422697}}, {"type": "Feature", "id": 588, "geometry": {"type": "Polygon", "coordinates": [[[112059.06700000167, 454489.0300000012], [112060.76199999824, 454488.68299999833], [112061.36600000039, 454491.6319999993], [112059.67100000009, 454491.9789999984], [112059.06700000167, 454489.0300000012]]]}, "properties": {"OBJECTID": 588, "ET_ID": 17610, "NWRW_TYP": "DV", "STELSEL1": "H", "AFGEKOP": 0, "AREA": 5.20814300143, "ET_Source": "P:\\336468\\Water\\Gis\\Data\\Shape\\Afvoerend oppervlak\\AO_BDGR_RW_2015.shp", "Shape_Length": 9.480746178049337, "Shape_Area": 5.208142994546488}}, {"type": "Feature", "id": 589, "geometry": {"type": "Polygon", "coordinates": [[[112061.07499999925, 454499.03599999845], [112062.8440000005, 454498.67500000075], [112063.44200000167, 454501.59800000116], [112061.67199999839, 454501.95899999887], [112061.07499999925, 454499.03599999845]]]}, "properties": {"OBJECTID": 589, "ET_ID": 17612, "NWRW_TYP": "DV", "STELSEL1": "H", "AFGEKOP": 0, "AREA": 5.38794599738, "ET_Source": "P:\\336468\\Water\\Gis\\Data\\Shape\\Afvoerend oppervlak\\AO_BDGR_RW_2015.shp", "Shape_Length": 9.578784835367724, "Shape_Area": 5.387946006041482}}, {"type": "Feature", "id": 590, "geometry": {"type": "Polygon", "coordinates": [[[112105.33999999985, 454512.881000001], [112105.00699999928, 454511.0940000005], [112107.48900000006, 454510.631000001], [112107.82299999893, 454512.41800000146], [112105.33999999985, 454512.881000001]]]}, "properties": {"OBJECTID": 590, "ET_ID": 17617, "NWRW_TYP": "DV", "STELSEL1": "H", "AFGEKOP": 0, "AREA": 4.59063800076, "ET_Source": "P:\\336468\\Water\\Gis\\Data\\Shape\\Afvoerend oppervlak\\AO_BDGR_RW_2015.shp", "Shape_Length": 8.686321006200936, "Shape_Area": 4.590638000760496}}, {"type": "Feature", "id": 591, "geometry": {"type": "Polygon", "coordinates": [[[112057.12200000137, 454479.45699999854], [112060.0540000014, 454478.8520000018], [112060.38500000164, 454480.4530000016], [112057.45300000161, 454481.05799999833], [112057.12200000137, 454479.45699999854]]]}, "properties": {"OBJECTID": 591, "ET_ID": 17618, "NWRW_TYP": "DV", "STELSEL1": "H", "AFGEKOP": 0, "AREA": 4.89438699973, "ET_Source": "P:\\336468\\Water\\Gis\\Data\\Shape\\Afvoerend oppervlak\\AO_BDGR_RW_2015.shp", "Shape_Length": 9.257253527956095, "Shape_Area": 4.894386998495191}}, {"type": "Feature", "id": 592, "geometry": {"type": "Polygon", "coordinates": [[[112102.00200000033, 454439.74599999934], [112104.92700000107, 454439.16000000015], [112105.26900000125, 454440.8660000004], [112102.3440000005, 454441.4519999996], [112102.00200000033, 454439.74599999934]]]}, "properties": {"OBJECTID": 592, "ET_ID": 17619, "NWRW_TYP": "DV", "STELSEL1": "H", "AFGEKOP": 0, "AREA": 5.19046200307, "ET_Source": "P:\\336468\\Water\\Gis\\Data\\Shape\\Afvoerend oppervlak\\AO_BDGR_RW_2015.shp", "Shape_Length": 9.446130442755733, "Shape_Area": 5.190462001798034}}, {"type": "Feature", "id": 593, "geometry": {"type": "Polygon", "coordinates": [[[112145.7890000008, 454437.46400000155], [112147.46200000122, 454437.0229999982], [112148.23000000045, 454439.93400000036], [112146.55700000003, 454440.375], [112145.7890000008, 454437.46400000155]]]}, "properties": {"OBJECTID": 593, "ET_ID": 17621, "NWRW_TYP": "DV", "STELSEL1": "H", "AFGEKOP": 0, "AREA": 5.20879099801, "ET_Source": "P:\\336468\\Water\\Gis\\Data\\Shape\\Afvoerend oppervlak\\AO_BDGR_RW_2015.shp", "Shape_Length": 9.481505628597178, "Shape_Area": 5.208791002552227}}, {"type": "Feature", "id": 594, "geometry": {"type": "Polygon", "coordinates": [[[112067.75400000066, 454532.22199999914], [112069.46700000018, 454531.8900000006], [112069.85300000012, 454533.88599999994], [112068.1409999989, 454534.2179999985], [112067.75400000066, 454532.22199999914]]]}, "properties": {"OBJECTID": 594, "ET_ID": 17622, "NWRW_TYP": "DV", "STELSEL1": "H", "AFGEKOP": 0, "AREA": 3.54646799709, "ET_Source": "P:\\336468\\Water\\Gis\\Data\\Shape\\Afvoerend oppervlak\\AO_BDGR_RW_2015.shp", "Shape_Length": 7.554922934915835, "Shape_Area": 3.5464679987545757}}, {"type": "Feature", "id": 595, "geometry": {"type": "Polygon", "coordinates": [[[112131.83399999887, 454505.62099999934], [112133.51099999994, 454505.3060000017], [112133.97700000182, 454507.7890000008], [112132.30000000075, 454508.1039999984], [112131.83399999887, 454505.62099999934]]]}, "properties": {"OBJECTID": 595, "ET_ID": 17623, "NWRW_TYP": "DV", "STELSEL1": "H", "AFGEKOP": 0, "AREA": 4.31078099712, "ET_Source": "P:\\336468\\Water\\Gis\\Data\\Shape\\Afvoerend oppervlak\\AO_BDGR_RW_2015.shp", "Shape_Length": 8.465355539471467, "Shape_Area": 4.310781000595033}}, {"type": "Feature", "id": 596, "geometry": {"type": "Polygon", "coordinates": [[[112068.32299999893, 454454.3029999994], [112067.54100000113, 454450.43400000036], [112070.28700000048, 454449.87999999896], [112071.06799999997, 454453.7479999997], [112068.32299999893, 454454.3029999994]]]}, "properties": {"OBJECTID": 596, "ET_ID": 17626, "NWRW_TYP": "DV", "STELSEL1": "H", "AFGEKOP": 0, "AREA": 11.05430849389, "ET_Source": "P:\\336468\\Water\\Gis\\Data\\Shape\\Afvoerend oppervlak\\AO_BDGR_RW_2015.shp", "Shape_Length": 13.495168486695025, "Shape_Area": 11.054308500060156}}, {"type": "Feature", "id": 597, "geometry": {"type": "Polygon", "coordinates": [[[112116.65199999884, 454513.86499999836], [112116.30600000173, 454512.15399999917], [112118.74500000104, 454511.66099999845], [112119.09099999815, 454513.3720000014], [112116.65199999884, 454513.86499999836]]]}, "properties": {"OBJECTID": 597, "ET_ID": 17627, "NWRW_TYP": "DV", "STELSEL1": "H", "AFGEKOP": 0, "AREA": 4.34370699752, "ET_Source": "P:\\336468\\Water\\Gis\\Data\\Shape\\Afvoerend oppervlak\\AO_BDGR_RW_2015.shp", "Shape_Length": 8.467920884845896, "Shape_Area": 4.343706999585435}}, {"type": "Feature", "id": 598, "geometry": {"type": "Polygon", "coordinates": [[[112072.05799999833, 454553.38500000164], [112073.77800000086, 454553.0329999998], [112074.18899999931, 454555.0390000008], [112072.4690000005, 454555.3909999989], [112072.05799999833, 454553.38500000164]]]}, "properties": {"OBJECTID": 598, "ET_ID": 17628, "NWRW_TYP": "DV", "STELSEL1": "H", "AFGEKOP": 0, "AREA": 3.59499200389, "ET_Source": "P:\\336468\\Water\\Gis\\Data\\Shape\\Afvoerend oppervlak\\AO_BDGR_RW_2015.shp", "Shape_Length": 7.606640567414496, "Shape_Area": 3.5949919999247344}}, {"type": "Feature", "id": 599, "geometry": {"type": "Polygon", "coordinates": [[[112067.54100000113, 454450.43400000036], [112068.32299999893, 454454.3029999994], [112068.34299999848, 454454.3999999985], [112071.49399999902, 454453.76399999857], [112073.75600000098, 454465.0069999993], [112070.58700000122, 454465.64499999955], [112072.61300000176, 454475.63800000027], [112072.68699999899, 454476.00499999896], [112063.39699999988, 454477.875], [112059.34800000116, 454478.69000000134], [112057.25499999896, 454468.3280000016], [112054.09899999946, 454468.9629999995], [112051.83100000024, 454457.73600000143], [112055.0009999983, 454457.0949999988], [112052.91600000113, 454446.73600000143], [112066.2509999983, 454444.05099999905], [112067.54100000113, 454450.43400000036]]]}, "properties": {"OBJECTID": 599, "ET_ID": 17629, "NWRW_TYP": "DV", "STELSEL1": "H", "AFGEKOP": 0, "AREA": 517.39222248842, "ET_Source": "P:\\336468\\Water\\Gis\\Data\\Shape\\Afvoerend oppervlak\\AO_BDGR_RW_2015.shp", "Shape_Length": 105.29882951595607, "Shape_Area": 517.392222525215}}, {"type": "Feature", "id": 600, "geometry": {"type": "Polygon", "coordinates": [[[112124.86199999973, 454508.93400000036], [112124.51399999857, 454507.2430000007], [112127.49500000104, 454506.631000001], [112127.84200000018, 454508.3220000006], [112124.86199999973, 454508.93400000036]]]}, "properties": {"OBJECTID": 600, "ET_ID": 17630, "NWRW_TYP": "DV", "STELSEL1": "H", "AFGEKOP": 0, "AREA": 5.25269549711, "ET_Source": "P:\\336468\\Water\\Gis\\Data\\Shape\\Afvoerend oppervlak\\AO_BDGR_RW_2015.shp", "Shape_Length": 9.538040327085778, "Shape_Area": 5.252695501401469}}, {"type": "Feature", "id": 601, "geometry": {"type": "Polygon", "coordinates": [[[112141.90700000152, 454428.0159999989], [112143.5850000009, 454427.59099999815], [112144.32299999893, 454430.51000000164], [112142.64600000158, 454430.93400000036], [112141.90700000152, 454428.0159999989]]]}, "properties": {"OBJECTID": 601, "ET_ID": 17631, "NWRW_TYP": "DV", "STELSEL1": "H", "AFGEKOP": 0, "AREA": 5.20927699874, "ET_Source": "P:\\336468\\Water\\Gis\\Data\\Shape\\Afvoerend oppervlak\\AO_BDGR_RW_2015.shp", "Shape_Length": 9.481726835520808, "Shape_Area": 5.209276998762742}}, {"type": "Feature", "id": 602, "geometry": {"type": "Polygon", "coordinates": [[[112069.46700000018, 454531.8900000006], [112067.75400000066, 454532.22199999914], [112067.36699999869, 454530.2259999998], [112069.07999999821, 454529.89400000125], [112069.46700000018, 454531.8900000006]]]}, "properties": {"OBJECTID": 602, "ET_ID": 17632, "NWRW_TYP": "DV", "STELSEL1": "H", "AFGEKOP": 0, "AREA": 3.54763200069, "ET_Source": "P:\\336468\\Water\\Gis\\Data\\Shape\\Afvoerend oppervlak\\AO_BDGR_RW_2015.shp", "Shape_Length": 7.556094761512019, "Shape_Area": 3.5476319980129896}}, {"type": "Feature", "id": 603, "geometry": {"type": "Polygon", "coordinates": [[[112103.34600000083, 454446.4519999996], [112103.00200000033, 454444.73600000143], [112105.92700000107, 454444.1499999985], [112106.27100000158, 454445.86499999836], [112103.34600000083, 454446.4519999996]]]}, "properties": {"OBJECTID": 603, "ET_ID": 17633, "NWRW_TYP": "DV", "STELSEL1": "H", "AFGEKOP": 0, "AREA": 5.21959350418, "ET_Source": "P:\\336468\\Water\\Gis\\Data\\Shape\\Afvoerend oppervlak\\AO_BDGR_RW_2015.shp", "Shape_Length": 9.465742635536442, "Shape_Area": 5.21959349936755}}, {"type": "Feature", "id": 604, "geometry": {"type": "Polygon", "coordinates": [[[112105.21499999985, 454514.29300000146], [112105.58399999887, 454516.0379999988], [112103.64799999818, 454516.4470000006], [112103.28200000152, 454514.71499999985], [112105.21499999985, 454514.29300000146]]]}, "properties": {"OBJECTID": 604, "ET_ID": 17634, "NWRW_TYP": "DV", "STELSEL1": "H", "AFGEKOP": 0, "AREA": 3.51582450091, "ET_Source": "P:\\336468\\Water\\Gis\\Data\\Shape\\Afvoerend oppervlak\\AO_BDGR_RW_2015.shp", "Shape_Length": 7.5110956706149405, "Shape_Area": 3.5158244964462813}}, {"type": "Feature", "id": 605, "geometry": {"type": "Polygon", "coordinates": [[[112147.9290000014, 454443.9979999997], [112148.33100000024, 454445.60500000045], [112146.38300000131, 454446.0929999985], [112145.98099999875, 454444.4849999994], [112147.9290000014, 454443.9979999997]]]}, "properties": {"OBJECTID": 605, "ET_ID": 17636, "NWRW_TYP": "DV", "STELSEL1": "H", "AFGEKOP": 0, "AREA": 3.32738499861, "ET_Source": "P:\\336468\\Water\\Gis\\Data\\Shape\\Afvoerend oppervlak\\AO_BDGR_RW_2015.shp", "Shape_Length": 7.330154448746609, "Shape_Area": 3.327385001016557}}, {"type": "Feature", "id": 606, "geometry": {"type": "Polygon", "coordinates": [[[112103.34600000083, 454446.4519999996], [112106.27100000158, 454445.86499999836], [112106.61499999836, 454447.58100000024], [112103.69000000134, 454448.16699999943], [112103.34600000083, 454446.4519999996]]]}, "properties": {"OBJECTID": 606, "ET_ID": 17639, "NWRW_TYP": "DV", "STELSEL1": "H", "AFGEKOP": 0, "AREA": 5.21959349937, "ET_Source": "P:\\336468\\Water\\Gis\\Data\\Shape\\Afvoerend oppervlak\\AO_BDGR_RW_2015.shp", "Shape_Length": 9.465742634072338, "Shape_Area": 5.219593499887228}}, {"type": "Feature", "id": 607, "geometry": {"type": "Polygon", "coordinates": [[[112133.51099999994, 454505.3060000017], [112131.83399999887, 454505.62099999934], [112131.36800000072, 454503.13899999857], [112133.04500000179, 454502.82400000095], [112133.51099999994, 454505.3060000017]]]}, "properties": {"OBJECTID": 607, "ET_ID": 17642, "NWRW_TYP": "DV", "STELSEL1": "H", "AFGEKOP": 0, "AREA": 4.30910399997, "ET_Source": "P:\\336468\\Water\\Gis\\Data\\Shape\\Afvoerend oppervlak\\AO_BDGR_RW_2015.shp", "Shape_Length": 8.463389873298519, "Shape_Area": 4.309104002269268}}, {"type": "Feature", "id": 608, "geometry": {"type": "Polygon", "coordinates": [[[112105.34699999914, 454456.4360000007], [112108.27199999988, 454455.8500000015], [112108.61499999836, 454457.56500000134], [112105.69099999964, 454458.15100000054], [112105.34699999914, 454456.4360000007]]]}, "properties": {"OBJECTID": 608, "ET_ID": 17644, "NWRW_TYP": "DV", "STELSEL1": "H", "AFGEKOP": 0, "AREA": 5.21680849853, "ET_Source": "P:\\336468\\Water\\Gis\\Data\\Shape\\Afvoerend oppervlak\\AO_BDGR_RW_2015.shp", "Shape_Length": 9.463388651796553, "Shape_Area": 5.216808498530924}}, {"type": "Feature", "id": 609, "geometry": {"type": "Polygon", "coordinates": [[[112131.05000000075, 454493.86199999973], [112129.3440000005, 454494.2019999996], [112128.81799999997, 454491.5870000012], [112130.53400000185, 454491.2479999997], [112131.05000000075, 454493.86199999973]]]}, "properties": {"OBJECTID": 609, "ET_ID": 17645, "NWRW_TYP": "DV", "STELSEL1": "H", "AFGEKOP": 0, "AREA": 4.65028900584, "ET_Source": "P:\\336468\\Water\\Gis\\Data\\Shape\\Afvoerend oppervlak\\AO_BDGR_RW_2015.shp", "Shape_Length": 8.820534506797529, "Shape_Area": 4.650289001683578}}, {"type": "Feature", "id": 610, "geometry": {"type": "Polygon", "coordinates": [[[114597.11499999836, 451037.4510000013], [114598.97199999914, 451037.8570000008], [114594.90100000054, 451056.4459999986], [114573.10099999979, 451051.67599999905], [114577.09699999914, 451033.43400000036], [114576.78400000185, 451033.3660000004], [114576.83100000024, 451033.15100000054], [114578.94200000167, 451033.61300000176], [114582.11499999836, 451019.125], [114599.9459999986, 451023.02699999884], [114600.0399999991, 451022.59699999914], [114600.35300000012, 451022.6649999991], [114597.11499999836, 451037.4510000013]]]}, "properties": {"OBJECTID": 610, "ET_ID": 18866, "NWRW_TYP": "DV", "STELSEL1": "H", "AFGEKOP": 0, "AREA": 697.5569270356, "ET_Source": "P:\\336468\\Water\\Gis\\Data\\Shape\\Afvoerend oppervlak\\AO_BDGR_RW_2015.shp", "Shape_Length": 113.60324806154891, "Shape_Area": 697.5569269673034}}, {"type": "Feature", "id": 611, "geometry": {"type": "Polygon", "coordinates": [[[114673.90199999884, 451038.93299999833], [114672.98999999836, 451043.2800000012], [114668.76300000027, 451042.3929999992], [114669.67599999905, 451038.0460000001], [114673.90199999884, 451038.93299999833]]]}, "properties": {"OBJECTID": 611, "ET_ID": 18906, "NWRW_TYP": "DV", "STELSEL1": "H", "AFGEKOP": 0, "AREA": 19.18198300913, "ET_Source": "P:\\336468\\Water\\Gis\\Data\\Shape\\Afvoerend oppervlak\\AO_BDGR_RW_2015.shp", "Shape_Length": 17.520628188870987, "Shape_Area": 19.18198299938534}}, {"type": "Feature", "id": 612, "geometry": {"type": "Polygon", "coordinates": [[[116201.5859999992, 452488.688000001], [116201.57200000063, 452488.7170000002], [116200.60200000182, 452490.76399999857], [116197.87700000033, 452489.47100000083], [116198.86499999836, 452487.3979999982], [116201.5859999992, 452488.688000001]]]}, "properties": {"OBJECTID": 612, "ET_ID": 20020, "NWRW_TYP": "DV", "STELSEL1": "H", "AFGEKOP": 0, "AREA": 6.9220184971, "ET_Source": "P:\\336468\\Water\\Gis\\Data\\Shape\\Afvoerend oppervlak\\AO_BDGR_RW_2015.shp", "Shape_Length": 10.621306109683776, "Shape_Area": 6.922018501064048}}, {"type": "Feature", "id": 613, "geometry": {"type": "Polygon", "coordinates": [[[116204.2890000008, 452489.9690000005], [116203.30000000075, 452492.0450000018], [116200.60200000182, 452490.76399999857], [116201.57200000063, 452488.7170000002], [116201.5859999992, 452488.688000001], [116204.2890000008, 452489.9690000005]]]}, "properties": {"OBJECTID": 613, "ET_ID": 20021, "NWRW_TYP": "DV", "STELSEL1": "H", "AFGEKOP": 0, "AREA": 6.87020850318, "ET_Source": "P:\\336468\\Water\\Gis\\Data\\Shape\\Afvoerend oppervlak\\AO_BDGR_RW_2015.shp", "Shape_Length": 10.574786967720456, "Shape_Area": 6.870208497630149}}, {"type": "Feature", "id": 614, "geometry": {"type": "Polygon", "coordinates": [[[116179.10500000045, 452478.0780000016], [116178.12099999934, 452480.15900000185], [116175.39299999923, 452478.8759999983], [116176.37099999934, 452476.79300000146], [116179.10500000045, 452478.0780000016]]]}, "properties": {"OBJECTID": 614, "ET_ID": 20025, "NWRW_TYP": "DV", "STELSEL1": "H", "AFGEKOP": 0, "AREA": 6.94554599687, "ET_Source": "P:\\336468\\Water\\Gis\\Data\\Shape\\Afvoerend oppervlak\\AO_BDGR_RW_2015.shp", "Shape_Length": 10.638650650646987, "Shape_Area": 6.94554599988097}}, {"type": "Feature", "id": 615, "geometry": {"type": "Polygon", "coordinates": [[[116181.79300000146, 452479.3420000002], [116180.81500000134, 452481.42500000075], [116178.12099999934, 452480.15900000185], [116179.10500000045, 452478.0780000016], [116181.79300000146, 452479.3420000002]]]}, "properties": {"OBJECTID": 615, "ET_ID": 20026, "NWRW_TYP": "DV", "STELSEL1": "H", "AFGEKOP": 0, "AREA": 6.84362699751, "ET_Source": "P:\\336468\\Water\\Gis\\Data\\Shape\\Afvoerend oppervlak\\AO_BDGR_RW_2015.shp", "Shape_Length": 10.55008499855561, "Shape_Area": 6.843627003746435}}, {"type": "Feature", "id": 616, "geometry": {"type": "Polygon", "coordinates": [[[116154.94799999893, 452559.55099999905], [116155.50299999863, 452559.80900000036], [116154.06599999964, 452562.91600000113], [116152.01099999994, 452561.96499999985], [116153.44900000095, 452558.85599999875], [116154.94799999893, 452559.55099999905]]]}, "properties": {"OBJECTID": 616, "ET_ID": 20112, "NWRW_TYP": "DV", "STELSEL1": "H", "AFGEKOP": 0, "AREA": 7.75439449942, "ET_Source": "P:\\336468\\Water\\Gis\\Data\\Shape\\Afvoerend oppervlak\\AO_BDGR_RW_2015.shp", "Shape_Length": 11.377367848382649, "Shape_Area": 7.754394500673219}}, {"type": "Feature", "id": 617, "geometry": {"type": "Polygon", "coordinates": [[[116154.88699999824, 452555.8359999992], [116156.90799999982, 452556.7710000016], [116155.50299999863, 452559.80900000036], [116154.94799999893, 452559.55099999905], [116153.44900000095, 452558.85599999875], [116154.85300000012, 452555.8200000003], [116154.88699999824, 452555.8359999992]]]}, "properties": {"OBJECTID": 617, "ET_ID": 20113, "NWRW_TYP": "DV", "STELSEL1": "H", "AFGEKOP": 0, "AREA": 7.57581900024, "ET_Source": "P:\\336468\\Water\\Gis\\Data\\Shape\\Afvoerend oppervlak\\AO_BDGR_RW_2015.shp", "Shape_Length": 11.220780278326714, "Shape_Area": 7.575818994892895}}, {"type": "Feature", "id": 618, "geometry": {"type": "Polygon", "coordinates": [[[116162.51399999857, 452535.6579999998], [116161.09200000018, 452538.7250000015], [116159.05099999905, 452537.77800000086], [116160.47199999914, 452534.7129999995], [116162.51399999857, 452535.6579999998]]]}, "properties": {"OBJECTID": 618, "ET_ID": 20114, "NWRW_TYP": "DV", "STELSEL1": "H", "AFGEKOP": 0, "AREA": 7.60397799348, "ET_Source": "P:\\336468\\Water\\Gis\\Data\\Shape\\Afvoerend oppervlak\\AO_BDGR_RW_2015.shp", "Shape_Length": 11.259061410594395, "Shape_Area": 7.603978003878265}}, {"type": "Feature", "id": 619, "geometry": {"type": "Polygon", "coordinates": [[[116161.09200000018, 452538.7250000015], [116159.6950000003, 452541.73699999973], [116157.65300000086, 452540.79199999943], [116159.05099999905, 452537.77800000086], [116161.09200000018, 452538.7250000015]]]}, "properties": {"OBJECTID": 619, "ET_ID": 20115, "NWRW_TYP": "DV", "STELSEL1": "H", "AFGEKOP": 0, "AREA": 7.47307449468, "ET_Source": "P:\\336468\\Water\\Gis\\Data\\Shape\\Afvoerend oppervlak\\AO_BDGR_RW_2015.shp", "Shape_Length": 11.142704618328908, "Shape_Area": 7.473074497327312}}, {"type": "Feature", "id": 620, "geometry": {"type": "Polygon", "coordinates": [[[116157.97100000083, 452545.45699999854], [116156.54800000042, 452548.5240000002], [116154.50699999928, 452547.5769999996], [116155.92799999937, 452544.51199999824], [116157.97100000083, 452545.45699999854]]]}, "properties": {"OBJECTID": 620, "ET_ID": 20116, "NWRW_TYP": "DV", "STELSEL1": "H", "AFGEKOP": 0, "AREA": 7.60598399007, "ET_Source": "P:\\336468\\Water\\Gis\\Data\\Shape\\Afvoerend oppervlak\\AO_BDGR_RW_2015.shp", "Shape_Length": 11.260389737080784, "Shape_Area": 7.6059840079445244}}, {"type": "Feature", "id": 621, "geometry": {"type": "Polygon", "coordinates": [[[116156.54800000042, 452548.5240000002], [116155.15199999884, 452551.53500000015], [116153.11100000143, 452550.58999999985], [116154.50699999928, 452547.5769999996], [116156.54800000042, 452548.5240000002]]]}, "properties": {"OBJECTID": 621, "ET_ID": 20117, "NWRW_TYP": "DV", "STELSEL1": "H", "AFGEKOP": 0, "AREA": 7.46810799199, "ET_Source": "P:\\336468\\Water\\Gis\\Data\\Shape\\Afvoerend oppervlak\\AO_BDGR_RW_2015.shp", "Shape_Length": 11.138720811815585, "Shape_Area": 7.468107998390689}}, {"type": "Feature", "id": 622, "geometry": {"type": "Polygon", "coordinates": [[[116160.02400000021, 452550.09600000083], [116158.61899999902, 452553.1330000013], [116156.53700000048, 452552.17500000075], [116157.94999999925, 452549.1339999996], [116160.02400000021, 452550.09600000083]]]}, "properties": {"OBJECTID": 622, "ET_ID": 20118, "NWRW_TYP": "DV", "STELSEL1": "H", "AFGEKOP": 0, "AREA": 7.66768200215, "ET_Source": "P:\\336468\\Water\\Gis\\Data\\Shape\\Afvoerend oppervlak\\AO_BDGR_RW_2015.shp", "Shape_Length": 11.27757197713694, "Shape_Area": 7.667682002147689}}, {"type": "Feature", "id": 623, "geometry": {"type": "Polygon", "coordinates": [[[116161.4609999992, 452546.98900000006], [116160.02400000021, 452550.09600000083], [116157.94999999925, 452549.1339999996], [116159.39499999955, 452546.0219999999], [116161.4609999992, 452546.98900000006]]]}, "properties": {"OBJECTID": 623, "ET_ID": 20119, "NWRW_TYP": "DV", "STELSEL1": "H", "AFGEKOP": 0, "AREA": 7.82650949812, "ET_Source": "P:\\336468\\Water\\Gis\\Data\\Shape\\Afvoerend oppervlak\\AO_BDGR_RW_2015.shp", "Shape_Length": 11.421687163960792, "Shape_Area": 7.826509502115354}}, {"type": "Feature", "id": 624, "geometry": {"type": "Polygon", "coordinates": [[[116153.44900000095, 452555.2100000009], [116152.00600000098, 452558.3220000006], [116149.96499999985, 452557.3759999983], [116151.40700000152, 452554.2650000006], [116153.44900000095, 452555.2100000009]]]}, "properties": {"OBJECTID": 624, "ET_ID": 20120, "NWRW_TYP": "DV", "STELSEL1": "H", "AFGEKOP": 0, "AREA": 7.71601100205, "ET_Source": "P:\\336468\\Water\\Gis\\Data\\Shape\\Afvoerend oppervlak\\AO_BDGR_RW_2015.shp", "Shape_Length": 11.358865318500294, "Shape_Area": 7.7160110009312035}}, {"type": "Feature", "id": 625, "geometry": {"type": "Polygon", "coordinates": [[[116152.00600000098, 452558.3220000006], [116150.62999999896, 452561.2879999988], [116148.58900000155, 452560.3429999985], [116149.96499999985, 452557.3759999983], [116152.00600000098, 452558.3220000006]]]}, "properties": {"OBJECTID": 625, "ET_ID": 20121, "NWRW_TYP": "DV", "STELSEL1": "H", "AFGEKOP": 0, "AREA": 7.35563450309, "ET_Source": "P:\\336468\\Water\\Gis\\Data\\Shape\\Afvoerend oppervlak\\AO_BDGR_RW_2015.shp", "Shape_Length": 11.03891676267786, "Shape_Area": 7.355634498090178}}, {"type": "Feature", "id": 626, "geometry": {"type": "Polygon", "coordinates": [[[116164.3200000003, 452540.2800000012], [116164.55799999833, 452540.3900000006], [116163.19200000167, 452543.3429999985], [116161.07499999925, 452542.36400000006], [116162.44900000095, 452539.4120000005], [116164.3200000003, 452540.2800000012]]]}, "properties": {"OBJECTID": 626, "ET_ID": 20122, "NWRW_TYP": "DV", "STELSEL1": "H", "AFGEKOP": 0, "AREA": 7.57879050026, "ET_Source": "P:\\336468\\Water\\Gis\\Data\\Shape\\Afvoerend oppervlak\\AO_BDGR_RW_2015.shp", "Shape_Length": 11.166875502335978, "Shape_Area": 7.578790495388329}}, {"type": "Feature", "id": 627, "geometry": {"type": "Polygon", "coordinates": [[[116166.74799999967, 452540.8999999985], [116164.7659999989, 452539.94000000134], [116164.55799999833, 452540.3900000006], [116164.3200000003, 452540.2800000012], [116162.44900000095, 452539.4120000005], [116163.94099999964, 452536.20600000024], [116166.04199999943, 452537.18200000003], [116166.12700000033, 452537.01300000027], [116168.05799999833, 452537.9530000016], [116166.74799999967, 452540.8999999985]]]}, "properties": {"OBJECTID": 627, "ET_ID": 20123, "NWRW_TYP": "DV", "STELSEL1": "H", "AFGEKOP": 0, "AREA": 15.22898850846, "ET_Source": "P:\\336468\\Water\\Gis\\Data\\Shape\\Afvoerend oppervlak\\AO_BDGR_RW_2015.shp", "Shape_Length": 16.437386929581855, "Shape_Area": 15.228988493901657}}, {"type": "Feature", "id": 628, "geometry": {"type": "Polygon", "coordinates": [[[116171.60799999908, 452472.7569999993], [116170.92500000075, 452474.20899999887], [116169.81899999827, 452476.561999999], [116167.02100000158, 452475.243999999], [116168.8049999997, 452471.4389999993], [116171.60799999908, 452472.7569999993]]]}, "properties": {"OBJECTID": 628, "ET_ID": 20126, "NWRW_TYP": "DV", "STELSEL1": "H", "AFGEKOP": 0, "AREA": 13.0099160015, "ET_Source": "P:\\336468\\Water\\Gis\\Data\\Shape\\Afvoerend oppervlak\\AO_BDGR_RW_2015.shp", "Shape_Length": 14.597338552264622, "Shape_Area": 13.009915994408741}}, {"type": "Feature", "id": 629, "geometry": {"type": "Polygon", "coordinates": [[[116213.27100000158, 452492.4459999986], [116212.2890000008, 452494.51199999824], [116209.49300000072, 452493.1810000017], [116209.78799999878, 452492.55900000036], [116210.47399999946, 452491.11400000006], [116213.27100000158, 452492.4459999986]]]}, "properties": {"OBJECTID": 629, "ET_ID": 20156, "NWRW_TYP": "DV", "STELSEL1": "H", "AFGEKOP": 0, "AREA": 7.086043003, "ET_Source": "P:\\336468\\Water\\Gis\\Data\\Shape\\Afvoerend oppervlak\\AO_BDGR_RW_2015.shp", "Shape_Length": 10.770096716291562, "Shape_Area": 7.086043003405973}}, {"type": "Feature", "id": 630, "geometry": {"type": "Polygon", "coordinates": [[[116179.11699999869, 452535.1629999988], [116178.69900000095, 452536.03599999845], [116177.73600000143, 452537.9759999998], [116176.11699999869, 452537.2039999999], [116175.09800000116, 452536.7039999999], [116176.40300000086, 452533.88800000027], [116179.11699999869, 452535.1629999988]]]}, "properties": {"OBJECTID": 630, "ET_ID": 20157, "NWRW_TYP": "DV", "STELSEL1": "H", "AFGEKOP": 0, "AREA": 9.26821799836, "ET_Source": "P:\\336468\\Water\\Gis\\Data\\Shape\\Afvoerend oppervlak\\AO_BDGR_RW_2015.shp", "Shape_Length": 12.164734338191023, "Shape_Area": 9.268217998428613}}, {"type": "Feature", "id": 631, "geometry": {"type": "Polygon", "coordinates": [[[116260.54500000179, 452915.2809999995], [116258.25699999928, 452915.5080000013], [116257.90799999982, 452911.3720000014], [116260.17700000107, 452911.1770000011], [116260.54500000179, 452915.2809999995]]]}, "properties": {"OBJECTID": 631, "ET_ID": 20605, "NWRW_TYP": "DV", "STELSEL1": "H", "AFGEKOP": 1, "AREA": 9.46306350256, "ET_Source": "P:\\336468\\Water\\Gis\\Data\\Shape\\Afvoerend oppervlak\\AO_BDGR_RW_2015.shp", "Shape_Length": 12.847761330275459, "Shape_Area": 9.463063506266266}}, {"type": "Feature", "id": 632, "geometry": {"type": "Polygon", "coordinates": [[[116260.8909999989, 452919.1479999982], [116258.57899999991, 452919.33300000057], [116258.25699999928, 452915.5080000013], [116260.54500000179, 452915.2809999995], [116260.8909999989, 452919.1479999982]]]}, "properties": {"OBJECTID": 632, "ET_ID": 20606, "NWRW_TYP": "DV", "STELSEL1": "H", "AFGEKOP": 1, "AREA": 8.91460399972, "ET_Source": "P:\\336468\\Water\\Gis\\Data\\Shape\\Afvoerend oppervlak\\AO_BDGR_RW_2015.shp", "Shape_Length": 12.339600784703375, "Shape_Area": 8.914604000969142}}, {"type": "Feature", "id": 633, "geometry": {"type": "Polygon", "coordinates": [[[116265.91200000048, 452930.4219999984], [116266.0709999986, 452931.875], [116259.74300000072, 452932.56799999997], [116259.3350000009, 452928.8420000002], [116265.66099999845, 452928.1490000002], [116265.91200000048, 452930.4219999984]]]}, "properties": {"OBJECTID": 633, "ET_ID": 20607, "NWRW_TYP": "DV", "STELSEL1": "H", "AFGEKOP": 1, "AREA": 23.85948700029, "ET_Source": "P:\\336468\\Water\\Gis\\Data\\Shape\\Afvoerend oppervlak\\AO_BDGR_RW_2015.shp", "Shape_Length": 20.22644025478508, "Shape_Area": 23.859486994115368}}, {"type": "Feature", "id": 634, "geometry": {"type": "Polygon", "coordinates": [[[116269.71499999985, 452930.006000001], [116265.91200000048, 452930.4219999984], [116265.66099999845, 452928.1490000002], [116269.46599999815, 452927.7320000008], [116269.71499999985, 452930.006000001]]]}, "properties": {"OBJECTID": 634, "ET_ID": 20608, "NWRW_TYP": "DV", "STELSEL1": "H", "AFGEKOP": 1, "AREA": 8.75251900227, "ET_Source": "P:\\336468\\Water\\Gis\\Data\\Shape\\Afvoerend oppervlak\\AO_BDGR_RW_2015.shp", "Shape_Length": 12.227875297695764, "Shape_Area": 8.752518996269764}}, {"type": "Feature", "id": 635, "geometry": {"type": "Polygon", "coordinates": [[[116276.25299999863, 452929.3299999982], [116272.4059999995, 452929.6629999988], [116272.21799999848, 452927.48600000143], [116276.06399999931, 452927.1499999985], [116276.25299999863, 452929.3299999982]]]}, "properties": {"OBJECTID": 635, "ET_ID": 20609, "NWRW_TYP": "DV", "STELSEL1": "H", "AFGEKOP": 1, "AREA": 8.44265350149, "ET_Source": "P:\\336468\\Water\\Gis\\Data\\Shape\\Afvoerend oppervlak\\AO_BDGR_RW_2015.shp", "Shape_Length": 12.095314735180478, "Shape_Area": 8.44265349467659}}, {"type": "Feature", "id": 636, "geometry": {"type": "Polygon", "coordinates": [[[116281.68400000036, 452930.1160000004], [116276.36100000143, 452930.5760000013], [116276.25299999863, 452929.3299999982], [116276.06399999931, 452927.1499999985], [116281.38699999824, 452926.68400000036], [116281.68400000036, 452930.1160000004]]]}, "properties": {"OBJECTID": 636, "ET_ID": 20610, "NWRW_TYP": "DV", "STELSEL1": "H", "AFGEKOP": 1, "AREA": 18.39005099299, "ET_Source": "P:\\336468\\Water\\Gis\\Data\\Shape\\Afvoerend oppervlak\\AO_BDGR_RW_2015.shp", "Shape_Length": 17.569874365523354, "Shape_Area": 18.390051007789538}}, {"type": "Feature", "id": 637, "geometry": {"type": "Polygon", "coordinates": [[[116234.66299999878, 452899.12099999934], [116234.68800000101, 452899.3900000006], [116228.53700000048, 452899.94299999997], [116228.33999999985, 452897.7950000018], [116234.48800000176, 452897.2109999992], [116234.66299999878, 452899.12099999934]]]}, "properties": {"OBJECTID": 637, "ET_ID": 20611, "NWRW_TYP": "DV", "STELSEL1": "H", "AFGEKOP": 1, "AREA": 13.416952991, "ET_Source": "P:\\336468\\Water\\Gis\\Data\\Shape\\Afvoerend oppervlak\\AO_BDGR_RW_2015.shp", "Shape_Length": 16.696657621582744, "Shape_Area": 13.416952999094248}}, {"type": "Feature", "id": 638, "geometry": {"type": "Polygon", "coordinates": [[[116228.53700000048, 452899.94299999997], [116222.37099999934, 452900.4979999997], [116222.17700000107, 452898.37999999896], [116228.33999999985, 452897.7950000018], [116228.53700000048, 452899.94299999997]]]}, "properties": {"OBJECTID": 638, "ET_ID": 20612, "NWRW_TYP": "DV", "STELSEL1": "H", "AFGEKOP": 1, "AREA": 13.26031348186, "ET_Source": "P:\\336468\\Water\\Gis\\Data\\Shape\\Afvoerend oppervlak\\AO_BDGR_RW_2015.shp", "Shape_Length": 16.665510608413594, "Shape_Area": 13.260313495885743}}, {"type": "Feature", "id": 639, "geometry": {"type": "Polygon", "coordinates": [[[116240.91000000015, 452898.8299999982], [116234.68800000101, 452899.3900000006], [116234.66299999878, 452899.12099999934], [116234.48800000176, 452897.2109999992], [116240.70699999854, 452896.62099999934], [116240.91000000015, 452898.8299999982]]]}, "properties": {"OBJECTID": 639, "ET_ID": 20613, "NWRW_TYP": "DV", "STELSEL1": "H", "AFGEKOP": 1, "AREA": 13.76397698658, "ET_Source": "P:\\336468\\Water\\Gis\\Data\\Shape\\Afvoerend oppervlak\\AO_BDGR_RW_2015.shp", "Shape_Length": 16.900541576543578, "Shape_Area": 13.763976999256716}}, {"type": "Feature", "id": 640, "geometry": {"type": "Polygon", "coordinates": [[[116247, 452896.34699999914], [116247.18299999833, 452898.2659999989], [116240.91000000015, 452898.8299999982], [116240.70699999854, 452896.62099999934], [116246.9690000005, 452896.02600000054], [116247, 452896.34699999914]]]}, "properties": {"OBJECTID": 640, "ET_ID": 20614, "NWRW_TYP": "DV", "STELSEL1": "H", "AFGEKOP": 1, "AREA": 14.06325250215, "ET_Source": "P:\\336468\\Water\\Gis\\Data\\Shape\\Afvoerend oppervlak\\AO_BDGR_RW_2015.shp", "Shape_Length": 17.057014764759895, "Shape_Area": 14.063252491026596}}, {"type": "Feature", "id": 641, "geometry": {"type": "Polygon", "coordinates": [[[116238.65900000185, 452902.9919999987], [116233.44900000095, 452903.4609999992], [116233.25600000098, 452901.63599999994], [116233.18899999931, 452901.0020000003], [116238.39799999818, 452900.53400000185], [116238.65900000185, 452902.9919999987]]]}, "properties": {"OBJECTID": 641, "ET_ID": 20615, "NWRW_TYP": "DV", "STELSEL1": "H", "AFGEKOP": 1, "AREA": 12.92964350903, "ET_Source": "P:\\336468\\Water\\Gis\\Data\\Shape\\Afvoerend oppervlak\\AO_BDGR_RW_2015.shp", "Shape_Length": 15.405573640759382, "Shape_Area": 12.929643488094449}}, {"type": "Feature", "id": 642, "geometry": {"type": "Polygon", "coordinates": [[[116243.66800000146, 452900.61100000143], [116243.87099999934, 452902.5240000002], [116238.65900000185, 452902.9919999987], [116238.39799999818, 452900.53400000185], [116243.6099999994, 452900.06500000134], [116243.66800000146, 452900.61100000143]]]}, "properties": {"OBJECTID": 642, "ET_ID": 20616, "NWRW_TYP": "DV", "STELSEL1": "H", "AFGEKOP": 1, "AREA": 12.93603849977, "ET_Source": "P:\\336468\\Water\\Gis\\Data\\Shape\\Afvoerend oppervlak\\AO_BDGR_RW_2015.shp", "Shape_Length": 15.41065890886835, "Shape_Area": 12.936038490453527}}, {"type": "Feature", "id": 643, "geometry": {"type": "Polygon", "coordinates": [[[116249.08199999854, 452902.0549999997], [116243.87099999934, 452902.5240000002], [116243.66800000146, 452900.61100000143], [116243.6099999994, 452900.06500000134], [116248.82200000063, 452899.59699999914], [116249.08199999854, 452902.0549999997]]]}, "properties": {"OBJECTID": 643, "ET_ID": 20617, "NWRW_TYP": "DV", "STELSEL1": "H", "AFGEKOP": 1, "AREA": 12.93445898707, "ET_Source": "P:\\336468\\Water\\Gis\\Data\\Shape\\Afvoerend oppervlak\\AO_BDGR_RW_2015.shp", "Shape_Length": 15.409557548697407, "Shape_Area": 12.93445899638793}}, {"type": "Feature", "id": 644, "geometry": {"type": "Polygon", "coordinates": [[[116252.34600000083, 452899.32499999925], [116252.56300000101, 452901.7419999987], [116249.08199999854, 452902.0549999997], [116248.82200000063, 452899.59699999914], [116252.34200000018, 452899.2800000012], [116252.34600000083, 452899.32499999925]]]}, "properties": {"OBJECTID": 644, "ET_ID": 20618, "NWRW_TYP": "DV", "STELSEL1": "H", "AFGEKOP": 1, "AREA": 8.68693899538, "ET_Source": "P:\\336468\\Water\\Gis\\Data\\Shape\\Afvoerend oppervlak\\AO_BDGR_RW_2015.shp", "Shape_Length": 11.972900665783264, "Shape_Area": 8.686938999776974}}, {"type": "Feature", "id": 645, "geometry": {"type": "Polygon", "coordinates": [[[116253.32800000161, 452897.71400000155], [116247.18299999833, 452898.2659999989], [116247, 452896.34699999914], [116246.9690000005, 452896.02600000054], [116253.12000000104, 452895.44200000167], [116253.32800000161, 452897.71400000155]]]}, "properties": {"OBJECTID": 645, "ET_ID": 20619, "NWRW_TYP": "DV", "STELSEL1": "H", "AFGEKOP": 1, "AREA": 13.98936300777, "ET_Source": "P:\\336468\\Water\\Gis\\Data\\Shape\\Afvoerend oppervlak\\AO_BDGR_RW_2015.shp", "Shape_Length": 16.880105012956054, "Shape_Area": 13.989362998135283}}, {"type": "Feature", "id": 646, "geometry": {"type": "Polygon", "coordinates": [[[116259.41600000113, 452896.0780000016], [116259.5150000006, 452897.1570000015], [116253.32800000161, 452897.71400000155], [116253.12000000104, 452895.44200000167], [116259.3040000014, 452894.85500000045], [116259.41600000113, 452896.0780000016]]]}, "properties": {"OBJECTID": 646, "ET_ID": 20620, "NWRW_TYP": "DV", "STELSEL1": "H", "AFGEKOP": 1, "AREA": 14.26595800238, "ET_Source": "P:\\336468\\Water\\Gis\\Data\\Shape\\Afvoerend oppervlak\\AO_BDGR_RW_2015.shp", "Shape_Length": 17.016970410782715, "Shape_Area": 14.265958002383455}}, {"type": "Feature", "id": 647, "geometry": {"type": "Polygon", "coordinates": [[[116259.6640000008, 452904.96499999985], [116257.47599999979, 452905.1499999985], [116257.35200000182, 452905.16099999845], [116257.01099999994, 452901.1409999989], [116259.31700000167, 452900.94299999997], [116259.6640000008, 452904.96499999985]]]}, "properties": {"OBJECTID": 647, "ET_ID": 20621, "NWRW_TYP": "DV", "STELSEL1": "H", "AFGEKOP": 1, "AREA": 9.35169300176, "ET_Source": "P:\\336468\\Water\\Gis\\Data\\Shape\\Afvoerend oppervlak\\AO_BDGR_RW_2015.shp", "Shape_Length": 12.706156844407168, "Shape_Area": 9.351693000247671}}, {"type": "Feature", "id": 648, "geometry": {"type": "Polygon", "coordinates": [[[116260.00200000033, 452908.87999999896], [116257.68400000036, 452909.0720000006], [116257.35200000182, 452905.16099999845], [116257.47599999979, 452905.1499999985], [116259.6640000008, 452904.96499999985], [116260.00200000033, 452908.87999999896]]]}, "properties": {"OBJECTID": 648, "ET_ID": 20622, "NWRW_TYP": "DV", "STELSEL1": "H", "AFGEKOP": 1, "AREA": 9.12414899928, "ET_Source": "P:\\336468\\Water\\Gis\\Data\\Shape\\Afvoerend oppervlak\\AO_BDGR_RW_2015.shp", "Shape_Length": 12.500861881653034, "Shape_Area": 9.124148999510542}}, {"type": "Feature", "id": 649, "geometry": {"type": "Polygon", "coordinates": [[[116263.92799999937, 452896.5789999999], [116263.95499999821, 452896.7580000013], [116259.5150000006, 452897.1570000015], [116259.41600000113, 452896.0780000016], [116259.3040000014, 452894.85500000045], [116263.72899999842, 452894.43499999866], [116263.92799999937, 452896.5789999999]]]}, "properties": {"OBJECTID": 649, "ET_ID": 20623, "NWRW_TYP": "DV", "STELSEL1": "H", "AFGEKOP": 1, "AREA": 10.3286130034, "ET_Source": "P:\\336468\\Water\\Gis\\Data\\Shape\\Afvoerend oppervlak\\AO_BDGR_RW_2015.shp", "Shape_Length": 13.548669716514324, "Shape_Area": 10.328613003397257}}, {"type": "Feature", "id": 650, "geometry": {"type": "Polygon", "coordinates": [[[116217.60500000045, 452902.91099999845], [116217.81300000101, 452904.8669999987], [116212.25800000131, 452905.3660000004], [116212.05299999937, 452903.0879999995], [116212.03700000048, 452902.90399999917], [116217.55200000107, 452902.4079999998], [116217.60500000045, 452902.91099999845]]]}, "properties": {"OBJECTID": 650, "ET_ID": 20624, "NWRW_TYP": "DV", "STELSEL1": "H", "AFGEKOP": 1, "AREA": 13.73892299685, "ET_Source": "P:\\336468\\Water\\Gis\\Data\\Shape\\Afvoerend oppervlak\\AO_BDGR_RW_2015.shp", "Shape_Length": 16.059339237495788, "Shape_Area": 13.738923001790837}}, {"type": "Feature", "id": 651, "geometry": {"type": "Polygon", "coordinates": [[[116223.02499999851, 452904.3979999982], [116217.81300000101, 452904.8669999987], [116217.60500000045, 452902.91099999845], [116217.55200000107, 452902.4079999998], [116222.76399999857, 452901.9389999993], [116223.02499999851, 452904.3979999982]]]}, "properties": {"OBJECTID": 651, "ET_ID": 20625, "NWRW_TYP": "DV", "STELSEL1": "H", "AFGEKOP": 1, "AREA": 12.93919500742, "ET_Source": "P:\\336468\\Water\\Gis\\Data\\Shape\\Afvoerend oppervlak\\AO_BDGR_RW_2015.shp", "Shape_Length": 15.411743029859537, "Shape_Area": 12.939194988651499}}, {"type": "Feature", "id": 652, "geometry": {"type": "Polygon", "coordinates": [[[116228.05299999937, 452902.1970000006], [116228.23600000143, 452903.9290000014], [116223.02499999851, 452904.3979999982], [116222.76399999857, 452901.9389999993], [116227.97599999979, 452901.47100000083], [116228.05299999937, 452902.1970000006]]]}, "properties": {"OBJECTID": 652, "ET_ID": 20626, "NWRW_TYP": "DV", "STELSEL1": "H", "AFGEKOP": 1, "AREA": 12.9347699987, "ET_Source": "P:\\336468\\Water\\Gis\\Data\\Shape\\Afvoerend oppervlak\\AO_BDGR_RW_2015.shp", "Shape_Length": 15.409557590289289, "Shape_Area": 12.934770002310648}}, {"type": "Feature", "id": 653, "geometry": {"type": "Polygon", "coordinates": [[[116222.37099999934, 452900.4979999997], [116216.02699999884, 452901.06799999997], [116216.01099999994, 452900.7419999987], [116215.92599999905, 452898.97399999946], [116222.17700000107, 452898.37999999896], [116222.37099999934, 452900.4979999997]]]}, "properties": {"OBJECTID": 653, "ET_ID": 20627, "NWRW_TYP": "DV", "STELSEL1": "H", "AFGEKOP": 1, "AREA": 13.34866898259, "ET_Source": "P:\\336468\\Water\\Gis\\Data\\Shape\\Afvoerend oppervlak\\AO_BDGR_RW_2015.shp", "Shape_Length": 16.87201507573523, "Shape_Area": 13.348669004829361}}, {"type": "Feature", "id": 654, "geometry": {"type": "Polygon", "coordinates": [[[116233.25600000098, 452901.63599999994], [116233.44900000095, 452903.4609999992], [116228.23600000143, 452903.9290000014], [116228.05299999937, 452902.1970000006], [116227.97599999979, 452901.47100000083], [116233.18899999931, 452901.0020000003], [116233.25600000098, 452901.63599999994]]]}, "properties": {"OBJECTID": 654, "ET_ID": 20628, "NWRW_TYP": "DV", "STELSEL1": "H", "AFGEKOP": 1, "AREA": 12.93767400616, "ET_Source": "P:\\336468\\Water\\Gis\\Data\\Shape\\Afvoerend oppervlak\\AO_BDGR_RW_2015.shp", "Shape_Length": 15.412440184706345, "Shape_Area": 12.937674001075909}}, {"type": "Feature", "id": 655, "geometry": {"type": "Polygon", "coordinates": [[[116196.86400000006, 452886.5520000011], [116190.81799999997, 452887.41899999976], [116190.75299999863, 452887.00400000066], [116190.34600000083, 452884.40100000054], [116196.38899999857, 452883.48999999836], [116196.86400000006, 452886.5520000011]]]}, "properties": {"OBJECTID": 655, "ET_ID": 20629, "NWRW_TYP": "DV", "STELSEL1": "H", "AFGEKOP": 1, "AREA": 18.79636647697, "ET_Source": "P:\\336468\\Water\\Gis\\Data\\Shape\\Afvoerend oppervlak\\AO_BDGR_RW_2015.shp", "Shape_Length": 18.37243998527865, "Shape_Area": 18.796366505419375}}, {"type": "Feature", "id": 656, "geometry": {"type": "Polygon", "coordinates": [[[116196.38899999857, 452883.48999999836], [116190.34600000083, 452884.40100000054], [116189.88699999824, 452881.47100000083], [116195.93499999866, 452880.55900000036], [116196.38899999857, 452883.48999999836]]]}, "properties": {"OBJECTID": 656, "ET_ID": 20630, "NWRW_TYP": "DV", "STELSEL1": "H", "AFGEKOP": 1, "AREA": 18.13243750627, "ET_Source": "P:\\336468\\Water\\Gis\\Data\\Shape\\Afvoerend oppervlak\\AO_BDGR_RW_2015.shp", "Shape_Length": 18.159345029053696, "Shape_Area": 18.132437492102383}}, {"type": "Feature", "id": 657, "geometry": {"type": "Polygon", "coordinates": [[[116203.5940000005, 452892.15199999884], [116200.56100000069, 452892.43400000036], [116200.00800000131, 452886.2870000005], [116203.08399999887, 452886.02800000086], [116203.5940000005, 452892.15199999884]]]}, "properties": {"OBJECTID": 657, "ET_ID": 20631, "NWRW_TYP": "DV", "STELSEL1": "H", "AFGEKOP": 1, "AREA": 18.88465550474, "ET_Source": "P:\\336468\\Water\\Gis\\Data\\Shape\\Afvoerend oppervlak\\AO_BDGR_RW_2015.shp", "Shape_Length": 18.449990207110652, "Shape_Area": 18.88465548911539}}, {"type": "Feature", "id": 658, "geometry": {"type": "Polygon", "coordinates": [[[116206.56700000167, 452891.875], [116203.5940000005, 452892.15199999884], [116203.08399999887, 452886.02800000086], [116206.0309999995, 452885.7800000012], [116206.56700000167, 452891.875]]]}, "properties": {"OBJECTID": 658, "ET_ID": 20632, "NWRW_TYP": "DV", "STELSEL1": "H", "AFGEKOP": 1, "AREA": 18.22140750632, "ET_Source": "P:\\336468\\Water\\Gis\\Data\\Shape\\Afvoerend oppervlak\\AO_BDGR_RW_2015.shp", "Shape_Length": 18.207015235082533, "Shape_Area": 18.22140750080973}}, {"type": "Feature", "id": 659, "geometry": {"type": "Polygon", "coordinates": [[[116209.5700000003, 452891.59600000083], [116209.53000000119, 452891.6000000015], [116206.56700000167, 452891.875], [116206.0309999995, 452885.7800000012], [116209.0159999989, 452885.52800000086], [116209.5700000003, 452891.59600000083]]]}, "properties": {"OBJECTID": 659, "ET_ID": 20633, "NWRW_TYP": "DV", "STELSEL1": "H", "AFGEKOP": 1, "AREA": 18.35313449266, "ET_Source": "P:\\336468\\Water\\Gis\\Data\\Shape\\Afvoerend oppervlak\\AO_BDGR_RW_2015.shp", "Shape_Length": 18.223312008888815, "Shape_Area": 18.35313449364963}}, {"type": "Feature", "id": 660, "geometry": {"type": "Polygon", "coordinates": [[[116194.07699999958, 452868.5780000016], [116188.01399999857, 452869.4919999987], [116187.54500000179, 452866.49599999934], [116193.60799999908, 452865.5560000017], [116194.07699999958, 452868.5780000016]]]}, "properties": {"OBJECTID": 660, "ET_ID": 20634, "NWRW_TYP": "DV", "STELSEL1": "H", "AFGEKOP": 1, "AREA": 18.67833000167, "ET_Source": "P:\\336468\\Water\\Gis\\Data\\Shape\\Afvoerend oppervlak\\AO_BDGR_RW_2015.shp", "Shape_Length": 18.35760512477347, "Shape_Area": 18.67832999259427}}, {"type": "Feature", "id": 661, "geometry": {"type": "Polygon", "coordinates": [[[116194.1090000011, 452868.7870000005], [116194.54899999872, 452871.6270000003], [116188.48999999836, 452872.5399999991], [116188.01399999857, 452869.4919999987], [116194.07699999958, 452868.5780000016], [116194.1090000011, 452868.7870000005]]]}, "properties": {"OBJECTID": 661, "ET_ID": 20635, "NWRW_TYP": "DV", "STELSEL1": "H", "AFGEKOP": 1, "AREA": 18.90941749674, "ET_Source": "P:\\336468\\Water\\Gis\\Data\\Shape\\Afvoerend oppervlak\\AO_BDGR_RW_2015.shp", "Shape_Length": 18.429169546814375, "Shape_Area": 18.909417500652822}}, {"type": "Feature", "id": 662, "geometry": {"type": "Polygon", "coordinates": [[[116194.99799999967, 452874.51999999955], [116188.94299999997, 452875.43299999833], [116188.48999999836, 452872.5399999991], [116194.54899999872, 452871.6270000003], [116194.99799999967, 452874.51999999955]]]}, "properties": {"OBJECTID": 662, "ET_ID": 20636, "NWRW_TYP": "DV", "STELSEL1": "H", "AFGEKOP": 1, "AREA": 17.93466400473, "ET_Source": "P:\\336468\\Water\\Gis\\Data\\Shape\\Afvoerend oppervlak\\AO_BDGR_RW_2015.shp", "Shape_Length": 18.106735082047013, "Shape_Area": 17.93466399601182}}, {"type": "Feature", "id": 663, "geometry": {"type": "Polygon", "coordinates": [[[116195.46200000122, 452877.51099999994], [116189.41099999845, 452878.4230000004], [116188.94299999997, 452875.43299999833], [116194.99799999967, 452874.51999999955], [116195.46200000122, 452877.51099999994]]]}, "properties": {"OBJECTID": 663, "ET_ID": 20637, "NWRW_TYP": "DV", "STELSEL1": "H", "AFGEKOP": 1, "AREA": 18.52672148461, "ET_Source": "P:\\336468\\Water\\Gis\\Data\\Shape\\Afvoerend oppervlak\\AO_BDGR_RW_2015.shp", "Shape_Length": 18.295969268756775, "Shape_Area": 18.526721511024967}}, {"type": "Feature", "id": 664, "geometry": {"type": "Polygon", "coordinates": [[[116195.93499999866, 452880.55900000036], [116189.88699999824, 452881.47100000083], [116189.87099999934, 452881.3669999987], [116189.41099999845, 452878.4230000004], [116195.46200000122, 452877.51099999994], [116195.93499999866, 452880.55900000036]]]}, "properties": {"OBJECTID": 664, "ET_ID": 20638, "NWRW_TYP": "DV", "STELSEL1": "H", "AFGEKOP": 1, "AREA": 18.87125200108, "ET_Source": "P:\\336468\\Water\\Gis\\Data\\Shape\\Afvoerend oppervlak\\AO_BDGR_RW_2015.shp", "Shape_Length": 18.405144255749768, "Shape_Area": 18.871252004169257}}, {"type": "Feature", "id": 665, "geometry": {"type": "Polygon", "coordinates": [[[116228.03000000119, 452849.4780000001], [116221.63899999857, 452850.04199999943], [116221.32299999893, 452846.4620000012], [116227.69700000063, 452845.8999999985], [116228.03000000119, 452849.4780000001]]]}, "properties": {"OBJECTID": 665, "ET_ID": 20640, "NWRW_TYP": "DV", "STELSEL1": "H", "AFGEKOP": 1, "AREA": 23.02566099422, "ET_Source": "P:\\336468\\Water\\Gis\\Data\\Shape\\Afvoerend oppervlak\\AO_BDGR_RW_2015.shp", "Shape_Length": 20.00194782942512, "Shape_Area": 23.025661007549928}}, {"type": "Feature", "id": 666, "geometry": {"type": "Polygon", "coordinates": [[[116247.63800000027, 452837.73099999875], [116241.48299999908, 452838.2729999982], [116241.19000000134, 452835.0329999998], [116247.34499999881, 452834.4910000004], [116247.63800000027, 452837.73099999875]]]}, "properties": {"OBJECTID": 666, "ET_ID": 20641, "NWRW_TYP": "DV", "STELSEL1": "H", "AFGEKOP": 1, "AREA": 20.10100601028, "ET_Source": "P:\\336468\\Water\\Gis\\Data\\Shape\\Afvoerend oppervlak\\AO_BDGR_RW_2015.shp", "Shape_Length": 18.864078182831832, "Shape_Area": 20.101005987354608}}, {"type": "Feature", "id": 667, "geometry": {"type": "Polygon", "coordinates": [[[116247.91200000048, 452842.66099999845], [116242.32200000063, 452843.131000001], [116242.19200000167, 452841.8040000014], [116241.80600000173, 452841.83900000155], [116241.48299999908, 452838.2729999982], [116247.63800000027, 452837.73099999875], [116247.9600000009, 452841.2820000015], [116247.84099999815, 452841.29300000146], [116247.91200000048, 452842.66099999845]]]}, "properties": {"OBJECTID": 667, "ET_ID": 20642, "NWRW_TYP": "DV", "STELSEL1": "H", "AFGEKOP": 1, "AREA": 29.70004448961, "ET_Source": "P:\\336468\\Water\\Gis\\Data\\Shape\\Afvoerend oppervlak\\AO_BDGR_RW_2015.shp", "Shape_Length": 22.144993902634653, "Shape_Area": 29.700044507342234}}, {"type": "Feature", "id": 668, "geometry": {"type": "Polygon", "coordinates": [[[116257.81799999997, 452846.90900000185], [116255.73699999973, 452847.1099999994], [116255.32899999991, 452842.73600000143], [116257.39699999988, 452842.5520000011], [116257.81799999997, 452846.90900000185]]]}, "properties": {"OBJECTID": 668, "ET_ID": 20643, "NWRW_TYP": "DV", "STELSEL1": "H", "AFGEKOP": 1, "AREA": 9.13602100335, "ET_Source": "P:\\336468\\Water\\Gis\\Data\\Shape\\Afvoerend oppervlak\\AO_BDGR_RW_2015.shp", "Shape_Length": 12.937134261627186, "Shape_Area": 9.13602099871607}}, {"type": "Feature", "id": 669, "geometry": {"type": "Polygon", "coordinates": [[[116257.39699999988, 452842.5520000011], [116255.32899999991, 452842.73600000143], [116254.73999999836, 452836.41699999943], [116256.78500000015, 452836.2199999988], [116257.39699999988, 452842.5520000011]]]}, "properties": {"OBJECTID": 669, "ET_ID": 20644, "NWRW_TYP": "DV", "STELSEL1": "H", "AFGEKOP": 1, "AREA": 13.12278599056, "ET_Source": "P:\\336468\\Water\\Gis\\Data\\Shape\\Afvoerend oppervlak\\AO_BDGR_RW_2015.shp", "Shape_Length": 16.838534394720995, "Shape_Area": 13.122786010360658}}, {"type": "Feature", "id": 670, "geometry": {"type": "Polygon", "coordinates": [[[116244.24399999902, 452800.243999999], [116238.08900000155, 452800.78599999845], [116237.76999999955, 452797.26900000125], [116242.82499999925, 452796.8110000007], [116243.92399999872, 452796.7120000012], [116244.24399999902, 452800.243999999]]]}, "properties": {"OBJECTID": 670, "ET_ID": 20645, "NWRW_TYP": "DV", "STELSEL1": "H", "AFGEKOP": 1, "AREA": 21.86854900923, "ET_Source": "P:\\336468\\Water\\Gis\\Data\\Shape\\Afvoerend oppervlak\\AO_BDGR_RW_2015.shp", "Shape_Length": 19.435877361706837, "Shape_Area": 21.8685489807619}}, {"type": "Feature", "id": 671, "geometry": {"type": "Polygon", "coordinates": [[[116244.5390000008, 452803.4979999997], [116238.38300000131, 452804.0399999991], [116238.08900000155, 452800.78599999845], [116244.24399999902, 452800.243999999], [116244.5390000008, 452803.4979999997]]]}, "properties": {"OBJECTID": 671, "ET_ID": 20646, "NWRW_TYP": "DV", "STELSEL1": "H", "AFGEKOP": 1, "AREA": 20.18961599348, "ET_Source": "P:\\336468\\Water\\Gis\\Data\\Shape\\Afvoerend oppervlak\\AO_BDGR_RW_2015.shp", "Shape_Length": 18.893230824015127, "Shape_Area": 20.18961599934326}}, {"type": "Feature", "id": 672, "geometry": {"type": "Polygon", "coordinates": [[[116244.86699999869, 452807.125], [116238.71200000122, 452807.66699999943], [116238.38300000131, 452804.0399999991], [116244.5390000008, 452803.4979999997], [116244.86699999869, 452807.125]]]}, "properties": {"OBJECTID": 672, "ET_ID": 20647, "NWRW_TYP": "DV", "STELSEL1": "H", "AFGEKOP": 1, "AREA": 22.50404550471, "ET_Source": "P:\\336468\\Water\\Gis\\Data\\Shape\\Afvoerend oppervlak\\AO_BDGR_RW_2015.shp", "Shape_Length": 19.642323460706944, "Shape_Area": 22.504045495721517}}, {"type": "Feature", "id": 673, "geometry": {"type": "Polygon", "coordinates": [[[116245.16299999878, 452810.3909999989], [116239.00800000131, 452810.93299999833], [116238.71200000122, 452807.66699999943], [116244.86699999869, 452807.125], [116245.16299999878, 452810.3909999989]]]}, "properties": {"OBJECTID": 673, "ET_ID": 20648, "NWRW_TYP": "DV", "STELSEL1": "H", "AFGEKOP": 1, "AREA": 20.262662009, "ET_Source": "P:\\336468\\Water\\Gis\\Data\\Shape\\Afvoerend oppervlak\\AO_BDGR_RW_2015.shp", "Shape_Length": 18.916407363281504, "Shape_Area": 20.262661984820397}}, {"type": "Feature", "id": 674, "geometry": {"type": "Polygon", "coordinates": [[[116245.48099999875, 452813.9079999998], [116239.32600000128, 452814.44999999925], [116239.00800000131, 452810.93299999833], [116245.16299999878, 452810.3909999989], [116245.48099999875, 452813.9079999998]]]}, "properties": {"OBJECTID": 674, "ET_ID": 20649, "NWRW_TYP": "DV", "STELSEL1": "H", "AFGEKOP": 1, "AREA": 21.81949099881, "ET_Source": "P:\\336468\\Water\\Gis\\Data\\Shape\\Afvoerend oppervlak\\AO_BDGR_RW_2015.shp", "Shape_Length": 19.42032991775095, "Shape_Area": 21.819490996580956}}, {"type": "Feature", "id": 675, "geometry": {"type": "Polygon", "coordinates": [[[116245.78200000152, 452817.23000000045], [116239.62700000033, 452817.7719999999], [116239.32600000128, 452814.44999999925], [116245.48099999875, 452813.9079999998], [116245.78200000152, 452817.23000000045]]]}, "properties": {"OBJECTID": 675, "ET_ID": 20650, "NWRW_TYP": "DV", "STELSEL1": "H", "AFGEKOP": 1, "AREA": 20.61005199622, "ET_Source": "P:\\336468\\Water\\Gis\\Data\\Shape\\Afvoerend oppervlak\\AO_BDGR_RW_2015.shp", "Shape_Length": 19.0288528145593, "Shape_Area": 20.610052001946748}}, {"type": "Feature", "id": 676, "geometry": {"type": "Polygon", "coordinates": [[[116246.0940000005, 452820.6799999997], [116239.94000000134, 452821.22199999914], [116239.62700000033, 452817.7719999999], [116245.78200000152, 452817.23000000045], [116246.0940000005, 452820.6799999997]]]}, "properties": {"OBJECTID": 676, "ET_ID": 20651, "NWRW_TYP": "DV", "STELSEL1": "H", "AFGEKOP": 1, "AREA": 21.4024000079, "ET_Source": "P:\\336468\\Water\\Gis\\Data\\Shape\\Afvoerend oppervlak\\AO_BDGR_RW_2015.shp", "Shape_Length": 19.284887795697323, "Shape_Area": 21.4023999958545}}, {"type": "Feature", "id": 677, "geometry": {"type": "Polygon", "coordinates": [[[116246.39499999955, 452824.0009999983], [116240.23999999836, 452824.54300000146], [116239.94099999964, 452821.24500000104], [116239.94000000134, 452821.22199999914], [116246.0940000005, 452820.6799999997], [116246.39499999955, 452824.0009999983]]]}, "properties": {"OBJECTID": 677, "ET_ID": 20652, "NWRW_TYP": "DV", "STELSEL1": "H", "AFGEKOP": 1, "AREA": 20.60375500734, "ET_Source": "P:\\336468\\Water\\Gis\\Data\\Shape\\Afvoerend oppervlak\\AO_BDGR_RW_2015.shp", "Shape_Length": 19.025799924210208, "Shape_Area": 20.60375500583172}}, {"type": "Feature", "id": 678, "geometry": {"type": "Polygon", "coordinates": [[[116246.71799999848, 452827.56700000167], [116240.56300000101, 452828.1090000011], [116240.23999999836, 452824.54300000146], [116246.39499999955, 452824.0009999983], [116246.71799999848, 452827.56700000167]]]}, "properties": {"OBJECTID": 678, "ET_ID": 20653, "NWRW_TYP": "DV", "STELSEL1": "H", "AFGEKOP": 1, "AREA": 22.12379600129, "ET_Source": "P:\\336468\\Water\\Gis\\Data\\Shape\\Afvoerend oppervlak\\AO_BDGR_RW_2015.shp", "Shape_Length": 19.518832363735307, "Shape_Area": 22.123796007718983}}, {"type": "Feature", "id": 679, "geometry": {"type": "Polygon", "coordinates": [[[116247.02100000158, 452830.90900000185], [116240.86600000039, 452831.45600000024], [116240.56300000101, 452828.1090000011], [116246.71799999848, 452827.56700000167], [116247.02100000158, 452830.90900000185]]]}, "properties": {"OBJECTID": 679, "ET_ID": 20654, "NWRW_TYP": "DV", "STELSEL1": "H", "AFGEKOP": 1, "AREA": 20.75038100121, "ET_Source": "P:\\336468\\Water\\Gis\\Data\\Shape\\Afvoerend oppervlak\\AO_BDGR_RW_2015.shp", "Shape_Length": 19.074470793043464, "Shape_Area": 20.75038099599169}}, {"type": "Feature", "id": 680, "geometry": {"type": "Polygon", "coordinates": [[[116247.34499999881, 452834.4910000004], [116241.19000000134, 452835.0329999998], [116240.86600000039, 452831.45600000024], [116247.02100000158, 452830.90900000185], [116247.34499999881, 452834.4910000004]]]}, "properties": {"OBJECTID": 680, "ET_ID": 20655, "NWRW_TYP": "DV", "STELSEL1": "H", "AFGEKOP": 1, "AREA": 22.20824049866, "ET_Source": "P:\\336468\\Water\\Gis\\Data\\Shape\\Afvoerend oppervlak\\AO_BDGR_RW_2015.shp", "Shape_Length": 19.546343323936085, "Shape_Area": 22.208240490974234}}, {"type": "Feature", "id": 681, "geometry": {"type": "Polygon", "coordinates": [[[116221.82800000161, 452795.51399999857], [116221.93699999899, 452797.19200000167], [116218.59299999848, 452797.48099999875], [116218.35000000149, 452794.66699999943], [116221.75400000066, 452794.3729999997], [116221.82800000161, 452795.51399999857]]]}, "properties": {"OBJECTID": 681, "ET_ID": 20656, "NWRW_TYP": "DV", "STELSEL1": "H", "AFGEKOP": 1, "AREA": 9.56486200262, "ET_Source": "P:\\336468\\Water\\Gis\\Data\\Shape\\Afvoerend oppervlak\\AO_BDGR_RW_2015.shp", "Shape_Length": 12.42254375485505, "Shape_Area": 9.564862003203213}}, {"type": "Feature", "id": 682, "geometry": {"type": "Polygon", "coordinates": [[[116225.52199999988, 452796.8830000013], [116221.93699999899, 452797.19200000167], [116221.82800000161, 452795.51399999857], [116221.75400000066, 452794.3729999997], [116225.27899999917, 452794.06799999997], [116225.52199999988, 452796.8830000013]]]}, "properties": {"OBJECTID": 682, "ET_ID": 20657, "NWRW_TYP": "DV", "STELSEL1": "H", "AFGEKOP": 1, "AREA": 10.07992450495, "ET_Source": "P:\\336468\\Water\\Gis\\Data\\Shape\\Afvoerend oppervlak\\AO_BDGR_RW_2015.shp", "Shape_Length": 12.78686497050112, "Shape_Area": 10.07992450248237}}, {"type": "Feature", "id": 683, "geometry": {"type": "Polygon", "coordinates": [[[116232.22700000182, 452795.45899999887], [116232.3049999997, 452796.2969999984], [116229.06399999931, 452796.5769999996], [116228.81899999827, 452793.7419999987], [116232.0399999991, 452793.46400000155], [116232.22700000182, 452795.45899999887]]]}, "properties": {"OBJECTID": 683, "ET_ID": 20658, "NWRW_TYP": "DV", "STELSEL1": "H", "AFGEKOP": 1, "AREA": 9.22834700038, "ET_Source": "P:\\336468\\Water\\Gis\\Data\\Shape\\Afvoerend oppervlak\\AO_BDGR_RW_2015.shp", "Shape_Length": 12.176981147227492, "Shape_Area": 9.228347001395255}}, {"type": "Feature", "id": 684, "geometry": {"type": "Polygon", "coordinates": [[[116235.98099999875, 452795.9789999984], [116232.3049999997, 452796.2969999984], [116232.22700000182, 452795.45899999887], [116232.0399999991, 452793.46400000155], [116235.73600000143, 452793.14400000125], [116235.98099999875, 452795.9789999984]]]}, "properties": {"OBJECTID": 684, "ET_ID": 20659, "NWRW_TYP": "DV", "STELSEL1": "H", "AFGEKOP": 1, "AREA": 10.52692100273, "ET_Source": "P:\\336468\\Water\\Gis\\Data\\Shape\\Afvoerend oppervlak\\AO_BDGR_RW_2015.shp", "Shape_Length": 13.09048989692111, "Shape_Area": 10.52692098729694}}, {"type": "Feature", "id": 685, "geometry": {"type": "Polygon", "coordinates": [[[116242.61800000072, 452794.34899999946], [116242.71400000155, 452795.3969999999], [116242.6799999997, 452795.3999999985], [116239.39200000092, 452795.68400000036], [116239.14699999988, 452792.84899999946], [116242.45399999991, 452792.563000001], [116242.61800000072, 452794.34899999946]]]}, "properties": {"OBJECTID": 685, "ET_ID": 20660, "NWRW_TYP": "DV", "STELSEL1": "H", "AFGEKOP": 1, "AREA": 9.46760349802, "ET_Source": "P:\\336468\\Water\\Gis\\Data\\Shape\\Afvoerend oppervlak\\AO_BDGR_RW_2015.shp", "Shape_Length": 12.345186932035814, "Shape_Area": 9.467603498018548}}, {"type": "Feature", "id": 686, "geometry": {"type": "Polygon", "coordinates": [[[116246.28400000185, 452794.79100000113], [116246.30900000036, 452795.0859999992], [116242.71400000155, 452795.3969999999], [116242.61800000072, 452794.34899999946], [116242.45399999991, 452792.563000001], [116246.06399999931, 452792.2509999983], [116246.28400000185, 452794.79100000113]]]}, "properties": {"OBJECTID": 686, "ET_ID": 20661, "NWRW_TYP": "DV", "STELSEL1": "H", "AFGEKOP": 1, "AREA": 10.29043200427, "ET_Source": "P:\\336468\\Water\\Gis\\Data\\Shape\\Afvoerend oppervlak\\AO_BDGR_RW_2015.shp", "Shape_Length": 12.923353358947525, "Shape_Area": 10.290432000115544}}, {"type": "Feature", "id": 687, "geometry": {"type": "Polygon", "coordinates": [[[116259.76700000092, 452819.98099999875], [116253.65399999917, 452820.5009999983], [116253.32400000095, 452816.90199999884], [116259.43299999833, 452816.3420000002], [116259.76700000092, 452819.98099999875]]]}, "properties": {"OBJECTID": 687, "ET_ID": 20662, "NWRW_TYP": "DV", "STELSEL1": "H", "AFGEKOP": 1, "AREA": 22.29498900435, "ET_Source": "P:\\336468\\Water\\Gis\\Data\\Shape\\Afvoerend oppervlak\\AO_BDGR_RW_2015.shp", "Shape_Length": 19.538083513390617, "Shape_Area": 22.29498899234651}}, {"type": "Feature", "id": 688, "geometry": {"type": "Polygon", "coordinates": [[[116260.08100000024, 452823.41000000015], [116253.97199999914, 452823.9699999988], [116253.65399999917, 452820.5009999983], [116259.76700000092, 452819.98099999875], [116260.08100000024, 452823.41000000015]]]}, "properties": {"OBJECTID": 688, "ET_ID": 20663, "NWRW_TYP": "DV", "STELSEL1": "H", "AFGEKOP": 1, "AREA": 21.24747898664, "ET_Source": "P:\\336468\\Water\\Gis\\Data\\Shape\\Afvoerend oppervlak\\AO_BDGR_RW_2015.shp", "Shape_Length": 19.196581956440042, "Shape_Area": 21.247479010286092}}, {"type": "Feature", "id": 689, "geometry": {"type": "Polygon", "coordinates": [[[116253.8599999994, 452785.688000001], [116252.21999999881, 452785.83900000155], [116250.48800000176, 452785.9979999997], [116249.90199999884, 452779.625], [116253.27499999851, 452779.31500000134], [116253.8599999994, 452785.688000001]]]}, "properties": {"OBJECTID": 689, "ET_ID": 20670, "NWRW_TYP": "DV", "STELSEL1": "H", "AFGEKOP": 1, "AREA": 21.67483350346, "ET_Source": "P:\\336468\\Water\\Gis\\Data\\Shape\\Afvoerend oppervlak\\AO_BDGR_RW_2015.shp", "Shape_Length": 19.573113314274917, "Shape_Area": 21.674833491887615}}, {"type": "Feature", "id": 690, "geometry": {"type": "Polygon", "coordinates": [[[116252.68100000173, 452790.2740000002], [116250.5859999992, 452790.4459999986], [116250.15500000119, 452786.02899999917], [116250.48800000176, 452785.9979999997], [116252.21999999881, 452785.83900000155], [116252.68100000173, 452790.2740000002]]]}, "properties": {"OBJECTID": 690, "ET_ID": 20671, "NWRW_TYP": "DV", "STELSEL1": "H", "AFGEKOP": 1, "AREA": 9.28717850227, "ET_Source": "P:\\336468\\Water\\Gis\\Data\\Shape\\Afvoerend oppervlak\\AO_BDGR_RW_2015.shp", "Shape_Length": 13.07264478678593, "Shape_Area": 9.28717849732229}}, {"type": "Feature", "id": 691, "geometry": {"type": "Polygon", "coordinates": [[[116217.0859999992, 452937.1479999982], [116215.02600000054, 452938.1229999997], [116213.71999999881, 452935.3660000004], [116215.80700000003, 452934.3779999986], [116217.0859999992, 452937.1479999982]]]}, "properties": {"OBJECTID": 691, "ET_ID": 20691, "NWRW_TYP": "DV", "STELSEL1": "H", "AFGEKOP": 1, "AREA": 6.99870599635, "ET_Source": "P:\\336468\\Water\\Gis\\Data\\Shape\\Afvoerend oppervlak\\AO_BDGR_RW_2015.shp", "Shape_Length": 10.689843415832135, "Shape_Area": 6.9987060011683555}}, {"type": "Feature", "id": 692, "geometry": {"type": "Polygon", "coordinates": [[[116253.75699999928, 452802.60599999875], [116251.72700000182, 452802.7829999998], [116251.31500000134, 452798.30099999905], [116253.36400000006, 452798.1180000007], [116253.75699999928, 452802.60599999875]]]}, "properties": {"OBJECTID": 692, "ET_ID": 20709, "NWRW_TYP": "DV", "STELSEL1": "H", "AFGEKOP": 1, "AREA": 9.21960749877, "ET_Source": "P:\\336468\\Water\\Gis\\Data\\Shape\\Afvoerend oppervlak\\AO_BDGR_RW_2015.shp", "Shape_Length": 13.100928070969053, "Shape_Area": 9.219607490083128}}, {"type": "Feature", "id": 693, "geometry": {"type": "Polygon", "coordinates": [[[116258.39799999818, 452853.11100000143], [116256.27899999917, 452853.3139999993], [116255.85599999875, 452848.73999999836], [116257.95600000024, 452848.5370000005], [116258.39799999818, 452853.11100000143]]]}, "properties": {"OBJECTID": 693, "ET_ID": 20711, "NWRW_TYP": "DV", "STELSEL1": "H", "AFGEKOP": 1, "AREA": 9.73665049556, "ET_Source": "P:\\336468\\Water\\Gis\\Data\\Shape\\Afvoerend oppervlak\\AO_BDGR_RW_2015.shp", "Shape_Length": 13.427314352172022, "Shape_Area": 9.736650502088933}}, {"type": "Feature", "id": 694, "geometry": {"type": "Polygon", "coordinates": [[[116278.09699999914, 452895.3590000011], [116271.6959999986, 452895.9450000003], [116271.36800000072, 452892.41000000015], [116277.7899999991, 452891.8220000006], [116278.09699999914, 452895.3590000011]]]}, "properties": {"OBJECTID": 694, "ET_ID": 20716, "NWRW_TYP": "DV", "STELSEL1": "H", "AFGEKOP": 1, "AREA": 22.85743650697, "ET_Source": "P:\\336468\\Water\\Gis\\Data\\Shape\\Afvoerend oppervlak\\AO_BDGR_RW_2015.shp", "Shape_Length": 19.977112846270018, "Shape_Area": 22.85743649929373}}, {"type": "Feature", "id": 695, "geometry": {"type": "Polygon", "coordinates": [[[116270.01900000125, 452896.0760000013], [116265.44700000063, 452896.4670000002], [116265.24100000039, 452894.2199999988], [116269.81100000069, 452893.8020000011], [116270.01900000125, 452896.0760000013]]]}, "properties": {"OBJECTID": 695, "ET_ID": 20717, "NWRW_TYP": "DV", "STELSEL1": "H", "AFGEKOP": 1, "AREA": 10.41647699634, "ET_Source": "P:\\336468\\Water\\Gis\\Data\\Shape\\Afvoerend oppervlak\\AO_BDGR_RW_2015.shp", "Shape_Length": 13.717681401144105, "Shape_Area": 10.416477004468396}}, {"type": "Feature", "id": 696, "geometry": {"type": "Polygon", "coordinates": [[[116256.59299999848, 452834.47100000083], [116254.60000000149, 452834.66099999845], [116254.22700000182, 452830.2049999982], [116256.37000000104, 452830.00400000066], [116256.59299999848, 452834.47100000083]]]}, "properties": {"OBJECTID": 696, "ET_ID": 20719, "NWRW_TYP": "DV", "STELSEL1": "H", "AFGEKOP": 1, "AREA": 9.28464100077, "ET_Source": "P:\\336468\\Water\\Gis\\Data\\Shape\\Afvoerend oppervlak\\AO_BDGR_RW_2015.shp", "Shape_Length": 13.09858881160573, "Shape_Area": 9.284640990986318}}, {"type": "Feature", "id": 697, "geometry": {"type": "Polygon", "coordinates": [[[116253.20899999887, 452796.4389999993], [116251.16800000146, 452796.61100000143], [116250.75200000033, 452792.0309999995], [116252.80900000036, 452791.86100000143], [116253.20899999887, 452796.4389999993]]]}, "properties": {"OBJECTID": 697, "ET_ID": 20720, "NWRW_TYP": "DV", "STELSEL1": "H", "AFGEKOP": 1, "AREA": 9.4521390028, "ET_Source": "P:\\336468\\Water\\Gis\\Data\\Shape\\Afvoerend oppervlak\\AO_BDGR_RW_2015.shp", "Shape_Length": 13.306542866812608, "Shape_Area": 9.452138993954717}}, {"type": "Feature", "id": 698, "geometry": {"type": "Polygon", "coordinates": [[[116246.38699999824, 452846.3370000012], [116241.87099999934, 452846.7329999991], [116241.64999999851, 452844.70699999854], [116246.20600000024, 452844.2800000012], [116246.38699999824, 452846.3370000012]]]}, "properties": {"OBJECTID": 698, "ET_ID": 20724, "NWRW_TYP": "DV", "STELSEL1": "H", "AFGEKOP": 1, "AREA": 9.34295549891, "ET_Source": "P:\\336468\\Water\\Gis\\Data\\Shape\\Afvoerend oppervlak\\AO_BDGR_RW_2015.shp", "Shape_Length": 13.212260889371398, "Shape_Area": 9.342955501201718}}, {"type": "Feature", "id": 699, "geometry": {"type": "Polygon", "coordinates": [[[116207.17799999937, 452915.686999999], [116204.3359999992, 452917.188000001], [116203.48699999973, 452915.4970000014], [116204.47599999979, 452914.98800000176], [116206.39799999818, 452914.0399999991], [116207.17799999937, 452915.686999999]]]}, "properties": {"OBJECTID": 699, "ET_ID": 20729, "NWRW_TYP": "DV", "STELSEL1": "H", "AFGEKOP": 1, "AREA": 6.0258870039, "ET_Source": "P:\\336468\\Water\\Gis\\Data\\Shape\\Afvoerend oppervlak\\AO_BDGR_RW_2015.shp", "Shape_Length": 10.183928096230137, "Shape_Area": 6.025886998280987}}, {"type": "Feature", "id": 700, "geometry": {"type": "Polygon", "coordinates": [[[116389.7340000011, 452979.59800000116], [116386.00800000131, 452979.84800000116], [116385.79800000042, 452977.5729999989], [116389.58100000024, 452977.3189999983], [116389.7340000011, 452979.59800000116]]]}, "properties": {"OBJECTID": 700, "ET_ID": 20731, "NWRW_TYP": "DV", "STELSEL1": "H", "AFGEKOP": 1, "AREA": 8.59473449548, "ET_Source": "P:\\336468\\Water\\Gis\\Data\\Shape\\Afvoerend oppervlak\\AO_BDGR_RW_2015.shp", "Shape_Length": 12.094696883356685, "Shape_Area": 8.594734509462743}}, {"type": "Feature", "id": 701, "geometry": {"type": "Polygon", "coordinates": [[[116386.00800000131, 452979.84800000116], [116382.4609999992, 452980.0859999992], [116382.30799999833, 452977.80700000003], [116385.79800000042, 452977.5729999989], [116386.00800000131, 452979.84800000116]]]}, "properties": {"OBJECTID": 701, "ET_ID": 20732, "NWRW_TYP": "DV", "STELSEL1": "H", "AFGEKOP": 1, "AREA": 8.05445849889, "ET_Source": "P:\\336468\\Water\\Gis\\Data\\Shape\\Afvoerend oppervlak\\AO_BDGR_RW_2015.shp", "Shape_Length": 11.621613496865157, "Shape_Area": 8.05445850737737}}, {"type": "Feature", "id": 702, "geometry": {"type": "Polygon", "coordinates": [[[116368.00800000131, 452983.2120000012], [116364.27699999884, 452983.55700000003], [116364.14999999851, 452982.13800000027], [116364.0859999992, 452981.4279999994], [116367.81100000069, 452981.08300000057], [116368.00800000131, 452983.2120000012]]]}, "properties": {"OBJECTID": 702, "ET_ID": 20733, "NWRW_TYP": "DV", "STELSEL1": "H", "AFGEKOP": 1, "AREA": 8.0035189924, "ET_Source": "P:\\336468\\Water\\Gis\\Data\\Shape\\Afvoerend oppervlak\\AO_BDGR_RW_2015.shp", "Shape_Length": 11.763504775397557, "Shape_Area": 8.003519007145748}}, {"type": "Feature", "id": 703, "geometry": {"type": "Polygon", "coordinates": [[[116364.14999999851, 452982.13800000027], [116364.27699999884, 452983.55700000003], [116360.72300000116, 452983.88599999994], [116360.52600000054, 452981.7580000013], [116364.0859999992, 452981.4279999994], [116364.14999999851, 452982.13800000027]]]}, "properties": {"OBJECTID": 703, "ET_ID": 20734, "NWRW_TYP": "DV", "STELSEL1": "H", "AFGEKOP": 1, "AREA": 7.63532049556, "ET_Source": "P:\\336468\\Water\\Gis\\Data\\Shape\\Afvoerend oppervlak\\AO_BDGR_RW_2015.shp", "Shape_Length": 11.419107557154758, "Shape_Area": 7.635320494383022}}, {"type": "Feature", "id": 704, "geometry": {"type": "Polygon", "coordinates": [[[116353.33900000155, 452984.6429999992], [116349.65900000185, 452984.9840000011], [116349.46200000122, 452982.85500000045], [116353.14900000021, 452982.51399999857], [116353.33900000155, 452984.6429999992]]]}, "properties": {"OBJECTID": 704, "ET_ID": 20735, "NWRW_TYP": "DV", "STELSEL1": "H", "AFGEKOP": 1, "AREA": 7.908155001, "ET_Source": "P:\\336468\\Water\\Gis\\Data\\Shape\\Afvoerend oppervlak\\AO_BDGR_RW_2015.shp", "Shape_Length": 11.674057046282018, "Shape_Area": 7.908155001717881}}, {"type": "Feature", "id": 705, "geometry": {"type": "Polygon", "coordinates": [[[116356.94399999827, 452984.30900000036], [116353.33900000155, 452984.6429999992], [116353.14900000021, 452982.51399999857], [116356.74700000137, 452982.1810000017], [116356.94399999827, 452984.30900000036]]]}, "properties": {"OBJECTID": 705, "ET_ID": 20736, "NWRW_TYP": "DV", "STELSEL1": "H", "AFGEKOP": 1, "AREA": 7.73032500106, "ET_Source": "P:\\336468\\Water\\Gis\\Data\\Shape\\Afvoerend oppervlak\\AO_BDGR_RW_2015.shp", "Shape_Length": 11.508376833850603, "Shape_Area": 7.730324995751678}}, {"type": "Feature", "id": 706, "geometry": {"type": "Polygon", "coordinates": [[[116345.94399999827, 452985.27800000086], [116342.35099999979, 452985.61100000143], [116342.15700000152, 452983.4820000008], [116345.74700000137, 452983.1499999985], [116345.94399999827, 452985.27800000086]]]}, "properties": {"OBJECTID": 706, "ET_ID": 20737, "NWRW_TYP": "DV", "STELSEL1": "H", "AFGEKOP": 1, "AREA": 7.70951150063, "ET_Source": "P:\\336468\\Water\\Gis\\Data\\Shape\\Afvoerend oppervlak\\AO_BDGR_RW_2015.shp", "Shape_Length": 11.488636930778597, "Shape_Area": 7.7095115031032115}}, {"type": "Feature", "id": 707, "geometry": {"type": "Polygon", "coordinates": [[[116342.35099999979, 452985.61100000143], [116338.65900000185, 452985.9530000016], [116338.46200000122, 452983.82400000095], [116342.15700000152, 452983.4820000008], [116342.35099999979, 452985.61100000143]]]}, "properties": {"OBJECTID": 707, "ET_ID": 20738, "NWRW_TYP": "DV", "STELSEL1": "H", "AFGEKOP": 1, "AREA": 7.9303225004, "ET_Source": "P:\\336468\\Water\\Gis\\Data\\Shape\\Afvoerend oppervlak\\AO_BDGR_RW_2015.shp", "Shape_Length": 11.694515505613714, "Shape_Area": 7.930322500396296}}, {"type": "Feature", "id": 708, "geometry": {"type": "Polygon", "coordinates": [[[116391.96700000018, 452863.9129999988], [116387.4149999991, 452864.26900000125], [116387.37200000137, 452863.1319999993], [116391.94200000167, 452862.7340000011], [116391.96700000018, 452863.9129999988]]]}, "properties": {"OBJECTID": 708, "ET_ID": 20740, "NWRW_TYP": "DV", "STELSEL1": "H", "AFGEKOP": 1, "AREA": 5.29445599783, "ET_Source": "P:\\336468\\Water\\Gis\\Data\\Shape\\Afvoerend oppervlak\\AO_BDGR_RW_2015.shp", "Shape_Length": 11.470275648133706, "Shape_Area": 5.294455999281496}}, {"type": "Feature", "id": 709, "geometry": {"type": "Polygon", "coordinates": [[[116328.66299999878, 452987.10599999875], [116324.17599999905, 452987.3830000013], [116324.0150000006, 452984.7829999998], [116328.42799999937, 452984.51000000164], [116328.66299999878, 452987.10599999875]]]}, "properties": {"OBJECTID": 709, "ET_ID": 20741, "NWRW_TYP": "DV", "STELSEL1": "H", "AFGEKOP": 1, "AREA": 11.615550008, "ET_Source": "P:\\336468\\Water\\Gis\\Data\\Shape\\Afvoerend oppervlak\\AO_BDGR_RW_2015.shp", "Shape_Length": 14.128573095934202, "Shape_Area": 11.615549994726479}}, {"type": "Feature", "id": 710, "geometry": {"type": "Polygon", "coordinates": [[[116333.24599999934, 452986.8220000006], [116328.66299999878, 452987.10599999875], [116328.42799999937, 452984.51000000164], [116333.0850000009, 452984.22100000083], [116333.24599999934, 452986.8220000006]]]}, "properties": {"OBJECTID": 710, "ET_ID": 20742, "NWRW_TYP": "DV", "STELSEL1": "H", "AFGEKOP": 1, "AREA": 12.0617969998, "ET_Source": "P:\\336468\\Water\\Gis\\Data\\Shape\\Afvoerend oppervlak\\AO_BDGR_RW_2015.shp", "Shape_Length": 14.47034266230538, "Shape_Area": 12.06179699513714}}, {"type": "Feature", "id": 711, "geometry": {"type": "Polygon", "coordinates": [[[116315.96999999881, 452986.2899999991], [116311.50299999863, 452986.7329999991], [116311.25899999961, 452984.2659999989], [116315.74599999934, 452983.8200000003], [116315.96999999881, 452986.2899999991]]]}, "properties": {"OBJECTID": 711, "ET_ID": 20743, "NWRW_TYP": "DV", "STELSEL1": "H", "AFGEKOP": 1, "AREA": 11.15548751132, "ET_Source": "P:\\336468\\Water\\Gis\\Data\\Shape\\Afvoerend oppervlak\\AO_BDGR_RW_2015.shp", "Shape_Length": 13.957197514133988, "Shape_Area": 11.155487497116253}}, {"type": "Feature", "id": 712, "geometry": {"type": "Polygon", "coordinates": [[[116320.43100000173, 452985.84699999914], [116315.96999999881, 452986.2899999991], [116315.74599999934, 452983.8200000003], [116320.18600000069, 452983.37900000066], [116320.43100000173, 452985.84699999914]]]}, "properties": {"OBJECTID": 712, "ET_ID": 20744, "NWRW_TYP": "DV", "STELSEL1": "H", "AFGEKOP": 1, "AREA": 11.09193350667, "ET_Source": "P:\\336468\\Water\\Gis\\Data\\Shape\\Afvoerend oppervlak\\AO_BDGR_RW_2015.shp", "Shape_Length": 13.905056508925465, "Shape_Area": 11.091933499292747}}, {"type": "Feature", "id": 713, "geometry": {"type": "Polygon", "coordinates": [[[116352.7349999994, 452968.0639999993], [116350.21799999848, 452968.25400000066], [116349.89600000158, 452965.1799999997], [116352.47700000182, 452964.96499999985], [116352.7349999994, 452968.0639999993]]]}, "properties": {"OBJECTID": 713, "ET_ID": 20769, "NWRW_TYP": "DV", "STELSEL1": "H", "AFGEKOP": 1, "AREA": 7.9262135069, "ET_Source": "P:\\336468\\Water\\Gis\\Data\\Shape\\Afvoerend oppervlak\\AO_BDGR_RW_2015.shp", "Shape_Length": 11.314640141774612, "Shape_Area": 7.926213501940087}}, {"type": "Feature", "id": 714, "geometry": {"type": "Polygon", "coordinates": [[[116328.73600000143, 452893.2580000013], [116326.25699999928, 452893.52600000054], [116326.01700000092, 452891.5610000007], [116328.56399999931, 452891.34699999914], [116328.73600000143, 452893.2580000013]]]}, "properties": {"OBJECTID": 714, "ET_ID": 20771, "NWRW_TYP": "DV", "STELSEL1": "H", "AFGEKOP": 1, "AREA": 4.91983999814, "ET_Source": "P:\\336468\\Water\\Gis\\Data\\Shape\\Afvoerend oppervlak\\AO_BDGR_RW_2015.shp", "Shape_Length": 8.94774585105543, "Shape_Area": 4.9198400032034515}}, {"type": "Feature", "id": 715, "geometry": {"type": "Polygon", "coordinates": [[[116260.75200000033, 452861.0700000003], [116257.40500000119, 452861.3770000003], [116256.82899999991, 452855.0949999988], [116260.17700000107, 452854.7879999988], [116260.75200000033, 452861.0700000003]]]}, "properties": {"OBJECTID": 715, "ET_ID": 20776, "NWRW_TYP": "DV", "STELSEL1": "H", "AFGEKOP": 1, "AREA": 21.20567349365, "ET_Source": "P:\\336468\\Water\\Gis\\Data\\Shape\\Afvoerend oppervlak\\AO_BDGR_RW_2015.shp", "Shape_Length": 19.339708076829012, "Shape_Area": 21.205673506123514}}, {"type": "Feature", "id": 716, "geometry": {"type": "Polygon", "coordinates": [[[116321.77499999851, 452915.5020000003], [116319.37200000137, 452915.6559999995], [116319.11699999869, 452911.65199999884], [116321.51999999955, 452911.4930000007], [116321.77499999851, 452915.5020000003]]]}, "properties": {"OBJECTID": 716, "ET_ID": 20777, "NWRW_TYP": "DV", "STELSEL1": "H", "AFGEKOP": 1, "AREA": 9.66752700423, "ET_Source": "P:\\336468\\Water\\Gis\\Data\\Shape\\Afvoerend oppervlak\\AO_BDGR_RW_2015.shp", "Shape_Length": 12.845397641051196, "Shape_Area": 9.667526996104748}}, {"type": "Feature", "id": 717, "geometry": {"type": "Polygon", "coordinates": [[[116333.60500000045, 452981.5940000005], [116329.05900000036, 452982.1009999998], [116328.7650000006, 452979.7430000007], [116333.33399999887, 452979.2529999986], [116333.60500000045, 452981.5940000005]]]}, "properties": {"OBJECTID": 717, "ET_ID": 20812, "NWRW_TYP": "DV", "STELSEL1": "H", "AFGEKOP": 1, "AREA": 10.84867249521, "ET_Source": "P:\\336468\\Water\\Gis\\Data\\Shape\\Afvoerend oppervlak\\AO_BDGR_RW_2015.shp", "Shape_Length": 13.902275582221755, "Shape_Area": 10.848672500775532}}, {"type": "Feature", "id": 718, "geometry": {"type": "Polygon", "coordinates": [[[116206.12900000066, 452913.9239999987], [116202.09800000116, 452915.9219999984], [116200.53700000048, 452912.7710000016], [116204.56700000167, 452910.7729999982], [116206.12900000066, 452913.9239999987]]]}, "properties": {"OBJECTID": 718, "ET_ID": 20833, "NWRW_TYP": "DV", "STELSEL1": "H", "AFGEKOP": 1, "AREA": 15.8199825024, "ET_Source": "P:\\336468\\Water\\Gis\\Data\\Shape\\Afvoerend oppervlak\\AO_BDGR_RW_2015.shp", "Shape_Length": 16.030468902986186, "Shape_Area": 15.819982497803792}}, {"type": "Feature", "id": 719, "geometry": {"type": "Polygon", "coordinates": [[[116221.07200000063, 452945.0469999984], [116215.8049999997, 452947.7580000013], [116214.27299999818, 452944.7800000012], [116219.5399999991, 452942.0700000003], [116221.07200000063, 452945.0469999984]]]}, "properties": {"OBJECTID": 719, "ET_ID": 20834, "NWRW_TYP": "DV", "STELSEL1": "H", "AFGEKOP": 1, "AREA": 19.83497850194, "ET_Source": "P:\\336468\\Water\\Gis\\Data\\Shape\\Afvoerend oppervlak\\AO_BDGR_RW_2015.shp", "Shape_Length": 18.54406504440375, "Shape_Area": 19.834978505083562}}, {"type": "Feature", "id": 720, "geometry": {"type": "Polygon", "coordinates": [[[116218.4450000003, 452939.2809999995], [116215.81199999899, 452940.72100000083], [116214.78400000185, 452938.84099999815], [116217.41699999943, 452937.40199999884], [116218.4450000003, 452939.2809999995]]]}, "properties": {"OBJECTID": 720, "ET_ID": 20835, "NWRW_TYP": "DV", "STELSEL1": "H", "AFGEKOP": 1, "AREA": 6.42852949544, "ET_Source": "P:\\336468\\Water\\Gis\\Data\\Shape\\Afvoerend oppervlak\\AO_BDGR_RW_2015.shp", "Shape_Length": 10.28614858785055, "Shape_Area": 6.428529502257883}}, {"type": "Feature", "id": 721, "geometry": {"type": "Polygon", "coordinates": [[[116265.14699999988, 452892.7980000004], [116264.11199999973, 452892.90399999917], [116263.58900000155, 452887.83300000057], [116264.6240000017, 452887.7259999998], [116265.14699999988, 452892.7980000004]]]}, "properties": {"OBJECTID": 721, "ET_ID": 20836, "NWRW_TYP": "DV", "STELSEL1": "H", "AFGEKOP": 1, "AREA": 5.30470200294, "ET_Source": "P:\\336468\\Water\\Gis\\Data\\Shape\\Afvoerend oppervlak\\AO_BDGR_RW_2015.shp", "Shape_Length": 12.277721975075124, "Shape_Area": 5.304702000036419}}, {"type": "Feature", "id": 722, "geometry": {"type": "Polygon", "coordinates": [[[116378.81700000167, 452982.4789999984], [116375.5159999989, 452982.71499999985], [116375.24799999967, 452982.73900000006], [116375.04500000179, 452980.4820000008], [116378.6559999995, 452980.22399999946], [116378.81700000167, 452982.4789999984]]]}, "properties": {"OBJECTID": 722, "ET_ID": 20838, "NWRW_TYP": "DV", "STELSEL1": "H", "AFGEKOP": 1, "AREA": 8.13818999953, "ET_Source": "P:\\336468\\Water\\Gis\\Data\\Shape\\Afvoerend oppervlak\\AO_BDGR_RW_2015.shp", "Shape_Length": 11.725553972054174, "Shape_Area": 8.138189996506497}}, {"type": "Feature", "id": 723, "geometry": {"type": "Polygon", "coordinates": [[[116375.57600000128, 452983.55000000075], [116370.12200000137, 452983.94000000134], [116369.93100000173, 452981.26999999955], [116371.6950000003, 452981.14400000125], [116371.6649999991, 452980.72399999946], [116375.04500000179, 452980.4820000008], [116375.24799999967, 452982.73900000006], [116375.5159999989, 452982.71499999985], [116375.57600000128, 452983.55000000075]]]}, "properties": {"OBJECTID": 723, "ET_ID": 20839, "NWRW_TYP": "DV", "STELSEL1": "H", "AFGEKOP": 1, "AREA": 15.5377994937, "ET_Source": "P:\\336468\\Water\\Gis\\Data\\Shape\\Afvoerend oppervlak\\AO_BDGR_RW_2015.shp", "Shape_Length": 17.095301788318793, "Shape_Area": 15.537799502590403}}, {"type": "Feature", "id": 724, "geometry": {"type": "Polygon", "coordinates": [[[116247.93299999833, 452844.09600000083], [116254.42700000107, 452843.5390000008], [116254.6090000011, 452845.5489999987], [116248.12099999934, 452846.1259999983], [116247.93299999833, 452844.09600000083]]]}, "properties": {"OBJECTID": 724, "ET_ID": 20871, "NWRW_TYP": "DV", "STELSEL1": "H", "AFGEKOP": 1, "AREA": 13.21671500647, "ET_Source": "P:\\336468\\Water\\Gis\\Data\\Shape\\Afvoerend oppervlak\\AO_BDGR_RW_2015.shp", "Shape_Length": 17.088360156217753, "Shape_Area": 13.216714989812896}}, {"type": "Feature", "id": 725, "geometry": {"type": "Polygon", "coordinates": [[[116252.70800000057, 452845.72100000083], [116248.12099999934, 452846.1259999983], [116247.93299999833, 452844.09600000083], [116252.52400000021, 452843.6860000007], [116252.70800000057, 452845.72100000083]]]}, "properties": {"OBJECTID": 725, "ET_ID": 20872, "NWRW_TYP": "DV", "STELSEL1": "H", "AFGEKOP": 1, "AREA": 9.40293749906, "ET_Source": "P:\\336468\\Water\\Gis\\Data\\Shape\\Afvoerend oppervlak\\AO_BDGR_RW_2015.shp", "Shape_Length": 13.296104151323865, "Shape_Area": 9.402937497736886}}, {"type": "Feature", "id": 726, "geometry": {"type": "Polygon", "coordinates": [[[116251.82699999958, 452804.40300000086], [116253.90700000152, 452804.21599999815], [116254.48299999908, 452810.51399999857], [116252.40900000185, 452810.686999999], [116251.82699999958, 452804.40300000086]]]}, "properties": {"OBJECTID": 726, "ET_ID": 20873, "NWRW_TYP": "DV", "STELSEL1": "H", "AFGEKOP": 1, "AREA": 13.17062699954, "ET_Source": "P:\\336468\\Water\\Gis\\Data\\Shape\\Afvoerend oppervlak\\AO_BDGR_RW_2015.shp", "Shape_Length": 16.804770563173985, "Shape_Area": 13.170626996748476}}, {"type": "Feature", "id": 727, "geometry": {"type": "Polygon", "coordinates": [[[116254.30900000036, 452808.81599999964], [116252.2509999983, 452808.98000000045], [116251.82699999958, 452804.40300000086], [116253.90700000152, 452804.21599999815], [116254.30900000036, 452808.81599999964]]]}, "properties": {"OBJECTID": 727, "ET_ID": 20874, "NWRW_TYP": "DV", "STELSEL1": "H", "AFGEKOP": 1, "AREA": 9.56608798907, "ET_Source": "P:\\336468\\Water\\Gis\\Data\\Shape\\Afvoerend oppervlak\\AO_BDGR_RW_2015.shp", "Shape_Length": 13.367042607752825, "Shape_Area": 9.566088010783762}}, {"type": "Feature", "id": 728, "geometry": {"type": "Polygon", "coordinates": [[[116164.64900000021, 452696.5689999983], [116168.99199999869, 452698.63500000164], [116165.5309999995, 452705.91000000015], [116161.18800000101, 452703.8440000005], [116164.64900000021, 452696.5689999983]]]}, "properties": {"OBJECTID": 728, "ET_ID": 20883, "NWRW_TYP": "DV", "STELSEL1": "H", "AFGEKOP": 0, "AREA": 38.74575100667, "ET_Source": "P:\\336468\\Water\\Gis\\Data\\Shape\\Afvoerend oppervlak\\AO_BDGR_RW_2015.shp", "Shape_Length": 25.731354648017607, "Shape_Area": 38.74575099410692}}, {"type": "Feature", "id": 729, "geometry": {"type": "Polygon", "coordinates": [[[109034.64900000021, 450714.7989999987], [109021.4600000009, 450727.4279999994], [108997.2190000005, 450702.1180000007], [109010.33700000122, 450689.41099999845], [109034.64900000021, 450714.7989999987]]]}, "properties": {"OBJECTID": 729, "ET_ID": 31827, "NWRW_TYP": "DV", "STELSEL1": "H", "AFGEKOP": 0, "AREA": 640.962773504, "ET_Source": "P:\\336468\\Water\\Gis\\Data\\Shape\\Afvoerend oppervlak\\AO_BDGR_RW_2015.shp", "Shape_Length": 106.7211650143966, "Shape_Area": 640.9627735248089}}, {"type": "Feature", "id": 730, "geometry": {"type": "Polygon", "coordinates": [[[108958.99100000039, 450628.7670000009], [108973.14499999955, 450643.2659999989], [108956.68200000003, 450659.3370000012], [108942.52699999884, 450644.8359999992], [108958.99100000039, 450628.7670000009]]]}, "properties": {"OBJECTID": 730, "ET_ID": 31829, "NWRW_TYP": "DV", "STELSEL1": "H", "AFGEKOP": 0, "AREA": 466.183565015, "ET_Source": "P:\\336468\\Water\\Gis\\Data\\Shape\\Afvoerend oppervlak\\AO_BDGR_RW_2015.shp", "Shape_Length": 86.53921043337289, "Shape_Area": 466.1835650148703}}, {"type": "Feature", "id": 731, "geometry": {"type": "Polygon", "coordinates": [[[114565.39699999988, 450585.8280000016], [114565.38199999928, 450585.87000000104], [114564.72199999914, 450587.6939999983], [114560.00299999863, 450586.0210000016], [114560.67300000042, 450584.16699999943], [114565.39699999988, 450585.8280000016]]]}, "properties": {"OBJECTID": 731, "ET_ID": 31843, "NWRW_TYP": "DV", "STELSEL1": "H", "AFGEKOP": 0, "AREA": 9.90322749534, "ET_Source": "P:\\336468\\Water\\Gis\\Data\\Shape\\Afvoerend oppervlak\\AO_BDGR_RW_2015.shp", "Shape_Length": 13.969971513030744, "Shape_Area": 9.903227498182133}}, {"type": "Feature", "id": 732, "geometry": {"type": "Polygon", "coordinates": [[[114702.31899999827, 450645.90900000185], [114702.11800000072, 450652.7329999991], [114697.74399999902, 450652.7100000009], [114698.35700000077, 450650.5549999997], [114698.98999999836, 450645.23000000045], [114702.31899999827, 450645.90900000185]]]}, "properties": {"OBJECTID": 732, "ET_ID": 31844, "NWRW_TYP": "DV", "STELSEL1": "H", "AFGEKOP": 0, "AREA": 26.8498215037, "ET_Source": "P:\\336468\\Water\\Gis\\Data\\Shape\\Afvoerend oppervlak\\AO_BDGR_RW_2015.shp", "Shape_Length": 22.201541700636913, "Shape_Area": 26.849821493906514}}, {"type": "Feature", "id": 733, "geometry": {"type": "Polygon", "coordinates": [[[114648.56799999997, 450612.561999999], [114648.30099999905, 450614.97300000116], [114643.35500000045, 450614.4239999987], [114643.62200000137, 450612.01399999857], [114648.56799999997, 450612.561999999]]]}, "properties": {"OBJECTID": 733, "ET_ID": 31845, "NWRW_TYP": "DV", "STELSEL1": "H", "AFGEKOP": 0, "AREA": 12.068782497, "ET_Source": "P:\\336468\\Water\\Gis\\Data\\Shape\\Afvoerend oppervlak\\AO_BDGR_RW_2015.shp", "Shape_Length": 14.80312576222077, "Shape_Area": 12.068782503260971}}, {"type": "Feature", "id": 734, "geometry": {"type": "Polygon", "coordinates": [[[112047.64499999955, 453787.3999999985], [112007.19700000063, 453807.1339999996], [112000, 453792.3830000013], [111978.51799999923, 453748.3530000001], [111995.15300000086, 453740.23699999973], [111999.5399999991, 453749.2280000001], [112000, 453749.00400000066], [112004.56799999997, 453746.7749999985], [112014.85799999908, 453741.7520000003], [112019.34200000018, 453739.57499999925], [112023.35300000012, 453737.6099999994], [112023.38100000098, 453737.66699999943], [112023.47500000149, 453737.8599999994], [112047.64499999955, 453787.3999999985]]]}, "properties": {"OBJECTID": 734, "ET_ID": 32041, "NWRW_TYP": "DV", "STELSEL1": "H", "AFGEKOP": 0, "AREA": 2678.44970453, "ET_Source": "P:\\336468\\Water\\Gis\\Data\\Shape\\Afvoerend oppervlak\\AO_BDGR_RW_2015.shp", "Shape_Length": 220.81861117187077, "Shape_Area": 2678.4497045617636}}, {"type": "Feature", "id": 735, "geometry": {"type": "Polygon", "coordinates": [[[111588.95899999887, 453705.10599999875], [111573.85200000182, 453674.131000001], [111591.9690000005, 453665.34099999815], [111609.57600000128, 453656.7989999987], [111627.8200000003, 453694.40300000086], [111610.21200000122, 453703.0150000006], [111606.9459999986, 453696.33399999887], [111588.95899999887, 453705.10599999875]]]}, "properties": {"OBJECTID": 735, "ET_ID": 32042, "NWRW_TYP": "DV", "STELSEL1": "H", "AFGEKOP": 0, "AREA": 1511.19106246, "ET_Source": "P:\\336468\\Water\\Gis\\Data\\Shape\\Afvoerend oppervlak\\AO_BDGR_RW_2015.shp", "Shape_Length": 163.01485245273082, "Shape_Area": 1511.1910625249557}}, {"type": "Feature", "id": 736, "geometry": {"type": "Polygon", "coordinates": [[[111369.40700000152, 453574.188000001], [111331.79899999872, 453592.5920000002], [111294.18400000036, 453611], [111283.41800000146, 453588.44099999964], [111287.9450000003, 453586.2259999998], [111287.77299999818, 453585.875], [111358.2490000017, 453551.38800000027], [111369.40700000152, 453574.188000001]]]}, "properties": {"OBJECTID": 736, "ET_ID": 32043, "NWRW_TYP": "DV", "STELSEL1": "H", "AFGEKOP": 0, "AREA": 2120.75839652, "ET_Source": "P:\\336468\\Water\\Gis\\Data\\Shape\\Afvoerend oppervlak\\AO_BDGR_RW_2015.shp", "Shape_Length": 218.01984836367126, "Shape_Area": 2120.7583965187696}}, {"type": "Feature", "id": 737, "geometry": {"type": "Polygon", "coordinates": [[[111245.34800000116, 453634.30700000003], [111245.14999999851, 453633.90300000086], [111244.88100000098, 453634.03400000185], [111242.89699999988, 453629.97300000116], [111245.7509999983, 453628.5789999999], [111239.19799999893, 453615.186999999], [111237.0009999983, 453610.6979999989], [111283.05799999833, 453588.16099999845], [111282.88699999824, 453587.80999999866], [111282.97700000182, 453587.7659999989], [111283.06599999964, 453587.72199999914], [111283.41800000146, 453588.44099999964], [111294.18400000036, 453611], [111245.34800000116, 453634.30700000003]]]}, "properties": {"OBJECTID": 737, "ET_ID": 32044, "NWRW_TYP": "DV", "STELSEL1": "H", "AFGEKOP": 0, "AREA": 1307.58716585, "ET_Source": "P:\\336468\\Water\\Gis\\Data\\Shape\\Afvoerend oppervlak\\AO_BDGR_RW_2015.shp", "Shape_Length": 160.1268885240251, "Shape_Area": 1307.587166160672}}, {"type": "Feature", "id": 738, "geometry": {"type": "Polygon", "coordinates": [[[111382.47700000182, 453600.8969999999], [111344.86800000072, 453619.30099999905], [111331.79899999872, 453592.5920000002], [111369.40700000152, 453574.188000001], [111382.47700000182, 453600.8969999999]]]}, "properties": {"OBJECTID": 738, "ET_ID": 32045, "NWRW_TYP": "DV", "STELSEL1": "H", "AFGEKOP": 0, "AREA": 1245.01650453, "ET_Source": "P:\\336468\\Water\\Gis\\Data\\Shape\\Afvoerend oppervlak\\AO_BDGR_RW_2015.shp", "Shape_Length": 143.2106421999385, "Shape_Area": 1245.0165045197568}}, {"type": "Feature", "id": 739, "geometry": {"type": "Polygon", "coordinates": [[[111114.9149999991, 453910.15399999917], [111128.20600000024, 453937.4389999993], [111100.89999999851, 453950.78500000015], [111087.54300000146, 453923.5320000015], [111114.9149999991, 453910.15399999917]]]}, "properties": {"OBJECTID": 739, "ET_ID": 32049, "NWRW_TYP": "DV", "STELSEL1": "H", "AFGEKOP": 0, "AREA": 923.542478934, "ET_Source": "P:\\336468\\Water\\Gis\\Data\\Shape\\Afvoerend oppervlak\\AO_BDGR_RW_2015.shp", "Shape_Length": 121.55951571262214, "Shape_Area": 923.5424789838627}}, {"type": "Feature", "id": 740, "geometry": {"type": "Polygon", "coordinates": [[[115701.09200000018, 454305.125], [115700.5859999992, 454302.47300000116], [115702.74799999967, 454302.0610000007], [115703.25299999863, 454304.7129999995], [115701.09200000018, 454305.125]]]}, "properties": {"OBJECTID": 740, "ET_ID": 32200, "NWRW_TYP": "DV", "STELSEL1": "H", "AFGEKOP": 0, "AREA": 0, "ET_Source": "P:\\336468\\Water\\Gis\\Data\\Shape\\Afvoerend oppervlak\\AO_BDGR_RW_2015.shp", "Shape_Length": 9.800324268486913, "Shape_Area": 5.940563996293828}}, {"type": "Feature", "id": 741, "geometry": {"type": "Polygon", "coordinates": [[[115704.15199999884, 454309.4279999994], [115701.99100000039, 454309.83999999985], [115701.49500000104, 454307.23699999973], [115703.6559999995, 454306.82499999925], [115704.15199999884, 454309.4279999994]]]}, "properties": {"OBJECTID": 741, "ET_ID": 32201, "NWRW_TYP": "DV", "STELSEL1": "H", "AFGEKOP": 0, "AREA": 0, "ET_Source": "P:\\336468\\Water\\Gis\\Data\\Shape\\Afvoerend oppervlak\\AO_BDGR_RW_2015.shp", "Shape_Length": 9.699517522795283, "Shape_Area": 5.829434996190071}}, {"type": "Feature", "id": 742, "geometry": {"type": "Polygon", "coordinates": [[[115702.48699999973, 454312.44299999997], [115701.99100000039, 454309.83999999985], [115704.15199999884, 454309.4279999994], [115704.64799999818, 454312.0309999995], [115702.48699999973, 454312.44299999997]]]}, "properties": {"OBJECTID": 742, "ET_ID": 32202, "NWRW_TYP": "DV", "STELSEL1": "H", "AFGEKOP": 0, "AREA": 0, "ET_Source": "P:\\336468\\Water\\Gis\\Data\\Shape\\Afvoerend oppervlak\\AO_BDGR_RW_2015.shp", "Shape_Length": 9.699517522795283, "Shape_Area": 5.829434996190071}}, {"type": "Feature", "id": 743, "geometry": {"type": "Polygon", "coordinates": [[[115703.78799999878, 454319.26999999955], [115703.29199999943, 454316.66699999943], [115705.45300000161, 454316.25499999896], [115705.94999999925, 454318.8579999991], [115703.78799999878, 454319.26999999955]]]}, "properties": {"OBJECTID": 743, "ET_ID": 32203, "NWRW_TYP": "DV", "STELSEL1": "H", "AFGEKOP": 0, "AREA": 0, "ET_Source": "P:\\336468\\Water\\Gis\\Data\\Shape\\Afvoerend oppervlak\\AO_BDGR_RW_2015.shp", "Shape_Length": 9.70068720635747, "Shape_Area": 5.830942503326461}}, {"type": "Feature", "id": 744, "geometry": {"type": "Polygon", "coordinates": [[[115704.28500000015, 454321.8740000017], [115703.78799999878, 454319.26999999955], [115705.94999999925, 454318.8579999991], [115706.4459999986, 454321.4620000012], [115704.28500000015, 454321.8740000017]]]}, "properties": {"OBJECTID": 744, "ET_ID": 32204, "NWRW_TYP": "DV", "STELSEL1": "H", "AFGEKOP": 0, "AREA": 0, "ET_Source": "P:\\336468\\Water\\Gis\\Data\\Shape\\Afvoerend oppervlak\\AO_BDGR_RW_2015.shp", "Shape_Length": 9.70265180187073, "Shape_Area": 5.833104003625274}}, {"type": "Feature", "id": 745, "geometry": {"type": "Polygon", "coordinates": [[[115705.5859999992, 454328.7010000013], [115705.08999999985, 454326.09800000116], [115707.2509999983, 454325.6860000007], [115707.74700000137, 454328.2890000008], [115705.5859999992, 454328.7010000013]]]}, "properties": {"OBJECTID": 745, "ET_ID": 32205, "NWRW_TYP": "DV", "STELSEL1": "H", "AFGEKOP": 0, "AREA": 0, "ET_Source": "P:\\336468\\Water\\Gis\\Data\\Shape\\Afvoerend oppervlak\\AO_BDGR_RW_2015.shp", "Shape_Length": 9.699517527151967, "Shape_Area": 5.829435001805946}}, {"type": "Feature", "id": 746, "geometry": {"type": "Polygon", "coordinates": [[[115706.08199999854, 454331.3040000014], [115705.5859999992, 454328.7010000013], [115707.74700000137, 454328.2890000008], [115708.24300000072, 454330.8920000009], [115706.08199999854, 454331.3040000014]]]}, "properties": {"OBJECTID": 746, "ET_ID": 32206, "NWRW_TYP": "DV", "STELSEL1": "H", "AFGEKOP": 0, "AREA": 0, "ET_Source": "P:\\336468\\Water\\Gis\\Data\\Shape\\Afvoerend oppervlak\\AO_BDGR_RW_2015.shp", "Shape_Length": 9.69951753011404, "Shape_Area": 5.829435005887001}}, {"type": "Feature", "id": 747, "geometry": {"type": "Polygon", "coordinates": [[[115709.54500000179, 454337.7190000005], [115707.38399999961, 454338.131000001], [115706.88699999824, 454335.5229999982], [115709.04800000042, 454335.11100000143], [115709.54500000179, 454337.7190000005]]]}, "properties": {"OBJECTID": 747, "ET_ID": 32207, "NWRW_TYP": "DV", "STELSEL1": "H", "AFGEKOP": 0, "AREA": 0, "ET_Source": "P:\\336468\\Water\\Gis\\Data\\Shape\\Afvoerend oppervlak\\AO_BDGR_RW_2015.shp", "Shape_Length": 9.709715149057622, "Shape_Area": 5.840652007578641}}, {"type": "Feature", "id": 748, "geometry": {"type": "Polygon", "coordinates": [[[115707.87999999896, 454340.7340000011], [115707.38399999961, 454338.131000001], [115709.54500000179, 454337.7190000005], [115710.04100000113, 454340.3220000006], [115707.87999999896, 454340.7340000011]]]}, "properties": {"OBJECTID": 748, "ET_ID": 32208, "NWRW_TYP": "DV", "STELSEL1": "H", "AFGEKOP": 0, "AREA": 0, "ET_Source": "P:\\336468\\Water\\Gis\\Data\\Shape\\Afvoerend oppervlak\\AO_BDGR_RW_2015.shp", "Shape_Length": 9.69951753011404, "Shape_Area": 5.829435005887001}}, {"type": "Feature", "id": 749, "geometry": {"type": "Polygon", "coordinates": [[[115708.50899999961, 454347.16099999845], [115705.0700000003, 454347.80999999866], [115704.60599999875, 454345.3530000001], [115708.04600000009, 454344.7039999999], [115708.50899999961, 454347.16099999845]]]}, "properties": {"OBJECTID": 749, "ET_ID": 32209, "NWRW_TYP": "DV", "STELSEL1": "H", "AFGEKOP": 0, "AREA": 0, "ET_Source": "P:\\336468\\Water\\Gis\\Data\\Shape\\Afvoerend oppervlak\\AO_BDGR_RW_2015.shp", "Shape_Length": 12.001061469604931, "Shape_Area": 8.751662996227562}}, {"type": "Feature", "id": 750, "geometry": {"type": "Polygon", "coordinates": [[[115711.94799999893, 454346.51199999824], [115708.50899999961, 454347.16099999845], [115708.04600000009, 454344.7039999999], [115711.4849999994, 454344.0560000017], [115711.94799999893, 454346.51199999824]]]}, "properties": {"OBJECTID": 750, "ET_ID": 32210, "NWRW_TYP": "DV", "STELSEL1": "H", "AFGEKOP": 0, "AREA": 0, "ET_Source": "P:\\336468\\Water\\Gis\\Data\\Shape\\Afvoerend oppervlak\\AO_BDGR_RW_2015.shp", "Shape_Length": 11.998725426389525, "Shape_Area": 8.74815898912771}}, {"type": "Feature", "id": 751, "geometry": {"type": "Polygon", "coordinates": [[[115719.12200000137, 454345.15900000185], [115715.68200000003, 454345.80799999833], [115715.2190000005, 454343.3509999998], [115718.65799999982, 454342.7030000016], [115719.12200000137, 454345.15900000185]]]}, "properties": {"OBJECTID": 751, "ET_ID": 32211, "NWRW_TYP": "DV", "STELSEL1": "H", "AFGEKOP": 0, "AREA": 0, "ET_Source": "P:\\336468\\Water\\Gis\\Data\\Shape\\Afvoerend oppervlak\\AO_BDGR_RW_2015.shp", "Shape_Length": 11.999893539364553, "Shape_Area": 8.749711497815534}}, {"type": "Feature", "id": 752, "geometry": {"type": "Polygon", "coordinates": [[[115722.56100000069, 454344.51099999994], [115719.12200000137, 454345.15900000185], [115718.65799999982, 454342.7030000016], [115722.09800000116, 454342.0540000014], [115722.56100000069, 454344.51099999994]]]}, "properties": {"OBJECTID": 752, "ET_ID": 32212, "NWRW_TYP": "DV", "STELSEL1": "H", "AFGEKOP": 0, "AREA": 0, "ET_Source": "P:\\336468\\Water\\Gis\\Data\\Shape\\Afvoerend oppervlak\\AO_BDGR_RW_2015.shp", "Shape_Length": 11.999893540744997, "Shape_Area": 8.749711499542206}}, {"type": "Feature", "id": 753, "geometry": {"type": "Polygon", "coordinates": [[[115728.67199999839, 454344.3759999983], [115728.02299999818, 454340.9360000007], [115730.48000000045, 454340.47300000116], [115731.12900000066, 454343.9120000005], [115728.67199999839, 454344.3759999983]]]}, "properties": {"OBJECTID": 753, "ET_ID": 32213, "NWRW_TYP": "DV", "STELSEL1": "H", "AFGEKOP": 0, "AREA": 0, "ET_Source": "P:\\336468\\Water\\Gis\\Data\\Shape\\Afvoerend oppervlak\\AO_BDGR_RW_2015.shp", "Shape_Length": 12.00106147257437, "Shape_Area": 8.751663003255324}}, {"type": "Feature", "id": 754, "geometry": {"type": "Polygon", "coordinates": [[[107307.98669999838, 452010.08309999853], [107306.72599999979, 452010.31500000134], [107305.49300000072, 452003.93299999833], [107305.71070000157, 452003.89090000093], [107305.7190000005, 452003.93299999833], [107306.74300000072, 452003.7320000008], [107307.98669999838, 452010.08309999853]]]}, "properties": {"OBJECTID": 754, "ET_ID": 25, "NWRW_TYP": "DV", "STELSEL1": "H", "AFGEKOP": 0, "AREA": 32.50302050235, "ET_Source": "P:\\336468\\Water\\Gis\\Data\\Shape\\Afvoerend oppervlak\\temp\\Verschil_2.shp", "Shape_Length": 15.561779617594032, "Shape_Area": 8.242333695857162}}, {"type": "Feature", "id": 755, "geometry": {"type": "Polygon", "coordinates": [[[107432.81899999827, 452139.76999999955], [107432.45219999924, 452139.95980000123], [107432.45699999854, 452139.8669999987], [107426.2184999995, 452139.5430999994], [107426.00600000098, 452139.3729999997], [107432.81899999827, 452139.76999999955]]]}, "properties": {"OBJECTID": 755, "ET_ID": 29, "NWRW_TYP": "DV", "STELSEL1": "H", "AFGEKOP": 0, "AREA": 7.52354700614, "ET_Source": "P:\\336468\\Water\\Gis\\Data\\Shape\\Afvoerend oppervlak\\temp\\Verschil_2.shp", "Shape_Length": 13.849575711513436, "Shape_Area": 0.9150215468103929}}, {"type": "Feature", "id": 756, "geometry": {"type": "Polygon", "coordinates": [[[107432.32200000063, 452142.4631999992], [107425.83100000024, 452142.12629999965], [107425.96599999815, 452139.5300000012], [107426.2184999995, 452139.5430999994], [107428.98200000077, 452141.75499999896], [107432.45219999924, 452139.95980000123], [107432.32200000063, 452142.4631999992]]]}, "properties": {"OBJECTID": 756, "ET_ID": 30, "NWRW_TYP": "DV", "STELSEL1": "H", "AFGEKOP": 0, "AREA": 16.89613100714, "ET_Source": "P:\\336468\\Water\\Gis\\Data\\Shape\\Afvoerend oppervlak\\temp\\Verschil_2.shp", "Shape_Length": 19.305910589474585, "Shape_Area": 10.289181270065125}}, {"type": "Feature", "id": 757, "geometry": {"type": "Polygon", "coordinates": [[[107306.89730000123, 451999.5368999988], [107306.29190000147, 451999.6539000012], [107304.96599999815, 451997.88500000164], [107307.52899999917, 451997.38899999857], [107306.89730000123, 451999.5368999988]]]}, "properties": {"OBJECTID": 757, "ET_ID": 32, "NWRW_TYP": "DV", "STELSEL1": "H", "AFGEKOP": 0, "AREA": 3.3984820005, "ET_Source": "P:\\336468\\Water\\Gis\\Data\\Shape\\Afvoerend oppervlak\\temp\\Verschil_2.shp", "Shape_Length": 7.676680449774103, "Shape_Area": 3.208883432361692}}, {"type": "Feature", "id": 758, "geometry": {"type": "Polygon", "coordinates": [[[107309.91420000046, 452000.46169999987], [107305.2190000005, 452001.3819999993], [107305.71070000157, 452003.89090000093], [107305.49300000072, 452003.93299999833], [107304.72399999946, 451999.95699999854], [107306.29190000147, 451999.6539000012], [107306.70199999958, 452000.2010000013], [107306.89730000123, 451999.5368999988], [107309.63300000131, 451999.0080000013], [107309.91420000046, 452000.46169999987]]]}, "properties": {"OBJECTID": 758, "ET_ID": 33, "NWRW_TYP": "DV", "STELSEL1": "H", "AFGEKOP": 0, "AREA": 20.24796499907, "ET_Source": "P:\\336468\\Water\\Gis\\Data\\Shape\\Afvoerend oppervlak\\temp\\Verschil_2.shp", "Shape_Length": 18.85248395978153, "Shape_Area": 7.804564649305566}}, {"type": "Feature", "id": 759, "geometry": {"type": "Polygon", "coordinates": [[[109045.8786999993, 450456.7624000013], [109045.54399999976, 450456.5009999983], [109045.78940000013, 450456.43090000004], [109045.8786999993, 450456.7624000013]]]}, "properties": {"OBJECTID": 759, "ET_ID": 140, "NWRW_TYP": "DV", "STELSEL1": "H", "AFGEKOP": 0, "AREA": 10.45583450409, "ET_Source": "P:\\336468\\Water\\Gis\\Data\\Shape\\Afvoerend oppervlak\\temp\\Verschil_2.shp", "Shape_Length": 1.0232143047159739, "Shape_Area": 0.043805015107572676}}, {"type": "Feature", "id": 760, "geometry": {"type": "Polygon", "coordinates": [[[109060.58579999954, 450447.9224999994], [109059.66230000183, 450444.495099999], [109061.28700000048, 450444.06599999964], [109060.58579999954, 450447.9224999994]]]}, "properties": {"OBJECTID": 760, "ET_ID": 141, "NWRW_TYP": "DV", "STELSEL1": "H", "AFGEKOP": 0, "AREA": 24.28455799527, "ET_Source": "P:\\336468\\Water\\Gis\\Data\\Shape\\Afvoerend oppervlak\\temp\\Verschil_2.shp", "Shape_Length": 9.149775542659597, "Shape_Area": 2.9823853122168087}}, {"type": "Feature", "id": 761, "geometry": {"type": "Polygon", "coordinates": [[[109041.91230000183, 450442.04019999877], [109041.83999999985, 450441.94900000095], [109041.88439999893, 450441.93670000136], [109041.91230000183, 450442.04019999877]]]}, "properties": {"OBJECTID": 761, "ET_ID": 142, "NWRW_TYP": "DV", "STELSEL1": "H", "AFGEKOP": 0, "AREA": 11.14818000714, "ET_Source": "P:\\336468\\Water\\Gis\\Data\\Shape\\Afvoerend oppervlak\\temp\\Verschil_2.shp", "Shape_Length": 0.26964854728547033, "Shape_Area": 0.002469284907099009}}, {"type": "Feature", "id": 762, "geometry": {"type": "Polygon", "coordinates": [[[108974.16600000113, 450431.5760000013], [108971.36699999869, 450434.13500000164], [108965.76700000092, 450428.0089999996], [108968.56599999964, 450425.44999999925], [108974.16600000113, 450431.5760000013]]]}, "properties": {"OBJECTID": 762, "ET_ID": 147, "NWRW_TYP": "DV", "STELSEL1": "H", "AFGEKOP": 0, "AREA": 31.47707398799, "ET_Source": "P:\\336468\\Water\\Gis\\Data\\Shape\\Afvoerend oppervlak\\temp\\Verschil_2.shp", "Shape_Length": 24.1846981521572, "Shape_Area": 31.477074010281846}}, {"type": "Feature", "id": 763, "geometry": {"type": "Polygon", "coordinates": [[[108971.36699999869, 450434.13500000164], [108968.62900000066, 450436.63800000027], [108963.02899999917, 450430.51199999824], [108965.76700000092, 450428.0089999996], [108971.36699999869, 450434.13500000164]]]}, "properties": {"OBJECTID": 763, "ET_ID": 148, "NWRW_TYP": "DV", "STELSEL1": "H", "AFGEKOP": 0, "AREA": 30.78978800163, "ET_Source": "P:\\336468\\Water\\Gis\\Data\\Shape\\Afvoerend oppervlak\\temp\\Verschil_2.shp", "Shape_Length": 24.019084496847412, "Shape_Area": 30.789787996300205}}, {"type": "Feature", "id": 764, "geometry": {"type": "Polygon", "coordinates": [[[108968.62900000066, 450436.63800000027], [108965.7490000017, 450439.2710000016], [108960.14799999818, 450433.14499999955], [108963.02899999917, 450430.51199999824], [108968.62900000066, 450436.63800000027]]]}, "properties": {"OBJECTID": 764, "ET_ID": 149, "NWRW_TYP": "DV", "STELSEL1": "H", "AFGEKOP": 0, "AREA": 32.39205949905, "ET_Source": "P:\\336468\\Water\\Gis\\Data\\Shape\\Afvoerend oppervlak\\temp\\Verschil_2.shp", "Shape_Length": 24.4055375146749, "Shape_Area": 32.39205951959032}}, {"type": "Feature", "id": 765, "geometry": {"type": "Polygon", "coordinates": [[[108989.0009999983, 450445.7419999987], [108985.90100000054, 450448.5760000013], [108980.37200000137, 450442.52800000086], [108983.47100000083, 450439.6939999983], [108989.0009999983, 450445.7419999987]]]}, "properties": {"OBJECTID": 765, "ET_ID": 151, "NWRW_TYP": "DV", "STELSEL1": "H", "AFGEKOP": 0, "AREA": 34.41637899842, "ET_Source": "P:\\336468\\Water\\Gis\\Data\\Shape\\Afvoerend oppervlak\\temp\\Verschil_2.shp", "Shape_Length": 24.789101564365065, "Shape_Area": 34.416379002476766}}, {"type": "Feature", "id": 766, "geometry": {"type": "Polygon", "coordinates": [[[108973.30999999866, 450643.438000001], [108956.85000000149, 450659.5020000003], [108956.6827000007, 450659.33630000055], [108973.14490000159, 450643.2661000006], [108973.30999999866, 450643.438000001]]]}, "properties": {"OBJECTID": 766, "ET_ID": 166, "NWRW_TYP": "DV", "STELSEL1": "H", "AFGEKOP": 0, "AREA": 471.50400547743, "ET_Source": "P:\\336468\\Water\\Gis\\Data\\Shape\\Afvoerend oppervlak\\temp\\Verschil_2.shp", "Shape_Length": 46.47900889378322, "Shape_Area": 5.448985684252788}}, {"type": "Feature", "id": 767, "geometry": {"type": "Polygon", "coordinates": [[[109424.24489999935, 451630.5450000018], [109412.83430000022, 451633.436900001], [109424.21400000155, 451630.4290000014], [109424.24489999935, 451630.5450000018]]]}, "properties": {"OBJECTID": 767, "ET_ID": 169, "NWRW_TYP": "DV", "STELSEL1": "H", "AFGEKOP": 0, "AREA": 606.32329404417, "ET_Source": "P:\\336468\\Water\\Gis\\Data\\Shape\\Afvoerend oppervlak\\temp\\Verschil_2.shp", "Shape_Length": 23.661918880210965, "Shape_Area": 0.7064946539678139}}, {"type": "Feature", "id": 768, "geometry": {"type": "Polygon", "coordinates": [[[109428.51999999955, 451646.7199999988], [109425.80000000075, 451636.55000000075], [109425.02899999917, 451633.66099999845], [109424.24489999935, 451630.5450000018], [109428.51999999955, 451646.7199999988]]]}, "properties": {"OBJECTID": 768, "ET_ID": 170, "NWRW_TYP": "DV", "STELSEL1": "H", "AFGEKOP": 0, "AREA": 606.32329404417, "ET_Source": "P:\\336468\\Water\\Gis\\Data\\Shape\\Afvoerend oppervlak\\temp\\Verschil_2.shp", "Shape_Length": 33.46112983283856, "Shape_Area": 0.32770203995747593}}, {"type": "Feature", "id": 769, "geometry": {"type": "Polygon", "coordinates": [[[109393.12310000136, 451656.07510000095], [109393.02899999917, 451656.1000000015], [109389.08480000123, 451641.1105999984], [109393.12310000136, 451656.07510000095]]]}, "properties": {"OBJECTID": 769, "ET_ID": 171, "NWRW_TYP": "DV", "STELSEL1": "H", "AFGEKOP": 0, "AREA": 606.32329404417, "ET_Source": "P:\\336468\\Water\\Gis\\Data\\Shape\\Afvoerend oppervlak\\temp\\Verschil_2.shp", "Shape_Length": 31.096788790259183, "Shape_Area": 0.7543565776739591}}, {"type": "Feature", "id": 770, "geometry": {"type": "Polygon", "coordinates": [[[109700.40459999815, 451600.65199999884], [109700.3759999983, 451600.54399999976], [109715.82660000026, 451596.5714999996], [109700.40459999815, 451600.65199999884]]]}, "properties": {"OBJECTID": 770, "ET_ID": 184, "NWRW_TYP": "DV", "STELSEL1": "H", "AFGEKOP": 0, "AREA": 3542.15842596428, "ET_Source": "P:\\336468\\Water\\Gis\\Data\\Shape\\Afvoerend oppervlak\\temp\\Verschil_2.shp", "Shape_Length": 32.01753284871396, "Shape_Area": 0.8911391426630229}}, {"type": "Feature", "id": 771, "geometry": {"type": "Polygon", "coordinates": [[[109738.50800000131, 451616.16600000113], [109730.43100000173, 451618.4715999998], [109730.2890000008, 451617.93499999866], [109738.43389999866, 451615.88269999996], [109738.50800000131, 451616.16600000113]]]}, "properties": {"OBJECTID": 771, "ET_ID": 185, "NWRW_TYP": "DV", "STELSEL1": "H", "AFGEKOP": 0, "AREA": 3542.15842596428, "ET_Source": "P:\\336468\\Water\\Gis\\Data\\Shape\\Afvoerend oppervlak\\temp\\Verschil_2.shp", "Shape_Length": 17.64701146100405, "Shape_Area": 3.5605195126757314}}, {"type": "Feature", "id": 772, "geometry": {"type": "Polygon", "coordinates": [[[109705.6240000017, 451619.8299999982], [109705.50070000067, 451619.8643000014], [109704.6724999994, 451616.7419000007], [109704.75899999961, 451616.7190000005], [109705.6240000017, 451619.8299999982]]]}, "properties": {"OBJECTID": 772, "ET_ID": 186, "NWRW_TYP": "DV", "STELSEL1": "H", "AFGEKOP": 0, "AREA": 3542.15842596428, "ET_Source": "P:\\336468\\Water\\Gis\\Data\\Shape\\Afvoerend oppervlak\\temp\\Verschil_2.shp", "Shape_Length": 6.676849185366953, "Shape_Area": 0.35115459333232407}}, {"type": "Feature", "id": 773, "geometry": {"type": "Polygon", "coordinates": [[[109718.9459999986, 451670.16099999845], [109718.8489000015, 451670.188000001], [109717.98099999875, 451666.9160999991], [109718.0390000008, 451666.8999999985], [109718.9459999986, 451670.16099999845]]]}, "properties": {"OBJECTID": 773, "ET_ID": 187, "NWRW_TYP": "DV", "STELSEL1": "H", "AFGEKOP": 0, "AREA": 3542.15842596428, "ET_Source": "P:\\336468\\Water\\Gis\\Data\\Shape\\Afvoerend oppervlak\\temp\\Verschil_2.shp", "Shape_Length": 6.930814598947739, "Shape_Area": 0.2724377451042208}}, {"type": "Feature", "id": 774, "geometry": {"type": "Polygon", "coordinates": [[[109760.58100000024, 451675.9270000011], [109757.45030000061, 451676.7320000008], [109760.55319999903, 451675.8216999993], [109760.58100000024, 451675.9270000011]]]}, "properties": {"OBJECTID": 774, "ET_ID": 188, "NWRW_TYP": "DV", "STELSEL1": "H", "AFGEKOP": 0, "AREA": 3542.15842596428, "ET_Source": "P:\\336468\\Water\\Gis\\Data\\Shape\\Afvoerend oppervlak\\temp\\Verschil_2.shp", "Shape_Length": 6.575118742707776, "Shape_Area": 0.17602085827874064}}, {"type": "Feature", "id": 775, "geometry": {"type": "Polygon", "coordinates": [[[109771.1512000002, 451677.1480999999], [109770.11100000143, 451673.2329999991], [109766.64200000092, 451674.30799999833], [109766.57299999893, 451674.05579999834], [109770.09699999914, 451673.0219999999], [109771.1512000002, 451677.1480999999]]]}, "properties": {"OBJECTID": 775, "ET_ID": 189, "NWRW_TYP": "DV", "STELSEL1": "H", "AFGEKOP": 0, "AREA": 3542.15842596428, "ET_Source": "P:\\336468\\Water\\Gis\\Data\\Shape\\Afvoerend oppervlak\\temp\\Verschil_2.shp", "Shape_Length": 15.87529568211885, "Shape_Area": 0.9358823958239544}}, {"type": "Feature", "id": 776, "geometry": {"type": "Polygon", "coordinates": [[[109894.94000000134, 451554.5219999999], [109894.82189999893, 451554.5593999997], [109894.8200000003, 451554.51199999824], [109894.9283999987, 451554.4792000018], [109894.94000000134, 451554.5219999999]]]}, "properties": {"OBJECTID": 776, "ET_ID": 192, "NWRW_TYP": "DV", "STELSEL1": "H", "AFGEKOP": 0, "AREA": 8.86529999968, "ET_Source": "P:\\336468\\Water\\Gis\\Data\\Shape\\Afvoerend oppervlak\\temp\\Verschil_2.shp", "Shape_Length": 0.3289163378241285, "Shape_Area": 0.005344500000245868}}, {"type": "Feature", "id": 777, "geometry": {"type": "Polygon", "coordinates": [[[109739.19799999893, 451613.9239999987], [109738.16899999976, 451613.9239999987], [109739.12950000167, 451613.6579999998], [109739.19799999893, 451613.9239999987]]]}, "properties": {"OBJECTID": 777, "ET_ID": 193, "NWRW_TYP": "DV", "STELSEL1": "H", "AFGEKOP": 0, "AREA": 4064.11539687874, "ET_Source": "P:\\336468\\Water\\Gis\\Data\\Shape\\Afvoerend oppervlak\\temp\\Verschil_2.shp", "Shape_Length": 2.3003309695258762, "Shape_Area": 0.13685699932168424}}, {"type": "Feature", "id": 778, "geometry": {"type": "Polygon", "coordinates": [[[110548.02400000021, 455620.2419999987], [110514.10799999908, 455684.69299999997], [110437.48699999973, 455606.02699999884], [110469.70800000057, 455544.7969999984], [110473.23699999973, 455548.4210000001], [110474.93200000003, 455545.19900000095], [110548.02400000021, 455620.2419999987]]]}, "properties": {"OBJECTID": 778, "ET_ID": 225, "NWRW_TYP": "DV", "STELSEL1": "H", "AFGEKOP": 0, "AREA": 7588.83334093236, "ET_Source": "P:\\336468\\Water\\Gis\\Data\\Shape\\Afvoerend oppervlak\\temp\\Verschil_2.shp", "Shape_Length": 365.28986612114204, "Shape_Area": 7588.833341015693}}, {"type": "Feature", "id": 779, "geometry": {"type": "Polygon", "coordinates": [[[112059.2650000006, 453811.2170000002], [112039.94200000167, 453820.64400000125], [112028.32220000029, 453796.82730000094], [112047.64539999887, 453787.3999999985], [112059.2650000006, 453811.2170000002]]]}, "properties": {"OBJECTID": 779, "ET_ID": 345, "NWRW_TYP": "DV", "STELSEL1": "H", "AFGEKOP": 0, "AREA": 3248.21378095042, "ET_Source": "P:\\336468\\Water\\Gis\\Data\\Shape\\Afvoerend oppervlak\\temp\\Verschil_2.shp", "Shape_Length": 96.0005246053915, "Shape_Area": 569.756029114543}}, {"type": "Feature", "id": 780, "geometry": {"type": "Polygon", "coordinates": [[[112269.88589999825, 453682.3519000001], [112250.15060000122, 453685.59420000017], [112249.65399999917, 453682.6279999986], [112269.37900000066, 453679.32499999925], [112269.88589999825, 453682.3519000001]]]}, "properties": {"OBJECTID": 780, "ET_ID": 347, "NWRW_TYP": "DV", "STELSEL1": "H", "AFGEKOP": 0, "AREA": 720.00410749331, "ET_Source": "P:\\336468\\Water\\Gis\\Data\\Shape\\Afvoerend oppervlak\\temp\\Verschil_2.shp", "Shape_Length": 46.0760337727447, "Shape_Area": 60.76443314080889}}, {"type": "Feature", "id": 781, "geometry": {"type": "Polygon", "coordinates": [[[112252.68530000001, 453702.3995000012], [112229.2862999998, 453706.31700000167], [112228.46059999987, 453701.38610000163], [112251.8216000013, 453697.4737999998], [112252.68530000001, 453702.3995000012]]]}, "properties": {"OBJECTID": 781, "ET_ID": 348, "NWRW_TYP": "DV", "STELSEL1": "H", "AFGEKOP": 0, "AREA": 720.00410749331, "ET_Source": "P:\\336468\\Water\\Gis\\Data\\Shape\\Afvoerend oppervlak\\temp\\Verschil_2.shp", "Shape_Length": 57.41140998761812, "Shape_Area": 118.53057004933028}}, {"type": "Feature", "id": 782, "geometry": {"type": "Polygon", "coordinates": [[[111984.65230000019, 453468.0108000003], [111982.45100000128, 453469.07499999925], [111982.40579999983, 453468.9792000018], [111984.59299999848, 453467.9219999984], [111984.65230000019, 453468.0108000003]]]}, "properties": {"OBJECTID": 782, "ET_ID": 349, "NWRW_TYP": "DV", "STELSEL1": "H", "AFGEKOP": 0, "AREA": 6447.21233284344, "ET_Source": "P:\\336468\\Water\\Gis\\Data\\Shape\\Afvoerend oppervlak\\temp\\Verschil_2.shp", "Shape_Length": 5.087055716970395, "Shape_Area": 0.25795085089919134}}, {"type": "Feature", "id": 783, "geometry": {"type": "Polygon", "coordinates": [[[111982.02219999954, 453468.3476999998], [111951.27160000056, 453483.2076999992], [111951.22399999946, 453483.1270000003], [111981.97700000182, 453468.25400000066], [111982.02219999954, 453468.3476999998]]]}, "properties": {"OBJECTID": 783, "ET_ID": 350, "NWRW_TYP": "DV", "STELSEL1": "H", "AFGEKOP": 0, "AREA": 6447.21233284344, "ET_Source": "P:\\336468\\Water\\Gis\\Data\\Shape\\Afvoerend oppervlak\\temp\\Verschil_2.shp", "Shape_Length": 68.51129736896937, "Shape_Area": 3.3713625211122427}}, {"type": "Feature", "id": 784, "geometry": {"type": "Polygon", "coordinates": [[[112119.09499999881, 454373.7010000013], [112118.16699999943, 454370.813000001], [112118.23059999943, 454370.79250000045], [112119.35799999908, 454373.5089999996], [112120.69359999895, 454372.95529999956], [112120.76099999994, 454373.1649999991], [112119.09499999881, 454373.7010000013]]]}, "properties": {"OBJECTID": 784, "ET_ID": 406, "NWRW_TYP": "DV", "STELSEL1": "H", "AFGEKOP": 0, "AREA": 5.30881599119, "ET_Source": "P:\\336468\\Water\\Gis\\Data\\Shape\\Afvoerend oppervlak\\temp\\Verschil_2.shp", "Shape_Length": 9.45760535495139, "Shape_Area": 0.8149499025147244}}, {"type": "Feature", "id": 785, "geometry": {"type": "Polygon", "coordinates": [[[112119.56159999967, 454369.4334000014], [112118.73570000008, 454367.44319999963], [112118.90399999917, 454367.38899999857], [112119.56159999967, 454369.4334000014]]]}, "properties": {"OBJECTID": 785, "ET_ID": 407, "NWRW_TYP": "DV", "STELSEL1": "H", "AFGEKOP": 0, "AREA": 5.30935199665, "ET_Source": "P:\\336468\\Water\\Gis\\Data\\Shape\\Afvoerend oppervlak\\temp\\Verschil_2.shp", "Shape_Length": 4.479134767657166, "Shape_Area": 0.18985721966645752}}, {"type": "Feature", "id": 786, "geometry": {"type": "Polygon", "coordinates": [[[112118.20800000057, 454370.73800000176], [112118.23059999943, 454370.79250000045], [112118.16699999943, 454370.813000001], [112117.91759999841, 454370.0375000015], [112118.20800000057, 454370.73800000176]]]}, "properties": {"OBJECTID": 786, "ET_ID": 408, "NWRW_TYP": "DV", "STELSEL1": "H", "AFGEKOP": 0, "AREA": 5.30935199665, "ET_Source": "P:\\336468\\Water\\Gis\\Data\\Shape\\Afvoerend oppervlak\\temp\\Verschil_2.shp", "Shape_Length": 1.6987480742484022, "Shape_Area": 0.027215000327527522}}, {"type": "Feature", "id": 787, "geometry": {"type": "Polygon", "coordinates": [[[112071.76900000125, 454389.65399999917], [112071.8216000013, 454390.0309000015], [112066.17199999839, 454391.9690000005], [112065.97700000182, 454391.40100000054], [112066.20899999887, 454391.3220000006], [112065.20690000057, 454388.4001000002], [112069.91699999943, 454387.15399999917], [112069.65170000121, 454386.1132000014], [112070.76720000058, 454385.7305999994], [112071.76900000125, 454389.65399999917]]]}, "properties": {"OBJECTID": 787, "ET_ID": 409, "NWRW_TYP": "DV", "STELSEL1": "H", "AFGEKOP": 0, "AREA": 27.19381699697, "ET_Source": "P:\\336468\\Water\\Gis\\Data\\Shape\\Afvoerend oppervlak\\temp\\Verschil_2.shp", "Shape_Length": 21.46272502873268, "Shape_Area": 21.96925515174216}}, {"type": "Feature", "id": 788, "geometry": {"type": "Polygon", "coordinates": [[[112115.11320000142, 454468.13599999994], [112114.31830000132, 454468.2996000014], [112114.29699999839, 454468.2679999992], [112114.29699999839, 454468.13599999994], [112115.11320000142, 454468.13599999994]]]}, "properties": {"OBJECTID": 788, "ET_ID": 424, "NWRW_TYP": "DV", "STELSEL1": "H", "AFGEKOP": 0, "AREA": 37.07415800049, "ET_Source": "P:\\336468\\Water\\Gis\\Data\\Shape\\Afvoerend oppervlak\\temp\\Verschil_2.shp", "Shape_Length": 1.7978692275448531, "Shape_Area": 0.06817096103929818}}, {"type": "Feature", "id": 789, "geometry": {"type": "Polygon", "coordinates": [[[112088.79879999906, 454431.4699999988], [112088.74709999934, 454431.4604000002], [112088.1174999997, 454431.22679999843], [112087.82409999892, 454431.0623999983], [112087.46240000054, 454430.7978999987], [112087.21700000018, 454430.56810000166], [112086.99650000036, 454430.314199999], [112086.74570000172, 454429.9428000003], [112086.64009999856, 454429.74500000104], [112086.54839999974, 454429.5403999984], [112086.47100000083, 454429.3299999982], [112085.92960000038, 454427.6422000006], [112091.01300000027, 454426.46400000155], [112088.79879999906, 454431.4699999988]]]}, "properties": {"OBJECTID": 789, "ET_ID": 425, "NWRW_TYP": "DV", "STELSEL1": "H", "AFGEKOP": 0, "AREA": 762.51330241003, "ET_Source": "P:\\336468\\Water\\Gis\\Data\\Shape\\Afvoerend oppervlak\\temp\\Verschil_2.shp", "Shape_Length": 15.766264777496282, "Shape_Area": 13.671465169884181}}, {"type": "Feature", "id": 790, "geometry": {"type": "Polygon", "coordinates": [[[112082.67060000077, 454438.3773000017], [112082.94350000098, 454438.1052000001], [112083.13399999961, 454437.97480000183], [112082.67060000077, 454438.3773000017]]]}, "properties": {"OBJECTID": 790, "ET_ID": 426, "NWRW_TYP": "DV", "STELSEL1": "H", "AFGEKOP": 0, "AREA": 762.51330241003, "ET_Source": "P:\\336468\\Water\\Gis\\Data\\Shape\\Afvoerend oppervlak\\temp\\Verschil_2.shp", "Shape_Length": 1.2300256583239746, "Shape_Area": 0.008124445184424817}}, {"type": "Feature", "id": 791, "geometry": {"type": "Polygon", "coordinates": [[[112083.9840000011, 454442.3559000008], [112083.55799999833, 454440.2329999991], [112083.64539999887, 454440.10060000047], [112083.73730000108, 454439.97129999846], [112083.933699999, 454439.7221999988], [112084.03810000047, 454439.60269999877], [112084.25869999826, 454439.37469999865], [112084.74329999834, 454438.9657999985], [112085.41899999976, 454438.5520000011], [112085.7078000009, 454438.4585000016], [112083.9840000011, 454442.3559000008]]]}, "properties": {"OBJECTID": 791, "ET_ID": 427, "NWRW_TYP": "DV", "STELSEL1": "H", "AFGEKOP": 0, "AREA": 762.51330241003, "ET_Source": "P:\\336468\\Water\\Gis\\Data\\Shape\\Afvoerend oppervlak\\temp\\Verschil_2.shp", "Shape_Length": 9.267201251313493, "Shape_Area": 3.0860081641353903}}, {"type": "Feature", "id": 792, "geometry": {"type": "Polygon", "coordinates": [[[112078.85500000045, 454446.2729999982], [112073.52400000021, 454447.28599999845], [112074.44099999964, 454451.688000001], [112073.48000000045, 454451.88800000027], [112072.36699999869, 454446.54300000146], [112078.67599999905, 454445.3449999988], [112078.85500000045, 454446.2729999982]]]}, "properties": {"OBJECTID": 792, "ET_ID": 428, "NWRW_TYP": "DV", "STELSEL1": "H", "AFGEKOP": 0, "AREA": 762.51330241003, "ET_Source": "P:\\336468\\Water\\Gis\\Data\\Shape\\Afvoerend oppervlak\\temp\\Verschil_2.shp", "Shape_Length": 23.73097352918745, "Shape_Area": 10.486547995714888}}, {"type": "Feature", "id": 793, "geometry": {"type": "Polygon", "coordinates": [[[112071.49399999902, 454453.76399999857], [112068.34299999848, 454454.3999999985], [112068.32299999893, 454454.3029999994], [112071.06799999997, 454453.7479999997], [112070.28700000048, 454449.87999999896], [112067.54100000113, 454450.43400000036], [112066.2509999983, 454444.05099999905], [112057.01289999858, 454445.91110000014], [112049.47399999946, 454435.45899999887], [112051.06100000069, 454435.72399999946], [112076.59959999844, 454429.80469999835], [112076.37790000066, 454430.0716000013], [112076.2386999987, 454430.2578999996], [112076.10610000044, 454430.4486999996], [112075.98009999841, 454430.6440999992], [112075.86080000177, 454430.8436000012], [112075.74850000069, 454431.0471000001], [112075.54520000145, 454431.46510000154], [112075.45439999923, 454431.67909999937], [112075.37099999934, 454431.8960000016], [112075.22679999843, 454432.33790000156], [112075.1662000008, 454432.56230000034], [112075.11329999939, 454432.78869999945], [112075.0309999995, 454433.246199999], [112075.00169999897, 454433.47679999843], [112074.9803000018, 454433.7082000002], [112074.96689999849, 454433.94029999897], [112074.96150000021, 454434.17269999906], [112074.96400000155, 454434.40509999916], [112074.97450000048, 454434.6372999996], [112074.99300000072, 454434.868999999], [112068.20899999887, 454436.25], [112068.51199999824, 454437.7820000015], [112070.88199999928, 454449.7589999996], [112071.49399999902, 454453.76399999857]]]}, "properties": {"OBJECTID": 793, "ET_ID": 429, "NWRW_TYP": "DV", "STELSEL1": "H", "AFGEKOP": 0, "AREA": 762.51330241003, "ET_Source": "P:\\336468\\Water\\Gis\\Data\\Shape\\Afvoerend oppervlak\\temp\\Verschil_2.shp", "Shape_Length": 99.71506696787185, "Shape_Area": 235.97741087773636}}, {"type": "Feature", "id": 794, "geometry": {"type": "Polygon", "coordinates": [[[112077.17370000109, 454457.7533], [112074.79500000179, 454458.2010000013], [112073.65900000185, 454452.7490000017], [112074.62000000104, 454452.5489999987], [112075.56599999964, 454457.0929999985], [112077.63819999993, 454456.70320000127], [112077.17370000109, 454457.7533]]]}, "properties": {"OBJECTID": 794, "ET_ID": 430, "NWRW_TYP": "DV", "STELSEL1": "H", "AFGEKOP": 0, "AREA": 762.51330241003, "ET_Source": "P:\\336468\\Water\\Gis\\Data\\Shape\\Afvoerend oppervlak\\temp\\Verschil_2.shp", "Shape_Length": 16.869367137942774, "Shape_Area": 7.151771007490416}}, {"type": "Feature", "id": 795, "geometry": {"type": "Polygon", "coordinates": [[[112073.82389999926, 454465.3269000016], [112072.75699999928, 454467.73900000006], [112071.28400000185, 454465.69680000097], [112073.72800000012, 454465.2100000009], [112073.690200001, 454465.0201999992], [112073.75600000098, 454465.0069999993], [112073.82389999926, 454465.3269000016]]]}, "properties": {"OBJECTID": 795, "ET_ID": 431, "NWRW_TYP": "DV", "STELSEL1": "H", "AFGEKOP": 0, "AREA": 762.51330241003, "ET_Source": "P:\\336468\\Water\\Gis\\Data\\Shape\\Afvoerend oppervlak\\temp\\Verschil_2.shp", "Shape_Length": 8.235189672979306, "Shape_Area": 3.049981445927392}}, {"type": "Feature", "id": 796, "geometry": {"type": "Polygon", "coordinates": [[[112075.2536999993, 454472.06540000066], [112074.08509999886, 454474.8709000014], [112072.47610000148, 454474.9629999995], [112071.59070000052, 454470.5956000015], [112074.86789999902, 454470.24720000103], [112075.2536999993, 454472.06540000066]]]}, "properties": {"OBJECTID": 796, "ET_ID": 432, "NWRW_TYP": "DV", "STELSEL1": "H", "AFGEKOP": 0, "AREA": 19.85613299833, "ET_Source": "P:\\336468\\Water\\Gis\\Data\\Shape\\Afvoerend oppervlak\\temp\\Verschil_2.shp", "Shape_Length": 14.261379857336173, "Shape_Area": 12.597932229487965}}, {"type": "Feature", "id": 797, "geometry": {"type": "Polygon", "coordinates": [[[112072.81610000134, 454475.59690000117], [112072.61300000176, 454475.63800000027], [112072.51680000126, 454475.16369999945], [112072.81610000134, 454475.59690000117]]]}, "properties": {"OBJECTID": 797, "ET_ID": 433, "NWRW_TYP": "DV", "STELSEL1": "H", "AFGEKOP": 0, "AREA": 11.91787500523, "ET_Source": "P:\\336468\\Water\\Gis\\Data\\Shape\\Afvoerend oppervlak\\temp\\Verschil_2.shp", "Shape_Length": 1.2177128562991093, "Shape_Area": 0.05014207494943887}}, {"type": "Feature", "id": 798, "geometry": {"type": "Polygon", "coordinates": [[[112075.8740000017, 454474.98900000006], [112075.94929999858, 454475.36930000037], [112074.45059999824, 454479.1160000004], [112074.24439999834, 454479.1160000004], [112073.61349999905, 454476.0031000003], [112074.08509999886, 454474.8709000014], [112075.82779999822, 454474.77109999955], [112075.8740000017, 454474.98900000006]]]}, "properties": {"OBJECTID": 798, "ET_ID": 434, "NWRW_TYP": "DV", "STELSEL1": "H", "AFGEKOP": 0, "AREA": 11.91787500523, "ET_Source": "P:\\336468\\Water\\Gis\\Data\\Shape\\Afvoerend oppervlak\\temp\\Verschil_2.shp", "Shape_Length": 11.00019118279033, "Shape_Area": 5.922504644142862}}, {"type": "Feature", "id": 799, "geometry": {"type": "Polygon", "coordinates": [[[112076.74969999865, 454479.41380000114], [112075.5353000015, 454482.75400000066], [112074.98589999974, 454482.77230000123], [112074.57699999958, 454480.7569999993], [112074.28159999847, 454479.2996000014], [112074.34499999881, 454479.37999999896], [112074.45059999824, 454479.1160000004], [112076.69079999998, 454479.1160000004], [112076.74969999865, 454479.41380000114]]]}, "properties": {"OBJECTID": 799, "ET_ID": 435, "NWRW_TYP": "DV", "STELSEL1": "H", "AFGEKOP": 0, "AREA": 10.68333750413, "ET_Source": "P:\\336468\\Water\\Gis\\Data\\Shape\\Afvoerend oppervlak\\temp\\Verschil_2.shp", "Shape_Length": 10.577711111812668, "Shape_Area": 5.709190048370005}}, {"type": "Feature", "id": 800, "geometry": {"type": "Polygon", "coordinates": [[[112075.60799999908, 454485.8392000012], [112075.57999999821, 454485.69999999925], [112075.07809999958, 454483.2263999991], [112075.27100000158, 454483.48099999875], [112075.5353000015, 454482.75400000066], [112077.3984999992, 454482.69200000167], [112077.42779999971, 454482.83989999816], [112075.60799999908, 454485.8392000012]]]}, "properties": {"OBJECTID": 800, "ET_ID": 436, "NWRW_TYP": "DV", "STELSEL1": "H", "AFGEKOP": 0, "AREA": 7.6754440026, "ET_Source": "P:\\336468\\Water\\Gis\\Data\\Shape\\Afvoerend oppervlak\\temp\\Verschil_2.shp", "Shape_Length": 9.282175718088428, "Shape_Area": 3.673322052177854}}, {"type": "Feature", "id": 801, "geometry": {"type": "Polygon", "coordinates": [[[112078.02809999883, 454485.87319999933], [112076.26029999927, 454489.055399999], [112075.60799999908, 454485.8392000012], [112077.97740000114, 454485.6171000004], [112078.02809999883, 454485.87319999933]]]}, "properties": {"OBJECTID": 801, "ET_ID": 437, "NWRW_TYP": "DV", "STELSEL1": "H", "AFGEKOP": 0, "AREA": 9.66040049748, "ET_Source": "P:\\336468\\Water\\Gis\\Data\\Shape\\Afvoerend oppervlak\\temp\\Verschil_2.shp", "Shape_Length": 9.562802010029015, "Shape_Area": 4.189705611355285}}, {"type": "Feature", "id": 802, "geometry": {"type": "Polygon", "coordinates": [[[112078.7853000015, 454489.69900000095], [112078.83909999952, 454489.9708000012], [112077.18899999931, 454493.2710000016], [112077.11560000107, 454493.27430000156], [112076.58199999854, 454490.6420000009], [112076.39079999924, 454489.69900000095], [112078.7853000015, 454489.69900000095]]]}, "properties": {"OBJECTID": 802, "ET_ID": 438, "NWRW_TYP": "DV", "STELSEL1": "H", "AFGEKOP": 0, "AREA": 11.9881660042, "ET_Source": "P:\\336468\\Water\\Gis\\Data\\Shape\\Afvoerend oppervlak\\temp\\Verschil_2.shp", "Shape_Length": 10.082810904123535, "Shape_Area": 4.721954920666502}}, {"type": "Feature", "id": 803, "geometry": {"type": "Polygon", "coordinates": [[[112079.63870000094, 454494.01089999825], [112077.86089999974, 454496.95050000027], [112077.58399999887, 454495.5850000009], [112077.1363000013, 454493.37640000135], [112077.18899999931, 454493.2710000016], [112079.4721999988, 454493.1697999984], [112079.63870000094, 454494.01089999825]]]}, "properties": {"OBJECTID": 803, "ET_ID": 439, "NWRW_TYP": "DV", "STELSEL1": "H", "AFGEKOP": 0, "AREA": 17.19506400149, "ET_Source": "P:\\336468\\Water\\Gis\\Data\\Shape\\Afvoerend oppervlak\\temp\\Verschil_2.shp", "Shape_Length": 10.342893475848637, "Shape_Area": 5.359368281292038}}, {"type": "Feature", "id": 804, "geometry": {"type": "Polygon", "coordinates": [[[112080.03299999982, 454498.563000001], [112079.24929999933, 454500.0555999987], [112078.51990000159, 454500.2008999996], [112078.1697999984, 454498.47410000116], [112080.03299999982, 454498.563000001]]]}, "properties": {"OBJECTID": 804, "ET_ID": 440, "NWRW_TYP": "DV", "STELSEL1": "H", "AFGEKOP": 0, "AREA": 15.6165269955, "ET_Source": "P:\\336468\\Water\\Gis\\Data\\Shape\\Afvoerend oppervlak\\temp\\Verschil_2.shp", "Shape_Length": 6.056819436084218, "Shape_Area": 2.0805403467211887}}, {"type": "Feature", "id": 805, "geometry": {"type": "Polygon", "coordinates": [[[112077.04940000176, 454532.561999999], [112077.18519999832, 454533.24379999936], [112076.72599999979, 454532.561999999], [112077.04940000176, 454532.561999999]]]}, "properties": {"OBJECTID": 805, "ET_ID": 441, "NWRW_TYP": "DV", "STELSEL1": "H", "AFGEKOP": 0, "AREA": 26.34779000209, "ET_Source": "P:\\336468\\Water\\Gis\\Data\\Shape\\Afvoerend oppervlak\\temp\\Verschil_2.shp", "Shape_Length": 1.840612085357097, "Shape_Area": 0.11024706073232234}}, {"type": "Feature", "id": 806, "geometry": {"type": "Polygon", "coordinates": [[[112159.65199999884, 454448.8779999986], [112155.15399999917, 454441.8660000004], [112155.15399999917, 454441.6020000018], [112157.37359999865, 454441.50549999997], [112158.72500000149, 454443.8509999998], [112160.3515000008, 454441.37590000033], [112164.28200000152, 454441.2049999982], [112159.65199999884, 454448.8779999986]]]}, "properties": {"OBJECTID": 806, "ET_ID": 445, "NWRW_TYP": "DV", "STELSEL1": "H", "AFGEKOP": 0, "AREA": 34.69425299387, "ET_Source": "P:\\336468\\Water\\Gis\\Data\\Shape\\Afvoerend oppervlak\\temp\\Verschil_2.shp", "Shape_Length": 29.380928359711497, "Shape_Area": 31.11442029723541}}, {"type": "Feature", "id": 807, "geometry": {"type": "Polygon", "coordinates": [[[112189.9459999986, 454460.25499999896], [112189.76040000096, 454460.62029999867], [112189.28500000015, 454460.65199999884], [112188.75600000098, 454460.78400000185], [112189.25059999898, 454461.623399999], [112185.84499999881, 454468.32499999925], [112182.44729999825, 454461.4118999988], [112183.0502000004, 454460.25499999896], [112189.9459999986, 454460.25499999896]]]}, "properties": {"OBJECTID": 807, "ET_ID": 449, "NWRW_TYP": "DV", "STELSEL1": "H", "AFGEKOP": 0, "AREA": 32.44648251317, "ET_Source": "P:\\336468\\Water\\Gis\\Data\\Shape\\Afvoerend oppervlak\\temp\\Verschil_2.shp", "Shape_Length": 25.826298419308532, "Shape_Area": 31.388877614239455}}, {"type": "Feature", "id": 808, "geometry": {"type": "Polygon", "coordinates": [[[112193.12099999934, 454468.19200000167], [112189.25059999898, 454461.623399999], [112189.76040000096, 454460.62029999867], [112195.23800000176, 454460.25499999896], [112193.12099999934, 454468.19200000167]]]}, "properties": {"OBJECTID": 808, "ET_ID": 450, "NWRW_TYP": "DV", "STELSEL1": "H", "AFGEKOP": 0, "AREA": 25.4517619992, "ET_Source": "P:\\336468\\Water\\Gis\\Data\\Shape\\Afvoerend oppervlak\\temp\\Verschil_2.shp", "Shape_Length": 22.45353339880231, "Shape_Area": 24.966720828445855}}, {"type": "Feature", "id": 809, "geometry": {"type": "Polygon", "coordinates": [[[112173.53069999814, 454495.3262999989], [112170.65089999884, 454495.51509999856], [112168.64699999988, 454490.8139999993], [112168.64699999988, 454490.28500000015], [112175.79100000113, 454489.756000001], [112173.53069999814, 454495.3262999989]]]}, "properties": {"OBJECTID": 809, "ET_ID": 451, "NWRW_TYP": "DV", "STELSEL1": "H", "AFGEKOP": 0, "AREA": 32.53538800771, "ET_Source": "P:\\336468\\Water\\Gis\\Data\\Shape\\Afvoerend oppervlak\\temp\\Verschil_2.shp", "Shape_Length": 21.700340833743073, "Shape_Area": 27.549282940551734}}, {"type": "Feature", "id": 810, "geometry": {"type": "Polygon", "coordinates": [[[112174.07279999927, 454501.5984000005], [112171.53379999846, 454501.55310000107], [112169.17700000107, 454495.84099999815], [112169.70600000024, 454495.5769999996], [112170.65089999884, 454495.51509999856], [112172.08700000122, 454498.8839999996], [112173.53069999814, 454495.3262999989], [112177.77499999851, 454495.0480000004], [112174.07279999927, 454501.5984000005]]]}, "properties": {"OBJECTID": 810, "ET_ID": 452, "NWRW_TYP": "DV", "STELSEL1": "H", "AFGEKOP": 0, "AREA": 38.12091600487, "ET_Source": "P:\\336468\\Water\\Gis\\Data\\Shape\\Afvoerend oppervlak\\temp\\Verschil_2.shp", "Shape_Length": 29.53608400315147, "Shape_Area": 29.82886453365823}}, {"type": "Feature", "id": 811, "geometry": {"type": "Polygon", "coordinates": [[[112174.25649999827, 454507.4829999991], [112172.72370000184, 454507.4829999991], [112170.10300000012, 454501.9270000011], [112170.2349999994, 454501.5300000012], [112171.53379999846, 454501.55310000107], [112172.61600000039, 454504.17599999905], [112174.07279999927, 454501.5984000005], [112177.64299999923, 454501.6620000005], [112174.25649999827, 454507.4829999991]]]}, "properties": {"OBJECTID": 811, "ET_ID": 453, "NWRW_TYP": "DV", "STELSEL1": "H", "AFGEKOP": 0, "AREA": 28.34884751036, "ET_Source": "P:\\336468\\Water\\Gis\\Data\\Shape\\Afvoerend oppervlak\\temp\\Verschil_2.shp", "Shape_Length": 25.496601696203818, "Shape_Area": 23.92855098121611}}, {"type": "Feature", "id": 812, "geometry": {"type": "Polygon", "coordinates": [[[112174.22659999877, 454513.1719999984], [112173.01300000027, 454513.1719999984], [112170.36699999869, 454507.87999999896], [112170.4990000017, 454507.4829999991], [112172.72370000184, 454507.4829999991], [112173.41000000015, 454508.938000001], [112174.25649999827, 454507.4829999991], [112177.90799999982, 454507.4829999991], [112174.22659999877, 454513.1719999984]]]}, "properties": {"OBJECTID": 812, "ET_ID": 454, "NWRW_TYP": "DV", "STELSEL1": "H", "AFGEKOP": 0, "AREA": 26.04359898248, "ET_Source": "P:\\336468\\Water\\Gis\\Data\\Shape\\Afvoerend oppervlak\\temp\\Verschil_2.shp", "Shape_Length": 23.49310781920917, "Shape_Area": 24.286376696639973}}, {"type": "Feature", "id": 813, "geometry": {"type": "Polygon", "coordinates": [[[112174.48860000074, 454518.116799999], [112172.26700000092, 454518.1596999988], [112170.2349999994, 454513.1719999984], [112170.4990000017, 454513.1719999984], [112173.01300000027, 454513.1719999984], [112173.54199999943, 454514.23000000045], [112174.22659999877, 454513.1719999984], [112177.51099999994, 454513.1719999984], [112174.48860000074, 454518.116799999]]]}, "properties": {"OBJECTID": 813, "ET_ID": 455, "NWRW_TYP": "DV", "STELSEL1": "H", "AFGEKOP": 0, "AREA": 25.98623398579, "ET_Source": "P:\\336468\\Water\\Gis\\Data\\Shape\\Afvoerend oppervlak\\temp\\Verschil_2.shp", "Shape_Length": 21.9085458652872, "Shape_Area": 22.931111562975975}}, {"type": "Feature", "id": 814, "geometry": {"type": "Polygon", "coordinates": [[[112174.01089999825, 454522.97150000185], [112172.24740000069, 454522.84329999983], [112170.10300000012, 454518.06599999964], [112170.2349999994, 454518.19900000095], [112172.26700000092, 454518.1596999988], [112173.14499999955, 454520.31500000134], [112174.48860000074, 454518.116799999], [112177.11400000006, 454518.06599999964], [112174.01089999825, 454522.97150000185]]]}, "properties": {"OBJECTID": 814, "ET_ID": 456, "NWRW_TYP": "DV", "STELSEL1": "H", "AFGEKOP": 0, "AREA": 22.25992500503, "ET_Source": "P:\\336468\\Water\\Gis\\Data\\Shape\\Afvoerend oppervlak\\temp\\Verschil_2.shp", "Shape_Length": 22.558479529873786, "Shape_Area": 18.391917183997254}}, {"type": "Feature", "id": 815, "geometry": {"type": "Polygon", "coordinates": [[[112173.41000000015, 454530.23699999973], [112170.10300000012, 454522.9609999992], [112170.2349999994, 454522.6970000006], [112172.24740000069, 454522.84329999983], [112173.01300000027, 454524.5489999987], [112174.01089999825, 454522.97150000185], [112177.51099999994, 454523.2259999998], [112173.41000000015, 454530.23699999973]]]}, "properties": {"OBJECTID": 815, "ET_ID": 457, "NWRW_TYP": "DV", "STELSEL1": "H", "AFGEKOP": 0, "AREA": 27.50747250138, "ET_Source": "P:\\336468\\Water\\Gis\\Data\\Shape\\Afvoerend oppervlak\\temp\\Verschil_2.shp", "Shape_Length": 25.67309133546122, "Shape_Area": 26.052635845367618}}, {"type": "Feature", "id": 816, "geometry": {"type": "Polygon", "coordinates": [[[112147.15900000185, 454428.3029999994], [112145.5709999986, 454425.3929999992], [112145.96799999848, 454425.1279999986], [112148.34899999946, 454424.86400000006], [112147.15900000185, 454428.3029999994]]]}, "properties": {"OBJECTID": 816, "ET_ID": 458, "NWRW_TYP": "DV", "STELSEL1": "H", "AFGEKOP": 0, "AREA": 4.72509450403, "ET_Source": "P:\\336468\\Water\\Gis\\Data\\Shape\\Afvoerend oppervlak\\temp\\Verschil_2.shp", "Shape_Length": 9.827072821244283, "Shape_Area": 4.725094502800733}}, {"type": "Feature", "id": 817, "geometry": {"type": "Polygon", "coordinates": [[[112148.21700000018, 454433.9919999987], [112146.49700000137, 454431.21400000155], [112146.36499999836, 454430.81700000167], [112149.14299999923, 454430.4200000018], [112148.21700000018, 454433.9919999987]]]}, "properties": {"OBJECTID": 817, "ET_ID": 459, "NWRW_TYP": "DV", "STELSEL1": "H", "AFGEKOP": 0, "AREA": 4.93576900252, "ET_Source": "P:\\336468\\Water\\Gis\\Data\\Shape\\Afvoerend oppervlak\\temp\\Verschil_2.shp", "Shape_Length": 10.182035828356693, "Shape_Area": 4.935768993151695}}, {"type": "Feature", "id": 818, "geometry": {"type": "Polygon", "coordinates": [[[112149.67199999839, 454439.01900000125], [112148.84650000185, 454437.685800001], [112148.47540000081, 454436.28929999843], [112149.93699999899, 454435.9759999998], [112149.67199999839, 454439.01900000125]]]}, "properties": {"OBJECTID": 818, "ET_ID": 460, "NWRW_TYP": "DV", "STELSEL1": "H", "AFGEKOP": 0, "AREA": 2.83643250141, "ET_Source": "P:\\336468\\Water\\Gis\\Data\\Shape\\Afvoerend oppervlak\\temp\\Verschil_2.shp", "Shape_Length": 7.562363943409949, "Shape_Area": 2.511342261301734}}, {"type": "Feature", "id": 819, "geometry": {"type": "Polygon", "coordinates": [[[112150.33399999887, 454444.30999999866], [112149.92410000041, 454443.69519999996], [112149.87799999863, 454443.51099999994], [112149.81219999865, 454443.52739999816], [112148.92610000074, 454442.19849999994], [112149.97100000083, 454441.9210000001], [112149.69179999828, 454440.8691999987], [112151.12700000033, 454440.73900000006], [112150.33399999887, 454444.30999999866]]]}, "properties": {"OBJECTID": 819, "ET_ID": 461, "NWRW_TYP": "DV", "STELSEL1": "H", "AFGEKOP": 0, "AREA": 5.23085100244, "ET_Source": "P:\\336468\\Water\\Gis\\Data\\Shape\\Afvoerend oppervlak\\temp\\Verschil_2.shp", "Shape_Length": 9.862272195651377, "Shape_Area": 3.6603553286150823}}, {"type": "Feature", "id": 820, "geometry": {"type": "Polygon", "coordinates": [[[112070.6539000012, 454540.5617999993], [112069.50699999928, 454540.8029999994], [112069.89710000157, 454542.6585999988], [112069.12829999998, 454542.8114], [112069.0859999992, 454542.6020000018], [112068.73299999908, 454540.8513999991], [112070.63599999994, 454540.47199999914], [112070.6539000012, 454540.5617999993]]]}, "properties": {"OBJECTID": 820, "ET_ID": 465, "NWRW_TYP": "DV", "STELSEL1": "H", "AFGEKOP": 0, "AREA": 3.99997249769, "ET_Source": "P:\\336468\\Water\\Gis\\Data\\Shape\\Afvoerend oppervlak\\temp\\Verschil_2.shp", "Shape_Length": 7.883471738605286, "Shape_Area": 1.6656783838464273}}, {"type": "Feature", "id": 821, "geometry": {"type": "Polygon", "coordinates": [[[112065.25200000033, 454523.5987999998], [112064.85460000113, 454521.6383000016], [112065.64790000021, 454521.4803000018], [112065.68200000003, 454521.6490000002], [112066.03400000185, 454523.38899999857], [112068.16730000079, 454522.95699999854], [112068.1790000014, 454523.0159999989], [112065.25200000033, 454523.5987999998]]]}, "properties": {"OBJECTID": 821, "ET_ID": 466, "NWRW_TYP": "DV", "STELSEL1": "H", "AFGEKOP": 0, "AREA": 6.00201800474, "ET_Source": "P:\\336468\\Water\\Gis\\Data\\Shape\\Afvoerend oppervlak\\temp\\Verschil_2.shp", "Shape_Length": 9.977819775018409, "Shape_Area": 1.7404333654253203}}, {"type": "Feature", "id": 822, "geometry": {"type": "Polygon", "coordinates": [[[112144.88300000131, 454429.1180000007], [112144.02849999815, 454429.34519999847], [112143.5850000009, 454427.59099999815], [112143.17000000179, 454425.9523999989], [112143.9840000011, 454425.73600000143], [112144.88300000131, 454429.1180000007]]]}, "properties": {"OBJECTID": 822, "ET_ID": 467, "NWRW_TYP": "DV", "STELSEL1": "H", "AFGEKOP": 0, "AREA": 6.99949199707, "ET_Source": "P:\\336468\\Water\\Gis\\Data\\Shape\\Afvoerend oppervlak\\temp\\Verschil_2.shp", "Shape_Length": 8.725639663197486, "Shape_Area": 3.020208249537602}}, {"type": "Feature", "id": 823, "geometry": {"type": "Polygon", "coordinates": [[[112148.84650000185, 454437.685800001], [112149.07299999893, 454438.5379999988], [112147.94110000134, 454438.83900000155], [112147.46200000122, 454437.0229999982], [112147.04820000008, 454435.45439999923], [112148.17399999872, 454435.1550000012], [112148.47540000081, 454436.28929999843], [112148.0850000009, 454436.3729999997], [112147.95199999958, 454436.2410000004], [112148.84650000185, 454437.685800001]]]}, "properties": {"OBJECTID": 823, "ET_ID": 470, "NWRW_TYP": "DV", "STELSEL1": "H", "AFGEKOP": 0, "AREA": 7.00142500831, "ET_Source": "P:\\336468\\Water\\Gis\\Data\\Shape\\Afvoerend oppervlak\\temp\\Verschil_2.shp", "Shape_Length": 10.17795817751889, "Shape_Area": 3.7635473464440867}}, {"type": "Feature", "id": 824, "geometry": {"type": "Polygon", "coordinates": [[[112061.74810000136, 454495.85379999876], [112060.47700000182, 454496.11300000176], [112061.03610000014, 454498.84589999914], [112060.33300000057, 454498.98600000143], [112059.74700000137, 454496.04300000146], [112061.70800000057, 454495.65300000086], [112061.74810000136, 454495.85379999876]]]}, "properties": {"OBJECTID": 824, "ET_ID": 474, "NWRW_TYP": "DV", "STELSEL1": "H", "AFGEKOP": 0, "AREA": 6.00074200215, "ET_Source": "P:\\336468\\Water\\Gis\\Data\\Shape\\Afvoerend oppervlak\\temp\\Verschil_2.shp", "Shape_Length": 10.0086294789269, "Shape_Area": 2.3974013489618318}}, {"type": "Feature", "id": 825, "geometry": {"type": "Polygon", "coordinates": [[[112107.66200000048, 454468.5379999988], [112107.27199999988, 454466.5760000013], [112107.37469999865, 454466.5555000007], [112107.6959999986, 454468.15900000185], [112110.53299999982, 454467.5896999985], [112110.60500000045, 454467.9510000013], [112107.66200000048, 454468.5379999988]]]}, "properties": {"OBJECTID": 825, "ET_ID": 477, "NWRW_TYP": "DV", "STELSEL1": "H", "AFGEKOP": 0, "AREA": 6.00074200215, "ET_Source": "P:\\336468\\Water\\Gis\\Data\\Shape\\Afvoerend oppervlak\\temp\\Verschil_2.shp", "Shape_Length": 10.003415972204454, "Shape_Area": 1.2736103973282784}}, {"type": "Feature", "id": 826, "geometry": {"type": "Polygon", "coordinates": [[[112065.1425999999, 454507.77380000055], [112062.95899999887, 454508.2010000013], [112063.25659999996, 454509.7215999998], [112062.49179999903, 454509.8739], [112062.09270000085, 454507.9017000012], [112065.05299999937, 454507.32400000095], [112065.1425999999, 454507.77380000055]]]}, "properties": {"OBJECTID": 826, "ET_ID": 478, "NWRW_TYP": "DV", "STELSEL1": "H", "AFGEKOP": 0, "AREA": 6.00201800474, "ET_Source": "P:\\336468\\Water\\Gis\\Data\\Shape\\Afvoerend oppervlak\\temp\\Verschil_2.shp", "Shape_Length": 10.041217352909758, "Shape_Area": 2.6021426424018252}}, {"type": "Feature", "id": 827, "geometry": {"type": "Polygon", "coordinates": [[[112072.76319999993, 454551.1504999995], [112071.64600000158, 454551.37900000066], [112072.02950000018, 454553.24610000104], [112071.26900000125, 454553.39730000123], [112070.87269999832, 454551.43730000034], [112072.74599999934, 454551.0639999993], [112072.76319999993, 454551.1504999995]]]}, "properties": {"OBJECTID": 827, "ET_ID": 481, "NWRW_TYP": "DV", "STELSEL1": "H", "AFGEKOP": 0, "AREA": 4.00114849862, "ET_Source": "P:\\336468\\Water\\Gis\\Data\\Shape\\Afvoerend oppervlak\\temp\\Verschil_2.shp", "Shape_Length": 7.819780547767657, "Shape_Area": 1.6483572740315826}}, {"type": "Feature", "id": 828, "geometry": {"type": "Polygon", "coordinates": [[[112140.16899999976, 454450.1020000018], [112138.23600000143, 454450.6160000004], [112137.72300000116, 454448.68299999833], [112139.6559999995, 454448.16899999976], [112140.16899999976, 454450.1020000018]]]}, "properties": {"OBJECTID": 828, "ET_ID": 483, "NWRW_TYP": "DV", "STELSEL1": "H", "AFGEKOP": 0, "AREA": 4.00017100015, "ET_Source": "P:\\336468\\Water\\Gis\\Data\\Shape\\Afvoerend oppervlak\\temp\\Verschil_2.shp", "Shape_Length": 8.000171481834425, "Shape_Area": 4.000171000152916}}, {"type": "Feature", "id": 829, "geometry": {"type": "Polygon", "coordinates": [[[112066.60200000182, 454511.0639999993], [112065.82770000026, 454511.21550000086], [112065.48550000042, 454509.4946999997], [112066.2659999989, 454509.3420000002], [112066.60200000182, 454511.0639999993]]]}, "properties": {"OBJECTID": 829, "ET_ID": 484, "NWRW_TYP": "DV", "STELSEL1": "H", "AFGEKOP": 0, "AREA": 5.30955601035, "ET_Source": "P:\\336468\\Water\\Gis\\Data\\Shape\\Afvoerend oppervlak\\temp\\Verschil_2.shp", "Shape_Length": 5.093248732653991, "Shape_Area": 1.3897934705461474}}, {"type": "Feature", "id": 830, "geometry": {"type": "Polygon", "coordinates": [[[112062.88399999961, 454511.8346000016], [112062.49179999903, 454509.8739], [112063.25659999996, 454509.7215999998], [112063.29600000009, 454509.9230000004], [112063.63199999928, 454511.64499999955], [112065.82770000026, 454511.21550000086], [112065.83399999887, 454511.2470000014], [112062.88399999961, 454511.8346000016]]]}, "properties": {"OBJECTID": 830, "ET_ID": 485, "NWRW_TYP": "DV", "STELSEL1": "H", "AFGEKOP": 0, "AREA": 5.99907549878, "ET_Source": "P:\\336468\\Water\\Gis\\Data\\Shape\\Afvoerend oppervlak\\temp\\Verschil_2.shp", "Shape_Length": 10.016438574277965, "Shape_Area": 1.6304982347702872}}, {"type": "Feature", "id": 831, "geometry": {"type": "Polygon", "coordinates": [[[112109.84430000186, 454464.13599999994], [112107.00400000066, 454464.7049999982], [112107.35000000149, 454466.43200000003], [112107.37469999865, 454466.5555000007], [112107.27199999988, 454466.5760000013], [112106.88100000098, 454464.61499999836], [112109.82299999893, 454464.02899999917], [112109.84430000186, 454464.13599999994]]]}, "properties": {"OBJECTID": 831, "ET_ID": 486, "NWRW_TYP": "DV", "STELSEL1": "H", "AFGEKOP": 0, "AREA": 5.99838799994, "ET_Source": "P:\\336468\\Water\\Gis\\Data\\Shape\\Afvoerend oppervlak\\temp\\Verschil_2.shp", "Shape_Length": 9.997217674106231, "Shape_Area": 0.5283113031344384}}, {"type": "Feature", "id": 832, "geometry": {"type": "Polygon", "coordinates": [[[112067.47309999913, 454519.4748999998], [112065.32999999821, 454519.90900000185], [112065.64790000021, 454521.4803000018], [112064.85460000113, 454521.6383000016], [112064.46220000088, 454519.67749999836], [112067.39699999988, 454519.0929999985], [112067.47309999913, 454519.4748999998]]]}, "properties": {"OBJECTID": 832, "ET_ID": 487, "NWRW_TYP": "DV", "STELSEL1": "H", "AFGEKOP": 0, "AREA": 5.99838799738, "ET_Source": "P:\\336468\\Water\\Gis\\Data\\Shape\\Afvoerend oppervlak\\temp\\Verschil_2.shp", "Shape_Length": 9.980165923177083, "Shape_Area": 2.4728011681491275}}, {"type": "Feature", "id": 833, "geometry": {"type": "Polygon", "coordinates": [[[112059.74960000068, 454485.81760000065], [112058.46299999952, 454486.08100000024], [112059.02899999917, 454488.8447000012], [112058.33999999985, 454488.9820000008], [112057.75400000066, 454486.0399999991], [112059.71599999815, 454485.6490000002], [112059.74960000068, 454485.81760000065]]]}, "properties": {"OBJECTID": 833, "ET_ID": 490, "NWRW_TYP": "DV", "STELSEL1": "H", "AFGEKOP": 0, "AREA": 6.00133000335, "ET_Source": "P:\\336468\\Water\\Gis\\Data\\Shape\\Afvoerend oppervlak\\temp\\Verschil_2.shp", "Shape_Length": 10.009185069922738, "Shape_Area": 2.3135925490029052}}, {"type": "Feature", "id": 834, "geometry": {"type": "Polygon", "coordinates": [[[112107.8546999991, 454454.14869999886], [112105.00299999863, 454454.7199999988], [112105.34699999914, 454456.4360000007], [112105.37079999968, 454456.5544999987], [112105.27800000086, 454456.5729999989], [112104.88800000027, 454454.61100000143], [112107.82999999821, 454454.0249999985], [112107.8546999991, 454454.14869999886]]]}, "properties": {"OBJECTID": 834, "ET_ID": 491, "NWRW_TYP": "DV", "STELSEL1": "H", "AFGEKOP": 0, "AREA": 6.00201799999, "ET_Source": "P:\\336468\\Water\\Gis\\Data\\Shape\\Afvoerend oppervlak\\temp\\Verschil_2.shp", "Shape_Length": 10.000317435703087, "Shape_Area": 0.5575117433771193}}, {"type": "Feature", "id": 835, "geometry": {"type": "Polygon", "coordinates": [[[112069.92700000107, 454542.80099999905], [112070.30939999968, 454544.6158000007], [112069.52490000054, 454544.77230000123], [112069.12829999998, 454542.8114], [112069.89710000157, 454542.6585999988], [112069.92700000107, 454542.80099999905]]]}, "properties": {"OBJECTID": 835, "ET_ID": 493, "NWRW_TYP": "DV", "STELSEL1": "H", "AFGEKOP": 0, "AREA": 3.99997250793, "ET_Source": "P:\\336468\\Water\\Gis\\Data\\Shape\\Afvoerend oppervlak\\temp\\Verschil_2.shp", "Shape_Length": 5.584556160734801, "Shape_Area": 1.5839487568028}}, {"type": "Feature", "id": 836, "geometry": {"type": "Polygon", "coordinates": [[[112059.06700000167, 454489.0300000012], [112059.63109999895, 454491.78400000185], [112058.92700000107, 454491.9239999987], [112058.33999999985, 454488.9820000008], [112059.02899999917, 454488.8447000012], [112059.06700000167, 454489.0300000012]]]}, "properties": {"OBJECTID": 836, "ET_ID": 494, "NWRW_TYP": "DV", "STELSEL1": "H", "AFGEKOP": 0, "AREA": 6.00074200215, "ET_Source": "P:\\336468\\Water\\Gis\\Data\\Shape\\Afvoerend oppervlak\\temp\\Verschil_2.shp", "Shape_Length": 7.420754196496986, "Shape_Area": 2.130806248115748}}, {"type": "Feature", "id": 837, "geometry": {"type": "Polygon", "coordinates": [[[112061.07499999925, 454499.03599999845], [112061.63650000095, 454501.78500000015], [112060.91899999976, 454501.9279999994], [112060.33300000057, 454498.98600000143], [112061.03610000014, 454498.84589999914], [112061.07499999925, 454499.03599999845]]]}, "properties": {"OBJECTID": 837, "ET_ID": 495, "NWRW_TYP": "DV", "STELSEL1": "H", "AFGEKOP": 0, "AREA": 6.00133000335, "ET_Source": "P:\\336468\\Water\\Gis\\Data\\Shape\\Afvoerend oppervlak\\temp\\Verschil_2.shp", "Shape_Length": 7.448125224110298, "Shape_Area": 2.1727376000523733}}, {"type": "Feature", "id": 838, "geometry": {"type": "Polygon", "coordinates": [[[112056.80799999833, 454481.2879999988], [112056.41699999943, 454479.3269999996], [112059.26099999994, 454478.76000000164], [112059.3590000011, 454478.7410000004], [112059.40769999847, 454478.9853999987], [112057.12200000137, 454479.45699999854], [112057.45300000161, 454481.05799999833], [112059.72740000114, 454480.5887000002], [112059.75, 454480.7019999996], [112056.80799999833, 454481.2879999988]]]}, "properties": {"OBJECTID": 838, "ET_ID": 500, "NWRW_TYP": "DV", "STELSEL1": "H", "AFGEKOP": 0, "AREA": 5.99915299751, "ET_Source": "P:\\336468\\Water\\Gis\\Data\\Shape\\Afvoerend oppervlak\\temp\\Verschil_2.shp", "Shape_Length": 14.654941456255354, "Shape_Area": 2.193073848106244}}, {"type": "Feature", "id": 839, "geometry": {"type": "Polygon", "coordinates": [[[112102.2890000008, 454441.56799999997], [112101.89900000021, 454439.60599999875], [112104.84099999815, 454439.01999999955], [112104.87110000104, 454439.17119999975], [112102.00200000033, 454439.74599999934], [112102.3440000005, 454441.4519999996], [112105.21139999852, 454440.87750000134], [112105.23200000077, 454440.98099999875], [112102.2890000008, 454441.56799999997]]]}, "properties": {"OBJECTID": 839, "ET_ID": 501, "NWRW_TYP": "DV", "STELSEL1": "H", "AFGEKOP": 0, "AREA": 6.00074199595, "ET_Source": "P:\\336468\\Water\\Gis\\Data\\Shape\\Afvoerend oppervlak\\temp\\Verschil_2.shp", "Shape_Length": 15.851286065243325, "Shape_Area": 0.9110244991687237}}, {"type": "Feature", "id": 840, "geometry": {"type": "Polygon", "coordinates": [[[112149.69179999828, 454440.8691999987], [112148.21700000018, 454441.0029999986], [112148.21700000018, 454441.13500000164], [112148.92610000074, 454442.19849999994], [112148.0390000008, 454442.43400000036], [112147.43050000072, 454440.1447999999], [112148.23000000045, 454439.93400000036], [112147.94110000134, 454438.83900000155], [112149.07299999893, 454438.5379999988], [112149.69179999828, 454440.8691999987]]]}, "properties": {"OBJECTID": 840, "ET_ID": 503, "NWRW_TYP": "DV", "STELSEL1": "H", "AFGEKOP": 0, "AREA": 6.99806099957, "ET_Source": "P:\\336468\\Water\\Gis\\Data\\Shape\\Afvoerend oppervlak\\temp\\Verschil_2.shp", "Shape_Length": 11.72006255955708, "Shape_Area": 4.497171842900799}}, {"type": "Feature", "id": 841, "geometry": {"type": "Polygon", "coordinates": [[[112067.75400000066, 454532.22199999914], [112068.10689999908, 454534.04239999875], [112067.38899999857, 454534.1854000017], [112066.99350000173, 454532.2243000008], [112067.72619999945, 454532.07869999856], [112067.75400000066, 454532.22199999914]]]}, "properties": {"OBJECTID": 841, "ET_ID": 504, "NWRW_TYP": "DV", "STELSEL1": "H", "AFGEKOP": 0, "AREA": 4.00114850593, "ET_Source": "P:\\336468\\Water\\Gis\\Data\\Shape\\Afvoerend oppervlak\\temp\\Verschil_2.shp", "Shape_Length": 5.479876042970498, "Shape_Area": 1.4793498255199}}, {"type": "Feature", "id": 842, "geometry": {"type": "Polygon", "coordinates": [[[112072.05799999833, 454553.38500000164], [112072.43100000173, 454555.2054999992], [112071.66560000181, 454555.35810000077], [112071.26900000125, 454553.39730000123], [112072.02950000018, 454553.24610000104], [112072.05799999833, 454553.38500000164]]]}, "properties": {"OBJECTID": 842, "ET_ID": 505, "NWRW_TYP": "DV", "STELSEL1": "H", "AFGEKOP": 0, "AREA": 3.999972505, "ET_Source": "P:\\336468\\Water\\Gis\\Data\\Shape\\Afvoerend oppervlak\\temp\\Verschil_2.shp", "Shape_Length": 5.556468416789806, "Shape_Area": 1.5561112614411419}}, {"type": "Feature", "id": 843, "geometry": {"type": "Polygon", "coordinates": [[[112055.0009999983, 454457.0949999988], [112054.94830000028, 454457.1057000011], [112052.9327000007, 454446.8566999994], [112055.0009999983, 454457.0949999988]]]}, "properties": {"OBJECTID": 843, "ET_ID": 506, "NWRW_TYP": "DV", "STELSEL1": "H", "AFGEKOP": 0, "AREA": 513.20734050784, "ET_Source": "P:\\336468\\Water\\Gis\\Data\\Shape\\Afvoerend oppervlak\\temp\\Verschil_2.shp", "Shape_Length": 20.94421787741214, "Shape_Area": 0.28084460223245555}}, {"type": "Feature", "id": 844, "geometry": {"type": "Polygon", "coordinates": [[[112071.28400000185, 454465.69680000097], [112070.62409999967, 454465.82820000127], [112070.58700000122, 454465.64499999955], [112071.16299999878, 454465.52899999917], [112071.28400000185, 454465.69680000097]]]}, "properties": {"OBJECTID": 844, "ET_ID": 507, "NWRW_TYP": "DV", "STELSEL1": "H", "AFGEKOP": 0, "AREA": 513.20734050784, "ET_Source": "P:\\336468\\Water\\Gis\\Data\\Shape\\Afvoerend oppervlak\\temp\\Verschil_2.shp", "Shape_Length": 1.6542147783326613, "Shape_Area": 0.11822871118451744}}, {"type": "Feature", "id": 845, "geometry": {"type": "Polygon", "coordinates": [[[112059.3590000011, 454478.7410000004], [112059.26099999994, 454478.76000000164], [112057.21700000018, 454468.4990000017], [112054.128800001, 454469.1143000014], [112054.09899999946, 454468.9629999995], [112057.25499999896, 454468.3280000016], [112059.34800000116, 454478.69000000134], [112063.30519999936, 454477.89350000024], [112063.31700000167, 454477.9519999996], [112059.3590000011, 454478.7410000004]]]}, "properties": {"OBJECTID": 845, "ET_ID": 508, "NWRW_TYP": "DV", "STELSEL1": "H", "AFGEKOP": 0, "AREA": 513.20734050784, "ET_Source": "P:\\336468\\Water\\Gis\\Data\\Shape\\Afvoerend oppervlak\\temp\\Verschil_2.shp", "Shape_Length": 35.78816696236308, "Shape_Area": 1.62260575202956}}, {"type": "Feature", "id": 846, "geometry": {"type": "Polygon", "coordinates": [[[112145.78200000152, 454432.5009999983], [112143.84899999946, 454433.0150000006], [112143.25510000065, 454430.7800000012], [112144.32299999893, 454430.51000000164], [112144.02849999815, 454429.34519999847], [112144.88300000131, 454429.1180000007], [112145.78200000152, 454432.5009999983]]]}, "properties": {"OBJECTID": 846, "ET_ID": 509, "NWRW_TYP": "DV", "STELSEL1": "H", "AFGEKOP": 0, "AREA": 7.00142499378, "ET_Source": "P:\\336468\\Water\\Gis\\Data\\Shape\\Afvoerend oppervlak\\temp\\Verschil_2.shp", "Shape_Length": 11.00029154715132, "Shape_Area": 5.67687925549452}}, {"type": "Feature", "id": 847, "geometry": {"type": "Polygon", "coordinates": [[[112068.54930000007, 454529.9968999997], [112067.36699999869, 454530.2259999998], [112067.72619999945, 454532.07869999856], [112066.99350000173, 454532.2243000008], [112066.59829999879, 454530.2644000016], [112068.52600000054, 454529.87999999896], [112068.54930000007, 454529.9968999997]]]}, "properties": {"OBJECTID": 847, "ET_ID": 510, "NWRW_TYP": "DV", "STELSEL1": "H", "AFGEKOP": 0, "AREA": 3.99997249769, "ET_Source": "P:\\336468\\Water\\Gis\\Data\\Shape\\Afvoerend oppervlak\\temp\\Verschil_2.shp", "Shape_Length": 7.922718196582505, "Shape_Area": 1.6482685575765992}}, {"type": "Feature", "id": 848, "geometry": {"type": "Polygon", "coordinates": [[[112105.86499999836, 454444.1623999998], [112103.00200000033, 454444.73600000143], [112103.34600000083, 454446.4519999996], [112103.36630000174, 454446.5529999994], [112103.28599999845, 454446.5689999983], [112102.89499999955, 454444.6079999991], [112105.83700000122, 454444.0219999999], [112105.86499999836, 454444.1623999998]]]}, "properties": {"OBJECTID": 848, "ET_ID": 511, "NWRW_TYP": "DV", "STELSEL1": "H", "AFGEKOP": 0, "AREA": 5.99838799885, "ET_Source": "P:\\336468\\Water\\Gis\\Data\\Shape\\Afvoerend oppervlak\\temp\\Verschil_2.shp", "Shape_Length": 9.997492366016843, "Shape_Area": 0.5843630549740016}}, {"type": "Feature", "id": 849, "geometry": {"type": "Polygon", "coordinates": [[[112132.69999999925, 454449.7740000002], [112130.62999999896, 454450.243999999], [112130.23270000145, 454448.49500000104], [112132.31610000134, 454448.0799999982], [112132.69999999925, 454449.7740000002]]]}, "properties": {"OBJECTID": 849, "ET_ID": 512, "NWRW_TYP": "DV", "STELSEL1": "H", "AFGEKOP": 0, "AREA": 4.0734205025, "ET_Source": "P:\\336468\\Water\\Gis\\Data\\Shape\\Afvoerend oppervlak\\temp\\Verschil_2.shp", "Shape_Length": 7.777530760870622, "Shape_Area": 3.7478795494367376}}, {"type": "Feature", "id": 850, "geometry": {"type": "Polygon", "coordinates": [[[112133.01799999923, 454452.0029999986], [112131.0850000009, 454452.5159999989], [112130.5709999986, 454450.58300000057], [112132.50400000066, 454450.0700000003], [112133.01799999923, 454452.0029999986]]]}, "properties": {"OBJECTID": 850, "ET_ID": 513, "NWRW_TYP": "DV", "STELSEL1": "H", "AFGEKOP": 0, "AREA": 4.00017100471, "ET_Source": "P:\\336468\\Water\\Gis\\Data\\Shape\\Afvoerend oppervlak\\temp\\Verschil_2.shp", "Shape_Length": 8.000171479191096, "Shape_Area": 4.00017099750796}}, {"type": "Feature", "id": 851, "geometry": {"type": "Polygon", "coordinates": [[[112075.9690000005, 454563.69099999964], [112074.17500000075, 454564.0210000016], [112074.14119999856, 454563.83729999885], [112075.24599999934, 454563.6169999987], [112074.87759999931, 454561.7646000013], [112075.59099999815, 454561.6330000013], [112075.9690000005, 454563.69099999964]]]}, "properties": {"OBJECTID": 851, "ET_ID": 514, "NWRW_TYP": "DV", "STELSEL1": "H", "AFGEKOP": 0, "AREA": 3.81727800042, "ET_Source": "P:\\336468\\Water\\Gis\\Data\\Shape\\Afvoerend oppervlak\\temp\\Verschil_2.shp", "Shape_Length": 7.843973201520679, "Shape_Area": 1.7058447518899813}}, {"type": "Feature", "id": 852, "geometry": {"type": "Polygon", "coordinates": [[[112074.87759999931, 454561.7646000013], [112073.79600000009, 454561.96400000155], [112074.14119999856, 454563.83729999885], [112073.4096999988, 454563.98310000077], [112073.01339999959, 454562.02320000157], [112074.85599999875, 454561.6559999995], [112074.87759999931, 454561.7646000013]]]}, "properties": {"OBJECTID": 852, "ET_ID": 515, "NWRW_TYP": "DV", "STELSEL1": "H", "AFGEKOP": 0, "AREA": 3.99918700195, "ET_Source": "P:\\336468\\Water\\Gis\\Data\\Shape\\Afvoerend oppervlak\\temp\\Verschil_2.shp", "Shape_Length": 7.739680409384077, "Shape_Area": 1.6389927060591114}}, {"type": "Feature", "id": 853, "geometry": {"type": "Polygon", "coordinates": [[[112137.89999999851, 454448.4270000011], [112135.88399999961, 454448.938000001], [112135.50470000133, 454447.44480000064], [112137.54720000178, 454447.0379000008], [112137.89999999851, 454448.4270000011]]]}, "properties": {"OBJECTID": 853, "ET_ID": 516, "NWRW_TYP": "DV", "STELSEL1": "H", "AFGEKOP": 0, "AREA": 3.76800200353, "ET_Source": "P:\\336468\\Water\\Gis\\Data\\Shape\\Afvoerend oppervlak\\temp\\Verschil_2.shp", "Shape_Length": 7.136213425838692, "Shape_Area": 3.092452283988644}}, {"type": "Feature", "id": 854, "geometry": {"type": "Polygon", "coordinates": [[[112138.23600000143, 454450.6160000004], [112136.3040000014, 454451.12900000066], [112135.7899999991, 454449.1959999986], [112137.72300000116, 454448.68299999833], [112138.23600000143, 454450.6160000004]]]}, "properties": {"OBJECTID": 854, "ET_ID": 517, "NWRW_TYP": "DV", "STELSEL1": "H", "AFGEKOP": 0, "AREA": 3.99894799503, "ET_Source": "P:\\336468\\Water\\Gis\\Data\\Shape\\Afvoerend oppervlak\\temp\\Verschil_2.shp", "Shape_Length": 7.998948219111033, "Shape_Area": 3.998948006785333}}, {"type": "Feature", "id": 855, "geometry": {"type": "Polygon", "coordinates": [[[112149.92410000041, 454443.69519999996], [112150.28000000119, 454445.1180000007], [112148.33100000024, 454445.60500000045], [112147.9290000014, 454443.9979999997], [112149.81219999865, 454443.52739999816], [112149.92410000041, 454443.69519999996]]]}, "properties": {"OBJECTID": 855, "ET_ID": 518, "NWRW_TYP": "DV", "STELSEL1": "H", "AFGEKOP": 0, "AREA": 3.32781700237, "ET_Source": "P:\\336468\\Water\\Gis\\Data\\Shape\\Afvoerend oppervlak\\temp\\Verschil_2.shp", "Shape_Length": 7.274876751354679, "Shape_Area": 3.321436453266735}}, {"type": "Feature", "id": 856, "geometry": {"type": "Polygon", "coordinates": [[[112150.60700000077, 454447.3280000016], [112148.67399999872, 454447.8420000002], [112148.16000000015, 454445.90900000185], [112150.09299999848, 454445.39499999955], [112150.60700000077, 454447.3280000016]]]}, "properties": {"OBJECTID": 856, "ET_ID": 519, "NWRW_TYP": "DV", "STELSEL1": "H", "AFGEKOP": 0, "AREA": 4.00068499664, "ET_Source": "P:\\336468\\Water\\Gis\\Data\\Shape\\Afvoerend oppervlak\\temp\\Verschil_2.shp", "Shape_Length": 8.000684971868981, "Shape_Area": 4.000685001193136}}, {"type": "Feature", "id": 857, "geometry": {"type": "Polygon", "coordinates": [[[112148.67399999872, 454447.8420000002], [112146.74100000039, 454448.35500000045], [112146.22700000182, 454446.4219999984], [112148.16000000015, 454445.90900000185], [112148.67399999872, 454447.8420000002]]]}, "properties": {"OBJECTID": 857, "ET_ID": 526, "NWRW_TYP": "DV", "STELSEL1": "H", "AFGEKOP": 0, "AREA": 4.00017099751, "ET_Source": "P:\\336468\\Water\\Gis\\Data\\Shape\\Afvoerend oppervlak\\temp\\Verschil_2.shp", "Shape_Length": 8.000171477277737, "Shape_Area": 4.000170995595023}}, {"type": "Feature", "id": 858, "geometry": {"type": "Polygon", "coordinates": [[[112103.67599999905, 454448.5309999995], [112103.28599999845, 454446.5689999983], [112103.36630000174, 454446.5529999994], [112103.69000000134, 454448.16699999943], [112106.54910000041, 454447.59420000017], [112106.61899999902, 454447.9450000003], [112103.67599999905, 454448.5309999995]]]}, "properties": {"OBJECTID": 858, "ET_ID": 529, "NWRW_TYP": "DV", "STELSEL1": "H", "AFGEKOP": 0, "AREA": 6.00201799742, "ET_Source": "P:\\336468\\Water\\Gis\\Data\\Shape\\Afvoerend oppervlak\\temp\\Verschil_2.shp", "Shape_Length": 10.002788780278003, "Shape_Area": 1.2051352038705676}}, {"type": "Feature", "id": 859, "geometry": {"type": "Polygon", "coordinates": [[[112105.66899999976, 454458.53599999845], [112105.27800000086, 454456.5729999989], [112105.37079999968, 454456.5544999987], [112105.69099999964, 454458.15100000054], [112108.53840000182, 454457.58040000126], [112108.61199999973, 454457.94999999925], [112105.66899999976, 454458.53599999845]]]}, "properties": {"OBJECTID": 859, "ET_ID": 531, "NWRW_TYP": "DV", "STELSEL1": "H", "AFGEKOP": 0, "AREA": 6.00623500379, "ET_Source": "P:\\336468\\Water\\Gis\\Data\\Shape\\Afvoerend oppervlak\\temp\\Verschil_2.shp", "Shape_Length": 10.00612207050224, "Shape_Area": 1.2811790423357978}}, {"type": "Feature", "id": 860, "geometry": {"type": "Polygon", "coordinates": [[[116240.27899999917, 452846.86100000143], [116240.38500000164, 452848.3830000013], [116234.29100000113, 452848.9829999991], [116234.14400000125, 452847.71599999815], [116233.92199999839, 452845.3500000015], [116235.49399999902, 452845.23699999973], [116240.10200000182, 452844.8449999988], [116240.27899999917, 452846.86100000143]]]}, "properties": {"OBJECTID": 860, "ET_ID": 992, "NWRW_TYP": "DV", "STELSEL1": "H", "AFGEKOP": 1, "AREA": 22.19768150915, "ET_Source": "P:\\336468\\Water\\Gis\\Data\\Shape\\Afvoerend oppervlak\\temp\\Verschil_2.shp", "Shape_Length": 19.525498968905115, "Shape_Area": 22.197681504505635}}, {"type": "Feature", "id": 861, "geometry": {"type": "Polygon", "coordinates": [[[116234.14400000125, 452847.71599999815], [116227.9459999986, 452848.26300000027], [116228.03290000185, 452849.47780000046], [116227.69700000063, 452845.8999999985], [116233.92199999839, 452845.3500000015], [116234.14400000125, 452847.71599999815]]]}, "properties": {"OBJECTID": 861, "ET_ID": 993, "NWRW_TYP": "DV", "STELSEL1": "H", "AFGEKOP": 1, "AREA": 14.88234149932, "ET_Source": "P:\\336468\\Water\\Gis\\Data\\Shape\\Afvoerend oppervlak\\temp\\Verschil_2.shp", "Shape_Length": 19.659170418006777, "Shape_Area": 14.86483374058608}}, {"type": "Feature", "id": 862, "geometry": {"type": "Polygon", "coordinates": [[[107311.97100000083, 452009.3200000003], [107311.63830000162, 452009.3781000003], [107310.40199999884, 452002.9840000011], [107309.91420000046, 452000.46169999987], [107310.22399999946, 452000.40100000054], [107311.97100000083, 452009.3200000003]]]}, "properties": {"OBJECTID": 862, "ET_ID": 1072, "NWRW_TYP": "DV", "STELSEL1": "H", "AFGEKOP": 0, "AREA": 39.57974100526, "ET_Source": "P:\\336468\\Water\\Gis\\Data\\Shape\\Afvoerend oppervlak\\temp\\Verschil_2.shp", "Shape_Length": 18.823469862957175, "Shape_Area": 2.9675415512437113}}, {"type": "Feature", "id": 863, "geometry": {"type": "Polygon", "coordinates": [[[107432.45699999854, 452139.8669999987], [107432.45219999924, 452139.95980000123], [107428.98200000077, 452141.75499999896], [107426.2184999995, 452139.5430999994], [107432.45699999854, 452139.8669999987]]]}, "properties": {"OBJECTID": 863, "ET_ID": 1074, "NWRW_TYP": "DV", "STELSEL1": "H", "AFGEKOP": 0, "AREA": 7.52354700614, "ET_Source": "P:\\336468\\Water\\Gis\\Data\\Shape\\Afvoerend oppervlak\\temp\\Verschil_2.shp", "Shape_Length": 13.786569695516118, "Shape_Area": 6.6086290532719465}}, {"type": "Feature", "id": 864, "geometry": {"type": "Polygon", "coordinates": [[[107306.70199999958, 452000.2010000013], [107306.29190000147, 451999.6539000012], [107306.89730000123, 451999.5368999988], [107306.70199999958, 452000.2010000013]]]}, "properties": {"OBJECTID": 864, "ET_ID": 1075, "NWRW_TYP": "DV", "STELSEL1": "H", "AFGEKOP": 0, "AREA": 3.3984820005, "ET_Source": "P:\\336468\\Water\\Gis\\Data\\Shape\\Afvoerend oppervlak\\temp\\Verschil_2.shp", "Shape_Length": 1.9925638470914113, "Shape_Area": 0.18959802034647344}}, {"type": "Feature", "id": 865, "geometry": {"type": "Polygon", "coordinates": [[[109104.52199999988, 450528.9699999988], [109098.43699999899, 450530.6790000014], [109097.91000000015, 450528.80099999905], [109103.99500000104, 450527.0920000002], [109104.52199999988, 450528.9699999988]]]}, "properties": {"OBJECTID": 865, "ET_ID": 1173, "NWRW_TYP": "DV", "STELSEL1": "H", "AFGEKOP": 0, "AREA": 12.32827300275, "ET_Source": "P:\\336468\\Water\\Gis\\Data\\Shape\\Afvoerend oppervlak\\temp\\Verschil_2.shp", "Shape_Length": 16.54195461419666, "Shape_Area": 12.328273003069729}}, {"type": "Feature", "id": 866, "geometry": {"type": "Polygon", "coordinates": [[[109392.16039999947, 451628.45439999923], [109389.82880000025, 451629.070700001], [109392.1409999989, 451628.381000001], [109392.16039999947, 451628.45439999923]]]}, "properties": {"OBJECTID": 866, "ET_ID": 1174, "NWRW_TYP": "DV", "STELSEL1": "H", "AFGEKOP": 0, "AREA": 801.47673953658, "ET_Source": "P:\\336468\\Water\\Gis\\Data\\Shape\\Afvoerend oppervlak\\temp\\Verschil_2.shp", "Shape_Length": 4.900469883248985, "Shape_Area": 0.09154782812163055}}, {"type": "Feature", "id": 867, "geometry": {"type": "Polygon", "coordinates": [[[109404.57899999991, 451635.618999999], [109404.55669999868, 451635.5348000005], [109412.83430000022, 451633.436900001], [109404.57899999991, 451635.618999999]]]}, "properties": {"OBJECTID": 867, "ET_ID": 1175, "NWRW_TYP": "DV", "STELSEL1": "H", "AFGEKOP": 0, "AREA": 801.47673953658, "ET_Source": "P:\\336468\\Water\\Gis\\Data\\Shape\\Afvoerend oppervlak\\temp\\Verschil_2.shp", "Shape_Length": 17.165240152318994, "Shape_Area": 0.3718785402600038}}, {"type": "Feature", "id": 868, "geometry": {"type": "Polygon", "coordinates": [[[109387.82559999824, 451636.41479999945], [109386.14299999923, 451630.1700000018], [109386.17269999906, 451630.16110000014], [109387.82559999824, 451636.41479999945]]]}, "properties": {"OBJECTID": 868, "ET_ID": 1176, "NWRW_TYP": "DV", "STELSEL1": "H", "AFGEKOP": 0, "AREA": 801.47673953658, "ET_Source": "P:\\336468\\Water\\Gis\\Data\\Shape\\Afvoerend oppervlak\\temp\\Verschil_2.shp", "Shape_Length": 12.96696335846945, "Shape_Area": 0.10022285084232774}}, {"type": "Feature", "id": 869, "geometry": {"type": "Polygon", "coordinates": [[[109396.44999999925, 451638.12900000066], [109395.09699999914, 451638.48699999973], [109395.00059999898, 451638.12220000103], [109396.26700000092, 451637.78400000185], [109392.64999999851, 451624.16000000015], [109392.74940000102, 451624.12750000134], [109396.44999999925, 451638.12900000066]]]}, "properties": {"OBJECTID": 869, "ET_ID": 1177, "NWRW_TYP": "DV", "STELSEL1": "H", "AFGEKOP": 0, "AREA": 801.47673953658, "ET_Source": "P:\\336468\\Water\\Gis\\Data\\Shape\\Afvoerend oppervlak\\temp\\Verschil_2.shp", "Shape_Length": 31.77048310502511, "Shape_Area": 1.8921149041744152}}, {"type": "Feature", "id": 870, "geometry": {"type": "Polygon", "coordinates": [[[109406.14200000092, 451652.69200000167], [109400.6799999997, 451654.1499999985], [109393.13599999994, 451656.1229999997], [109393.12310000136, 451656.07510000095], [109428.51999999955, 451646.7199999988], [109406.14200000092, 451652.69200000167]]]}, "properties": {"OBJECTID": 870, "ET_ID": 1178, "NWRW_TYP": "DV", "STELSEL1": "H", "AFGEKOP": 0, "AREA": 801.47673953658, "ET_Source": "P:\\336468\\Water\\Gis\\Data\\Shape\\Afvoerend oppervlak\\temp\\Verschil_2.shp", "Shape_Length": 73.27402757752482, "Shape_Area": 1.4658661504979609}}, {"type": "Feature", "id": 871, "geometry": {"type": "Polygon", "coordinates": [[[109391.80700000003, 451655.38899999857], [109389.10000000149, 451656.1039999984], [109386.2890000008, 451645.4699999988], [109388.99599999934, 451644.75400000066], [109391.80700000003, 451655.38899999857]]]}, "properties": {"OBJECTID": 871, "ET_ID": 1182, "NWRW_TYP": "DV", "STELSEL1": "H", "AFGEKOP": 0, "AREA": 30.79886200756, "ET_Source": "P:\\336468\\Water\\Gis\\Data\\Shape\\Afvoerend oppervlak\\temp\\Verschil_2.shp", "Shape_Length": 27.599407646032894, "Shape_Area": 30.79886197880629}}, {"type": "Feature", "id": 872, "geometry": {"type": "Polygon", "coordinates": [[[109541.45199999958, 451550.4059999995], [109533.94900000095, 451552.4629999995], [109532.94999999925, 451548.81799999997], [109534.68499999866, 451548.3420000002], [109534.81199999899, 451548.8049999997], [109540.57899999991, 451547.22300000116], [109541.45199999958, 451550.4059999995]]]}, "properties": {"OBJECTID": 872, "ET_ID": 1198, "NWRW_TYP": "DV", "STELSEL1": "H", "AFGEKOP": 0, "AREA": 26.53598202151, "ET_Source": "P:\\336468\\Water\\Gis\\Data\\Shape\\Afvoerend oppervlak\\temp\\Verschil_2.shp", "Shape_Length": 23.119096351084146, "Shape_Area": 26.53598199334632}}, {"type": "Feature", "id": 873, "geometry": {"type": "Polygon", "coordinates": [[[109527.89200000092, 451570.3420000002], [109524.99799999967, 451571.13500000164], [109524.46999999881, 451569.20600000024], [109527.36300000176, 451568.4129999988], [109527.89200000092, 451570.3420000002]]]}, "properties": {"OBJECTID": 873, "ET_ID": 1199, "NWRW_TYP": "DV", "STELSEL1": "H", "AFGEKOP": 0, "AREA": 6.00066199745, "ET_Source": "P:\\336468\\Water\\Gis\\Data\\Shape\\Afvoerend oppervlak\\temp\\Verschil_2.shp", "Shape_Length": 10.000573820917838, "Shape_Area": 6.000662008889496}}, {"type": "Feature", "id": 874, "geometry": {"type": "Polygon", "coordinates": [[[109524.99799999967, 451571.13500000164], [109522.10500000045, 451571.9290000014], [109521.57600000128, 451570], [109524.46999999881, 451569.20600000024], [109524.99799999967, 451571.13500000164]]]}, "properties": {"OBJECTID": 874, "ET_ID": 1200, "NWRW_TYP": "DV", "STELSEL1": "H", "AFGEKOP": 0, "AREA": 6.00119050292, "ET_Source": "P:\\336468\\Water\\Gis\\Data\\Shape\\Afvoerend oppervlak\\temp\\Verschil_2.shp", "Shape_Length": 10.001102754528063, "Shape_Area": 6.001190500805647}}, {"type": "Feature", "id": 875, "geometry": {"type": "Polygon", "coordinates": [[[109505.9059999995, 451572.63800000027], [109503.01300000027, 451573.4310000017], [109502.4840000011, 451571.5020000003], [109505.37700000033, 451570.70899999887], [109505.9059999995, 451572.63800000027]]]}, "properties": {"OBJECTID": 875, "ET_ID": 1203, "NWRW_TYP": "DV", "STELSEL1": "H", "AFGEKOP": 0, "AREA": 6.00009400136, "ET_Source": "P:\\336468\\Water\\Gis\\Data\\Shape\\Afvoerend oppervlak\\temp\\Verschil_2.shp", "Shape_Length": 9.999873617072215, "Shape_Area": 6.000094002668321}}, {"type": "Feature", "id": 876, "geometry": {"type": "Polygon", "coordinates": [[[109497.60300000012, 451574.9149999991], [109494.70899999887, 451575.70800000057], [109494.18100000173, 451573.77899999917], [109497.07400000095, 451572.98600000143], [109497.60300000012, 451574.9149999991]]]}, "properties": {"OBJECTID": 876, "ET_ID": 1204, "NWRW_TYP": "DV", "STELSEL1": "H", "AFGEKOP": 0, "AREA": 6.00066199533, "ET_Source": "P:\\336468\\Water\\Gis\\Data\\Shape\\Afvoerend oppervlak\\temp\\Verschil_2.shp", "Shape_Length": 10.00057381176412, "Shape_Area": 6.0006619974454045}}, {"type": "Feature", "id": 877, "geometry": {"type": "Polygon", "coordinates": [[[109494.70899999887, 451575.70800000057], [109491.81599999964, 451576.5020000003], [109491.28700000048, 451574.5729999989], [109494.18100000173, 451573.77899999917], [109494.70899999887, 451575.70800000057]]]}, "properties": {"OBJECTID": 877, "ET_ID": 1205, "NWRW_TYP": "DV", "STELSEL1": "H", "AFGEKOP": 0, "AREA": 6.00119049721, "ET_Source": "P:\\336468\\Water\\Gis\\Data\\Shape\\Afvoerend oppervlak\\temp\\Verschil_2.shp", "Shape_Length": 10.001102757137097, "Shape_Area": 6.001190502919749}}, {"type": "Feature", "id": 878, "geometry": {"type": "Polygon", "coordinates": [[[109486.23800000176, 451576.5799999982], [109483.34499999881, 451577.3729999997], [109482.81599999964, 451575.4439999983], [109485.70899999887, 451574.65100000054], [109486.23800000176, 451576.5799999982]]]}, "properties": {"OBJECTID": 878, "ET_ID": 1206, "NWRW_TYP": "DV", "STELSEL1": "H", "AFGEKOP": 0, "AREA": 6.00009400136, "ET_Source": "P:\\336468\\Water\\Gis\\Data\\Shape\\Afvoerend oppervlak\\temp\\Verschil_2.shp", "Shape_Length": 9.99987361707275, "Shape_Area": 6.00009400136447}}, {"type": "Feature", "id": 879, "geometry": {"type": "Polygon", "coordinates": [[[109483.34499999881, 451577.3729999997], [109480.45199999958, 451578.16600000113], [109479.92300000042, 451576.23800000176], [109482.81599999964, 451575.4439999983], [109483.34499999881, 451577.3729999997]]]}, "properties": {"OBJECTID": 879, "ET_ID": 1207, "NWRW_TYP": "DV", "STELSEL1": "H", "AFGEKOP": 0, "AREA": 5.99891199685, "ET_Source": "P:\\336468\\Water\\Gis\\Data\\Shape\\Afvoerend oppervlak\\temp\\Verschil_2.shp", "Shape_Length": 9.999173752817041, "Shape_Area": 5.998912000272901}}, {"type": "Feature", "id": 880, "geometry": {"type": "Polygon", "coordinates": [[[109898.05990000069, 451553.53350000083], [109894.9283999987, 451554.4792000018], [109894.6959999986, 451553.6240000017], [109897.85099999979, 451552.76199999824], [109898.05990000069, 451553.53350000083]]]}, "properties": {"OBJECTID": 880, "ET_ID": 1213, "NWRW_TYP": "DV", "STELSEL1": "H", "AFGEKOP": 0, "AREA": 7.71547899507, "ET_Source": "P:\\336468\\Water\\Gis\\Data\\Shape\\Afvoerend oppervlak\\temp\\Verschil_2.shp", "Shape_Length": 8.22731750454988, "Shape_Area": 2.7559968964787878}}, {"type": "Feature", "id": 881, "geometry": {"type": "Polygon", "coordinates": [[[109894.35570000112, 451554.7485000007], [109890.84730000049, 451555.70899999887], [109894.33999999985, 451554.69900000095], [109894.35570000112, 451554.7485000007]]]}, "properties": {"OBJECTID": 881, "ET_ID": 1214, "NWRW_TYP": "DV", "STELSEL1": "H", "AFGEKOP": 0, "AREA": 18.22047101029, "ET_Source": "P:\\336468\\Water\\Gis\\Data\\Shape\\Afvoerend oppervlak\\temp\\Verschil_2.shp", "Shape_Length": 7.325235122519567, "Shape_Area": 0.0943728251405686}}, {"type": "Feature", "id": 882, "geometry": {"type": "Polygon", "coordinates": [[[109895.5700000003, 451556.9299999997], [109895.70300000161, 451557.43499999866], [109895.26319999993, 451557.55530000106], [109894.53420000151, 451554.873300001], [109894.48900000006, 451554.7120000012], [109894.35570000112, 451554.7485000007], [109894.33999999985, 451554.69900000095], [109894.82189999893, 451554.5593999997], [109895.5700000003, 451556.9299999997]]]}, "properties": {"OBJECTID": 882, "ET_ID": 1215, "NWRW_TYP": "DV", "STELSEL1": "H", "AFGEKOP": 0, "AREA": 10.29622200145, "ET_Source": "P:\\336468\\Water\\Gis\\Data\\Shape\\Afvoerend oppervlak\\temp\\Verschil_2.shp", "Shape_Length": 7.102689425413779, "Shape_Area": 1.2642305987670883}}, {"type": "Feature", "id": 883, "geometry": {"type": "Polygon", "coordinates": [[[109800.91409999877, 451812.47890000045], [109800.86140000075, 451812.5614], [109757.90500000119, 451823.90199999884], [109750.16800000146, 451794.59600000083], [109777.08999999985, 451787.48900000006], [109766.6240000017, 451747.84699999914], [109781.16600000113, 451744.0080000013], [109785.16200000048, 451759.14400000125], [109786.72399999946, 451758.7320000008], [109800.91409999877, 451812.47890000045]]]}, "properties": {"OBJECTID": 883, "ET_ID": 1216, "NWRW_TYP": "DV", "STELSEL1": "H", "AFGEKOP": 0, "AREA": 2006.37938163067, "ET_Source": "P:\\336468\\Water\\Gis\\Data\\Shape\\Afvoerend oppervlak\\temp\\Verschil_2.shp", "Shape_Length": 231.5795353650186, "Shape_Area": 2006.3781725750966}}, {"type": "Feature", "id": 884, "geometry": {"type": "Polygon", "coordinates": [[[110400.89900000021, 455917.10599999875], [110390.9690000005, 455935.5789999999], [110390.65069999918, 455935.40790000185], [110390.67700000107, 455935.3590000011], [110400.57979999855, 455916.92760000005], [110400.89900000021, 455917.10599999875]]]}, "properties": {"OBJECTID": 884, "ET_ID": 1269, "NWRW_TYP": "DV", "STELSEL1": "H", "AFGEKOP": 0, "AREA": 446.93190993915, "ET_Source": "P:\\336468\\Water\\Gis\\Data\\Shape\\Afvoerend oppervlak\\temp\\Verschil_2.shp", "Shape_Length": 42.67856606031401, "Shape_Area": 7.6243715980257765}}, {"type": "Feature", "id": 885, "geometry": {"type": "Polygon", "coordinates": [[[110362.72700000182, 455790.72199999914], [110335.93800000101, 455815.8429999985], [110328.5399999991, 455811.6889999993], [110328.79500000179, 455811.23600000143], [110326.07400000095, 455809.70899999887], [110342.7100000009, 455780.0799999982], [110347.4690000005, 455782.7509999983], [110347.72300000116, 455782.2980000004], [110362.72700000182, 455790.72199999914]]]}, "properties": {"OBJECTID": 885, "ET_ID": 1279, "NWRW_TYP": "DV", "STELSEL1": "H", "AFGEKOP": 0, "AREA": 595.56996603126, "ET_Source": "P:\\336468\\Water\\Gis\\Data\\Shape\\Afvoerend oppervlak\\temp\\Verschil_2.shp", "Shape_Length": 106.0130109749176, "Shape_Area": 595.5699660160151}}, {"type": "Feature", "id": 886, "geometry": {"type": "Polygon", "coordinates": [[[110518.09499999881, 455519.54100000113], [110499.83900000155, 455503.50400000066], [110496.5390000008, 455507.26099999994], [110487.52299999818, 455499.34099999815], [110490.82299999893, 455495.58399999887], [110472.19099999964, 455479.2170000002], [110494.68899999931, 455438.81799999997], [110567.58700000122, 455502.8539999984], [110558.47300000116, 455513.2289999984], [110538.81199999899, 455495.95800000057], [110518.09499999881, 455519.54100000113]]]}, "properties": {"OBJECTID": 886, "ET_ID": 1280, "NWRW_TYP": "DV", "STELSEL1": "H", "AFGEKOP": 0, "AREA": 3403.66967508559, "ET_Source": "P:\\336468\\Water\\Gis\\Data\\Shape\\Afvoerend oppervlak\\temp\\Verschil_2.shp", "Shape_Length": 285.7409944351564, "Shape_Area": 3403.6696751009886}}, {"type": "Feature", "id": 887, "geometry": {"type": "Polygon", "coordinates": [[[111949.25589999929, 453790.5940000005], [111937.52670000121, 453796.2800000012], [111940.57079999894, 453802.56159999967], [111927.42320000008, 453808.9332999997], [111924.0399999991, 453807.7723999992], [111912.24399999902, 453783.4299999997], [111913.42870000005, 453780.07360000163], [111924.26399999857, 453774.82079999894], [111927.63080000132, 453775.9715999998], [111928.68919999897, 453778.11840000004], [111940.44159999862, 453772.41330000013], [111949.25589999929, 453790.5940000005]]]}, "properties": {"OBJECTID": 887, "ET_ID": 1409, "NWRW_TYP": "DV", "STELSEL1": "H", "AFGEKOP": 0, "AREA": 803.51369600051, "ET_Source": "P:\\336468\\Water\\Gis\\Data\\Shape\\Afvoerend oppervlak\\temp\\Verschil_2.shp", "Shape_Length": 120.07301819081162, "Shape_Area": 803.5553385509575}}, {"type": "Feature", "id": 888, "geometry": {"type": "Polygon", "coordinates": [[[111294.27320000157, 453643.8306999989], [111290.58790000156, 453645.5683000013], [111294.2490000017, 453643.7809999995], [111294.27320000157, 453643.8306999989]]]}, "properties": {"OBJECTID": 888, "ET_ID": 1410, "NWRW_TYP": "DV", "STELSEL1": "H", "AFGEKOP": 0, "AREA": 1740.76065457398, "ET_Source": "P:\\336468\\Water\\Gis\\Data\\Shape\\Afvoerend oppervlak\\temp\\Verschil_2.shp", "Shape_Length": 8.20374898171979, "Shape_Area": 0.11260466379559696}}, {"type": "Feature", "id": 889, "geometry": {"type": "Polygon", "coordinates": [[[111903.4792000018, 453659.87000000104], [111894.67920000106, 453664.1383999996], [111886.33590000123, 453646.93400000036], [111895.13399999961, 453642.66750000045], [111903.4792000018, 453659.87000000104]]]}, "properties": {"OBJECTID": 889, "ET_ID": 1411, "NWRW_TYP": "DV", "STELSEL1": "H", "AFGEKOP": 0, "AREA": 186.99859198989, "ET_Source": "P:\\336468\\Water\\Gis\\Data\\Shape\\Afvoerend oppervlak\\temp\\Verschil_2.shp", "Shape_Length": 57.79913446966777, "Shape_Area": 186.98268637463744}}, {"type": "Feature", "id": 890, "geometry": {"type": "Polygon", "coordinates": [[[111514.54199999943, 453602.51099999994], [111510.7190000005, 453607.1030000001], [111508.82499999925, 453605.52699999884], [111512.64799999818, 453600.93400000036], [111514.54199999943, 453602.51099999994]]]}, "properties": {"OBJECTID": 890, "ET_ID": 1412, "NWRW_TYP": "DV", "STELSEL1": "H", "AFGEKOP": 0, "AREA": 14.72515449523, "ET_Source": "P:\\336468\\Water\\Gis\\Data\\Shape\\Afvoerend oppervlak\\temp\\Verschil_2.shp", "Shape_Length": 16.8794885210271, "Shape_Area": 14.725154504439042}}, {"type": "Feature", "id": 891, "geometry": {"type": "Polygon", "coordinates": [[[110892.31300000101, 454068.5799999982], [110892.14220000058, 454068.66899999976], [110888.32800000161, 454061.0720000006], [110888.53599999845, 454060.96499999985], [110892.31300000101, 454068.5799999982]]]}, "properties": {"OBJECTID": 891, "ET_ID": 1414, "NWRW_TYP": "DV", "STELSEL1": "H", "AFGEKOP": 0, "AREA": 29.78363751095, "ET_Source": "P:\\336468\\Water\\Gis\\Data\\Shape\\Afvoerend oppervlak\\temp\\Verschil_2.shp", "Shape_Length": 17.427474840657283, "Shape_Area": 1.8125451938680888}}, {"type": "Feature", "id": 892, "geometry": {"type": "Polygon", "coordinates": [[[112084.12779999897, 454362.71599999815], [112083.75400000066, 454362.8359999992], [112083.86019999906, 454363.1667999998], [112082.40100000054, 454363.7719999999], [112081.73000000045, 454362.1559999995], [112083.57800000161, 454361.38899999857], [112084.12779999897, 454362.71599999815]]]}, "properties": {"OBJECTID": 892, "ET_ID": 1518, "NWRW_TYP": "DV", "STELSEL1": "H", "AFGEKOP": 0, "AREA": 3.50042199518, "ET_Source": "P:\\336468\\Water\\Gis\\Data\\Shape\\Afvoerend oppervlak\\temp\\Verschil_2.shp", "Shape_Length": 7.506749960644716, "Shape_Area": 3.366268100398579}}, {"type": "Feature", "id": 893, "geometry": {"type": "Polygon", "coordinates": [[[112086.03920000046, 454362.1022000015], [112085.63800000027, 454362.23099999875], [112084.12779999897, 454362.71599999815], [112083.57800000161, 454361.38899999857], [112084.32600000128, 454361.07880000025], [112085.1799999997, 454360.8049999997], [112085.46290000156, 454360.7142000012], [112086.03920000046, 454362.1022000015]]]}, "properties": {"OBJECTID": 893, "ET_ID": 1519, "NWRW_TYP": "DV", "STELSEL1": "H", "AFGEKOP": 0, "AREA": 3.50042199987, "ET_Source": "P:\\336468\\Water\\Gis\\Data\\Shape\\Afvoerend oppervlak\\temp\\Verschil_2.shp", "Shape_Length": 6.950512041269597, "Shape_Area": 2.979407816602789}}, {"type": "Feature", "id": 894, "geometry": {"type": "Polygon", "coordinates": [[[112094.22399999946, 454358.8669999987], [112092.37700000033, 454359.6339999996], [112091.70600000024, 454358.0170000009], [112093.29919999838, 454357.35660000145], [112093.54399999976, 454358.118999999], [112093.87040000036, 454358.01419999823], [112094.22399999946, 454358.8669999987]]]}, "properties": {"OBJECTID": 894, "ET_ID": 1520, "NWRW_TYP": "DV", "STELSEL1": "H", "AFGEKOP": 0, "AREA": 3.50042200181, "ET_Source": "P:\\336468\\Water\\Gis\\Data\\Shape\\Afvoerend oppervlak\\temp\\Verschil_2.shp", "Shape_Length": 7.542018655994131, "Shape_Area": 3.249226396782926}}, {"type": "Feature", "id": 895, "geometry": {"type": "Polygon", "coordinates": [[[112096.0709999986, 454358.1009999998], [112094.22399999946, 454358.8669999987], [112093.87040000036, 454358.01419999823], [112095.44799999893, 454357.5080000013], [112095.78090000153, 454357.4012000002], [112096.0709999986, 454358.1009999998]]]}, "properties": {"OBJECTID": 895, "ET_ID": 1521, "NWRW_TYP": "DV", "STELSEL1": "H", "AFGEKOP": 0, "AREA": 3.49797199776, "ET_Source": "P:\\336468\\Water\\Gis\\Data\\Shape\\Afvoerend oppervlak\\temp\\Verschil_2.shp", "Shape_Length": 5.686724435204199, "Shape_Area": 1.6804023476951881}}, {"type": "Feature", "id": 896, "geometry": {"type": "Polygon", "coordinates": [[[112104.01300000027, 454355.5300000012], [112104.03830000013, 454355.60810000077], [112102.6400000006, 454356.188000001], [112101.9690000005, 454354.5720000006], [112103.49709999934, 454353.93780000135], [112104.01300000027, 454355.5300000012]]]}, "properties": {"OBJECTID": 896, "ET_ID": 1522, "NWRW_TYP": "DV", "STELSEL1": "H", "AFGEKOP": 0, "AREA": 3.50042200206, "ET_Source": "P:\\336468\\Water\\Gis\\Data\\Shape\\Afvoerend oppervlak\\temp\\Verschil_2.shp", "Shape_Length": 6.673818397561118, "Shape_Area": 2.7721946486740916}}, {"type": "Feature", "id": 897, "geometry": {"type": "Polygon", "coordinates": [[[112105.70210000128, 454353.13069999963], [112105.37999999896, 454353.2349999994], [112104.51709999889, 454353.51469999924], [112105.6640000008, 454353.0390000008], [112105.70210000128, 454353.13069999963]]]}, "properties": {"OBJECTID": 897, "ET_ID": 1523, "NWRW_TYP": "DV", "STELSEL1": "H", "AFGEKOP": 0, "AREA": 3.50042200206, "ET_Source": "P:\\336468\\Water\\Gis\\Data\\Shape\\Afvoerend oppervlak\\temp\\Verschil_2.shp", "Shape_Length": 2.5866050309958615, "Shape_Area": 0.061601999103978275}}, {"type": "Feature", "id": 898, "geometry": {"type": "Polygon", "coordinates": [[[112109.01399999857, 454341.4239999987], [112107.70839999989, 454341.9653000012], [112106.78110000119, 454339.1020000018], [112107.86400000006, 454338.65300000086], [112109.01399999857, 454341.4239999987]]]}, "properties": {"OBJECTID": 898, "ET_ID": 1524, "NWRW_TYP": "DV", "STELSEL1": "H", "AFGEKOP": 0, "AREA": 5.24843600203, "ET_Source": "P:\\336468\\Water\\Gis\\Data\\Shape\\Afvoerend oppervlak\\temp\\Verschil_2.shp", "Shape_Length": 8.595527613696053, "Shape_Area": 3.8786689310053015}}, {"type": "Feature", "id": 899, "geometry": {"type": "Polygon", "coordinates": [[[112110.1640000008, 454344.1950000003], [112108.63549999893, 454344.82829999924], [112107.70839999989, 454341.9653000012], [112109.01399999857, 454341.4239999987], [112110.1640000008, 454344.1950000003]]]}, "properties": {"OBJECTID": 899, "ET_ID": 1525, "NWRW_TYP": "DV", "STELSEL1": "H", "AFGEKOP": 0, "AREA": 5.24948649775, "ET_Source": "P:\\336468\\Water\\Gis\\Data\\Shape\\Afvoerend oppervlak\\temp\\Verschil_2.shp", "Shape_Length": 9.077389805551858, "Shape_Area": 4.601770266628952}}, {"type": "Feature", "id": 900, "geometry": {"type": "Polygon", "coordinates": [[[112112.33639999852, 454349.4327000007], [112112.80820000172, 454350.8922000006], [112111.30600000173, 454351.5159999989], [112110.1559999995, 454348.74500000104], [112111.77299999818, 454348.07400000095], [112112.33639999852, 454349.4327000007]]]}, "properties": {"OBJECTID": 900, "ET_ID": 1526, "NWRW_TYP": "DV", "STELSEL1": "H", "AFGEKOP": 0, "AREA": 5.25063600095, "ET_Source": "P:\\336468\\Water\\Gis\\Data\\Shape\\Afvoerend oppervlak\\temp\\Verschil_2.shp", "Shape_Length": 9.382163383872916, "Shape_Area": 5.156431215279228}}, {"type": "Feature", "id": 901, "geometry": {"type": "Polygon", "coordinates": [[[112112.88800000027, 454351.13899999857], [112113.73409999907, 454353.75620000064], [112112.45499999821, 454354.2870000005], [112111.30600000173, 454351.5159999989], [112112.80820000172, 454350.8922000006], [112112.88800000027, 454351.13899999857]]]}, "properties": {"OBJECTID": 901, "ET_ID": 1527, "NWRW_TYP": "DV", "STELSEL1": "H", "AFGEKOP": 0, "AREA": 5.25063599492, "ET_Source": "P:\\336468\\Water\\Gis\\Data\\Shape\\Afvoerend oppervlak\\temp\\Verschil_2.shp", "Shape_Length": 9.02115500829002, "Shape_Area": 4.517093798779053}}, {"type": "Feature", "id": 902, "geometry": {"type": "Polygon", "coordinates": [[[112115.77419999987, 454357.7204999998], [112115.08700000122, 454357.94299999997], [112115.95589999855, 454360.62959999964], [112115.21400000155, 454360.936999999], [112114.06500000134, 454358.16600000113], [112115.68100000173, 454357.49599999934], [112115.77419999987, 454357.7204999998]]]}, "properties": {"OBJECTID": 902, "ET_ID": 1528, "NWRW_TYP": "DV", "STELSEL1": "H", "AFGEKOP": 0, "AREA": 5.24948649775, "ET_Source": "P:\\336468\\Water\\Gis\\Data\\Shape\\Afvoerend oppervlak\\temp\\Verschil_2.shp", "Shape_Length": 9.341239825961859, "Shape_Area": 2.923931394280052}}, {"type": "Feature", "id": 903, "geometry": {"type": "Polygon", "coordinates": [[[112116.01000000164, 454360.7969999984], [112116.88170000166, 454363.49340000004], [112116.36400000006, 454363.70800000057], [112115.21400000155, 454360.936999999], [112115.95589999855, 454360.62959999964], [112116.01000000164, 454360.7969999984]]]}, "properties": {"OBJECTID": 903, "ET_ID": 1529, "NWRW_TYP": "DV", "STELSEL1": "H", "AFGEKOP": 0, "AREA": 5.24948649775, "ET_Source": "P:\\336468\\Water\\Gis\\Data\\Shape\\Afvoerend oppervlak\\temp\\Verschil_2.shp", "Shape_Length": 7.373363177594376, "Shape_Area": 2.0452667535478697}}, {"type": "Feature", "id": 904, "geometry": {"type": "Polygon", "coordinates": [[[112118.73570000008, 454367.44319999963], [112117.23800000176, 454367.92500000075], [112117.91759999841, 454370.0375000015], [112117.05900000036, 454367.9670000002], [112118.67500000075, 454367.2969999984], [112118.73570000008, 454367.44319999963]]]}, "properties": {"OBJECTID": 904, "ET_ID": 1530, "NWRW_TYP": "DV", "STELSEL1": "H", "AFGEKOP": 0, "AREA": 5.24948650416, "ET_Source": "P:\\336468\\Water\\Gis\\Data\\Shape\\Afvoerend oppervlak\\temp\\Verschil_2.shp", "Shape_Length": 7.94156488359149, "Shape_Area": 0.35347385304076373}}, {"type": "Feature", "id": 905, "geometry": {"type": "Polygon", "coordinates": [[[112119.82499999925, 454370.06799999997], [112119.77270000055, 454370.0896999985], [112119.56159999967, 454369.4334000014], [112119.82499999925, 454370.06799999997]]]}, "properties": {"OBJECTID": 905, "ET_ID": 1531, "NWRW_TYP": "DV", "STELSEL1": "H", "AFGEKOP": 0, "AREA": 5.24948650416, "ET_Source": "P:\\336468\\Water\\Gis\\Data\\Shape\\Afvoerend oppervlak\\temp\\Verschil_2.shp", "Shape_Length": 1.4331309798955418, "Shape_Area": 0.019452679352566303}}, {"type": "Feature", "id": 906, "geometry": {"type": "Polygon", "coordinates": [[[112120.97399999946, 454372.83900000155], [112120.69359999895, 454372.95529999956], [112119.83300000057, 454370.27699999884], [112119.77270000055, 454370.0896999985], [112119.82499999925, 454370.06799999997], [112120.97399999946, 454372.83900000155]]]}, "properties": {"OBJECTID": 906, "ET_ID": 1532, "NWRW_TYP": "DV", "STELSEL1": "H", "AFGEKOP": 0, "AREA": 5.24948650416, "ET_Source": "P:\\336468\\Water\\Gis\\Data\\Shape\\Afvoerend oppervlak\\temp\\Verschil_2.shp", "Shape_Length": 6.3698956696545865, "Shape_Area": 0.5400801972313927}}, {"type": "Feature", "id": 907, "geometry": {"type": "Polygon", "coordinates": [[[112080.9849999994, 454369.23099999875], [112079.36800000072, 454369.90199999884], [112078.2190000005, 454367.131000001], [112079.52910000086, 454366.5870000012], [112079.7490000017, 454367.2719999999], [112080.122299999, 454367.1523000002], [112080.9849999994, 454369.23099999875]]]}, "properties": {"OBJECTID": 907, "ET_ID": 1533, "NWRW_TYP": "DV", "STELSEL1": "H", "AFGEKOP": 0, "AREA": 5.25063600736, "ET_Source": "P:\\336468\\Water\\Gis\\Data\\Shape\\Afvoerend oppervlak\\temp\\Verschil_2.shp", "Shape_Length": 9.531085303060266, "Shape_Area": 4.985483993973568}}, {"type": "Feature", "id": 908, "geometry": {"type": "Polygon", "coordinates": [[[112085.49399999902, 454366.0080000013], [112083.64600000158, 454366.7740000002], [112082.97599999979, 454365.1570000015], [112084.82299999893, 454364.3909999989], [112085.49399999902, 454366.0080000013]]]}, "properties": {"OBJECTID": 908, "ET_ID": 1534, "NWRW_TYP": "DV", "STELSEL1": "H", "AFGEKOP": 0, "AREA": 3.50101050081, "ET_Source": "P:\\336468\\Water\\Gis\\Data\\Shape\\Afvoerend oppervlak\\temp\\Verschil_2.shp", "Shape_Length": 7.501011405732152, "Shape_Area": 3.5010104994763136}}, {"type": "Feature", "id": 909, "geometry": {"type": "Polygon", "coordinates": [[[112087.34099999815, 454365.2410000004], [112085.49399999902, 454366.0080000013], [112084.82299999893, 454364.3909999989], [112085.47129999846, 454364.12209999934], [112086.17199999839, 454363.8969999999], [112086.71110000089, 454363.72399999946], [112087.34099999815, 454365.2410000004]]]}, "properties": {"OBJECTID": 909, "ET_ID": 1535, "NWRW_TYP": "DV", "STELSEL1": "H", "AFGEKOP": 0, "AREA": 3.49999699901, "ET_Source": "P:\\336468\\Water\\Gis\\Data\\Shape\\Afvoerend oppervlak\\temp\\Verschil_2.shp", "Shape_Length": 7.397198904793722, "Shape_Area": 3.430535653324401}}, {"type": "Feature", "id": 910, "geometry": {"type": "Polygon", "coordinates": [[[112095.4690000005, 454361.868999999], [112093.62200000137, 454362.63599999994], [112092.95100000128, 454361.01900000125], [112094.32119999826, 454360.4510000013], [112094.56300000101, 454361.2039999999], [112095.11919999868, 454361.02540000156], [112095.4690000005, 454361.868999999]]]}, "properties": {"OBJECTID": 910, "ET_ID": 1536, "NWRW_TYP": "DV", "STELSEL1": "H", "AFGEKOP": 0, "AREA": 3.50042199737, "ET_Source": "P:\\336468\\Water\\Gis\\Data\\Shape\\Afvoerend oppervlak\\temp\\Verschil_2.shp", "Shape_Length": 7.522172229764946, "Shape_Area": 3.0532067951645674}}, {"type": "Feature", "id": 911, "geometry": {"type": "Polygon", "coordinates": [[[112097.31700000167, 454361.1030000001], [112095.4690000005, 454361.868999999], [112095.11919999868, 454361.02540000156], [112096.44099999964, 454360.6009999998], [112097.03020000085, 454360.4116999991], [112097.31700000167, 454361.1030000001]]]}, "properties": {"OBJECTID": 911, "ET_ID": 1537, "NWRW_TYP": "DV", "STELSEL1": "H", "AFGEKOP": 0, "AREA": 3.50042199987, "ET_Source": "P:\\336468\\Water\\Gis\\Data\\Shape\\Afvoerend oppervlak\\temp\\Verschil_2.shp", "Shape_Length": 5.669268588288386, "Shape_Area": 1.6619214011983634}}, {"type": "Feature", "id": 912, "geometry": {"type": "Polygon", "coordinates": [[[112103.30999999866, 454357.8049999997], [112102.6400000006, 454356.188000001], [112104.03830000013, 454355.60810000077], [112104.55600000173, 454357.2049999982], [112105.15049999952, 454357.01839999855], [112103.30999999866, 454357.8049999997]]]}, "properties": {"OBJECTID": 912, "ET_ID": 1538, "NWRW_TYP": "DV", "STELSEL1": "H", "AFGEKOP": 0, "AREA": 3.50042199579, "ET_Source": "P:\\336468\\Water\\Gis\\Data\\Shape\\Afvoerend oppervlak\\temp\\Verschil_2.shp", "Shape_Length": 7.567452043955624, "Shape_Area": 2.537068949653241}}, {"type": "Feature", "id": 913, "geometry": {"type": "Polygon", "coordinates": [[[112084.25400000066, 454323.83199999854], [112081.41600000113, 454324.8049999997], [112080.84800000116, 454323.1499999985], [112083.68600000069, 454322.17599999905], [112084.25400000066, 454323.83199999854]]]}, "properties": {"OBJECTID": 913, "ET_ID": 1539, "NWRW_TYP": "DV", "STELSEL1": "H", "AFGEKOP": 0, "AREA": 5.25125699399, "ET_Source": "P:\\336468\\Water\\Gis\\Data\\Shape\\Afvoerend oppervlak\\temp\\Verschil_2.shp", "Shape_Length": 9.501108345716439, "Shape_Area": 5.251257000331983}}, {"type": "Feature", "id": 914, "geometry": {"type": "Polygon", "coordinates": [[[112083.68600000069, 454322.17599999905], [112080.84800000116, 454323.1499999985], [112080.28000000119, 454321.493999999], [112083.11800000072, 454320.5210000016], [112083.68600000069, 454322.17599999905]]]}, "properties": {"OBJECTID": 914, "ET_ID": 1540, "NWRW_TYP": "DV", "STELSEL1": "H", "AFGEKOP": 0, "AREA": 5.25125700033, "ET_Source": "P:\\336468\\Water\\Gis\\Data\\Shape\\Afvoerend oppervlak\\temp\\Verschil_2.shp", "Shape_Length": 9.50110834098472, "Shape_Area": 5.2512569939878135}}, {"type": "Feature", "id": 915, "geometry": {"type": "Polygon", "coordinates": [[[112080.94399999827, 454314.18299999833], [112078.10700000077, 454315.1570000015], [112077.5390000008, 454313.5009999983], [112080.37700000033, 454312.52800000086], [112080.94399999827, 454314.18299999833]]]}, "properties": {"OBJECTID": 915, "ET_ID": 1541, "NWRW_TYP": "DV", "STELSEL1": "H", "AFGEKOP": 0, "AREA": 5.24994250256, "ET_Source": "P:\\336468\\Water\\Gis\\Data\\Shape\\Afvoerend oppervlak\\temp\\Verschil_2.shp", "Shape_Length": 9.49983815329038, "Shape_Area": 5.249942497667745}}, {"type": "Feature", "id": 916, "geometry": {"type": "Polygon", "coordinates": [[[112080.37700000033, 454312.52800000086], [112077.5390000008, 454313.5009999983], [112076.97100000083, 454311.84600000083], [112079.80900000036, 454310.8729999997], [112080.37700000033, 454312.52800000086]]]}, "properties": {"OBJECTID": 916, "ET_ID": 1542, "NWRW_TYP": "DV", "STELSEL1": "H", "AFGEKOP": 0, "AREA": 5.24955400323, "ET_Source": "P:\\336468\\Water\\Gis\\Data\\Shape\\Afvoerend oppervlak\\temp\\Verschil_2.shp", "Shape_Length": 9.49983800242262, "Shape_Area": 5.249553996881008}}, {"type": "Feature", "id": 917, "geometry": {"type": "Polygon", "coordinates": [[[112077.63500000164, 454304.53500000015], [112074.79699999839, 454305.5080000013], [112074.23000000045, 454303.8530000001], [112077.06700000167, 454302.87999999896], [112077.63500000164, 454304.53500000015]]]}, "properties": {"OBJECTID": 917, "ET_ID": 1543, "NWRW_TYP": "DV", "STELSEL1": "H", "AFGEKOP": 0, "AREA": 5.24823999911, "ET_Source": "P:\\336468\\Water\\Gis\\Data\\Shape\\Afvoerend oppervlak\\temp\\Verschil_2.shp", "Shape_Length": 9.498567719452083, "Shape_Area": 5.2482400067264585}}, {"type": "Feature", "id": 918, "geometry": {"type": "Polygon", "coordinates": [[[112077.06700000167, 454302.87999999896], [112074.23000000045, 454303.8530000001], [112073.66200000048, 454302.1979999989], [112076.5, 454301.22399999946], [112077.06700000167, 454302.87999999896]]]}, "properties": {"OBJECTID": 918, "ET_ID": 1544, "NWRW_TYP": "DV", "STELSEL1": "H", "AFGEKOP": 0, "AREA": 5.24994249622, "ET_Source": "P:\\336468\\Water\\Gis\\Data\\Shape\\Afvoerend oppervlak\\temp\\Verschil_2.shp", "Shape_Length": 9.499838230976318, "Shape_Area": 5.249942502564639}}, {"type": "Feature", "id": 919, "geometry": {"type": "Polygon", "coordinates": [[[112049.07499999925, 454392.45699999854], [112048.17909999937, 454392.76419999823], [112045.96049999818, 454392.6229999997], [112045.67000000179, 454391.7749999985], [112048.50699999928, 454390.80099999905], [112049.07499999925, 454392.45699999854]]]}, "properties": {"OBJECTID": 919, "ET_ID": 1545, "NWRW_TYP": "DV", "STELSEL1": "H", "AFGEKOP": 0, "AREA": 5.24994249749, "ET_Source": "P:\\336468\\Water\\Gis\\Data\\Shape\\Afvoerend oppervlak\\temp\\Verschil_2.shp", "Shape_Length": 8.816816032987179, "Shape_Area": 4.374338998355962}}, {"type": "Feature", "id": 920, "geometry": {"type": "Polygon", "coordinates": [[[112045.92320000008, 454386.35069999844], [112044.21499999985, 454386.78400000185], [112044.5971999988, 454388.28350000083], [112044.4849999994, 454388.3220000006], [112043.91800000146, 454386.66699999943], [112045.80900000036, 454386.0179999992], [112045.92320000008, 454386.35069999844]]]}, "properties": {"OBJECTID": 920, "ET_ID": 1546, "NWRW_TYP": "DV", "STELSEL1": "H", "AFGEKOP": 0, "AREA": 3.49873999263, "ET_Source": "P:\\336468\\Water\\Gis\\Data\\Shape\\Afvoerend oppervlak\\temp\\Verschil_2.shp", "Shape_Length": 7.528819193516453, "Shape_Area": 0.8199777989347399}}, {"type": "Feature", "id": 921, "geometry": {"type": "Polygon", "coordinates": [[[112045.80900000036, 454386.0179999992], [112043.91800000146, 454386.66699999943], [112043.35000000149, 454385.01199999824], [112045.24199999869, 454384.36300000176], [112045.80900000036, 454386.0179999992]]]}, "properties": {"OBJECTID": 921, "ET_ID": 1547, "NWRW_TYP": "DV", "STELSEL1": "H", "AFGEKOP": 0, "AREA": 3.49874000155, "ET_Source": "P:\\336468\\Water\\Gis\\Data\\Shape\\Afvoerend oppervlak\\temp\\Verschil_2.shp", "Shape_Length": 7.498675919370653, "Shape_Area": 3.49873999509424}}, {"type": "Feature", "id": 922, "geometry": {"type": "Polygon", "coordinates": [[[112042.87299999967, 454377.45800000057], [112041.14840000123, 454378.0489999987], [112040.71489999816, 454376.3478000015], [112042.30600000173, 454375.8020000011], [112042.87299999967, 454377.45800000057]]]}, "properties": {"OBJECTID": 922, "ET_ID": 1548, "NWRW_TYP": "DV", "STELSEL1": "H", "AFGEKOP": 0, "AREA": 3.49940200042, "ET_Source": "P:\\336468\\Water\\Gis\\Data\\Shape\\Afvoerend oppervlak\\temp\\Verschil_2.shp", "Shape_Length": 7.011107074246945, "Shape_Area": 3.067209108896724}}, {"type": "Feature", "id": 923, "geometry": {"type": "Polygon", "coordinates": [[[112042.30600000173, 454375.8020000011], [112040.71489999816, 454376.3478000015], [112040.28139999881, 454374.64660000056], [112041.73800000176, 454374.1469999999], [112042.30600000173, 454375.8020000011]]]}, "properties": {"OBJECTID": 923, "ET_ID": 1549, "NWRW_TYP": "DV", "STELSEL1": "H", "AFGEKOP": 0, "AREA": 3.49989200388, "ET_Source": "P:\\336468\\Water\\Gis\\Data\\Shape\\Afvoerend oppervlak\\temp\\Verschil_2.shp", "Shape_Length": 6.727328627403253, "Shape_Area": 2.8189147171904976}}, {"type": "Feature", "id": 924, "geometry": {"type": "Polygon", "coordinates": [[[112039.73299999908, 454369.0729999989], [112038.93129999936, 454369.34809999913], [112038.18800000101, 454366.43129999936], [112038.76000000164, 454366.2349999994], [112039.73299999908, 454369.0729999989]]]}, "properties": {"OBJECTID": 924, "ET_ID": 1550, "NWRW_TYP": "DV", "STELSEL1": "H", "AFGEKOP": 0, "AREA": 5.24955400323, "ET_Source": "P:\\336468\\Water\\Gis\\Data\\Shape\\Afvoerend oppervlak\\temp\\Verschil_2.shp", "Shape_Length": 7.462514103718601, "Shape_Area": 2.1786081448249925}}, {"type": "Feature", "id": 925, "geometry": {"type": "Polygon", "coordinates": [[[112038.76000000164, 454366.2349999994], [112038.18800000101, 454366.43129999936], [112037.44480000064, 454363.5144000016], [112037.78700000048, 454363.3969999999], [112038.76000000164, 454366.2349999994]]]}, "properties": {"OBJECTID": 925, "ET_ID": 1551, "NWRW_TYP": "DV", "STELSEL1": "H", "AFGEKOP": 0, "AREA": 5.2512570065, "ET_Source": "P:\\336468\\Water\\Gis\\Data\\Shape\\Afvoerend oppervlak\\temp\\Verschil_2.shp", "Shape_Length": 6.976778185805175, "Shape_Area": 1.4498753808879359}}, {"type": "Feature", "id": 926, "geometry": {"type": "Polygon", "coordinates": [[[112034.94959999993, 454359.9301000014], [112034.76900000125, 454359.9919999987], [112033.79500000179, 454357.1550000012], [112034.20659999922, 454357.0137999989], [112034.94959999993, 454359.9301000014]]]}, "properties": {"OBJECTID": 926, "ET_ID": 1552, "NWRW_TYP": "DV", "STELSEL1": "H", "AFGEKOP": 0, "AREA": 5.24994250256, "ET_Source": "P:\\336468\\Water\\Gis\\Data\\Shape\\Afvoerend oppervlak\\temp\\Verschil_2.shp", "Shape_Length": 6.6350611250731095, "Shape_Area": 0.9389567342351248}}, {"type": "Feature", "id": 927, "geometry": {"type": "Polygon", "coordinates": [[[112034.20659999922, 454357.0137999989], [112033.79500000179, 454357.1550000012], [112032.82200000063, 454354.31700000167], [112033.46330000088, 454354.09690000117], [112034.20659999922, 454357.0137999989]]]}, "properties": {"OBJECTID": 927, "ET_ID": 1553, "NWRW_TYP": "DV", "STELSEL1": "H", "AFGEKOP": 0, "AREA": 5.25125700033, "ET_Source": "P:\\336468\\Water\\Gis\\Data\\Shape\\Afvoerend oppervlak\\temp\\Verschil_2.shp", "Shape_Length": 7.123443423262555, "Shape_Area": 1.6698583470936583}}, {"type": "Feature", "id": 928, "geometry": {"type": "Polygon", "coordinates": [[[112032.42280000076, 454350.0133999996], [112031.45899999887, 454350.3440000005], [112030.48600000143, 454347.506000001], [112031.67969999835, 454347.09699999914], [112032.42280000076, 454350.0133999996]]]}, "properties": {"OBJECTID": 928, "ET_ID": 1554, "NWRW_TYP": "DV", "STELSEL1": "H", "AFGEKOP": 0, "AREA": 5.24994249767, "ET_Source": "P:\\336468\\Water\\Gis\\Data\\Shape\\Afvoerend oppervlak\\temp\\Verschil_2.shp", "Shape_Length": 8.290493304230937, "Shape_Area": 3.4210863894300765}}, {"type": "Feature", "id": 929, "geometry": {"type": "Polygon", "coordinates": [[[112031.67969999835, 454347.09699999914], [112030.48600000143, 454347.506000001], [112029.51300000027, 454344.66899999976], [112030.9365000017, 454344.180399999], [112031.67969999835, 454347.09699999914]]]}, "properties": {"OBJECTID": 929, "ET_ID": 1555, "NWRW_TYP": "DV", "STELSEL1": "H", "AFGEKOP": 0, "AREA": 5.24824000673, "ET_Source": "P:\\336468\\Water\\Gis\\Data\\Shape\\Afvoerend oppervlak\\temp\\Verschil_2.shp", "Shape_Length": 8.77586054434152, "Shape_Area": 4.149695759117728}}, {"type": "Feature", "id": 930, "geometry": {"type": "Polygon", "coordinates": [[[112029.8049999997, 454340.1279999986], [112028.14999999851, 454340.6959999986], [112027.17700000107, 454337.8579999991], [112028.83199999854, 454337.2899999991], [112029.8049999997, 454340.1279999986]]]}, "properties": {"OBJECTID": 930, "ET_ID": 1556, "NWRW_TYP": "DV", "STELSEL1": "H", "AFGEKOP": 0, "AREA": 5.24955399688, "ET_Source": "P:\\336468\\Water\\Gis\\Data\\Shape\\Afvoerend oppervlak\\temp\\Verschil_2.shp", "Shape_Length": 9.49983800242262, "Shape_Area": 5.2495539968810085}}, {"type": "Feature", "id": 931, "geometry": {"type": "Polygon", "coordinates": [[[112028.83199999854, 454337.2899999991], [112027.17700000107, 454337.8579999991], [112026.20300000161, 454335.01999999955], [112027.8590000011, 454334.4530000016], [112028.83199999854, 454337.2899999991]]]}, "properties": {"OBJECTID": 931, "ET_ID": 1557, "NWRW_TYP": "DV", "STELSEL1": "H", "AFGEKOP": 0, "AREA": 5.24994250256, "ET_Source": "P:\\336468\\Water\\Gis\\Data\\Shape\\Afvoerend oppervlak\\temp\\Verschil_2.shp", "Shape_Length": 9.49983822151368, "Shape_Area": 5.249942491325438}}, {"type": "Feature", "id": 932, "geometry": {"type": "Polygon", "coordinates": [[[112026.23000000045, 454328.93200000003], [112024.33799999952, 454329.58100000024], [112023.76999999955, 454327.92599999905], [112025.66200000048, 454327.27699999884], [112026.23000000045, 454328.93200000003]]]}, "properties": {"OBJECTID": 932, "ET_ID": 1558, "NWRW_TYP": "DV", "STELSEL1": "H", "AFGEKOP": 0, "AREA": 3.49989199067, "ET_Source": "P:\\336468\\Water\\Gis\\Data\\Shape\\Afvoerend oppervlak\\temp\\Verschil_2.shp", "Shape_Length": 7.499946161238423, "Shape_Area": 3.4998920038836}}, {"type": "Feature", "id": 933, "geometry": {"type": "Polygon", "coordinates": [[[112025.66200000048, 454327.27699999884], [112023.76999999955, 454327.92599999905], [112023.20199999958, 454326.2710000016], [112025.0940000005, 454325.6220000014], [112025.66200000048, 454327.27699999884]]]}, "properties": {"OBJECTID": 933, "ET_ID": 1559, "NWRW_TYP": "DV", "STELSEL1": "H", "AFGEKOP": 0, "AREA": 3.49989199772, "ET_Source": "P:\\336468\\Water\\Gis\\Data\\Shape\\Afvoerend oppervlak\\temp\\Verschil_2.shp", "Shape_Length": 7.499946154191324, "Shape_Area": 3.499891996835351}}, {"type": "Feature", "id": 934, "geometry": {"type": "Polygon", "coordinates": [[[112023.67199999839, 454318.3920000009], [112020.83399999887, 454319.3660000004], [112020.2659999989, 454317.7100000009], [112023.10399999842, 454316.73699999973], [112023.67199999839, 454318.3920000009]]]}, "properties": {"OBJECTID": 934, "ET_ID": 1560, "NWRW_TYP": "DV", "STELSEL1": "H", "AFGEKOP": 0, "AREA": 5.25125700033, "ET_Source": "P:\\336468\\Water\\Gis\\Data\\Shape\\Afvoerend oppervlak\\temp\\Verschil_2.shp", "Shape_Length": 9.501108345716439, "Shape_Area": 5.251257000331983}}, {"type": "Feature", "id": 935, "geometry": {"type": "Polygon", "coordinates": [[[112023.10399999842, 454316.73699999973], [112020.2659999989, 454317.7100000009], [112019.69900000095, 454316.0549999997], [112022.53599999845, 454315.08199999854], [112023.10399999842, 454316.73699999973]]]}, "properties": {"OBJECTID": 935, "ET_ID": 1561, "NWRW_TYP": "DV", "STELSEL1": "H", "AFGEKOP": 0, "AREA": 5.24823999911, "ET_Source": "P:\\336468\\Water\\Gis\\Data\\Shape\\Afvoerend oppervlak\\temp\\Verschil_2.shp", "Shape_Length": 9.498567712404345, "Shape_Area": 5.248240000561103}}, {"type": "Feature", "id": 936, "geometry": {"type": "Polygon", "coordinates": [[[112073.72800000012, 454465.2100000009], [112071.28400000185, 454465.69680000097], [112071.16299999878, 454465.52899999917], [112073.690200001, 454465.0201999992], [112073.72800000012, 454465.2100000009]]]}, "properties": {"OBJECTID": 936, "ET_ID": 1567, "NWRW_TYP": "DV", "STELSEL1": "H", "AFGEKOP": 0, "AREA": 762.51330241003, "ET_Source": "P:\\336468\\Water\\Gis\\Data\\Shape\\Afvoerend oppervlak\\temp\\Verschil_2.shp", "Shape_Length": 5.470322615483644, "Shape_Area": 0.48395060491571723}}, {"type": "Feature", "id": 937, "geometry": {"type": "Polygon", "coordinates": [[[112073.61349999905, 454476.0031000003], [112073.50299999863, 454475.45800000057], [112072.81610000134, 454475.59690000117], [112072.51680000126, 454475.16369999945], [112072.47610000148, 454474.9629999995], [112074.08509999886, 454474.8709000014], [112073.61349999905, 454476.0031000003]]]}, "properties": {"OBJECTID": 937, "ET_ID": 1568, "NWRW_TYP": "DV", "STELSEL1": "H", "AFGEKOP": 0, "AREA": 19.85613299833, "ET_Source": "P:\\336468\\Water\\Gis\\Data\\Shape\\Afvoerend oppervlak\\temp\\Verschil_2.shp", "Shape_Length": 4.8264399614468205, "Shape_Area": 0.8991499639853499}}, {"type": "Feature", "id": 938, "geometry": {"type": "Polygon", "coordinates": [[[112074.45059999824, 454479.1160000004], [112074.34499999881, 454479.37999999896], [112074.28159999847, 454479.2996000014], [112074.24439999834, 454479.1160000004], [112074.45059999824, 454479.1160000004]]]}, "properties": {"OBJECTID": 938, "ET_ID": 1569, "NWRW_TYP": "DV", "STELSEL1": "H", "AFGEKOP": 0, "AREA": 11.91787500523, "ET_Source": "P:\\336468\\Water\\Gis\\Data\\Shape\\Afvoerend oppervlak\\temp\\Verschil_2.shp", "Shape_Length": 0.78025746165334, "Shape_Area": 0.031543079943044186}}, {"type": "Feature", "id": 939, "geometry": {"type": "Polygon", "coordinates": [[[112075.27100000158, 454483.48099999875], [112075.07809999958, 454483.2263999991], [112074.98589999974, 454482.77230000123], [112075.5353000015, 454482.75400000066], [112075.27100000158, 454483.48099999875]]]}, "properties": {"OBJECTID": 939, "ET_ID": 1570, "NWRW_TYP": "DV", "STELSEL1": "H", "AFGEKOP": 0, "AREA": 10.68333750413, "ET_Source": "P:\\336468\\Water\\Gis\\Data\\Shape\\Afvoerend oppervlak\\temp\\Verschil_2.shp", "Shape_Length": 2.1060465827873793, "Shape_Area": 0.22934944032898305}}, {"type": "Feature", "id": 940, "geometry": {"type": "Polygon", "coordinates": [[[112077.1363000013, 454493.37640000135], [112077.11560000107, 454493.27430000156], [112077.18899999931, 454493.2710000016], [112077.1363000013, 454493.37640000135]]]}, "properties": {"OBJECTID": 940, "ET_ID": 1571, "NWRW_TYP": "DV", "STELSEL1": "H", "AFGEKOP": 0, "AREA": 11.9881660042, "ET_Source": "P:\\336468\\Water\\Gis\\Data\\Shape\\Afvoerend oppervlak\\temp\\Verschil_2.shp", "Shape_Length": 0.2954921773124677, "Shape_Area": 0.00378122490285486}}, {"type": "Feature", "id": 941, "geometry": {"type": "Polygon", "coordinates": [[[112079.05209999904, 454500.4312000014], [112078.5859999992, 454500.52699999884], [112078.51990000159, 454500.2008999996], [112079.24929999933, 454500.0555999987], [112079.05209999904, 454500.4312000014]]]}, "properties": {"OBJECTID": 941, "ET_ID": 1572, "NWRW_TYP": "DV", "STELSEL1": "H", "AFGEKOP": 0, "AREA": 15.6165269955, "ET_Source": "P:\\336468\\Water\\Gis\\Data\\Shape\\Afvoerend oppervlak\\temp\\Verschil_2.shp", "Shape_Length": 1.9765271904965245, "Shape_Area": 0.20181853505344333}}, {"type": "Feature", "id": 942, "geometry": {"type": "Polygon", "coordinates": [[[112077.77199999988, 454534.11499999836], [112077.18519999832, 454533.24379999936], [112077.04940000176, 454532.561999999], [112077.12299999967, 454532.561999999], [112077.4525000006, 454532.5384000018], [112077.77199999988, 454534.11499999836]]]}, "properties": {"OBJECTID": 942, "ET_ID": 1573, "NWRW_TYP": "DV", "STELSEL1": "H", "AFGEKOP": 0, "AREA": 26.34779000209, "ET_Source": "P:\\336468\\Water\\Gis\\Data\\Shape\\Afvoerend oppervlak\\temp\\Verschil_2.shp", "Shape_Length": 3.758176741451967, "Shape_Area": 0.4615509902575931}}, {"type": "Feature", "id": 943, "geometry": {"type": "Polygon", "coordinates": [[[112189.25059999898, 454461.623399999], [112188.75600000098, 454460.78400000185], [112189.28500000015, 454460.65199999884], [112189.76040000096, 454460.62029999867], [112189.25059999898, 454461.623399999]]]}, "properties": {"OBJECTID": 943, "ET_ID": 1580, "NWRW_TYP": "DV", "STELSEL1": "H", "AFGEKOP": 0, "AREA": 32.44648251317, "ET_Source": "P:\\336468\\Water\\Gis\\Data\\Shape\\Afvoerend oppervlak\\temp\\Verschil_2.shp", "Shape_Length": 3.121169456962749, "Shape_Area": 0.48502143991598246}}, {"type": "Feature", "id": 944, "geometry": {"type": "Polygon", "coordinates": [[[112172.08700000122, 454498.8839999996], [112170.65089999884, 454495.51509999856], [112173.53069999814, 454495.3262999989], [112172.08700000122, 454498.8839999996]]]}, "properties": {"OBJECTID": 944, "ET_ID": 1581, "NWRW_TYP": "DV", "STELSEL1": "H", "AFGEKOP": 0, "AREA": 32.53538800771, "ET_Source": "P:\\336468\\Water\\Gis\\Data\\Shape\\Afvoerend oppervlak\\temp\\Verschil_2.shp", "Shape_Length": 10.38767027533518, "Shape_Area": 4.986446950302053}}, {"type": "Feature", "id": 945, "geometry": {"type": "Polygon", "coordinates": [[[112174.07279999927, 454501.5984000005], [112172.61600000039, 454504.17599999905], [112171.53379999846, 454501.55310000107], [112174.07279999927, 454501.5984000005]]]}, "properties": {"OBJECTID": 945, "ET_ID": 1582, "NWRW_TYP": "DV", "STELSEL1": "H", "AFGEKOP": 0, "AREA": 38.12091600487, "ET_Source": "P:\\336468\\Water\\Gis\\Data\\Shape\\Afvoerend oppervlak\\temp\\Verschil_2.shp", "Shape_Length": 8.33758220685657, "Shape_Area": 3.3052597187625903}}, {"type": "Feature", "id": 946, "geometry": {"type": "Polygon", "coordinates": [[[112174.25649999827, 454507.4829999991], [112173.41000000015, 454508.938000001], [112172.72370000184, 454507.4829999991], [112174.25649999827, 454507.4829999991]]]}, "properties": {"OBJECTID": 946, "ET_ID": 1583, "NWRW_TYP": "DV", "STELSEL1": "H", "AFGEKOP": 0, "AREA": 28.34884751036, "ET_Source": "P:\\336468\\Water\\Gis\\Data\\Shape\\Afvoerend oppervlak\\temp\\Verschil_2.shp", "Shape_Length": 4.824862608413537, "Shape_Area": 1.1151119988915623}}, {"type": "Feature", "id": 947, "geometry": {"type": "Polygon", "coordinates": [[[112174.22659999877, 454513.1719999984], [112173.54199999943, 454514.23000000045], [112173.01300000027, 454513.1719999984], [112174.22659999877, 454513.1719999984]]]}, "properties": {"OBJECTID": 947, "ET_ID": 1584, "NWRW_TYP": "DV", "STELSEL1": "H", "AFGEKOP": 0, "AREA": 26.04359898248, "ET_Source": "P:\\336468\\Water\\Gis\\Data\\Shape\\Afvoerend oppervlak\\temp\\Verschil_2.shp", "Shape_Length": 3.656655012766572, "Shape_Area": 0.6419944004563749}}, {"type": "Feature", "id": 948, "geometry": {"type": "Polygon", "coordinates": [[[112173.14499999955, 454520.31500000134], [112172.26700000092, 454518.1596999988], [112174.48860000074, 454518.116799999], [112173.14499999955, 454520.31500000134]]]}, "properties": {"OBJECTID": 948, "ET_ID": 1585, "NWRW_TYP": "DV", "STELSEL1": "H", "AFGEKOP": 0, "AREA": 25.98623398579, "ET_Source": "P:\\336468\\Water\\Gis\\Data\\Shape\\Afvoerend oppervlak\\temp\\Verschil_2.shp", "Shape_Length": 7.125592073938456, "Shape_Area": 2.4129403424965403}}, {"type": "Feature", "id": 949, "geometry": {"type": "Polygon", "coordinates": [[[112174.01089999825, 454522.97150000185], [112173.01300000027, 454524.5489999987], [112172.24740000069, 454522.84329999983], [112174.01089999825, 454522.97150000185]]]}, "properties": {"OBJECTID": 949, "ET_ID": 1586, "NWRW_TYP": "DV", "STELSEL1": "H", "AFGEKOP": 0, "AREA": 22.25992500503, "ET_Source": "P:\\336468\\Water\\Gis\\Data\\Shape\\Afvoerend oppervlak\\temp\\Verschil_2.shp", "Shape_Length": 5.504425086300973, "Shape_Area": 1.4549260111889324}}, {"type": "Feature", "id": 950, "geometry": {"type": "Polygon", "coordinates": [[[112148.84650000185, 454437.685800001], [112147.95199999958, 454436.2410000004], [112148.0850000009, 454436.3729999997], [112148.47540000081, 454436.28929999843], [112148.84650000185, 454437.685800001]]]}, "properties": {"OBJECTID": 950, "ET_ID": 1587, "NWRW_TYP": "DV", "STELSEL1": "H", "AFGEKOP": 0, "AREA": 2.83643250141, "ET_Source": "P:\\336468\\Water\\Gis\\Data\\Shape\\Afvoerend oppervlak\\temp\\Verschil_2.shp", "Shape_Length": 3.7309098232439437, "Shape_Area": 0.32516953688139855}}, {"type": "Feature", "id": 951, "geometry": {"type": "Polygon", "coordinates": [[[112149.97100000083, 454441.9210000001], [112148.92610000074, 454442.19849999994], [112148.21700000018, 454441.13500000164], [112148.21700000018, 454441.0029999986], [112149.69179999828, 454440.8691999987], [112149.97100000083, 454441.9210000001]]]}, "properties": {"OBJECTID": 951, "ET_ID": 1588, "NWRW_TYP": "DV", "STELSEL1": "H", "AFGEKOP": 0, "AREA": 5.23085100244, "ET_Source": "P:\\336468\\Water\\Gis\\Data\\Shape\\Afvoerend oppervlak\\temp\\Verschil_2.shp", "Shape_Length": 5.060427269972333, "Shape_Area": 1.564053002080068}}, {"type": "Feature", "id": 952, "geometry": {"type": "Polygon", "coordinates": [[[112149.92410000041, 454443.69519999996], [112149.81219999865, 454443.52739999816], [112149.87799999863, 454443.51099999994], [112149.92410000041, 454443.69519999996]]]}, "properties": {"OBJECTID": 952, "ET_ID": 1589, "NWRW_TYP": "DV", "STELSEL1": "H", "AFGEKOP": 0, "AREA": 5.23085100244, "ET_Source": "P:\\336468\\Water\\Gis\\Data\\Shape\\Afvoerend oppervlak\\temp\\Verschil_2.shp", "Shape_Length": 0.4593831208782867, "Shape_Area": 0.006438199972476064}}, {"type": "Feature", "id": 953, "geometry": {"type": "Polygon", "coordinates": [[[112065.82770000026, 454511.21550000086], [112063.63199999928, 454511.64499999955], [112063.29600000009, 454509.9230000004], [112065.48550000042, 454509.4946999997], [112065.82770000026, 454511.21550000086]]]}, "properties": {"OBJECTID": 953, "ET_ID": 1593, "NWRW_TYP": "DV", "STELSEL1": "H", "AFGEKOP": 0, "AREA": 5.30955601035, "ET_Source": "P:\\336468\\Water\\Gis\\Data\\Shape\\Afvoerend oppervlak\\temp\\Verschil_2.shp", "Shape_Length": 7.977280131695496, "Shape_Area": 3.9197816311520586}}, {"type": "Feature", "id": 954, "geometry": {"type": "Polygon", "coordinates": [[[112075.24599999934, 454563.6169999987], [112074.14119999856, 454563.83729999885], [112073.79600000009, 454561.96400000155], [112074.87759999931, 454561.7646000013], [112075.24599999934, 454563.6169999987]]]}, "properties": {"OBJECTID": 954, "ET_ID": 1598, "NWRW_TYP": "DV", "STELSEL1": "H", "AFGEKOP": 0, "AREA": 3.81727800042, "ET_Source": "P:\\336468\\Water\\Gis\\Data\\Shape\\Afvoerend oppervlak\\temp\\Verschil_2.shp", "Shape_Length": 6.019894925305448, "Shape_Area": 2.111342097036363}}, {"type": "Feature", "id": 955, "geometry": {"type": "Polygon", "coordinates": [[[116312.63450000063, 452932.02479999885], [116311.9459999986, 452932.08900000155], [116311.70499999821, 452929.63500000164], [116312.40300000086, 452929.5689999983], [116312.63450000063, 452932.02479999885]]]}, "properties": {"OBJECTID": 955, "ET_ID": 1914, "NWRW_TYP": "DV", "STELSEL1": "H", "AFGEKOP": 1, "AREA": 38.08154600456, "ET_Source": "P:\\336468\\Water\\Gis\\Data\\Shape\\Afvoerend oppervlak\\temp\\Verschil_2.shp", "Shape_Length": 6.325092908113751, "Shape_Area": 1.7172393066342146}}, {"type": "Feature", "id": 956, "geometry": {"type": "Polygon", "coordinates": [[[116190.53200000152, 452892.84600000083], [116186.63599999994, 452893.7490000017], [116185.63500000164, 452889.42599999905], [116189.53000000119, 452888.5240000002], [116190.53200000152, 452892.84600000083]]]}, "properties": {"OBJECTID": 956, "ET_ID": 1917, "NWRW_TYP": "DV", "STELSEL1": "H", "AFGEKOP": 1, "AREA": 17.74215250267, "ET_Source": "P:\\336468\\Water\\Gis\\Data\\Shape\\Afvoerend oppervlak\\temp\\Verschil_2.shp", "Shape_Length": 16.87136521061951, "Shape_Area": 17.742152508064954}}, {"type": "Feature", "id": 957, "geometry": {"type": "Polygon", "coordinates": [[[107311.63830000162, 452009.3781000003], [107307.98669999838, 452010.08309999853], [107306.74300000072, 452003.7320000008], [107305.7190000005, 452003.93299999833], [107305.71070000157, 452003.89090000093], [107310.40199999884, 452002.9840000011], [107311.63830000162, 452009.3781000003]]]}, "properties": {"OBJECTID": 957, "ET_ID": 1983, "NWRW_TYP": "DV", "STELSEL1": "H", "AFGEKOP": 0, "AREA": 39.57974100526, "ET_Source": "P:\\336468\\Water\\Gis\\Data\\Shape\\Afvoerend oppervlak\\temp\\Verschil_2.shp", "Shape_Length": 22.567889481772863, "Shape_Area": 24.312386775611262}}, {"type": "Feature", "id": 958, "geometry": {"type": "Polygon", "coordinates": [[[107310.40199999884, 452002.9840000011], [107305.71070000157, 452003.89090000093], [107305.2190000005, 452001.3819999993], [107309.91420000046, 452000.46169999987], [107310.40199999884, 452002.9840000011]]]}, "properties": {"OBJECTID": 958, "ET_ID": 1984, "NWRW_TYP": "DV", "STELSEL1": "H", "AFGEKOP": 0, "AREA": 39.57974100526, "ET_Source": "P:\\336468\\Water\\Gis\\Data\\Shape\\Afvoerend oppervlak\\temp\\Verschil_2.shp", "Shape_Length": 14.688362456220917, "Shape_Area": 12.253775302825545}}, {"type": "Feature", "id": 959, "geometry": {"type": "Polygon", "coordinates": [[[109425.02899999917, 451633.66099999845], [109425.80000000075, 451636.55000000075], [109428.51999999955, 451646.7199999988], [109393.12310000136, 451656.07510000095], [109389.08480000123, 451641.1105999984], [109395.35200000182, 451639.4539999999], [109395.09699999914, 451638.48699999973], [109396.44999999925, 451638.12900000066], [109404.66800000146, 451635.95699999854], [109404.57899999991, 451635.618999999], [109412.83430000022, 451633.436900001], [109424.24489999935, 451630.5450000018], [109425.02899999917, 451633.66099999845]]]}, "properties": {"OBJECTID": 959, "ET_ID": 2043, "NWRW_TYP": "DV", "STELSEL1": "H", "AFGEKOP": 0, "AREA": 801.47673953658, "ET_Source": "P:\\336468\\Water\\Gis\\Data\\Shape\\Afvoerend oppervlak\\temp\\Verschil_2.shp", "Shape_Length": 106.88474076900391, "Shape_Area": 604.40170215291}}, {"type": "Feature", "id": 960, "geometry": {"type": "Polygon", "coordinates": [[[109395.09699999914, 451638.48699999973], [109395.35200000182, 451639.4539999999], [109389.08480000123, 451641.1105999984], [109387.82559999824, 451636.41479999945], [109386.17269999906, 451630.16110000014], [109389.82880000025, 451629.070700001], [109392.16039999947, 451628.45439999923], [109394.73900000006, 451638.19200000167], [109395.00059999898, 451638.12220000103], [109395.09699999914, 451638.48699999973]]]}, "properties": {"OBJECTID": 960, "ET_ID": 2044, "NWRW_TYP": "DV", "STELSEL1": "H", "AFGEKOP": 0, "AREA": 801.47673953658, "ET_Source": "P:\\336468\\Water\\Gis\\Data\\Shape\\Afvoerend oppervlak\\temp\\Verschil_2.shp", "Shape_Length": 35.76087521505134, "Shape_Area": 71.40827956470827}}, {"type": "Feature", "id": 961, "geometry": {"type": "Polygon", "coordinates": [[[109404.57899999991, 451635.618999999], [109404.66800000146, 451635.95699999854], [109396.44999999925, 451638.12900000066], [109392.74940000102, 451624.12750000134], [109400.85069999844, 451621.96279999986], [109404.47700000182, 451635.5549999997], [109404.55669999868, 451635.5348000005], [109404.57899999991, 451635.618999999]]]}, "properties": {"OBJECTID": 961, "ET_ID": 2045, "NWRW_TYP": "DV", "STELSEL1": "H", "AFGEKOP": 0, "AREA": 801.47673953658, "ET_Source": "P:\\336468\\Water\\Gis\\Data\\Shape\\Afvoerend oppervlak\\temp\\Verschil_2.shp", "Shape_Length": 45.95445043435528, "Shape_Area": 121.81707778276021}}, {"type": "Feature", "id": 962, "geometry": {"type": "Polygon", "coordinates": [[[110042.96400000155, 451615.61499999836], [110040.01999999955, 451616.4210000001], [110038.39999999851, 451610.4299999997], [110038.6790000014, 451610.3539999984], [110041.34200000018, 451609.6270000003], [110042.96400000155, 451615.61499999836]]]}, "properties": {"OBJECTID": 962, "ET_ID": 2071, "NWRW_TYP": "DV", "STELSEL1": "H", "AFGEKOP": 0, "AREA": 18.93097048742, "ET_Source": "P:\\336468\\Water\\Gis\\Data\\Shape\\Afvoerend oppervlak\\temp\\Verschil_2.shp", "Shape_Length": 18.51191349887307, "Shape_Area": 18.930970511393443}}, {"type": "Feature", "id": 963, "geometry": {"type": "Polygon", "coordinates": [[[109894.94000000134, 451554.5219999999], [109894.9283999987, 451554.4792000018], [109898.05990000069, 451553.53350000083], [109894.94000000134, 451554.5219999999]]]}, "properties": {"OBJECTID": 963, "ET_ID": 2077, "NWRW_TYP": "DV", "STELSEL1": "H", "AFGEKOP": 0, "AREA": 7.71547899507, "ET_Source": "P:\\336468\\Water\\Gis\\Data\\Shape\\Afvoerend oppervlak\\temp\\Verschil_2.shp", "Shape_Length": 6.588279892556668, "Shape_Area": 0.07249915828530878}}, {"type": "Feature", "id": 964, "geometry": {"type": "Polygon", "coordinates": [[[112119.56159999967, 454369.4334000014], [112119.77270000055, 454370.0896999985], [112118.20800000057, 454370.73800000176], [112117.91759999841, 454370.0375000015], [112117.23800000176, 454367.92500000075], [112118.73570000008, 454367.44319999963], [112119.56159999967, 454369.4334000014]]]}, "properties": {"OBJECTID": 964, "ET_ID": 2182, "NWRW_TYP": "DV", "STELSEL1": "H", "AFGEKOP": 0, "AREA": 5.24948650416, "ET_Source": "P:\\336468\\Water\\Gis\\Data\\Shape\\Afvoerend oppervlak\\temp\\Verschil_2.shp", "Shape_Length": 9.088588238999483, "Shape_Area": 4.8764794506604625}}, {"type": "Feature", "id": 965, "geometry": {"type": "Polygon", "coordinates": [[[112120.69359999895, 454372.95529999956], [112119.35799999908, 454373.5089999996], [112118.23059999943, 454370.79250000045], [112119.83300000057, 454370.27699999884], [112120.69359999895, 454372.95529999956]]]}, "properties": {"OBJECTID": 965, "ET_ID": 2183, "NWRW_TYP": "DV", "STELSEL1": "H", "AFGEKOP": 0, "AREA": 5.24948650416, "ET_Source": "P:\\336468\\Water\\Gis\\Data\\Shape\\Afvoerend oppervlak\\temp\\Verschil_2.shp", "Shape_Length": 8.88343009589068, "Shape_Area": 4.493873001585573}}, {"type": "Feature", "id": 966, "geometry": {"type": "Polygon", "coordinates": [[[112119.83300000057, 454370.27699999884], [112118.23059999943, 454370.79250000045], [112118.20800000057, 454370.73800000176], [112119.77270000055, 454370.0896999985], [112119.83300000057, 454370.27699999884]]]}, "properties": {"OBJECTID": 966, "ET_ID": 2184, "NWRW_TYP": "DV", "STELSEL1": "H", "AFGEKOP": 0, "AREA": 5.24948650416, "ET_Source": "P:\\336468\\Water\\Gis\\Data\\Shape\\Afvoerend oppervlak\\temp\\Verschil_2.shp", "Shape_Length": 3.632733744559893, "Shape_Area": 0.21557094907200636}}, {"type": "Feature", "id": 967, "geometry": {"type": "Polygon", "coordinates": [[[116262.73999999836, 452927.0219999999], [116259.24199999869, 452927.31799999997], [116259.11470000073, 452925.77629999816], [116261.41200000048, 452925.58300000057], [116261.06300000101, 452921.53500000015], [116258.76000000164, 452921.71339999884], [116258.66699999943, 452920.5329999998], [116262.1640000008, 452920.23600000143], [116262.73999999836, 452927.0219999999]]]}, "properties": {"OBJECTID": 967, "ET_ID": 2301, "NWRW_TYP": "DV", "STELSEL1": "H", "AFGEKOP": 1, "AREA": 23.90292198809, "ET_Source": "P:\\336468\\Water\\Gis\\Data\\Shape\\Afvoerend oppervlak\\temp\\Verschil_2.shp", "Shape_Length": 25.239831433450163, "Shape_Area": 14.518432941028196}}, {"type": "Feature", "id": 968, "geometry": {"type": "Polygon", "coordinates": [[[116261.41200000048, 452925.58300000057], [116259.11470000073, 452925.77629999816], [116258.97089999914, 452924.12889999896], [116258.76000000164, 452921.71339999884], [116261.06300000101, 452921.53500000015], [116261.41200000048, 452925.58300000057]]]}, "properties": {"OBJECTID": 968, "ET_ID": 2471, "NWRW_TYP": "DV", "STELSEL1": "H", "AFGEKOP": 1, "AREA": 9.40102249376, "ET_Source": "P:\\336468\\Water\\Gis\\Data\\Shape\\Afvoerend oppervlak\\temp\\Verschil_2.shp", "Shape_Length": 12.756687860868949, "Shape_Area": 9.393490761195359}}]}