{"type": "FeatureCollection", "features": [{"type": "Feature", "id": 20, "geometry": {"type": "Point", "coordinates": [103555.17700000107, 454361.1000000015]}, "properties": {"ONTWERPCAPACITEIT": null, "AANTALDOORSTROOMOPENINGEN": null, "ORACLE_OBJECTID": 5158, "CODE": "155-036-00021", "JAARVANAANLEG": null, "OPMERKING": null, "GEWOONONDERHOUD": "RIJNLAND", "BUITENGEWOONONDERHOUD": "RIJNLAND", "INWINNENDEINSTANTIE": "Hoogheemraadschap van Rijnland", "METENDEINSTANTIE": null, "INWINNINGSMETHODE": "digitaliseren", "DIMENSIE": "2D", "NAUWKEURIGHEIDXY": null, "NAUWKEURIGHEIDZ": null, "DATUMINWINNING": 0, "GEOKPOBJECTID": 1001, "LAST_EDITED_DATE": 1783403167000, "ONTHEFFING": null, "NAAM": "Inlaatgemaal Lekriool", "STATUSOBJECT": "gerealiseerd", "STATUSLEGGERWATERSYSTEEM": "Vastgesteld", "STATUSLEGGERWATERVEILIGHEID": null, "AARDLEGGERWIJZIGING": null, "FUNCTIEGEMAAL": "Afvoeren", "SOORTGEMAAL": "schroef- of axiaalpomp", "AANTALPOMPEN": 0, "INDICATIEWATERKEREND": "Ja", "KERENDEHOOGTE": 0, "MAXIMALECAPACITEIT": 4.02, "RICHTING": 0, "HYPERLINK": null, "HIJSVOORZIENING": null, "INDICATIEHERKENBAARHEID": null, "INDICATIEMONUMENT": null, "PRIMAIREAANDRIJVING": "electrisch", "DOSSIERCODE": null, "BEDIENING": "RIJNLAND", "ADRES": "Noordeinde 373 , naast", "POSTCODE": "2771WR", "PLAATS": "BOSKOOP", "HYPERLINKFOTO1": null, "HYPERLINKFOTO2": null, "XCOORDINAAT": 103555.18, "YCOORDINAAT": 454361.1, "CATEGORIEWATER": "primair", "GEMEENTENAAM": "Alphen aan den Rijn", "POLDERNAAM": "Voorofschepolder", "CODEPEILGEBIEDPRAKTIJK": "WW-42A", "MAXCAPACITEITLAATSTEMETING": null, "AFSLAGPEIL": null, "HOOFDFUNCTIE": "Inlaatgemaal", "OPMERKINGLEGGER": null, "COMPARTIMENT": "443", "LAAGSTEPEIL": null, "BREEDTEOPENING": null, "TYPEWATERKERNDECONSTRUCTIE": null, "BETREEDBAARHEID": null, "INDICATIENOODSTROOM": null, "LONGITUDE": 4.63679777, "LATITUDE": 52.07513717, "CODECOMPLEX": null, "OBJECTID2": 20}}, {"type": "Feature", "id": 39, "geometry": {"type": "Point", "coordinates": [107988.96939999983, 460883.2391999997]}, "properties": {"ONTWERPCAPACITEIT": null, "AANTALDOORSTROOMOPENINGEN": null, "ORACLE_OBJECTID": 6105, "CODE": "169-036-00021", "JAARVANAANLEG": 2017, "OPMERKING": "<Null>", "GEWOONONDERHOUD": "RIJNLAND", "BUITENGEWOONONDERHOUD": "RIJNLAND", "INWINNENDEINSTANTIE": "Hoogheemraadschap van Rijnland", "METENDEINSTANTIE": null, "INWINNINGSMETHODE": "digitaliseren", "DIMENSIE": "2D", "NAUWKEURIGHEIDXY": null, "NAUWKEURIGHEIDZ": null, "DATUMINWINNING": 0, "GEOKPOBJECTID": 974, "LAST_EDITED_DATE": 1783403167000, "ONTHEFFING": null, "NAAM": "Inlaatgemaal Zuid- en Noordeinderpolder (Kassengebied 2)", "STATUSOBJECT": "gerealiseerd", "STATUSLEGGERWATERSYSTEEM": "Vastgesteld", "STATUSLEGGERWATERVEILIGHEID": null, "AARDLEGGERWIJZIGING": null, "FUNCTIEGEMAAL": "Afvoeren", "SOORTGEMAAL": "schroef- of axiaalpomp", "AANTALPOMPEN": 0, "INDICATIEWATERKEREND": "Nee", "KERENDEHOOGTE": 0, "MAXIMALECAPACITEIT": 2, "RICHTING": 0, "HYPERLINK": null, "HIJSVOORZIENING": null, "INDICATIEHERKENBAARHEID": null, "INDICATIEMONUMENT": null, "PRIMAIREAANDRIJVING": "electrisch", "DOSSIERCODE": null, "BEDIENING": "RIJNLAND", "ADRES": "Nieuwkoopseweg 0 , noordzijde (parkeerplaats)", "POSTCODE": "2445NB", "PLAATS": "AARLANDERVEEN", "HYPERLINKFOTO1": "X:\\Irisdata\\Intranet\\fotos\\gemalen\\169-036-00021\\169-036-00021 (2).JPG", "HYPERLINKFOTO2": "X:\\Irisdata\\Intranet\\fotos\\gemalen\\169-036-00021\\169-036-00021 (4).JPG", "XCOORDINAAT": 107988.97, "YCOORDINAAT": 460883.24, "CATEGORIEWATER": "overig", "GEMEENTENAAM": "Alphen aan den Rijn", "POLDERNAAM": "Zuid- en Noordeinderpolder", "CODEPEILGEBIEDPRAKTIJK": "OR-4.12.1.3", "MAXCAPACITEITLAATSTEMETING": null, "AFSLAGPEIL": null, "HOOFDFUNCTIE": "Inlaatgemaal", "OPMERKINGLEGGER": null, "COMPARTIMENT": "432", "LAAGSTEPEIL": null, "BREEDTEOPENING": null, "TYPEWATERKERNDECONSTRUCTIE": null, "BETREEDBAARHEID": null, "INDICATIENOODSTROOM": null, "LONGITUDE": 4.70056735, "LATITUDE": 52.13414885, "CODECOMPLEX": null, "OBJECTID2": 39}}, {"type": "Feature", "id": 43, "geometry": {"type": "Point", "coordinates": [106273.39400000125, 452385.6409999989]}, "properties": {"ONTWERPCAPACITEIT": null, "AANTALDOORSTROOMOPENINGEN": null, "ORACLE_OBJECTID": 6134, "CODE": "241-036-00023", "JAARVANAANLEG": 2009, "OPMERKING": null, "GEWOONONDERHOUD": "RIJNLAND", "BUITENGEWOONONDERHOUD": "RIJNLAND", "INWINNENDEINSTANTIE": "Hoogheemraadschap van Rijnland", "METENDEINSTANTIE": null, "INWINNINGSMETHODE": "digitaliseren", "DIMENSIE": "2D", "NAUWKEURIGHEIDXY": null, "NAUWKEURIGHEIDZ": null, "DATUMINWINNING": 0, "GEOKPOBJECTID": 187, "LAST_EDITED_DATE": 1783360875000, "ONTHEFFING": null, "NAAM": "Vakgemaal Berkenbroek", "STATUSOBJECT": "gerealiseerd", "STATUSLEGGERWATERSYSTEEM": "Vastgesteld", "STATUSLEGGERWATERVEILIGHEID": null, "AARDLEGGERWIJZIGING": null, "FUNCTIEGEMAAL": "Afvoeren", "SOORTGEMAAL": "schroef- of axiaalpomp", "AANTALPOMPEN": 0, "INDICATIEWATERKEREND": "Nee", "KERENDEHOOGTE": 0, "MAXIMALECAPACITEIT": 4.02, "RICHTING": 0, "HYPERLINK": null, "HIJSVOORZIENING": null, "INDICATIEHERKENBAARHEID": null, "INDICATIEMONUMENT": null, "PRIMAIREAANDRIJVING": "electrisch", "DOSSIERCODE": null, "BEDIENING": "RIJNLAND", "ADRES": "Berkenbroek 1 , naast", "POSTCODE": "2811NZ", "PLAATS": "REEUWIJK", "HYPERLINKFOTO1": null, "HYPERLINKFOTO2": null, "XCOORDINAAT": 106273.39, "YCOORDINAAT": 452385.64, "CATEGORIEWATER": "primair", "GEMEENTENAAM": "Bodegraven-Reeuwijk", "POLDERNAAM": "Gouwepolder", "CODEPEILGEBIEDPRAKTIJK": "WW-28C", "MAXCAPACITEITLAATSTEMETING": null, "AFSLAGPEIL": null, "HOOFDFUNCTIE": "Vakgemaal", "OPMERKINGLEGGER": null, "COMPARTIMENT": "443", "LAAGSTEPEIL": null, "BREEDTEOPENING": null, "TYPEWATERKERNDECONSTRUCTIE": null, "BETREEDBAARHEID": null, "INDICATIENOODSTROOM": null, "LONGITUDE": 4.67672626, "LATITUDE": 52.05762855, "CODECOMPLEX": null, "OBJECTID2": 43}}, {"type": "Feature", "id": 44, "geometry": {"type": "Point", "coordinates": [106830.04100000113, 456582.5329999998]}, "properties": {"ONTWERPCAPACITEIT": null, "AANTALDOORSTROOMOPENINGEN": null, "ORACLE_OBJECTID": 6135, "CODE": "241-036-00024", "JAARVANAANLEG": null, "OPMERKING": "Elektrische revisie 2010", "GEWOONONDERHOUD": "RIJNLAND", "BUITENGEWOONONDERHOUD": "RIJNLAND", "INWINNENDEINSTANTIE": "Hoogheemraadschap van Rijnland", "METENDEINSTANTIE": null, "INWINNINGSMETHODE": "digitaliseren", "DIMENSIE": "2D", "NAUWKEURIGHEIDXY": null, "NAUWKEURIGHEIDZ": null, "DATUMINWINNING": 0, "GEOKPOBJECTID": 188, "LAST_EDITED_DATE": 1788268938000, "ONTHEFFING": null, "NAAM": "Vakgemaal Koetsveld", "STATUSOBJECT": "gerealiseerd", "STATUSLEGGERWATERSYSTEEM": "Vastgesteld", "STATUSLEGGERWATERVEILIGHEID": null, "AARDLEGGERWIJZIGING": null, "FUNCTIEGEMAAL": "Afvoeren", "SOORTGEMAAL": "schroef- of axiaalpomp", "AANTALPOMPEN": 0, "INDICATIEWATERKEREND": "Nee", "KERENDEHOOGTE": 0, "MAXIMALECAPACITEIT": 3.1, "RICHTING": 0, "HYPERLINK": null, "HIJSVOORZIENING": null, "INDICATIEHERKENBAARHEID": null, "INDICATIEMONUMENT": null, "PRIMAIREAANDRIJVING": "electrisch", "DOSSIERCODE": null, "BEDIENING": "RIJNLAND", "ADRES": "Koetsveld 4 , tegenover", "POSTCODE": "2771AM", "PLAATS": "BOSKOOP", "HYPERLINKFOTO1": null, "HYPERLINKFOTO2": null, "XCOORDINAAT": 106830.04, "YCOORDINAAT": 456582.53, "CATEGORIEWATER": "primair", "GEMEENTENAAM": "Alphen aan den Rijn", "POLDERNAAM": "Gouwepolder", "CODEPEILGEBIEDPRAKTIJK": "WW-28A", "MAXCAPACITEITLAATSTEMETING": null, "AFSLAGPEIL": null, "HOOFDFUNCTIE": "Vakgemaal", "OPMERKINGLEGGER": null, "COMPARTIMENT": "443", "LAAGSTEPEIL": null, "BREEDTEOPENING": null, "TYPEWATERKERNDECONSTRUCTIE": null, "BETREEDBAARHEID": null, "INDICATIENOODSTROOM": null, "LONGITUDE": 4.68424967, "LATITUDE": 52.09539677, "CODECOMPLEX": null, "OBJECTID2": 44}}, {"type": "Feature", "id": 45, "geometry": {"type": "Point", "coordinates": [105299.43600000069, 451810.5020000003]}, "properties": {"ONTWERPCAPACITEIT": null, "AANTALDOORSTROOMOPENINGEN": null, "ORACLE_OBJECTID": 6136, "CODE": "246-036-00021", "JAARVANAANLEG": 1987, "OPMERKING": "Capaciteit gemaal op basis van debietmeting in 2014", "GEWOONONDERHOUD": "RIJNLAND", "BUITENGEWOONONDERHOUD": "RIJNLAND", "INWINNENDEINSTANTIE": "Hoogheemraadschap van Rijnland", "METENDEINSTANTIE": null, "INWINNINGSMETHODE": "digitaliseren", "DIMENSIE": "2D", "NAUWKEURIGHEIDXY": null, "NAUWKEURIGHEIDZ": null, "DATUMINWINNING": 0, "GEOKPOBJECTID": 189, "LAST_EDITED_DATE": 1783360875000, "ONTHEFFING": null, "NAAM": "Gemaal Middelburg", "STATUSOBJECT": "gerealiseerd", "STATUSLEGGERWATERSYSTEEM": "Vastgesteld", "STATUSLEGGERWATERVEILIGHEID": null, "AARDLEGGERWIJZIGING": null, "FUNCTIEGEMAAL": "Afvoeren", "SOORTGEMAAL": "schroef- of axiaalpomp", "AANTALPOMPEN": 0, "INDICATIEWATERKEREND": "Ja", "KERENDEHOOGTE": 0, "MAXIMALECAPACITEIT": 36.5, "RICHTING": 0, "HYPERLINK": null, "HIJSVOORZIENING": null, "INDICATIEHERKENBAARHEID": null, "INDICATIEMONUMENT": null, "PRIMAIREAANDRIJVING": "electrisch", "DOSSIERCODE": null, "BEDIENING": "RIJNLAND", "ADRES": "Henegouwerweg 1c", "POSTCODE": "2741KR", "PLAATS": "WADDINXVEEN", "HYPERLINKFOTO1": null, "HYPERLINKFOTO2": null, "XCOORDINAAT": 105299.44, "YCOORDINAAT": 451810.5, "CATEGORIEWATER": "primair", "GEMEENTENAAM": "Waddinxveen", "POLDERNAAM": "Polder Middelburg en Tempelpolder", "CODEPEILGEBIEDPRAKTIJK": "WW-29A", "MAXCAPACITEITLAATSTEMETING": null, "AFSLAGPEIL": null, "HOOFDFUNCTIE": "Poldergemaal - Lozend op boezem Rijnland", "OPMERKINGLEGGER": null, "COMPARTIMENT": "443", "LAAGSTEPEIL": null, "BREEDTEOPENING": null, "TYPEWATERKERNDECONSTRUCTIE": null, "BETREEDBAARHEID": null, "INDICATIENOODSTROOM": null, "LONGITUDE": 4.66260984, "LATITUDE": 52.052373, "CODECOMPLEX": null, "OBJECTID2": 45}}, {"type": "Feature", "id": 55, "geometry": {"type": "Point", "coordinates": [106442.49300000072, 457669.54199999943]}, "properties": {"ONTWERPCAPACITEIT": null, "AANTALDOORSTROOMOPENINGEN": null, "ORACLE_OBJECTID": 6121, "CODE": "137-036-00023", "JAARVANAANLEG": null, "OPMERKING": "Elektrische revisie in 2010", "GEWOONONDERHOUD": "RIJNLAND", "BUITENGEWOONONDERHOUD": "RIJNLAND", "INWINNENDEINSTANTIE": "Hoogheemraadschap van Rijnland", "METENDEINSTANTIE": null, "INWINNINGSMETHODE": "digitaliseren", "DIMENSIE": "2D", "NAUWKEURIGHEIDXY": null, "NAUWKEURIGHEIDZ": null, "DATUMINWINNING": 0, "GEOKPOBJECTID": 181, "LAST_EDITED_DATE": 1783360875000, "ONTHEFFING": null, "NAAM": "Vakgemaal Steekt 2", "STATUSOBJECT": "gerealiseerd", "STATUSLEGGERWATERSYSTEEM": "Vastgesteld", "STATUSLEGGERWATERVEILIGHEID": null, "AARDLEGGERWIJZIGING": null, "FUNCTIEGEMAAL": "Afvoeren", "SOORTGEMAAL": "vijzelgemaal", "AANTALPOMPEN": 0, "INDICATIEWATERKEREND": "Nee", "KERENDEHOOGTE": 0, "MAXIMALECAPACITEIT": 12, "RICHTING": 0, "HYPERLINK": null, "HIJSVOORZIENING": null, "INDICATIEHERKENBAARHEID": null, "INDICATIEMONUMENT": null, "PRIMAIREAANDRIJVING": "electrisch", "DOSSIERCODE": null, "BEDIENING": "RIJNLAND", "ADRES": "J.C. Hoogendoornlaan 40 , naast", "POSTCODE": "2407AB", "PLAATS": "ALPHEN AAN DEN RIJN", "HYPERLINKFOTO1": null, "HYPERLINKFOTO2": null, "XCOORDINAAT": 106442.49, "YCOORDINAAT": 457669.54, "CATEGORIEWATER": "primair", "GEMEENTENAAM": "Alphen aan den Rijn", "POLDERNAAM": "Polder Steekt", "CODEPEILGEBIEDPRAKTIJK": "WW-26B", "MAXCAPACITEITLAATSTEMETING": null, "AFSLAGPEIL": null, "HOOFDFUNCTIE": "Vakgemaal", "OPMERKINGLEGGER": null, "COMPARTIMENT": "437", "LAAGSTEPEIL": null, "BREEDTEOPENING": null, "TYPEWATERKERNDECONSTRUCTIE": null, "BETREEDBAARHEID": null, "INDICATIENOODSTROOM": null, "LONGITUDE": 4.67843966, "LATITUDE": 52.10513235, "CODECOMPLEX": null, "OBJECTID2": 55}}, {"type": "Feature", "id": 56, "geometry": {"type": "Point", "coordinates": [110365.88800000027, 455273.7589999996]}, "properties": {"ONTWERPCAPACITEIT": null, "AANTALDOORSTROOMOPENINGEN": null, "ORACLE_OBJECTID": 6122, "CODE": "020-036-00021", "JAARVANAANLEG": null, "OPMERKING": "Elektrische revisie in 2010; Capaciteit gemaal op basis van debietmeting in 2021", "GEWOONONDERHOUD": "RIJNLAND", "BUITENGEWOONONDERHOUD": "RIJNLAND", "INWINNENDEINSTANTIE": "Hoogheemraadschap van Rijnland", "METENDEINSTANTIE": null, "INWINNINGSMETHODE": "digitaliseren", "DIMENSIE": "2D", "NAUWKEURIGHEIDXY": null, "NAUWKEURIGHEIDZ": null, "DATUMINWINNING": 0, "GEOKPOBJECTID": 182, "LAST_EDITED_DATE": 1783360875000, "ONTHEFFING": null, "NAAM": "Gemaal Binnenpolder", "STATUSOBJECT": "gerealiseerd", "STATUSLEGGERWATERSYSTEEM": "Vastgesteld", "STATUSLEGGERWATERVEILIGHEID": null, "AARDLEGGERWIJZIGING": null, "FUNCTIEGEMAAL": "Afvoeren", "SOORTGEMAAL": "schroef- of axiaalpomp", "AANTALPOMPEN": 0, "INDICATIEWATERKEREND": "Ja", "KERENDEHOOGTE": 0, "MAXIMALECAPACITEIT": 44, "RICHTING": 0, "HYPERLINK": null, "HIJSVOORZIENING": null, "INDICATIEHERKENBAARHEID": null, "INDICATIEMONUMENT": null, "PRIMAIREAANDRIJVING": "electrisch", "DOSSIERCODE": null, "BEDIENING": "RIJNLAND", "ADRES": "Vlietkade 47 , naast", "POSTCODE": "2411BZ", "PLAATS": "BODEGRAVEN", "HYPERLINKFOTO1": "X:\\Irisdata\\Intranet\\fotos\\gemalen\\WW-2701_F1.jpg", "HYPERLINKFOTO2": null, "XCOORDINAAT": 110365.89, "YCOORDINAAT": 455273.76, "CATEGORIEWATER": "primair", "GEMEENTENAAM": "Bodegraven-Reeuwijk", "POLDERNAAM": "Binnenpolder (Bodegraven)", "CODEPEILGEBIEDPRAKTIJK": "WW-27A", "MAXCAPACITEITLAATSTEMETING": null, "AFSLAGPEIL": null, "HOOFDFUNCTIE": "Poldergemaal - Lozend op boezem Rijnland", "OPMERKINGLEGGER": null, "COMPARTIMENT": "439", "LAAGSTEPEIL": null, "BREEDTEOPENING": null, "TYPEWATERKERNDECONSTRUCTIE": null, "BETREEDBAARHEID": null, "INDICATIENOODSTROOM": null, "LONGITUDE": 4.73601696, "LATITUDE": 52.0839305, "CODECOMPLEX": null, "OBJECTID2": 56}}, {"type": "Feature", "id": 57, "geometry": {"type": "Point", "coordinates": [104758.72599999979, 453073.9270000011]}, "properties": {"ONTWERPCAPACITEIT": null, "AANTALDOORSTROOMOPENINGEN": null, "ORACLE_OBJECTID": 6117, "CODE": "155-036-00022", "JAARVANAANLEG": null, "OPMERKING": null, "GEWOONONDERHOUD": "RIJNLAND", "BUITENGEWOONONDERHOUD": "RIJNLAND", "INWINNENDEINSTANTIE": "Hoogheemraadschap van Rijnland", "METENDEINSTANTIE": null, "INWINNINGSMETHODE": "digitaliseren", "DIMENSIE": "2D", "NAUWKEURIGHEIDXY": null, "NAUWKEURIGHEIDZ": null, "DATUMINWINNING": 0, "GEOKPOBJECTID": 174, "LAST_EDITED_DATE": 1783360875000, "ONTHEFFING": "V36309", "NAAM": "Gemaal Het Lege End", "STATUSOBJECT": "gerealiseerd", "STATUSLEGGERWATERSYSTEEM": "Vastgesteld", "STATUSLEGGERWATERVEILIGHEID": null, "AARDLEGGERWIJZIGING": null, "FUNCTIEGEMAAL": "Afvoeren", "SOORTGEMAAL": "schroef- of axiaalpomp", "AANTALPOMPEN": 0, "INDICATIEWATERKEREND": "Ja", "KERENDEHOOGTE": 0, "MAXIMALECAPACITEIT": 19.98, "RICHTING": 0, "HYPERLINK": null, "HIJSVOORZIENING": null, "INDICATIEHERKENBAARHEID": null, "INDICATIEMONUMENT": null, "PRIMAIREAANDRIJVING": "electrisch", "DOSSIERCODE": null, "BEDIENING": "RIJNLAND", "ADRES": "Linnaeusweg 4a, achter", "POSTCODE": "2771HD", "PLAATS": "BOSKOOP", "HYPERLINKFOTO1": null, "HYPERLINKFOTO2": null, "XCOORDINAAT": 104758.73, "YCOORDINAAT": 453073.93, "CATEGORIEWATER": "primair", "GEMEENTENAAM": "Waddinxveen", "POLDERNAAM": "Voorofschepolder", "CODEPEILGEBIEDPRAKTIJK": "WW-42C", "MAXCAPACITEITLAATSTEMETING": null, "AFSLAGPEIL": null, "HOOFDFUNCTIE": "Poldergemaal - Lozend op boezem Rijnland", "OPMERKINGLEGGER": null, "COMPARTIMENT": "443", "LAAGSTEPEIL": null, "BREEDTEOPENING": null, "TYPEWATERKERNDECONSTRUCTIE": null, "BETREEDBAARHEID": null, "INDICATIENOODSTROOM": null, "LONGITUDE": 4.65454151, "LATITUDE": 52.06367924, "CODECOMPLEX": null, "OBJECTID2": 57}}, {"type": "Feature", "id": 60, "geometry": {"type": "Point", "coordinates": [110783.82550000027, 457997.37249999866]}, "properties": {"ONTWERPCAPACITEIT": null, "AANTALDOORSTROOMOPENINGEN": null, "ORACLE_OBJECTID": 6032, "CODE": "094-036-00063", "JAARVANAANLEG": 2014, "OPMERKING": "Vervanging van 094-036-00021; Zie projectplan 91818; Corsa nr 13.31476; Capaciteit gemaal op basis van debietmeting in 2015", "GEWOONONDERHOUD": "RIJNLAND", "BUITENGEWOONONDERHOUD": "RIJNLAND", "INWINNENDEINSTANTIE": "Hoogheemraadschap van Rijnland", "METENDEINSTANTIE": null, "INWINNINGSMETHODE": null, "DIMENSIE": "2D", "NAUWKEURIGHEIDXY": null, "NAUWKEURIGHEIDZ": null, "DATUMINWINNING": null, "GEOKPOBJECTID": 675, "LAST_EDITED_DATE": 1783360875000, "ONTHEFFING": null, "NAAM": "Gemaal Polder Nieuwkoop en Noorden", "STATUSOBJECT": "gerealiseerd", "STATUSLEGGERWATERSYSTEEM": "Vastgesteld", "STATUSLEGGERWATERVEILIGHEID": null, "AARDLEGGERWIJZIGING": null, "FUNCTIEGEMAAL": "Afvoeren", "SOORTGEMAAL": "vijzelgemaal", "AANTALPOMPEN": 0, "INDICATIEWATERKEREND": "Ja", "KERENDEHOOGTE": null, "MAXIMALECAPACITEIT": 160, "RICHTING": 0, "HYPERLINK": null, "HIJSVOORZIENING": null, "INDICATIEHERKENBAARHEID": null, "INDICATIEMONUMENT": null, "PRIMAIREAANDRIJVING": "electrisch", "DOSSIERCODE": null, "BEDIENING": "RIJNLAND", "ADRES": "Ziendeweg 9 , naast", "POSTCODE": "2421NC", "PLAATS": "NIEUWKOOP", "HYPERLINKFOTO1": "X:\\Irisdata\\Intranet\\fotos\\gemalen\\094-036-00063.jpg", "HYPERLINKFOTO2": null, "XCOORDINAAT": 110783.83, "YCOORDINAAT": 457997.37, "CATEGORIEWATER": "overig", "GEMEENTENAAM": "Nieuwkoop", "POLDERNAAM": "Polder Nieuwkoop en Noorden", "CODEPEILGEBIEDPRAKTIJK": "OR-4.10.1.1", "MAXCAPACITEITLAATSTEMETING": null, "AFSLAGPEIL": null, "HOOFDFUNCTIE": "Poldergemaal - Lozend op boezem Rijnland", "OPMERKINGLEGGER": null, "COMPARTIMENT": "440", "LAAGSTEPEIL": null, "BREEDTEOPENING": null, "TYPEWATERKERNDECONSTRUCTIE": null, "BETREEDBAARHEID": null, "INDICATIENOODSTROOM": null, "LONGITUDE": 4.74176082, "LATITUDE": 52.10844265, "CODECOMPLEX": null, "OBJECTID2": 60}}, {"type": "Feature", "id": 61, "geometry": {"type": "Point", "coordinates": [108251.79300000146, 454507.3040000014]}, "properties": {"ONTWERPCAPACITEIT": null, "AANTALDOORSTROOMOPENINGEN": null, "ORACLE_OBJECTID": 6033, "CODE": "250-036-00039", "JAARVANAANLEG": 2011, "OPMERKING": "Projectplan 10.48847", "GEWOONONDERHOUD": "RIJNLAND", "BUITENGEWOONONDERHOUD": "RIJNLAND", "INWINNENDEINSTANTIE": "Hoogheemraadschap van Rijnland", "METENDEINSTANTIE": null, "INWINNINGSMETHODE": null, "DIMENSIE": "2D", "NAUWKEURIGHEIDXY": null, "NAUWKEURIGHEIDZ": null, "DATUMINWINNING": null, "GEOKPOBJECTID": 651, "LAST_EDITED_DATE": 1783360875000, "ONTHEFFING": "P91703", "NAAM": "Vakgemaal De Wijk", "STATUSOBJECT": "gerealiseerd", "STATUSLEGGERWATERSYSTEEM": "Vastgesteld", "STATUSLEGGERWATERVEILIGHEID": null, "AARDLEGGERWIJZIGING": null, "FUNCTIEGEMAAL": "Afvoeren", "SOORTGEMAAL": "schroef- of axiaalpomp", "AANTALPOMPEN": 0, "INDICATIEWATERKEREND": "Nee", "KERENDEHOOGTE": null, "MAXIMALECAPACITEIT": 22.17, "RICHTING": 0, "HYPERLINK": null, "HIJSVOORZIENING": null, "INDICATIEHERKENBAARHEID": null, "INDICATIEMONUMENT": null, "PRIMAIREAANDRIJVING": "electrisch", "DOSSIERCODE": null, "BEDIENING": "RIJNLAND", "ADRES": "Warmoeskade 2a", "POSTCODE": "2771NE", "PLAATS": "BOSKOOP", "HYPERLINKFOTO1": null, "HYPERLINKFOTO2": null, "XCOORDINAAT": 108251.79, "YCOORDINAAT": 454507.3, "CATEGORIEWATER": "primair", "GEMEENTENAAM": "Alphen aan den Rijn", "POLDERNAAM": "Polder Reeuwijk en Sluipwijk", "CODEPEILGEBIEDPRAKTIJK": "WW-31H", "MAXCAPACITEITLAATSTEMETING": null, "AFSLAGPEIL": null, "HOOFDFUNCTIE": "Vakgemaal", "OPMERKINGLEGGER": null, "COMPARTIMENT": "439", "LAAGSTEPEIL": null, "BREEDTEOPENING": null, "TYPEWATERKERNDECONSTRUCTIE": null, "BETREEDBAARHEID": null, "INDICATIENOODSTROOM": null, "LONGITUDE": 4.70528057, "LATITUDE": 52.07686752, "CODECOMPLEX": null, "OBJECTID2": 61}}, {"type": "Feature", "id": 65, "geometry": {"type": "Point", "coordinates": [108257.74100000039, 461954.73999999836]}, "properties": {"ONTWERPCAPACITEIT": null, "AANTALDOORSTROOMOPENINGEN": null, "ORACLE_OBJECTID": 6052, "CODE": "169-036-00027", "JAARVANAANLEG": 1871, "OPMERKING": "Gemaal is buiten bedrijf gesteld. project Sander de Rijk (2011), Projectplan 91713, Corsanr 12.50817", "GEWOONONDERHOUD": "RIJNLAND", "BUITENGEWOONONDERHOUD": "RIJNLAND", "INWINNENDEINSTANTIE": "Hoogheemraadschap van Rijnland", "METENDEINSTANTIE": null, "INWINNINGSMETHODE": "fotogrammetrisch", "DIMENSIE": "2D", "NAUWKEURIGHEIDXY": null, "NAUWKEURIGHEIDZ": null, "DATUMINWINNING": null, "GEOKPOBJECTID": 693, "LAST_EDITED_DATE": 1784010878000, "ONTHEFFING": null, "NAAM": "Gemaal Neptunus (Zuid- en Noordeinderpolder)", "STATUSOBJECT": "buiten bedrijf", "STATUSLEGGERWATERSYSTEEM": "Niet van toepassing", "STATUSLEGGERWATERVEILIGHEID": null, "AARDLEGGERWIJZIGING": null, "FUNCTIEGEMAAL": "Afvoeren", "SOORTGEMAAL": "onbekend", "AANTALPOMPEN": 0, "INDICATIEWATERKEREND": "Ja", "KERENDEHOOGTE": 0, "MAXIMALECAPACITEIT": 94.98, "RICHTING": 0, "HYPERLINK": null, "HIJSVOORZIENING": null, "INDICATIEHERKENBAARHEID": null, "INDICATIEMONUMENT": null, "PRIMAIREAANDRIJVING": "diesel", "DOSSIERCODE": null, "BEDIENING": "RIJNLAND", "ADRES": "Machineweg 2 ", "POSTCODE": "2445BB", "PLAATS": "AARLANDERVEEN", "HYPERLINKFOTO1": "X:\\Irisdata\\Intranet\\fotos\\gemalen\\OR-4.12-1.1.JPG", "HYPERLINKFOTO2": null, "XCOORDINAAT": 108257.74, "YCOORDINAAT": 461954.74, "CATEGORIEWATER": "primair", "GEMEENTENAAM": "Alphen aan den Rijn", "POLDERNAAM": "Zuid- en Noordeinderpolder", "CODEPEILGEBIEDPRAKTIJK": "OR-4.12.1.1", "MAXCAPACITEITLAATSTEMETING": null, "AFSLAGPEIL": null, "HOOFDFUNCTIE": "Poldergemaal - Lozend op boezem Rijnland", "OPMERKINGLEGGER": null, "COMPARTIMENT": "432", "LAAGSTEPEIL": null, "BREEDTEOPENING": null, "TYPEWATERKERNDECONSTRUCTIE": null, "BETREEDBAARHEID": null, "INDICATIENOODSTROOM": null, "LONGITUDE": 4.70434548, "LATITUDE": 52.14380168, "CODECOMPLEX": null, "OBJECTID2": 65}}, {"type": "Feature", "id": 67, "geometry": {"type": "Point", "coordinates": [108234.96480000019, 447181.58570000157]}, "properties": {"ONTWERPCAPACITEIT": null, "AANTALDOORSTROOMOPENINGEN": null, "ORACLE_OBJECTID": 6055, "CODE": "413-036-00024", "JAARVANAANLEG": 2024, "OPMERKING": "Pomp 1 = 15 m3/min, pomp 2 = 15 m3/min.", "GEWOONONDERHOUD": "RIJNLAND", "BUITENGEWOONONDERHOUD": "RIJNLAND", "INWINNENDEINSTANTIE": "Hoogheemraadschap van Rijnland", "METENDEINSTANTIE": null, "INWINNINGSMETHODE": "digitaliseren", "DIMENSIE": "2D", "NAUWKEURIGHEIDXY": null, "NAUWKEURIGHEIDZ": null, "DATUMINWINNING": null, "GEOKPOBJECTID": 15057, "LAST_EDITED_DATE": 1783360875000, "ONTHEFFING": "Rijnland eigen werk", "NAAM": "Gemaal Turfmarkt", "STATUSOBJECT": "planvorming", "STATUSLEGGERWATERSYSTEEM": "Gewijzigd", "STATUSLEGGERWATERVEILIGHEID": null, "AARDLEGGERWIJZIGING": "nieuw kunstwerk. op basis van projectplan 2024", "FUNCTIEGEMAAL": "Afvoeren", "SOORTGEMAAL": "schroef- of axiaalpomp", "AANTALPOMPEN": 0, "INDICATIEWATERKEREND": null, "KERENDEHOOGTE": null, "MAXIMALECAPACITEIT": 20, "RICHTING": 0, "HYPERLINK": "https://zoek.officielebekendmakingen.nl/wsb-2024-212.html", "HIJSVOORZIENING": null, "INDICATIEHERKENBAARHEID": null, "INDICATIEMONUMENT": null, "PRIMAIREAANDRIJVING": "electrisch", "DOSSIERCODE": null, "BEDIENING": "RIJNLAND", "ADRES": null, "POSTCODE": null, "PLAATS": null, "HYPERLINKFOTO1": null, "HYPERLINKFOTO2": null, "XCOORDINAAT": 108234.96, "YCOORDINAAT": 447181.59, "CATEGORIEWATER": "primair", "GEMEENTENAAM": "Gouda", "POLDERNAAM": "Stadsboezem Gouda", "CODEPEILGEBIEDPRAKTIJK": "RL-027.1.1", "MAXCAPACITEITLAATSTEMETING": null, "AFSLAGPEIL": null, "HOOFDFUNCTIE": "Planvorming", "OPMERKINGLEGGER": null, "COMPARTIMENT": "467-RWS", "LAAGSTEPEIL": null, "BREEDTEOPENING": null, "TYPEWATERKERNDECONSTRUCTIE": null, "BETREEDBAARHEID": null, "INDICATIENOODSTROOM": null, "LONGITUDE": 4.70603732, "LATITUDE": 52.01102567, "CODECOMPLEX": null, "OBJECTID2": 67}}, {"type": "Feature", "id": 77, "geometry": {"type": "Point", "coordinates": [108451.78700000048, 463550.27600000054]}, "properties": {"ONTWERPCAPACITEIT": null, "AANTALDOORSTROOMOPENINGEN": null, "ORACLE_OBJECTID": 7816, "CODE": "142-036-00023", "JAARVANAANLEG": 2016, "OPMERKING": "<Null>", "GEWOONONDERHOUD": "RIJNLAND", "BUITENGEWOONONDERHOUD": "RIJNLAND", "INWINNENDEINSTANTIE": "Hoogheemraadschap van Rijnland", "METENDEINSTANTIE": null, "INWINNINGSMETHODE": null, "DIMENSIE": "2D", "NAUWKEURIGHEIDXY": null, "NAUWKEURIGHEIDZ": null, "DATUMINWINNING": 1414627200000, "GEOKPOBJECTID": 844, "LAST_EDITED_DATE": 1783360875000, "ONTHEFFING": null, "NAAM": "Vakgemaal Uiteindsche- en Middelpolder", "STATUSOBJECT": "gerealiseerd", "STATUSLEGGERWATERSYSTEEM": "Vastgesteld", "STATUSLEGGERWATERVEILIGHEID": null, "AARDLEGGERWIJZIGING": null, "FUNCTIEGEMAAL": "Afvoeren", "SOORTGEMAAL": "onbekend", "AANTALPOMPEN": 0, "INDICATIEWATERKEREND": "Nee", "KERENDEHOOGTE": 0, "MAXIMALECAPACITEIT": 2.5, "RICHTING": 0, "HYPERLINK": null, "HIJSVOORZIENING": null, "INDICATIEHERKENBAARHEID": null, "INDICATIEMONUMENT": null, "PRIMAIREAANDRIJVING": "electrisch", "DOSSIERCODE": null, "BEDIENING": "RIJNLAND", "ADRES": "Westkanaalweg 121 , naast; 220 meter noordelijk", "POSTCODE": "2461GW", "PLAATS": "TER AAR", "HYPERLINKFOTO1": null, "HYPERLINKFOTO2": null, "XCOORDINAAT": 108451.79, "YCOORDINAAT": 463550.28, "CATEGORIEWATER": "primair", "GEMEENTENAAM": "Nieuwkoop", "POLDERNAAM": "Uiteindsche- en Middelpolder", "CODEPEILGEBIEDPRAKTIJK": "OR-4.07.2.1", "MAXCAPACITEITLAATSTEMETING": null, "AFSLAGPEIL": null, "HOOFDFUNCTIE": "Vakgemaal", "OPMERKINGLEGGER": null, "COMPARTIMENT": "435", "LAAGSTEPEIL": null, "BREEDTEOPENING": null, "TYPEWATERKERNDECONSTRUCTIE": null, "BETREEDBAARHEID": null, "INDICATIENOODSTROOM": null, "LONGITUDE": 4.70696164, "LATITUDE": 52.15815781, "CODECOMPLEX": null, "OBJECTID2": 77}}, {"type": "Feature", "id": 79, "geometry": {"type": "Point", "coordinates": [101633.33350000158, 463493.8530000001]}, "properties": {"ONTWERPCAPACITEIT": 78, "AANTALDOORSTROOMOPENINGEN": null, "ORACLE_OBJECTID": 7862, "CODE": "078-036-00021", "JAARVANAANLEG": 2025, "OPMERKING": "Oude gemaal is in 2024-2025 gesloopt en op deze locatie is in 2025 nieuwbouw gerealiseerd (Maatregel HLV-M-01 Hondsdijkse- en Lagewaardsepolder - 21.079356)", "GEWOONONDERHOUD": "RIJNLAND", "BUITENGEWOONONDERHOUD": "RIJNLAND", "INWINNENDEINSTANTIE": "Hoogheemraadschap van Rijnland", "METENDEINSTANTIE": null, "INWINNINGSMETHODE": "digitaliseren", "DIMENSIE": "2D", "NAUWKEURIGHEIDXY": null, "NAUWKEURIGHEIDZ": null, "DATUMINWINNING": 0, "GEOKPOBJECTID": 489, "LAST_EDITED_DATE": 1783360875000, "ONTHEFFING": null, "NAAM": "Gemaal Lagenwaardsepolder", "STATUSOBJECT": "gerealiseerd", "STATUSLEGGERWATERSYSTEEM": "Gewijzigd", "STATUSLEGGERWATERVEILIGHEID": null, "AARDLEGGERWIJZIGING": "nieuw kunstwerk. op basis van projectplan 2025", "FUNCTIEGEMAAL": "Afvoeren", "SOORTGEMAAL": "vijzelgemaal", "AANTALPOMPEN": 0, "INDICATIEWATERKEREND": "Ja", "KERENDEHOOGTE": -0.9, "MAXIMALECAPACITEIT": 78, "RICHTING": 0, "HYPERLINK": null, "HIJSVOORZIENING": null, "INDICATIEHERKENBAARHEID": null, "INDICATIEMONUMENT": null, "PRIMAIREAANDRIJVING": "electrisch", "DOSSIERCODE": null, "BEDIENING": "RIJNLAND", "ADRES": "Batelaan 1A", "POSTCODE": "2396ET", "PLAATS": "KOUDEKERK AAN DEN RIJN", "HYPERLINKFOTO1": "X:\\Irisdata\\Intranet\\fotos\\gemalen\\OR-3.31-1.1_F1.jpg", "HYPERLINKFOTO2": null, "XCOORDINAAT": 101633.33, "YCOORDINAAT": 463493.85, "CATEGORIEWATER": "primair", "GEMEENTENAAM": "Alphen aan den Rijn", "POLDERNAAM": "Lagenwaardsepolder", "CODEPEILGEBIEDPRAKTIJK": "OR-3.31.1.1", "MAXCAPACITEITLAATSTEMETING": null, "AFSLAGPEIL": null, "HOOFDFUNCTIE": "Poldergemaal - Lozend op boezem Rijnland", "OPMERKINGLEGGER": "kunstwerk aangepast. op basis van projectplan 2025", "COMPARTIMENT": "445", "LAAGSTEPEIL": null, "BREEDTEOPENING": null, "TYPEWATERKERNDECONSTRUCTIE": null, "BETREEDBAARHEID": null, "INDICATIENOODSTROOM": null, "LONGITUDE": 4.60733589, "LATITUDE": 52.15703422, "CODECOMPLEX": null, "OBJECTID2": 79}}, {"type": "Feature", "id": 82, "geometry": {"type": "Point", "coordinates": [99300.85240000114, 464351.2382999994]}, "properties": {"ONTWERPCAPACITEIT": null, "AANTALDOORSTROOMOPENINGEN": null, "ORACLE_OBJECTID": 7829, "CODE": "021-036-00021", "JAARVANAANLEG": 1985, "OPMERKING": "Gemaal wordt in 2026 vervangen door nieuwbouw en is op 6 juli 2026 (incl. alarmen) overgedragen aan de aannemer. Gedurende deze periode is er een TPI geplaatst.", "GEWOONONDERHOUD": "RIJNLAND", "BUITENGEWOONONDERHOUD": "RIJNLAND", "INWINNENDEINSTANTIE": "Hoogheemraadschap van Rijnland", "METENDEINSTANTIE": null, "INWINNINGSMETHODE": "digitaliseren", "DIMENSIE": "2D", "NAUWKEURIGHEIDXY": null, "NAUWKEURIGHEIDZ": null, "DATUMINWINNING": 0, "GEOKPOBJECTID": 476, "LAST_EDITED_DATE": 1783360875000, "ONTHEFFING": null, "NAAM": "Gemaal Doespolder", "STATUSOBJECT": "buiten bedrijf", "STATUSLEGGERWATERSYSTEEM": "Vastgesteld", "STATUSLEGGERWATERVEILIGHEID": null, "AARDLEGGERWIJZIGING": null, "FUNCTIEGEMAAL": "Afvoeren", "SOORTGEMAAL": "vijzelgemaal", "AANTALPOMPEN": 0, "INDICATIEWATERKEREND": "Ja", "KERENDEHOOGTE": -0.59, "MAXIMALECAPACITEIT": 9, "RICHTING": 0, "HYPERLINK": null, "HIJSVOORZIENING": null, "INDICATIEHERKENBAARHEID": null, "INDICATIEMONUMENT": null, "PRIMAIREAANDRIJVING": "electrisch", "DOSSIERCODE": null, "BEDIENING": "RIJNLAND", "ADRES": "Doespolderkade 1 , naast", "POSTCODE": "2355AB", "PLAATS": "HOOGMADE", "HYPERLINKFOTO1": null, "HYPERLINKFOTO2": null, "XCOORDINAAT": 99300.85, "YCOORDINAAT": 464351.24, "CATEGORIEWATER": "primair", "GEMEENTENAAM": "Kaag en Braassem", "POLDERNAAM": "Doespolder", "CODEPEILGEBIEDPRAKTIJK": "OR-3.18.1.1", "MAXCAPACITEITLAATSTEMETING": null, "AFSLAGPEIL": null, "HOOFDFUNCTIE": "Poldergemaal - Lozend op boezem Rijnland", "OPMERKINGLEGGER": null, "COMPARTIMENT": "453", "LAAGSTEPEIL": null, "BREEDTEOPENING": null, "TYPEWATERKERNDECONSTRUCTIE": null, "BETREEDBAARHEID": null, "INDICATIENOODSTROOM": null, "LONGITUDE": 4.57311311, "LATITUDE": 52.16450949, "CODECOMPLEX": null, "OBJECTID2": 82}}, {"type": "Feature", "id": 83, "geometry": {"type": "Point", "coordinates": [104173.99199999869, 462561.30900000036]}, "properties": {"ONTWERPCAPACITEIT": null, "AANTALDOORSTROOMOPENINGEN": null, "ORACLE_OBJECTID": 7830, "CODE": "039-036-00021", "JAARVANAANLEG": 1983, "OPMERKING": "Capaciteit gemaal op basis van debietmeting in 2017", "GEWOONONDERHOUD": "RIJNLAND", "BUITENGEWOONONDERHOUD": "RIJNLAND", "INWINNENDEINSTANTIE": "Hoogheemraadschap van Rijnland", "METENDEINSTANTIE": null, "INWINNINGSMETHODE": "digitaliseren", "DIMENSIE": "2D", "NAUWKEURIGHEIDXY": null, "NAUWKEURIGHEIDZ": null, "DATUMINWINNING": 0, "GEOKPOBJECTID": 478, "LAST_EDITED_DATE": 1783360875000, "ONTHEFFING": null, "NAAM": "Gemaal Polder Gnephoek", "STATUSOBJECT": "gerealiseerd", "STATUSLEGGERWATERSYSTEEM": "Vastgesteld", "STATUSLEGGERWATERVEILIGHEID": null, "AARDLEGGERWIJZIGING": null, "FUNCTIEGEMAAL": "Afvoeren", "SOORTGEMAAL": "vijzelgemaal", "AANTALPOMPEN": 0, "INDICATIEWATERKEREND": "Ja", "KERENDEHOOGTE": -0.72, "MAXIMALECAPACITEIT": 19.94, "RICHTING": 0, "HYPERLINK": null, "HIJSVOORZIENING": null, "INDICATIEHERKENBAARHEID": null, "INDICATIEMONUMENT": null, "PRIMAIREAANDRIJVING": "electrisch", "DOSSIERCODE": null, "BEDIENING": "RIJNLAND", "ADRES": "s-Molenaarspad 1 , naast", "POSTCODE": "2401NZ", "PLAATS": "ALPHEN AAN DEN RIJN", "HYPERLINKFOTO1": null, "HYPERLINKFOTO2": null, "XCOORDINAAT": 104173.99, "YCOORDINAAT": 462561.31, "CATEGORIEWATER": "primair", "GEMEENTENAAM": "Alphen aan den Rijn", "POLDERNAAM": "Polder Gnephoek", "CODEPEILGEBIEDPRAKTIJK": "OR-3.21.1.1", "MAXCAPACITEITLAATSTEMETING": null, "AFSLAGPEIL": null, "HOOFDFUNCTIE": "Poldergemaal - Lozend op boezem Rijnland", "OPMERKINGLEGGER": null, "COMPARTIMENT": "432", "LAAGSTEPEIL": null, "BREEDTEOPENING": null, "TYPEWATERKERNDECONSTRUCTIE": null, "BETREEDBAARHEID": null, "INDICATIENOODSTROOM": null, "LONGITUDE": 4.64459989, "LATITUDE": 52.1488927, "CODECOMPLEX": null, "OBJECTID2": 83}}, {"type": "Feature", "id": 84, "geometry": {"type": "Point", "coordinates": [103483.05999999866, 462515.66699999943]}, "properties": {"ONTWERPCAPACITEIT": null, "AANTALDOORSTROOMOPENINGEN": null, "ORACLE_OBJECTID": 7831, "CODE": "039-036-00022", "JAARVANAANLEG": null, "OPMERKING": "Gemaal wordt vervangen door 039-036-00023 (Bron Simone Verkooijen - 2017); Gemaal is uit scope gehaald (Bron Simone Verkooijen - 2020); Capaciteit gemaal op basis van debietmeting in 2017", "GEWOONONDERHOUD": "RIJNLAND", "BUITENGEWOONONDERHOUD": "RIJNLAND", "INWINNENDEINSTANTIE": "Hoogheemraadschap van Rijnland", "METENDEINSTANTIE": null, "INWINNINGSMETHODE": "digitaliseren", "DIMENSIE": "2D", "NAUWKEURIGHEIDXY": null, "NAUWKEURIGHEIDZ": null, "DATUMINWINNING": 0, "GEOKPOBJECTID": 479, "LAST_EDITED_DATE": 1783360875000, "ONTHEFFING": null, "NAAM": "Vakgemaal Polder Gnephoek", "STATUSOBJECT": "gerealiseerd", "STATUSLEGGERWATERSYSTEEM": "Niet van toepassing", "STATUSLEGGERWATERVEILIGHEID": null, "AARDLEGGERWIJZIGING": null, "FUNCTIEGEMAAL": "Afvoeren", "SOORTGEMAAL": "schroef- of axiaalpomp", "AANTALPOMPEN": 0, "INDICATIEWATERKEREND": "Nee", "KERENDEHOOGTE": 0, "MAXIMALECAPACITEIT": 0.82, "RICHTING": 0, "HYPERLINK": null, "HIJSVOORZIENING": null, "INDICATIEHERKENBAARHEID": null, "INDICATIEMONUMENT": null, "PRIMAIREAANDRIJVING": "electrisch", "DOSSIERCODE": null, "BEDIENING": "RIJNLAND", "ADRES": "Gnephoek 30 , achter; 900 meter in weiland", "POSTCODE": "2401LP", "PLAATS": "ALPHEN AAN DEN RIJN", "HYPERLINKFOTO1": null, "HYPERLINKFOTO2": null, "XCOORDINAAT": 103483.06, "YCOORDINAAT": 462515.67, "CATEGORIEWATER": "primair", "GEMEENTENAAM": "Alphen aan den Rijn", "POLDERNAAM": "Polder Gnephoek", "CODEPEILGEBIEDPRAKTIJK": "OR-3.21.2.1", "MAXCAPACITEITLAATSTEMETING": null, "AFSLAGPEIL": null, "HOOFDFUNCTIE": "Vakgemaal", "OPMERKINGLEGGER": null, "COMPARTIMENT": "432", "LAAGSTEPEIL": null, "BREEDTEOPENING": null, "TYPEWATERKERNDECONSTRUCTIE": null, "BETREEDBAARHEID": null, "INDICATIENOODSTROOM": null, "LONGITUDE": 4.63451263, "LATITUDE": 52.14841853, "CODECOMPLEX": null, "OBJECTID2": 84}}, {"type": "Feature", "id": 90, "geometry": {"type": "Point", "coordinates": [104997.43100000173, 453475.93499999866]}, "properties": {"ONTWERPCAPACITEIT": null, "AANTALDOORSTROOMOPENINGEN": null, "ORACLE_OBJECTID": 7851, "CODE": "155-036-00023", "JAARVANAANLEG": null, "OPMERKING": null, "GEWOONONDERHOUD": "RIJNLAND", "BUITENGEWOONONDERHOUD": "RIJNLAND", "INWINNENDEINSTANTIE": "Hoogheemraadschap van Rijnland", "METENDEINSTANTIE": null, "INWINNINGSMETHODE": "digitaliseren", "DIMENSIE": "2D", "NAUWKEURIGHEIDXY": null, "NAUWKEURIGHEIDZ": null, "DATUMINWINNING": 0, "GEOKPOBJECTID": 175, "LAST_EDITED_DATE": 1783360875000, "ONTHEFFING": "V36720", "NAAM": "Gemaal De Oude Vliet", "STATUSOBJECT": "gerealiseerd", "STATUSLEGGERWATERSYSTEEM": "Vastgesteld", "STATUSLEGGERWATERVEILIGHEID": null, "AARDLEGGERWIJZIGING": null, "FUNCTIEGEMAAL": "Afvoeren", "SOORTGEMAAL": "onbekend", "AANTALPOMPEN": 0, "INDICATIEWATERKEREND": "Ja", "KERENDEHOOGTE": 0, "MAXIMALECAPACITEIT": 19.8, "RICHTING": 0, "HYPERLINK": null, "HIJSVOORZIENING": null, "INDICATIEHERKENBAARHEID": null, "INDICATIEMONUMENT": null, "PRIMAIREAANDRIJVING": "electrisch", "DOSSIERCODE": null, "BEDIENING": "RIJNLAND", "ADRES": "Zuidkade 101 , voor", "POSTCODE": "2771DS", "PLAATS": "BOSKOOP", "HYPERLINKFOTO1": null, "HYPERLINKFOTO2": null, "XCOORDINAAT": 104997.43, "YCOORDINAAT": 453475.93, "CATEGORIEWATER": "primair", "GEMEENTENAAM": "Alphen aan den Rijn", "POLDERNAAM": "Voorofschepolder", "CODEPEILGEBIEDPRAKTIJK": "WW-42A", "MAXCAPACITEITLAATSTEMETING": null, "AFSLAGPEIL": null, "HOOFDFUNCTIE": "Poldergemaal - Lozend op boezem Rijnland", "OPMERKINGLEGGER": null, "COMPARTIMENT": "443", "LAAGSTEPEIL": null, "BREEDTEOPENING": null, "TYPEWATERKERNDECONSTRUCTIE": null, "BETREEDBAARHEID": null, "INDICATIENOODSTROOM": null, "LONGITUDE": 4.65796338, "LATITUDE": 52.06731387, "CODECOMPLEX": null, "OBJECTID2": 90}}, {"type": "Feature", "id": 91, "geometry": {"type": "Point", "coordinates": [110165.87700000033, 455099.4930000007]}, "properties": {"ONTWERPCAPACITEIT": null, "AANTALDOORSTROOMOPENINGEN": null, "ORACLE_OBJECTID": 7853, "CODE": "020-036-00025", "JAARVANAANLEG": null, "OPMERKING": "Flygt propellerpompen, pomp 1 = 20 m3/min,  pomp 2 = 20 m3/min, pomp 3 = 20 m3/min,", "GEWOONONDERHOUD": "RIJNLAND", "BUITENGEWOONONDERHOUD": "RIJNLAND", "INWINNENDEINSTANTIE": "Hoogheemraadschap van Rijnland", "METENDEINSTANTIE": null, "INWINNINGSMETHODE": "digitaliseren", "DIMENSIE": "2D", "NAUWKEURIGHEIDXY": null, "NAUWKEURIGHEIDZ": null, "DATUMINWINNING": 0, "GEOKPOBJECTID": 774, "LAST_EDITED_DATE": 1783403167000, "ONTHEFFING": null, "NAAM": "Inlaatgemaal Vlietkade", "STATUSOBJECT": "gerealiseerd", "STATUSLEGGERWATERSYSTEEM": "Vastgesteld", "STATUSLEGGERWATERVEILIGHEID": null, "AARDLEGGERWIJZIGING": null, "FUNCTIEGEMAAL": "Afvoeren", "SOORTGEMAAL": "schroef- of axiaalpomp", "AANTALPOMPEN": 0, "INDICATIEWATERKEREND": "Nee", "KERENDEHOOGTE": 0, "MAXIMALECAPACITEIT": 60, "RICHTING": 0, "HYPERLINK": null, "HIJSVOORZIENING": null, "INDICATIEHERKENBAARHEID": null, "INDICATIEMONUMENT": null, "PRIMAIREAANDRIJVING": "electrisch", "DOSSIERCODE": null, "BEDIENING": "RIJNLAND", "ADRES": "Vlietkade 51 , naast", "POSTCODE": "2411BZ", "PLAATS": "BODEGRAVEN", "HYPERLINKFOTO1": null, "HYPERLINKFOTO2": null, "XCOORDINAAT": 110165.88, "YCOORDINAAT": 455099.49, "CATEGORIEWATER": "primair", "GEMEENTENAAM": "Bodegraven-Reeuwijk", "POLDERNAAM": "Binnenpolder (Bodegraven)", "CODEPEILGEBIEDPRAKTIJK": "WW-27A", "MAXCAPACITEITLAATSTEMETING": null, "AFSLAGPEIL": null, "HOOFDFUNCTIE": "Inlaatgemaal", "OPMERKINGLEGGER": null, "COMPARTIMENT": "439", "LAAGSTEPEIL": null, "BREEDTEOPENING": null, "TYPEWATERKERNDECONSTRUCTIE": null, "BETREEDBAARHEID": null, "INDICATIENOODSTROOM": null, "LONGITUDE": 4.733122, "LATITUDE": 52.08234811, "CODECOMPLEX": null, "OBJECTID2": 91}}, {"type": "Feature", "id": 92, "geometry": {"type": "Point", "coordinates": [96358.1827000007, 454243.4483000003]}, "properties": {"ONTWERPCAPACITEIT": null, "AANTALDOORSTROOMOPENINGEN": null, "ORACLE_OBJECTID": 7861, "CODE": "431-036-00022", "JAARVANAANLEG": null, "OPMERKING": "Inlaatgemaal naar de Zoetermeerse Tussenboezem. Gemaal is in 2026 met vergunning 4656 gerenoveerd. Nazorgperiode loopt tot 25 maart 2027. Het beheer, (groen)onderhoud en storingsafhandeling ligt bij Rijnland. Eventuele gebreken, die zijn toe te reken", "GEWOONONDERHOUD": "RIJNLAND", "BUITENGEWOONONDERHOUD": "RIJNLAND", "INWINNENDEINSTANTIE": "Hoogheemraadschap van Rijnland", "METENDEINSTANTIE": null, "INWINNINGSMETHODE": "digitaliseren", "DIMENSIE": "2D", "NAUWKEURIGHEIDXY": null, "NAUWKEURIGHEIDZ": null, "DATUMINWINNING": 1695859200000, "GEOKPOBJECTID": 17617, "LAST_EDITED_DATE": 1779451700000, "ONTHEFFING": "4656", "NAAM": "Inlaatgemaal Zoetermeerse Tussenboezem", "STATUSOBJECT": "gerealiseerd", "STATUSLEGGERWATERSYSTEEM": "Gewijzigd", "STATUSLEGGERWATERVEILIGHEID": null, "AARDLEGGERWIJZIGING": "nieuw kunstwerk. op basis van vergunning 2025", "FUNCTIEGEMAAL": "Aanvoergemaal", "SOORTGEMAAL": "schroef- of axiaalpomp", "AANTALPOMPEN": 0, "INDICATIEWATERKEREND": null, "KERENDEHOOGTE": null, "MAXIMALECAPACITEIT": null, "RICHTING": 0, "HYPERLINK": null, "HIJSVOORZIENING": null, "INDICATIEHERKENBAARHEID": null, "INDICATIEMONUMENT": null, "PRIMAIREAANDRIJVING": "electrisch", "DOSSIERCODE": null, "BEDIENING": "RIJNLAND", "ADRES": null, "POSTCODE": null, "PLAATS": null, "HYPERLINKFOTO1": null, "HYPERLINKFOTO2": null, "XCOORDINAAT": 96358.18, "YCOORDINAAT": 454243.45, "CATEGORIEWATER": null, "GEMEENTENAAM": "Zoetermeer", "POLDERNAAM": "Polder de Noordplas", "CODEPEILGEBIEDPRAKTIJK": "WW-25U", "MAXCAPACITEITLAATSTEMETING": null, "AFSLAGPEIL": null, "HOOFDFUNCTIE": "Inlaatgemaal", "OPMERKINGLEGGER": null, "COMPARTIMENT": null, "LAAGSTEPEIL": null, "BREEDTEOPENING": null, "TYPEWATERKERNDECONSTRUCTIE": null, "BETREEDBAARHEID": null, "INDICATIENOODSTROOM": null, "LONGITUDE": 4.53184874, "LATITUDE": 52.07336455, "CODECOMPLEX": null, "OBJECTID2": 92}}, {"type": "Feature", "id": 108, "geometry": {"type": "Point", "coordinates": [98224.20850000158, 463726.3794]}, "properties": {"ONTWERPCAPACITEIT": null, "AANTALDOORSTROOMOPENINGEN": null, "ORACLE_OBJECTID": 5787, "CODE": "015-036-00022", "JAARVANAANLEG": 2006, "OPMERKING": "Project poldergemalen renovatie 2019, opgeleverd dec. 2022", "GEWOONONDERHOUD": "RIJNLAND", "BUITENGEWOONONDERHOUD": "RIJNLAND", "INWINNENDEINSTANTIE": "Hoogheemraadschap van Rijnland", "METENDEINSTANTIE": null, "INWINNINGSMETHODE": "digitaliseren", "DIMENSIE": "2D", "NAUWKEURIGHEIDXY": null, "NAUWKEURIGHEIDZ": null, "DATUMINWINNING": 0, "GEOKPOBJECTID": 472, "LAST_EDITED_DATE": 1783360875000, "ONTHEFFING": "V42694", "NAAM": "Gemaal Bospolder", "STATUSOBJECT": "gerealiseerd", "STATUSLEGGERWATERSYSTEEM": "Vastgesteld", "STATUSLEGGERWATERVEILIGHEID": null, "AARDLEGGERWIJZIGING": null, "FUNCTIEGEMAAL": "Afvoeren", "SOORTGEMAAL": "schroefcentrifugaal- of halfaxiaalpomp", "AANTALPOMPEN": 0, "INDICATIEWATERKEREND": "Ja", "KERENDEHOOGTE": 0, "MAXIMALECAPACITEIT": 7.2, "RICHTING": 0, "HYPERLINK": null, "HIJSVOORZIENING": null, "INDICATIEHERKENBAARHEID": null, "INDICATIEMONUMENT": null, "PRIMAIREAANDRIJVING": "electrisch", "DOSSIERCODE": null, "BEDIENING": "RIJNLAND", "ADRES": "Bospolder 9 , naast", "POSTCODE": "2353XZ", "PLAATS": "LEIDERDORP", "HYPERLINKFOTO1": "X:\\Irisdata\\Intranet\\tekeningen\\gemalen\\015-036-00022 (1).pdf", "HYPERLINKFOTO2": null, "XCOORDINAAT": 98224.21, "YCOORDINAAT": 463726.38, "CATEGORIEWATER": "primair", "GEMEENTENAAM": "Leiderdorp", "POLDERNAAM": "Bospolder", "CODEPEILGEBIEDPRAKTIJK": "OR-3.14.1.1", "MAXCAPACITEITLAATSTEMETING": null, "AFSLAGPEIL": null, "HOOFDFUNCTIE": "Poldergemaal - Lozend op boezem Rijnland", "OPMERKINGLEGGER": null, "COMPARTIMENT": "453", "LAAGSTEPEIL": null, "BREEDTEOPENING": null, "TYPEWATERKERNDECONSTRUCTIE": null, "BETREEDBAARHEID": null, "INDICATIENOODSTROOM": null, "LONGITUDE": 4.55748302, "LATITUDE": 52.15878418, "CODECOMPLEX": null, "OBJECTID2": 108}}, {"type": "Feature", "id": 121, "geometry": {"type": "Point", "coordinates": [109173.33900000155, 456108.1400000006]}, "properties": {"ONTWERPCAPACITEIT": null, "AANTALDOORSTROOMOPENINGEN": null, "ORACLE_OBJECTID": 5700, "CODE": "020-036-00024", "JAARVANAANLEG": null, "OPMERKING": null, "GEWOONONDERHOUD": "RIJNLAND", "BUITENGEWOONONDERHOUD": "RIJNLAND", "INWINNENDEINSTANTIE": "Hoogheemraadschap van Rijnland", "METENDEINSTANTIE": null, "INWINNINGSMETHODE": "digitaliseren", "DIMENSIE": "2D", "NAUWKEURIGHEIDXY": null, "NAUWKEURIGHEIDZ": null, "DATUMINWINNING": 0, "GEOKPOBJECTID": 954, "LAST_EDITED_DATE": 1783360875000, "ONTHEFFING": null, "NAAM": "Vakgemaal Binnenpolder - Onderwater", "STATUSOBJECT": "gerealiseerd", "STATUSLEGGERWATERSYSTEEM": "Vastgesteld", "STATUSLEGGERWATERVEILIGHEID": null, "AARDLEGGERWIJZIGING": null, "FUNCTIEGEMAAL": "Afvoeren", "SOORTGEMAAL": "vijzelgemaal", "AANTALPOMPEN": 0, "INDICATIEWATERKEREND": "Nee", "KERENDEHOOGTE": null, "MAXIMALECAPACITEIT": 3, "RICHTING": 0, "HYPERLINK": null, "HIJSVOORZIENING": null, "INDICATIEHERKENBAARHEID": null, "INDICATIEMONUMENT": null, "PRIMAIREAANDRIJVING": "electrisch", "DOSSIERCODE": null, "BEDIENING": "RIJNLAND", "ADRES": "J.C. Hoogendoornlaan 10 , naast", "POSTCODE": "2411NB", "PLAATS": "BODEGRAVEN", "HYPERLINKFOTO1": null, "HYPERLINKFOTO2": null, "XCOORDINAAT": 109173.34, "YCOORDINAAT": 456108.14, "CATEGORIEWATER": "overig", "GEMEENTENAAM": "Bodegraven-Reeuwijk", "POLDERNAAM": "Binnenpolder (Bodegraven)", "CODEPEILGEBIEDPRAKTIJK": "WW-27E", "MAXCAPACITEITLAATSTEMETING": null, "AFSLAGPEIL": null, "HOOFDFUNCTIE": "Vakgemaal", "OPMERKINGLEGGER": null, "COMPARTIMENT": "439", "LAAGSTEPEIL": null, "BREEDTEOPENING": null, "TYPEWATERKERNDECONSTRUCTIE": null, "BETREEDBAARHEID": null, "INDICATIENOODSTROOM": null, "LONGITUDE": 4.71850736, "LATITUDE": 52.09133211, "CODECOMPLEX": null, "OBJECTID2": 121}}, {"type": "Feature", "id": 136, "geometry": {"type": "Point", "coordinates": [104234.54800000042, 455589.0549999997]}, "properties": {"ONTWERPCAPACITEIT": null, "AANTALDOORSTROOMOPENINGEN": null, "ORACLE_OBJECTID": 5750, "CODE": "077-036-00021", "JAARVANAANLEG": 1915, "OPMERKING": "Krooshekreiniger geplaatst in 2011; Capaciteit gemaal op basis van debietmeting in 2013", "GEWOONONDERHOUD": "RIJNLAND", "BUITENGEWOONONDERHOUD": "RIJNLAND", "INWINNENDEINSTANTIE": "Hoogheemraadschap van Rijnland", "METENDEINSTANTIE": null, "INWINNINGSMETHODE": "digitaliseren", "DIMENSIE": "2D", "NAUWKEURIGHEIDXY": null, "NAUWKEURIGHEIDZ": null, "DATUMINWINNING": 0, "GEOKPOBJECTID": 927, "LAST_EDITED_DATE": 1783360875000, "ONTHEFFING": null, "NAAM": "Gemaal Laag Boskoop", "STATUSOBJECT": "gerealiseerd", "STATUSLEGGERWATERSYSTEEM": "Vastgesteld", "STATUSLEGGERWATERVEILIGHEID": null, "AARDLEGGERWIJZIGING": null, "FUNCTIEGEMAAL": "Afvoeren", "SOORTGEMAAL": "schroef- of axiaalpomp", "AANTALPOMPEN": 0, "INDICATIEWATERKEREND": "Ja", "KERENDEHOOGTE": 0, "MAXIMALECAPACITEIT": 95.7, "RICHTING": 0, "HYPERLINK": null, "HIJSVOORZIENING": null, "INDICATIEHERKENBAARHEID": null, "INDICATIEMONUMENT": null, "PRIMAIREAANDRIJVING": "electrisch", "DOSSIERCODE": null, "BEDIENING": "RIJNLAND", "ADRES": "Otweg 23 , naast", "POSTCODE": "2771VX", "PLAATS": "BOSKOOP", "HYPERLINKFOTO1": "X:\\Irisdata\\Intranet\\fotos\\gemalen\\WW-2301_F4.jpg", "HYPERLINKFOTO2": "X:\\Irisdata\\Intranet\\fotos\\gemalen\\WW-2301_F7.jpg", "XCOORDINAAT": 104234.55, "YCOORDINAAT": 455589.05, "CATEGORIEWATER": "primair", "GEMEENTENAAM": "Alphen aan den Rijn", "POLDERNAAM": "Polder Laag Boskoop", "CODEPEILGEBIEDPRAKTIJK": "WW-23A", "MAXCAPACITEITLAATSTEMETING": null, "AFSLAGPEIL": null, "HOOFDFUNCTIE": "Poldergemaal - Lozend op boezem Rijnland", "OPMERKINGLEGGER": null, "COMPARTIMENT": "443", "LAAGSTEPEIL": null, "BREEDTEOPENING": null, "TYPEWATERKERNDECONSTRUCTIE": null, "BETREEDBAARHEID": null, "INDICATIENOODSTROOM": null, "LONGITUDE": 4.64652398, "LATITUDE": 52.08623602, "CODECOMPLEX": null, "OBJECTID2": 136}}, {"type": "Feature", "id": 140, "geometry": {"type": "Point", "coordinates": [104109.91200000048, 463663.44999999925]}, "properties": {"ONTWERPCAPACITEIT": null, "AANTALDOORSTROOMOPENINGEN": null, "ORACLE_OBJECTID": 5877, "CODE": "150-036-00021", "JAARVANAANLEG": 1992, "OPMERKING": "Pomp 1 = 95,1 m3/min, pomp 2 = 95,1 m3/min.", "GEWOONONDERHOUD": "RIJNLAND", "BUITENGEWOONONDERHOUD": "RIJNLAND", "INWINNENDEINSTANTIE": "Hoogheemraadschap van Rijnland", "METENDEINSTANTIE": null, "INWINNINGSMETHODE": "digitaliseren", "DIMENSIE": "2D", "NAUWKEURIGHEIDXY": null, "NAUWKEURIGHEIDZ": null, "DATUMINWINNING": 0, "GEOKPOBJECTID": 122, "LAST_EDITED_DATE": 1786600561000, "ONTHEFFING": null, "NAAM": "Gemaal Polder Vierambacht", "STATUSOBJECT": "gerealiseerd", "STATUSLEGGERWATERSYSTEEM": "Vastgesteld", "STATUSLEGGERWATERVEILIGHEID": null, "AARDLEGGERWIJZIGING": null, "FUNCTIEGEMAAL": "Afvoeren", "SOORTGEMAAL": "onbekend", "AANTALPOMPEN": 0, "INDICATIEWATERKEREND": "Ja", "KERENDEHOOGTE": 0, "MAXIMALECAPACITEIT": 190.2, "RICHTING": 0, "HYPERLINK": null, "HIJSVOORZIENING": null, "INDICATIEHERKENBAARHEID": null, "INDICATIEMONUMENT": null, "PRIMAIREAANDRIJVING": "electrisch", "DOSSIERCODE": null, "BEDIENING": "RIJNLAND", "ADRES": "Woubrugseweg 76 ", "POSTCODE": "2401LT", "PLAATS": "ALPHEN AAN DEN RIJN", "HYPERLINKFOTO1": "X:\\Irisdata\\Intranet\\fotos\\gemalen\\150-036-00021_001.jpg", "HYPERLINKFOTO2": "X:\\Irisdata\\Intranet\\fotos\\gemalen\\150-036-00021_002.jpg", "XCOORDINAAT": 104109.91, "YCOORDINAAT": 463663.45, "CATEGORIEWATER": "primair", "GEMEENTENAAM": "Alphen aan den Rijn", "POLDERNAAM": "Polder Vierambacht", "CODEPEILGEBIEDPRAKTIJK": "OR-4.06.1.1", "MAXCAPACITEITLAATSTEMETING": null, "AFSLAGPEIL": null, "HOOFDFUNCTIE": "Poldergemaal - Lozend op boezem Rijnland", "OPMERKINGLEGGER": null, "COMPARTIMENT": "445", "LAAGSTEPEIL": null, "BREEDTEOPENING": null, "TYPEWATERKERNDECONSTRUCTIE": null, "BETREEDBAARHEID": null, "INDICATIENOODSTROOM": null, "LONGITUDE": 4.6434987, "LATITUDE": 52.15879209, "CODECOMPLEX": null, "OBJECTID2": 140}}, {"type": "Feature", "id": 147, "geometry": {"type": "Point", "coordinates": [112124.87000000104, 451931.2809999995]}, "properties": {"ONTWERPCAPACITEIT": null, "AANTALDOORSTROOMOPENINGEN": null, "ORACLE_OBJECTID": 5801, "CODE": "250-036-00028", "JAARVANAANLEG": null, "OPMERKING": "Capaciteit gemaal op basis van debietmeting in 2014", "GEWOONONDERHOUD": "RIJNLAND", "BUITENGEWOONONDERHOUD": "RIJNLAND", "INWINNENDEINSTANTIE": "Hoogheemraadschap van Rijnland", "METENDEINSTANTIE": null, "INWINNINGSMETHODE": "digitaliseren", "DIMENSIE": "2D", "NAUWKEURIGHEIDXY": null, "NAUWKEURIGHEIDZ": null, "DATUMINWINNING": 0, "GEOKPOBJECTID": 205, "LAST_EDITED_DATE": 1783360875000, "ONTHEFFING": null, "NAAM": "Vakgemaal Lecksdijk", "STATUSOBJECT": "gerealiseerd", "STATUSLEGGERWATERSYSTEEM": "Vastgesteld", "STATUSLEGGERWATERVEILIGHEID": null, "AARDLEGGERWIJZIGING": null, "FUNCTIEGEMAAL": "Afvoeren", "SOORTGEMAAL": "vijzelgemaal", "AANTALPOMPEN": 0, "INDICATIEWATERKEREND": "Nee", "KERENDEHOOGTE": 0, "MAXIMALECAPACITEIT": 3.04, "RICHTING": 0, "HYPERLINK": null, "HIJSVOORZIENING": null, "INDICATIEHERKENBAARHEID": null, "INDICATIEMONUMENT": null, "PRIMAIREAANDRIJVING": "electrisch", "DOSSIERCODE": null, "BEDIENING": "RIJNLAND", "ADRES": "Lecksdijk 32 , via fietspad Abessini\u00eb 210 meter", "POSTCODE": "2811NK", "PLAATS": "REEUWIJK", "HYPERLINKFOTO1": null, "HYPERLINKFOTO2": null, "XCOORDINAAT": 112124.87, "YCOORDINAAT": 451931.28, "CATEGORIEWATER": "primair", "GEMEENTENAAM": "Bodegraven-Reeuwijk", "POLDERNAAM": "Polder Reeuwijk en Sluipwijk", "CODEPEILGEBIEDPRAKTIJK": "WW-31E", "MAXCAPACITEITLAATSTEMETING": null, "AFSLAGPEIL": null, "HOOFDFUNCTIE": "Vakgemaal", "OPMERKINGLEGGER": null, "COMPARTIMENT": "439", "LAAGSTEPEIL": null, "BREEDTEOPENING": null, "TYPEWATERKERNDECONSTRUCTIE": null, "BETREEDBAARHEID": null, "INDICATIENOODSTROOM": null, "LONGITUDE": 4.76209779, "LATITUDE": 52.05402857, "CODECOMPLEX": null, "OBJECTID2": 147}}, {"type": "Feature", "id": 153, "geometry": {"type": "Point", "coordinates": [108184.5150000006, 460809.05420000106]}, "properties": {"ONTWERPCAPACITEIT": null, "AANTALDOORSTROOMOPENINGEN": null, "ORACLE_OBJECTID": 5836, "CODE": "169-036-00035", "JAARVANAANLEG": 2019, "OPMERKING": "Gemaal is vervanging van gemaal 169-036-00026", "GEWOONONDERHOUD": "RIJNLAND", "BUITENGEWOONONDERHOUD": "RIJNLAND", "INWINNENDEINSTANTIE": "Hoogheemraadschap van Rijnland", "METENDEINSTANTIE": null, "INWINNINGSMETHODE": "digitaliseren", "DIMENSIE": "2D", "NAUWKEURIGHEIDXY": null, "NAUWKEURIGHEIDZ": null, "DATUMINWINNING": 1544572800000, "GEOKPOBJECTID": 8642, "LAST_EDITED_DATE": 1784010878000, "ONTHEFFING": null, "NAAM": "Inlaatgemaal Zuid- en Noordeinderpolder (Kassengebied 3)", "STATUSOBJECT": "gerealiseerd", "STATUSLEGGERWATERSYSTEEM": "Vastgesteld", "STATUSLEGGERWATERVEILIGHEID": null, "AARDLEGGERWIJZIGING": null, "FUNCTIEGEMAAL": "Afvoeren", "SOORTGEMAAL": "schroef- of axiaalpomp", "AANTALPOMPEN": 0, "INDICATIEWATERKEREND": "Nee", "KERENDEHOOGTE": null, "MAXIMALECAPACITEIT": null, "RICHTING": 0, "HYPERLINK": null, "HIJSVOORZIENING": null, "INDICATIEHERKENBAARHEID": null, "INDICATIEMONUMENT": null, "PRIMAIREAANDRIJVING": "electrisch", "DOSSIERCODE": null, "BEDIENING": "RIJNLAND", "ADRES": "Nieuwkoopseweg 0 , noordzijde; nabij brug over hoofdwatergang", "POSTCODE": "2445NB", "PLAATS": "AARLANDERVEEN", "HYPERLINKFOTO1": null, "HYPERLINKFOTO2": null, "XCOORDINAAT": 108184.52, "YCOORDINAAT": 460809.05, "CATEGORIEWATER": "overig", "GEMEENTENAAM": "Alphen aan den Rijn", "POLDERNAAM": "Zuid- en Noordeinderpolder", "CODEPEILGEBIEDPRAKTIJK": "OR-4.12.1.1", "MAXCAPACITEITLAATSTEMETING": null, "AFSLAGPEIL": null, "HOOFDFUNCTIE": "Inlaatgemaal", "OPMERKINGLEGGER": null, "COMPARTIMENT": "432", "LAAGSTEPEIL": null, "BREEDTEOPENING": null, "TYPEWATERKERNDECONSTRUCTIE": null, "BETREEDBAARHEID": null, "INDICATIENOODSTROOM": null, "LONGITUDE": 4.70343347, "LATITUDE": 52.13349871, "CODECOMPLEX": null, "OBJECTID2": 153}}, {"type": "Feature", "id": 167, "geometry": {"type": "Point", "coordinates": [113429.44179999828, 448488.6484000012]}, "properties": {"ONTWERPCAPACITEIT": null, "AANTALDOORSTROOMOPENINGEN": null, "ORACLE_OBJECTID": 6020, "CODE": "254-036-00025", "JAARVANAANLEG": 2014, "OPMERKING": null, "GEWOONONDERHOUD": "RIJNLAND", "BUITENGEWOONONDERHOUD": "RIJNLAND", "INWINNENDEINSTANTIE": "Hoogheemraadschap van Rijnland", "METENDEINSTANTIE": null, "INWINNINGSMETHODE": null, "DIMENSIE": "2D", "NAUWKEURIGHEIDXY": null, "NAUWKEURIGHEIDZ": null, "DATUMINWINNING": null, "GEOKPOBJECTID": 694, "LAST_EDITED_DATE": 1783403167000, "ONTHEFFING": null, "NAAM": "Inlaatgemaal Twaalfmorgen", "STATUSOBJECT": "gerealiseerd", "STATUSLEGGERWATERSYSTEEM": "Vastgesteld", "STATUSLEGGERWATERVEILIGHEID": null, "AARDLEGGERWIJZIGING": null, "FUNCTIEGEMAAL": "Afvoeren", "SOORTGEMAAL": "schroef- of axiaalpomp", "AANTALPOMPEN": 0, "INDICATIEWATERKEREND": "Nee", "KERENDEHOOGTE": 0, "MAXIMALECAPACITEIT": 0.75, "RICHTING": 0, "HYPERLINK": null, "HIJSVOORZIENING": null, "INDICATIEHERKENBAARHEID": null, "INDICATIEMONUMENT": null, "PRIMAIREAANDRIJVING": "electrisch", "DOSSIERCODE": null, "BEDIENING": "RIJNLAND", "ADRES": "Twaalfmorgen 39 , naast; 390 meter oostelijk", "POSTCODE": "2811ND", "PLAATS": "REEUWIJK", "HYPERLINKFOTO1": "X:\\Irisdata\\Intranet\\fotos\\gemalen\\254-036-00025_overzicht.jpg", "HYPERLINKFOTO2": null, "XCOORDINAAT": 113429.44, "YCOORDINAAT": 448488.65, "CATEGORIEWATER": "primair", "GEMEENTENAAM": "Bodegraven-Reeuwijk", "POLDERNAAM": "Polder Reeuwijk en Sluipwijk", "CODEPEILGEBIEDPRAKTIJK": "WW-31A (OOST)", "MAXCAPACITEITLAATSTEMETING": null, "AFSLAGPEIL": null, "HOOFDFUNCTIE": "Inlaatgemaal", "OPMERKINGLEGGER": null, "COMPARTIMENT": "467-RWS", "LAAGSTEPEIL": null, "BREEDTEOPENING": null, "TYPEWATERKERNDECONSTRUCTIE": null, "BETREEDBAARHEID": null, "INDICATIENOODSTROOM": null, "LONGITUDE": 4.78153552, "LATITUDE": 52.02318665, "CODECOMPLEX": null, "OBJECTID2": 167}}, {"type": "Feature", "id": 171, "geometry": {"type": "Point", "coordinates": [97924.56700000167, 460796.6160000004]}, "properties": {"ONTWERPCAPACITEIT": null, "AANTALDOORSTROOMOPENINGEN": null, "ORACLE_OBJECTID": 6000, "CODE": "242-036-00021", "JAARVANAANLEG": 2011, "OPMERKING": "Gemaal Hoogeveen (pomp) had code 242-036-00021. Tijdens nieuwbouw is geen nieuwe giscode aangevraagd en zijn nieuwe tek. en schema's op 242-036-00021 gezet. Om omnummering van de tek. te voorkomen is het \"oude\" gemaal op  242-036-00023 gezet.", "GEWOONONDERHOUD": "RIJNLAND", "BUITENGEWOONONDERHOUD": "RIJNLAND", "INWINNENDEINSTANTIE": "Hoogheemraadschap van Rijnland", "METENDEINSTANTIE": null, "INWINNINGSMETHODE": "digitaliseren", "DIMENSIE": "2D", "NAUWKEURIGHEIDXY": null, "NAUWKEURIGHEIDZ": null, "DATUMINWINNING": 0, "GEOKPOBJECTID": 727, "LAST_EDITED_DATE": 1785402628000, "ONTHEFFING": null, "NAAM": "Gemaal Polder Groenendijk", "STATUSOBJECT": "gerealiseerd", "STATUSLEGGERWATERSYSTEEM": "Vastgesteld", "STATUSLEGGERWATERVEILIGHEID": null, "AARDLEGGERWIJZIGING": null, "FUNCTIEGEMAAL": "Afvoeren", "SOORTGEMAAL": "vijzelgemaal", "AANTALPOMPEN": 0, "INDICATIEWATERKEREND": "Ja", "KERENDEHOOGTE": 0, "MAXIMALECAPACITEIT": 88, "RICHTING": 0, "HYPERLINK": null, "HIJSVOORZIENING": null, "INDICATIEHERKENBAARHEID": null, "INDICATIEMONUMENT": null, "PRIMAIREAANDRIJVING": "electrisch", "DOSSIERCODE": null, "BEDIENING": "RIJNLAND", "ADRES": "Groenendijksepad 1 ", "POSTCODE": "2394BZ", "PLAATS": "HAZERSWOUDE-RIJNDIJK", "HYPERLINKFOTO1": "X:\\Irisdata\\Intranet\\fotos\\gemalen\\242-036-00021_2011_1.jpg", "HYPERLINKFOTO2": null, "XCOORDINAAT": 97924.57, "YCOORDINAAT": 460796.62, "CATEGORIEWATER": "primair", "GEMEENTENAAM": "Alphen aan den Rijn", "POLDERNAAM": "Polder Groenendijk", "CODEPEILGEBIEDPRAKTIJK": "WW-09A", "MAXCAPACITEITLAATSTEMETING": null, "AFSLAGPEIL": null, "HOOFDFUNCTIE": "Poldergemaal - Lozend op boezem Rijnland", "OPMERKINGLEGGER": null, "COMPARTIMENT": "441", "LAAGSTEPEIL": null, "BREEDTEOPENING": null, "TYPEWATERKERNDECONSTRUCTIE": null, "BETREEDBAARHEID": null, "INDICATIENOODSTROOM": null, "LONGITUDE": 4.55359628, "LATITUDE": 52.13242303, "CODECOMPLEX": null, "OBJECTID2": 171}}, {"type": "Feature", "id": 176, "geometry": {"type": "Point", "coordinates": [109890.36899999902, 463699.15900000185]}, "properties": {"ONTWERPCAPACITEIT": null, "AANTALDOORSTROOMOPENINGEN": null, "ORACLE_OBJECTID": 5922, "CODE": "093-036-00021", "JAARVANAANLEG": 1894, "OPMERKING": "Renovatie in 2009; Capaciteit gemaal op basis van debietmeting in 2012, pomp 1 = 195 m3/min, pomp 2 = 195 m3/min.", "GEWOONONDERHOUD": "RIJNLAND", "BUITENGEWOONONDERHOUD": "RIJNLAND", "INWINNENDEINSTANTIE": "Hoogheemraadschap van Rijnland", "METENDEINSTANTIE": null, "INWINNINGSMETHODE": "digitaliseren", "DIMENSIE": "2D", "NAUWKEURIGHEIDXY": null, "NAUWKEURIGHEIDZ": null, "DATUMINWINNING": 0, "GEOKPOBJECTID": 148, "LAST_EDITED_DATE": 1783360875000, "ONTHEFFING": null, "NAAM": "Gemaal Polder Nieuwkoop", "STATUSOBJECT": "gerealiseerd", "STATUSLEGGERWATERSYSTEEM": "Vastgesteld", "STATUSLEGGERWATERVEILIGHEID": null, "AARDLEGGERWIJZIGING": null, "FUNCTIEGEMAAL": "Afvoeren", "SOORTGEMAAL": "schroefcentrifugaal- of halfaxiaalpomp", "AANTALPOMPEN": 0, "INDICATIEWATERKEREND": "Ja", "KERENDEHOOGTE": 0, "MAXIMALECAPACITEIT": 390, "RICHTING": 0, "HYPERLINK": null, "HIJSVOORZIENING": null, "INDICATIEHERKENBAARHEID": null, "INDICATIEMONUMENT": null, "PRIMAIREAANDRIJVING": "electrisch", "DOSSIERCODE": null, "BEDIENING": "RIJNLAND", "ADRES": "Hogedijk 8a", "POSTCODE": "2461GT", "PLAATS": "TER AAR", "HYPERLINKFOTO1": null, "HYPERLINKFOTO2": null, "XCOORDINAAT": 109890.37, "YCOORDINAAT": 463699.16, "CATEGORIEWATER": "primair", "GEMEENTENAAM": "Nieuwkoop", "POLDERNAAM": "Polder Nieuwkoop", "CODEPEILGEBIEDPRAKTIJK": "OR-4.09.1.1", "MAXCAPACITEITLAATSTEMETING": null, "AFSLAGPEIL": null, "HOOFDFUNCTIE": "Poldergemaal - Lozend op boezem Rijnland", "OPMERKINGLEGGER": null, "COMPARTIMENT": "468", "LAAGSTEPEIL": null, "BREEDTEOPENING": null, "TYPEWATERKERNDECONSTRUCTIE": null, "BETREEDBAARHEID": null, "INDICATIENOODSTROOM": null, "LONGITUDE": 4.72796354, "LATITUDE": 52.15961521, "CODECOMPLEX": null, "OBJECTID2": 176}}, {"type": "Feature", "id": 177, "geometry": {"type": "Point", "coordinates": [97188.38399999961, 459235.99500000104]}, "properties": {"ONTWERPCAPACITEIT": null, "AANTALDOORSTROOMOPENINGEN": null, "ORACLE_OBJECTID": 5923, "CODE": "242-036-00022", "JAARVANAANLEG": 1989, "OPMERKING": null, "GEWOONONDERHOUD": "RIJNLAND", "BUITENGEWOONONDERHOUD": "RIJNLAND", "INWINNENDEINSTANTIE": "Hoogheemraadschap van Rijnland", "METENDEINSTANTIE": null, "INWINNINGSMETHODE": "digitaliseren", "DIMENSIE": "2D", "NAUWKEURIGHEIDXY": null, "NAUWKEURIGHEIDZ": null, "DATUMINWINNING": 0, "GEOKPOBJECTID": 150, "LAST_EDITED_DATE": 1783403167000, "ONTHEFFING": null, "NAAM": "Inlaatgemaal De Wilck", "STATUSOBJECT": "gerealiseerd", "STATUSLEGGERWATERSYSTEEM": "Vastgesteld", "STATUSLEGGERWATERVEILIGHEID": null, "AARDLEGGERWIJZIGING": null, "FUNCTIEGEMAAL": "Afvoeren", "SOORTGEMAAL": "centrifugaal- of radiaalpomp", "AANTALPOMPEN": 0, "INDICATIEWATERKEREND": "Nee", "KERENDEHOOGTE": 0, "MAXIMALECAPACITEIT": 2, "RICHTING": 0, "HYPERLINK": null, "HIJSVOORZIENING": null, "INDICATIEHERKENBAARHEID": null, "INDICATIEMONUMENT": null, "PRIMAIREAANDRIJVING": "electrisch", "DOSSIERCODE": null, "BEDIENING": "RIJNLAND", "ADRES": "Burmadeweg 4 , tegenover; 280 meter oostelijk", "POSTCODE": "2381NZ", "PLAATS": "ZOETERWOUDE", "HYPERLINKFOTO1": null, "HYPERLINKFOTO2": null, "XCOORDINAAT": 97188.38, "YCOORDINAAT": 459236, "CATEGORIEWATER": "primair", "GEMEENTENAAM": "Alphen aan den Rijn", "POLDERNAAM": "Oostbroekpolder", "CODEPEILGEBIEDPRAKTIJK": "WW-10E", "MAXCAPACITEITLAATSTEMETING": null, "AFSLAGPEIL": null, "HOOFDFUNCTIE": "Inlaatgemaal", "OPMERKINGLEGGER": null, "COMPARTIMENT": "447", "LAAGSTEPEIL": null, "BREEDTEOPENING": null, "TYPEWATERKERNDECONSTRUCTIE": null, "BETREEDBAARHEID": null, "INDICATIENOODSTROOM": null, "LONGITUDE": 4.54311022, "LATITUDE": 52.11832097, "CODECOMPLEX": null, "OBJECTID2": 177}}, {"type": "Feature", "id": 186, "geometry": {"type": "Point", "coordinates": [100509.67700000107, 464812.0520000011]}, "properties": {"ONTWERPCAPACITEIT": null, "AANTALDOORSTROOMOPENINGEN": null, "ORACLE_OBJECTID": 5937, "CODE": "153-036-00021", "JAARVANAANLEG": 1989, "OPMERKING": "gemaal is in 2015 gerenoveerd (projectplan 14.38745); Capaciteit gemaal op basis van debietmeting in 2017", "GEWOONONDERHOUD": "RIJNLAND", "BUITENGEWOONONDERHOUD": "RIJNLAND", "INWINNENDEINSTANTIE": "Hoogheemraadschap van Rijnland", "METENDEINSTANTIE": null, "INWINNINGSMETHODE": "digitaliseren", "DIMENSIE": "2D", "NAUWKEURIGHEIDXY": null, "NAUWKEURIGHEIDZ": null, "DATUMINWINNING": 0, "GEOKPOBJECTID": 510, "LAST_EDITED_DATE": 1783360875000, "ONTHEFFING": null, "NAAM": "Gemaal Vlietpolder", "STATUSOBJECT": "gerealiseerd", "STATUSLEGGERWATERSYSTEEM": "Vastgesteld", "STATUSLEGGERWATERVEILIGHEID": null, "AARDLEGGERWIJZIGING": null, "FUNCTIEGEMAAL": "Afvoeren", "SOORTGEMAAL": "schroef- of axiaalpomp", "AANTALPOMPEN": 0, "INDICATIEWATERKEREND": "Ja", "KERENDEHOOGTE": 0, "MAXIMALECAPACITEIT": 17.29, "RICHTING": 0, "HYPERLINK": null, "HIJSVOORZIENING": null, "INDICATIEHERKENBAARHEID": null, "INDICATIEMONUMENT": null, "PRIMAIREAANDRIJVING": "electrisch", "DOSSIERCODE": null, "BEDIENING": "RIJNLAND", "ADRES": "Vlietkade 20 , naast", "POSTCODE": "2355CR", "PLAATS": "HOOGMADE", "HYPERLINKFOTO1": null, "HYPERLINKFOTO2": null, "XCOORDINAAT": 100509.68, "YCOORDINAAT": 464812.05, "CATEGORIEWATER": "primair", "GEMEENTENAAM": "Kaag en Braassem", "POLDERNAAM": "Vlietpolder", "CODEPEILGEBIEDPRAKTIJK": "OR-3.46.1.1", "MAXCAPACITEITLAATSTEMETING": null, "AFSLAGPEIL": null, "HOOFDFUNCTIE": "Poldergemaal - Lozend op boezem Rijnland", "OPMERKINGLEGGER": null, "COMPARTIMENT": "445", "LAAGSTEPEIL": null, "BREEDTEOPENING": null, "TYPEWATERKERNDECONSTRUCTIE": null, "BETREEDBAARHEID": null, "INDICATIENOODSTROOM": null, "LONGITUDE": 4.59070553, "LATITUDE": 52.16877148, "CODECOMPLEX": null, "OBJECTID2": 186}}, {"type": "Feature", "id": 187, "geometry": {"type": "Point", "coordinates": [101044.0091000013, 463777.2140999995]}, "properties": {"ONTWERPCAPACITEIT": null, "AANTALDOORSTROOMOPENINGEN": null, "ORACLE_OBJECTID": 5938, "CODE": "153-036-00022", "JAARVANAANLEG": 1994, "OPMERKING": "Gemaal wordt gereviseerd (Bron: Simone Verkooijen - 2017); Capaciteit gemaal op basis van debietmeting in 2017", "GEWOONONDERHOUD": "RIJNLAND", "BUITENGEWOONONDERHOUD": "RIJNLAND", "INWINNENDEINSTANTIE": "Hoogheemraadschap van Rijnland", "METENDEINSTANTIE": null, "INWINNINGSMETHODE": "digitaliseren", "DIMENSIE": "2D", "NAUWKEURIGHEIDXY": null, "NAUWKEURIGHEIDZ": null, "DATUMINWINNING": 0, "GEOKPOBJECTID": 511, "LAST_EDITED_DATE": 1783360875000, "ONTHEFFING": null, "NAAM": "Vakgemaal Vlietpolder 1", "STATUSOBJECT": "gerealiseerd", "STATUSLEGGERWATERSYSTEEM": "Vastgesteld", "STATUSLEGGERWATERVEILIGHEID": null, "AARDLEGGERWIJZIGING": null, "FUNCTIEGEMAAL": "Afvoeren", "SOORTGEMAAL": "schroef- of axiaalpomp", "AANTALPOMPEN": 0, "INDICATIEWATERKEREND": "Nee", "KERENDEHOOGTE": 0, "MAXIMALECAPACITEIT": 1.7, "RICHTING": 0, "HYPERLINK": null, "HIJSVOORZIENING": null, "INDICATIEHERKENBAARHEID": null, "INDICATIEMONUMENT": null, "PRIMAIREAANDRIJVING": "electrisch", "DOSSIERCODE": null, "BEDIENING": "RIJNLAND", "ADRES": "Ofwegen 13 , achter; 500 meter", "POSTCODE": "2481KA", "PLAATS": "WOUBRUGGE", "HYPERLINKFOTO1": "X:\\Irisdata\\Intranet\\tekeningen\\gemalen\\153-036-00022 (3).pdf", "HYPERLINKFOTO2": "X:\\Irisdata\\Intranet\\tekeningen\\gemalen\\153-036-00022 (4).pdf", "XCOORDINAAT": 101044.01, "YCOORDINAAT": 463777.21, "CATEGORIEWATER": "primair", "GEMEENTENAAM": "Kaag en Braassem", "POLDERNAAM": "Vlietpolder", "CODEPEILGEBIEDPRAKTIJK": "OR-3.46.2.1", "MAXCAPACITEITLAATSTEMETING": null, "AFSLAGPEIL": null, "HOOFDFUNCTIE": "Vakgemaal", "OPMERKINGLEGGER": null, "COMPARTIMENT": "445", "LAAGSTEPEIL": null, "BREEDTEOPENING": null, "TYPEWATERKERNDECONSTRUCTIE": null, "BETREEDBAARHEID": null, "INDICATIENOODSTROOM": null, "LONGITUDE": 4.59867964, "LATITUDE": 52.15952362, "CODECOMPLEX": null, "OBJECTID2": 187}}, {"type": "Feature", "id": 188, "geometry": {"type": "Point", "coordinates": [100153.59499999881, 464595.12000000104]}, "properties": {"ONTWERPCAPACITEIT": null, "AANTALDOORSTROOMOPENINGEN": null, "ORACLE_OBJECTID": 5939, "CODE": "153-036-00023", "JAARVANAANLEG": null, "OPMERKING": "Capaciteit gemaal op basis van debietmeting in 2017", "GEWOONONDERHOUD": "RIJNLAND", "BUITENGEWOONONDERHOUD": "RIJNLAND", "INWINNENDEINSTANTIE": "Hoogheemraadschap van Rijnland", "METENDEINSTANTIE": null, "INWINNINGSMETHODE": "digitaliseren", "DIMENSIE": "2D", "NAUWKEURIGHEIDXY": null, "NAUWKEURIGHEIDZ": null, "DATUMINWINNING": 0, "GEOKPOBJECTID": 512, "LAST_EDITED_DATE": 1783360875000, "ONTHEFFING": null, "NAAM": "Vakgemaal Vlietpolder 2", "STATUSOBJECT": "gerealiseerd", "STATUSLEGGERWATERSYSTEEM": "Vastgesteld", "STATUSLEGGERWATERVEILIGHEID": null, "AARDLEGGERWIJZIGING": null, "FUNCTIEGEMAAL": "Afvoeren", "SOORTGEMAAL": "schroef- of axiaalpomp", "AANTALPOMPEN": 0, "INDICATIEWATERKEREND": "Nee", "KERENDEHOOGTE": 0, "MAXIMALECAPACITEIT": 1.71, "RICHTING": 0, "HYPERLINK": null, "HIJSVOORZIENING": null, "INDICATIEHERKENBAARHEID": null, "INDICATIEMONUMENT": null, "PRIMAIREAANDRIJVING": "electrisch", "DOSSIERCODE": null, "BEDIENING": "RIJNLAND", "ADRES": "Groenwegh 2a, achter", "POSTCODE": "2355CW", "PLAATS": "HOOGMADE", "HYPERLINKFOTO1": null, "HYPERLINKFOTO2": null, "XCOORDINAAT": 100153.59, "YCOORDINAAT": 464595.12, "CATEGORIEWATER": "overig", "GEMEENTENAAM": "Kaag en Braassem", "POLDERNAAM": "Vlietpolder", "CODEPEILGEBIEDPRAKTIJK": "OR-3.46.3.1", "MAXCAPACITEITLAATSTEMETING": null, "AFSLAGPEIL": null, "HOOFDFUNCTIE": "Vakgemaal", "OPMERKINGLEGGER": null, "COMPARTIMENT": "445", "LAAGSTEPEIL": null, "BREEDTEOPENING": null, "TYPEWATERKERNDECONSTRUCTIE": null, "BETREEDBAARHEID": null, "INDICATIENOODSTROOM": null, "LONGITUDE": 4.58553611, "LATITUDE": 52.16678663, "CODECOMPLEX": null, "OBJECTID2": 188}}, {"type": "Feature", "id": 189, "geometry": {"type": "Point", "coordinates": [107962.5700000003, 461949.0329999998]}, "properties": {"ONTWERPCAPACITEIT": null, "AANTALDOORSTROOMOPENINGEN": null, "ORACLE_OBJECTID": 5941, "CODE": "230-036-00021", "JAARVANAANLEG": 1987, "OPMERKING": "<Null>", "GEWOONONDERHOUD": "RIJNLAND", "BUITENGEWOONONDERHOUD": "RIJNLAND", "INWINNENDEINSTANTIE": "Hoogheemraadschap van Rijnland", "METENDEINSTANTIE": null, "INWINNINGSMETHODE": "digitaliseren", "DIMENSIE": "2D", "NAUWKEURIGHEIDXY": null, "NAUWKEURIGHEIDZ": null, "DATUMINWINNING": 0, "GEOKPOBJECTID": 514, "LAST_EDITED_DATE": 1783360875000, "ONTHEFFING": null, "NAAM": "Gemaal Polder Oudshoorn-Zuid", "STATUSOBJECT": "gerealiseerd", "STATUSLEGGERWATERSYSTEEM": "Vastgesteld", "STATUSLEGGERWATERVEILIGHEID": null, "AARDLEGGERWIJZIGING": null, "FUNCTIEGEMAAL": "Afvoeren", "SOORTGEMAAL": "onbekend", "AANTALPOMPEN": 0, "INDICATIEWATERKEREND": "Ja", "KERENDEHOOGTE": 0, "MAXIMALECAPACITEIT": 1.8, "RICHTING": 0, "HYPERLINK": null, "HIJSVOORZIENING": null, "INDICATIEHERKENBAARHEID": null, "INDICATIEMONUMENT": null, "PRIMAIREAANDRIJVING": "electrisch", "DOSSIERCODE": null, "BEDIENING": "RIJNLAND", "ADRES": "Kromme Aarweg 5 , naast", "POSTCODE": "2403NB", "PLAATS": "ALPHEN AAN DEN RIJN", "HYPERLINKFOTO1": null, "HYPERLINKFOTO2": null, "XCOORDINAAT": 107962.57, "YCOORDINAAT": 461949.03, "CATEGORIEWATER": "primair", "GEMEENTENAAM": "Alphen aan den Rijn", "POLDERNAAM": "Polder Oudshoorn-Zuid", "CODEPEILGEBIEDPRAKTIJK": "OR-4.17.1.1", "MAXCAPACITEITLAATSTEMETING": null, "AFSLAGPEIL": null, "HOOFDFUNCTIE": "Poldergemaal - Lozend op boezem Rijnland", "OPMERKINGLEGGER": null, "COMPARTIMENT": "432", "LAAGSTEPEIL": null, "BREEDTEOPENING": null, "TYPEWATERKERNDECONSTRUCTIE": null, "BETREEDBAARHEID": null, "INDICATIENOODSTROOM": null, "LONGITUDE": 4.70003441, "LATITUDE": 52.14372535, "CODECOMPLEX": null, "OBJECTID2": 189}}, {"type": "Feature", "id": 192, "geometry": {"type": "Point", "coordinates": [98598.48900000006, 464812.1030000001]}, "properties": {"ONTWERPCAPACITEIT": null, "AANTALDOORSTROOMOPENINGEN": null, "ORACLE_OBJECTID": 5950, "CODE": "055-036-00023", "JAARVANAANLEG": 2006, "OPMERKING": "Krooshekreiniger geplaatst in 2011", "GEWOONONDERHOUD": "RIJNLAND", "BUITENGEWOONONDERHOUD": "RIJNLAND", "INWINNENDEINSTANTIE": "Hoogheemraadschap van Rijnland", "METENDEINSTANTIE": null, "INWINNINGSMETHODE": "digitaliseren", "DIMENSIE": "2D", "NAUWKEURIGHEIDXY": null, "NAUWKEURIGHEIDZ": null, "DATUMINWINNING": 0, "GEOKPOBJECTID": 824, "LAST_EDITED_DATE": 1783360875000, "ONTHEFFING": "V42340", "NAAM": "Gemaal Hoogmadesepolder-West", "STATUSOBJECT": "gerealiseerd", "STATUSLEGGERWATERSYSTEEM": "Vastgesteld", "STATUSLEGGERWATERVEILIGHEID": null, "AARDLEGGERWIJZIGING": null, "FUNCTIEGEMAAL": "Afvoeren", "SOORTGEMAAL": "schroef- of axiaalpomp", "AANTALPOMPEN": 0, "INDICATIEWATERKEREND": "Ja", "KERENDEHOOGTE": 0, "MAXIMALECAPACITEIT": 10.02, "RICHTING": 0, "HYPERLINK": null, "HIJSVOORZIENING": null, "INDICATIEHERKENBAARHEID": null, "INDICATIEMONUMENT": null, "PRIMAIREAANDRIJVING": "electrisch", "DOSSIERCODE": null, "BEDIENING": "RIJNLAND", "ADRES": "Blauwemolenweg 0 , naast Zuidzijdervaart", "POSTCODE": "2375LZ", "PLAATS": "HOOGMADE", "HYPERLINKFOTO1": "X:\\Irisdata\\Intranet\\fotos\\gemalen\\055-036-00023_001.JPG", "HYPERLINKFOTO2": null, "XCOORDINAAT": 98598.49, "YCOORDINAAT": 464812.1, "CATEGORIEWATER": "primair", "GEMEENTENAAM": "Kaag en Braassem", "POLDERNAAM": "Hoogmadesepolder", "CODEPEILGEBIEDPRAKTIJK": "OR-3.27.2.1", "MAXCAPACITEITLAATSTEMETING": null, "AFSLAGPEIL": null, "HOOFDFUNCTIE": "Poldergemaal - Lozend op boezem Rijnland", "OPMERKINGLEGGER": null, "COMPARTIMENT": "453", "LAAGSTEPEIL": null, "BREEDTEOPENING": null, "TYPEWATERKERNDECONSTRUCTIE": null, "BETREEDBAARHEID": null, "INDICATIENOODSTROOM": null, "LONGITUDE": 4.56277195, "LATITUDE": 52.16858009, "CODECOMPLEX": null, "OBJECTID2": 192}}, {"type": "Feature", "id": 193, "geometry": {"type": "Point", "coordinates": [105117.40740000084, 453527.89930000156]}, "properties": {"ONTWERPCAPACITEIT": null, "AANTALDOORSTROOMOPENINGEN": 2, "ORACLE_OBJECTID": 5956, "CODE": "241-036-00021", "JAARVANAANLEG": 1964, "OPMERKING": "Project poldergemalen vervanging 2019+2020, beide pompen gereviseerd (2022) ; Capaciteit gemaal op basis van debietmeting in 2011, pomp 1 = 122,6 m3/min, pomp 2 = 107,1 m3/min.", "GEWOONONDERHOUD": "RIJNLAND", "BUITENGEWOONONDERHOUD": "RIJNLAND", "INWINNENDEINSTANTIE": "Hoogheemraadschap van Rijnland", "METENDEINSTANTIE": null, "INWINNINGSMETHODE": "digitaliseren", "DIMENSIE": "2D", "NAUWKEURIGHEIDXY": null, "NAUWKEURIGHEIDZ": null, "DATUMINWINNING": 0, "GEOKPOBJECTID": 185, "LAST_EDITED_DATE": 1783360875000, "ONTHEFFING": null, "NAAM": "Gemaal Th. Brans", "STATUSOBJECT": "gerealiseerd", "STATUSLEGGERWATERSYSTEEM": "Vastgesteld", "STATUSLEGGERWATERVEILIGHEID": null, "AARDLEGGERWIJZIGING": null, "FUNCTIEGEMAAL": "Afvoeren", "SOORTGEMAAL": "schroef- of axiaalpomp", "AANTALPOMPEN": 0, "INDICATIEWATERKEREND": "Ja", "KERENDEHOOGTE": 0, "MAXIMALECAPACITEIT": 229.7, "RICHTING": 0, "HYPERLINK": null, "HIJSVOORZIENING": null, "INDICATIEHERKENBAARHEID": null, "INDICATIEMONUMENT": null, "PRIMAIREAANDRIJVING": "electrisch", "DOSSIERCODE": null, "BEDIENING": "RIJNLAND", "ADRES": "Den Ham 39 ", "POSTCODE": "2771WV", "PLAATS": "BOSKOOP", "HYPERLINKFOTO1": "X:\\Irisdata\\Intranet\\tekeningen\\gemalen\\241-036-00021 (1).pdf", "HYPERLINKFOTO2": null, "XCOORDINAAT": 105117.41, "YCOORDINAAT": 453527.9, "CATEGORIEWATER": "primair", "GEMEENTENAAM": "Alphen aan den Rijn", "POLDERNAAM": "Gouwepolder", "CODEPEILGEBIEDPRAKTIJK": "WW-28A", "MAXCAPACITEITLAATSTEMETING": null, "AFSLAGPEIL": null, "HOOFDFUNCTIE": "Poldergemaal - Lozend op boezem Rijnland", "OPMERKINGLEGGER": null, "COMPARTIMENT": "443", "LAAGSTEPEIL": null, "BREEDTEOPENING": null, "TYPEWATERKERNDECONSTRUCTIE": null, "BETREEDBAARHEID": "ja", "INDICATIENOODSTROOM": null, "LONGITUDE": 4.65970539, "LATITUDE": 52.06779172, "CODECOMPLEX": null, "OBJECTID2": 193}}, {"type": "Feature", "id": 197, "geometry": {"type": "Point", "coordinates": [101225.6884999983, 458829.91149999946]}, "properties": {"ONTWERPCAPACITEIT": null, "AANTALDOORSTROOMOPENINGEN": null, "ORACLE_OBJECTID": 5966, "CODE": "129-036-00021", "JAARVANAANLEG": 2023, "OPMERKING": "Project poldergemalen 2019 + 2020 (is in 2023 vervangen op dezelfde locatie)", "GEWOONONDERHOUD": "RIJNLAND", "BUITENGEWOONONDERHOUD": "RIJNLAND", "INWINNENDEINSTANTIE": "Hoogheemraadschap van Rijnland", "METENDEINSTANTIE": null, "INWINNINGSMETHODE": "digitaliseren", "DIMENSIE": "2D", "NAUWKEURIGHEIDXY": null, "NAUWKEURIGHEIDZ": null, "DATUMINWINNING": 0, "GEOKPOBJECTID": 162, "LAST_EDITED_DATE": 1783360875000, "ONTHEFFING": null, "NAAM": "Gemaal Rhijnenburg", "STATUSOBJECT": "gerealiseerd", "STATUSLEGGERWATERSYSTEEM": "Vastgesteld", "STATUSLEGGERWATERVEILIGHEID": null, "AARDLEGGERWIJZIGING": null, "FUNCTIEGEMAAL": "Afvoeren", "SOORTGEMAAL": "vijzelgemaal", "AANTALPOMPEN": 0, "INDICATIEWATERKEREND": "Ja", "KERENDEHOOGTE": -0.58, "MAXIMALECAPACITEIT": 64.98, "RICHTING": 0, "HYPERLINK": null, "HIJSVOORZIENING": null, "INDICATIEHERKENBAARHEID": null, "INDICATIEMONUMENT": null, "PRIMAIREAANDRIJVING": "electrisch", "DOSSIERCODE": null, "BEDIENING": "RIJNLAND", "ADRES": "Galgweg 6 , naast", "POSTCODE": "2391MV", "PLAATS": "HAZERSWOUDE-DORP", "HYPERLINKFOTO1": "X:\\Irisdata\\Intranet\\tekeningen\\gemalen\\129-036-00021 (2).pdf", "HYPERLINKFOTO2": "X:\\Irisdata\\Intranet\\tekeningen\\gemalen\\129-036-00021 (1).pdf", "XCOORDINAAT": 101225.69, "YCOORDINAAT": 458829.91, "CATEGORIEWATER": "primair", "GEMEENTENAAM": "Alphen aan den Rijn", "POLDERNAAM": "Rhijnenburgerpolder", "CODEPEILGEBIEDPRAKTIJK": "WW-19A", "MAXCAPACITEITLAATSTEMETING": null, "AFSLAGPEIL": null, "HOOFDFUNCTIE": "Poldergemaal - Lozend op boezem Rijnland", "OPMERKINGLEGGER": null, "COMPARTIMENT": "443", "LAAGSTEPEIL": null, "BREEDTEOPENING": null, "TYPEWATERKERNDECONSTRUCTIE": null, "BETREEDBAARHEID": "ja", "INDICATIENOODSTROOM": null, "LONGITUDE": 4.60211655, "LATITUDE": 52.11507859, "CODECOMPLEX": null, "OBJECTID2": 197}}, {"type": "Feature", "id": 198, "geometry": {"type": "Point", "coordinates": [100060.39699999988, 459271.8139999993]}, "properties": {"ONTWERPCAPACITEIT": null, "AANTALDOORSTROOMOPENINGEN": null, "ORACLE_OBJECTID": 5968, "CODE": "129-036-00023", "JAARVANAANLEG": null, "OPMERKING": "Gemaal wordt gereviseerd (Bron: Simone Verkooijen - 2017)", "GEWOONONDERHOUD": "RIJNLAND", "BUITENGEWOONONDERHOUD": "RIJNLAND", "INWINNENDEINSTANTIE": "Hoogheemraadschap van Rijnland", "METENDEINSTANTIE": null, "INWINNINGSMETHODE": "digitaliseren", "DIMENSIE": "2D", "NAUWKEURIGHEIDXY": null, "NAUWKEURIGHEIDZ": null, "DATUMINWINNING": 0, "GEOKPOBJECTID": 163, "LAST_EDITED_DATE": 1783403167000, "ONTHEFFING": null, "NAAM": "Inlaatgemaal Lodewijksvaart", "STATUSOBJECT": "gerealiseerd", "STATUSLEGGERWATERSYSTEEM": "Vastgesteld", "STATUSLEGGERWATERVEILIGHEID": null, "AARDLEGGERWIJZIGING": null, "FUNCTIEGEMAAL": "Afvoeren", "SOORTGEMAAL": "schroef- of axiaalpomp", "AANTALPOMPEN": 0, "INDICATIEWATERKEREND": "Ja", "KERENDEHOOGTE": 0, "MAXIMALECAPACITEIT": 2, "RICHTING": 0, "HYPERLINK": null, "HIJSVOORZIENING": null, "INDICATIEHERKENBAARHEID": null, "INDICATIEMONUMENT": null, "PRIMAIREAANDRIJVING": "electrisch", "DOSSIERCODE": null, "BEDIENING": "RIJNLAND", "ADRES": "Gemeneweg 24 , 350 meter noordelijk", "POSTCODE": "2391NB", "PLAATS": "HAZERSWOUDE-DORP", "HYPERLINKFOTO1": null, "HYPERLINKFOTO2": null, "XCOORDINAAT": 100060.4, "YCOORDINAAT": 459271.81, "CATEGORIEWATER": "overig", "GEMEENTENAAM": "Alphen aan den Rijn", "POLDERNAAM": "Rhijnenburgerpolder", "CODEPEILGEBIEDPRAKTIJK": "WW-19A", "MAXCAPACITEITLAATSTEMETING": null, "AFSLAGPEIL": null, "HOOFDFUNCTIE": "Inlaatgemaal", "OPMERKINGLEGGER": null, "COMPARTIMENT": "443", "LAAGSTEPEIL": null, "BREEDTEOPENING": null, "TYPEWATERKERNDECONSTRUCTIE": null, "BETREEDBAARHEID": null, "INDICATIENOODSTROOM": null, "LONGITUDE": 4.58503397, "LATITUDE": 52.11893559, "CODECOMPLEX": null, "OBJECTID2": 198}}, {"type": "Feature", "id": 199, "geometry": {"type": "Point", "coordinates": [102626.58999999985, 460204.9149999991]}, "properties": {"ONTWERPCAPACITEIT": null, "AANTALDOORSTROOMOPENINGEN": null, "ORACLE_OBJECTID": 5972, "CODE": "239-036-00021", "JAARVANAANLEG": null, "OPMERKING": null, "GEWOONONDERHOUD": "RIJNLAND", "BUITENGEWOONONDERHOUD": "RIJNLAND", "INWINNENDEINSTANTIE": "Hoogheemraadschap van Rijnland", "METENDEINSTANTIE": null, "INWINNINGSMETHODE": "digitaliseren", "DIMENSIE": "2D", "NAUWKEURIGHEIDXY": null, "NAUWKEURIGHEIDZ": null, "DATUMINWINNING": 0, "GEOKPOBJECTID": 165, "LAST_EDITED_DATE": 1785402628000, "ONTHEFFING": null, "NAAM": "Gemaal Alpherhoorn", "STATUSOBJECT": "gerealiseerd", "STATUSLEGGERWATERSYSTEEM": "Vastgesteld", "STATUSLEGGERWATERVEILIGHEID": null, "AARDLEGGERWIJZIGING": null, "FUNCTIEGEMAAL": "Afvoeren", "SOORTGEMAAL": "schroef- of axiaalpomp", "AANTALPOMPEN": 0, "INDICATIEWATERKEREND": "Ja", "KERENDEHOOGTE": 0, "MAXIMALECAPACITEIT": 140, "RICHTING": 0, "HYPERLINK": null, "HIJSVOORZIENING": null, "INDICATIEHERKENBAARHEID": null, "INDICATIEMONUMENT": null, "PRIMAIREAANDRIJVING": "electrisch", "DOSSIERCODE": null, "BEDIENING": "RIJNLAND", "ADRES": "Kruiskade 3 ", "POSTCODE": "2394CM", "PLAATS": "HAZERSWOUDE-RIJNDIJK", "HYPERLINKFOTO1": null, "HYPERLINKFOTO2": null, "XCOORDINAAT": 102626.59, "YCOORDINAAT": 460204.91, "CATEGORIEWATER": "primair", "GEMEENTENAAM": "Alphen aan den Rijn", "POLDERNAAM": "Polder Alpherhoorn", "CODEPEILGEBIEDPRAKTIJK": "WW-21A", "MAXCAPACITEITLAATSTEMETING": null, "AFSLAGPEIL": null, "HOOFDFUNCTIE": "Poldergemaal - Lozend op boezem Rijnland", "OPMERKINGLEGGER": null, "COMPARTIMENT": "444", "LAAGSTEPEIL": null, "BREEDTEOPENING": null, "TYPEWATERKERNDECONSTRUCTIE": null, "BETREEDBAARHEID": null, "INDICATIENOODSTROOM": null, "LONGITUDE": 4.62235596, "LATITUDE": 52.1275706, "CODECOMPLEX": null, "OBJECTID2": 199}}, {"type": "Feature", "id": 200, "geometry": {"type": "Point", "coordinates": [104703.13699999824, 453093.02800000086]}, "properties": {"ONTWERPCAPACITEIT": null, "AANTALDOORSTROOMOPENINGEN": null, "ORACLE_OBJECTID": 5975, "CODE": "249-036-00021", "JAARVANAANLEG": 1988, "OPMERKING": "Pomp revisie in 2011 met vernieuwing persleiding; Capaciteit gemaal op basis van debietmeting in 2011, pomp 1 = 129 m3/min, pomp 2 = 129 m3/min.", "GEWOONONDERHOUD": "RIJNLAND", "BUITENGEWOONONDERHOUD": "RIJNLAND", "INWINNENDEINSTANTIE": "Hoogheemraadschap van Rijnland", "METENDEINSTANTIE": null, "INWINNINGSMETHODE": "digitaliseren", "DIMENSIE": "2D", "NAUWKEURIGHEIDXY": null, "NAUWKEURIGHEIDZ": null, "DATUMINWINNING": 0, "GEOKPOBJECTID": 170, "LAST_EDITED_DATE": 1783360875000, "ONTHEFFING": null, "NAAM": "Gemaal De Omringdijk", "STATUSOBJECT": "gerealiseerd", "STATUSLEGGERWATERSYSTEEM": "Vastgesteld", "STATUSLEGGERWATERVEILIGHEID": null, "AARDLEGGERWIJZIGING": null, "FUNCTIEGEMAAL": "Afvoeren", "SOORTGEMAAL": "schroef- of axiaalpomp", "AANTALPOMPEN": 0, "INDICATIEWATERKEREND": "Ja", "KERENDEHOOGTE": 0, "MAXIMALECAPACITEIT": 258, "RICHTING": 0, "HYPERLINK": null, "HIJSVOORZIENING": null, "INDICATIEHERKENBAARHEID": null, "INDICATIEMONUMENT": null, "PRIMAIREAANDRIJVING": "electrisch", "DOSSIERCODE": null, "BEDIENING": "RIJNLAND", "ADRES": "Linnaeusweg 4b", "POSTCODE": "2741GE", "PLAATS": "BOSKOOP", "HYPERLINKFOTO1": null, "HYPERLINKFOTO2": null, "XCOORDINAAT": 104703.14, "YCOORDINAAT": 453093.03, "CATEGORIEWATER": "primair", "GEMEENTENAAM": "Waddinxveen", "POLDERNAAM": "Polder de Noordplas", "CODEPEILGEBIEDPRAKTIJK": "WW-25A", "MAXCAPACITEITLAATSTEMETING": null, "AFSLAGPEIL": null, "HOOFDFUNCTIE": "Poldergemaal - Lozend op boezem Rijnland", "OPMERKINGLEGGER": null, "COMPARTIMENT": "443", "LAAGSTEPEIL": null, "BREEDTEOPENING": null, "TYPEWATERKERNDECONSTRUCTIE": null, "BETREEDBAARHEID": null, "INDICATIENOODSTROOM": null, "LONGITUDE": 4.65372812, "LATITUDE": 52.06384587, "CODECOMPLEX": null, "OBJECTID2": 200}}, {"type": "Feature", "id": 202, "geometry": {"type": "Point", "coordinates": [103171.66800000146, 453227.5560000017]}, "properties": {"ONTWERPCAPACITEIT": null, "AANTALDOORSTROOMOPENINGEN": null, "ORACLE_OBJECTID": 5978, "CODE": "249-036-00023", "JAARVANAANLEG": 1964, "OPMERKING": "Project poldergemalen 2019 + 2020 (wordt vervangen op dezelfde locatie)", "GEWOONONDERHOUD": "RIJNLAND", "BUITENGEWOONONDERHOUD": "RIJNLAND", "INWINNENDEINSTANTIE": "Hoogheemraadschap van Rijnland", "METENDEINSTANTIE": null, "INWINNINGSMETHODE": "digitaliseren", "DIMENSIE": "2D", "NAUWKEURIGHEIDXY": null, "NAUWKEURIGHEIDZ": null, "DATUMINWINNING": 0, "GEOKPOBJECTID": 172, "LAST_EDITED_DATE": 1783360875000, "ONTHEFFING": null, "NAAM": "Vakgemaal van der Torre", "STATUSOBJECT": "gerealiseerd", "STATUSLEGGERWATERSYSTEEM": "Vastgesteld", "STATUSLEGGERWATERVEILIGHEID": null, "AARDLEGGERWIJZIGING": null, "FUNCTIEGEMAAL": "Afvoeren", "SOORTGEMAAL": "vijzelgemaal", "AANTALPOMPEN": 0, "INDICATIEWATERKEREND": "Nee", "KERENDEHOOGTE": 0, "MAXIMALECAPACITEIT": 49.02, "RICHTING": 0, "HYPERLINK": null, "HIJSVOORZIENING": null, "INDICATIEHERKENBAARHEID": null, "INDICATIEMONUMENT": null, "PRIMAIREAANDRIJVING": "electrisch", "DOSSIERCODE": null, "BEDIENING": "RIJNLAND", "ADRES": "Noordeinde 120 , achter woning, 400 m westelijk", "POSTCODE": "2742AA", "PLAATS": "WADDINXVEEN", "HYPERLINKFOTO1": null, "HYPERLINKFOTO2": null, "XCOORDINAAT": 103171.67, "YCOORDINAAT": 453227.56, "CATEGORIEWATER": "primair", "GEMEENTENAAM": "Waddinxveen", "POLDERNAAM": "Polder de Noordplas", "CODEPEILGEBIEDPRAKTIJK": "WW-25C", "MAXCAPACITEITLAATSTEMETING": null, "AFSLAGPEIL": null, "HOOFDFUNCTIE": "Vakgemaal", "OPMERKINGLEGGER": null, "COMPARTIMENT": "443", "LAAGSTEPEIL": null, "BREEDTEOPENING": null, "TYPEWATERKERNDECONSTRUCTIE": null, "BETREEDBAARHEID": null, "INDICATIENOODSTROOM": null, "LONGITUDE": 4.63137624, "LATITUDE": 52.06491378, "CODECOMPLEX": null, "OBJECTID2": 202}}, {"type": "Feature", "id": 204, "geometry": {"type": "Point", "coordinates": [108341.99799999967, 462868.72199999914]}, "properties": {"ONTWERPCAPACITEIT": null, "AANTALDOORSTROOMOPENINGEN": null, "ORACLE_OBJECTID": 5981, "CODE": "229-036-00021", "JAARVANAANLEG": 1997, "OPMERKING": "<Null>", "GEWOONONDERHOUD": "RIJNLAND", "BUITENGEWOONONDERHOUD": "RIJNLAND", "INWINNENDEINSTANTIE": "Hoogheemraadschap van Rijnland", "METENDEINSTANTIE": null, "INWINNINGSMETHODE": "digitaliseren", "DIMENSIE": "2D", "NAUWKEURIGHEIDXY": null, "NAUWKEURIGHEIDZ": null, "DATUMINWINNING": 0, "GEOKPOBJECTID": 515, "LAST_EDITED_DATE": 1783360875000, "ONTHEFFING": null, "NAAM": "Gemaal Polder Oudshoorn-Noord", "STATUSOBJECT": "gerealiseerd", "STATUSLEGGERWATERSYSTEEM": "Vastgesteld", "STATUSLEGGERWATERVEILIGHEID": null, "AARDLEGGERWIJZIGING": null, "FUNCTIEGEMAAL": "Afvoeren", "SOORTGEMAAL": "onbekend", "AANTALPOMPEN": 0, "INDICATIEWATERKEREND": "Ja", "KERENDEHOOGTE": 0, "MAXIMALECAPACITEIT": 32, "RICHTING": 0, "HYPERLINK": null, "HIJSVOORZIENING": null, "INDICATIEHERKENBAARHEID": null, "INDICATIEMONUMENT": null, "PRIMAIREAANDRIJVING": "electrisch", "DOSSIERCODE": null, "BEDIENING": "RIJNLAND", "ADRES": "Westkanaalweg 124 , achter", "POSTCODE": "2461GW", "PLAATS": "ALPHEN AAN DEN RIJN", "HYPERLINKFOTO1": null, "HYPERLINKFOTO2": null, "XCOORDINAAT": 108342, "YCOORDINAAT": 462868.72, "CATEGORIEWATER": "primair", "GEMEENTENAAM": "Nieuwkoop", "POLDERNAAM": "Polder Oudshoorn-Noord", "CODEPEILGEBIEDPRAKTIJK": "OR-4.18.1.1", "MAXCAPACITEITLAATSTEMETING": null, "AFSLAGPEIL": null, "HOOFDFUNCTIE": "Poldergemaal - Lozend op boezem Rijnland", "OPMERKINGLEGGER": null, "COMPARTIMENT": "435", "LAAGSTEPEIL": null, "BREEDTEOPENING": null, "TYPEWATERKERNDECONSTRUCTIE": null, "BETREEDBAARHEID": null, "INDICATIENOODSTROOM": null, "LONGITUDE": 4.70545089, "LATITUDE": 52.15202314, "CODECOMPLEX": null, "OBJECTID2": 204}}, {"type": "Feature", "id": 209, "geometry": {"type": "Point", "coordinates": [105731.65720000118, 458001.570700001]}, "properties": {"ONTWERPCAPACITEIT": null, "AANTALDOORSTROOMOPENINGEN": null, "ORACLE_OBJECTID": 11523, "CODE": "260-036-00026", "JAARVANAANLEG": 2025, "OPMERKING": "Pomp voor lokstroom vispassage gemaal Het Zaanse Rietveld", "GEWOONONDERHOUD": "RIJNLAND", "BUITENGEWOONONDERHOUD": "RIJNLAND", "INWINNENDEINSTANTIE": "Hoogheemraadschap van Rijnland", "METENDEINSTANTIE": null, "INWINNINGSMETHODE": "digitaliseren", "DIMENSIE": "2D", "NAUWKEURIGHEIDXY": null, "NAUWKEURIGHEIDZ": null, "DATUMINWINNING": 1758844800000, "GEOKPOBJECTID": 23379, "LAST_EDITED_DATE": 1779451700000, "ONTHEFFING": "Rijnland eigen werk", "NAAM": "Vispassage gemaal Het Zaanse Rietveld", "STATUSOBJECT": "gerealiseerd", "STATUSLEGGERWATERSYSTEEM": "Gewijzigd", "STATUSLEGGERWATERVEILIGHEID": null, "AARDLEGGERWIJZIGING": "nieuw kunstwerk. op basis van projectplan 2025", "FUNCTIEGEMAAL": null, "SOORTGEMAAL": "schroef- of axiaalpomp", "AANTALPOMPEN": 0, "INDICATIEWATERKEREND": null, "KERENDEHOOGTE": null, "MAXIMALECAPACITEIT": null, "RICHTING": null, "HYPERLINK": null, "HIJSVOORZIENING": null, "INDICATIEHERKENBAARHEID": null, "INDICATIEMONUMENT": null, "PRIMAIREAANDRIJVING": "electrisch", "DOSSIERCODE": null, "BEDIENING": "RIJNLAND", "ADRES": null, "POSTCODE": null, "PLAATS": null, "HYPERLINKFOTO1": null, "HYPERLINKFOTO2": null, "XCOORDINAAT": 105731.66, "YCOORDINAAT": 458001.57, "CATEGORIEWATER": null, "GEMEENTENAAM": "Alphen aan den Rijn", "POLDERNAAM": "Polder Het Zaanse Rietveld", "CODEPEILGEBIEDPRAKTIJK": "WW-22A", "MAXCAPACITEITLAATSTEMETING": null, "AFSLAGPEIL": null, "HOOFDFUNCTIE": "Vispassage", "OPMERKINGLEGGER": null, "COMPARTIMENT": "433", "LAAGSTEPEIL": null, "BREEDTEOPENING": null, "TYPEWATERKERNDECONSTRUCTIE": null, "BETREEDBAARHEID": null, "INDICATIENOODSTROOM": null, "LONGITUDE": 4.6680168, "LATITUDE": 52.1080536, "CODECOMPLEX": null, "OBJECTID2": 209}}, {"type": "Feature", "id": 212, "geometry": {"type": "Point", "coordinates": [103170.12900000066, 453300.2520000003]}, "properties": {"ONTWERPCAPACITEIT": null, "AANTALDOORSTROOMOPENINGEN": null, "ORACLE_OBJECTID": 7747, "CODE": "249-036-00024", "JAARVANAANLEG": 2025, "OPMERKING": "Capaciteit is verlaagt van 32m3/min naar 8m3/min. zie MON-mail Corn\u00e9 Hartevelt  project poldergemalen vervanging 2019 + 2020. Gemaal is vervangen tijdens vergunning 292018", "GEWOONONDERHOUD": "RIJNLAND", "BUITENGEWOONONDERHOUD": "RIJNLAND", "INWINNENDEINSTANTIE": "Hoogheemraadschap van Rijnland", "METENDEINSTANTIE": null, "INWINNINGSMETHODE": "digitaliseren", "DIMENSIE": "2D", "NAUWKEURIGHEIDXY": null, "NAUWKEURIGHEIDZ": null, "DATUMINWINNING": 0, "GEOKPOBJECTID": 852, "LAST_EDITED_DATE": 1787056434000, "ONTHEFFING": "292018", "NAAM": "Vakgemaal Achterhof", "STATUSOBJECT": "gerealiseerd", "STATUSLEGGERWATERSYSTEEM": "Vastgesteld", "STATUSLEGGERWATERVEILIGHEID": null, "AARDLEGGERWIJZIGING": "kunstwerk aangepast. op basis van vergunning 2025", "FUNCTIEGEMAAL": "Afvoeren", "SOORTGEMAAL": "schroef- of axiaalpomp", "AANTALPOMPEN": 0, "INDICATIEWATERKEREND": "Nee", "KERENDEHOOGTE": 0, "MAXIMALECAPACITEIT": 8, "RICHTING": 0, "HYPERLINK": null, "HIJSVOORZIENING": null, "INDICATIEHERKENBAARHEID": null, "INDICATIEMONUMENT": null, "PRIMAIREAANDRIJVING": "electrisch", "DOSSIERCODE": null, "BEDIENING": "RIJNLAND", "ADRES": "Noordeinde 122 , achter; Ontginningspad 470 meter", "POSTCODE": "2742AA", "PLAATS": "WADDINXVEEN", "HYPERLINKFOTO1": null, "HYPERLINKFOTO2": null, "XCOORDINAAT": 103170.13, "YCOORDINAAT": 453300.25, "CATEGORIEWATER": "primair", "GEMEENTENAAM": "Waddinxveen", "POLDERNAAM": "Polder de Noordplas", "CODEPEILGEBIEDPRAKTIJK": "WW-25D", "MAXCAPACITEITLAATSTEMETING": null, "AFSLAGPEIL": null, "HOOFDFUNCTIE": "Vakgemaal", "OPMERKINGLEGGER": null, "COMPARTIMENT": "443", "LAAGSTEPEIL": null, "BREEDTEOPENING": null, "TYPEWATERKERNDECONSTRUCTIE": null, "BETREEDBAARHEID": null, "INDICATIENOODSTROOM": null, "LONGITUDE": 4.63134276, "LATITUDE": 52.06556699, "CODECOMPLEX": null, "OBJECTID2": 212}}, {"type": "Feature", "id": 214, "geometry": {"type": "Point", "coordinates": [101084.89449999854, 458794.1143000014]}, "properties": {"ONTWERPCAPACITEIT": null, "AANTALDOORSTROOMOPENINGEN": null, "ORACLE_OBJECTID": 7706, "CODE": "129-036-00026", "JAARVANAANLEG": 2023, "OPMERKING": "Is de vervanging (nieuwbouw) van gemaal 129-036-00022", "GEWOONONDERHOUD": "RIJNLAND", "BUITENGEWOONONDERHOUD": "RIJNLAND", "INWINNENDEINSTANTIE": "Hoogheemraadschap van Rijnland", "METENDEINSTANTIE": null, "INWINNINGSMETHODE": "digitaliseren", "DIMENSIE": "2D", "NAUWKEURIGHEIDXY": null, "NAUWKEURIGHEIDZ": null, "DATUMINWINNING": 1543536000000, "GEOKPOBJECTID": 8321, "LAST_EDITED_DATE": 1783360875000, "ONTHEFFING": null, "NAAM": "Vakgemaal Westgere", "STATUSOBJECT": "gerealiseerd", "STATUSLEGGERWATERSYSTEEM": "Vastgesteld", "STATUSLEGGERWATERVEILIGHEID": null, "AARDLEGGERWIJZIGING": null, "FUNCTIEGEMAAL": "Afvoeren", "SOORTGEMAAL": "schroef- of axiaalpomp", "AANTALPOMPEN": 0, "INDICATIEWATERKEREND": "Nee", "KERENDEHOOGTE": 0, "MAXIMALECAPACITEIT": 10, "RICHTING": 0, "HYPERLINK": null, "HIJSVOORZIENING": null, "INDICATIEHERKENBAARHEID": null, "INDICATIEMONUMENT": null, "PRIMAIREAANDRIJVING": "electrisch", "DOSSIERCODE": null, "BEDIENING": "RIJNLAND", "ADRES": "Galgweg 6 , tegenover", "POSTCODE": "2391MV", "PLAATS": "HAZERSWOUDE-DORP", "HYPERLINKFOTO1": null, "HYPERLINKFOTO2": null, "XCOORDINAAT": 101084.89, "YCOORDINAAT": 458794.11, "CATEGORIEWATER": "primair", "GEMEENTENAAM": "Alphen aan den Rijn", "POLDERNAAM": "Rhijnenburgerpolder", "CODEPEILGEBIEDPRAKTIJK": "WW-19C", "MAXCAPACITEITLAATSTEMETING": null, "AFSLAGPEIL": null, "HOOFDFUNCTIE": "Vakgemaal", "OPMERKINGLEGGER": null, "COMPARTIMENT": "443", "LAAGSTEPEIL": null, "BREEDTEOPENING": null, "TYPEWATERKERNDECONSTRUCTIE": null, "BETREEDBAARHEID": null, "INDICATIENOODSTROOM": null, "LONGITUDE": 4.60006685, "LATITUDE": 52.11474317, "CODECOMPLEX": null, "OBJECTID2": 214}}, {"type": "Feature", "id": 216, "geometry": {"type": "Point", "coordinates": [110337.91800000146, 455253.87099999934]}, "properties": {"ONTWERPCAPACITEIT": null, "AANTALDOORSTROOMOPENINGEN": null, "ORACLE_OBJECTID": 8324, "CODE": "250-036-00021", "JAARVANAANLEG": 1882, "OPMERKING": "In 2011 is er een krooshekreiniger geplaatst; Was vroeger een dieselgemaal; project poldergemalen vervanging 2019 + 2020; Capaciteit gemaal op basis van debietmeting in 2012. Gemaal wordt vervangen door 250-036-00046", "GEWOONONDERHOUD": "RIJNLAND", "BUITENGEWOONONDERHOUD": "RIJNLAND", "INWINNENDEINSTANTIE": "Hoogheemraadschap van Rijnland", "METENDEINSTANTIE": null, "INWINNINGSMETHODE": "digitaliseren", "DIMENSIE": "2D", "NAUWKEURIGHEIDXY": null, "NAUWKEURIGHEIDZ": null, "DATUMINWINNING": 0, "GEOKPOBJECTID": 192, "LAST_EDITED_DATE": 1783360875000, "ONTHEFFING": null, "NAAM": "Gemaal Buleaus Brack", "STATUSOBJECT": "gerealiseerd", "STATUSLEGGERWATERSYSTEEM": "Vastgesteld", "STATUSLEGGERWATERVEILIGHEID": null, "AARDLEGGERWIJZIGING": null, "FUNCTIEGEMAAL": "Afvoeren", "SOORTGEMAAL": "schroef- of axiaalpomp", "AANTALPOMPEN": 0, "INDICATIEWATERKEREND": "Ja", "KERENDEHOOGTE": 0, "MAXIMALECAPACITEIT": 151, "RICHTING": 0, "HYPERLINK": null, "HIJSVOORZIENING": null, "INDICATIEHERKENBAARHEID": null, "INDICATIEMONUMENT": null, "PRIMAIREAANDRIJVING": "electrisch", "DOSSIERCODE": null, "BEDIENING": "RIJNLAND", "ADRES": "Vlietkade 47 ", "POSTCODE": "2411BZ", "PLAATS": "BODEGRAVEN", "HYPERLINKFOTO1": null, "HYPERLINKFOTO2": null, "XCOORDINAAT": 110337.92, "YCOORDINAAT": 455253.87, "CATEGORIEWATER": "primair", "GEMEENTENAAM": "Bodegraven-Reeuwijk", "POLDERNAAM": "Polder Reeuwijk en Sluipwijk", "CODEPEILGEBIEDPRAKTIJK": "WW-31G", "MAXCAPACITEITLAATSTEMETING": null, "AFSLAGPEIL": null, "HOOFDFUNCTIE": "Poldergemaal - Lozend op boezem Rijnland", "OPMERKINGLEGGER": null, "COMPARTIMENT": "439", "LAAGSTEPEIL": null, "BREEDTEOPENING": null, "TYPEWATERKERNDECONSTRUCTIE": null, "BETREEDBAARHEID": null, "INDICATIENOODSTROOM": null, "LONGITUDE": 4.73561152, "LATITUDE": 52.0837495, "CODECOMPLEX": null, "OBJECTID2": 216}}, {"type": "Feature", "id": 218, "geometry": {"type": "Point", "coordinates": [110301.73829999939, 455183.33839999884]}, "properties": {"ONTWERPCAPACITEIT": null, "AANTALDOORSTROOMOPENINGEN": null, "ORACLE_OBJECTID": 8326, "CODE": "250-036-00046", "JAARVANAANLEG": 2026, "OPMERKING": "Nieuwbouw gemaal Buleaus Brack", "GEWOONONDERHOUD": "RIJNLAND", "BUITENGEWOONONDERHOUD": "RIJNLAND", "INWINNENDEINSTANTIE": "Hoogheemraadschap van Rijnland", "METENDEINSTANTIE": null, "INWINNINGSMETHODE": "digitaliseren", "DIMENSIE": "2D", "NAUWKEURIGHEIDXY": null, "NAUWKEURIGHEIDZ": null, "DATUMINWINNING": 1756425600000, "GEOKPOBJECTID": 22417, "LAST_EDITED_DATE": 1771496861000, "ONTHEFFING": "Rijnland eigen werk", "NAAM": "Gemaal Buleaus Brack", "STATUSOBJECT": "planvorming", "STATUSLEGGERWATERSYSTEEM": "Gewijzigd", "STATUSLEGGERWATERVEILIGHEID": null, "AARDLEGGERWIJZIGING": "nieuw kunstwerk. op basis van projectplan 2025", "FUNCTIEGEMAAL": null, "SOORTGEMAAL": "schroef- of axiaalpomp", "AANTALPOMPEN": 0, "INDICATIEWATERKEREND": null, "KERENDEHOOGTE": null, "MAXIMALECAPACITEIT": null, "RICHTING": null, "HYPERLINK": null, "HIJSVOORZIENING": null, "INDICATIEHERKENBAARHEID": null, "INDICATIEMONUMENT": null, "PRIMAIREAANDRIJVING": "electrisch", "DOSSIERCODE": null, "BEDIENING": "RIJNLAND", "ADRES": null, "POSTCODE": null, "PLAATS": null, "HYPERLINKFOTO1": null, "HYPERLINKFOTO2": null, "XCOORDINAAT": 110301.74, "YCOORDINAAT": 455183.34, "CATEGORIEWATER": null, "GEMEENTENAAM": "Bodegraven-Reeuwijk", "POLDERNAAM": "Polder Reeuwijk en Sluipwijk", "CODEPEILGEBIEDPRAKTIJK": "WW-31G", "MAXCAPACITEITLAATSTEMETING": null, "AFSLAGPEIL": null, "HOOFDFUNCTIE": "Poldergemaal - Lozend op boezem Rijnland", "OPMERKINGLEGGER": null, "COMPARTIMENT": "439", "LAAGSTEPEIL": null, "BREEDTEOPENING": null, "TYPEWATERKERNDECONSTRUCTIE": null, "BETREEDBAARHEID": null, "INDICATIENOODSTROOM": null, "LONGITUDE": 4.73509296, "LATITUDE": 52.08311266, "CODECOMPLEX": null, "OBJECTID2": 218}}, {"type": "Feature", "id": 221, "geometry": {"type": "Point", "coordinates": [107627.57400000095, 457358.9530000016]}, "properties": {"ONTWERPCAPACITEIT": null, "AANTALDOORSTROOMOPENINGEN": null, "ORACLE_OBJECTID": 6158, "CODE": "137-036-00022", "JAARVANAANLEG": null, "OPMERKING": "Elektrische revisie in 2010", "GEWOONONDERHOUD": "RIJNLAND", "BUITENGEWOONONDERHOUD": "RIJNLAND", "INWINNENDEINSTANTIE": "Hoogheemraadschap van Rijnland", "METENDEINSTANTIE": null, "INWINNINGSMETHODE": "digitaliseren", "DIMENSIE": "2D", "NAUWKEURIGHEIDXY": null, "NAUWKEURIGHEIDZ": null, "DATUMINWINNING": 0, "GEOKPOBJECTID": 853, "LAST_EDITED_DATE": 1783360875000, "ONTHEFFING": null, "NAAM": "Vakgemaal Steekt 1", "STATUSOBJECT": "gerealiseerd", "STATUSLEGGERWATERSYSTEEM": "Vastgesteld", "STATUSLEGGERWATERVEILIGHEID": null, "AARDLEGGERWIJZIGING": null, "FUNCTIEGEMAAL": "Afvoeren", "SOORTGEMAAL": "vijzelgemaal", "AANTALPOMPEN": 0, "INDICATIEWATERKEREND": "Nee", "KERENDEHOOGTE": 0, "MAXIMALECAPACITEIT": 12, "RICHTING": 0, "HYPERLINK": null, "HIJSVOORZIENING": null, "INDICATIEHERKENBAARHEID": null, "INDICATIEMONUMENT": null, "PRIMAIREAANDRIJVING": "electrisch", "DOSSIERCODE": null, "BEDIENING": "RIJNLAND", "ADRES": "J.C. Hoogendoornlaan 30 , naast", "POSTCODE": "2407AB", "PLAATS": "ALPHEN AAN DEN RIJN", "HYPERLINKFOTO1": "X:\\irisdata\\intranet\\fotos\\gemalen\\IMGP0121gemaal_ntp.jpg", "HYPERLINKFOTO2": null, "XCOORDINAAT": 107627.57, "YCOORDINAAT": 457358.95, "CATEGORIEWATER": "primair", "GEMEENTENAAM": "Alphen aan den Rijn", "POLDERNAAM": "Polder Steekt", "CODEPEILGEBIEDPRAKTIJK": "WW-26B", "MAXCAPACITEITLAATSTEMETING": null, "AFSLAGPEIL": null, "HOOFDFUNCTIE": "Vakgemaal", "OPMERKINGLEGGER": null, "COMPARTIMENT": "437", "LAAGSTEPEIL": null, "BREEDTEOPENING": null, "TYPEWATERKERNDECONSTRUCTIE": null, "BETREEDBAARHEID": null, "INDICATIENOODSTROOM": null, "LONGITUDE": 4.69577951, "LATITUDE": 52.10244366, "CODECOMPLEX": null, "OBJECTID2": 221}}, {"type": "Feature", "id": 222, "geometry": {"type": "Point", "coordinates": [111529.32239999995, 453265.7478]}, "properties": {"ONTWERPCAPACITEIT": null, "AANTALDOORSTROOMOPENINGEN": null, "ORACLE_OBJECTID": 6159, "CODE": "250-036-00023", "JAARVANAANLEG": 2023, "OPMERKING": "Project poldergemalen 2019 + 2020 (is in 2023 vervangen op dezelfde locatie); Capaciteit gemaal op basis van debietmeting in 2014", "GEWOONONDERHOUD": "RIJNLAND", "BUITENGEWOONONDERHOUD": "RIJNLAND", "INWINNENDEINSTANTIE": "Hoogheemraadschap van Rijnland", "METENDEINSTANTIE": null, "INWINNINGSMETHODE": "digitaliseren", "DIMENSIE": "2D", "NAUWKEURIGHEIDXY": null, "NAUWKEURIGHEIDZ": null, "DATUMINWINNING": 0, "GEOKPOBJECTID": 854, "LAST_EDITED_DATE": 1783360875000, "ONTHEFFING": null, "NAAM": "Vakgemaal Abessini\u00eb", "STATUSOBJECT": "gerealiseerd", "STATUSLEGGERWATERSYSTEEM": "Vastgesteld", "STATUSLEGGERWATERVEILIGHEID": null, "AARDLEGGERWIJZIGING": null, "FUNCTIEGEMAAL": "Afvoeren", "SOORTGEMAAL": "vijzelgemaal", "AANTALPOMPEN": 0, "INDICATIEWATERKEREND": "Nee", "KERENDEHOOGTE": 0, "MAXIMALECAPACITEIT": 21.12, "RICHTING": 0, "HYPERLINK": null, "HIJSVOORZIENING": null, "INDICATIEHERKENBAARHEID": null, "INDICATIEMONUMENT": null, "PRIMAIREAANDRIJVING": "electrisch", "DOSSIERCODE": null, "BEDIENING": "RIJNLAND", "ADRES": "Parallelweg 2 , naast", "POSTCODE": "2811NS", "PLAATS": "REEUWIJK", "HYPERLINKFOTO1": "X:\\Irisdata\\Intranet\\tekeningen\\gemalen\\250-036-00023 (2).pdf", "HYPERLINKFOTO2": "X:\\Irisdata\\Intranet\\tekeningen\\gemalen\\250-036-00023 (1).pdf", "XCOORDINAAT": 111529.32, "YCOORDINAAT": 453265.75, "CATEGORIEWATER": "primair", "GEMEENTENAAM": "Bodegraven-Reeuwijk", "POLDERNAAM": "Polder Reeuwijk en Sluipwijk", "CODEPEILGEBIEDPRAKTIJK": "WW-31G", "MAXCAPACITEITLAATSTEMETING": null, "AFSLAGPEIL": null, "HOOFDFUNCTIE": "Vakgemaal", "OPMERKINGLEGGER": null, "COMPARTIMENT": "439", "LAAGSTEPEIL": null, "BREEDTEOPENING": null, "TYPEWATERKERNDECONSTRUCTIE": null, "BETREEDBAARHEID": null, "INDICATIENOODSTROOM": null, "LONGITUDE": 4.75324556, "LATITUDE": 52.06597586, "CODECOMPLEX": null, "OBJECTID2": 222}}, {"type": "Feature", "id": 224, "geometry": {"type": "Point", "coordinates": [109547.00400000066, 463642.8379999995]}, "properties": {"ONTWERPCAPACITEIT": null, "AANTALDOORSTROOMOPENINGEN": null, "ORACLE_OBJECTID": 6163, "CODE": "169-036-00028", "JAARVANAANLEG": 1999, "OPMERKING": "<Null>", "GEWOONONDERHOUD": "RIJNLAND", "BUITENGEWOONONDERHOUD": "RIJNLAND", "INWINNENDEINSTANTIE": "Hoogheemraadschap van Rijnland", "METENDEINSTANTIE": null, "INWINNINGSMETHODE": "digitaliseren", "DIMENSIE": "2D", "NAUWKEURIGHEIDXY": null, "NAUWKEURIGHEIDZ": null, "DATUMINWINNING": 0, "GEOKPOBJECTID": 863, "LAST_EDITED_DATE": 1783360875000, "ONTHEFFING": null, "NAAM": "Gemaal Hoef- en Schoutenpolder", "STATUSOBJECT": "gerealiseerd", "STATUSLEGGERWATERSYSTEEM": "Vastgesteld", "STATUSLEGGERWATERVEILIGHEID": null, "AARDLEGGERWIJZIGING": null, "FUNCTIEGEMAAL": "Afvoeren", "SOORTGEMAAL": "schroef- of axiaalpomp", "AANTALPOMPEN": 0, "INDICATIEWATERKEREND": "Ja", "KERENDEHOOGTE": 0, "MAXIMALECAPACITEIT": 7, "RICHTING": 0, "HYPERLINK": null, "HIJSVOORZIENING": null, "INDICATIEHERKENBAARHEID": null, "INDICATIEMONUMENT": null, "PRIMAIREAANDRIJVING": "electrisch", "DOSSIERCODE": null, "BEDIENING": "RIJNLAND", "ADRES": "Korteraarseweg 160 , achter", "POSTCODE": "2461GS", "PLAATS": "TER AAR", "HYPERLINKFOTO1": null, "HYPERLINKFOTO2": null, "XCOORDINAAT": 109547, "YCOORDINAAT": 463642.84, "CATEGORIEWATER": "primair", "GEMEENTENAAM": "Nieuwkoop", "POLDERNAAM": "Zuid- en Noordeinderpolder", "CODEPEILGEBIEDPRAKTIJK": "OR-4.12.3.1", "MAXCAPACITEITLAATSTEMETING": null, "AFSLAGPEIL": null, "HOOFDFUNCTIE": "Poldergemaal - Lozend op boezem Rijnland", "OPMERKINGLEGGER": null, "COMPARTIMENT": "468", "LAAGSTEPEIL": null, "BREEDTEOPENING": null, "TYPEWATERKERNDECONSTRUCTIE": null, "BETREEDBAARHEID": null, "INDICATIENOODSTROOM": null, "LONGITUDE": 4.7229534, "LATITUDE": 52.15908088, "CODECOMPLEX": null, "OBJECTID2": 224}}, {"type": "Feature", "id": 225, "geometry": {"type": "Point", "coordinates": [106455.24700000137, 461399.3599999994]}, "properties": {"ONTWERPCAPACITEIT": null, "AANTALDOORSTROOMOPENINGEN": null, "ORACLE_OBJECTID": 6164, "CODE": "231-036-00023", "JAARVANAANLEG": 2005, "OPMERKING": "<Null>", "GEWOONONDERHOUD": "RIJNLAND", "BUITENGEWOONONDERHOUD": "RIJNLAND", "INWINNENDEINSTANTIE": "Hoogheemraadschap van Rijnland", "METENDEINSTANTIE": null, "INWINNINGSMETHODE": "digitaliseren", "DIMENSIE": "2D", "NAUWKEURIGHEIDXY": null, "NAUWKEURIGHEIDZ": null, "DATUMINWINNING": 0, "GEOKPOBJECTID": 864, "LAST_EDITED_DATE": 1783360875000, "ONTHEFFING": "V37511", "NAAM": "Gemaal Ridderveld/De Bijlen (Edelsteensingel)", "STATUSOBJECT": "gerealiseerd", "STATUSLEGGERWATERSYSTEEM": "Vastgesteld", "STATUSLEGGERWATERVEILIGHEID": null, "AARDLEGGERWIJZIGING": null, "FUNCTIEGEMAAL": "Afvoeren", "SOORTGEMAAL": "schroef- of axiaalpomp", "AANTALPOMPEN": 0, "INDICATIEWATERKEREND": "Ja", "KERENDEHOOGTE": 0, "MAXIMALECAPACITEIT": 14, "RICHTING": 0, "HYPERLINK": null, "HIJSVOORZIENING": null, "INDICATIEHERKENBAARHEID": null, "INDICATIEMONUMENT": null, "PRIMAIREAANDRIJVING": "electrisch", "DOSSIERCODE": null, "BEDIENING": "RIJNLAND", "ADRES": "Edelsteensingel 71 , tegenover", "POSTCODE": "2403AB", "PLAATS": "ALPHEN AAN DEN RIJN", "HYPERLINKFOTO1": null, "HYPERLINKFOTO2": null, "XCOORDINAAT": 106455.25, "YCOORDINAAT": 461399.36, "CATEGORIEWATER": "primair", "GEMEENTENAAM": "Alphen aan den Rijn", "POLDERNAAM": "Ridderveld en de Bijlen", "CODEPEILGEBIEDPRAKTIJK": "OR-4.15.1.1", "MAXCAPACITEITLAATSTEMETING": null, "AFSLAGPEIL": null, "HOOFDFUNCTIE": "Poldergemaal - Lozend op boezem Rijnland", "OPMERKINGLEGGER": null, "COMPARTIMENT": "432", "LAAGSTEPEIL": null, "BREEDTEOPENING": null, "TYPEWATERKERNDECONSTRUCTIE": null, "BETREEDBAARHEID": null, "INDICATIENOODSTROOM": null, "LONGITUDE": 4.67809399, "LATITUDE": 52.1386549, "CODECOMPLEX": null, "OBJECTID2": 225}}, {"type": "Feature", "id": 228, "geometry": {"type": "Point", "coordinates": [103942.48719999939, 463666.9802000001]}, "properties": {"ONTWERPCAPACITEIT": null, "AANTALDOORSTROOMOPENINGEN": null, "ORACLE_OBJECTID": 6181, "CODE": "159-036-00021", "JAARVANAANLEG": 2023, "OPMERKING": "Project poldergemalen vervanging 2019 + 2020 (renovatie); Capaciteit gemaal op basis van debietmeting in 2017; gemaal is in 2023 vernieuwd", "GEWOONONDERHOUD": "RIJNLAND", "BUITENGEWOONONDERHOUD": "RIJNLAND", "INWINNENDEINSTANTIE": "Hoogheemraadschap van Rijnland", "METENDEINSTANTIE": null, "INWINNINGSMETHODE": "digitaliseren", "DIMENSIE": "2D", "NAUWKEURIGHEIDXY": null, "NAUWKEURIGHEIDZ": null, "DATUMINWINNING": 0, "GEOKPOBJECTID": 73, "LAST_EDITED_DATE": 1783360875000, "ONTHEFFING": "Rijnland eigen werk", "NAAM": "Gemaal Vrouwgeestpolder", "STATUSOBJECT": "gerealiseerd", "STATUSLEGGERWATERSYSTEEM": "Vastgesteld", "STATUSLEGGERWATERVEILIGHEID": null, "AARDLEGGERWIJZIGING": null, "FUNCTIEGEMAAL": "Afvoeren", "SOORTGEMAAL": "schroef- of axiaalpomp", "AANTALPOMPEN": 0, "INDICATIEWATERKEREND": "Ja", "KERENDEHOOGTE": 0, "MAXIMALECAPACITEIT": 20.3, "RICHTING": 0, "HYPERLINK": null, "HIJSVOORZIENING": null, "INDICATIEHERKENBAARHEID": null, "INDICATIEMONUMENT": null, "PRIMAIREAANDRIJVING": "electrisch", "DOSSIERCODE": null, "BEDIENING": "RIJNLAND", "ADRES": "Middelweg 2 ", "POSTCODE": "2401LV", "PLAATS": "ALPHEN AAN DEN RIJN", "HYPERLINKFOTO1": "X:\\Irisdata\\Intranet\\fotos\\gemalen\\159-036-00021 (2).jpg", "HYPERLINKFOTO2": "X:\\Irisdata\\Intranet\\fotos\\gemalen\\159-036-00021 (4).jpg", "XCOORDINAAT": 103942.49, "YCOORDINAAT": 463666.98, "CATEGORIEWATER": "primair", "GEMEENTENAAM": "Alphen aan den Rijn", "POLDERNAAM": "Vrouwgeestpolder", "CODEPEILGEBIEDPRAKTIJK": "OR-3.48.1.1", "MAXCAPACITEITLAATSTEMETING": null, "AFSLAGPEIL": null, "HOOFDFUNCTIE": "Poldergemaal - Lozend op boezem Rijnland", "OPMERKINGLEGGER": null, "COMPARTIMENT": "445", "LAAGSTEPEIL": null, "BREEDTEOPENING": null, "TYPEWATERKERNDECONSTRUCTIE": null, "BETREEDBAARHEID": "ja", "INDICATIENOODSTROOM": null, "LONGITUDE": 4.64105163, "LATITUDE": 52.15880837, "CODECOMPLEX": null, "OBJECTID2": 228}}, {"type": "Feature", "id": 238, "geometry": {"type": "Point", "coordinates": [107839.77199999988, 455057.6030000001]}, "properties": {"ONTWERPCAPACITEIT": null, "AANTALDOORSTROOMOPENINGEN": null, "ORACLE_OBJECTID": 8130, "CODE": "250-036-00038", "JAARVANAANLEG": 2012, "OPMERKING": "Is aangelegd in project waterinlaat Boskoop 2e fase  projectleider Jacob Wijbenga. Ook bekend als inlaatgemaal De Slak. | in projectplan 91703 ", "GEWOONONDERHOUD": "RIJNLAND", "BUITENGEWOONONDERHOUD": "RIJNLAND", "INWINNENDEINSTANTIE": "Hoogheemraadschap van Rijnland", "METENDEINSTANTIE": null, "INWINNINGSMETHODE": "digitaliseren", "DIMENSIE": "2D", "NAUWKEURIGHEIDXY": null, "NAUWKEURIGHEIDZ": null, "DATUMINWINNING": null, "GEOKPOBJECTID": 827, "LAST_EDITED_DATE": 1783403167000, "ONTHEFFING": "P91703", "NAAM": "Inlaatgemaal Th. Aendekerk", "STATUSOBJECT": "gerealiseerd", "STATUSLEGGERWATERSYSTEEM": "Vastgesteld", "STATUSLEGGERWATERVEILIGHEID": null, "AARDLEGGERWIJZIGING": null, "FUNCTIEGEMAAL": "Afvoeren", "SOORTGEMAAL": "centrifugaal- of radiaalpomp", "AANTALPOMPEN": 0, "INDICATIEWATERKEREND": "Nee", "KERENDEHOOGTE": null, "MAXIMALECAPACITEIT": 46.67, "RICHTING": 0, "HYPERLINK": null, "HIJSVOORZIENING": null, "INDICATIEHERKENBAARHEID": null, "INDICATIEMONUMENT": null, "PRIMAIREAANDRIJVING": "electrisch", "DOSSIERCODE": null, "BEDIENING": "RIJNLAND", "ADRES": "Wijkdijk 6 , naast", "POSTCODE": "2771NC", "PLAATS": "BOSKOOP", "HYPERLINKFOTO1": null, "HYPERLINKFOTO2": null, "XCOORDINAAT": 107839.77, "YCOORDINAAT": 455057.6, "CATEGORIEWATER": "overig", "GEMEENTENAAM": "Alphen aan den Rijn", "POLDERNAAM": "Polder Reeuwijk en Sluipwijk", "CODEPEILGEBIEDPRAKTIJK": "WW-31H", "MAXCAPACITEITLAATSTEMETING": null, "AFSLAGPEIL": null, "HOOFDFUNCTIE": "Inlaatgemaal", "OPMERKINGLEGGER": null, "COMPARTIMENT": "439", "LAAGSTEPEIL": null, "BREEDTEOPENING": null, "TYPEWATERKERNDECONSTRUCTIE": null, "BETREEDBAARHEID": null, "INDICATIENOODSTROOM": null, "LONGITUDE": 4.69919472, "LATITUDE": 52.08177841, "CODECOMPLEX": null, "OBJECTID2": 238}}, {"type": "Feature", "id": 240, "geometry": {"type": "Point", "coordinates": [109217.06599999964, 455885.1979999989]}, "properties": {"ONTWERPCAPACITEIT": null, "AANTALDOORSTROOMOPENINGEN": null, "ORACLE_OBJECTID": 7893, "CODE": "020-036-00026", "JAARVANAANLEG": 2018, "OPMERKING": "Nieuw gemaal ter vervanging van 020-036-00022. Bron: Projectplan 'De Wijk' - Maatregel V10 (17.014620 / DIG-2137)", "GEWOONONDERHOUD": "RIJNLAND", "BUITENGEWOONONDERHOUD": "RIJNLAND", "INWINNENDEINSTANTIE": "Hoogheemraadschap van Rijnland", "METENDEINSTANTIE": null, "INWINNINGSMETHODE": "digitaliseren", "DIMENSIE": "2D", "NAUWKEURIGHEIDXY": null, "NAUWKEURIGHEIDZ": null, "DATUMINWINNING": 1541980800000, "GEOKPOBJECTID": 8001, "LAST_EDITED_DATE": 1783360875000, "ONTHEFFING": null, "NAAM": "Vakgemaal Binnenpolder - Dammekade", "STATUSOBJECT": "gerealiseerd", "STATUSLEGGERWATERSYSTEEM": "Vastgesteld", "STATUSLEGGERWATERVEILIGHEID": null, "AARDLEGGERWIJZIGING": null, "FUNCTIEGEMAAL": "Afvoeren", "SOORTGEMAAL": "vijzelgemaal", "AANTALPOMPEN": 0, "INDICATIEWATERKEREND": "Nee", "KERENDEHOOGTE": 0, "MAXIMALECAPACITEIT": 11, "RICHTING": 0, "HYPERLINK": null, "HIJSVOORZIENING": null, "INDICATIEHERKENBAARHEID": null, "INDICATIEMONUMENT": null, "PRIMAIREAANDRIJVING": "electrisch", "DOSSIERCODE": null, "BEDIENING": "RIJNLAND", "ADRES": "J.C. Hoogendoornlaan 5 , 110 meter zuidelijk", "POSTCODE": "2411NB", "PLAATS": "BODEGRAVEN", "HYPERLINKFOTO1": "X:\\Irisdata\\Intranet\\fotos\\gemalen\\020-036-00026 (1).jpg", "HYPERLINKFOTO2": "X:\\Irisdata\\Intranet\\fotos\\gemalen\\020-036-00026 (1).jpg", "XCOORDINAAT": 109217.07, "YCOORDINAAT": 455885.2, "CATEGORIEWATER": "primair", "GEMEENTENAAM": "Bodegraven-Reeuwijk", "POLDERNAAM": "Binnenpolder (Bodegraven)", "CODEPEILGEBIEDPRAKTIJK": "WW-27C", "MAXCAPACITEITLAATSTEMETING": null, "AFSLAGPEIL": null, "HOOFDFUNCTIE": "Vakgemaal", "OPMERKINGLEGGER": null, "COMPARTIMENT": "439", "LAAGSTEPEIL": null, "BREEDTEOPENING": null, "TYPEWATERKERNDECONSTRUCTIE": null, "BETREEDBAARHEID": null, "INDICATIENOODSTROOM": null, "LONGITUDE": 4.7191753, "LATITUDE": 52.08933203, "CODECOMPLEX": null, "OBJECTID2": 240}}, {"type": "Feature", "id": 244, "geometry": {"type": "Point", "coordinates": [113698.04039999843, 453625.0304000005]}, "properties": {"ONTWERPCAPACITEIT": null, "AANTALDOORSTROOMOPENINGEN": null, "ORACLE_OBJECTID": 8131, "CODE": "172-036-00022", "JAARVANAANLEG": null, "OPMERKING": "Capaciteit gemaal op basis van debietmeting in 2014, pomp 1 = 34,2 m3/min, pomp 2 = 35,2 m3/min.", "GEWOONONDERHOUD": "RIJNLAND", "BUITENGEWOONONDERHOUD": "RIJNLAND", "INWINNENDEINSTANTIE": "Hoogheemraadschap van Rijnland", "METENDEINSTANTIE": null, "INWINNINGSMETHODE": "digitaliseren", "DIMENSIE": "2D", "NAUWKEURIGHEIDXY": null, "NAUWKEURIGHEIDZ": null, "DATUMINWINNING": 0, "GEOKPOBJECTID": 191, "LAST_EDITED_DATE": 1783360875000, "ONTHEFFING": "V40373", "NAAM": "Gemaal Zuidzijderpolder", "STATUSOBJECT": "gerealiseerd", "STATUSLEGGERWATERSYSTEEM": "Vastgesteld", "STATUSLEGGERWATERVEILIGHEID": null, "AARDLEGGERWIJZIGING": null, "FUNCTIEGEMAAL": "Afvoeren", "SOORTGEMAAL": "schroef- of axiaalpomp", "AANTALPOMPEN": 0, "INDICATIEWATERKEREND": "Ja", "KERENDEHOOGTE": 0, "MAXIMALECAPACITEIT": 69.4, "RICHTING": 0, "HYPERLINK": null, "HIJSVOORZIENING": null, "INDICATIEHERKENBAARHEID": null, "INDICATIEMONUMENT": null, "PRIMAIREAANDRIJVING": "electrisch", "DOSSIERCODE": null, "BEDIENING": "RIJNLAND", "ADRES": "Boerderijweg 9002 ", "POSTCODE": "2411PV", "PLAATS": "BODEGRAVEN", "HYPERLINKFOTO1": null, "HYPERLINKFOTO2": null, "XCOORDINAAT": 113698.04, "YCOORDINAAT": 453625.03, "CATEGORIEWATER": "primair", "GEMEENTENAAM": "Bodegraven-Reeuwijk", "POLDERNAAM": "Zuidzijderpolder", "CODEPEILGEBIEDPRAKTIJK": "WW-30A", "MAXCAPACITEITLAATSTEMETING": null, "AFSLAGPEIL": null, "HOOFDFUNCTIE": "Poldergemaal - Lozend op boezemsysteem DSR", "OPMERKINGLEGGER": null, "COMPARTIMENT": "700-DSR", "LAAGSTEPEIL": null, "BREEDTEOPENING": null, "TYPEWATERKERNDECONSTRUCTIE": null, "BETREEDBAARHEID": null, "INDICATIENOODSTROOM": null, "LONGITUDE": 4.78482804, "LATITUDE": 52.06937088, "CODECOMPLEX": null, "OBJECTID2": 244}}, {"type": "Feature", "id": 245, "geometry": {"type": "Point", "coordinates": [108769.02299999818, 452329.46499999985]}, "properties": {"ONTWERPCAPACITEIT": null, "AANTALDOORSTROOMOPENINGEN": null, "ORACLE_OBJECTID": 8134, "CODE": "250-036-00026", "JAARVANAANLEG": 2004, "OPMERKING": "Capaciteit gemaal op basis van debietmeting in 2014", "GEWOONONDERHOUD": "RIJNLAND", "BUITENGEWOONONDERHOUD": "RIJNLAND", "INWINNENDEINSTANTIE": "Hoogheemraadschap van Rijnland", "METENDEINSTANTIE": null, "INWINNINGSMETHODE": "digitaliseren", "DIMENSIE": "2D", "NAUWKEURIGHEIDXY": null, "NAUWKEURIGHEIDZ": null, "DATUMINWINNING": 0, "GEOKPOBJECTID": 195, "LAST_EDITED_DATE": 1783360875000, "ONTHEFFING": null, "NAAM": "Vakgemaal Oud Reeuwijk", "STATUSOBJECT": "gerealiseerd", "STATUSLEGGERWATERSYSTEEM": "Vastgesteld", "STATUSLEGGERWATERVEILIGHEID": null, "AARDLEGGERWIJZIGING": null, "FUNCTIEGEMAAL": "Afvoeren", "SOORTGEMAAL": "schroef- of axiaalpomp", "AANTALPOMPEN": 0, "INDICATIEWATERKEREND": "Nee", "KERENDEHOOGTE": 0, "MAXIMALECAPACITEIT": 5.06, "RICHTING": 0, "HYPERLINK": null, "HIJSVOORZIENING": null, "INDICATIEHERKENBAARHEID": null, "INDICATIEMONUMENT": null, "PRIMAIREAANDRIJVING": "electrisch", "DOSSIERCODE": null, "BEDIENING": "RIJNLAND", "ADRES": "Oud Reeuwijkseweg 31 , naast", "POSTCODE": "2811KC", "PLAATS": "REEUWIJK", "HYPERLINKFOTO1": null, "HYPERLINKFOTO2": null, "XCOORDINAAT": 108769.02, "YCOORDINAAT": 452329.46, "CATEGORIEWATER": "overig", "GEMEENTENAAM": "Bodegraven-Reeuwijk", "POLDERNAAM": "Polder Reeuwijk en Sluipwijk", "CODEPEILGEBIEDPRAKTIJK": "WW-31K", "MAXCAPACITEITLAATSTEMETING": null, "AFSLAGPEIL": null, "HOOFDFUNCTIE": "Vakgemaal", "OPMERKINGLEGGER": null, "COMPARTIMENT": "439", "LAAGSTEPEIL": null, "BREEDTEOPENING": null, "TYPEWATERKERNDECONSTRUCTIE": null, "BETREEDBAARHEID": null, "INDICATIENOODSTROOM": null, "LONGITUDE": 4.71311987, "LATITUDE": 52.05733749, "CODECOMPLEX": null, "OBJECTID2": 245}}, {"type": "Feature", "id": 247, "geometry": {"type": "Point", "coordinates": [113466.17700000107, 448516.77600000054]}, "properties": {"ONTWERPCAPACITEIT": null, "AANTALDOORSTROOMOPENINGEN": null, "ORACLE_OBJECTID": 8138, "CODE": "254-036-00023", "JAARVANAANLEG": null, "OPMERKING": "Capaciteit gemaal op basis van debietmeting in 2014", "GEWOONONDERHOUD": "RIJNLAND", "BUITENGEWOONONDERHOUD": "RIJNLAND", "INWINNENDEINSTANTIE": "Hoogheemraadschap van Rijnland", "METENDEINSTANTIE": null, "INWINNINGSMETHODE": "digitaliseren", "DIMENSIE": "2D", "NAUWKEURIGHEIDXY": null, "NAUWKEURIGHEIDZ": null, "DATUMINWINNING": 0, "GEOKPOBJECTID": 201, "LAST_EDITED_DATE": 1783403167000, "ONTHEFFING": null, "NAAM": "Inlaatgemaal Roggebroek", "STATUSOBJECT": "gerealiseerd", "STATUSLEGGERWATERSYSTEEM": "Vastgesteld", "STATUSLEGGERWATERVEILIGHEID": null, "AARDLEGGERWIJZIGING": null, "FUNCTIEGEMAAL": "Afvoeren", "SOORTGEMAAL": "schroef- of axiaalpomp", "AANTALPOMPEN": 0, "INDICATIEWATERKEREND": "Nee", "KERENDEHOOGTE": 0, "MAXIMALECAPACITEIT": 6.4, "RICHTING": 0, "HYPERLINK": null, "HIJSVOORZIENING": null, "INDICATIEHERKENBAARHEID": null, "INDICATIEMONUMENT": null, "PRIMAIREAANDRIJVING": "electrisch", "DOSSIERCODE": null, "BEDIENING": "RIJNLAND", "ADRES": "Twaalfmorgen 39 , naast (450 meter oost)", "POSTCODE": "2811ND", "PLAATS": "REEUWIJK", "HYPERLINKFOTO1": null, "HYPERLINKFOTO2": null, "XCOORDINAAT": 113466.18, "YCOORDINAAT": 448516.78, "CATEGORIEWATER": "primair", "GEMEENTENAAM": "Bodegraven-Reeuwijk", "POLDERNAAM": "Polder Oukoop en Negenviertel / Polder Stein", "CODEPEILGEBIEDPRAKTIJK": "WW-39", "MAXCAPACITEITLAATSTEMETING": null, "AFSLAGPEIL": null, "HOOFDFUNCTIE": "Inlaatgemaal", "OPMERKINGLEGGER": null, "COMPARTIMENT": "469-DSR", "LAAGSTEPEIL": null, "BREEDTEOPENING": null, "TYPEWATERKERNDECONSTRUCTIE": null, "BETREEDBAARHEID": null, "INDICATIENOODSTROOM": null, "LONGITUDE": 4.7820673, "LATITUDE": 52.0234422, "CODECOMPLEX": null, "OBJECTID2": 247}}, {"type": "Feature", "id": 253, "geometry": {"type": "Point", "coordinates": [114586.88899999857, 447394.756000001]}, "properties": {"ONTWERPCAPACITEIT": null, "AANTALDOORSTROOMOPENINGEN": null, "ORACLE_OBJECTID": 8139, "CODE": "254-036-00024", "JAARVANAANLEG": 2006, "OPMERKING": "Capaciteit gemaal op basis van debietmeting in 2014, pomp 1 = 48 m3/min, pomp 2 = 50 m3/min.", "GEWOONONDERHOUD": "RIJNLAND", "BUITENGEWOONONDERHOUD": "RIJNLAND", "INWINNENDEINSTANTIE": "Hoogheemraadschap van Rijnland", "METENDEINSTANTIE": null, "INWINNINGSMETHODE": "digitaliseren", "DIMENSIE": "2D", "NAUWKEURIGHEIDXY": null, "NAUWKEURIGHEIDZ": null, "DATUMINWINNING": 0, "GEOKPOBJECTID": 202, "LAST_EDITED_DATE": 1787750986000, "ONTHEFFING": "V36993", "NAAM": "Gemaal Stein Oukoop", "STATUSOBJECT": "gerealiseerd", "STATUSLEGGERWATERSYSTEEM": "Vastgesteld", "STATUSLEGGERWATERVEILIGHEID": null, "AARDLEGGERWIJZIGING": null, "FUNCTIEGEMAAL": "Afvoeren", "SOORTGEMAAL": "centrifugaal- of radiaalpomp", "AANTALPOMPEN": 0, "INDICATIEWATERKEREND": "Ja", "KERENDEHOOGTE": 0, "MAXIMALECAPACITEIT": 98, "RICHTING": 0, "HYPERLINK": null, "HIJSVOORZIENING": null, "INDICATIEHERKENBAARHEID": null, "INDICATIEMONUMENT": null, "PRIMAIREAANDRIJVING": "electrisch", "DOSSIERCODE": null, "BEDIENING": "RIJNLAND", "ADRES": "Steinsedijk 57 , naast", "POSTCODE": "2851LC", "PLAATS": "HAASTRECHT", "HYPERLINKFOTO1": null, "HYPERLINKFOTO2": null, "XCOORDINAAT": 114586.89, "YCOORDINAAT": 447394.76, "CATEGORIEWATER": "primair", "GEMEENTENAAM": "Krimpenerwaard", "POLDERNAAM": "Polder Oukoop en Negenviertel / Polder Stein", "CODEPEILGEBIEDPRAKTIJK": "WW-41A", "MAXCAPACITEITLAATSTEMETING": null, "AFSLAGPEIL": null, "HOOFDFUNCTIE": "Poldergemaal - Lozend op boezemsysteem DSR", "OPMERKINGLEGGER": null, "COMPARTIMENT": "469-DSR", "LAAGSTEPEIL": null, "BREEDTEOPENING": null, "TYPEWATERKERNDECONSTRUCTIE": null, "BETREEDBAARHEID": null, "INDICATIENOODSTROOM": null, "LONGITUDE": 4.79852738, "LATITUDE": 52.01344056, "CODECOMPLEX": null, "OBJECTID2": 253}}, {"type": "Feature", "id": 255, "geometry": {"type": "Point", "coordinates": [106532.56300000101, 451742.9120000005]}, "properties": {"ONTWERPCAPACITEIT": null, "AANTALDOORSTROOMOPENINGEN": null, "ORACLE_OBJECTID": 8142, "CODE": "246-036-00022", "JAARVANAANLEG": 1987, "OPMERKING": "Gemaal is eind 2024, begin 2025 gerenoveerd (Oplevering 14 februari 2025).", "GEWOONONDERHOUD": "RIJNLAND", "BUITENGEWOONONDERHOUD": "RIJNLAND", "INWINNENDEINSTANTIE": "Hoogheemraadschap van Rijnland", "METENDEINSTANTIE": null, "INWINNINGSMETHODE": "digitaliseren", "DIMENSIE": "2D", "NAUWKEURIGHEIDXY": null, "NAUWKEURIGHEIDZ": null, "DATUMINWINNING": 0, "GEOKPOBJECTID": 768, "LAST_EDITED_DATE": 1783360875000, "ONTHEFFING": null, "NAAM": "Vakgemaal Tempel", "STATUSOBJECT": "gerealiseerd", "STATUSLEGGERWATERSYSTEEM": "Vastgesteld", "STATUSLEGGERWATERVEILIGHEID": null, "AARDLEGGERWIJZIGING": null, "FUNCTIEGEMAAL": "Afvoeren", "SOORTGEMAAL": "schroef- of axiaalpomp", "AANTALPOMPEN": 0, "INDICATIEWATERKEREND": "Ja", "KERENDEHOOGTE": 0, "MAXIMALECAPACITEIT": 50.1, "RICHTING": 0, "HYPERLINK": null, "HIJSVOORZIENING": null, "INDICATIEHERKENBAARHEID": null, "INDICATIEMONUMENT": null, "PRIMAIREAANDRIJVING": "electrisch", "DOSSIERCODE": null, "BEDIENING": "RIJNLAND", "ADRES": "Middelburgseweg 4 ", "POSTCODE": "2811PL", "PLAATS": "REEUWIJK", "HYPERLINKFOTO1": null, "HYPERLINKFOTO2": null, "XCOORDINAAT": 106532.56, "YCOORDINAAT": 451742.91, "CATEGORIEWATER": "overig", "GEMEENTENAAM": "Bodegraven-Reeuwijk", "POLDERNAAM": "Polder Middelburg en Tempelpolder", "CODEPEILGEBIEDPRAKTIJK": "WW-29B", "MAXCAPACITEITLAATSTEMETING": null, "AFSLAGPEIL": null, "HOOFDFUNCTIE": "Vakgemaal", "OPMERKINGLEGGER": null, "COMPARTIMENT": "443", "LAAGSTEPEIL": null, "BREEDTEOPENING": null, "TYPEWATERKERNDECONSTRUCTIE": null, "BETREEDBAARHEID": "ja", "INDICATIENOODSTROOM": null, "LONGITUDE": 4.68059608, "LATITUDE": 52.05187474, "CODECOMPLEX": null, "OBJECTID2": 255}}, {"type": "Feature", "id": 257, "geometry": {"type": "Point", "coordinates": [107689.48750000075, 461946.86100000143]}, "properties": {"ONTWERPCAPACITEIT": null, "AANTALDOORSTROOMOPENINGEN": null, "ORACLE_OBJECTID": 7905, "CODE": "231-036-00021", "JAARVANAANLEG": 1990, "OPMERKING": "<Null>", "GEWOONONDERHOUD": "RIJNLAND", "BUITENGEWOONONDERHOUD": "RIJNLAND", "INWINNENDEINSTANTIE": "Hoogheemraadschap van Rijnland", "METENDEINSTANTIE": null, "INWINNINGSMETHODE": "digitaliseren", "DIMENSIE": "2D", "NAUWKEURIGHEIDXY": null, "NAUWKEURIGHEIDZ": null, "DATUMINWINNING": 0, "GEOKPOBJECTID": 442, "LAST_EDITED_DATE": 1783360875000, "ONTHEFFING": null, "NAAM": "Gemaal Ridderveld/De Bijlen (Kromme Aarweg)", "STATUSOBJECT": "gerealiseerd", "STATUSLEGGERWATERSYSTEEM": "Vastgesteld", "STATUSLEGGERWATERVEILIGHEID": null, "AARDLEGGERWIJZIGING": null, "FUNCTIEGEMAAL": "Afvoeren", "SOORTGEMAAL": "vijzelgemaal", "AANTALPOMPEN": 0, "INDICATIEWATERKEREND": "Ja", "KERENDEHOOGTE": -1, "MAXIMALECAPACITEIT": 51.6, "RICHTING": 0, "HYPERLINK": null, "HIJSVOORZIENING": null, "INDICATIEHERKENBAARHEID": null, "INDICATIEMONUMENT": null, "PRIMAIREAANDRIJVING": "electrisch", "DOSSIERCODE": null, "BEDIENING": "RIJNLAND", "ADRES": "Kromme Aarweg 3 , tegenover", "POSTCODE": "2403NB", "PLAATS": "ALPHEN AAN DEN RIJN", "HYPERLINKFOTO1": null, "HYPERLINKFOTO2": null, "XCOORDINAAT": 107689.49, "YCOORDINAAT": 461946.86, "CATEGORIEWATER": "primair", "GEMEENTENAAM": "Alphen aan den Rijn", "POLDERNAAM": "Ridderveld en de Bijlen", "CODEPEILGEBIEDPRAKTIJK": "OR-4.15.1.1", "MAXCAPACITEITLAATSTEMETING": null, "AFSLAGPEIL": null, "HOOFDFUNCTIE": "Poldergemaal - Lozend op boezem Rijnland", "OPMERKINGLEGGER": null, "COMPARTIMENT": "432", "LAAGSTEPEIL": null, "BREEDTEOPENING": null, "TYPEWATERKERNDECONSTRUCTIE": null, "BETREEDBAARHEID": null, "INDICATIENOODSTROOM": null, "LONGITUDE": 4.69604553, "LATITUDE": 52.14368252, "CODECOMPLEX": null, "OBJECTID2": 257}}, {"type": "Feature", "id": 270, "geometry": {"type": "Point", "coordinates": [108230.20199999958, 461951.8139999993]}, "properties": {"ONTWERPCAPACITEIT": null, "AANTALDOORSTROOMOPENINGEN": null, "ORACLE_OBJECTID": 8022, "CODE": "169-036-00031", "JAARVANAANLEG": 2015, "OPMERKING": "Project van Sander de Rijk. vervanging gemaal Neptunus (169-036-00027);  Projectplan 91713, Corsanr 12.50817; Capaciteit gemaal op basis van debietmeting in 2014", "GEWOONONDERHOUD": "RIJNLAND", "BUITENGEWOONONDERHOUD": "RIJNLAND", "INWINNENDEINSTANTIE": "Hoogheemraadschap van Rijnland", "METENDEINSTANTIE": null, "INWINNINGSMETHODE": null, "DIMENSIE": "2D", "NAUWKEURIGHEIDXY": null, "NAUWKEURIGHEIDZ": null, "DATUMINWINNING": 1399420800000, "GEOKPOBJECTID": 783, "LAST_EDITED_DATE": 1784010878000, "ONTHEFFING": null, "NAAM": "Gemaal Zuid- en Noordeinderpolder", "STATUSOBJECT": "gerealiseerd", "STATUSLEGGERWATERSYSTEEM": "Vastgesteld", "STATUSLEGGERWATERVEILIGHEID": null, "AARDLEGGERWIJZIGING": null, "FUNCTIEGEMAAL": "Afvoeren", "SOORTGEMAAL": "vijzelgemaal", "AANTALPOMPEN": 0, "INDICATIEWATERKEREND": "Ja", "KERENDEHOOGTE": 0.42, "MAXIMALECAPACITEIT": 118.8, "RICHTING": 0, "HYPERLINK": null, "HIJSVOORZIENING": null, "INDICATIEHERKENBAARHEID": null, "INDICATIEMONUMENT": null, "PRIMAIREAANDRIJVING": "electrisch", "DOSSIERCODE": null, "BEDIENING": "RIJNLAND", "ADRES": "Machineweg 2 , naast", "POSTCODE": "2445BB", "PLAATS": "AARLANDERVEEN", "HYPERLINKFOTO1": "X:\\Irisdata\\Intranet\\fotos\\gemalen\\169-036-00031_u.JPG", "HYPERLINKFOTO2": "X:\\Irisdata\\Intranet\\fotos\\gemalen\\169-036-00031.JPG", "XCOORDINAAT": 108230.2, "YCOORDINAAT": 461951.81, "CATEGORIEWATER": "primair", "GEMEENTENAAM": "Alphen aan den Rijn", "POLDERNAAM": "Zuid- en Noordeinderpolder", "CODEPEILGEBIEDPRAKTIJK": "OR-4.12.1.1", "MAXCAPACITEITLAATSTEMETING": null, "AFSLAGPEIL": null, "HOOFDFUNCTIE": "Poldergemaal - Lozend op boezem Rijnland", "OPMERKINGLEGGER": null, "COMPARTIMENT": "432", "LAAGSTEPEIL": null, "BREEDTEOPENING": null, "TYPEWATERKERNDECONSTRUCTIE": null, "BETREEDBAARHEID": null, "INDICATIENOODSTROOM": null, "LONGITUDE": 4.70394359, "LATITUDE": 52.14377305, "CODECOMPLEX": null, "OBJECTID2": 270}}, {"type": "Feature", "id": 271, "geometry": {"type": "Point", "coordinates": [109778.13800000027, 447941.31599999964]}, "properties": {"ONTWERPCAPACITEIT": null, "AANTALDOORSTROOMOPENINGEN": null, "ORACLE_OBJECTID": 8023, "CODE": "163-036-00024", "JAARVANAANLEG": null, "OPMERKING": null, "GEWOONONDERHOUD": "RIJNLAND", "BUITENGEWOONONDERHOUD": "RIJNLAND", "INWINNENDEINSTANTIE": "Hoogheemraadschap van Rijnland", "METENDEINSTANTIE": null, "INWINNINGSMETHODE": null, "DIMENSIE": "2D", "NAUWKEURIGHEIDXY": null, "NAUWKEURIGHEIDZ": null, "DATUMINWINNING": 1320624000000, "GEOKPOBJECTID": 789, "LAST_EDITED_DATE": 1785402410000, "ONTHEFFING": null, "NAAM": "Vakgemaal Willens - Achterwillenseweg", "STATUSOBJECT": "gerealiseerd", "STATUSLEGGERWATERSYSTEEM": "Vastgesteld", "STATUSLEGGERWATERVEILIGHEID": null, "AARDLEGGERWIJZIGING": null, "FUNCTIEGEMAAL": "Afvoeren", "SOORTGEMAAL": "vijzelgemaal", "AANTALPOMPEN": 0, "INDICATIEWATERKEREND": "Nee", "KERENDEHOOGTE": null, "MAXIMALECAPACITEIT": 17, "RICHTING": 0, "HYPERLINK": null, "HIJSVOORZIENING": null, "INDICATIEHERKENBAARHEID": null, "INDICATIEMONUMENT": null, "PRIMAIREAANDRIJVING": "electrisch", "DOSSIERCODE": null, "BEDIENING": "RIJNLAND", "ADRES": "Gloriantplantsoen 115 , tegenover", "POSTCODE": "2805XH", "PLAATS": "GOUDA", "HYPERLINKFOTO1": null, "HYPERLINKFOTO2": null, "XCOORDINAAT": 109778.14, "YCOORDINAAT": 447941.32, "CATEGORIEWATER": null, "GEMEENTENAAM": "Gouda", "POLDERNAAM": "Polder Willens", "CODEPEILGEBIEDPRAKTIJK": "WW-37", "MAXCAPACITEITLAATSTEMETING": null, "AFSLAGPEIL": null, "HOOFDFUNCTIE": "Vakgemaal", "OPMERKINGLEGGER": null, "COMPARTIMENT": "467-RWS", "LAAGSTEPEIL": null, "BREEDTEOPENING": null, "TYPEWATERKERNDECONSTRUCTIE": null, "BETREEDBAARHEID": null, "INDICATIENOODSTROOM": null, "LONGITUDE": 4.72841293, "LATITUDE": 52.01798177, "CODECOMPLEX": null, "OBJECTID2": 271}}, {"type": "Feature", "id": 274, "geometry": {"type": "Point", "coordinates": [101742.10099999979, 460507.41800000146]}, "properties": {"ONTWERPCAPACITEIT": null, "AANTALDOORSTROOMOPENINGEN": null, "ORACLE_OBJECTID": 7921, "CODE": "052-036-00021", "JAARVANAANLEG": 1984, "OPMERKING": "Capaciteit gemaal op basis van debietmeting in 2017", "GEWOONONDERHOUD": "RIJNLAND", "BUITENGEWOONONDERHOUD": "RIJNLAND", "INWINNENDEINSTANTIE": "Hoogheemraadschap van Rijnland", "METENDEINSTANTIE": null, "INWINNINGSMETHODE": "digitaliseren", "DIMENSIE": "2D", "NAUWKEURIGHEIDXY": null, "NAUWKEURIGHEIDZ": null, "DATUMINWINNING": 0, "GEOKPOBJECTID": 484, "LAST_EDITED_DATE": 1783360875000, "ONTHEFFING": null, "NAAM": "Gemaal Hogewaardsepolder", "STATUSOBJECT": "gerealiseerd", "STATUSLEGGERWATERSYSTEEM": "Vastgesteld", "STATUSLEGGERWATERVEILIGHEID": null, "AARDLEGGERWIJZIGING": null, "FUNCTIEGEMAAL": "Afvoeren", "SOORTGEMAAL": "centrifugaal- of radiaalpomp", "AANTALPOMPEN": 0, "INDICATIEWATERKEREND": "Ja", "KERENDEHOOGTE": 0, "MAXIMALECAPACITEIT": 8.71, "RICHTING": 0, "HYPERLINK": null, "HIJSVOORZIENING": null, "INDICATIEHERKENBAARHEID": null, "INDICATIEMONUMENT": null, "PRIMAIREAANDRIJVING": "electrisch", "DOSSIERCODE": null, "BEDIENING": "RIJNLAND", "ADRES": "Hoogewaard 151a, naast", "POSTCODE": "2396AN", "PLAATS": "KOUDEKERK AAN DEN RIJN", "HYPERLINKFOTO1": null, "HYPERLINKFOTO2": null, "XCOORDINAAT": 101742.1, "YCOORDINAAT": 460507.42, "CATEGORIEWATER": "primair", "GEMEENTENAAM": "Alphen aan den Rijn", "POLDERNAAM": "Hogenwaardsepolder", "CODEPEILGEBIEDPRAKTIJK": "OR-3.25.1.1", "MAXCAPACITEITLAATSTEMETING": null, "AFSLAGPEIL": null, "HOOFDFUNCTIE": "Poldergemaal - Lozend op boezem Rijnland", "OPMERKINGLEGGER": null, "COMPARTIMENT": "432", "LAAGSTEPEIL": null, "BREEDTEOPENING": null, "TYPEWATERKERNDECONSTRUCTIE": null, "BETREEDBAARHEID": null, "INDICATIENOODSTROOM": null, "LONGITUDE": 4.6093929, "LATITUDE": 52.13020481, "CODECOMPLEX": null, "OBJECTID2": 274}}, {"type": "Feature", "id": 276, "geometry": {"type": "Point", "coordinates": [109979.52499999851, 447039.01999999955]}, "properties": {"ONTWERPCAPACITEIT": null, "AANTALDOORSTROOMOPENINGEN": null, "ORACLE_OBJECTID": 8024, "CODE": "163-036-00025", "JAARVANAANLEG": 2015, "OPMERKING": "Capaciteit gemaal op basis van debietmeting in 2016, pomp 1 = 31,08 m3/min, pomp 2 = 31,98 m3/min.", "GEWOONONDERHOUD": "RIJNLAND", "BUITENGEWOONONDERHOUD": "RIJNLAND", "INWINNENDEINSTANTIE": "Hoogheemraadschap van Rijnland", "METENDEINSTANTIE": null, "INWINNINGSMETHODE": null, "DIMENSIE": "2D", "NAUWKEURIGHEIDXY": null, "NAUWKEURIGHEIDZ": null, "DATUMINWINNING": 1320624000000, "GEOKPOBJECTID": 790, "LAST_EDITED_DATE": 1790252850000, "ONTHEFFING": null, "NAAM": "Gemaal Willens - Goejanverwelledijk", "STATUSOBJECT": "gerealiseerd", "STATUSLEGGERWATERSYSTEEM": "Vastgesteld", "STATUSLEGGERWATERVEILIGHEID": null, "AARDLEGGERWIJZIGING": null, "FUNCTIEGEMAAL": "Afvoeren", "SOORTGEMAAL": "centrifugaal- of radiaalpomp", "AANTALPOMPEN": 0, "INDICATIEWATERKEREND": "Ja", "KERENDEHOOGTE": null, "MAXIMALECAPACITEIT": 63.06, "RICHTING": 0, "HYPERLINK": null, "HIJSVOORZIENING": null, "INDICATIEHERKENBAARHEID": null, "INDICATIEMONUMENT": null, "PRIMAIREAANDRIJVING": "electrisch", "DOSSIERCODE": null, "BEDIENING": "RIJNLAND", "ADRES": "Goejanverwelledijk 10b", "POSTCODE": "2806NZ", "PLAATS": "GOUDA", "HYPERLINKFOTO1": null, "HYPERLINKFOTO2": null, "XCOORDINAAT": 109979.52, "YCOORDINAAT": 447039.02, "CATEGORIEWATER": "primair", "GEMEENTENAAM": "Gouda", "POLDERNAAM": "Polder Willens", "CODEPEILGEBIEDPRAKTIJK": "WW-37", "MAXCAPACITEITLAATSTEMETING": null, "AFSLAGPEIL": null, "HOOFDFUNCTIE": "Poldergemaal - Lozend op de Hollandse IJssel", "OPMERKINGLEGGER": null, "COMPARTIMENT": "467-RWS", "LAAGSTEPEIL": null, "BREEDTEOPENING": null, "TYPEWATERKERNDECONSTRUCTIE": null, "BETREEDBAARHEID": null, "INDICATIENOODSTROOM": null, "LONGITUDE": 4.73146519, "LATITUDE": 52.00988862, "CODECOMPLEX": null, "OBJECTID2": 276}}, {"type": "Feature", "id": 281, "geometry": {"type": "Point", "coordinates": [101237.98299999908, 458716.30900000036]}, "properties": {"ONTWERPCAPACITEIT": null, "AANTALDOORSTROOMOPENINGEN": null, "ORACLE_OBJECTID": 8167, "CODE": "240-036-00021", "JAARVANAANLEG": 1990, "OPMERKING": "In 2009 automatische krooshekreiniger geplaatst", "GEWOONONDERHOUD": "RIJNLAND", "BUITENGEWOONONDERHOUD": "RIJNLAND", "INWINNENDEINSTANTIE": "Hoogheemraadschap van Rijnland", "METENDEINSTANTIE": null, "INWINNINGSMETHODE": "digitaliseren", "DIMENSIE": "2D", "NAUWKEURIGHEIDXY": null, "NAUWKEURIGHEIDZ": null, "DATUMINWINNING": 0, "GEOKPOBJECTID": 890, "LAST_EDITED_DATE": 1783360875000, "ONTHEFFING": null, "NAAM": "Gemaal Oostgere", "STATUSOBJECT": "gerealiseerd", "STATUSLEGGERWATERSYSTEEM": "Vastgesteld", "STATUSLEGGERWATERVEILIGHEID": null, "AARDLEGGERWIJZIGING": null, "FUNCTIEGEMAAL": "Afvoeren", "SOORTGEMAAL": "vijzelgemaal", "AANTALPOMPEN": 0, "INDICATIEWATERKEREND": "Ja", "KERENDEHOOGTE": -0.9, "MAXIMALECAPACITEIT": 18, "RICHTING": 0, "HYPERLINK": null, "HIJSVOORZIENING": null, "INDICATIEHERKENBAARHEID": null, "INDICATIEMONUMENT": null, "PRIMAIREAANDRIJVING": "electrisch", "DOSSIERCODE": null, "BEDIENING": "RIJNLAND", "ADRES": "Spookverlaat 1a, 260 meter westelijk", "POSTCODE": "2394MZ", "PLAATS": "HAZERSWOUDE-RIJNDIJK", "HYPERLINKFOTO1": "X:\\Irisdata\\Intranet\\fotos\\gemalen\\240-036-00021\\240-036-00021-001.jpg", "HYPERLINKFOTO2": "X:\\Irisdata\\Intranet\\fotos\\gemalen\\240-036-00021\\240-036-00021-002.jpg", "XCOORDINAAT": 101237.98, "YCOORDINAAT": 458716.31, "CATEGORIEWATER": "primair", "GEMEENTENAAM": "Alphen aan den Rijn", "POLDERNAAM": "Geer- en Buurtpolder", "CODEPEILGEBIEDPRAKTIJK": "WW-20A", "MAXCAPACITEITLAATSTEMETING": null, "AFSLAGPEIL": null, "HOOFDFUNCTIE": "Poldergemaal - Lozend op boezem Rijnland", "OPMERKINGLEGGER": null, "COMPARTIMENT": "443", "LAAGSTEPEIL": null, "BREEDTEOPENING": null, "TYPEWATERKERNDECONSTRUCTIE": null, "BETREEDBAARHEID": null, "INDICATIENOODSTROOM": null, "LONGITUDE": 4.60231396, "LATITUDE": 52.11405881, "CODECOMPLEX": null, "OBJECTID2": 281}}, {"type": "Feature", "id": 283, "geometry": {"type": "Point", "coordinates": [106378.31399999931, 459604.6460000016]}, "properties": {"ONTWERPCAPACITEIT": null, "AANTALDOORSTROOMOPENINGEN": null, "ORACLE_OBJECTID": 8170, "CODE": "233-036-00021", "JAARVANAANLEG": 1996, "OPMERKING": "Krooshekreiniger geplaatst in 2011", "GEWOONONDERHOUD": "RIJNLAND", "BUITENGEWOONONDERHOUD": "RIJNLAND", "INWINNENDEINSTANTIE": "Hoogheemraadschap van Rijnland", "METENDEINSTANTIE": null, "INWINNINGSMETHODE": "digitaliseren", "DIMENSIE": "2D", "NAUWKEURIGHEIDXY": null, "NAUWKEURIGHEIDZ": null, "DATUMINWINNING": 0, "GEOKPOBJECTID": 894, "LAST_EDITED_DATE": 1783360875000, "ONTHEFFING": null, "NAAM": "Gemaal Zegersloot", "STATUSOBJECT": "gerealiseerd", "STATUSLEGGERWATERSYSTEEM": "Vastgesteld", "STATUSLEGGERWATERVEILIGHEID": null, "AARDLEGGERWIJZIGING": null, "FUNCTIEGEMAAL": "Afvoeren", "SOORTGEMAAL": "schroef- of axiaalpomp", "AANTALPOMPEN": 0, "INDICATIEWATERKEREND": "Ja", "KERENDEHOOGTE": -0.75, "MAXIMALECAPACITEIT": 21, "RICHTING": 0, "HYPERLINK": null, "HIJSVOORZIENING": null, "INDICATIEHERKENBAARHEID": null, "INDICATIEMONUMENT": null, "PRIMAIREAANDRIJVING": "electrisch", "DOSSIERCODE": null, "BEDIENING": "RIJNLAND", "ADRES": "Olympiaweg 6 , naast toegangspad", "POSTCODE": "2406LG", "PLAATS": "ALPHEN AAN DEN RIJN", "HYPERLINKFOTO1": null, "HYPERLINKFOTO2": null, "XCOORDINAAT": 106378.31, "YCOORDINAAT": 459604.65, "CATEGORIEWATER": "primair", "GEMEENTENAAM": "Alphen aan den Rijn", "POLDERNAAM": "Zegersloot", "CODEPEILGEBIEDPRAKTIJK": "OR-4.14.1.1", "MAXCAPACITEITLAATSTEMETING": null, "AFSLAGPEIL": null, "HOOFDFUNCTIE": "Poldergemaal - Lozend op boezem Rijnland", "OPMERKINGLEGGER": null, "COMPARTIMENT": "432", "LAAGSTEPEIL": null, "BREEDTEOPENING": null, "TYPEWATERKERNDECONSTRUCTIE": null, "BETREEDBAARHEID": null, "INDICATIENOODSTROOM": null, "LONGITUDE": 4.67722671, "LATITUDE": 52.12251832, "CODECOMPLEX": null, "OBJECTID2": 283}}, {"type": "Feature", "id": 286, "geometry": {"type": "Point", "coordinates": [118565.53400000185, 463725.4690000005]}, "properties": {"ONTWERPCAPACITEIT": null, "AANTALDOORSTROOMOPENINGEN": null, "ORACLE_OBJECTID": 7933, "CODE": "094-036-00061", "JAARVANAANLEG": 2014, "OPMERKING": "T.b.v. defosfateringsinstallatie Uitweg", "GEWOONONDERHOUD": "RIJNLAND", "BUITENGEWOONONDERHOUD": "RIJNLAND", "INWINNENDEINSTANTIE": "Hoogheemraadschap van Rijnland", "METENDEINSTANTIE": null, "INWINNINGSMETHODE": "digitaliseren", "DIMENSIE": "2D", "NAUWKEURIGHEIDXY": null, "NAUWKEURIGHEIDZ": null, "DATUMINWINNING": 0, "GEOKPOBJECTID": 794, "LAST_EDITED_DATE": 1783360875000, "ONTHEFFING": null, "NAAM": "Doorspoelgemaal Uitweg", "STATUSOBJECT": "gerealiseerd", "STATUSLEGGERWATERSYSTEEM": "Vastgesteld", "STATUSLEGGERWATERVEILIGHEID": null, "AARDLEGGERWIJZIGING": null, "FUNCTIEGEMAAL": "Doorspoelen", "SOORTGEMAAL": "vijzelgemaal", "AANTALPOMPEN": 0, "INDICATIEWATERKEREND": "Nee", "KERENDEHOOGTE": null, "MAXIMALECAPACITEIT": null, "RICHTING": 0, "HYPERLINK": null, "HIJSVOORZIENING": null, "INDICATIEHERKENBAARHEID": null, "INDICATIEMONUMENT": null, "PRIMAIREAANDRIJVING": "electrisch", "DOSSIERCODE": null, "BEDIENING": "RIJNLAND", "ADRES": "Uitweg 18 , tegenover (parkeerplaats op N463)", "POSTCODE": "3652LP", "PLAATS": "WOERDENSE VERLAAT", "HYPERLINKFOTO1": null, "HYPERLINKFOTO2": null, "XCOORDINAAT": 118565.53, "YCOORDINAAT": 463725.47, "CATEGORIEWATER": "overig", "GEMEENTENAAM": "Nieuwkoop", "POLDERNAAM": "Polder Nieuwkoop en Noorden", "CODEPEILGEBIEDPRAKTIJK": "OR-4.10.1.1", "MAXCAPACITEITLAATSTEMETING": null, "AFSLAGPEIL": null, "HOOFDFUNCTIE": "Doorspoelgemaal (waterkwaliteit)", "OPMERKINGLEGGER": null, "COMPARTIMENT": "440", "LAAGSTEPEIL": null, "BREEDTEOPENING": null, "TYPEWATERKERNDECONSTRUCTIE": null, "BETREEDBAARHEID": null, "INDICATIENOODSTROOM": null, "LONGITUDE": 4.85473524, "LATITUDE": 52.16049184, "CODECOMPLEX": null, "OBJECTID2": 286}}, {"type": "Feature", "id": 288, "geometry": {"type": "Point", "coordinates": [96881.98939999938, 464708.1259999983]}, "properties": {"ONTWERPCAPACITEIT": null, "AANTALDOORSTROOMOPENINGEN": null, "ORACLE_OBJECTID": 7041, "CODE": "228-036-00024", "JAARVANAANLEG": 2024, "OPMERKING": "Sulzer-pomp voor lokstroom vispassage", "GEWOONONDERHOUD": "RIJNLAND", "BUITENGEWOONONDERHOUD": "RIJNLAND", "INWINNENDEINSTANTIE": "Hoogheemraadschap van Rijnland", "METENDEINSTANTIE": null, "INWINNINGSMETHODE": "digitaliseren", "DIMENSIE": "2D", "NAUWKEURIGHEIDXY": null, "NAUWKEURIGHEIDZ": null, "DATUMINWINNING": 1754524800000, "GEOKPOBJECTID": 21782, "LAST_EDITED_DATE": 1767771845000, "ONTHEFFING": "Rijnland eigen werk", "NAAM": "Vispassage Munniken-, Zijllaan- en Meijepolder", "STATUSOBJECT": "gerealiseerd", "STATUSLEGGERWATERSYSTEEM": "Gewijzigd", "STATUSLEGGERWATERVEILIGHEID": null, "AARDLEGGERWIJZIGING": "nieuw kunstwerk. op basis van projectplan 2025", "FUNCTIEGEMAAL": null, "SOORTGEMAAL": "schroef- of axiaalpomp", "AANTALPOMPEN": 0, "INDICATIEWATERKEREND": null, "KERENDEHOOGTE": null, "MAXIMALECAPACITEIT": null, "RICHTING": null, "HYPERLINK": null, "HIJSVOORZIENING": null, "INDICATIEHERKENBAARHEID": null, "INDICATIEMONUMENT": null, "PRIMAIREAANDRIJVING": "electrisch", "DOSSIERCODE": null, "BEDIENING": "RIJNLAND", "ADRES": null, "POSTCODE": null, "PLAATS": null, "HYPERLINKFOTO1": null, "HYPERLINKFOTO2": null, "XCOORDINAAT": 96881.99, "YCOORDINAAT": 464708.13, "CATEGORIEWATER": null, "GEMEENTENAAM": "Leiderdorp", "POLDERNAAM": "Munniken-, Zijllaan- en Meijepolder", "CODEPEILGEBIEDPRAKTIJK": "OR-3.35.1.1", "MAXCAPACITEITLAATSTEMETING": null, "AFSLAGPEIL": null, "HOOFDFUNCTIE": "Vispassage", "OPMERKINGLEGGER": null, "COMPARTIMENT": "453", "LAAGSTEPEIL": null, "BREEDTEOPENING": null, "TYPEWATERKERNDECONSTRUCTIE": null, "BETREEDBAARHEID": null, "INDICATIENOODSTROOM": null, "LONGITUDE": 4.53770194, "LATITUDE": 52.16746769, "CODECOMPLEX": null, "OBJECTID2": 288}}, {"type": "Feature", "id": 293, "geometry": {"type": "Point", "coordinates": [99896.74399999902, 464643.64400000125]}, "properties": {"ONTWERPCAPACITEIT": null, "AANTALDOORSTROOMOPENINGEN": null, "ORACLE_OBJECTID": 7943, "CODE": "156-036-00021", "JAARVANAANLEG": 1983, "OPMERKING": "Capaciteit gemaal op basis van debietmeting in 2017", "GEWOONONDERHOUD": "RIJNLAND", "BUITENGEWOONONDERHOUD": "RIJNLAND", "INWINNENDEINSTANTIE": "Hoogheemraadschap van Rijnland", "METENDEINSTANTIE": null, "INWINNINGSMETHODE": "digitaliseren", "DIMENSIE": "2D", "NAUWKEURIGHEIDXY": null, "NAUWKEURIGHEIDZ": null, "DATUMINWINNING": 0, "GEOKPOBJECTID": 72, "LAST_EDITED_DATE": 1783360875000, "ONTHEFFING": null, "NAAM": "Gemaal Voorofsepolder", "STATUSOBJECT": "gerealiseerd", "STATUSLEGGERWATERSYSTEEM": "Vastgesteld", "STATUSLEGGERWATERVEILIGHEID": null, "AARDLEGGERWIJZIGING": null, "FUNCTIEGEMAAL": "Afvoeren", "SOORTGEMAAL": "vijzelgemaal", "AANTALPOMPEN": 0, "INDICATIEWATERKEREND": "Ja", "KERENDEHOOGTE": -0.57, "MAXIMALECAPACITEIT": 9.45, "RICHTING": 0, "HYPERLINK": null, "HIJSVOORZIENING": null, "INDICATIEHERKENBAARHEID": null, "INDICATIEMONUMENT": null, "PRIMAIREAANDRIJVING": "electrisch", "DOSSIERCODE": null, "BEDIENING": "RIJNLAND", "ADRES": "Voorofse Polderkade 2 , naast", "POSTCODE": "2355CV", "PLAATS": "HOOGMADE", "HYPERLINKFOTO1": null, "HYPERLINKFOTO2": null, "XCOORDINAAT": 99896.74, "YCOORDINAAT": 464643.64, "CATEGORIEWATER": "primair", "GEMEENTENAAM": "Kaag en Braassem", "POLDERNAAM": "Voorofse- & Kooipolder", "CODEPEILGEBIEDPRAKTIJK": "OR-3.47.1.1", "MAXCAPACITEITLAATSTEMETING": null, "AFSLAGPEIL": null, "HOOFDFUNCTIE": "Poldergemaal - Lozend op boezem Rijnland", "OPMERKINGLEGGER": null, "COMPARTIMENT": "453", "LAAGSTEPEIL": null, "BREEDTEOPENING": null, "TYPEWATERKERNDECONSTRUCTIE": null, "BETREEDBAARHEID": null, "INDICATIENOODSTROOM": null, "LONGITUDE": 4.58177431, "LATITUDE": 52.16719716, "CODECOMPLEX": null, "OBJECTID2": 293}}, {"type": "Feature", "id": 297, "geometry": {"type": "Point", "coordinates": [110851.40370000154, 464055.1904999986]}, "properties": {"ONTWERPCAPACITEIT": null, "AANTALDOORSTROOMOPENINGEN": null, "ORACLE_OBJECTID": 8047, "CODE": "093-036-00104", "JAARVANAANLEG": 2020, "OPMERKING": "Nieuwbouw, gemaal is vervanging van 093-036-00025 (Bron Sander de Rijk - 2022)", "GEWOONONDERHOUD": "RIJNLAND", "BUITENGEWOONONDERHOUD": "RIJNLAND", "INWINNENDEINSTANTIE": "Hoogheemraadschap van Rijnland", "METENDEINSTANTIE": null, "INWINNINGSMETHODE": null, "DIMENSIE": "2D", "NAUWKEURIGHEIDXY": 20, "NAUWKEURIGHEIDZ": null, "DATUMINWINNING": 1483401600000, "GEOKPOBJECTID": 939, "LAST_EDITED_DATE": 1783360875000, "ONTHEFFING": null, "NAAM": "Vakgemaal Polder Nieuwkoop (Achttienkavels)", "STATUSOBJECT": "gerealiseerd", "STATUSLEGGERWATERSYSTEEM": "Vastgesteld", "STATUSLEGGERWATERVEILIGHEID": null, "AARDLEGGERWIJZIGING": null, "FUNCTIEGEMAAL": "Afvoeren", "SOORTGEMAAL": "schroef- of axiaalpomp", "AANTALPOMPEN": 0, "INDICATIEWATERKEREND": "Nee", "KERENDEHOOGTE": null, "MAXIMALECAPACITEIT": 8.4, "RICHTING": 0, "HYPERLINK": null, "HIJSVOORZIENING": null, "INDICATIEHERKENBAARHEID": null, "INDICATIEMONUMENT": null, "PRIMAIREAANDRIJVING": "electrisch", "DOSSIERCODE": null, "BEDIENING": "RIJNLAND", "ADRES": "Achttienkavels 10 , naast; overkant water", "POSTCODE": "2421LG", "PLAATS": "NIEUWKOOP", "HYPERLINKFOTO1": "X:\\Irisdata\\Intranet\\tekeningen\\gemalen\\093-036-00104 (1).pdf", "HYPERLINKFOTO2": null, "XCOORDINAAT": 110851.4, "YCOORDINAAT": 464055.19, "CATEGORIEWATER": "primair", "GEMEENTENAAM": "Nieuwkoop", "POLDERNAAM": "Polder Nieuwkoop", "CODEPEILGEBIEDPRAKTIJK": "OR-4.09.4.1", "MAXCAPACITEITLAATSTEMETING": null, "AFSLAGPEIL": null, "HOOFDFUNCTIE": "Vakgemaal", "OPMERKINGLEGGER": null, "COMPARTIMENT": "468", "LAAGSTEPEIL": null, "BREEDTEOPENING": null, "TYPEWATERKERNDECONSTRUCTIE": null, "BETREEDBAARHEID": null, "INDICATIENOODSTROOM": null, "LONGITUDE": 4.74196115, "LATITUDE": 52.16289265, "CODECOMPLEX": null, "OBJECTID2": 297}}, {"type": "Feature", "id": 299, "geometry": {"type": "Point", "coordinates": [96887.60080000013, 464705.28180000186]}, "properties": {"ONTWERPCAPACITEIT": null, "AANTALDOORSTROOMOPENINGEN": null, "ORACLE_OBJECTID": 8182, "CODE": "228-036-00021", "JAARVANAANLEG": 2003, "OPMERKING": "Gemaal in 2024 gerenoveerd", "GEWOONONDERHOUD": "RIJNLAND", "BUITENGEWOONONDERHOUD": "RIJNLAND", "INWINNENDEINSTANTIE": "Hoogheemraadschap van Rijnland", "METENDEINSTANTIE": null, "INWINNINGSMETHODE": "digitaliseren", "DIMENSIE": "2D", "NAUWKEURIGHEIDXY": null, "NAUWKEURIGHEIDZ": null, "DATUMINWINNING": 0, "GEOKPOBJECTID": 493, "LAST_EDITED_DATE": 1786612243000, "ONTHEFFING": "V36314", "NAAM": "Gemaal Munniken-, Zijllaan- en Meijepolder", "STATUSOBJECT": "gerealiseerd", "STATUSLEGGERWATERSYSTEEM": "Vastgesteld", "STATUSLEGGERWATERVEILIGHEID": null, "AARDLEGGERWIJZIGING": null, "FUNCTIEGEMAAL": "Afvoeren", "SOORTGEMAAL": "centrifugaal- of radiaalpomp", "AANTALPOMPEN": 0, "INDICATIEWATERKEREND": "Ja", "KERENDEHOOGTE": 0, "MAXIMALECAPACITEIT": 48, "RICHTING": 0, "HYPERLINK": null, "HIJSVOORZIENING": null, "INDICATIEHERKENBAARHEID": null, "INDICATIEMONUMENT": null, "PRIMAIREAANDRIJVING": "electrisch", "DOSSIERCODE": null, "BEDIENING": "RIJNLAND", "ADRES": "Grotiuslaan 44 , tegenover", "POSTCODE": "2553BW", "PLAATS": "LEIDERDORP", "HYPERLINKFOTO1": "X:\\Irisdata\\Intranet\\fotos\\gemalen\\OR-3.35-1.1-F4.JPG", "HYPERLINKFOTO2": "X:\\Irisdata\\Intranet\\fotos\\gemalen\\OR-3.35-1.1-F2.JPG", "XCOORDINAAT": 96887.6, "YCOORDINAAT": 464705.28, "CATEGORIEWATER": "primair", "GEMEENTENAAM": "Leiderdorp", "POLDERNAAM": "Munniken-, Zijllaan- en Meijepolder", "CODEPEILGEBIEDPRAKTIJK": "OR-3.35.1.1", "MAXCAPACITEITLAATSTEMETING": null, "AFSLAGPEIL": null, "HOOFDFUNCTIE": "Poldergemaal - Lozend op boezem Rijnland", "OPMERKINGLEGGER": null, "COMPARTIMENT": "453", "LAAGSTEPEIL": null, "BREEDTEOPENING": null, "TYPEWATERKERNDECONSTRUCTIE": null, "BETREEDBAARHEID": null, "INDICATIENOODSTROOM": null, "LONGITUDE": 4.53778444, "LATITUDE": 52.16744272, "CODECOMPLEX": null, "OBJECTID2": 299}}, {"type": "Feature", "id": 301, "geometry": {"type": "Point", "coordinates": [108730.33300000057, 458901.37000000104]}, "properties": {"ONTWERPCAPACITEIT": null, "AANTALDOORSTROOMOPENINGEN": null, "ORACLE_OBJECTID": 7946, "CODE": "027-036-00021", "JAARVANAANLEG": 1994, "OPMERKING": "<Null>", "GEWOONONDERHOUD": "RIJNLAND", "BUITENGEWOONONDERHOUD": "RIJNLAND", "INWINNENDEINSTANTIE": "Hoogheemraadschap van Rijnland", "METENDEINSTANTIE": null, "INWINNINGSMETHODE": "digitaliseren", "DIMENSIE": "2D", "NAUWKEURIGHEIDXY": null, "NAUWKEURIGHEIDZ": null, "DATUMINWINNING": 0, "GEOKPOBJECTID": 419, "LAST_EDITED_DATE": 1783360875000, "ONTHEFFING": null, "NAAM": "Gemaal Molen 3 Dr. Polder aan de W.zijde te Aarlanderveen", "STATUSOBJECT": "gerealiseerd", "STATUSLEGGERWATERSYSTEEM": "Vastgesteld", "STATUSLEGGERWATERVEILIGHEID": null, "AARDLEGGERWIJZIGING": null, "FUNCTIEGEMAAL": "Afvoeren", "SOORTGEMAAL": "onbekend", "AANTALPOMPEN": 0, "INDICATIEWATERKEREND": "Ja", "KERENDEHOOGTE": 0, "MAXIMALECAPACITEIT": 35.52, "RICHTING": 0, "HYPERLINK": null, "HIJSVOORZIENING": null, "INDICATIEHERKENBAARHEID": null, "INDICATIEMONUMENT": null, "PRIMAIREAANDRIJVING": "electrisch", "DOSSIERCODE": null, "BEDIENING": "RIJNLAND", "ADRES": "Korsteekterweg 24 , naast", "POSTCODE": "2407AG", "PLAATS": "ALPHEN AAN DEN RIJN", "HYPERLINKFOTO1": null, "HYPERLINKFOTO2": null, "XCOORDINAAT": 108730.33, "YCOORDINAAT": 458901.37, "CATEGORIEWATER": "primair", "GEMEENTENAAM": "Alphen aan den Rijn", "POLDERNAAM": "Zuid- en Noordeinderpolder", "CODEPEILGEBIEDPRAKTIJK": "OR-4.12.1.15", "MAXCAPACITEITLAATSTEMETING": null, "AFSLAGPEIL": null, "HOOFDFUNCTIE": "Poldergemaal - Lozend op boezem Rijnland", "OPMERKINGLEGGER": null, "COMPARTIMENT": "432", "LAAGSTEPEIL": null, "BREEDTEOPENING": null, "TYPEWATERKERNDECONSTRUCTIE": null, "BETREEDBAARHEID": null, "INDICATIENOODSTROOM": null, "LONGITUDE": 4.71166425, "LATITUDE": 52.11639941, "CODECOMPLEX": null, "OBJECTID2": 301}}, {"type": "Feature", "id": 302, "geometry": {"type": "Point", "coordinates": [109479.54470000044, 460052.18239999935]}, "properties": {"ONTWERPCAPACITEIT": null, "AANTALDOORSTROOMOPENINGEN": null, "ORACLE_OBJECTID": 7947, "CODE": "027-036-00022", "JAARVANAANLEG": 1994, "OPMERKING": "<Null>", "GEWOONONDERHOUD": "RIJNLAND", "BUITENGEWOONONDERHOUD": "RIJNLAND", "INWINNENDEINSTANTIE": "Hoogheemraadschap van Rijnland", "METENDEINSTANTIE": null, "INWINNINGSMETHODE": "digitaliseren", "DIMENSIE": "2D", "NAUWKEURIGHEIDXY": null, "NAUWKEURIGHEIDZ": null, "DATUMINWINNING": 0, "GEOKPOBJECTID": 420, "LAST_EDITED_DATE": 1783360875000, "ONTHEFFING": null, "NAAM": "Vakgemaal Molen 2 Dr. Polder aan de W.zijde te Aarlanderveen", "STATUSOBJECT": "gerealiseerd", "STATUSLEGGERWATERSYSTEEM": "Vastgesteld", "STATUSLEGGERWATERVEILIGHEID": null, "AARDLEGGERWIJZIGING": null, "FUNCTIEGEMAAL": "Afvoeren", "SOORTGEMAAL": "onbekend", "AANTALPOMPEN": 0, "INDICATIEWATERKEREND": "Ja", "KERENDEHOOGTE": 0, "MAXIMALECAPACITEIT": 35.52, "RICHTING": 0, "HYPERLINK": null, "HIJSVOORZIENING": null, "INDICATIEHERKENBAARHEID": null, "INDICATIEMONUMENT": null, "PRIMAIREAANDRIJVING": "electrisch", "DOSSIERCODE": null, "BEDIENING": "RIJNLAND", "ADRES": "Achtermiddenweg 2 , naast", "POSTCODE": "2445AA", "PLAATS": "ALPHEN AAN DEN RIJN", "HYPERLINKFOTO1": null, "HYPERLINKFOTO2": null, "XCOORDINAAT": 109479.54, "YCOORDINAAT": 460052.18, "CATEGORIEWATER": "primair", "GEMEENTENAAM": "Alphen aan den Rijn", "POLDERNAAM": "Drooggemaakte Polder aan de Westzijde te Aarlanderveen", "CODEPEILGEBIEDPRAKTIJK": "OR-4.11.1.1", "MAXCAPACITEITLAATSTEMETING": null, "AFSLAGPEIL": null, "HOOFDFUNCTIE": "Vakgemaal", "OPMERKINGLEGGER": null, "COMPARTIMENT": "432", "LAAGSTEPEIL": null, "BREEDTEOPENING": null, "TYPEWATERKERNDECONSTRUCTIE": null, "BETREEDBAARHEID": null, "INDICATIENOODSTROOM": null, "LONGITUDE": 4.7224482, "LATITUDE": 52.12680448, "CODECOMPLEX": null, "OBJECTID2": 302}}, {"type": "Feature", "id": 303, "geometry": {"type": "Point", "coordinates": [109386.96400000155, 460981.7960000001]}, "properties": {"ONTWERPCAPACITEIT": null, "AANTALDOORSTROOMOPENINGEN": null, "ORACLE_OBJECTID": 7948, "CODE": "027-036-00023", "JAARVANAANLEG": 1994, "OPMERKING": "<Null>", "GEWOONONDERHOUD": "RIJNLAND", "BUITENGEWOONONDERHOUD": "RIJNLAND", "INWINNENDEINSTANTIE": "Hoogheemraadschap van Rijnland", "METENDEINSTANTIE": null, "INWINNINGSMETHODE": "digitaliseren", "DIMENSIE": "2D", "NAUWKEURIGHEIDXY": null, "NAUWKEURIGHEIDZ": null, "DATUMINWINNING": 0, "GEOKPOBJECTID": 421, "LAST_EDITED_DATE": 1783360875000, "ONTHEFFING": null, "NAAM": "Vakgemaal Molen 4 Dr. Polder aan de W.zijde te Aarlanderveen", "STATUSOBJECT": "gerealiseerd", "STATUSLEGGERWATERSYSTEEM": "Vastgesteld", "STATUSLEGGERWATERVEILIGHEID": null, "AARDLEGGERWIJZIGING": null, "FUNCTIEGEMAAL": "Afvoeren", "SOORTGEMAAL": "onbekend", "AANTALPOMPEN": 0, "INDICATIEWATERKEREND": "Ja", "KERENDEHOOGTE": 0, "MAXIMALECAPACITEIT": 5.4, "RICHTING": 0, "HYPERLINK": null, "HIJSVOORZIENING": null, "INDICATIEHERKENBAARHEID": null, "INDICATIEMONUMENT": null, "PRIMAIREAANDRIJVING": "electrisch", "DOSSIERCODE": null, "BEDIENING": "RIJNLAND", "ADRES": "Kerkvaartsweg 61 , achter", "POSTCODE": "2445AC", "PLAATS": "AARLANDERVEEN", "HYPERLINKFOTO1": null, "HYPERLINKFOTO2": null, "XCOORDINAAT": 109386.96, "YCOORDINAAT": 460981.8, "CATEGORIEWATER": "overig", "GEMEENTENAAM": "Alphen aan den Rijn", "POLDERNAAM": "Drooggemaakte Polder aan de Westzijde te Aarlanderveen", "CODEPEILGEBIEDPRAKTIJK": "OR-4.11.2.1", "MAXCAPACITEITLAATSTEMETING": null, "AFSLAGPEIL": null, "HOOFDFUNCTIE": "Vakgemaal", "OPMERKINGLEGGER": null, "COMPARTIMENT": "432", "LAAGSTEPEIL": null, "BREEDTEOPENING": null, "TYPEWATERKERNDECONSTRUCTIE": null, "BETREEDBAARHEID": null, "INDICATIENOODSTROOM": null, "LONGITUDE": 4.72097169, "LATITUDE": 52.13515172, "CODECOMPLEX": null, "OBJECTID2": 303}}, {"type": "Feature", "id": 304, "geometry": {"type": "Point", "coordinates": [108194.82299999893, 461695.64499999955]}, "properties": {"ONTWERPCAPACITEIT": null, "AANTALDOORSTROOMOPENINGEN": null, "ORACLE_OBJECTID": 7950, "CODE": "169-036-00022", "JAARVANAANLEG": 2017, "OPMERKING": null, "GEWOONONDERHOUD": "RIJNLAND", "BUITENGEWOONONDERHOUD": "RIJNLAND", "INWINNENDEINSTANTIE": "Hoogheemraadschap van Rijnland", "METENDEINSTANTIE": null, "INWINNINGSMETHODE": "digitaliseren", "DIMENSIE": "2D", "NAUWKEURIGHEIDXY": null, "NAUWKEURIGHEIDZ": null, "DATUMINWINNING": 0, "GEOKPOBJECTID": 423, "LAST_EDITED_DATE": 1784010878000, "ONTHEFFING": null, "NAAM": "Inlaatgemaal Zuid- en Noordeinderpolder (Kassengebied 1)", "STATUSOBJECT": "gerealiseerd", "STATUSLEGGERWATERSYSTEEM": "Vastgesteld", "STATUSLEGGERWATERVEILIGHEID": null, "AARDLEGGERWIJZIGING": null, "FUNCTIEGEMAAL": "Afvoeren", "SOORTGEMAAL": "schroef- of axiaalpomp", "AANTALPOMPEN": 0, "INDICATIEWATERKEREND": "Nee", "KERENDEHOOGTE": 0, "MAXIMALECAPACITEIT": 2, "RICHTING": 0, "HYPERLINK": null, "HIJSVOORZIENING": null, "INDICATIEHERKENBAARHEID": null, "INDICATIEMONUMENT": null, "PRIMAIREAANDRIJVING": "electrisch", "DOSSIERCODE": null, "BEDIENING": "RIJNLAND", "ADRES": "Oostkanaalweg 10 , 200 meter noordelijk; nabij rotonde", "POSTCODE": "2445BA", "PLAATS": "AARLANDERVEEN", "HYPERLINKFOTO1": "X:\\Irisdata\\Intranet\\fotos\\gemalen\\169-036-00022\\169-036-00022 (6).JPG", "HYPERLINKFOTO2": "X:\\Irisdata\\Intranet\\fotos\\gemalen\\169-036-00022\\169-036-00022 (7).JPG", "XCOORDINAAT": 108194.82, "YCOORDINAAT": 461695.64, "CATEGORIEWATER": "overig", "GEMEENTENAAM": "Alphen aan den Rijn", "POLDERNAAM": "Zuid- en Noordeinderpolder", "CODEPEILGEBIEDPRAKTIJK": "OR-4.12.1.1", "MAXCAPACITEITLAATSTEMETING": null, "AFSLAGPEIL": null, "HOOFDFUNCTIE": "Inlaatgemaal", "OPMERKINGLEGGER": null, "COMPARTIMENT": "432", "LAAGSTEPEIL": null, "BREEDTEOPENING": null, "TYPEWATERKERNDECONSTRUCTIE": null, "BETREEDBAARHEID": null, "INDICATIENOODSTROOM": null, "LONGITUDE": 4.70346203, "LATITUDE": 52.14146776, "CODECOMPLEX": null, "OBJECTID2": 304}}, {"type": "Feature", "id": 309, "geometry": {"type": "Point", "coordinates": [98160.80799999833, 463308.4750000015]}, "properties": {"ONTWERPCAPACITEIT": null, "AANTALDOORSTROOMOPENINGEN": null, "ORACLE_OBJECTID": 8193, "CODE": "002-036-00021", "JAARVANAANLEG": 1987, "OPMERKING": "<Null>", "GEWOONONDERHOUD": "RIJNLAND", "BUITENGEWOONONDERHOUD": "RIJNLAND", "INWINNENDEINSTANTIE": "Hoogheemraadschap van Rijnland", "METENDEINSTANTIE": null, "INWINNINGSMETHODE": "digitaliseren", "DIMENSIE": "2D", "NAUWKEURIGHEIDXY": null, "NAUWKEURIGHEIDZ": null, "DATUMINWINNING": 0, "GEOKPOBJECTID": 465, "LAST_EDITED_DATE": 1783360875000, "ONTHEFFING": null, "NAAM": "Gemaal Polder Achthoven", "STATUSOBJECT": "gerealiseerd", "STATUSLEGGERWATERSYSTEEM": "Vastgesteld", "STATUSLEGGERWATERVEILIGHEID": null, "AARDLEGGERWIJZIGING": null, "FUNCTIEGEMAAL": "Afvoeren", "SOORTGEMAAL": "vijzelgemaal", "AANTALPOMPEN": 0, "INDICATIEWATERKEREND": "Ja", "KERENDEHOOGTE": -0.9, "MAXIMALECAPACITEIT": 37.98, "RICHTING": 0, "HYPERLINK": null, "HIJSVOORZIENING": null, "INDICATIEHERKENBAARHEID": null, "INDICATIEMONUMENT": null, "PRIMAIREAANDRIJVING": "diesel", "DOSSIERCODE": null, "BEDIENING": "RIJNLAND", "ADRES": "Ruigekade 9 , naast", "POSTCODE": "2351SX", "PLAATS": "LEIDERDORP", "HYPERLINKFOTO1": null, "HYPERLINKFOTO2": null, "XCOORDINAAT": 98160.81, "YCOORDINAAT": 463308.48, "CATEGORIEWATER": "overig", "GEMEENTENAAM": "Leiderdorp", "POLDERNAAM": "Polder Achthoven", "CODEPEILGEBIEDPRAKTIJK": "OR-3.10.1.1", "MAXCAPACITEITLAATSTEMETING": null, "AFSLAGPEIL": null, "HOOFDFUNCTIE": "Poldergemaal - Lozend op boezem Rijnland", "OPMERKINGLEGGER": null, "COMPARTIMENT": "453", "LAAGSTEPEIL": null, "BREEDTEOPENING": null, "TYPEWATERKERNDECONSTRUCTIE": null, "BETREEDBAARHEID": null, "INDICATIENOODSTROOM": null, "LONGITUDE": 4.55662648, "LATITUDE": 52.15502189, "CODECOMPLEX": null, "OBJECTID2": 309}}, {"type": "Feature", "id": 310, "geometry": {"type": "Point", "coordinates": [100169.84600000083, 461671.84899999946]}, "properties": {"ONTWERPCAPACITEIT": null, "AANTALDOORSTROOMOPENINGEN": null, "ORACLE_OBJECTID": 8194, "CODE": "051-036-00022", "JAARVANAANLEG": 1959, "OPMERKING": "Gemaal zou vervangen worden door 051-036-00023 (Bron Simone Verkooijen - 2017), maar 051-036-00023l is uit scope gehaald (Bron Simone Verkooijen - 2020); Gemaal wordt nu geamoveerd (Maatregel HLV-10 Hondsdijkse- en Lagewaardsepolder - 21.079356) en d", "GEWOONONDERHOUD": "RIJNLAND", "BUITENGEWOONONDERHOUD": "RIJNLAND", "INWINNENDEINSTANTIE": "Hoogheemraadschap van Rijnland", "METENDEINSTANTIE": null, "INWINNINGSMETHODE": "digitaliseren", "DIMENSIE": "2D", "NAUWKEURIGHEIDXY": null, "NAUWKEURIGHEIDZ": null, "DATUMINWINNING": 0, "GEOKPOBJECTID": 485, "LAST_EDITED_DATE": 1783360875000, "ONTHEFFING": null, "NAAM": "Gemaal Hondsdijksepolder", "STATUSOBJECT": "te verwijderen", "STATUSLEGGERWATERSYSTEEM": "Niet van toepassing", "STATUSLEGGERWATERVEILIGHEID": null, "AARDLEGGERWIJZIGING": null, "FUNCTIEGEMAAL": "Afvoeren", "SOORTGEMAAL": "vijzelgemaal", "AANTALPOMPEN": 0, "INDICATIEWATERKEREND": "Ja", "KERENDEHOOGTE": -0.94, "MAXIMALECAPACITEIT": 30.3, "RICHTING": 0, "HYPERLINK": null, "HIJSVOORZIENING": null, "INDICATIEHERKENBAARHEID": null, "INDICATIEMONUMENT": null, "PRIMAIREAANDRIJVING": "diesel", "DOSSIERCODE": null, "BEDIENING": "RIJNLAND", "ADRES": "Dorpsstraat 65 , naast", "POSTCODE": "2396HD", "PLAATS": "KOUDEKERK AAN DEN RIJN", "HYPERLINKFOTO1": null, "HYPERLINKFOTO2": null, "XCOORDINAAT": 100169.85, "YCOORDINAAT": 461671.85, "CATEGORIEWATER": "primair", "GEMEENTENAAM": "Alphen aan den Rijn", "POLDERNAAM": "Hondsdijksepolder", "CODEPEILGEBIEDPRAKTIJK": "OR-3.26.1.1", "MAXCAPACITEITLAATSTEMETING": null, "AFSLAGPEIL": null, "HOOFDFUNCTIE": "Poldergemaal - Lozend op boezem Rijnland", "OPMERKINGLEGGER": null, "COMPARTIMENT": "477", "LAAGSTEPEIL": null, "BREEDTEOPENING": null, "TYPEWATERKERNDECONSTRUCTIE": null, "BETREEDBAARHEID": null, "INDICATIENOODSTROOM": null, "LONGITUDE": 4.58624519, "LATITUDE": 52.14051617, "CODECOMPLEX": null, "OBJECTID2": 310}}, {"type": "Feature", "id": 314, "geometry": {"type": "Point", "coordinates": [107788.18899999931, 458205.16099999845]}, "properties": {"ONTWERPCAPACITEIT": null, "AANTALDOORSTROOMOPENINGEN": null, "ORACLE_OBJECTID": 8057, "CODE": "137-036-00028", "JAARVANAANLEG": 2014, "OPMERKING": "Projectplan corsa 12.25981; Capaciteit gemaal op basis van debietmeting in 2014", "GEWOONONDERHOUD": "RIJNLAND", "BUITENGEWOONONDERHOUD": "RIJNLAND", "INWINNENDEINSTANTIE": "Hoogheemraadschap van Rijnland", "METENDEINSTANTIE": null, "INWINNINGSMETHODE": null, "DIMENSIE": "2D", "NAUWKEURIGHEIDXY": null, "NAUWKEURIGHEIDZ": null, "DATUMINWINNING": 1340755200000, "GEOKPOBJECTID": 674, "LAST_EDITED_DATE": 1783360875000, "ONTHEFFING": null, "NAAM": "Gemaal Steekt", "STATUSOBJECT": "gerealiseerd", "STATUSLEGGERWATERSYSTEEM": "Vastgesteld", "STATUSLEGGERWATERVEILIGHEID": null, "AARDLEGGERWIJZIGING": null, "FUNCTIEGEMAAL": "Afvoeren", "SOORTGEMAAL": "vijzelgemaal", "AANTALPOMPEN": 0, "INDICATIEWATERKEREND": "Ja", "KERENDEHOOGTE": null, "MAXIMALECAPACITEIT": 94.4, "RICHTING": 0, "HYPERLINK": null, "HIJSVOORZIENING": null, "INDICATIEHERKENBAARHEID": null, "INDICATIEMONUMENT": null, "PRIMAIREAANDRIJVING": "electrisch", "DOSSIERCODE": null, "BEDIENING": "RIJNLAND", "ADRES": "Steekterweg 31 , naast", "POSTCODE": "2407BD", "PLAATS": "ALPHEN AAN DEN RIJN", "HYPERLINKFOTO1": null, "HYPERLINKFOTO2": null, "XCOORDINAAT": 107788.19, "YCOORDINAAT": 458205.16, "CATEGORIEWATER": "primair", "GEMEENTENAAM": "Alphen aan den Rijn", "POLDERNAAM": "Polder Steekt", "CODEPEILGEBIEDPRAKTIJK": "WW-26A", "MAXCAPACITEITLAATSTEMETING": null, "AFSLAGPEIL": null, "HOOFDFUNCTIE": "Poldergemaal - Lozend op boezem Rijnland", "OPMERKINGLEGGER": null, "COMPARTIMENT": "437", "LAAGSTEPEIL": null, "BREEDTEOPENING": null, "TYPEWATERKERNDECONSTRUCTIE": null, "BETREEDBAARHEID": null, "INDICATIENOODSTROOM": null, "LONGITUDE": 4.69800635, "LATITUDE": 52.11006265, "CODECOMPLEX": null, "OBJECTID2": 314}}, {"type": "Feature", "id": 320, "geometry": {"type": "Point", "coordinates": [109585.02800000086, 463635.9290000014]}, "properties": {"ONTWERPCAPACITEIT": null, "AANTALDOORSTROOMOPENINGEN": null, "ORACLE_OBJECTID": 7964, "CODE": "221-036-00021", "JAARVANAANLEG": null, "OPMERKING": "<Null>", "GEWOONONDERHOUD": "RIJNLAND", "BUITENGEWOONONDERHOUD": "RIJNLAND", "INWINNENDEINSTANTIE": "Hoogheemraadschap van Rijnland", "METENDEINSTANTIE": null, "INWINNINGSMETHODE": "digitaliseren", "DIMENSIE": "2D", "NAUWKEURIGHEIDXY": null, "NAUWKEURIGHEIDZ": null, "DATUMINWINNING": 0, "GEOKPOBJECTID": 441, "LAST_EDITED_DATE": 1783360875000, "ONTHEFFING": null, "NAAM": "Gemaal Drooggemaakte Hoef- en Schoutenpolder", "STATUSOBJECT": "gerealiseerd", "STATUSLEGGERWATERSYSTEEM": "Vastgesteld", "STATUSLEGGERWATERVEILIGHEID": null, "AARDLEGGERWIJZIGING": null, "FUNCTIEGEMAAL": "Afvoeren", "SOORTGEMAAL": "onbekend", "AANTALPOMPEN": 0, "INDICATIEWATERKEREND": "Ja", "KERENDEHOOGTE": 0, "MAXIMALECAPACITEIT": 1.02, "RICHTING": 0, "HYPERLINK": null, "HIJSVOORZIENING": null, "INDICATIEHERKENBAARHEID": null, "INDICATIEMONUMENT": null, "PRIMAIREAANDRIJVING": "electrisch", "DOSSIERCODE": null, "BEDIENING": "RIJNLAND", "ADRES": "Korteraarseweg 158 , achter", "POSTCODE": "2461GS", "PLAATS": "TER AAR", "HYPERLINKFOTO1": null, "HYPERLINKFOTO2": null, "XCOORDINAAT": 109585.03, "YCOORDINAAT": 463635.93, "CATEGORIEWATER": "overig", "GEMEENTENAAM": "Nieuwkoop", "POLDERNAAM": "Drooggemaakte Hoef- en Schoutenpolder", "CODEPEILGEBIEDPRAKTIJK": "OR-4.13.1.1", "MAXCAPACITEITLAATSTEMETING": null, "AFSLAGPEIL": null, "HOOFDFUNCTIE": "Poldergemaal - Lozend op boezem Rijnland", "OPMERKINGLEGGER": null, "COMPARTIMENT": "468", "LAAGSTEPEIL": null, "BREEDTEOPENING": null, "TYPEWATERKERNDECONSTRUCTIE": null, "BETREEDBAARHEID": null, "INDICATIENOODSTROOM": null, "LONGITUDE": 4.72350997, "LATITUDE": 52.15902192, "CODECOMPLEX": null, "OBJECTID2": 320}}, {"type": "Feature", "id": 330, "geometry": {"type": "Point", "coordinates": [105814.81599999964, 453043.5159999989]}, "properties": {"ONTWERPCAPACITEIT": null, "AANTALDOORSTROOMOPENINGEN": null, "ORACLE_OBJECTID": 8077, "CODE": "241-036-00028", "JAARVANAANLEG": 2009, "OPMERKING": null, "GEWOONONDERHOUD": "RIJNLAND", "BUITENGEWOONONDERHOUD": "RIJNLAND", "INWINNENDEINSTANTIE": "Hoogheemraadschap van Rijnland", "METENDEINSTANTIE": null, "INWINNINGSMETHODE": null, "DIMENSIE": "2D", "NAUWKEURIGHEIDXY": null, "NAUWKEURIGHEIDZ": null, "DATUMINWINNING": 1375056000000, "GEOKPOBJECTID": 648, "LAST_EDITED_DATE": 1788336914000, "ONTHEFFING": null, "NAAM": "Vakgemaal Gouwedreef", "STATUSOBJECT": "gerealiseerd", "STATUSLEGGERWATERSYSTEEM": "Vastgesteld", "STATUSLEGGERWATERVEILIGHEID": null, "AARDLEGGERWIJZIGING": null, "FUNCTIEGEMAAL": "Afvoeren", "SOORTGEMAAL": "schroef- of axiaalpomp", "AANTALPOMPEN": 0, "INDICATIEWATERKEREND": "Nee", "KERENDEHOOGTE": null, "MAXIMALECAPACITEIT": 3.2, "RICHTING": 0, "HYPERLINK": null, "HIJSVOORZIENING": null, "INDICATIEHERKENBAARHEID": null, "INDICATIEMONUMENT": null, "PRIMAIREAANDRIJVING": "electrisch", "DOSSIERCODE": null, "BEDIENING": "RIJNLAND", "ADRES": "Randenburgeseweg 19d, naast", "POSTCODE": "2811PD", "PLAATS": "REEUWIJK", "HYPERLINKFOTO1": "X:\\Irisdata\\Intranet\\fotos\\gemalen\\241-036-00028_002.jpg", "HYPERLINKFOTO2": "X:\\Irisdata\\Intranet\\fotos\\gemalen\\241-036-00028_001.jpg", "XCOORDINAAT": 105814.82, "YCOORDINAAT": 453043.52, "CATEGORIEWATER": "overig", "GEMEENTENAAM": "Bodegraven-Reeuwijk", "POLDERNAAM": "Gouwepolder", "CODEPEILGEBIEDPRAKTIJK": "WW-28F", "MAXCAPACITEITLAATSTEMETING": null, "AFSLAGPEIL": null, "HOOFDFUNCTIE": "Vakgemaal", "OPMERKINGLEGGER": null, "COMPARTIMENT": "443", "LAAGSTEPEIL": null, "BREEDTEOPENING": null, "TYPEWATERKERNDECONSTRUCTIE": null, "BETREEDBAARHEID": null, "INDICATIENOODSTROOM": null, "LONGITUDE": 4.66994555, "LATITUDE": 52.06350069, "CODECOMPLEX": null, "OBJECTID2": 330}}, {"type": "Feature", "id": 334, "geometry": {"type": "Point", "coordinates": [107923.50400000066, 447255.4864999987]}, "properties": {"ONTWERPCAPACITEIT": null, "AANTALDOORSTROOMOPENINGEN": null, "ORACLE_OBJECTID": 8213, "CODE": "252-036-00021", "JAARVANAANLEG": null, "OPMERKING": "Projectplan 91807, Corsa nr. 12.37353", "GEWOONONDERHOUD": "RIJNLAND", "BUITENGEWOONONDERHOUD": "RIJNLAND", "INWINNENDEINSTANTIE": "Hoogheemraadschap van Rijnland", "METENDEINSTANTIE": null, "INWINNINGSMETHODE": "digitaliseren", "DIMENSIE": "2D", "NAUWKEURIGHEIDXY": null, "NAUWKEURIGHEIDZ": null, "DATUMINWINNING": 0, "GEOKPOBJECTID": 656, "LAST_EDITED_DATE": 1783360875000, "ONTHEFFING": null, "NAAM": "Gemaal Spruit", "STATUSOBJECT": "gerealiseerd", "STATUSLEGGERWATERSYSTEEM": "Vastgesteld", "STATUSLEGGERWATERVEILIGHEID": null, "AARDLEGGERWIJZIGING": null, "FUNCTIEGEMAAL": "Afvoeren", "SOORTGEMAAL": "schroef- of axiaalpomp", "AANTALPOMPEN": 0, "INDICATIEWATERKEREND": "Ja", "KERENDEHOOGTE": 0, "MAXIMALECAPACITEIT": 3.3, "RICHTING": 0, "HYPERLINK": null, "HIJSVOORZIENING": null, "INDICATIEHERKENBAARHEID": null, "INDICATIEMONUMENT": null, "PRIMAIREAANDRIJVING": "electrisch", "DOSSIERCODE": null, "BEDIENING": "RIJNLAND", "ADRES": "Nieuwe Gouwe Westzijde 20 , naast", "POSTCODE": "2802AN", "PLAATS": "GOUDA", "HYPERLINKFOTO1": null, "HYPERLINKFOTO2": null, "XCOORDINAAT": 107923.5, "YCOORDINAAT": 447255.49, "CATEGORIEWATER": "primair", "GEMEENTENAAM": "Gouda", "POLDERNAAM": "Polder Spruit", "CODEPEILGEBIEDPRAKTIJK": "WW-33", "MAXCAPACITEITLAATSTEMETING": null, "AFSLAGPEIL": null, "HOOFDFUNCTIE": "Poldergemaal - Lozend op andere poldersysteem", "OPMERKINGLEGGER": null, "COMPARTIMENT": "467-RWS", "LAAGSTEPEIL": null, "BREEDTEOPENING": null, "TYPEWATERKERNDECONSTRUCTIE": null, "BETREEDBAARHEID": null, "INDICATIENOODSTROOM": null, "LONGITUDE": 4.70149082, "LATITUDE": 52.01166353, "CODECOMPLEX": null, "OBJECTID2": 334}}, {"type": "Feature", "id": 342, "geometry": {"type": "Point", "coordinates": [96814.16800000146, 462565.90199999884]}, "properties": {"ONTWERPCAPACITEIT": null, "AANTALDOORSTROOMOPENINGEN": null, "ORACLE_OBJECTID": 8114, "CODE": "224-036-00021", "JAARVANAANLEG": 2009, "OPMERKING": "<Null>", "GEWOONONDERHOUD": "RIJNLAND", "BUITENGEWOONONDERHOUD": "RIJNLAND", "INWINNENDEINSTANTIE": "Hoogheemraadschap van Rijnland", "METENDEINSTANTIE": null, "INWINNINGSMETHODE": "digitaliseren", "DIMENSIE": "2D", "NAUWKEURIGHEIDXY": null, "NAUWKEURIGHEIDZ": null, "DATUMINWINNING": null, "GEOKPOBJECTID": 857, "LAST_EDITED_DATE": 1783360875000, "ONTHEFFING": null, "NAAM": "Gemaal Kalkpolder", "STATUSOBJECT": "gerealiseerd", "STATUSLEGGERWATERSYSTEEM": "Vastgesteld", "STATUSLEGGERWATERVEILIGHEID": null, "AARDLEGGERWIJZIGING": null, "FUNCTIEGEMAAL": "Afvoeren", "SOORTGEMAAL": "vijzelgemaal", "AANTALPOMPEN": 0, "INDICATIEWATERKEREND": "Ja", "KERENDEHOOGTE": null, "MAXIMALECAPACITEIT": 8, "RICHTING": 0, "HYPERLINK": null, "HIJSVOORZIENING": null, "INDICATIEHERKENBAARHEID": null, "INDICATIEMONUMENT": null, "PRIMAIREAANDRIJVING": "electrisch", "DOSSIERCODE": null, "BEDIENING": "RIJNLAND", "ADRES": "Windrust 1 , naast", "POSTCODE": "2351EV", "PLAATS": "LEIDERDORP", "HYPERLINKFOTO1": null, "HYPERLINKFOTO2": null, "XCOORDINAAT": 96814.17, "YCOORDINAAT": 462565.9, "CATEGORIEWATER": "overig", "GEMEENTENAAM": "Leiderdorp", "POLDERNAAM": "Kalkpolder", "CODEPEILGEBIEDPRAKTIJK": "OR-3.53.1.1", "MAXCAPACITEITLAATSTEMETING": null, "AFSLAGPEIL": null, "HOOFDFUNCTIE": "Poldergemaal - Lozend op boezem Rijnland", "OPMERKINGLEGGER": null, "COMPARTIMENT": "453", "LAAGSTEPEIL": null, "BREEDTEOPENING": null, "TYPEWATERKERNDECONSTRUCTIE": null, "BETREEDBAARHEID": null, "INDICATIENOODSTROOM": null, "LONGITUDE": 4.53707752, "LATITUDE": 52.14820813, "CODECOMPLEX": null, "OBJECTID2": 342}}, {"type": "Feature", "id": 349, "geometry": {"type": "Point", "coordinates": [99851.87700000033, 457376.1420000009]}, "properties": {"ONTWERPCAPACITEIT": null, "AANTALDOORSTROOMOPENINGEN": null, "ORACLE_OBJECTID": 8119, "CODE": "249-036-00029", "JAARVANAANLEG": 2015, "OPMERKING": null, "GEWOONONDERHOUD": "RIJNLAND", "BUITENGEWOONONDERHOUD": "RIJNLAND", "INWINNENDEINSTANTIE": "Hoogheemraadschap van Rijnland", "METENDEINSTANTIE": null, "INWINNINGSMETHODE": null, "DIMENSIE": "2D", "NAUWKEURIGHEIDXY": null, "NAUWKEURIGHEIDZ": null, "DATUMINWINNING": null, "GEOKPOBJECTID": 832, "LAST_EDITED_DATE": 1783360875000, "ONTHEFFING": "91276", "NAAM": "Vakgemaal Galgpolder", "STATUSOBJECT": "gerealiseerd", "STATUSLEGGERWATERSYSTEEM": "Vastgesteld", "STATUSLEGGERWATERVEILIGHEID": null, "AARDLEGGERWIJZIGING": null, "FUNCTIEGEMAAL": "Afvoeren", "SOORTGEMAAL": "vijzelgemaal", "AANTALPOMPEN": 0, "INDICATIEWATERKEREND": "Nee", "KERENDEHOOGTE": null, "MAXIMALECAPACITEIT": null, "RICHTING": 0, "HYPERLINK": null, "HIJSVOORZIENING": null, "INDICATIEHERKENBAARHEID": null, "INDICATIEMONUMENT": null, "PRIMAIREAANDRIJVING": "electrisch", "DOSSIERCODE": null, "BEDIENING": "RIJNLAND", "ADRES": "Gemeneweg 12B, 750 m zuidelijk vanaf boerderij", "POSTCODE": "2391NA", "PLAATS": "HAZERSWOUDE-DORP", "HYPERLINKFOTO1": "X:\\Irisdata\\Intranet\\fotos\\gemalen\\249-036-00029.JPG", "HYPERLINKFOTO2": null, "XCOORDINAAT": 99851.88, "YCOORDINAAT": 457376.14, "CATEGORIEWATER": "primair", "GEMEENTENAAM": "Alphen aan den Rijn", "POLDERNAAM": "Polder de Noordplas", "CODEPEILGEBIEDPRAKTIJK": "WW-25AK", "MAXCAPACITEITLAATSTEMETING": null, "AFSLAGPEIL": null, "HOOFDFUNCTIE": "Vakgemaal", "OPMERKINGLEGGER": null, "COMPARTIMENT": "447", "LAAGSTEPEIL": null, "BREEDTEOPENING": null, "TYPEWATERKERNDECONSTRUCTIE": null, "BETREEDBAARHEID": null, "INDICATIENOODSTROOM": null, "LONGITUDE": 4.58229655, "LATITUDE": 52.10187792, "CODECOMPLEX": null, "OBJECTID2": 349}}, {"type": "Feature", "id": 356, "geometry": {"type": "Point", "coordinates": [109221.20820000023, 448440.17550000176]}, "properties": {"ONTWERPCAPACITEIT": null, "AANTALDOORSTROOMOPENINGEN": null, "ORACLE_OBJECTID": 5282, "CODE": "250-036-00022", "JAARVANAANLEG": 1934, "OPMERKING": "Project poldergemalen renovatie 2019; Capaciteit gemaal op basis van debietmeting in 2020", "GEWOONONDERHOUD": "RIJNLAND", "BUITENGEWOONONDERHOUD": "RIJNLAND", "INWINNENDEINSTANTIE": "Hoogheemraadschap van Rijnland", "METENDEINSTANTIE": null, "INWINNINGSMETHODE": "digitaliseren", "DIMENSIE": "2D", "NAUWKEURIGHEIDXY": 0, "NAUWKEURIGHEIDZ": null, "DATUMINWINNING": 1666569600000, "GEOKPOBJECTID": 16662, "LAST_EDITED_DATE": 1783360875000, "ONTHEFFING": null, "NAAM": "Vakgemaal Burgvlietkade", "STATUSOBJECT": "gerealiseerd", "STATUSLEGGERWATERSYSTEEM": "Vastgesteld", "STATUSLEGGERWATERVEILIGHEID": null, "AARDLEGGERWIJZIGING": null, "FUNCTIEGEMAAL": "Afvoeren", "SOORTGEMAAL": "schroef- of axiaalpomp", "AANTALPOMPEN": 0, "INDICATIEWATERKEREND": null, "KERENDEHOOGTE": null, "MAXIMALECAPACITEIT": 90, "RICHTING": 0, "HYPERLINK": null, "HIJSVOORZIENING": null, "INDICATIEHERKENBAARHEID": null, "INDICATIEMONUMENT": null, "PRIMAIREAANDRIJVING": "electrisch", "DOSSIERCODE": null, "BEDIENING": "RIJNLAND", "ADRES": "Burgvlietkade 103 , naast", "POSTCODE": "2805JD", "PLAATS": "GOUDA", "HYPERLINKFOTO1": null, "HYPERLINKFOTO2": null, "XCOORDINAAT": 109221.21, "YCOORDINAAT": 448440.18, "CATEGORIEWATER": "primair", "GEMEENTENAAM": "Gouda", "POLDERNAAM": "Stadsboezem Gouda", "CODEPEILGEBIEDPRAKTIJK": "RL-027.1.1", "MAXCAPACITEITLAATSTEMETING": null, "AFSLAGPEIL": null, "HOOFDFUNCTIE": "Poldergemaal - Lozend op andere poldersysteem", "OPMERKINGLEGGER": null, "COMPARTIMENT": "467-RWS", "LAAGSTEPEIL": null, "BREEDTEOPENING": null, "TYPEWATERKERNDECONSTRUCTIE": null, "BETREEDBAARHEID": null, "INDICATIENOODSTROOM": null, "LONGITUDE": 4.7202334, "LATITUDE": 52.02241966, "CODECOMPLEX": null, "OBJECTID2": 356}}, {"type": "Feature", "id": 357, "geometry": {"type": "Point", "coordinates": [107312.65019999817, 455432.52529999986]}, "properties": {"ONTWERPCAPACITEIT": null, "AANTALDOORSTROOMOPENINGEN": null, "ORACLE_OBJECTID": 5515, "CODE": "241-036-00031", "JAARVANAANLEG": null, "OPMERKING": "Nieuwbouw, gemaal is vervanging van 241-036-00022 (Bron Simone Verkooijen - 2017)", "GEWOONONDERHOUD": "RIJNLAND", "BUITENGEWOONONDERHOUD": "RIJNLAND", "INWINNENDEINSTANTIE": "Hoogheemraadschap van Rijnland", "METENDEINSTANTIE": null, "INWINNINGSMETHODE": null, "DIMENSIE": "2D", "NAUWKEURIGHEIDXY": 20, "NAUWKEURIGHEIDZ": null, "DATUMINWINNING": 1483401600000, "GEOKPOBJECTID": 946, "LAST_EDITED_DATE": 1783360875000, "ONTHEFFING": null, "NAAM": "Vakgemaal Spoelwijk", "STATUSOBJECT": "gerealiseerd", "STATUSLEGGERWATERSYSTEEM": "Vastgesteld", "STATUSLEGGERWATERVEILIGHEID": null, "AARDLEGGERWIJZIGING": null, "FUNCTIEGEMAAL": "Afvoeren", "SOORTGEMAAL": "onbekend", "AANTALPOMPEN": 0, "INDICATIEWATERKEREND": "Nee", "KERENDEHOOGTE": null, "MAXIMALECAPACITEIT": null, "RICHTING": 0, "HYPERLINK": null, "HIJSVOORZIENING": null, "INDICATIEHERKENBAARHEID": null, "INDICATIEMONUMENT": null, "PRIMAIREAANDRIJVING": "electrisch", "DOSSIERCODE": null, "BEDIENING": "RIJNLAND", "ADRES": "Spoelwijkerlaan 3 , via brug; 70 meter westelijk", "POSTCODE": "2771NB", "PLAATS": "BOSKOOP", "HYPERLINKFOTO1": null, "HYPERLINKFOTO2": null, "XCOORDINAAT": 107312.65, "YCOORDINAAT": 455432.53, "CATEGORIEWATER": "primair", "GEMEENTENAAM": "Alphen aan den Rijn", "POLDERNAAM": "Gouwepolder", "CODEPEILGEBIEDPRAKTIJK": "WW-28B", "MAXCAPACITEITLAATSTEMETING": null, "AFSLAGPEIL": null, "HOOFDFUNCTIE": "Vakgemaal", "OPMERKINGLEGGER": null, "COMPARTIMENT": "443", "LAAGSTEPEIL": null, "BREEDTEOPENING": null, "TYPEWATERKERNDECONSTRUCTIE": null, "BETREEDBAARHEID": null, "INDICATIENOODSTROOM": null, "LONGITUDE": 4.6914528, "LATITUDE": 52.08510288, "CODECOMPLEX": null, "OBJECTID2": 357}}, {"type": "Feature", "id": 361, "geometry": {"type": "Point", "coordinates": [105740.4600000009, 458008.2190000005]}, "properties": {"ONTWERPCAPACITEIT": null, "AANTALDOORSTROOMOPENINGEN": null, "ORACLE_OBJECTID": 5303, "CODE": "260-036-00021", "JAARVANAANLEG": 2005, "OPMERKING": "1-10-2025 gemaal terug overgedragen aan Rijnland. Is met projectplan \"Revisie gemaal Het Zaanse Rietveld\" in 2025 gerenoveerd", "GEWOONONDERHOUD": "RIJNLAND", "BUITENGEWOONONDERHOUD": "RIJNLAND", "INWINNENDEINSTANTIE": "Hoogheemraadschap van Rijnland", "METENDEINSTANTIE": null, "INWINNINGSMETHODE": "digitaliseren", "DIMENSIE": "2D", "NAUWKEURIGHEIDXY": null, "NAUWKEURIGHEIDZ": null, "DATUMINWINNING": 1141171200000, "GEOKPOBJECTID": 169, "LAST_EDITED_DATE": 1783360875000, "ONTHEFFING": "V40817", "NAAM": "Gemaal Het Zaanse Rietveld", "STATUSOBJECT": "gerealiseerd", "STATUSLEGGERWATERSYSTEEM": "Vastgesteld", "STATUSLEGGERWATERVEILIGHEID": null, "AARDLEGGERWIJZIGING": null, "FUNCTIEGEMAAL": "Afvoeren", "SOORTGEMAAL": "schroef- of axiaalpomp", "AANTALPOMPEN": 0, "INDICATIEWATERKEREND": "Ja", "KERENDEHOOGTE": 0, "MAXIMALECAPACITEIT": 100, "RICHTING": 0, "HYPERLINK": "https://zoek.officielebekendmakingen.nl/wsb-2024-2415.html", "HIJSVOORZIENING": null, "INDICATIEHERKENBAARHEID": null, "INDICATIEMONUMENT": null, "PRIMAIREAANDRIJVING": "electrisch", "DOSSIERCODE": null, "BEDIENING": "RIJNLAND", "ADRES": "Westgouweweg 9 ", "POSTCODE": "2405XV", "PLAATS": "ALPHEN AAN DEN RIJN", "HYPERLINKFOTO1": null, "HYPERLINKFOTO2": null, "XCOORDINAAT": 105740.46, "YCOORDINAAT": 458008.22, "CATEGORIEWATER": "primair", "GEMEENTENAAM": "Alphen aan den Rijn", "POLDERNAAM": "Polder Het Zaanse Rietveld", "CODEPEILGEBIEDPRAKTIJK": "WW-22A", "MAXCAPACITEITLAATSTEMETING": null, "AFSLAGPEIL": null, "HOOFDFUNCTIE": "Poldergemaal - Lozend op boezem Rijnland", "OPMERKINGLEGGER": null, "COMPARTIMENT": "443", "LAAGSTEPEIL": null, "BREEDTEOPENING": null, "TYPEWATERKERNDECONSTRUCTIE": null, "BETREEDBAARHEID": null, "INDICATIENOODSTROOM": null, "LONGITUDE": 4.66814432, "LATITUDE": 52.10811413, "CODECOMPLEX": null, "OBJECTID2": 361}}, {"type": "Feature", "id": 372, "geometry": {"type": "Point", "coordinates": [101639.70749999955, 463487.08949999884]}, "properties": {"ONTWERPCAPACITEIT": null, "AANTALDOORSTROOMOPENINGEN": null, "ORACLE_OBJECTID": 11204, "CODE": "078-036-00024", "JAARVANAANLEG": 2025, "OPMERKING": "Pomp voor lokstroom vispassage", "GEWOONONDERHOUD": "RIJNLAND", "BUITENGEWOONONDERHOUD": "RIJNLAND", "INWINNENDEINSTANTIE": "Hoogheemraadschap van Rijnland", "METENDEINSTANTIE": null, "INWINNINGSMETHODE": "digitaliseren", "DIMENSIE": "2D", "NAUWKEURIGHEIDXY": null, "NAUWKEURIGHEIDZ": null, "DATUMINWINNING": 1733443200000, "GEOKPOBJECTID": 23057, "LAST_EDITED_DATE": 1783360875000, "ONTHEFFING": "Rijnland eigen werk", "NAAM": "Vispassage Lagewaardsepolder", "STATUSOBJECT": "gerealiseerd", "STATUSLEGGERWATERSYSTEEM": "Gewijzigd", "STATUSLEGGERWATERVEILIGHEID": null, "AARDLEGGERWIJZIGING": "nieuw kunstwerk. op basis van projectplan 2025", "FUNCTIEGEMAAL": null, "SOORTGEMAAL": "schroef- of axiaalpomp", "AANTALPOMPEN": 0, "INDICATIEWATERKEREND": null, "KERENDEHOOGTE": null, "MAXIMALECAPACITEIT": null, "RICHTING": null, "HYPERLINK": null, "HIJSVOORZIENING": null, "INDICATIEHERKENBAARHEID": null, "INDICATIEMONUMENT": null, "PRIMAIREAANDRIJVING": "electrisch", "DOSSIERCODE": null, "BEDIENING": "RIJNLAND", "ADRES": null, "POSTCODE": null, "PLAATS": null, "HYPERLINKFOTO1": null, "HYPERLINKFOTO2": null, "XCOORDINAAT": 101639.71, "YCOORDINAAT": 463487.09, "CATEGORIEWATER": "primair", "GEMEENTENAAM": "Alphen aan den Rijn", "POLDERNAAM": "Lagenwaardsepolder", "CODEPEILGEBIEDPRAKTIJK": "OR-3.31.1.1", "MAXCAPACITEITLAATSTEMETING": null, "AFSLAGPEIL": null, "HOOFDFUNCTIE": "Vispassage", "OPMERKINGLEGGER": null, "COMPARTIMENT": null, "LAAGSTEPEIL": null, "BREEDTEOPENING": null, "TYPEWATERKERNDECONSTRUCTIE": null, "BETREEDBAARHEID": null, "INDICATIENOODSTROOM": null, "LONGITUDE": 4.60743008, "LATITUDE": 52.15697405, "CODECOMPLEX": null, "OBJECTID2": 372}}, {"type": "Feature", "id": 374, "geometry": {"type": "Point", "coordinates": [105050.86360000074, 450028.3814000003]}, "properties": {"ONTWERPCAPACITEIT": null, "AANTALDOORSTROOMOPENINGEN": null, "ORACLE_OBJECTID": 5189, "CODE": "011-036-00021", "JAARVANAANLEG": null, "OPMERKING": "Gemaal is in 2026 gerenoveerd. Nazorgperiode loopt tot 5 maart 2027. Het beheer, onderhoud en storingsafhandeling ligt bij Rijnland. Eventuele gebreken, die zijn toe te rekenen aan de aannemer, moeten hersteld worden door de aannemer.Capaciteit gemaa", "GEWOONONDERHOUD": "RIJNLAND", "BUITENGEWOONONDERHOUD": "RIJNLAND", "INWINNENDEINSTANTIE": "Hoogheemraadschap van Rijnland", "METENDEINSTANTIE": null, "INWINNINGSMETHODE": "digitaliseren", "DIMENSIE": "2D", "NAUWKEURIGHEIDXY": null, "NAUWKEURIGHEIDZ": null, "DATUMINWINNING": 0, "GEOKPOBJECTID": 748, "LAST_EDITED_DATE": 1786612243000, "ONTHEFFING": null, "NAAM": "Gemaal Bloemendaal", "STATUSOBJECT": "gerealiseerd", "STATUSLEGGERWATERSYSTEEM": "Vastgesteld", "STATUSLEGGERWATERVEILIGHEID": null, "AARDLEGGERWIJZIGING": null, "FUNCTIEGEMAAL": "Afvoeren", "SOORTGEMAAL": "schroef- of axiaalpomp", "AANTALPOMPEN": 0, "INDICATIEWATERKEREND": "Ja", "KERENDEHOOGTE": 0, "MAXIMALECAPACITEIT": 162, "RICHTING": 0, "HYPERLINK": null, "HIJSVOORZIENING": null, "INDICATIEHERKENBAARHEID": null, "INDICATIEMONUMENT": null, "PRIMAIREAANDRIJVING": "electrisch", "DOSSIERCODE": null, "BEDIENING": "RIJNLAND", "ADRES": "Henegouwerweg 101 ", "POSTCODE": "2741KA", "PLAATS": "WADDINXVEEN", "HYPERLINKFOTO1": null, "HYPERLINKFOTO2": null, "XCOORDINAAT": 105050.86, "YCOORDINAAT": 450028.38, "CATEGORIEWATER": "primair", "GEMEENTENAAM": "Waddinxveen", "POLDERNAAM": "Polder Bloemendaal", "CODEPEILGEBIEDPRAKTIJK": "WW-32A", "MAXCAPACITEITLAATSTEMETING": null, "AFSLAGPEIL": null, "HOOFDFUNCTIE": "Poldergemaal - Lozend op boezem Rijnland", "OPMERKINGLEGGER": null, "COMPARTIMENT": "443", "LAAGSTEPEIL": null, "BREEDTEOPENING": null, "TYPEWATERKERNDECONSTRUCTIE": null, "BETREEDBAARHEID": null, "INDICATIENOODSTROOM": null, "LONGITUDE": 4.65924655, "LATITUDE": 52.03633384, "CODECOMPLEX": null, "OBJECTID2": 374}}, {"type": "Feature", "id": 375, "geometry": {"type": "Point", "coordinates": [105054.9514000006, 450016.51370000094]}, "properties": {"ONTWERPCAPACITEIT": null, "AANTALDOORSTROOMOPENINGEN": null, "ORACLE_OBJECTID": 11522, "CODE": "011-036-00030", "JAARVANAANLEG": 2026, "OPMERKING": "Pomp voor lokstroom vispassage", "GEWOONONDERHOUD": "RIJNLAND", "BUITENGEWOONONDERHOUD": "RIJNLAND", "INWINNENDEINSTANTIE": "Hoogheemraadschap van Rijnland", "METENDEINSTANTIE": null, "INWINNINGSMETHODE": "digitaliseren", "DIMENSIE": "2D", "NAUWKEURIGHEIDXY": null, "NAUWKEURIGHEIDZ": null, "DATUMINWINNING": 1770681600000, "GEOKPOBJECTID": 23378, "LAST_EDITED_DATE": 1783360875000, "ONTHEFFING": "Rijnland eigen werk", "NAAM": "Vispassage gemaal Bloemendaal", "STATUSOBJECT": "gerealiseerd", "STATUSLEGGERWATERSYSTEEM": "Gewijzigd", "STATUSLEGGERWATERVEILIGHEID": null, "AARDLEGGERWIJZIGING": "nieuw kunstwerk. op basis van projectplan 2025", "FUNCTIEGEMAAL": null, "SOORTGEMAAL": "schroef- of axiaalpomp", "AANTALPOMPEN": 0, "INDICATIEWATERKEREND": null, "KERENDEHOOGTE": null, "MAXIMALECAPACITEIT": null, "RICHTING": null, "HYPERLINK": null, "HIJSVOORZIENING": null, "INDICATIEHERKENBAARHEID": null, "INDICATIEMONUMENT": null, "PRIMAIREAANDRIJVING": "electrisch", "DOSSIERCODE": null, "BEDIENING": "RIJNLAND", "ADRES": null, "POSTCODE": null, "PLAATS": null, "HYPERLINKFOTO1": null, "HYPERLINKFOTO2": null, "XCOORDINAAT": 105054.95, "YCOORDINAAT": 450016.51, "CATEGORIEWATER": "overig", "GEMEENTENAAM": "Waddinxveen", "POLDERNAAM": "Polder Bloemendaal", "CODEPEILGEBIEDPRAKTIJK": "WW-32A", "MAXCAPACITEITLAATSTEMETING": null, "AFSLAGPEIL": null, "HOOFDFUNCTIE": "Vispassage", "OPMERKINGLEGGER": null, "COMPARTIMENT": null, "LAAGSTEPEIL": null, "BREEDTEOPENING": null, "TYPEWATERKERNDECONSTRUCTIE": null, "BETREEDBAARHEID": null, "INDICATIENOODSTROOM": null, "LONGITUDE": 4.65930786, "LATITUDE": 52.03622755, "CODECOMPLEX": null, "OBJECTID2": 375}}]}