{"type": "FeatureCollection", "crs": {"type": "name", "properties": {"name": "urn:ogc:def:crs:EPSG::28992"}}, "features": [{"type": "Feature", "id": "gemeentegebied.ca2f6fdf-aecd-4584-b5bb-2a8ae34d14ba", "properties": {"identificatie": "GM0484", "naam": "Alphen aan den Rijn", "code": "0484", "ligtInProvincieCode": "28", "ligtInProvincieNaam": "Zuid-Holland"}, "bbox": [96247.364, 452546.291, 112060.19, 464606.96], "geometry": {"type": "MultiPolygon", "coordinates": [[[[105536.669, 453132.832], [105537.027, 453149.196], [105534.545, 453171.081], [105535.745, 453177.483], [105536.664, 453193.407], [105536.581, 453220.334], [105523.221, 453221.128], [105523.243, 453244.236], [105523.243, 453244.332], [105523.113, 453267.052], [105523.41, 453293.775], [105541.975, 453293.002], [105718.64, 453287.369], [105719.814, 453287.332], [105735.105, 453286.844], [105782.828, 453285.306], [105885.852, 453281.514], [105895.193, 453281.17], [105912.149, 453280.546], [105939.901, 453279.525], [105940.596, 453279.499], [105953.481, 453278.978], [105975.758, 453278.076], [105989.176, 453277.642], [105989.697, 453277.625], [106133.126, 453272.989], [106234.103, 453269.725], [106235.611, 453269.676], [106299.215, 453264.745], [106317.695, 453263.313], [106325.298, 453237.43], [106330.26, 453214.387], [106337.023, 453181.061], [106338.664, 453168.979], [106339.985, 453160.818], [106341.306, 453154.937], [106344.347, 453144.816], [106345.187, 453142.455], [106345.907, 453137.855], [106346.188, 453132.173], [106346.118, 453125.613], [106346.029, 453117.369], [106349.299, 453098.764], [106354.306, 453075.093], [106355.358, 453070.118], [106356.803, 453063.286], [106359.875, 453048.759], [106364.477, 453028.396], [106367.058, 453012.883], [106370.881, 452989.909], [106376.47, 452957.77], [106381.544, 452928.59], [106381.739, 452927.469], [106385.449, 452906.135], [106389.771, 452882.651], [106392.052, 452868.648], [106392.772, 452866.288], [106398.403, 452843.285], [106398.504, 452842.871], [106402.803, 452825.307], [106408.498, 452802.039], [106411.504, 452784.921], [106415.823, 452756.231], [106420.126, 452729.311], [106424.347, 452705.382], [106432.351, 452668.016], [106434.112, 452657.535], [106437.954, 452637.531], [106441.556, 452616.368], [106443.196, 452608.166], [106444.517, 452599.885], [106451.521, 452560.518], [106463.903, 452559.564], [106500.804, 452556.722], [106528.916, 452554.557], [106555.994, 452552.471], [106556.02, 452552.469], [106582.387, 452550.403], [106634.858, 452546.291], [106635.016, 452546.992], [106636.716, 452554.559], [106638.837, 452564.002], [106640.889, 452573.138], [106642.357, 452579.67], [106644.854, 452590.787], [106646.314, 452597.287], [106647.069, 452600.65], [106647.451, 452602.439], [106647.486, 452602.601], [106648.62, 452607.909], [106650.01, 452614.416], [106650.389, 452616.19], [106653.366, 452630.122], [106653.44, 452630.469], [106656.058, 452642.727], [106656.071, 452642.786], [106656.168, 452643.241], [106657.06, 452647.416], [106657.62, 452650.026], [106657.646, 452650.145], [106660.526, 452663.559], [106663.076, 452675.435], [106666.715, 452692.388], [106668.163, 452699.128], [106669.588, 452705.767], [106671.219, 452713.362], [106672.758, 452720.53], [106673.851, 452725.624], [106675.049, 452731.201], [106676.585, 452738.355], [106676.726, 452739.011], [106676.732, 452739.039], [106677.367, 452741.997], [106679.712, 452753.336], [106679.852, 452754.015], [106688.809, 452797.32], [106697.527, 452839.472], [106705.629, 452878.649], [106713.541, 452916.907], [106718.72, 452941.95], [106720.453, 452950.239], [106721.455, 452955.034], [106721.468, 452955.096], [106728.07, 452986.674], [106729.504, 452993.531], [106732.888, 453009.713], [106736.133, 453025.234], [106736.896, 453028.904], [106741.776, 453052.398], [106743.738, 453061.846], [106746.437, 453074.84], [106749.876, 453091.393], [106750.022, 453092.097], [106752.111, 453102.156], [106753.927, 453110.896], [106754.305, 453112.722], [106755.371, 453117.874], [106756.393, 453122.816], [106758.044, 453130.799], [106759.669, 453138.653], [106765.136, 453165.081], [106769.332, 453185.365], [106771.764, 453197.118], [106780.428, 453239.001], [106796.551, 453316.282], [106800.774, 453336.524], [106801.833, 453341.602], [106805.727, 453360.268], [106825.322, 453454.689], [106826.944, 453462.507], [106831.198, 453483.011], [106832.448, 453489.032], [106836.748, 453509.654], [106855.397, 453599.105], [106858.148, 453612.298], [106859.574, 453619.282], [106871.424, 453677.368], [106872.425, 453682.203], [106873.824, 453688.978], [106880.801, 453686.561], [106917.56, 453673.24], [106928.22, 453669.73], [106932.068, 453668.339], [106932.896, 453671.945], [106940.006, 453702.916], [106967.305, 453693.181], [107041.26, 453666.61], [107139.98, 453630.94], [107171.22, 453619.65], [107251.171, 453590.766], [107275.13, 453582.11], [107334.232, 453560.756], [107377.089, 453545.272], [107388.869, 453541.016], [107433.14, 453525.02], [107439.449, 453522.725], [107440.81, 453522.23], [107444.288, 453520.973], [107446.032, 453520.343], [107485.7, 453506.01], [107491.743, 453503.827], [107497.02, 453501.92], [107497.073, 453502.184], [107497.249, 453503.056], [107498.016, 453506.863], [107498.149, 453507.525], [107503.803, 453535.589], [107542.119, 453725.768], [107545.814, 453744.029], [107561.928, 453823.654], [107564.45, 453836.094], [107568.368, 453855.419], [107581.956, 453922.447], [107618.437, 454105.911], [107618.884, 454108.096], [107618.969, 454108.512], [107621.446, 454120.616], [107630.719, 454165.936], [107635.696, 454190.408], [107647.523, 454246.041], [107649.381, 454254.78], [107667.476, 454251.668], [107659.507, 454211.43], [107669.768, 454209.625], [107669.407, 454194.105], [107669.794, 454194.389], [107692.975, 454211.428], [107721.513, 454225.535], [107720.822, 454222.995], [107806.263, 454266.279], [107813.316, 454269.135], [107824.62, 454275.477], [107839.116, 454284.265], [107847.341, 454289.417], [107851.106, 454291.642], [107867.337, 454300.643], [107879.123, 454305.149], [107889.11, 454309.997], [107908.559, 454319.447], [107923.573, 454330.334], [107929.315, 454334.1], [107936.438, 454338.328], [107944.518, 454343.443], [107973.686, 454361.906], [107986.307, 454368.285], [107992.388, 454371.575], [107996.606, 454373.697], [108035.254, 454400.369], [108073.848, 454420.639], [108079.726, 454424.064], [108083.63, 454426.338], [108088.599, 454429.428], [108101.061, 454438.954], [108111.164, 454444.616], [108116.427, 454448.434], [108123.085, 454453.238], [108126.075, 454455.396], [108128.98, 454457.185], [108134.083, 454460.328], [108141.224, 454463.956], [108143.483, 454465.104], [108153.852, 454467.756], [108160.243, 454470.857], [108167.524, 454474.705], [108189.467, 454486.396], [108195.81, 454489.786], [108196.679, 454490.271], [108197.521, 454490.741], [108208.706, 454496.984], [108226.021, 454504.085], [108239.684, 454504.239], [108241.292, 454504.265], [108265.929, 454504.664], [108283.962, 454505.084], [108300.687, 454505.443], [108400.998, 454505.427], [108431.639, 454506.007], [108470.582, 454507.055], [108498.82, 454506.746], [108534.481, 454506.482], [108561.954, 454506.89], [108600.001, 454506.961], [108644.112, 454507.487], [108675.38, 454507.539], [108775.57, 454509.091], [108783.394, 454509.237], [108786.188, 454525.412], [108791.526, 454553.001], [108793.852, 454566.431], [108795.062, 454575.355], [108797.872, 454598.398], [108801.218, 454613.726], [108804.364, 454629.077], [108809.398, 454648.645], [108813.79, 454667.882], [108821.156, 454704.505], [108824.416, 454720.85], [108827.001, 454731.229], [108843.267, 454798.46], [108847.588, 454815.289], [108851.804, 454824.076], [108855.795, 454830.872], [108860.807, 454839.569], [108863.995, 454842.833], [108868.822, 454848.126], [108874.006, 454854.788], [108886.572, 454873.301], [108890.586, 454880.297], [108894.535, 454888.509], [108898.886, 454898.488], [108903.834, 454908.399], [108908.29, 454915.748], [108917.153, 454928.236], [108925.222, 454940.815], [108936.125, 454957.1], [108940.312, 454962.062], [108946.557, 454969.209], [108957.21, 454981.494], [108940.687, 454983.166], [108938.92, 454986.358], [108938.763, 454986.641], [108930.425, 455001.703], [108930.214, 455002.085], [108904.409, 455048.695], [108903.243, 455051.954], [108900.279, 455060.238], [108892.322, 455080.674], [108892.206, 455080.987], [108884.61, 455101.484], [108881.226, 455110.727], [108875.314, 455126.098], [108870.768, 455139.3], [108863.91, 455156.993], [108856.134, 455179.018], [108850.425, 455196.178], [108841.79, 455219.509], [108822.74, 455271.81], [108830.374, 455276.987], [108824.041, 455292.203], [108822.361, 455302.261], [108817.008, 455320.791], [108810.729, 455318.682], [108802.15, 455315.828], [108795.69, 455333.475], [108792.993, 455343.447], [108789.902, 455355.276], [108787.25, 455365.645], [108783.851, 455378.315], [108778.239, 455399.894], [108775.759, 455408.23], [108772.759, 455420.854], [108766.944, 455440.643], [108760.37, 455467.834], [108760.086, 455469.009], [108751.65, 455502.991], [108750.779, 455509.534], [108750.213, 455513.424], [108741.39, 455542.213], [108739.769, 455549.244], [108739.539, 455550.152], [108732.668, 455577.234], [108728.591, 455592.799], [108720.792, 455614.627], [108719.857, 455622.384], [108715.994, 455635.129], [108715.714, 455636.052], [108709.301, 455657.211], [108706.777, 455665.149], [108705.182, 455674.191], [108702.575, 455684.957], [108699.458, 455694.775], [108698.389, 455701.341], [108697.316, 455706.094], [108691.1, 455724.116], [108685.856, 455741.828], [108683.886, 455751.113], [108680.225, 455765.021], [108677.175, 455775.434], [108671.274, 455796.241], [108670.907, 455800.109], [108669.0, 455808.178], [108664.44, 455824.805], [108660.122, 455841.808], [108658.478, 455848.639], [108657.049, 455852.023], [108653.916, 455864.284], [108652.524, 455868.761], [108651.101, 455873.685], [108648.158, 455884.873], [108646.175, 455892.629], [108640.06, 455914.448], [108634.22, 455937.454], [108628.507, 455958.675], [108626.831, 455967.17], [108624.767, 455977.343], [108622.258, 455987.484], [108620.554, 455993.825], [108616.521, 456003.947], [108615.575, 456008.457], [108614.566, 456013.858], [108612.862, 456020.198], [108608.622, 456034.524], [108604.12, 456048.741], [108600.38, 456058.526], [108593.047, 456081.067], [108591.777, 456086.361], [108587.312, 456097.585], [108584.035, 456105.822], [108583.354, 456107.837], [108578.821, 456122.501], [108575.08, 456132.286], [108574.165, 456136.349], [108572.633, 456141.534], [108570.881, 456149.845], [108569.623, 456156.217], [108568.813, 456162.619], [108564.366, 456181.149], [108561.581, 456190.103], [108555.872, 456208.722], [108550.95, 456225.063], [108546.863, 456239.759], [108542.592, 456254.53], [108538.585, 456266.809], [108535.999, 456276.765], [108530.911, 456291.659], [108527.91, 456301.137], [108526.342, 456309.371], [108522.782, 456321.681], [108516.996, 456340.115], [108513.635, 456353.426], [108507.633, 456371.538], [108468.986, 456358.832], [108399.13, 456335.275], [108387.974, 456334.005], [108387.198, 456333.917], [108371.256, 456380.468], [108365.061, 456396.645], [108357.291, 456405.104], [108334.77, 456424.428], [108325.326, 456432.469], [108311.955, 456444.091], [108289.724, 456465.68], [108277.063, 456474.575], [108270.101, 456479.466], [108260.831, 456483.749], [108257.275, 456484.577], [108255.791, 456484.555], [108256.837, 456490.996], [108255.561, 456495.176], [108254.023, 456499.37], [108250.757, 456508.282], [108233.393, 456551.796], [108321.198, 456582.588], [108363.946, 456596.379], [108417.639, 456615.608], [108566.564, 456667.282], [108609.777, 456682.247], [108611.869, 456682.972], [108733.454, 456725.101], [108844.988, 456763.78], [108890.505, 456779.463], [108890.59, 456779.495], [108894.12, 456780.842], [108894.485, 456780.981], [108906.855, 456785.7], [108906.969, 456785.739], [109281.398, 456913.541], [109289.639, 456916.176], [109437.949, 456969.398], [109458.902, 456976.765], [109460.262, 456977.243], [109564.818, 457014.004], [109565.227, 457014.148], [109579.296, 457019.044], [109581.688, 457019.856], [109598.67, 457025.973], [109603.287, 457027.636], [109603.344, 457027.656], [109619.952, 457033.422], [109625.786, 457035.447], [109707.275, 457063.737], [109754.253, 457080.16], [109816.475, 457101.912], [109863.199, 457118.247], [109874.173, 457121.528], [109906.096, 457131.071], [109983.46, 457158.524], [110155.556, 457218.54], [110156.368, 457218.803], [110164.722, 457221.715], [110188.386, 457229.859], [110203.35, 457235.009], [110237.447, 457246.744], [110239.3, 457247.839], [110247.34, 457252.903], [110247.927, 457253.273], [110279.816, 457264.035], [110280.35, 457264.212], [110305.845, 457272.669], [110260.276, 457340.915], [110280.23, 457352.471], [110280.304, 457352.513], [110280.502, 457352.628], [110285.799, 457355.696], [110289.699, 457357.998], [110307.695, 457368.459], [110345.062, 457390.181], [110473.524, 457462.047], [110591.146, 457527.848], [110655.122, 457563.703], [110655.918, 457564.149], [110657.598, 457565.09], [110661.565, 457566.692], [110670.699, 457573.036], [110670.716, 457573.049], [110674.712, 457576.142], [110671.873, 457584.996], [110659.888, 457619.856], [110654.073, 457623.906], [110652.934, 457631.322], [110652.411, 457634.731], [110624.205, 457693.675], [110622.977, 457695.573], [110598.758, 457733.008], [110584.561, 457771.051], [110583.44, 457774.054], [110582.188, 457777.409], [110582.964, 457783.841], [110619.82, 457809.775], [110626.843, 457817.472], [110637.237, 457831.146], [110646.939, 457846.638], [110661.929, 457871.1], [110672.793, 457888.079], [110698.51, 457933.927], [110722.194, 457973.016], [110770.902, 458055.795], [110775.421, 458058.554], [110781.396, 458062.984], [110790.881, 458074.915], [110797.931, 458085.592], [110798.603, 458095.047], [110799.268, 458097.688], [110804.199, 458104.823], [110815.057, 458122.014], [110830.811, 458147.99], [110848.419, 458173.934], [110881.812, 458229.215], [110893.012, 458248.184], [110904.096, 458266.172], [110915.854, 458285.803], [110938.115, 458319.511], [110979.008, 458384.328], [110997.077, 458410.466], [111005.569, 458422.105], [111013.438, 458433.58], [111032.315, 458459.599], [111044.415, 458478.913], [111082.856, 458535.028], [111106.693, 458571.135], [111132.218, 458614.644], [111160.818, 458659.209], [111186.385, 458697.686], [111211.013, 458734.148], [111228.041, 458761.301], [111261.713, 458812.457], [111293.05, 458857.23], [111290.627, 458858.731], [111341.012, 458935.82], [111379.262, 458993.859], [111457.554, 459120.257], [111480.06, 459155.994], [111490.162, 459168.344], [111498.38, 459176.329], [111504.966, 459182.825], [111512.819, 459183.011], [111515.303, 459183.07], [111544.636, 459187.82], [111559.101, 459194.068], [111571.983, 459202.263], [111580.91, 459214.19], [111608.144, 459267.582], [111700.07, 459437.494], [111740.311, 459520.218], [111784.962, 459617.588], [111818.036, 459695.96], [111836.779, 459760.873], [111837.33, 459786.205], [111834.724, 459794.937], [111829.061, 459813.912], [111827.428, 459815.964], [111821.936, 459822.866], [111822.931, 459826.098], [111826.462, 459838.07], [111833.931, 459861.286], [111842.352, 459882.837], [111860.687, 459931.293], [111879.293, 459981.995], [111903.332, 460047.436], [111928.593, 460118.125], [111940.92, 460159.531], [111943.01, 460164.924], [111944.531, 460169.239], [111958.969, 460208.806], [111964.36, 460223.367], [111967.078, 460233.499], [111970.041, 460233.699], [111972.708, 460235.155], [111974.308, 460236.227], [111987.535, 460268.041], [111991.779, 460277.133], [112002.316, 460307.637], [112027.553, 460379.329], [112037.903, 460404.045], [112048.424, 460448.257], [112059.373, 460490.765], [112059.962, 460493.974], [112060.19, 460497.968], [112059.772, 460502.275], [112056.791, 460519.861], [112056.51, 460523.159], [112056.644, 460525.313], [112056.884, 460527.804], [112057.246, 460529.958], [112057.469, 460532.18], [112057.777, 460532.696], [112057.021, 460533.657], [112050.089, 460542.469], [112049.295, 460542.351], [112044.765, 460541.675], [112044.343, 460545.086], [112043.737, 460551.62], [112043.146, 460557.988], [112030.123, 460698.377], [112029.676, 460703.192], [112024.358, 460701.598], [112020.699, 460712.857], [112014.754, 460749.325], [112011.182, 460782.999], [112006.653, 460825.704], [112002.178, 460867.898], [111992.729, 460952.942], [111992.218, 460957.541], [111892.4, 461224.818], [111877.604, 461264.436], [111863.35, 461302.604], [111848.868, 461341.38], [111834.191, 461380.678], [111819.992, 461418.698], [111805.492, 461457.524], [111790.91, 461496.57], [111776.567, 461534.976], [111761.978, 461574.041], [111747.52, 461612.753], [111733.109, 461651.341], [111718.517, 461690.414], [111704.08, 461729.07], [111689.573, 461767.914], [111674.849, 461807.34], [111660.553, 461845.62], [111646.137, 461884.222], [111632.184, 461922.079], [111627.107, 461935.608], [111626.599, 461936.962], [111612.591, 461974.292], [111598.012, 462013.146], [111583.257, 462052.469], [111568.88, 462090.784], [111554.449, 462129.242], [111548.652, 462144.691], [111539.889, 462168.044], [111525.289, 462206.951], [111511.194, 462244.511], [111511.071, 462244.841], [111510.837, 462245.467], [111510.642, 462245.99], [111502.107, 462268.888], [111496.529, 462283.824], [111496.132, 462284.886], [111488.914, 462304.252], [111481.543, 462324.027], [111479.152, 462330.441], [111476.051, 462338.761], [111475.771, 462339.512], [111471.461, 462351.075], [111467.244, 462362.34], [111452.78, 462400.974], [111438.035, 462440.36], [111423.575, 462478.985], [111409.025, 462517.852], [111394.49, 462556.677], [111321.989, 462750.337], [111307.342, 462789.462], [111278.584, 462866.28], [111263.762, 462905.871], [111249.421, 462944.325], [111235.12, 462982.672], [111220.401, 463022.14], [111206.036, 463060.66], [111191.461, 463099.742], [111177.129, 463138.173], [111161.849, 463176.879], [111161.831, 463176.926], [111147.51, 463215.616], [111133.253, 463254.133], [111118.881, 463292.962], [111104.697, 463331.282], [111090.242, 463370.335], [111075.919, 463408.806], [111061.27, 463448.152], [111046.857, 463486.863], [111032.365, 463525.789], [111017.933, 463564.553], [111003.374, 463603.658], [110989.298, 463641.464], [110974.911, 463680.105], [110960.082, 463719.934], [110956.812, 463728.717], [110945.891, 463758.05], [110940.393, 463772.819], [110930.507, 463797.124], [110930.112, 463798.178], [110915.919, 463836.068], [110901.684, 463874.07], [110886.858, 463913.65], [110886.848, 463913.676], [110872.589, 463951.64], [110858.337, 463989.586], [110846.9, 464020.035], [110846.237, 464021.794], [110844.144, 464027.343], [110842.821, 464030.852], [110458.424, 463882.893], [110372.839, 463849.685], [110294.667, 463818.389], [110293.829, 463804.609], [110293.639, 463804.24], [110292.985, 463803.393], [110291.754, 463802.175], [110289.79, 463800.576], [110288.086, 463799.145], [110274.104, 463792.851], [110265.03, 463790.979], [110251.067, 463793.292], [110241.262, 463792.904], [110233.447, 463791.873], [110221.438, 463789.849], [110206.823, 463784.19], [110189.255, 463777.388], [109968.345, 463691.854], [109930.169, 463677.073], [109881.96, 463658.407], [109823.902, 463635.927], [109810.911, 463630.897], [109797.608, 463595.598], [109790.292, 463576.182], [109778.125, 463543.893], [109769.441, 463520.85], [109765.759, 463518.275], [109758.425, 463356.793], [109757.848, 463344.093], [109756.442, 463342.287], [109753.364, 463339.557], [109749.515, 463337.0], [109745.966, 463335.606], [109636.084, 463310.965], [109633.79, 463310.451], [109630.904, 463317.464], [109628.5, 463323.308], [109622.899, 463318.49], [109619.668, 463315.711], [109619.459, 463315.531], [109617.337, 463313.705], [109611.282, 463308.496], [109603.268, 463301.601], [109580.752, 463279.227], [109548.63, 463250.103], [109469.79, 463176.123], [109446.48, 463154.737], [109423.575, 463134.188], [109424.055, 463133.177], [109404.636, 463116.05], [109403.514, 463114.961], [109397.318, 463108.951], [109392.645, 463104.418], [109386.226, 463098.192], [109344.225, 463058.261], [109332.15, 463046.782], [109324.424, 463039.436], [109308.859, 463025.255], [109241.647, 462964.019], [109222.836, 462945.71], [109189.103, 462914.461], [109149.035, 462877.841], [109113.798, 462846.765], [109101.809, 462834.602], [109094.973, 462829.036], [109076.749, 462814.225], [109059.171, 462795.667], [109031.614, 462768.457], [108988.35, 462728.62], [108969.923, 462712.522], [108966.626, 462709.367], [108914.101, 462659.117], [108892.177, 462638.837], [108845.595, 462594.31], [108824.636, 462574.064], [108810.371, 462560.954], [108801.089, 462552.656], [108786.599, 462539.701], [108768.285, 462523.195], [108755.593, 462500.302], [108749.626, 462493.481], [108720.126, 462466.558], [108699.402, 462444.52], [108696.199, 462440.8], [108693.263, 462437.895], [108690.552, 462435.345], [108665.168, 462411.473], [108643.438, 462390.957], [108622.889, 462370.911], [108596.189, 462346.423], [108586.708, 462337.115], [108539.925, 462292.155], [108528.07, 462280.029], [108526.557, 462278.831], [108524.288, 462277.034], [108521.239, 462274.161], [108518.861, 462271.92], [108497.362, 462251.664], [108495.76, 462250.072], [108495.16, 462249.476], [108491.822, 462246.541], [108442.806, 462200.31], [108432.659, 462188.138], [108432.541, 462187.996], [108418.782, 462173.649], [108416.47, 462171.443], [108392.058, 462148.154], [108391.477, 462147.6], [108362.207, 462119.294], [108361.367, 462118.481], [108319.356, 462077.852], [108303.381, 462060.994], [108296.748, 462058.411], [108286.329, 462056.574], [108282.369, 462055.939], [108281.122, 462055.739], [108221.304, 462046.151], [108224.299, 462055.521], [108235.13, 462089.399], [108243.062, 462114.211], [108247.482, 462131.715], [108249.67, 462138.669], [108250.44, 462145.31], [108249.43, 462157.178], [108248.902, 462167.347], [108246.25, 462218.392], [108246.165, 462233.795], [108246.123, 462241.299], [108244.129, 462272.892], [108243.805, 462287.578], [108244.254, 462298.161], [108244.857, 462306.172], [108246.016, 462311.494], [108247.121, 462327.871], [108247.111, 462335.418], [108243.085, 462362.77], [108241.213, 462369.903], [108242.639, 462378.786], [108244.523, 462388.971], [108245.449, 462401.877], [108246.742, 462408.979], [108247.366, 462416.104], [108249.89, 462432.793], [108252.253, 462443.483], [108253.547, 462448.764], [108254.913, 462452.939], [108259.111, 462463.288], [108262.173, 462472.713], [108265.221, 462480.938], [108271.367, 462495.348], [108277.24, 462510.015], [108279.343, 462518.609], [108285.411, 462538.605], [108290.85, 462556.367], [108292.95, 462561.496], [108298.517, 462574.111], [108303.817, 462590.358], [108310.872, 462611.192], [108316.5, 462632.067], [108320.384, 462642.54], [108327.122, 462667.136], [108337.02, 462699.075], [108341.143, 462710.62], [108347.691, 462734.517], [108347.73, 462734.654], [108356.817, 462768.469], [108360.684, 462784.111], [108363.39, 462794.405], [108366.19, 462804.783], [108367.849, 462811.529], [108370.046, 462818.241], [108372.216, 462824.958], [108374.226, 462830.029], [108374.386, 462830.458], [108373.616, 462830.857], [108362.911, 462836.413], [108362.794, 462835.743], [108345.401, 462848.627], [108341.258, 462862.833], [108339.59, 462863.622], [108336.545, 462867.696], [108344.289, 462873.499], [108349.086, 462876.012], [108349.261, 462876.104], [108352.602, 462879.722], [108357.322, 462883.428], [108317.177, 462941.79], [108301.385, 462963.74], [108267.437, 463009.088], [108113.534, 463214.675], [108108.294, 463221.657], [108105.293, 463225.657], [108084.395, 463253.505], [108035.022, 463318.945], [108016.767, 463343.139], [107970.416, 463404.574], [107965.94, 463409.263], [107958.276, 463416.726], [107956.497, 463420.936], [107955.833, 463423.114], [107955.797, 463426.065], [107957.607, 463427.931], [107956.679, 463432.411], [107955.003, 463437.395], [107953.048, 463441.555], [107949.672, 463446.347], [107942.015, 463455.361], [107920.798, 463482.769], [107901.886, 463509.803], [107877.013, 463543.036], [107862.422, 463563.352], [107855.426, 463576.037], [107854.512, 463578.357], [107853.468, 463581.726], [107852.72, 463585.896], [107853.098, 463594.098], [107853.856, 463597.103], [107850.826, 463597.431], [107812.606, 463601.568], [107802.021, 463611.481], [107744.521, 463665.329], [107725.874, 463682.448], [107654.192, 463749.889], [107638.388, 463764.377], [107638.251, 463764.503], [107635.194, 463767.305], [107625.74, 463760.658], [107623.394, 463759.008], [107619.781, 463756.468], [107604.473, 463775.455], [107580.049, 463805.211], [107573.666, 463812.652], [107552.51, 463837.319], [107501.93, 463884.735], [107451.131, 463932.245], [107383.36, 463995.626], [107379.068, 463999.64], [107337.355, 464038.173], [107333.981, 464041.289], [107294.599, 464077.669], [107290.899, 464081.087], [107251.176, 464117.781], [107145.527, 464215.373], [107143.229, 464217.496], [107045.739, 464308.199], [107018.106, 464333.908], [106928.018, 464417.151], [106922.776, 464418.436], [106918.273, 464419.631], [106915.747, 464420.934], [106912.942, 464422.903], [106912.864, 464422.97], [106906.443, 464428.515], [106904.828, 464429.909], [106785.097, 464533.275], [106703.546, 464603.68], [106699.747, 464606.96], [106602.09, 464084.368], [106601.714, 464082.357], [106601.068, 464078.901], [106600.978, 464078.422], [106597.479, 464078.333], [106557.076, 464077.304], [106556.0, 464077.277], [106512.883, 464076.178], [106468.656, 464075.052], [106430.149, 464074.072], [106424.945, 464073.939], [106381.487, 464072.832], [106346.834, 464071.949], [106294.674, 464070.621], [106214.265, 464068.573], [106179.979, 464067.7], [106138.145, 464066.634], [106133.822, 464066.524], [106096.845, 464065.582], [106054.897, 464064.514], [106052.974, 464064.465], [106012.405, 464063.431], [105970.655, 464062.368], [105970.339, 464062.36], [105929.74, 464061.326], [105888.243, 464060.269], [105845.976, 464059.192], [105804.356, 464058.132], [105702.053, 464055.531], [105701.959, 464055.529], [105701.495, 464055.517], [105696.459, 464055.389], [105676.824, 464054.89], [105635.869, 464054.21], [105634.467, 464054.187], [105564.885, 464052.333], [105281.944, 464045.096], [105264.408, 464044.647], [104907.769, 464035.524], [104903.789, 464035.43], [104500.089, 464025.853], [104180.501, 464018.035], [104167.74, 464017.843], [104157.876, 464017.694], [104135.122, 464017.351], [104089.83, 464016.669], [104056.518, 464015.842], [104055.361, 464015.813], [104052.487, 464015.742], [104048.315, 464015.125], [104045.849, 464014.761], [104004.651, 464008.674], [104003.499, 464008.504], [104001.09, 464007.938], [103995.168, 464006.545], [103955.857, 463995.881], [103955.149, 463995.703], [103954.947, 463995.652], [103949.407, 463994.613], [103921.409, 463989.359], [103895.979, 463984.588], [103892.498, 463984.545], [103891.654, 463984.535], [103890.686, 463984.364], [103886.834, 463983.682], [103886.069, 463983.547], [103885.505, 463983.447], [103882.763, 463982.962], [103876.412, 463981.838], [103864.979, 463979.49], [103726.014, 463950.955], [103704.473, 463946.532], [103701.467, 463945.915], [103682.402, 463941.519], [103647.569, 463933.488], [103614.501, 463925.864], [103589.629, 463920.129], [103566.531, 463914.804], [103534.263, 463907.364], [103529.604, 463906.29], [103526.237, 463905.514], [103488.236, 463896.752], [103459.182, 463890.055], [103430.682, 463883.483], [103376.341, 463872.051], [103320.199, 463860.795], [103287.228, 463854.184], [103254.628, 463847.648], [103227.28, 463842.165], [103199.858, 463836.667], [103170.107, 463830.702], [103140.254, 463824.716], [103097.197, 463815.723], [103087.915, 463813.784], [103066.725, 463809.359], [103034.041, 463802.532], [103004.485, 463796.359], [102993.069, 463793.974], [102972.23, 463789.384], [102940.006, 463782.287], [102905.888, 463774.772], [102903.749, 463774.301], [102873.8, 463767.705], [102827.986, 463757.614], [102827.89, 463757.593], [102826.434, 463757.272], [102779.974, 463747.039], [102742.267, 463738.734], [102742.244, 463738.729], [102690.396, 463727.309], [102688.636, 463726.921], [102648.115, 463718.055], [102612.122, 463710.18], [102579.838, 463703.116], [102555.77, 463697.838], [102555.639, 463697.809], [102435.7, 463671.508], [102432.513, 463674.292], [102432.418, 463674.375], [102429.4, 463675.526], [102426.023, 463675.735], [102421.134, 463675.041], [102411.627, 463672.794], [102383.082, 463666.084], [102339.039, 463656.145], [102315.015, 463651.206], [102272.424, 463642.663], [102242.461, 463634.938], [102170.171, 463620.502], [102153.675, 463616.515], [102147.298, 463615.232], [102062.578, 463596.255], [101953.066, 463573.947], [101951.399, 463573.536], [101869.582, 463553.358], [101804.733, 463542.635], [101717.654, 463523.848], [101700.941, 463519.435], [101676.13, 463514.171], [101665.382, 463511.891], [101651.857, 463510.273], [101642.967, 463509.209], [101635.571, 463508.42], [101630.619, 463507.892], [101622.268, 463504.703], [101600.291, 463498.613], [101599.591, 463496.533], [101581.085, 463493.358], [101577.845, 463492.802], [101512.831, 463478.711], [101487.94, 463473.231], [101461.026, 463467.306], [101416.732, 463457.453], [101379.838, 463449.246], [101310.887, 463433.284], [101301.333, 463431.452], [101214.026, 463414.707], [101211.712, 463414.204], [101111.585, 463392.451], [101056.353, 463380.378], [100985.529, 463364.897], [100949.532, 463357.028], [100947.643, 463356.615], [100912.476, 463349.267], [100883.06, 463343.121], [100846.947, 463335.576], [100778.873, 463320.817], [100771.13, 463319.138], [100764.98, 463317.805], [100757.088, 463316.094], [100662.675, 463295.626], [100602.368, 463282.027], [100551.387, 463270.531], [100549.967, 463270.211], [100473.637, 463252.999], [100441.569, 463245.768], [100410.802, 463238.83], [100391.665, 463234.515], [100362.842, 463228.016], [100348.425, 463224.765], [100341.816, 463223.275], [100334.0, 463221.513], [100326.402, 463219.8], [100317.756, 463217.85], [100310.493, 463216.212], [100300.729, 463214.083], [100263.76, 463206.02], [100229.888, 463198.633], [100176.936, 463187.085], [100128.71, 463176.567], [100123.106, 463175.345], [100064.926, 463161.993], [100038.551, 463155.94], [99973.59, 463142.276], [99934.265, 463134.004], [99919.427, 463130.883], [99891.095, 463124.733], [99825.644, 463110.524], [99824.168, 463110.203], [99810.362, 463107.198], [99796.927, 463104.274], [99767.56, 463097.883], [99763.677, 463097.038], [99758.303, 463095.868], [99756.066, 463095.381], [99704.855, 463084.496], [99656.999, 463074.325], [99623.903, 463067.291], [99564.639, 463053.641], [99522.449, 463043.923], [99467.731, 463033.106], [99466.86, 463032.934], [99446.015, 463028.814], [99430.185, 463025.482], [99372.373, 463013.313], [99341.595, 463006.3], [99340.997, 463006.162], [99322.756, 463001.948], [99295.868, 462995.737], [99259.792, 462987.404], [99258.146, 462987.787], [99255.877, 462988.314], [99251.529, 462990.25], [99248.178, 462993.572], [99232.539, 463013.914], [99219.953, 463029.277], [99219.581, 463029.731], [99218.535, 463031.008], [99201.539, 463052.532], [99184.507, 463072.755], [99176.357, 463082.433], [99174.929, 463084.128], [99174.397, 463083.032], [99170.477, 463074.955], [99168.955, 463071.819], [99168.826, 463070.078], [99166.342, 463026.462], [99148.227, 462781.809], [99147.733, 462775.673], [99134.29, 462608.588], [99129.875, 462553.717], [99120.098, 462409.999], [99117.922, 462378.014], [99116.122, 462351.544], [99100.923, 462133.045], [99097.223, 462082.226], [99094.963, 462006.985], [99092.738, 461944.453], [99089.525, 461937.666], [99087.225, 461932.07], [99086.344, 461929.212], [99085.013, 461922.933], [99083.191, 461912.535], [99082.509, 461909.65], [99081.426, 461905.255], [99080.512, 461902.288], [99079.754, 461899.828], [99068.198, 461869.133], [99033.032, 461776.307], [99026.749, 461759.992], [99009.564, 461709.518], [99000.518, 461686.005], [98992.765, 461666.96], [98989.71, 461658.69], [98988.752, 461656.397], [98988.648, 461656.087], [98987.342, 461652.196], [98984.178, 461641.571], [98981.927, 461632.893], [98980.468, 461627.942], [98978.736, 461622.826], [98964.009, 461584.129], [98949.81, 461547.53], [98946.219, 461537.869], [98942.836, 461527.878], [98935.758, 461506.677], [98926.405, 461480.834], [98925.03, 461477.284], [98921.129, 461468.723], [98905.852, 461436.956], [98898.188, 461420.118], [98896.895, 461416.809], [98896.48, 461415.956], [98895.573, 461410.983], [98887.458, 461373.078], [98885.743, 461365.791], [98884.946, 461360.501], [98884.219, 461354.597], [98884.295, 461349.04], [98884.298, 461343.695], [98884.833, 461335.104], [98884.835, 461334.795], [98884.86, 461330.713], [98884.927, 461327.686], [98884.947, 461326.769], [98884.352, 461324.931], [98883.171, 461321.709], [98872.374, 461290.258], [98867.856, 461279.308], [98865.102, 461272.562], [98861.009, 461264.076], [98856.846, 461256.205], [98853.324, 461249.762], [98848.21, 461241.562], [98843.989, 461234.404], [98840.204, 461227.492], [98836.023, 461218.715], [98829.883, 461205.407], [98822.348, 461190.317], [98816.375, 461177.894], [98812.841, 461169.436], [98810.174, 461163.737], [98806.933, 461155.593], [98803.394, 461146.328], [98794.921, 461125.261], [98792.079, 461118.224], [98789.952, 461113.563], [98787.249, 461107.97], [98784.567, 461102.928], [98781.017, 461097.8], [98774.974, 461089.824], [98765.957, 461077.652], [98759.395, 461069.189], [98756.908, 461066.391], [98754.158, 461064.217], [98750.723, 461061.686], [98744.237, 461057.763], [98739.807, 461055.459], [98736.052, 461054.498], [98731.056, 461053.149], [98728.176, 461052.409], [98724.561, 461050.783], [98720.313, 461048.261], [98717.323, 461045.774], [98714.351, 461042.935], [98711.443, 461040.24], [98709.382, 461039.124], [98707.081, 461038.13], [98704.848, 461037.331], [98702.584, 461036.735], [98700.401, 461036.484], [98699.047, 461036.507], [98696.511, 461036.238], [98693.331, 461035.526], [98689.726, 461034.551], [98686.301, 461033.206], [98684.417, 461032.546], [98676.742, 461028.725], [98670.205, 461025.53], [98663.133, 461021.881], [98657.622, 461018.713], [98649.903, 461013.867], [98642.577, 461009.407], [98638.412, 461006.509], [98631.081, 461001.554], [98626.174, 460998.699], [98620.772, 460995.848], [98615.227, 460992.786], [98608.721, 460989.131], [98602.497, 460985.404], [98596.204, 460981.818], [98592.709, 460979.389], [98590.83, 460978.083], [98584.131, 460972.627], [98577.354, 460966.324], [98569.894, 460958.718], [98563.674, 460951.349], [98559.089, 460944.884], [98554.073, 460937.716], [98544.684, 460924.011], [98538.771, 460915.331], [98535.572, 460909.596], [98531.94, 460902.947], [98530.209, 460899.144], [98523.433, 460884.849], [98519.998, 460876.501], [98516.012, 460865.717], [98515.17, 460862.293], [98514.875, 460861.096], [98513.428, 460853.437], [98511.873, 460845.602], [98510.621, 460840.027], [98508.838, 460834.592], [98506.55, 460827.618], [98505.064, 460823.565], [98503.585, 460820.29], [98501.9, 460817.724], [98500.017, 460816.857], [98497.825, 460816.947], [98494.61, 460817.436], [98491.082, 460818.598], [98487.237, 460819.799], [98481.43, 460820.62], [98480.978, 460820.103], [98477.508, 460815.714], [98474.863, 460812.626], [98472.469, 460809.855], [98469.817, 460805.989], [98466.113, 460799.128], [98452.336, 460773.766], [98452.151, 460773.666], [98444.227, 460769.405], [98443.093, 460768.795], [98442.435, 460768.441], [98439.97, 460767.116], [98394.093, 460744.72], [98393.037, 460744.264], [98392.581, 460744.049], [98387.065, 460741.441], [98387.023, 460741.421], [98370.659, 460733.686], [98370.186, 460734.135], [98348.853, 460755.02], [98327.674, 460775.809], [98309.852, 460793.628], [98294.479, 460809.41], [98276.891, 460827.643], [98263.179, 460841.96], [98251.221, 460854.894], [98248.536, 460857.829], [98243.797, 460863.596], [98232.206, 460877.468], [98220.995, 460892.189], [98211.007, 460905.183], [98186.507, 460937.335], [98152.836, 460981.801], [98136.801, 461002.718], [98117.901, 461028.598], [98102.496, 461050.759], [98082.375, 461079.11], [98059.288, 461110.818], [98047.676, 461126.728], [98035.823, 461142.757], [98033.24, 461146.324], [98030.95, 461149.717], [98025.674, 461158.505], [98010.97, 461182.614], [98002.128, 461197.587], [97999.211, 461201.188], [97988.443, 461214.187], [97978.02, 461226.282], [97965.286, 461241.009], [97947.495, 461260.474], [97935.641, 461273.368], [97928.094, 461281.049], [97908.044, 461301.036], [97893.942, 461315.0], [97878.933, 461329.931], [97860.173, 461348.842], [97860.07, 461348.945], [97855.86, 461353.189], [97840.958, 461368.151], [97831.099, 461378.092], [97817.981, 461390.855], [97814.445, 461394.134], [97805.156, 461402.665], [97804.255, 461403.493], [97803.933, 461403.789], [97796.393, 461410.566], [97779.627, 461425.09], [97766.253, 461436.644], [97757.333, 461443.792], [97736.177, 461461.645], [97722.769, 461451.445], [97643.434, 461391.09], [97637.872, 461386.859], [97635.946, 461384.834], [97632.385, 461381.437], [97629.669, 461379.004], [97628.476, 461377.936], [97618.308, 461366.601], [97622.922, 461362.144], [97644.476, 461342.136], [97654.082, 461333.19], [97654.814, 461332.509], [97668.155, 461320.086], [97673.518, 461315.186], [97671.171, 461312.757], [97687.969, 461297.037], [97704.666, 461281.52], [97703.525, 461280.286], [97703.047, 461279.749], [97685.591, 461261.688], [97673.898, 461249.195], [97664.537, 461239.67], [97655.486, 461230.06], [97646.857, 461220.536], [97634.013, 461206.491], [97628.054, 461200.075], [97619.085, 461191.509], [97610.145, 461182.802], [97601.907, 461174.97], [97593.62, 461164.123], [97583.34, 461150.451], [97575.445, 461140.562], [97556.697, 461120.552], [97540.0, 461103.085], [97526.452, 461088.53], [97518.075, 461079.937], [97502.868, 461064.165], [97490.734, 461052.323], [97490.441, 461052.037], [97491.033, 461052.011], [97481.755, 461043.162], [97464.299, 461024.734], [97447.321, 461006.843], [97438.896, 460995.234], [97427.576, 460980.177], [97433.059, 460974.837], [97444.136, 460964.325], [97430.94, 460944.415], [97428.953, 460939.025], [97426.064, 460933.746], [97422.977, 460928.719], [97419.862, 460923.467], [97409.675, 460906.441], [97405.524, 460898.706], [97432.571, 460871.267], [97442.405, 460861.823], [97460.719, 460843.466], [97468.745, 460835.342], [97476.292, 460827.414], [97485.284, 460816.699], [97491.36, 460810.598], [97497.576, 460804.893], [97502.75, 460800.212], [97513.201, 460790.758], [97515.292, 460788.762], [97509.74, 460777.809], [97503.655, 460765.868], [97496.925, 460752.77], [97489.13, 460737.329], [97482.287, 460724.062], [97475.11, 460709.186], [97465.601, 460691.71], [97458.985, 460678.048], [97448.108, 460655.382], [97436.5, 460631.981], [97428.818, 460616.343], [97420.074, 460597.629], [97408.019, 460572.817], [97390.948, 460536.575], [97387.949, 460530.393], [97383.657, 460522.263], [97378.186, 460512.72], [97375.187, 460506.171], [97367.423, 460489.856], [97355.058, 460464.762], [97352.226, 460459.201], [97351.325, 460457.474], [97340.525, 460436.769], [97338.708, 460433.285], [97340.977, 460432.061], [97334.965, 460418.299], [97328.735, 460404.912], [97312.766, 460368.327], [97304.683, 460349.86], [97303.873, 460348.007], [97301.582, 460343.052], [97297.779, 460334.371], [97292.023, 460321.887], [97282.205, 460299.129], [97272.916, 460277.468], [97267.149, 460263.527], [97254.984, 460232.078], [97243.563, 460201.034], [97226.68, 460156.378], [97214.515, 460124.929], [97200.871, 460087.034], [97190.94, 460060.348], [97179.271, 460029.17], [97162.512, 459986.353], [97148.157, 459959.511], [97139.918, 459942.127], [97125.935, 459913.715], [97111.14, 459883.249], [97096.84, 459853.053], [97077.508, 459811.411], [97074.484, 459796.871], [97072.215, 459787.738], [97064.317, 459757.327], [97058.912, 459736.816], [97049.421, 459699.575], [97043.677, 459677.912], [97023.478, 459598.575], [97052.6, 459591.253], [97102.072, 459579.399], [97133.033, 459571.952], [97142.456, 459569.668], [97181.106, 459560.302], [97172.666, 459527.339], [97153.594, 459455.386], [97140.91, 459406.574], [97129.615, 459363.192], [97109.54, 459285.695], [97107.114, 459277.443], [97106.306, 459274.697], [97100.301, 459276.755], [97087.714, 459281.799], [97077.125, 459286.237], [97072.134, 459289.054], [97052.364, 459299.723], [97039.175, 459304.169], [97025.99, 459309.815], [97018.795, 459312.241], [96990.02, 459322.541], [96972.65, 459332.801], [96958.274, 459340.852], [96946.891, 459346.692], [96933.113, 459354.339], [96912.544, 459365.211], [96906.549, 459367.232], [96897.355, 459370.264], [96879.369, 459376.327], [96866.584, 459381.972], [96862.99, 459383.785], [96845.019, 459393.847], [96825.238, 459401.316], [96782.276, 459417.066], [96773.884, 459420.296], [96769.292, 459422.912], [96760.312, 459429.343], [96755.917, 459431.358], [96750.322, 459433.378], [96742.329, 459436.206], [96732.336, 459439.441], [96722.944, 459442.873], [96717.349, 459444.893], [96712.356, 459447.31], [96706.363, 459449.931], [96701.98, 459452.207], [96698.579, 459454.959], [96692.591, 459458.98], [96689.0, 459461.791], [96685.011, 459465.005], [96680.022, 459468.623], [96672.832, 459472.448], [96657.803, 459477.141], [96657.635, 459475.102], [96656.681, 459435.506], [96655.992, 459412.71], [96657.654, 459376.705], [96658.755, 459351.102], [96659.678, 459331.1], [96659.861, 459326.7], [96656.241, 459313.824], [96656.604, 459313.428], [96657.675, 459312.211], [96658.199, 459311.7], [96659.938, 459310.004], [96660.349, 459309.603], [96663.534, 459306.797], [96668.248, 459303.605], [96668.105, 459290.294], [96668.329, 459272.011], [96668.357, 459268.521], [96668.526, 459247.53], [96668.918, 459223.762], [96669.561, 459196.036], [96670.131, 459166.073], [96670.767, 459138.956], [96671.064, 459114.578], [96672.157, 459058.412], [96673.321, 459021.345], [96673.575, 459009.279], [96674.045, 458987.016], [96674.47, 458960.506], [96675.3, 458925.874], [96675.869, 458887.581], [96676.614, 458851.525], [96677.728, 458818.522], [96678.276, 458798.617], [96679.041, 458760.936], [96679.469, 458734.223], [96680.309, 458698.778], [96681.1, 458667.294], [96681.508, 458642.206], [96682.015, 458617.323], [96682.404, 458593.758], [96683.023, 458559.733], [96683.577, 458530.989], [96684.372, 458490.871], [96685.025, 458462.332], [96685.396, 458455.639], [96685.677, 458450.555], [96685.908, 458406.671], [96686.42, 458381.381], [96688.003, 458326.643], [96689.071, 458297.499], [96689.313, 458290.555], [96690.165, 458266.121], [96690.825, 458245.404], [96691.426, 458221.132], [96691.843, 458203.663], [96692.553, 458178.782], [96692.941, 458163.65], [96693.384, 458144.048], [96694.145, 458123.333], [96694.78, 458104.648], [96695.48, 458088.91], [96696.034, 458068.497], [96696.604, 458055.094], [96696.657, 458034.167], [96696.602, 458021.975], [96696.838, 458011.006], [96697.015, 457988.15], [96697.48, 457966.72], [96698.221, 457947.63], [96698.562, 457936.358], [96699.095, 457926.002], [96700.186, 457885.025], [96700.722, 457864.901], [96702.263, 457822.414], [96703.321, 457771.203], [96703.568, 457760.641], [96704.442, 457757.694], [96704.901, 457756.146], [96706.68, 457751.677], [96706.699, 457748.314], [96706.778, 457733.933], [96706.785, 457732.68], [96707.054, 457718.623], [96708.875, 457669.698], [96710.373, 457613.942], [96711.454, 457560.761], [96712.995, 457518.274], [96713.416, 457481.28], [96714.544, 457424.159], [96714.49, 457420.777], [96714.406, 457415.557], [96718.388, 457134.034], [96720.526, 456988.661], [96724.593, 456712.071], [96723.611, 456703.988], [96722.783, 456698.353], [96721.646, 456694.477], [96720.312, 456690.755], [96718.016, 456686.505], [96714.505, 456682.15], [96717.708, 456679.615], [96721.193, 456676.857], [96721.041, 456566.844], [96720.892, 456459.278], [96720.825, 456411.098], [96721.276, 456374.794], [96722.982, 456237.339], [96724.033, 456152.695], [96725.259, 456075.065], [96727.858, 455910.457], [96728.738, 455854.723], [96730.313, 455775.013], [96730.593, 455747.272], [96732.239, 455584.433], [96733.105, 455498.77], [96734.354, 455416.415], [96727.55, 455416.305], [96726.24, 455416.284], [96687.787, 455415.662], [96679.256, 455415.418], [96676.273, 455415.194], [96670.578, 455414.766], [96661.446, 455413.855], [96652.728, 455412.237], [96644.06, 455410.671], [96635.5, 455408.395], [96627.502, 455405.921], [96623.656, 455404.816], [96612.428, 455400.272], [96604.642, 455396.987], [96597.516, 455393.658], [96590.444, 455390.026], [96583.58, 455386.141], [96576.717, 455381.952], [96570.161, 455377.716], [96564.064, 455373.178], [96558.071, 455368.439], [96552.031, 455363.395], [96546.198, 455357.946], [96540.512, 455352.411], [96533.246, 455343.987], [96460.395, 455256.792], [96414.485, 455201.842], [96378.289, 455158.519], [96334.156, 455105.696], [96289.735, 455052.528], [96285.303, 455047.223], [96281.355, 455042.491], [96278.886, 455039.532], [96280.569, 455038.099], [96274.967, 455030.358], [96247.364, 454992.211], [96258.563, 454982.336], [96259.096, 454981.866], [96259.836, 454981.213], [96261.411, 454979.824], [96419.226, 454840.644], [96621.912, 454661.893], [96650.678, 454636.523], [96624.123, 454606.195], [96571.023, 454545.551], [96570.981, 454545.503], [96523.241, 454490.83], [96501.524, 454447.676], [96569.287, 454388.447], [96565.327, 454382.415], [96563.235, 454379.23], [96578.376, 454369.0], [96587.221, 454362.976], [96587.546, 454362.758], [96484.347, 454207.09], [96504.868, 454191.65], [96506.341, 454190.542], [96507.268, 454189.845], [96521.769, 454178.934], [96536.708, 454167.694], [96550.946, 454156.982], [96551.655, 454156.441], [96561.141, 454149.208], [96604.263, 454115.112], [96617.175, 454104.902], [96632.567, 454092.731], [96634.008, 454091.401], [96635.572, 454089.871], [96636.848, 454088.562], [96638.334, 454086.799], [96640.097, 454084.935], [96641.58, 454083.101], [96642.994, 454081.248], [96644.502, 454079.168], [96645.851, 454077.374], [96647.86, 454074.773], [96649.556, 454072.558], [96651.589, 454070.12], [96655.019, 454065.806], [96657.088, 454063.413], [96657.43, 454063.024], [96659.173, 454061.045], [96661.195, 454058.726], [96665.057, 454054.579], [96666.994, 454052.739], [96668.632, 454051.042], [96671.159, 454048.589], [96673.974, 454045.915], [96678.484, 454041.682], [96681.16, 454039.224], [96683.917, 454036.74], [96686.278, 454034.598], [96688.833, 454032.377], [96690.818, 454030.67], [96692.572, 454029.076], [96694.812, 454027.418], [96699.277, 454023.986], [96702.104, 454021.923], [96705.065, 454019.901], [96707.333, 454018.231], [96710.295, 454016.211], [96712.937, 454014.434], [96715.93, 454012.388], [96719.238, 454010.356], [96722.642, 454008.251], [96725.504, 454006.562], [96728.404, 454004.724], [96771.154, 453979.935], [96775.17, 453977.606], [96776.769, 453976.766], [96778.614, 453975.602], [96780.361, 453974.442], [96784.252, 453971.452], [96786.009, 453969.844], [96787.647, 453968.148], [96789.963, 453965.594], [96791.556, 453963.886], [96800.26, 453954.06], [96801.38, 453952.815], [96804.479, 453949.521], [96806.184, 453947.846], [96807.709, 453946.528], [96809.633, 453944.94], [96811.387, 453943.592], [96813.417, 453942.14], [96815.238, 453940.813], [96817.109, 453939.562], [96818.674, 453938.683], [96820.2, 453937.765], [96821.723, 453936.777], [96823.97, 453935.155], [96825.227, 453934.247], [96836.327, 453926.023], [96859.951, 453908.518], [96861.569, 453907.5], [96862.974, 453906.491], [96864.562, 453905.454], [96866.12, 453904.511], [96867.804, 453903.276], [96876.704, 453897.95], [96898.217, 453885.076], [96904.311, 453881.27], [96926.926, 453865.787], [96929.888, 453863.721], [96934.153, 453860.624], [96937.774, 453857.74], [96938.346, 453857.285], [96963.386, 453837.91], [96967.061, 453835.257], [96970.542, 453832.726], [96973.976, 453830.196], [96977.292, 453827.647], [96996.692, 453813.292], [96999.406, 453811.283], [97029.636, 453788.878], [97046.362, 453776.211], [97080.469, 453750.381], [97098.219, 453736.685], [97105.521, 453731.051], [97112.081, 453726.314], [97138.784, 453705.849], [97162.512, 453687.207], [97211.411, 453648.792], [97238.342, 453627.634], [97249.544, 453618.843], [97270.089, 453602.72], [97329.72, 453555.921], [97344.195, 453544.561], [97421.757, 453483.69], [97468.355, 453447.12], [97478.219, 453424.944], [97502.232, 453405.054], [97503.902, 453403.757], [97627.146, 453308.096], [97754.211, 453209.47], [97755.542, 453208.437], [97810.443, 453165.823], [97775.326, 453119.653], [97779.732, 453107.902], [97978.285, 452953.139], [97996.203, 452939.173], [97996.262, 452939.127], [98011.538, 452927.22], [98011.575, 452927.191], [98045.592, 452900.675], [98051.564, 452896.02], [98052.222, 452895.507], [98052.382, 452895.382], [98061.782, 452888.055], [98062.512, 452887.486], [98064.783, 452885.716], [98079.403, 452874.321], [98123.157, 452929.655], [98152.477, 452906.263], [98189.315, 452876.871], [98192.089, 452875.493], [98195.519, 452874.93], [98198.483, 452875.135], [98201.873, 452875.904], [98206.031, 452876.77], [98211.585, 452876.703], [98211.979, 452876.698], [98214.39, 452875.586], [98219.748, 452873.114], [98223.825, 452871.234], [98230.628, 452866.307], [98239.782, 452859.677], [98251.957, 452850.58], [98255.472, 452847.748], [98259.978, 452844.118], [98277.084, 452830.338], [98279.836, 452828.121], [98282.627, 452825.873], [98285.101, 452823.879], [98287.831, 452821.68], [98297.72, 452813.714], [98300.341, 452811.711], [98327.65, 452790.845], [98428.025, 452714.15], [98428.056, 452714.127], [98613.923, 452572.11], [98615.226, 452571.141], [98633.755, 452632.195], [98676.57, 452643.503], [98793.031, 452671.542], [98804.819, 452674.38], [98924.718, 452703.247], [98927.099, 452703.86], [98943.072, 452707.974], [98984.286, 452717.591], [99021.965, 452726.285], [99049.956, 452732.887], [99091.385, 452742.687], [99092.509, 452742.967], [99128.029, 452751.818], [99133.056, 452753.033], [99150.182, 452757.171], [99170.064, 452762.006], [99173.572, 452762.813], [99192.812, 452767.237], [99215.811, 452772.772], [99234.105, 452777.651], [99253.291, 452782.611], [99256.278, 452783.335], [99263.061, 452785.063], [99270.316, 452786.912], [99273.216, 452787.651], [99281.756, 452789.827], [99290.904, 452792.158], [99296.503, 452793.556], [99298.492, 452794.092], [99299.938, 452794.482], [99310.082, 452797.322], [99314.368, 452799.202], [99318.053, 452801.383], [99320.61, 452803.413], [99325.498, 452807.323], [99331.74, 452811.083], [99334.412, 452811.897], [99338.0, 452812.319], [99339.929, 452812.546], [99340.892, 452812.659], [99343.303, 452812.524], [99346.851, 452812.055], [99350.496, 452811.39], [99354.296, 452810.248], [99360.389, 452808.359], [99370.905, 452805.097], [99370.608, 452806.606], [99374.11, 452807.425], [99377.517, 452808.222], [99379.839, 452808.765], [99384.059, 452809.753], [99389.353, 452810.991], [99396.601, 452812.687], [99409.229, 452815.641], [99420.909, 452818.373], [99422.452, 452818.734], [99429.779, 452820.448], [99431.259, 452820.795], [99437.584, 452822.274], [99451.168, 452825.451], [99457.908, 452827.028], [99459.414, 452827.38], [99463.485, 452828.332], [99470.315, 452829.93], [99477.954, 452831.717], [99488.939, 452834.287], [99498.454, 452836.513], [99503.727, 452837.746], [99509.633, 452839.128], [99522.967, 452842.247], [99532.477, 452844.472], [99540.873, 452846.436], [99545.662, 452847.556], [99553.25, 452849.331], [99566.879, 452852.519], [99578.541, 452855.247], [99585.364, 452856.843], [99595.168, 452859.137], [99609.258, 452862.433], [99620.282, 452865.012], [99625.527, 452866.239], [99633.466, 452868.096], [99648.225, 452871.548], [99662.044, 452874.781], [99667.84, 452876.137], [99672.171, 452877.15], [99685.333, 452880.281], [99697.247, 452883.115], [99707.234, 452885.491], [99711.366, 452886.474], [99722.168, 452889.044], [99738.491, 452892.927], [99755.715, 452897.024], [99777.065, 452902.103], [99797.054, 452906.858], [99807.02, 452909.229], [99815.794, 452911.316], [99834.665, 452915.805], [99854.512, 452920.527], [99870.622, 452924.359], [99879.293, 452926.422], [99883.271, 452927.368], [99888.798, 452929.34], [99899.655, 452933.599], [99908.587, 452937.178], [99919.141, 452941.349], [99929.39, 452945.381], [99937.164, 452948.751], [99944.473, 452951.689], [99949.979, 452953.19], [99956.44, 452954.808], [99967.704, 452956.452], [99980.612, 452957.887], [99990.05, 452958.797], [99998.078, 452959.458], [100006.855, 452960.092], [100014.231, 452960.726], [100020.21, 452961.461], [100026.643, 452962.279], [100033.284, 452963.34], [100041.279, 452964.811], [100063.646, 452968.655], [100086.481, 452973.502], [100124.711, 452982.32], [100148.331, 452987.485], [100191.234, 452997.601], [100206.598, 453001.223], [100247.008, 453010.75], [100272.697, 453016.807], [100289.427, 453020.786], [100324.53, 453029.134], [100330.984, 453030.444], [100350.516, 453034.41], [100371.781, 453039.26], [100394.54, 453044.45], [100412.133, 453048.463], [100453.895, 453057.987], [100458.955, 453059.141], [100496.332, 453068.151], [100537.238, 453078.012], [100560.377, 453083.589], [100578.158, 453087.876], [100644.268, 453103.812], [100665.078, 453108.631], [100756.364, 453129.769], [100785.519, 453136.521], [100853.236, 453152.202], [101029.759, 453193.078], [101092.992, 453208.066], [101117.421, 453213.856], [101282.592, 453253.006], [101454.706, 453294.37], [101487.326, 453302.232], [101520.448, 453310.429], [101530.216, 453313.09], [101530.338, 453319.42], [101529.624, 453361.283], [101529.216, 453405.372], [101528.057, 453466.846], [101527.958, 453473.172], [101525.885, 453621.774], [101524.965, 453662.333], [101523.667, 453719.543], [101521.595, 453837.108], [101520.861, 453883.786], [101517.606, 454059.448], [101515.163, 454178.648], [101513.888, 454254.524], [101513.003, 454307.147], [101511.692, 454381.019], [101509.421, 454516.816], [101508.349, 454592.942], [101508.317, 454595.479], [101508.655, 454595.454], [102166.23, 454553.3], [102364.921, 454540.567], [102769.882, 454514.611], [102767.441, 454400.344], [102766.647, 454292.544], [103141.377, 454267.753], [103147.937, 454267.355], [103148.525, 454251.235], [103148.874, 454241.692], [103148.928, 454240.199], [103374.962, 454226.118], [103474.787, 454219.899], [103475.172, 454211.105], [103499.34, 454209.395], [103500.797, 454209.292], [103548.709, 454205.903], [103557.214, 454205.301], [103557.875, 454196.643], [103558.684, 454186.035], [103560.673, 454166.531], [103566.233, 454093.213], [103573.278, 453993.69], [103575.317, 453959.818], [103576.746, 453936.077], [103578.431, 453908.371], [103579.022, 453892.868], [103582.107, 453864.76], [103582.606, 453863.26], [103583.305, 453862.16], [103583.905, 453861.86], [103585.905, 453861.56], [103586.003, 453858.659], [103583.502, 453856.759], [103582.201, 453853.958], [103582.693, 453839.755], [103584.377, 453810.749], [103585.669, 453797.346], [103586.966, 453789.344], [103587.761, 453780.442], [103588.848, 453759.109], [103591.348, 453723.183], [103596.117, 453672.166], [103598.956, 453643.479], [103602.067, 453599.573], [103602.689, 453587.29], [103603.929, 453562.792], [103605.487, 453532.031], [103607.059, 453520.003], [103608.734, 453501.666], [103610.523, 453473.714], [103612.008, 453448.95], [103613.904, 453422.87], [103617.876, 453368.232], [103620.739, 453336.039], [103621.385, 453322.219], [103621.828, 453312.752], [103622.994, 453305.51], [103624.433, 453298.685], [103625.611, 453291.243], [103628.613, 453274.094], [103630.348, 453265.785], [103634.38, 453252.912], [103636.999, 453233.935], [103641.197, 453212.656], [103645.451, 453212.254], [103649.438, 453211.878], [103649.625, 453210.51], [103656.894, 453209.749], [103684.952, 453206.837], [103717.483, 453203.383], [103817.807, 453192.501], [103847.993, 453189.225], [103919.79, 453180.911], [104058.387, 453166.428], [104204.893, 453149.476], [104206.206, 453149.331], [104226.969, 453147.042], [104240.104, 453145.594], [104263.606, 453142.988], [104349.749, 453134.011], [104604.839, 453106.401], [104698.455, 453095.842], [104698.705, 453098.244], [104710.414, 453097.062], [104709.614, 453089.799], [104943.947, 453098.515], [105040.143, 453102.443], [105040.409, 453102.453], [105040.694, 453102.464], [105051.593, 453102.874], [105052.499, 453103.013], [105052.845, 453103.066], [105075.183, 453107.102], [105074.932, 453108.403], [105074.991, 453108.413], [105094.85, 453111.832], [105095.028, 453111.863], [105095.877, 453112.009], [105128.492, 453117.624], [105128.693, 453117.613], [105131.291, 453117.477], [105144.551, 453116.781], [105167.104, 453115.597], [105303.5, 453108.436], [105371.823, 453105.107], [105376.339, 453104.857], [105428.386, 453101.973], [105536.053, 453096.554], [105536.113, 453096.551], [105538.632, 453096.424], [105539.83, 453121.551], [105536.669, 453132.832]]]]}}, {"type": "Feature", "id": "gemeentegebied.9cacb571-d4a3-4042-9e4d-11a51b515443", "properties": {"identificatie": "GM1901", "naam": "Bodegraven-Reeuwijk", "code": "1901", "ligtInProvincieCode": "28", "ligtInProvincieNaam": "Zuid-Holland"}, "bbox": [105131.291, 447390.82, 119756.743, 459508.243], "geometry": {"type": "MultiPolygon", "coordinates": [[[[115165.782, 449584.948], [115179.822, 449588.379], [115182.456, 449589.005], [115194.772, 449591.931], [115203.768, 449594.068], [115212.309, 449594.831], [115246.331, 449597.869], [115306.266, 449605.457], [115369.609, 449611.63], [115380.207, 449612.413], [115385.315, 449612.782], [115386.945, 449613.18], [115390.649, 449614.083], [115405.257, 449618.098], [115409.743, 449619.331], [115411.884, 449619.919], [115430.468, 449623.912], [115442.472, 449626.633], [115443.019, 449626.757], [115444.429, 449627.077], [115455.571, 449630.54], [115472.852, 449637.769], [115484.405, 449642.503], [115487.73, 449643.865], [115498.388, 449647.849], [115513.197, 449653.43], [115513.713, 449653.649], [115517.547, 449655.272], [115521.734, 449657.81], [115526.478, 449661.707], [115539.263, 449673.39], [115546.624, 449680.277], [115571.922, 449703.946], [115574.148, 449706.029], [115593.126, 449723.785], [115608.988, 449738.437], [115617.891, 449746.662], [115618.058, 449746.816], [115653.465, 449779.526], [115671.715, 449797.222], [115671.735, 449797.241], [115671.867, 449797.369], [115675.463, 449800.856], [115721.936, 449845.919], [115737.244, 449861.881], [115768.258, 449894.221], [115776.134, 449902.044], [115785.744, 449912.736], [115793.725, 449920.589], [115799.53, 449925.311], [115799.767, 449925.504], [115806.503, 449930.172], [115809.464, 449932.224], [115816.417, 449935.154], [115816.563, 449935.216], [115816.751, 449935.276], [115821.786, 449936.898], [115826.473, 449939.354], [115831.351, 449941.865], [115836.302, 449945.265], [115836.457, 449945.372], [115842.398, 449950.918], [115854.796, 449963.567], [115868.846, 449977.795], [115888.6, 449997.8], [115888.79, 449997.992], [115888.908, 449998.136], [115929.52, 450047.828], [115961.572, 450087.046], [115982.784, 450114.54], [116005.433, 450142.163], [116005.554, 450142.311], [116005.628, 450142.466], [116009.663, 450150.878], [116012.578, 450157.86], [116016.455, 450168.507], [116020.224, 450178.029], [116024.423, 450187.284], [116027.581, 450194.066], [116031.529, 450200.129], [116031.72, 450200.413], [116032.085, 450200.954], [116061.384, 450244.399], [116063.879, 450248.197], [116071.182, 450259.312], [116086.134, 450283.911], [116093.91, 450296.704], [116105.405, 450314.645], [116121.174, 450339.257], [116134.624, 450362.106], [116146.137, 450380.782], [116146.229, 450380.931], [116155.2, 450395.542], [116157.373, 450399.27], [116192.639, 450456.515], [116197.424, 450464.448], [116204.457, 450476.108], [116204.595, 450476.338], [116233.941, 450525.031], [116243.457, 450540.766], [116282.855, 450605.909], [116290.618, 450618.386], [116295.351, 450626.474], [116320.274, 450669.068], [116320.558, 450669.538], [116348.605, 450715.896], [116350.101, 450718.425], [116373.552, 450758.077], [116387.225, 450780.271], [116388.118, 450781.72], [116391.683, 450787.506], [116410.14, 450818.678], [116423.674, 450841.292], [116425.739, 450844.743], [116462.793, 450906.656], [116480.702, 450936.579], [116480.966, 450937.021], [116490.949, 450953.702], [116503.661, 450974.941], [116515.673, 450994.822], [116518.555, 450999.594], [116530.453, 451019.287], [116535.536, 451027.701], [116539.549, 451034.343], [116539.604, 451034.433], [116544.993, 451043.354], [116549.255, 451050.408], [116551.782, 451054.989], [116557.898, 451064.714], [116562.912, 451073.013], [116566.176, 451078.415], [116571.33, 451086.946], [116574.776, 451092.65], [116574.847, 451092.753], [116584.855, 451107.137], [116585.119, 451107.516], [116593.764, 451121.259], [116596.68, 451126.03], [116619.006, 451162.561], [116640.088, 451197.056], [116645.409, 451205.792], [116665.602, 451238.951], [116682.238, 451266.268], [116686.66, 451273.833], [116700.797, 451298.011], [116704.784, 451304.83], [116709.458, 451312.824], [116728.844, 451345.423], [116734.874, 451355.316], [116734.314, 451364.017], [116734.229, 451365.346], [116734.715, 451365.589], [116744.011, 451370.237], [116746.653, 451372.639], [116748.178, 451375.926], [116750.193, 451380.087], [116751.594, 451381.927], [116753.346, 451383.766], [116755.186, 451384.993], [116758.109, 451387.047], [116756.31, 451398.441], [116755.26, 451403.088], [116753.311, 451407.736], [116750.613, 451413.283], [116748.364, 451417.63], [116743.566, 451424.676], [116744.532, 451425.329], [116748.925, 451428.3], [116750.8, 451429.568], [116750.862, 451429.609], [116758.853, 451434.84], [116769.93, 451443.064], [116785.841, 451455.377], [116804.37, 451469.716], [116815.812, 451478.318], [116828.035, 451487.507], [116851.196, 451504.626], [116867.141, 451516.543], [116901.245, 451542.188], [116930.616, 451564.007], [116936.05, 451567.953], [116968.246, 451591.331], [116991.071, 451607.779], [117025.713, 451632.551], [117039.4, 451642.328], [117049.21, 451649.335], [117073.378, 451667.126], [117082.403, 451673.793], [117123.092, 451703.848], [117129.857, 451708.665], [117158.874, 451729.326], [117189.421, 451751.648], [117190.244, 451752.032], [117199.491, 451756.348], [117214.428, 451766.921], [117219.701, 451770.746], [117222.988, 451773.131], [117230.429, 451779.043], [117233.902, 451781.654], [117238.932, 451785.216], [117246.149, 451790.754], [117249.232, 451792.978], [117261.456, 451801.798], [117279.247, 451815.56], [117302.408, 451832.848], [117315.365, 451842.381], [117324.764, 451849.094], [117335.338, 451856.311], [117347.758, 451864.703], [117369.013, 451879.57], [117390.422, 451894.545], [117405.945, 451904.071], [117405.028, 451906.823], [117410.838, 451911.41], [117422.457, 451920.583], [117429.95, 451926.367], [117444.768, 451937.807], [117470.814, 451955.754], [117503.414, 451979.799], [117549.685, 452012.979], [117552.015, 452014.657], [117581.631, 452035.99], [117610.264, 452056.121], [117636.334, 452077.155], [117658.998, 452094.075], [117675.924, 452107.285], [117681.08, 452111.66], [117685.297, 452115.239], [117686.755, 452116.476], [117693.602, 452122.287], [117692.719, 452123.585], [117691.481, 452125.404], [117687.211, 452131.676], [117687.502, 452131.876], [117689.63, 452133.339], [117733.628, 452163.585], [117771.45, 452192.478], [117773.971, 452192.217], [117779.715, 452191.623], [117782.416, 452189.467], [117785.687, 452190.443], [117786.352, 452190.642], [117792.246, 452192.763], [117792.965, 452193.022], [117793.506, 452193.214], [117795.126, 452194.256], [117802.938, 452199.28], [117807.396, 452203.014], [117829.232, 452218.247], [117836.969, 452223.644], [117852.181, 452235.245], [117859.033, 452239.932], [117859.52, 452240.265], [117868.706, 452246.548], [117875.661, 452251.095], [117882.375, 452255.34], [117899.131, 452265.849], [117905.432, 452270.17], [117927.354, 452281.017], [117947.362, 452295.569], [117958.742, 452303.831], [117969.686, 452311.087], [117970.309, 452311.5], [117970.768, 452311.805], [117993.776, 452325.371], [118001.272, 452330.188], [118007.086, 452334.718], [118013.398, 452338.065], [118017.875, 452341.084], [118023.452, 452344.197], [118027.289, 452346.123], [118033.416, 452348.204], [118040.47, 452349.515], [118041.28, 452349.666], [118046.926, 452350.716], [118064.118, 452354.281], [118076.582, 452357.353], [118086.411, 452359.776], [118089.208, 452360.121], [118105.486, 452362.128], [118115.974, 452363.46], [118138.408, 452367.115], [118152.855, 452369.468], [118172.292, 452371.481], [118218.278, 452376.245], [118255.632, 452376.589], [118256.628, 452376.598], [118280.734, 452375.939], [118298.394, 452377.556], [118307.233, 452378.748], [118309.089, 452378.998], [118321.048, 452380.557], [118338.284, 452382.48], [118356.685, 452385.445], [118379.232, 452389.078], [118404.949, 452395.36], [118411.955, 452397.071], [118434.573, 452403.368], [118446.54, 452407.378], [118467.064, 452414.789], [118467.255, 452414.858], [118493.483, 452422.677], [118499.675, 452424.608], [118521.918, 452431.545], [118529.112, 452432.935], [118529.536, 452433.017], [118567.49, 452440.349], [118573.858, 452442.977], [118573.921, 452443.003], [118590.504, 452449.847], [118596.89, 452453.762], [118613.219, 452463.857], [118627.426, 452471.827], [118644.109, 452481.764], [118676.607, 452504.579], [118699.126, 452521.683], [118700.625, 452522.684], [118722.741, 452537.454], [118741.134, 452548.3], [118759.273, 452558.997], [118782.295, 452572.308], [118782.452, 452572.399], [118797.436, 452581.063], [118832.041, 452601.976], [118837.363, 452605.241], [118840.935, 452607.432], [118855.836, 452615.818], [118867.243, 452622.249], [118878.926, 452628.835], [118896.988, 452640.013], [118898.275, 452640.649], [118914.929, 452648.88], [118939.925, 452662.813], [118946.74, 452666.999], [118968.92, 452680.622], [119017.551, 452708.023], [119030.472, 452715.085], [119037.967, 452718.506], [119047.118, 452722.684], [119056.786, 452723.979], [119066.024, 452724.577], [119088.789, 452727.984], [119120.92, 452738.79], [119141.123, 452746.488], [119152.504, 452751.397], [119177.342, 452762.11], [119200.372, 452773.098], [119202.292, 452774.014], [119211.302, 452778.617], [119222.043, 452784.552], [119226.246, 452786.704], [119243.094, 452795.072], [119257.662, 452802.932], [119260.901, 452804.679], [119264.864, 452807.169], [119270.394, 452810.429], [119277.992, 452815.04], [119282.795, 452818.134], [119304.225, 452831.941], [119316.366, 452838.266], [119321.863, 452841.644], [119324.6, 452843.327], [119330.693, 452847.072], [119330.726, 452847.092], [119336.518, 452850.652], [119345.147, 452855.956], [119352.409, 452860.42], [119363.954, 452867.295], [119366.571, 452868.853], [119373.769, 452872.17], [119375.265, 452872.859], [119378.648, 452874.418], [119382.853, 452876.355], [119385.933, 452878.275], [119386.62, 452879.443], [119394.677, 452893.129], [119402.404, 452906.256], [119409.303, 452917.976], [119411.391, 452921.735], [119412.579, 452923.986], [119422.244, 452940.989], [119440.244, 452971.963], [119458.124, 453001.984], [119473.836, 453029.023], [119483.127, 453043.454], [119484.039, 453044.923], [119487.152, 453049.937], [119492.715, 453058.745], [119497.211, 453067.001], [119498.784, 453069.518], [119512.65, 453094.853], [119524.063, 453113.496], [119529.359, 453122.147], [119532.121, 453126.412], [119534.972, 453130.813], [119543.986, 453146.147], [119546.96, 453152.186], [119547.814, 453154.502], [119548.929, 453156.691], [119553.38, 453163.108], [119567.363, 453186.151], [119588.567, 453223.49], [119612.358, 453263.251], [119626.422, 453287.098], [119636.567, 453304.481], [119649.211, 453326.147], [119673.477, 453367.207], [119675.935, 453370.958], [119677.371, 453373.088], [119678.887, 453375.607], [119679.497, 453377.009], [119698.103, 453408.283], [119702.887, 453416.493], [119715.471, 453438.086], [119726.107, 453456.338], [119748.106, 453493.127], [119756.743, 453508.865], [119753.115, 453510.445], [119753.075, 453510.46], [119729.742, 453519.219], [119725.056, 453520.979], [119725.0, 453521.0], [119720.234, 453521.007], [119697.868, 453521.649], [119686.895, 453522.198], [119676.376, 453522.724], [119645.003, 453524.025], [119620.45, 453524.959], [119618.395, 453524.96], [119612.692, 453525.247], [119612.656, 453525.249], [119586.547, 453526.566], [119558.906, 453527.96], [119530.865, 453528.729], [119524.654, 453529.082], [119435.847, 453534.128], [119407.885, 453535.717], [119389.646, 453537.158], [119370.638, 453538.146], [119366.388, 453538.052], [119361.738, 453538.308], [119355.943, 453538.628], [119333.593, 453540.363], [119314.553, 453541.099], [119305.06, 453542.013], [119299.786, 453542.521], [119298.042, 453542.798], [119275.349, 453544.178], [119258.164, 453545.264], [119249.625, 453545.787], [119245.95, 453546.012], [119233.122, 453546.244], [119222.307, 453546.439], [119197.364, 453546.663], [119182.47, 453546.796], [119152.487, 453547.356], [119124.436, 453547.809], [119119.436, 453547.662], [119138.5, 453507.888], [119143.0, 453498.5], [119142.89, 453498.451], [119140.823, 453497.524], [119138.678, 453496.562], [119128.5, 453492.0], [119114.037, 453500.196], [119066.015, 453529.008], [119060.645, 453532.434], [119057.103, 453534.202], [119053.586, 453536.082], [119049.696, 453537.579], [119046.322, 453538.792], [119037.562, 453541.718], [119026.541, 453544.933], [119022.307, 453546.186], [119014.641, 453548.116], [119008.97, 453549.544], [119007.074, 453549.72], [118999.987, 453549.809], [118990.633, 453549.927], [118955.107, 453549.919], [118942.68, 453549.605], [118909.424, 453548.765], [118854.252, 453547.372], [118790.803, 453545.77], [118783.636, 453545.677], [118695.883, 453544.539], [118670.326, 453544.976], [118664.391, 453544.813], [118663.71, 453544.754], [118662.417, 453544.469], [118657.475, 453543.382], [118657.24, 453543.33], [118650.482, 453541.842], [118626.447, 453535.05], [118597.218, 453527.148], [118591.645, 453525.827], [118589.416, 453525.3], [118585.637, 453524.726], [118581.832, 453524.632], [118559.909, 453524.896], [118558.879, 453524.941], [118550.599, 453524.988], [118550.39, 453524.989], [118539.509, 453525.051], [118513.274, 453525.53], [118499.117, 453525.93], [118493.657, 453525.904], [118487.816, 453526.665], [118487.489, 453526.708], [118472.067, 453528.716], [118468.127, 453529.479], [118446.135, 453534.368], [118437.64, 453536.256], [118414.5, 453542.0], [118405.684, 453537.846], [118398.46, 453552.819], [118363.965, 453533.983], [118358.958, 453542.651], [118358.635, 453543.21], [118358.098, 453544.135], [118355.896, 453547.929], [118352.29, 453554.14], [118337.88, 453554.977], [118306.769, 453556.23], [118276.461, 453557.989], [118276.43, 453557.991], [118263.836, 453558.722], [118250.673, 453559.78], [118236.039, 453560.552], [118220.168, 453561.372], [118202.576, 453561.549], [118181.666, 453561.643], [118177.921, 453561.6], [118171.396, 453561.889], [118171.305, 453561.893], [118165.938, 453562.13], [118164.7, 453562.133], [118116.627, 453562.597], [118112.324, 453562.639], [118088.654, 453562.41], [118062.4, 453561.849], [118057.943, 453561.754], [118044.675, 453561.825], [118043.157, 453561.812], [118038.49, 453561.35], [118037.432, 453561.245], [118035.961, 453561.386], [118032.089, 453561.126], [118014.295, 453561.001], [117992.901, 453560.851], [117967.97, 453560.138], [117946.897, 453558.647], [117943.843, 453565.367], [117926.805, 453565.25], [117905.683, 453564.603], [117886.627, 453564.051], [117879.44, 453563.58], [117883.298, 453554.267], [117878.182, 453554.502], [117875.639, 453554.618], [117874.851, 453554.654], [117864.491, 453555.128], [117847.928, 453555.328], [117829.96, 453555.394], [117821.682, 453555.231], [117818.561, 453555.223], [117813.823, 453554.87], [117809.53, 453554.822], [117750.368, 453554.155], [117742.46, 453553.939], [117726.929, 453553.955], [117723.356, 453553.901], [117691.386, 453553.421], [117671.26, 453553.452], [117650.69, 453553.239], [117639.512, 453553.393], [117635.668, 453553.316], [117632.61, 453553.254], [117631.664, 453553.31], [117630.733, 453553.233], [117618.471, 453552.032], [117608.674, 453551.057], [117604.511, 453550.621], [117595.243, 453549.651], [117579.861, 453548.041], [117523.044, 453542.095], [117511.197, 453541.098], [117509.807, 453540.981], [117506.267, 453540.287], [117504.652, 453540.026], [117498.644, 453539.053], [117471.548, 453534.667], [117463.583, 453533.087], [117449.936, 453530.38], [117428.52, 453526.543], [117421.641, 453524.951], [117421.387, 453524.892], [117420.628, 453524.716], [117402.446, 453520.3], [117358.697, 453509.58], [117304.717, 453496.353], [117283.906, 453491.173], [117268.182, 453486.068], [117253.708, 453481.38], [117212.389, 453467.926], [117167.876, 453453.648], [117117.511, 453436.143], [117080.212, 453424.227], [117079.802, 453424.082], [117060.251, 453417.176], [117025.219, 453404.78], [117003.424, 453397.064], [116980.93, 453389.101], [116962.78, 453382.676], [116886.363, 453355.768], [116845.791, 453341.501], [116845.553, 453341.418], [116826.59, 453334.773], [116800.727, 453325.566], [116785.372, 453319.242], [116779.878, 453316.979], [116794.558, 453357.169], [116804.064, 453380.347], [116816.586, 453411.328], [116831.422, 453446.898], [116846.108, 453481.428], [116854.447, 453497.343], [116873.39, 453533.493], [116879.478, 453547.381], [116904.817, 453605.178], [116927.297, 453650.567], [116939.918, 453677.595], [116957.266, 453716.653], [116960.665, 453724.507], [116976.163, 453760.061], [116978.059, 453764.092], [116988.427, 453786.137], [117002.601, 453815.399], [117010.192, 453830.811], [117020.337, 453855.791], [117027.243, 453870.675], [117045.96, 453912.205], [117065.124, 453951.236], [117073.897, 453968.465], [117073.922, 453968.525], [117074.407, 453969.706], [117074.76, 453972.561], [117073.395, 453974.051], [117070.25, 453974.811], [117064.861, 453975.516], [117042.216, 453978.238], [117013.93, 453981.416], [117000.0, 453982.948], [116980.958, 453985.278], [116982.889, 453998.757], [116983.067, 454000.0], [116983.572, 454003.523], [116983.648, 454004.053], [116983.911, 454005.547], [116986.988, 454023.044], [116987.836, 454028.946], [116989.948, 454043.633], [116993.828, 454079.351], [116994.59, 454086.367], [116999.353, 454117.758], [117007.641, 454173.254], [117009.908, 454191.4], [117010.461, 454198.855], [117010.461, 454202.471], [117009.724, 454204.402], [117008.653, 454205.725], [117007.05, 454206.061], [117005.168, 454205.957], [117002.144, 454205.087], [116994.509, 454201.912], [116988.441, 454199.035], [116979.929, 454195.109], [116960.895, 454187.313], [116955.159, 454185.037], [116932.315, 454175.974], [116916.766, 454170.333], [116901.551, 454165.083], [116895.439, 454163.171], [116889.163, 454161.262], [116878.984, 454158.429], [116869.582, 454155.992], [116861.031, 454154.13], [116860.794, 454155.691], [116860.684, 454156.346], [116860.68, 454156.366], [116858.941, 454166.688], [116855.832, 454175.511], [116855.455, 454179.015], [116853.341, 454188.108], [116845.501, 454218.921], [116844.51, 454221.186], [116843.498, 454223.013], [116842.743, 454222.981], [116841.804, 454222.942], [116841.497, 454222.929], [116840.147, 454222.873], [116838.025, 454222.786], [116830.764, 454222.161], [116822.349, 454221.412], [116814.04, 454221.012], [116802.279, 454220.521], [116789.775, 454219.862], [116775.835, 454218.801], [116764.093, 454218.037], [116752.754, 454216.678], [116745.022, 454215.897], [116744.106, 454215.805], [116734.268, 454214.101], [116723.261, 454212.132], [116714.555, 454210.211], [116705.637, 454207.752], [116699.302, 454205.883], [116697.718, 454205.207], [116696.507, 454204.88], [116695.109, 454204.503], [116693.467, 454204.06], [116691.953, 454203.652], [116687.767, 454202.523], [116687.331, 454202.416], [116683.922, 454201.583], [116675.221, 454199.525], [116659.955, 454196.985], [116649.115, 454194.998], [116641.032, 454193.885], [116632.742, 454192.317], [116629.349, 454191.726], [116624.569, 454191.18], [116616.261, 454190.311], [116606.936, 454189.591], [116597.383, 454189.048], [116588.177, 454188.759], [116573.295, 454187.527], [116566.497, 454186.683], [116561.649, 454186.499], [116557.415, 454186.64], [116555.238, 454187.063], [116554.185, 454189.408], [116546.783, 454189.015], [116544.401, 454188.889], [116544.508, 454191.956], [116562.208, 454696.225], [116562.211, 454696.294], [116562.404, 454701.803], [116562.467, 454703.616], [116562.724, 454710.918], [116562.729, 454711.052], [116563.468, 454732.107], [116555.724, 454736.782], [116551.986, 454739.139], [116548.654, 454741.008], [116536.708, 454747.59], [116531.426, 454750.272], [116527.119, 454752.141], [116522.0, 454754.172], [116516.636, 454756.285], [116512.492, 454757.748], [116508.649, 454758.88], [116504.484, 454760.041], [116505.006, 454780.553], [116505.275, 454791.149], [116505.291, 454791.774], [116504.419, 454811.161], [116504.009, 454815.018], [116501.88, 454835.019], [116501.195, 454841.463], [116500.209, 454850.734], [116499.327, 454859.024], [116498.367, 454868.044], [116487.954, 454954.776], [116487.165, 454961.771], [116479.788, 455040.402], [116477.971, 455059.766], [116477.213, 455066.884], [116472.656, 455109.112], [116472.202, 455113.465], [116470.707, 455123.826], [116468.561, 455142.223], [116466.69, 455159.118], [116464.452, 455178.151], [116462.367, 455212.04], [116459.454, 455236.417], [116457.737, 455248.559], [116455.572, 455269.014], [116455.444, 455270.121], [116451.332, 455302.111], [116449.157, 455325.702], [116447.448, 455344.242], [116446.683, 455352.589], [116445.488, 455365.614], [116444.29, 455377.475], [116441.76, 455402.532], [116439.799, 455416.126], [116438.819, 455425.738], [116436.854, 455450.905], [116432.092, 455496.4], [116415.646, 455650.473], [116409.072, 455708.749], [116407.563, 455728.093], [116399.479, 455802.126], [116380.916, 455988.018], [116377.711, 456017.517], [116376.629, 456024.972], [116370.963, 456086.064], [116368.32, 456125.314], [116362.578, 456210.578], [116359.861, 456273.72], [116360.481, 456280.053], [116361.06, 456295.536], [116361.11, 456302.157], [116361.213, 456315.769], [116361.386, 456338.493], [116361.049, 456429.251], [116360.967, 456443.128], [116360.875, 456458.613], [116360.681, 456491.369], [116360.194, 456573.432], [116359.752, 456648.07], [116358.506, 456720.547], [116357.038, 456759.462], [116357.014, 456772.265], [116356.97, 456796.288], [116356.121, 456965.993], [116355.035, 457053.823], [116353.919, 457207.617], [116353.379, 457249.0], [116351.869, 457388.878], [116350.108, 457584.696], [116350.096, 457585.981], [116350.088, 457586.782], [116350.069, 457588.782], [116350.072, 457589.409], [116380.853, 457597.803], [116387.145, 457599.392], [116399.151, 457602.425], [116413.633, 457605.745], [116415.718, 457605.934], [116420.934, 457605.255], [116420.989, 457607.913], [116428.924, 457608.215], [116431.085, 457608.458], [116432.738, 457608.986], [116434.767, 457609.827], [116436.882, 457610.734], [116441.618, 457612.094], [116447.764, 457623.832], [116464.452, 457663.914], [116469.154, 457675.207], [116475.925, 457691.006], [116479.528, 457698.767], [116480.116, 457700.034], [116483.341, 457709.384], [116487.707, 457721.441], [116487.72, 457721.48], [116492.376, 457734.027], [116494.762, 457740.989], [116495.953, 457744.462], [116499.528, 457755.023], [116501.961, 457762.147], [116504.565, 457769.622], [116507.503, 457778.952], [116510.31, 457788.705], [116511.133, 457791.563], [116511.462, 457793.841], [116511.489, 457796.268], [116511.155, 457797.814], [116510.913, 457798.938], [116509.841, 457801.278], [116508.698, 457803.18], [116506.511, 457806.082], [116492.069, 457817.482], [116486.669, 457821.515], [116479.097, 457827.17], [116475.356, 457829.964], [116448.915, 457849.865], [116441.644, 457855.425], [116433.347, 457862.653], [116423.78, 457870.4], [116401.04, 457888.34], [116389.278, 457896.899], [116385.246, 457899.834], [116378.12, 457905.02], [116357.234, 457920.936], [116351.977, 457924.943], [116332.852, 457939.517], [116322.72, 457947.238], [116311.14, 457956.063], [116309.486, 457957.324], [116279.94, 457979.84], [116252.332, 457999.707], [116230.113, 458014.559], [116212.878, 458025.809], [116203.673, 458032.743], [116194.141, 458039.926], [116178.933, 458051.386], [116158.858, 458066.513], [116144.605, 458077.272], [116122.544, 458093.945], [116103.431, 458108.662], [116099.222, 458111.815], [116086.84, 458120.99], [116082.293, 458123.761], [116080.447, 458124.886], [116038.563, 458156.012], [116026.569, 458164.925], [116021.148, 458168.953], [116007.123, 458179.376], [115995.79, 458187.98], [115984.601, 458196.475], [115963.582, 458212.432], [115941.1, 458229.499], [115920.263, 458245.318], [115914.807, 458249.447], [115884.048, 458272.73], [115861.503, 458289.73], [115851.345, 458297.389], [115836.08, 458308.899], [115803.355, 458333.574], [115799.31, 458336.624], [115763.313, 458363.808], [115760.428, 458365.986], [115748.222, 458375.219], [115692.623, 458417.28], [115690.238, 458419.084], [115666.275, 458437.212], [115654.241, 458446.315], [115625.968, 458467.691], [115597.875, 458488.83], [115584.471, 458498.915], [115551.331, 458523.851], [115544.672, 458528.861], [115493.012, 458567.734], [115478.047, 458579.054], [115435.606, 458612.288], [115431.668, 458615.371], [115428.053, 458618.201], [115399.35, 458639.723], [115370.307, 458661.501], [115355.003, 458673.112], [115337.052, 458686.878], [115316.31, 458702.785], [115309.557, 458707.963], [115292.354, 458721.039], [115275.59, 458733.932], [115273.948, 458735.146], [115251.895, 458751.454], [115229.511, 458768.008], [115221.311, 458774.158], [115201.343, 458789.135], [115149.63, 458828.333], [115133.449, 458840.598], [115118.611, 458851.891], [115112.225, 458856.751], [115098.35, 458867.187], [115054.014, 458900.063], [115050.179, 458902.904], [115030.578, 458917.429], [115028.638, 458918.885], [114999.782, 458940.553], [114978.374, 458956.656], [114975.741, 458958.626], [114958.157, 458971.788], [114944.223, 458982.217], [114921.802, 458999.0], [114880.136, 459030.635], [114872.689, 459036.289], [114848.898, 459054.428], [114831.557, 459067.648], [114825.959, 459071.916], [114807.045, 459086.336], [114798.42, 459092.912], [114787.94, 459100.771], [114751.938, 459127.77], [114748.9, 459130.049], [114732.206, 459142.568], [114702.123, 459165.076], [114699.233, 459167.001], [114693.131, 459172.106], [114685.879, 459177.37], [114681.111, 459180.832], [114646.481, 459205.973], [114644.657, 459207.373], [114608.288, 459235.281], [114604.88, 459237.896], [114598.792, 459242.335], [114586.381, 459251.203], [114574.254, 459260.313], [114558.568, 459272.098], [114544.341, 459282.786], [114506.194, 459311.445], [114499.813, 459316.184], [114484.976, 459327.205], [114477.865, 459332.464], [114474.871, 459334.751], [114474.313, 459335.177], [114461.368, 459345.068], [114467.373, 459353.521], [114457.167, 459360.87], [114424.011, 459385.052], [114425.073, 459386.748], [114421.419, 459389.559], [114421.294, 459389.652], [114414.803, 459394.456], [114407.565, 459399.708], [114405.933, 459400.893], [114394.68, 459408.76], [114385.373, 459415.273], [114371.152, 459426.025], [114366.413, 459429.897], [114364.329, 459431.6], [114353.971, 459440.062], [114347.728, 459445.163], [114339.177, 459452.149], [114337.162, 459453.673], [114323.09, 459464.25], [114315.676, 459469.897], [114308.883, 459475.07], [114305.774, 459477.148], [114299.605, 459481.271], [114296.428, 459483.394], [114287.735, 459489.203], [114274.33, 459498.161], [114272.6, 459499.317], [114264.014, 459505.055], [114243.54, 459508.243], [114243.541, 459508.12], [114243.6, 459498.578], [114243.14, 459489.554], [114243.123, 459489.343], [114242.68, 459483.803], [114241.342, 459467.05], [114242.591, 459466.388], [114252.611, 459461.076], [114251.936, 459457.553], [114251.718, 459456.288], [114251.523, 459455.154], [114250.761, 459447.103], [114250.441, 459443.728], [114253.148, 459424.31], [114257.426, 459424.302], [114258.927, 459424.299], [114258.575, 459420.549], [114257.347, 459416.439], [114255.968, 459412.034], [114255.235, 459409.011], [114255.159, 459404.146], [114254.151, 459401.076], [114252.956, 459399.419], [114251.629, 459397.201], [114251.001, 459394.566], [114250.083, 459389.468], [114250.082, 459386.543], [114250.08, 459383.026], [114249.823, 459376.398], [114250.379, 459369.515], [114247.673, 459370.857], [114245.344, 459353.729], [114243.511, 459340.25], [114243.459, 459339.96], [114242.467, 459334.475], [114242.314, 459333.628], [114242.297, 459333.584], [114237.584, 459320.911], [114234.673, 459314.053], [114234.565, 459313.799], [114229.06, 459305.091], [114225.305, 459303.099], [114222.734, 459301.741], [114217.113, 459298.772], [114212.423, 459296.794], [114210.214, 459295.863], [114202.706, 459292.195], [114201.802, 459291.983], [114199.439, 459291.432], [114199.314, 459291.403], [114196.821, 459291.506], [114194.058, 459292.187], [114190.887, 459293.419], [114187.679, 459293.539], [114184.117, 459293.399], [114179.772, 459292.525], [114173.56, 459290.588], [114172.511, 459290.333], [114171.297, 459290.038], [114170.39, 459289.818], [114168.534, 459289.367], [114164.876, 459287.653], [114162.248, 459286.421], [114159.264, 459285.022], [114149.749, 459281.15], [114146.79, 459279.946], [114144.617, 459279.509], [114137.738, 459278.476], [114131.993, 459274.857], [114126.825, 459271.601], [114108.816, 459273.076], [114103.518, 459272.473], [114099.219, 459271.984], [114098.601, 459271.914], [114082.979, 459270.336], [114076.23, 459269.789], [114074.479, 459268.887], [114064.465, 459264.071], [114056.542, 459260.33], [114047.208, 459253.174], [114046.182, 459252.388], [114041.704, 459250.958], [114039.774, 459250.341], [114036.984, 459252.596], [114033.36, 459252.33], [114029.775, 459252.328], [114027.861, 459252.535], [114027.445, 459252.58], [114026.468, 459252.686], [114021.356, 459252.287], [114013.762, 459251.693], [114013.426, 459251.667], [114013.043, 459251.637], [114002.738, 459250.831], [114001.801, 459250.758], [113998.896, 459250.531], [113998.815, 459250.526], [113997.153, 459250.427], [113981.124, 459249.466], [113981.156, 459248.659], [113980.059, 459249.712], [113978.261, 459251.183], [113977.039, 459252.611], [113976.958, 459254.802], [113975.644, 459254.999], [113974.507, 459255.169], [113973.72, 459253.154], [113973.588, 459252.817], [113973.145, 459251.681], [113972.109, 459252.236], [113967.78, 459253.42], [113961.445, 459254.855], [113954.956, 459255.396], [113954.188, 459255.428], [113949.437, 459255.629], [113943.983, 459255.956], [113939.93, 459256.073], [113936.151, 459256.332], [113934.439, 459256.45], [113930.91, 459256.177], [113928.319, 459255.586], [113925.059, 459253.183], [113923.991, 459255.966], [113922.117, 459256.631], [113909.565, 459261.088], [113908.453, 459261.483], [113908.404, 459261.495], [113908.343, 459261.51], [113892.142, 459265.437], [113888.215, 459266.389], [113888.004, 459266.777], [113862.029, 459287.299], [113855.624, 459290.384], [113855.277, 459290.599], [113846.036, 459296.335], [113841.483, 459299.161], [113837.739, 459291.987], [113828.943, 459296.292], [113826.897, 459297.293], [113817.933, 459301.68], [113816.762, 459303.456], [113815.578, 459305.146], [113808.379, 459315.83], [113782.676, 459331.195], [113778.591, 459331.652], [113755.769, 459334.208], [113725.996, 459337.541], [113717.418, 459339.135], [113714.615, 459338.621], [113711.122, 459338.299], [113710.88, 459338.231], [113708.498, 459337.565], [113706.126, 459336.902], [113705.526, 459336.734], [113701.997, 459336.15], [113699.416, 459335.335], [113696.919, 459336.91], [113695.31, 459338.441], [113694.402, 459340.489], [113693.52, 459342.4], [113690.742, 459342.37], [113690.658, 459339.359], [113688.615, 459333.66], [113688.15, 459332.929], [113687.785, 459332.355], [113686.755, 459330.735], [113684.812, 459329.065], [113683.582, 459328.008], [113680.097, 459325.594], [113677.39, 459324.22], [113673.898, 459323.586], [113654.705, 459310.445], [113643.001, 459303.834], [113640.888, 459300.263], [113639.958, 459298.642], [113636.153, 459290.667], [113632.985, 459284.028], [113631.211, 459279.299], [113631.192, 459279.249], [113628.501, 459272.07], [113628.036, 459270.829], [113624.753, 459262.665], [113621.39, 459254.984], [113618.55, 459246.602], [113618.207, 459244.268], [113618.039, 459243.12], [113618.554, 459239.307], [113620.686, 459232.495], [113626.314, 459227.56], [113627.214, 459223.022], [113627.5, 459220.961], [113628.293, 459215.257], [113630.539, 459204.823], [113632.072, 459198.5], [113636.164, 459186.145], [113642.053, 459172.01], [113648.974, 459160.344], [113663.679, 459136.171], [113664.033, 459135.654], [113674.448, 459120.43], [113675.577, 459118.78], [113698.642, 459083.304], [113698.781, 459082.982], [113701.948, 459075.649], [113704.017, 459068.712], [113705.647, 459065.799], [113706.546, 459065.22], [113708.033, 459064.374], [113708.978, 459062.588], [113710.221, 459059.778], [113711.747, 459055.546], [113713.322, 459050.418], [113715.447, 459046.008], [113716.524, 459041.755], [113716.496, 459041.488], [113716.293, 459039.566], [113716.006, 459035.784], [113714.724, 459029.793], [113713.107, 459023.942], [113709.532, 459016.648], [113706.562, 459010.732], [113700.984, 458999.969], [113699.361, 458999.321], [113699.189, 458999.252], [113698.029, 458998.931], [113695.908, 459000.001], [113694.737, 458997.72], [113697.433, 458995.673], [113697.097, 458995.048], [113695.676, 458992.407], [113694.937, 458991.455], [113692.786, 458988.683], [113690.456, 458985.456], [113687.667, 458977.517], [113683.593, 458973.215], [113675.716, 458969.464], [113667.715, 458965.655], [113667.132, 458965.438], [113651.538, 458959.633], [113646.245, 458959.857], [113643.331, 458959.981], [113628.278, 458960.221], [113627.462, 458960.638], [113621.454, 458963.711], [113615.711, 458966.648], [113576.271, 458980.375], [113575.701, 458980.573], [113563.409, 458984.851], [113535.574, 458994.539], [113534.226, 458997.462], [113532.507, 459001.19], [113531.09, 459001.744], [113529.604, 459002.325], [113528.3, 458999.062], [113525.545, 459000.483], [113515.503, 459005.663], [113485.234, 459021.277], [113483.611, 459016.986], [113475.589, 459019.691], [113471.495, 459020.115], [113470.195, 459017.781], [113461.55, 459020.801], [113451.313, 459024.451], [113446.503, 459025.823], [113442.064, 459025.456], [113438.217, 459024.825], [113432.377, 459022.735], [113431.722, 459022.501], [113427.812, 459021.353], [113422.974, 459019.932], [113411.351, 459015.97], [113400.752, 459011.956], [113393.572, 459009.237], [113392.538, 459008.802], [113385.225, 459005.723], [113368.363, 458984.061], [113366.982, 458983.289], [113365.782, 458983.732], [113365.177, 458983.909], [113363.616, 458979.842], [113367.041, 458975.533], [113367.56, 458974.214], [113368.156, 458971.867], [113367.296, 458963.445], [113366.799, 458960.41], [113365.632, 458953.282], [113362.027, 458933.526], [113359.879, 458916.961], [113359.818, 458904.224], [113359.756, 458891.214], [113359.704, 458880.255], [113358.297, 458862.617], [113358.279, 458862.39], [113345.856, 458841.003], [113343.435, 458836.835], [113343.575, 458832.921], [113339.866, 458832.17], [113336.938, 458830.274], [113330.947, 458831.11], [113330.077, 458830.925], [113319.204, 458819.325], [113316.373, 458812.852], [113313.099, 458808.437], [113312.953, 458808.3], [113311.338, 458807.147], [113311.081, 458806.964], [113309.829, 458805.92], [113308.07, 458804.454], [113302.198, 458802.857], [113297.494, 458801.669], [113292.453, 458799.519], [113291.019, 458798.908], [113287.824, 458794.367], [113283.211, 458794.509], [113276.059, 458799.992], [113270.42, 458802.743], [113267.355, 458804.133], [113264.271, 458804.72], [113259.002, 458803.702], [113249.334, 458805.174], [113232.0, 458807.229], [113231.837, 458805.688], [113211.7, 458811.536], [113195.953, 458816.109], [113195.114, 458816.297], [113191.846, 458817.027], [113187.216, 458818.105], [113177.504, 458818.959], [113171.212, 458818.034], [113166.264, 458815.955], [113139.214, 458798.487], [113132.715, 458793.419], [113129.235, 458788.742], [113126.199, 458783.391], [113123.081, 458777.895], [113121.834, 458775.697], [113120.474, 458773.298], [113109.589, 458754.989], [113107.339, 458750.562], [113106.301, 458748.52], [113106.26, 458748.455], [113102.27, 458742.178], [113101.642, 458741.19], [113092.822, 458727.74], [113088.733, 458721.504], [113091.105, 458719.276], [113085.076, 458711.886], [113084.348, 458711.093], [113061.957, 458689.741], [113059.038, 458690.054], [113031.391, 458693.017], [113027.098, 458693.477], [113024.897, 458693.713], [113020.727, 458691.993], [113018.35, 458691.012], [113017.965, 458690.837], [113009.053, 458686.791], [113002.447, 458688.288], [112996.662, 458689.236], [112993.873, 458688.911], [112982.623, 458687.6], [112977.03, 458688.239], [112957.526, 458695.343], [112956.229, 458698.006], [112954.853, 458699.607], [112953.323, 458701.094], [112948.149, 458703.037], [112945.473, 458703.596], [112939.866, 458703.673], [112938.173, 458703.572], [112936.199, 458702.568], [112935.228, 458702.155], [112933.896, 458700.624], [112933.115, 458699.426], [112919.149, 458700.139], [112915.58, 458700.142], [112915.282, 458700.142], [112914.164, 458700.237], [112911.498, 458700.571], [112908.051, 458701.405], [112900.848, 458701.146], [112897.663, 458701.633], [112892.855, 458702.459], [112888.911, 458704.158], [112885.336, 458705.901], [112884.074, 458706.44], [112879.863, 458708.239], [112874.801, 458710.883], [112867.001, 458714.587], [112866.628, 458714.764], [112864.864, 458715.923], [112860.673, 458716.358], [112855.716, 458716.533], [112849.139, 458716.225], [112848.779, 458716.209], [112847.59, 458716.371], [112810.1, 458721.505], [112806.372, 458722.015], [112799.686, 458722.93], [112791.994, 458723.983], [112785.845, 458724.825], [112784.589, 458724.868], [112783.64, 458724.9], [112772.045, 458723.281], [112764.951, 458720.436], [112751.988, 458711.727], [112748.47, 458708.27], [112744.301, 458704.172], [112741.895, 458701.702], [112733.992, 458693.588], [112726.824, 458684.878], [112726.097, 458683.857], [112719.187, 458674.145], [112719.162, 458673.924], [112718.003, 458672.059], [112716.489, 458669.39], [112714.079, 458664.512], [112711.567, 458658.709], [112709.961, 458654.042], [112709.235, 458650.337], [112708.49, 458646.285], [112707.855, 458642.828], [112707.297, 458638.476], [112706.978, 458631.405], [112706.975, 458631.344], [112706.869, 458628.973], [112706.773, 458624.308], [112706.742, 458622.781], [112705.702, 458610.586], [112705.516, 458609.984], [112705.881, 458608.866], [112707.511, 458606.295], [112702.588, 458580.211], [112702.241, 458578.373], [112698.897, 458557.4], [112697.418, 458553.864], [112694.585, 458550.265], [112689.68, 458553.228], [112689.389, 458552.847], [112688.591, 458551.802], [112688.134, 458551.203], [112689.195, 458549.551], [112689.517, 458548.81], [112690.741, 458547.945], [112692.147, 458547.136], [112691.725, 458545.761], [112691.383, 458544.646], [112690.038, 458543.355], [112686.525, 458539.474], [112683.427, 458535.834], [112674.12, 458527.048], [112669.471, 458522.699], [112655.985, 458521.235], [112646.72, 458519.582], [112640.233, 458518.424], [112615.613, 458514.1], [112613.675, 458514.494], [112601.308, 458515.366], [112597.507, 458515.371], [112588.981, 458515.381], [112581.939, 458515.39], [112576.489, 458515.335], [112570.836, 458515.278], [112569.376, 458515.093], [112559.286, 458513.818], [112555.116, 458513.167], [112553.318, 458512.885], [112546.692, 458511.846], [112537.686, 458510.392], [112537.156, 458510.34], [112534.873, 458510.117], [112526.055, 458509.257], [112518.017, 458508.621], [112513.676, 458508.239], [112504.974, 458507.227], [112495.068, 458505.669], [112470.816, 458507.791], [112428.277, 458514.244], [112426.978, 458514.224], [112422.962, 458514.32], [112410.902, 458516.586], [112409.993, 458517.36], [112408.271, 458518.16], [112364.213, 458523.605], [112354.114, 458527.762], [112332.156, 458536.8], [112314.762, 458543.959], [112313.76, 458544.371], [112292.457, 458553.139], [112292.292, 458553.207], [112291.029, 458560.007], [112288.989, 458560.745], [112287.606, 458561.246], [112284.955, 458556.274], [112264.039, 458565.07], [112242.886, 458570.863], [112218.376, 458572.504], [112211.823, 458571.132], [112207.647, 458568.89], [112204.378, 458566.611], [112201.502, 458564.615], [112198.129, 458562.273], [112187.942, 458555.204], [112180.649, 458549.334], [112177.319, 458545.477], [112177.067, 458545.191], [112167.915, 458534.782], [112167.58, 458535.466], [112167.209, 458536.223], [112156.271, 458522.169], [112136.28, 458496.481], [112136.214, 458496.397], [112133.843, 458493.35], [112109.788, 458462.44], [112112.679, 458460.589], [112111.474, 458458.947], [112110.971, 458458.261], [112099.53, 458440.467], [112092.213, 458429.305], [112086.649, 458420.818], [112081.647, 458412.941], [112074.408, 458401.54], [112070.833, 458394.665], [112065.081, 458385.595], [112054.904, 458369.545], [112045.531, 458346.692], [112035.443, 458320.205], [112031.505, 458308.846], [112006.838, 458239.629], [112006.673, 458239.102], [112005.474, 458235.269], [112005.313, 458234.753], [112004.773, 458233.025], [112000.401, 458219.046], [111995.798, 458210.625], [111989.659, 458199.396], [111989.128, 458198.425], [111986.986, 458196.395], [111975.086, 458185.116], [111969.263, 458180.52], [111964.277, 458178.48], [111963.279, 458178.347], [111959.102, 458177.791], [111957.313, 458177.553], [111951.805, 458176.819], [111944.025, 458175.783], [111943.936, 458175.771], [111940.197, 458175.273], [111934.577, 458172.362], [111925.292, 458167.552], [111922.93, 458166.329], [111891.241, 458149.914], [111892.1, 458147.867], [111871.282, 458137.685], [111870.196, 458137.154], [111856.778, 458131.425], [111826.007, 458116.052], [111823.487, 458117.863], [111819.383, 458115.686], [111818.078, 458112.55], [111819.903, 458109.717], [111817.283, 458108.223], [111795.17, 458095.614], [111794.513, 458095.239], [111794.125, 458095.018], [111792.796, 458095.761], [111790.905, 458098.919], [111789.403, 458099.245], [111768.448, 458089.26], [111770.025, 458085.933], [111766.975, 458084.473], [111756.38, 458079.4], [111747.356, 458075.08], [111734.534, 458068.942], [111727.202, 458066.152], [111718.598, 458062.879], [111701.716, 458053.379], [111696.686, 458050.548], [111661.304, 458030.559], [111640.566, 458024.24], [111640.377, 458024.182], [111639.577, 458023.938], [111634.892, 458026.168], [111634.253, 458026.472], [111629.687, 458028.646], [111624.534, 458026.218], [111603.569, 458016.339], [111603.011, 458017.399], [111600.001, 458016.734], [111600.241, 458015.792], [111600.538, 458014.627], [111579.008, 458003.324], [111574.406, 458000.908], [111569.307, 457998.231], [111538.071, 457989.611], [111537.222, 457989.424], [111535.718, 457989.092], [111532.416, 457988.444], [111530.625, 457988.092], [111517.282, 457984.883], [111505.691, 457982.28], [111495.133, 457980.095], [111485.595, 457977.683], [111479.079, 457975.991], [111473.727, 457974.407], [111467.876, 457972.866], [111462.238, 457971.593], [111460.67, 457971.239], [111453.412, 457969.852], [111446.858, 457968.65], [111434.782, 457966.267], [111432.762, 457965.888], [111427.08, 457964.821], [111421.089, 457963.512], [111415.213, 457961.975], [111409.341, 457960.764], [111403.687, 457959.257], [111396.3, 457957.253], [111389.235, 457954.809], [111384.919, 457953.336], [111380.381, 457952.087], [111374.135, 457950.291], [111368.909, 457949.007], [111367.596, 457948.813], [111364.838, 457948.407], [111357.61, 457947.124], [111349.977, 457945.492], [111341.049, 457943.619], [111332.491, 457942.002], [111315.622, 457939.081], [111309.665, 457937.7], [111302.916, 457936.438], [111297.685, 457935.393], [111294.76, 457934.809], [111285.761, 457932.973], [111275.386, 457930.901], [111274.313, 457930.707], [111266.899, 457929.077], [111258.007, 457927.021], [111247.69, 457925.079], [111239.093, 457923.102], [111229.772, 457920.136], [111220.341, 457918.227], [111214.897, 457917.083], [111214.003, 457916.895], [111210.775, 457916.099], [111206.993, 457915.506], [111203.083, 457914.641], [111198.452, 457914.042], [111195.214, 457913.535], [111191.707, 457912.77], [111187.226, 457911.848], [111182.992, 457910.668], [111177.904, 457909.529], [111168.569, 457907.462], [111160.307, 457905.713], [111151.942, 457903.628], [111141.803, 457901.516], [111129.889, 457898.503], [111122.667, 457896.758], [111115.032, 457894.749], [111109.643, 457893.594], [111102.476, 457892.045], [111094.167, 457890.492], [111086.747, 457888.881], [111078.558, 457887.121], [111070.369, 457885.588], [111062.249, 457883.566], [111054.493, 457881.729], [111050.758, 457880.743], [111048.1, 457880.042], [111037.298, 457877.479], [111021.7, 457873.986], [111013.095, 457871.957], [111002.148, 457869.715], [110995.169, 457867.859], [110986.113, 457865.69], [110978.067, 457863.804], [110969.835, 457861.865], [110960.067, 457859.773], [110949.177, 457857.087], [110940.108, 457854.897], [110933.14, 457853.314], [110924.901, 457851.756], [110916.578, 457849.767], [110909.469, 457848.257], [110886.057, 457843.355], [110879.309, 457841.956], [110877.211, 457841.521], [110876.528, 457841.421], [110858.341, 457838.748], [110857.62, 457838.612], [110853.684, 457837.869], [110842.46, 457835.749], [110836.348, 457834.039], [110819.737, 457829.393], [110682.494, 457798.089], [110652.93, 457793.004], [110628.005, 457785.362], [110614.252, 457782.839], [110600.015, 457781.384], [110590.285, 457781.251], [110582.964, 457783.841], [110582.188, 457777.409], [110583.44, 457774.054], [110584.561, 457771.051], [110598.758, 457733.008], [110622.977, 457695.573], [110624.205, 457693.675], [110652.411, 457634.731], [110652.934, 457631.322], [110654.073, 457623.906], [110659.888, 457619.856], [110671.873, 457584.996], [110674.712, 457576.142], [110670.716, 457573.049], [110670.699, 457573.036], [110661.565, 457566.692], [110657.598, 457565.09], [110655.918, 457564.149], [110655.122, 457563.703], [110591.146, 457527.848], [110473.524, 457462.047], [110345.062, 457390.181], [110307.695, 457368.459], [110289.699, 457357.998], [110285.799, 457355.696], [110280.502, 457352.628], [110280.304, 457352.513], [110280.23, 457352.471], [110260.276, 457340.915], [110305.845, 457272.669], [110280.35, 457264.212], [110279.816, 457264.035], [110247.927, 457253.273], [110247.34, 457252.903], [110239.3, 457247.839], [110237.447, 457246.744], [110203.35, 457235.009], [110188.386, 457229.859], [110164.722, 457221.715], [110156.368, 457218.803], [110155.556, 457218.54], [109983.46, 457158.524], [109906.096, 457131.071], [109874.173, 457121.528], [109863.199, 457118.247], [109816.475, 457101.912], [109754.253, 457080.16], [109707.275, 457063.737], [109625.786, 457035.447], [109619.952, 457033.422], [109603.344, 457027.656], [109603.287, 457027.636], [109598.67, 457025.973], [109581.688, 457019.856], [109579.296, 457019.044], [109565.227, 457014.148], [109564.818, 457014.004], [109460.262, 456977.243], [109458.902, 456976.765], [109437.949, 456969.398], [109289.639, 456916.176], [109281.398, 456913.541], [108906.969, 456785.739], [108906.855, 456785.7], [108894.485, 456780.981], [108894.12, 456780.842], [108890.59, 456779.495], [108890.505, 456779.463], [108844.988, 456763.78], [108733.454, 456725.101], [108611.869, 456682.972], [108609.777, 456682.247], [108566.564, 456667.282], [108417.639, 456615.608], [108363.946, 456596.379], [108321.198, 456582.588], [108233.393, 456551.796], [108250.757, 456508.282], [108254.023, 456499.37], [108255.561, 456495.176], [108256.837, 456490.996], [108255.791, 456484.555], [108257.275, 456484.577], [108260.831, 456483.749], [108270.101, 456479.466], [108277.063, 456474.575], [108289.724, 456465.68], [108311.955, 456444.091], [108325.326, 456432.469], [108334.77, 456424.428], [108357.291, 456405.104], [108365.061, 456396.645], [108371.256, 456380.468], [108387.198, 456333.917], [108387.974, 456334.005], [108399.13, 456335.275], [108468.986, 456358.832], [108507.633, 456371.538], [108513.635, 456353.426], [108516.996, 456340.115], [108522.782, 456321.681], [108526.342, 456309.371], [108527.91, 456301.137], [108530.911, 456291.659], [108535.999, 456276.765], [108538.585, 456266.809], [108542.592, 456254.53], [108546.863, 456239.759], [108550.95, 456225.063], [108555.872, 456208.722], [108561.581, 456190.103], [108564.366, 456181.149], [108568.813, 456162.619], [108569.623, 456156.217], [108570.881, 456149.845], [108572.633, 456141.534], [108574.165, 456136.349], [108575.08, 456132.286], [108578.821, 456122.501], [108583.354, 456107.837], [108584.035, 456105.822], [108587.312, 456097.585], [108591.777, 456086.361], [108593.047, 456081.067], [108600.38, 456058.526], [108604.12, 456048.741], [108608.622, 456034.524], [108612.862, 456020.198], [108614.566, 456013.858], [108615.575, 456008.457], [108616.521, 456003.947], [108620.554, 455993.825], [108622.258, 455987.484], [108624.767, 455977.343], [108626.831, 455967.17], [108628.507, 455958.675], [108634.22, 455937.454], [108640.06, 455914.448], [108646.175, 455892.629], [108648.158, 455884.873], [108651.101, 455873.685], [108652.524, 455868.761], [108653.916, 455864.284], [108657.049, 455852.023], [108658.478, 455848.639], [108660.122, 455841.808], [108664.44, 455824.805], [108669.0, 455808.178], [108670.907, 455800.109], [108671.274, 455796.241], [108677.175, 455775.434], [108680.225, 455765.021], [108683.886, 455751.113], [108685.856, 455741.828], [108691.1, 455724.116], [108697.316, 455706.094], [108698.389, 455701.341], [108699.458, 455694.775], [108702.575, 455684.957], [108705.182, 455674.191], [108706.777, 455665.149], [108709.301, 455657.211], [108715.714, 455636.052], [108715.994, 455635.129], [108719.857, 455622.384], [108720.792, 455614.627], [108728.591, 455592.799], [108732.668, 455577.234], [108739.539, 455550.152], [108739.769, 455549.244], [108741.39, 455542.213], [108750.213, 455513.424], [108750.779, 455509.534], [108751.65, 455502.991], [108760.086, 455469.009], [108760.37, 455467.834], [108766.944, 455440.643], [108772.759, 455420.854], [108775.759, 455408.23], [108778.239, 455399.894], [108783.851, 455378.315], [108787.25, 455365.645], [108789.902, 455355.276], [108792.993, 455343.447], [108795.69, 455333.475], [108802.15, 455315.828], [108810.729, 455318.682], [108817.008, 455320.791], [108822.361, 455302.261], [108824.041, 455292.203], [108830.374, 455276.987], [108822.74, 455271.81], [108841.79, 455219.509], [108850.425, 455196.178], [108856.134, 455179.018], [108863.91, 455156.993], [108870.768, 455139.3], [108875.314, 455126.098], [108881.226, 455110.727], [108884.61, 455101.484], [108892.206, 455080.987], [108892.322, 455080.674], [108900.279, 455060.238], [108903.243, 455051.954], [108904.409, 455048.695], [108930.214, 455002.085], [108930.425, 455001.703], [108938.763, 454986.641], [108938.92, 454986.358], [108940.687, 454983.166], [108957.21, 454981.494], [108946.557, 454969.209], [108940.312, 454962.062], [108936.125, 454957.1], [108925.222, 454940.815], [108917.153, 454928.236], [108908.29, 454915.748], [108903.834, 454908.399], [108898.886, 454898.488], [108894.535, 454888.509], [108890.586, 454880.297], [108886.572, 454873.301], [108874.006, 454854.788], [108868.822, 454848.126], [108863.995, 454842.833], [108860.807, 454839.569], [108855.795, 454830.872], [108851.804, 454824.076], [108847.588, 454815.289], [108843.267, 454798.46], [108827.001, 454731.229], [108824.416, 454720.85], [108821.156, 454704.505], [108813.79, 454667.882], [108809.398, 454648.645], [108804.364, 454629.077], [108801.218, 454613.726], [108797.872, 454598.398], [108795.062, 454575.355], [108793.852, 454566.431], [108791.526, 454553.001], [108786.188, 454525.412], [108783.394, 454509.237], [108775.57, 454509.091], [108675.38, 454507.539], [108644.112, 454507.487], [108600.001, 454506.961], [108561.954, 454506.89], [108534.481, 454506.482], [108498.82, 454506.746], [108470.582, 454507.055], [108431.639, 454506.007], [108400.998, 454505.427], [108300.687, 454505.443], [108283.962, 454505.084], [108265.929, 454504.664], [108241.292, 454504.265], [108239.684, 454504.239], [108226.021, 454504.085], [108208.706, 454496.984], [108197.521, 454490.741], [108196.679, 454490.271], [108195.81, 454489.786], [108189.467, 454486.396], [108167.524, 454474.705], [108160.243, 454470.857], [108153.852, 454467.756], [108143.483, 454465.104], [108141.224, 454463.956], [108134.083, 454460.328], [108128.98, 454457.185], [108126.075, 454455.396], [108123.085, 454453.238], [108116.427, 454448.434], [108111.164, 454444.616], [108101.061, 454438.954], [108088.599, 454429.428], [108083.63, 454426.338], [108079.726, 454424.064], [108073.848, 454420.639], [108035.254, 454400.369], [107996.606, 454373.697], [107992.388, 454371.575], [107986.307, 454368.285], [107973.686, 454361.906], [107944.518, 454343.443], [107936.438, 454338.328], [107929.315, 454334.1], [107923.573, 454330.334], [107908.559, 454319.447], [107889.11, 454309.997], [107879.123, 454305.149], [107867.337, 454300.643], [107851.106, 454291.642], [107847.341, 454289.417], [107839.116, 454284.265], [107824.62, 454275.477], [107813.316, 454269.135], [107806.263, 454266.279], [107720.822, 454222.995], [107721.513, 454225.535], [107692.975, 454211.428], [107669.794, 454194.389], [107669.407, 454194.105], [107669.768, 454209.625], [107659.507, 454211.43], [107667.476, 454251.668], [107649.381, 454254.78], [107647.523, 454246.041], [107635.696, 454190.408], [107630.719, 454165.936], [107621.446, 454120.616], [107618.969, 454108.512], [107618.884, 454108.096], [107618.437, 454105.911], [107581.956, 453922.447], [107568.368, 453855.419], [107564.45, 453836.094], [107561.928, 453823.654], [107545.814, 453744.029], [107542.119, 453725.768], [107503.803, 453535.589], [107498.149, 453507.525], [107498.016, 453506.863], [107497.249, 453503.056], [107497.073, 453502.184], [107497.02, 453501.92], [107491.743, 453503.827], [107485.7, 453506.01], [107446.032, 453520.343], [107444.288, 453520.973], [107440.81, 453522.23], [107439.449, 453522.725], [107433.14, 453525.02], [107388.869, 453541.016], [107377.089, 453545.272], [107334.232, 453560.756], [107275.13, 453582.11], [107251.171, 453590.766], [107171.22, 453619.65], [107139.98, 453630.94], [107041.26, 453666.61], [106967.305, 453693.181], [106940.006, 453702.916], [106932.896, 453671.945], [106932.068, 453668.339], [106928.22, 453669.73], [106917.56, 453673.24], [106880.801, 453686.561], [106873.824, 453688.978], [106872.425, 453682.203], [106871.424, 453677.368], [106859.574, 453619.282], [106858.148, 453612.298], [106855.397, 453599.105], [106836.748, 453509.654], [106832.448, 453489.032], [106831.198, 453483.011], [106826.944, 453462.507], [106825.322, 453454.689], [106805.727, 453360.268], [106801.833, 453341.602], [106800.774, 453336.524], [106796.551, 453316.282], [106780.428, 453239.001], [106771.764, 453197.118], [106769.332, 453185.365], [106765.136, 453165.081], [106759.669, 453138.653], [106758.044, 453130.799], [106756.393, 453122.816], [106755.371, 453117.874], [106754.305, 453112.722], [106753.927, 453110.896], [106752.111, 453102.156], [106750.022, 453092.097], [106749.876, 453091.393], [106746.437, 453074.84], [106743.738, 453061.846], [106741.776, 453052.398], [106736.896, 453028.904], [106736.133, 453025.234], [106732.888, 453009.713], [106729.504, 452993.531], [106728.07, 452986.674], [106721.468, 452955.096], [106721.455, 452955.034], [106720.453, 452950.239], [106718.72, 452941.95], [106713.541, 452916.907], [106705.629, 452878.649], [106697.527, 452839.472], [106688.809, 452797.32], [106679.852, 452754.015], [106679.712, 452753.336], [106677.367, 452741.997], [106676.732, 452739.039], [106676.726, 452739.011], [106676.585, 452738.355], [106675.049, 452731.201], [106673.851, 452725.624], [106672.758, 452720.53], [106671.219, 452713.362], [106669.588, 452705.767], [106668.163, 452699.128], [106666.715, 452692.388], [106663.076, 452675.435], [106660.526, 452663.559], [106657.646, 452650.145], [106657.62, 452650.026], [106657.06, 452647.416], [106656.168, 452643.241], [106656.071, 452642.786], [106656.058, 452642.727], [106653.44, 452630.469], [106653.366, 452630.122], [106650.389, 452616.19], [106650.01, 452614.416], [106648.62, 452607.909], [106647.486, 452602.601], [106647.451, 452602.439], [106647.069, 452600.65], [106646.314, 452597.287], [106644.854, 452590.787], [106642.357, 452579.67], [106640.889, 452573.138], [106638.837, 452564.002], [106636.716, 452554.559], [106635.016, 452546.992], [106634.858, 452546.291], [106582.387, 452550.403], [106556.02, 452552.469], [106555.994, 452552.471], [106528.916, 452554.557], [106500.804, 452556.722], [106463.903, 452559.564], [106451.521, 452560.518], [106444.517, 452599.885], [106443.196, 452608.166], [106441.556, 452616.368], [106437.954, 452637.531], [106434.112, 452657.535], [106432.351, 452668.016], [106424.347, 452705.382], [106420.126, 452729.311], [106415.823, 452756.231], [106411.504, 452784.921], [106408.498, 452802.039], [106402.803, 452825.307], [106398.504, 452842.871], [106398.403, 452843.285], [106392.772, 452866.288], [106392.052, 452868.648], [106389.771, 452882.651], [106385.449, 452906.135], [106381.739, 452927.469], [106381.544, 452928.59], [106376.47, 452957.77], [106370.881, 452989.909], [106367.058, 453012.883], [106364.477, 453028.396], [106359.875, 453048.759], [106356.803, 453063.286], [106355.358, 453070.118], [106354.306, 453075.093], [106349.299, 453098.764], [106346.029, 453117.369], [106346.118, 453125.613], [106346.188, 453132.173], [106345.907, 453137.855], [106345.187, 453142.455], [106344.347, 453144.816], [106341.306, 453154.937], [106339.985, 453160.818], [106338.664, 453168.979], [106337.023, 453181.061], [106330.26, 453214.387], [106325.298, 453237.43], [106317.695, 453263.313], [106299.215, 453264.745], [106235.611, 453269.676], [106234.103, 453269.725], [106133.126, 453272.989], [105989.697, 453277.625], [105989.176, 453277.642], [105975.758, 453278.076], [105953.481, 453278.978], [105940.596, 453279.499], [105939.901, 453279.525], [105912.149, 453280.546], [105895.193, 453281.17], [105885.852, 453281.514], [105782.828, 453285.306], [105735.105, 453286.844], [105719.814, 453287.332], [105718.64, 453287.369], [105541.975, 453293.002], [105523.41, 453293.775], [105523.113, 453267.052], [105523.243, 453244.332], [105523.243, 453244.236], [105523.221, 453221.128], [105536.581, 453220.334], [105536.664, 453193.407], [105535.745, 453177.483], [105534.545, 453171.081], [105537.027, 453149.196], [105536.669, 453132.832], [105539.83, 453121.551], [105538.632, 453096.424], [105536.113, 453096.551], [105536.053, 453096.554], [105428.386, 453101.973], [105376.339, 453104.857], [105371.823, 453105.107], [105303.5, 453108.436], [105167.104, 453115.597], [105144.551, 453116.781], [105131.291, 453117.477], [105133.931, 453100.55], [105137.074, 453080.405], [105137.694, 453076.43], [105146.718, 453040.033], [105148.178, 453034.144], [105150.994, 453023.404], [105157.502, 452998.579], [105167.441, 452966.252], [105169.506, 452959.535], [105182.108, 452937.735], [105182.832, 452936.336], [105196.546, 452909.851], [105212.022, 452879.499], [105215.712, 452872.026], [105219.116, 452865.134], [105227.478, 452849.25], [105242.001, 452820.694], [105252.563, 452802.014], [105257.975, 452792.93], [105260.284, 452789.055], [105311.391, 452729.533], [105315.572, 452724.664], [105363.979, 452678.916], [105371.86, 452669.677], [105368.344, 452617.782], [105330.782, 452620.205], [105342.625, 452590.843], [105348.987, 452575.602], [105375.754, 452505.228], [105383.807, 452477.63], [105387.976, 452464.115], [105395.953, 452437.047], [105402.351, 452402.75], [105422.784, 452401.866], [105487.117, 452398.39], [105557.063, 452394.61], [105591.314, 452392.759], [105603.933, 452392.105], [105789.187, 452154.083], [105786.755, 452134.089], [105786.705, 452133.676], [105784.929, 452122.048], [105783.497, 452108.378], [105781.91, 452095.468], [105781.413, 452092.93], [105776.649, 452068.586], [105775.362, 452058.203], [105771.144, 452024.181], [105769.713, 452011.75], [105766.672, 451985.324], [105765.477, 451974.94], [105763.781, 451963.231], [105761.339, 451949.321], [105755.969, 451916.114], [105752.616, 451898.115], [105752.225, 451896.367], [105750.673, 451892.967], [105749.381, 451891.225], [105748.6, 451889.57], [105747.073, 451885.279], [105745.509, 451872.388], [105741.269, 451857.111], [105739.423, 451828.136], [105739.062, 451822.467], [105737.8, 451802.648], [106006.468, 451789.145], [106128.779, 451782.998], [106477.331, 451765.494], [106478.456, 451765.439], [106476.185, 451754.336], [106476.183, 451754.325], [106472.539, 451736.505], [106464.328, 451696.355], [106454.414, 451648.153], [106452.417, 451638.445], [106447.659, 451614.977], [106442.893, 451591.464], [106442.563, 451589.837], [106442.162, 451587.858], [106441.906, 451586.596], [106441.872, 451586.426], [106441.159, 451582.912], [106435.898, 451556.96], [106434.598, 451550.55], [106429.97, 451528.06], [106424.5, 451501.475], [106422.912, 451493.759], [106418.989, 451474.693], [106413.427, 451447.663], [106407.192, 451417.365], [106405.199, 451407.68], [106400.749, 451386.054], [106396.769, 451366.714], [106392.544, 451346.181], [106390.483, 451336.164], [106384.652, 451307.829], [106384.084, 451305.071], [106381.166, 451290.888], [106379.861, 451284.547], [106376.933, 451270.113], [106375.438, 451262.746], [106371.824, 451244.929], [106371.344, 451242.565], [106369.713, 451234.522], [106356.027, 451165.827], [106351.657, 451143.892], [106349.18, 451131.459], [106347.979, 451125.433], [106344.761, 451109.426], [106338.508, 451078.325], [106334.375, 451057.767], [106330.187, 451036.936], [106328.727, 451029.675], [106324.958, 451010.925], [106316.221, 450967.47], [106316.204, 450967.384], [106315.938, 450966.061], [106313.704, 450954.95], [106310.138, 450937.216], [106310.111, 450937.081], [106307.855, 450925.86], [106301.917, 450888.514], [106300.369, 450878.216], [106299.799, 450874.426], [106298.717, 450866.068], [106298.681, 450865.788], [106309.489, 450865.309], [106439.593, 450859.542], [106447.113, 450859.382], [106452.952, 450858.942], [106459.112, 450858.901], [106462.832, 450859.541], [106467.671, 450859.941], [106469.511, 450860.5], [106479.39, 450862.579], [106483.429, 450863.579], [106495.228, 450865.897], [106497.708, 450866.537], [106513.906, 450869.255], [106520.306, 450869.615], [106525.865, 450869.735], [106560.624, 450867.693], [106619.981, 450864.651], [106674.418, 450861.649], [106786.332, 450856.004], [106802.611, 450855.004], [106861.424, 450851.965], [106885.368, 450850.728], [106891.217, 450850.426], [106923.485, 450848.759], [106944.606, 450847.186], [106947.124, 450846.998], [106950.815, 450846.629], [106952.324, 450846.478], [106953.334, 450846.263], [106967.268, 450844.278], [106967.21, 450814.486], [106970.852, 450806.368], [106972.653, 450799.81], [106971.73, 450794.96], [106969.31, 450792.39], [106973.04, 450787.5], [106975.97, 450784.63], [106977.9, 450782.03], [106979.13, 450779.43], [106980.08, 450777.0], [106980.65, 450775.72], [106981.757, 450762.656], [106989.807, 450760.51], [107004.12, 450756.694], [107041.705, 450746.673], [107157.926, 450714.173], [107286.485, 450677.293], [107372.125, 450653.023], [107470.805, 450624.869], [107550.498, 450601.714], [107639.537, 450576.736], [107748.569, 450547.804], [107874.221, 450509.432], [107972.087, 450477.731], [108010.65, 450464.533], [108035.579, 450456.319], [108087.173, 450436.789], [108091.433, 450440.744], [108107.804, 450442.182], [108115.675, 450446.709], [108129.834, 450458.22], [108265.46, 450418.43], [108271.76, 450416.57], [108291.04, 450411.25], [108310.33, 450405.94], [108329.54, 450400.36], [108331.086, 450399.941], [108334.259, 450399.08], [108342.04, 450396.97], [108349.47, 450394.95], [108362.6, 450391.43], [108403.66, 450377.82], [108483.75, 450352.95], [108525.01, 450339.52], [108549.21, 450333.12], [108661.52, 450297.78], [108687.8, 450289.38], [108694.762, 450287.302], [108700.196, 450285.68], [108704.35, 450284.44], [108785.59, 450259.86], [108792.37, 450257.45], [108867.51, 450234.31], [108954.5, 450206.62], [108959.86, 450204.14], [108963.25, 450201.75], [108964.79, 450200.85], [108967.75, 450197.22], [108969.913, 450192.888], [108972.14, 450188.43], [108973.086, 450186.372], [108975.04, 450182.12], [108975.339, 450181.447], [108977.518, 450176.547], [108978.42, 450174.52], [108980.139, 450171.07], [108981.119, 450169.104], [108982.103, 450167.13], [108985.94, 450159.43], [108986.275, 450158.624], [108989.25, 450151.46], [108989.958, 450149.818], [108993.728, 450141.074], [108993.98, 450140.49], [108997.018, 450132.214], [109000.306, 450123.254], [109001.64, 450119.62], [109003.503, 450114.244], [109009.08, 450098.15], [109011.164, 450091.517], [109015.757, 450076.902], [109016.1, 450075.81], [109022.76, 450053.681], [109024.78, 450046.97], [109025.427, 450044.539], [109027.889, 450035.29], [109028.4, 450033.37], [109029.236, 450025.903], [109029.73, 450021.49], [109029.98, 450016.381], [109030.554, 450004.637], [109031.024, 449995.039], [109031.491, 449985.491], [109031.961, 449975.885], [109032.08, 449973.45], [109032.105, 449966.347], [109032.177, 449946.153], [109032.19, 449942.46], [109034.21, 449933.07], [109036.627, 449925.563], [109037.91, 449921.58], [109039.625, 449916.494], [109042.653, 449907.517], [109045.71, 449898.452], [109047.67, 449892.64], [109048.572, 449889.398], [109051.131, 449880.199], [109052.41, 449875.6], [109052.46, 449875.596], [109069.226, 449874.183], [109071.39, 449874.001], [109071.662, 449873.978], [109084.936, 449872.859], [109085.328, 449872.826], [109096.856, 449871.855], [109148.837, 449867.475], [109172.751, 449865.473], [109175.011, 449865.269], [109175.029, 449865.268], [109187.324, 449864.232], [109190.76, 449863.942], [109209.42, 449862.37], [109208.65, 449836.92], [109208.35, 449802.15], [109208.31, 449787.52], [109208.23, 449773.83], [109208.22, 449759.84], [109207.97, 449750.89], [109208.1, 449738.96], [109207.94, 449727.02], [109207.79, 449724.18], [109207.74, 449716.58], [109207.86, 449678.39], [109207.74, 449666.64], [109207.48, 449649.7], [109207.29, 449633.54], [109207.304, 449624.369], [109207.37, 449583.1], [109207.45, 449564.36], [109207.45, 449548.64], [109207.42, 449540.42], [109207.31, 449450.88], [109207.14, 449436.16], [109206.83, 449393.68], [109206.79, 449369.86], [109206.61, 449324.22], [109206.47, 449251.72], [109206.18, 449126.75], [109208.088, 449088.124], [109205.642, 449059.338], [109204.819, 449009.212], [109201.853, 448958.602], [109201.992, 448925.22], [109198.917, 448892.638], [109220.848, 448891.31], [109257.634, 448889.083], [109259.0, 448889.0], [109290.327, 448891.06], [109290.351, 448890.495], [109291.984, 448852.109], [109292.079, 448849.866], [109312.631, 448841.3], [109321.89, 448850.42], [109328.64, 448858.0], [109334.96, 448862.1], [109337.597, 448863.061], [109342.92, 448865.0], [109366.17, 448870.7], [109366.55, 448867.72], [109362.68, 448866.8], [109367.108, 448837.489], [109375.4, 448840.0], [109375.565, 448838.981], [109375.912, 448836.835], [109425.1, 448833.8], [109435.4, 448831.0], [109450.975, 448830.09], [109452.045, 448823.47], [109488.811, 448821.363], [109493.81, 448821.076], [109512.633, 448819.997], [109533.412, 448818.806], [109537.0, 448818.6], [109547.5, 448817.5], [109557.5, 448816.0], [109570.527, 448812.604], [109589.95, 448817.57], [109644.08, 448826.44], [109681.47, 448833.99], [109682.09, 448828.37], [109717.86, 448833.95], [109718.066, 448832.68], [109730.26, 448757.63], [109735.172, 448758.48], [109767.2, 448764.02], [109769.39, 448750.5], [109820.79, 448757.77], [109817.3, 448779.37], [109848.923, 448784.262], [109851.74, 448784.698], [109892.297, 448791.053], [109904.66, 448708.08], [109941.06, 448716.44], [109956.76, 448715.42], [109955.86, 448720.22], [109982.16, 448719.1], [110005.96, 448720.97], [110012.404, 448721.0], [110043.333, 448721.145], [110057.26, 448721.21], [110098.66, 448721.67], [110115.26, 448720.65], [110128.26, 448719.63], [110152.15, 448718.11], [110173.85, 448718.18], [110196.15, 448720.66], [110210.41, 448638.06], [110241.77, 448642.73], [110273.71, 448647.49], [110273.875, 448647.398], [110309.8, 448627.35], [110325.5, 448630.23], [110349.84, 448505.287], [110357.41, 448466.43], [110388.91, 448472.29], [110407.21, 448471.57], [110447.9, 448468.63], [110471.7, 448467.1], [110495.0, 448465.48], [110519.2, 448463.75], [110549.723, 448470.397], [110550.7, 448470.61], [110551.582, 448470.453], [110582.79, 448464.88], [110617.19, 448458.14], [110630.815, 448459.95], [110654.951, 448463.156], [110658.29, 448463.6], [110662.78, 448445.59], [110684.38, 448450.57], [110721.974, 448453.566], [110722.78, 448453.63], [110765.48, 448460.48], [110769.97, 448441.78], [110793.925, 448442.631], [110810.77, 448443.23], [110811.57, 448440.53], [110831.87, 448446.61], [110888.21, 448216.34], [110941.146, 448000.0], [110985.52, 447818.65], [111008.34, 447808.97], [111032.358, 447798.776], [111033.22, 447798.41], [111054.96, 447789.18], [111078.04, 447779.39], [111105.21, 447767.86], [111133.92, 447755.68], [111147.306, 447750.0], [111157.77, 447745.56], [111191.44, 447731.27], [111199.72, 447727.76], [111231.847, 447628.099], [111239.761, 447603.55], [111249.681, 447572.779], [111263.252, 447530.68], [111280.17, 447478.2], [111314.999, 447474.267], [111324.0, 447473.25], [111316.55, 447494.35], [111316.53, 447494.407], [111330.39, 447492.87], [111339.85, 447491.812], [111344.326, 447491.311], [111383.41, 447486.94], [111433.48, 447481.19], [111433.552, 447481.182], [111482.73, 447475.61], [111492.896, 447474.429], [111494.801, 447474.208], [111496.731, 447473.984], [111518.865, 447471.414], [111520.624, 447471.21], [111522.326, 447471.012], [111522.932, 447470.941], [111529.41, 447470.19], [111571.451, 447465.571], [111574.267, 447465.262], [111574.65, 447465.22], [111577.561, 447464.889], [111600.241, 447462.312], [111613.11, 447460.85], [111626.542, 447459.424], [111656.23, 447456.271], [111663.11, 447455.54], [111695.035, 447451.999], [111717.65, 447449.49], [111737.12, 447447.26], [111761.83, 447444.43], [111790.985, 447441.121], [111791.015, 447441.118], [111816.9, 447438.18], [111845.865, 447434.923], [111859.59, 447433.38], [111899.099, 447428.756], [111902.82, 447428.32], [111926.171, 447425.679], [111950.703, 447422.904], [111953.3, 447422.61], [112002.26, 447417.06], [112003.967, 447416.873], [112004.187, 447416.849], [112056.02, 447411.17], [112082.486, 447408.425], [112097.77, 447406.84], [112132.83, 447403.02], [112135.854, 447402.77], [112172.22, 447399.76], [112184.455, 447398.993], [112194.06, 447398.39], [112224.215, 447396.046], [112230.47, 447395.56], [112261.11, 447394.07], [112261.479, 447394.059], [112288.43, 447393.26], [112312.723, 447392.386], [112313.568, 447392.356], [112315.11, 447392.3], [112340.97, 447391.55], [112359.808, 447391.263], [112367.85, 447391.14], [112389.15, 447391.02], [112402.82, 447390.82], [112410.314, 447391.124], [112411.21, 447391.16], [112418.795, 447391.434], [112428.51, 447391.785], [112448.79, 447392.5], [112454.311, 447392.657], [112463.25, 447392.91], [112471.15, 447393.31], [112487.31, 447393.75], [112505.31, 447394.26], [112512.551, 447394.492], [112519.04, 447394.7], [112532.23, 447395.41], [112551.76, 447396.49], [112558.203, 447396.845], [112565.91, 447397.27], [112587.36, 447398.94], [112606.05, 447400.34], [112611.874, 447401.035], [112618.04, 447401.77], [112639.81, 447403.64], [112643.514, 447404.073], [112648.36, 447404.64], [112660.23, 447405.99], [112668.332, 447406.773], [112675.02, 447407.42], [112692.15, 447409.63], [112712.14, 447412.09], [112730.92, 447414.56], [112733.294, 447414.906], [112736.34, 447415.351], [112743.94, 447416.46], [112765.31, 447419.7], [112770.843, 447420.448], [112774.33, 447420.92], [112795.45, 447424.51], [112803.719, 447425.951], [112812.95, 447427.56], [112833.64, 447431.3], [112850.58, 447434.34], [112864.63, 447437.09], [112867.314, 447437.65], [112884.47, 447441.23], [112888.984, 447442.23], [112905.18, 447445.82], [112910.314, 447446.797], [112915.64, 447447.81], [112924.88, 447449.66], [112943.94, 447453.75], [112950.774, 447455.495], [112950.962, 447455.543], [112959.02, 447457.6], [112978.29, 447462.38], [112989.557, 447465.097], [112998.36, 447467.22], [113021.83, 447473.06], [113029.534, 447475.011], [113037.15, 447476.94], [113053.9, 447481.46], [113071.32, 447486.14], [113077.426, 447487.821], [113078.84, 447488.21], [113090.15, 447491.48], [113112.71, 447498.23], [113119.829, 447500.197], [113120.548, 447500.368], [113128.32, 447502.49], [113151.6, 447509.96], [113173.57, 447516.78], [113180.034, 447519.09], [113187.06, 447521.6], [113212.07, 447529.93], [113231.83, 447536.58], [113235.788, 447537.991], [113240.36, 447539.62], [113255.87, 447545.16], [113261.026, 447547.025], [113268.45, 447549.71], [113298.84, 447561.32], [113321.595, 447569.705], [113325.815, 447571.82], [113331.4, 447574.62], [113352.34, 447582.93], [113378.88, 447593.44], [113385.424, 447596.283], [113393.68, 447599.87], [113415.32, 447609.16], [113427.19, 447614.79], [113432.405, 447617.259], [113440.2, 447620.95], [113469.86, 447634.64], [113473.932, 447636.553], [113482.97, 447640.8], [113507.092, 447652.856], [113507.3, 447652.96], [113518.568, 447658.409], [113526.45, 447662.22], [113552.03, 447675.01], [113556.064, 447677.205], [113563.33, 447681.16], [113589.87, 447695.06], [113593.552, 447697.095], [113604.2, 447702.98], [113635.49, 447720.28], [113656.1, 447731.77], [113658.602, 447733.193], [113666.35, 447737.6], [113699.15, 447757.14], [113703.309, 447759.69], [113708.95, 447763.15], [113739.05, 447781.8], [113743.477, 447784.608], [113744.533, 447785.278], [113752.75, 447790.49], [113786.656, 447812.602], [113787.48, 447813.14], [113811.09, 447828.3], [113820.194, 447834.256], [113835.38, 447844.19], [113857.14, 447858.45], [113860.734, 447860.861], [113888.25, 447879.32], [113899.732, 447886.943], [113916.22, 447897.89], [113943.15, 447915.71], [113953.384, 447922.529], [113970.39, 447933.86], [113988.633, 447945.932], [113991.822, 447948.043], [113995.426, 447950.428], [113996.94, 447951.43], [114022.49, 447968.45], [114036.19, 447977.527], [114039.18, 447979.508], [114045.22, 447983.51], [114060.001, 447993.359], [114062.046, 447994.722], [114064.104, 447996.093], [114070.31, 448000.23], [114099.745, 448019.34], [114102.511, 448021.162], [114105.033, 448022.823], [114106.716, 448023.932], [114119.337, 448032.245], [114142.699, 448047.633], [114146.281, 448049.992], [114151.138, 448053.191], [114151.382, 448053.352], [114158.24, 448057.87], [114205.62, 448089.25], [114207.295, 448090.366], [114209.411, 448091.776], [114211.262, 448093.009], [114239.236, 448111.652], [114269.74, 448131.981], [114272.699, 448133.953], [114274.78, 448135.34], [114310.638, 448159.06], [114352.304, 448186.623], [114360.1, 448191.78], [114370.923, 448198.997], [114386.42, 448209.332], [114395.755, 448215.558], [114435.36, 448241.97], [114456.799, 448256.205], [114499.94, 448284.85], [114508.211, 448290.353], [114543.26, 448313.673], [114580.336, 448338.341], [114580.98, 448338.77], [114574.99, 448356.03], [114580.602, 448359.77], [114586.706, 448363.838], [114587.22, 448364.18], [114591.225, 448366.849], [114596.176, 448370.149], [114606.718, 448377.175], [114609.674, 448379.145], [114610.524, 448379.711], [114615.04, 448382.721], [114618.91, 448385.3], [114620.756, 448386.543], [114628.98, 448392.08], [114635.25, 448375.04], [114643.863, 448380.77], [114644.388, 448381.119], [114667.251, 448396.33], [114678.75, 448403.98], [114704.948, 448421.503], [114725.83, 448435.47], [114741.692, 448445.963], [114775.086, 448468.152], [114777.714, 448469.898], [114779.951, 448471.376], [114814.33, 448494.09], [114819.489, 448497.523], [114855.335, 448521.375], [114886.83, 448542.32], [114889.481, 448544.054], [114916.368, 448561.638], [114917.93, 448562.66], [114920.22, 448556.4], [114921.761, 448555.214], [114922.179, 448554.892], [114923.004, 448554.258], [114917.635, 448569.087], [114913.541, 448580.396], [114924.22, 448587.398], [114933.42, 448593.43], [114937.3, 448582.757], [114939.24, 448577.42], [114950.723, 448584.976], [114954.468, 448587.44], [114968.505, 448596.676], [114970.38, 448597.91], [114969.627, 448599.981], [114968.622, 448602.744], [114965.147, 448612.297], [114964.4, 448614.35], [114978.825, 448623.815], [114982.17, 448626.01], [114985.09, 448621.75], [115034.08, 448654.24], [115033.713, 448655.431], [115032.74, 448658.59], [115042.951, 448665.403], [115045.33, 448666.99], [115048.153, 448668.872], [115051.583, 448671.16], [115052.291, 448671.632], [115052.582, 448671.826], [115060.88, 448677.36], [115062.13, 448678.193], [115063.06, 448678.813], [115066.283, 448680.962], [115067.409, 448681.712], [115079.582, 448689.846], [115079.625, 448689.874], [115082.925, 448692.052], [115083.396, 448692.366], [115083.484, 448692.425], [115084.625, 448693.171], [115103.004, 448705.199], [115108.03, 448689.404], [115114.919, 448693.972], [115117.467, 448695.661], [115128.79, 448703.17], [115171.13, 448731.3], [115219.636, 448763.351], [115234.83, 448773.39], [115242.946, 448778.775], [115243.095, 448778.874], [115275.57, 448800.42], [115289.497, 448809.65], [115289.871, 448809.898], [115311.507, 448824.237], [115312.16, 448824.67], [115333.818, 448839.058], [115353.78, 448852.32], [115371.876, 448864.322], [115381.697, 448870.836], [115381.68, 448870.912], [115380.231, 448877.522], [115377.257, 448891.084], [115376.602, 448894.069], [115367.947, 448933.544], [115367.829, 448934.083], [115363.578, 448953.471], [115363.441, 448954.095], [115363.023, 448956.004], [115362.564, 448958.101], [115361.438, 448963.236], [115361.428, 448963.282], [115361.188, 448964.374], [115360.577, 448967.159], [115360.479, 448967.606], [115359.833, 448970.553], [115359.793, 448970.734], [115359.757, 448970.899], [115359.192, 448973.562], [115353.586, 449000.0], [115351.724, 449008.783], [115342.468, 449050.379], [115320.035, 449121.66], [115293.314, 449206.562], [115273.985, 449267.978], [115254.122, 449331.089], [115246.255, 449356.086], [115235.052, 449391.682], [115230.989, 449404.591], [115215.363, 449454.242], [115203.078, 449493.275], [115189.761, 449535.015], [115178.702, 449563.064], [115165.782, 449584.948]]]]}}]}